adv_id,n,d,noise,seed,method,trim,B,stat_obs,cv_0.01,cv_0.02,cv_0.03,cv_0.04,cv_0.05,cv_0.06,cv_0.07,cv_0.08,cv_0.09,cv_0.10,cv_0.11,cv_0.12,cv_0.13,cv_0.14,cv_0.15,cv_0.16,cv_0.17,cv_0.18,cv_0.19,cv_0.20
B4_heavy_curvature,5000,2,t3,900000,k1,0.05,99,0.006748584474377095,0.012827089903822642,0.012470172823538128,0.012402388089005845,0.012358824662311307,0.0119995978947125,0.01153376095269365,0.011331040968799666,0.011282014830736653,0.011112335596131229,0.011062184881222903,0.010815136836866301,0.010520138945350532,0.010267017670681056,0.010077763402449036,0.009892186572377226,0.009798193142887435,0.009528353979907478,0.009430191389387721,0.009363830578171917,0.009243538146534003
B4_heavy_curvature,5000,2,t3,900000,k2,0.05,99,0.06056948874457641,0.23190057599648747,0.195222776369355,0.19286921628666948,0.1819089114709625,0.18010017226125713,0.17857968523003806,0.17266919356383298,0.1587495220915436,0.15556384630421238,0.15554421400468044,0.15165813178258636,0.15095486799918206,0.14967516060999547,0.14441186701705355,0.14321858049880767,0.1415706861218172,0.135531838667407,0.13379075820773983,0.13351581640449964,0.1331223523131591
B4_heavy_curvature,5000,2,t3,900000,hsic,0.0,99,0.0010216747163707273,0.007192916150749403,0.004486410001873809,0.004451609209683342,0.004356416639204435,0.004303528561533345,0.004235356358444209,0.003893006802347173,0.003847216955779838,0.0034775758734080426,0.0033686466091433255,0.0032994377335484786,0.0032734134849678634,0.0032561838239737627,0.0031196807203831547,0.0029510360432523307,0.0028895930322353964,0.002662788675450234,0.0026562441409544884,0.0026191745901632244,0.002500563923033149
B4_heavy_curvature,5000,2,t3,900001,k1,0.05,99,0.004972210591577597,0.017449464315322682,0.0160582083183195,0.014445131721162019,0.01285137174921891,0.012778949455488853,0.012040267601662213,0.011643206337863643,0.011167536227191466,0.01096257105961529,0.010933971364210482,0.010842910348563883,0.010708067119930775,0.010339667239891215,0.010330959792890448,0.010290359002781746,0.01002734912797587,0.009876886341972257,0.009492049069043218,0.009423639609291046,0.00931506930133974
B4_heavy_curvature,5000,2,t3,900001,k2,0.05,99,0.18628675912591602,0.27177979369057076,0.23523739739476573,0.22317275621031568,0.2148226318890543,0.19743998946084543,0.18821762520680985,0.18661636501799778,0.18561685614866968,0.1847063586967149,0.18121238352108385,0.17707659508154439,0.16850676539504766,0.15986181307768324,0.15738599876020604,0.14944725888083563,0.14084323782214953,0.13820567058624122,0.136676272676984,0.13284570348206393,0.13206188317256273
B4_heavy_curvature,5000,2,t3,900001,hsic,0.0,99,0.0011762692075138479,0.006006362640918546,0.004758750047222954,0.004396489711415646,0.003983681075429913,0.0038513844392287742,0.003712920834600321,0.0036751573160456324,0.0034835644855264305,0.003473414945333497,0.0034313560543991982,0.003396974988300181,0.003361190518871235,0.0033545543465492906,0.0032866004138359314,0.0032670778585443877,0.0032659142133984395,0.0032364448562026793,0.003165867581021827,0.0029322681334699196,0.0028050073386619084
B4_heavy_curvature,5000,2,t3,900002,k1,0.05,99,0.005337012021791709,0.014473349606598185,0.014107849148507934,0.014067625430316255,0.013321298625203037,0.012892013522759926,0.012153196535749755,0.012114366804500953,0.01206226819456302,0.012033320923420243,0.011215001190319929,0.010405286265979918,0.01026592520509828,0.010235775365461164,0.009923560557274058,0.009632042900418525,0.009542037163609352,0.009316964516356108,0.009295196069234235,0.00927440996163964,0.0092161418135005
B4_heavy_curvature,5000,2,t3,900002,k2,0.05,99,0.16399757437013676,0.38300268694689027,0.2834002254162113,0.25454164740640234,0.24609433801929348,0.22308563110747207,0.21237108594501364,0.19073598060871483,0.18510488032262498,0.17904091672132016,0.175187886049656,0.17421513498899457,0.17032136086236002,0.16898528132301227,0.16825564287826134,0.16611695151464165,0.16105966238304395,0.15541314745714135,0.15166151208691386,0.1496811837923499,0.1430096725246849
B4_heavy_curvature,5000,2,t3,900002,hsic,0.0,99,0.00012095291253213784,0.0046195528987138116,0.003533728138725345,0.0032666718876042658,0.003252827148010233,0.0032132658570743346,0.003179442631260466,0.003164273891503089,0.0030194263795110215,0.0029687308871343843,0.0029190977560504257,0.002889801608331812,0.002832969232105381,0.0028307533954048834,0.0028100431292179626,0.0026658451258433436,0.0026174533238292534,0.002584998204932438,0.002568414845413364,0.0025501628016423696,0.002454551626886729
B4_heavy_curvature,5000,2,t3,900003,k1,0.05,99,0.007004326210880318,0.014312356105478097,0.013868010721687085,0.012815516155884277,0.012575793421092274,0.012538036554485044,0.012168956905489359,0.011457455554645612,0.011339868878698867,0.011064674620548054,0.010757290553865761,0.010628178974580127,0.010620225222931268,0.010478198468945155,0.01016319992500736,0.009796679732672953,0.009645345602056765,0.009447604093333895,0.009191681652365613,0.008900495734794345,0.008789805987841293
B4_heavy_curvature,5000,2,t3,900003,k2,0.05,99,0.45276320822343347,0.2926392624798993,0.20931808651907374,0.19813958179921842,0.19715928946896918,0.1919870501528287,0.18696936864565983,0.1806077625305634,0.176523021318171,0.17544210644026748,0.16685517328431426,0.16356005147922906,0.16335471671444,0.15855986256233098,0.1560973399633221,0.14263493946655664,0.14184200468161526,0.13827475653783966,0.13727047184446825,0.13645986987346564,0.13594711760351985
B4_heavy_curvature,5000,2,t3,900003,hsic,0.0,99,0.0006630074655931074,0.004900241874745808,0.004821204768027329,0.004650247672463293,0.004287214413323195,0.0035725125022188307,0.003560126554990553,0.003500623116154101,0.0034359921663700377,0.0032348901112687727,0.003224360122178858,0.0031988257115055456,0.0031577370728689234,0.0031094686516404094,0.0030827848578275814,0.002992336057354607,0.0029507349013469454,0.002948405265620319,0.002895489613805803,0.0028442249012908503,0.0028202419112234593
B4_heavy_curvature,5000,2,t3,900004,k1,0.05,99,0.009740088127045188,0.014478063811090403,0.014171201683486845,0.013547684914385738,0.012998384383098305,0.012162164140551268,0.01187685847188813,0.011865937433271467,0.011462444104730296,0.011460766889399898,0.011071970269319942,0.011048379576203082,0.010965379141340326,0.010908570867112055,0.010505020001187804,0.010167115766238632,0.009954768729086183,0.009831927971664878,0.009818357086126328,0.009748025180768227,0.009611390618948557
B4_heavy_curvature,5000,2,t3,900004,k2,0.05,99,0.1558009389920845,0.2625485514511017,0.23379747192411107,0.22723529900183345,0.19960074954916632,0.19004819503393836,0.1846743876198991,0.1805397716795307,0.17977828220880807,0.1789265802182208,0.17827563736789956,0.17823010785258303,0.1774548870656442,0.17574431084523498,0.1706704533248334,0.16728219859811025,0.1659138695503054,0.16414215044630776,0.15761725928918505,0.13945967672546,0.13563250824749679
B4_heavy_curvature,5000,2,t3,900004,hsic,0.0,99,0.000253912156372872,0.005159873987778265,0.0037534347607017316,0.00372752992755114,0.0036712288988430407,0.0035731816826997374,0.003464800257501863,0.0033635264373348796,0.0033233815695295206,0.0032052471779679516,0.003167177472673455,0.0030200789128778907,0.0030096354163185682,0.0030012065502077563,0.0028514082026598474,0.0027838771868308734,0.002616939268264497,0.0025447657228510694,0.002524930508823551,0.0025140882862529474,0.002389213856349034
B4_heavy_curvature,5000,2,t3,900005,k1,0.05,99,0.004855891552455471,0.018572128440127567,0.01678085448032718,0.01467891113132902,0.013643672937058593,0.012643789303678044,0.012641266739416901,0.011914463018162125,0.011862611230416098,0.011766567778603298,0.011666032258048742,0.01164507162906614,0.01150725521343443,0.011290631952809327,0.011114491740689347,0.011079835413894346,0.010897022699066339,0.010833209533531396,0.010655512871645123,0.010438887806067942,0.009790288457330876
B4_heavy_curvature,5000,2,t3,900005,k2,0.05,99,0.1658387202627915,0.27843458152936446,0.2667244809062783,0.20501751445759409,0.19218555807625018,0.19041237529489813,0.18912438807520326,0.18880413222140904,0.17657155670448374,0.17588919480344742,0.17544683262587532,0.17378793482749982,0.1705465700082877,0.1677111391826811,0.16544661343338438,0.1618456253561048,0.15552028974881593,0.15271043516654265,0.15262128726590987,0.14923885595350855,0.14069201728775962
B4_heavy_curvature,5000,2,t3,900005,hsic,0.0,99,0.0008779754453841898,0.005588289097692072,0.004977979011700029,0.004888942262643069,0.004840326968061105,0.0046656670601594695,0.004099562639022458,0.004043647817103855,0.003660428070282615,0.0036119628081724285,0.003569804044392509,0.0033861639452030397,0.003293264017817358,0.0032509983210434216,0.0032232795911940853,0.003133955117983858,0.003017196677107831,0.002984441511001725,0.002926186308325356,0.0028081482805323104,0.002702212511166425
B4_heavy_curvature,5000,2,t3,900006,k1,0.05,99,0.0037062968009020647,0.016654889435715137,0.01488522450802221,0.014541272375260927,0.014343947157202996,0.012393043232947432,0.01201318502187243,0.011743241175239838,0.011499666461834979,0.011456130291848554,0.011435380777583104,0.011368921758772688,0.010774369579344079,0.01069324898321622,0.01025319392248436,0.010189089897979287,0.00974960403977465,0.009609860216494681,0.009606523078938722,0.00942892071868684,0.008941076045117735
B4_heavy_curvature,5000,2,t3,900006,k2,0.05,99,0.05077283679411697,0.464029103683954,0.26031240130832867,0.256922454818224,0.2265669550419519,0.22358778653274888,0.22092896572611925,0.21944594244275858,0.2065950293156864,0.20555949236892804,0.19085343739728367,0.18622815199581702,0.17347537981822728,0.168512827548063,0.16553301038886836,0.16550241298745144,0.1653441731487843,0.16003308496625568,0.1593223078231526,0.1552117556319084,0.15361790952670593
B4_heavy_curvature,5000,2,t3,900006,hsic,0.0,99,0.0004599957663247599,0.005516880375705508,0.005487685402133308,0.004886555730523816,0.004304079780216057,0.0041582822268018274,0.00411308398088684,0.0036573455052151082,0.003617415873520855,0.0035193823337292237,0.0032024809677156946,0.0030805841755021904,0.003064004857154862,0.003035035131175385,0.0029811363278177167,0.002796183873423716,0.0027531109029504605,0.002749584136880263,0.002725392702855014,0.0026764712909415345,0.0026639093571513184
B4_heavy_curvature,5000,2,t3,900007,k1,0.05,99,0.004007701732935298,0.0131672341260759,0.01308550310572798,0.012115829331316386,0.011978651213652491,0.011454521979350707,0.011260199246352576,0.011190994382659358,0.0108938218722755,0.010653784963965851,0.010357233170830815,0.009966135252326147,0.00981670014415803,0.009816497983203831,0.00979544466907245,0.009630376333937818,0.009546126915966013,0.00945779133382385,0.009426564847167973,0.009409188026744397,0.009365050843904377
B4_heavy_curvature,5000,2,t3,900007,k2,0.05,99,0.08532180129711012,0.293237231062666,0.274255881431365,0.26946007807250794,0.26112174579837927,0.2478231985221962,0.23933761325670053,0.2380853652404084,0.2333377995400066,0.22902301717211662,0.22691741434644014,0.21336566148849911,0.2121758817127678,0.20193284608174675,0.1855360071969708,0.18515657837631216,0.1719721703817336,0.17127480750723867,0.16870455455806413,0.16647043814891582,0.16388339459984774
B4_heavy_curvature,5000,2,t3,900007,hsic,0.0,99,0.00459480613342154,0.016282235841091057,0.013903876386253095,0.011319310476615042,0.010656525451723148,0.009914428012111877,0.00978792625298256,0.00962809015712633,0.00920685709695048,0.009056311940833126,0.008875772310143968,0.008467362075070204,0.008396116096769206,0.008361612975703488,0.008323228353255075,0.00804574957911747,0.00801141021027571,0.0079371958456589,0.007866479392249258,0.007191735057072361,0.007141355184165565
B4_heavy_curvature,5000,2,t3,900008,k1,0.05,99,0.005577183991379964,0.013880986597969436,0.013873220257508256,0.013177385252714835,0.012560607679149127,0.01243730062580184,0.01229835709126803,0.012186473691282118,0.012125460993364756,0.012009404440607163,0.011459088096313352,0.01139589496615323,0.011365865750665005,0.010531911181032694,0.010502700817393573,0.010485834676850714,0.010295302996424782,0.010189325556111961,0.01016932503525092,0.009937321539507438,0.009634854131105763
B4_heavy_curvature,5000,2,t3,900008,k2,0.05,99,0.10301879687933087,0.33093666155711093,0.2929180727427613,0.25901468928727256,0.23971846976303793,0.23612121021261556,0.23079402417521808,0.20701243084075086,0.1842772646847184,0.18271654813682656,0.17999150034562703,0.17728335032251744,0.17561666184346383,0.17241189268503623,0.1672887440499363,0.1640775323159958,0.16402847443010596,0.16399930677327879,0.1638964212032942,0.1628432664938759,0.1610763267089408
B4_heavy_curvature,5000,2,t3,900008,hsic,0.0,99,0.00011249968942772046,0.006141742358506905,0.005474688806227401,0.005445498419262127,0.00528583877141242,0.004702755459538822,0.004284911531926762,0.004090044102283895,0.0036177396849765087,0.003617431694239957,0.003583584755898365,0.0034303935479478923,0.0034165496299400134,0.0033071476351391117,0.003263143343449852,0.0032166735813641033,0.0031381230501905636,0.003060109441547676,0.0030529101111268836,0.002853967515084173,0.0028375031082463697
B4_heavy_curvature,5000,2,t3,900009,k1,0.05,99,0.004836517218023806,0.017004058016359513,0.013676557654819121,0.013286804332102276,0.012957416581101389,0.012806356769986427,0.012259544884797746,0.01223238352927658,0.011662146887369551,0.010847790400782209,0.010770146050050666,0.010650278197412377,0.010469846882116718,0.009983102936291566,0.009525145814757496,0.009269203011573302,0.00921161406998583,0.009172660141204547,0.009143440803030756,0.008992420755922104,0.008906972584791784
B4_heavy_curvature,5000,2,t3,900009,k2,0.05,99,0.10276174468801245,0.27462483281280897,0.2146456137774113,0.21144740403636642,0.19919332091494862,0.19248722035684263,0.1890513648854056,0.17306656531207848,0.17089087566019653,0.1582775703290008,0.14882208670705907,0.1472254917782861,0.14499396178765558,0.14009102347193794,0.13979640070166227,0.1386352158771283,0.1384139188268697,0.13303595072929542,0.13301511221450307,0.13265401434190832,0.12378732462368325
B4_heavy_curvature,5000,2,t3,900009,hsic,0.0,99,0.001830574403045748,0.005748795005796669,0.005473929323075831,0.005145672684559108,0.005022936978555734,0.00494376667529525,0.004349061987352404,0.004344494556222943,0.0041846350597017174,0.004139047056891027,0.004077789399390404,0.0038803353309399087,0.0038348519935547886,0.003829020708067638,0.003825382473591728,0.003617188559654559,0.0035509425095745966,0.0035435220532110245,0.003498600577368029,0.003476205815878076,0.0034452681718630984
B4_heavy_curvature,5000,2,t3,900010,k1,0.05,99,0.011839546174513882,0.01827002055369331,0.014775827433352484,0.013700123910933004,0.01359229962014985,0.013372029658348938,0.012894570925575333,0.012549988337129614,0.012326066328031016,0.011914987472890437,0.011711533020129838,0.011344559786981678,0.010918723094960892,0.01079578694603922,0.010426624736643686,0.010335287633071566,0.009941565624053794,0.009921511481207346,0.00991562567068971,0.009822218203861866,0.009799555129574422
B4_heavy_curvature,5000,2,t3,900010,k2,0.05,99,0.08973308330427278,0.24904196552160432,0.24049396678004953,0.23258920531677155,0.2294797773349583,0.21115486924114454,0.2006934414051024,0.18897163356195482,0.18764450069992775,0.185772890116562,0.18154925134780392,0.1780964860189529,0.1754159429370158,0.17531453667273414,0.17146874725011918,0.16993596519309245,0.1652041749404119,0.1616207365542433,0.16019146893739067,0.15926638666036683,0.15592780819219926
B4_heavy_curvature,5000,2,t3,900010,hsic,0.0,99,0.0008328350106315237,0.0046470605499300205,0.004326943605501958,0.004216336053374819,0.0041402611440531445,0.0038929633593962907,0.003779247545873929,0.003764000705429647,0.0036817266917571487,0.003422703343431678,0.0034051500361288404,0.0033713261339724837,0.0032138497527467408,0.0031584998271903296,0.002899275164465237,0.0028225495193867894,0.0027753835068125413,0.0027418114047243467,0.0027008918224566913,0.0026424046715332683,0.00256156659621273
B4_heavy_curvature,5000,2,t3,900011,k1,0.05,99,0.005483473551286755,0.015911125982216334,0.014804094388793154,0.013086689441250021,0.011987911433259169,0.011961452871091738,0.011841509284354679,0.011617683686964142,0.010941101992608782,0.010843047965105379,0.010744165302904007,0.01064566281416468,0.010197129709887176,0.010014667430508828,0.010013275351186013,0.00983217056476926,0.009825144480056336,0.00938787882289105,0.009366121917393389,0.009355282479065141,0.009350237917300275
B4_heavy_curvature,5000,2,t3,900011,k2,0.05,99,0.17590468037831272,0.3490772241978372,0.3436353308731299,0.3166686820768559,0.24612270360455932,0.21559961143354622,0.1987967547997553,0.19710350743397897,0.19366230279679653,0.1933762090551176,0.17612500385825502,0.17612079957479282,0.17593449846800252,0.17209728092467813,0.16695938286593998,0.1592577109255883,0.1587982449441112,0.1489050898341451,0.14877308733664255,0.14870032910426093,0.14770233794156842
B4_heavy_curvature,5000,2,t3,900011,hsic,0.0,99,0.0015547910896503677,0.005824184069176974,0.005373257174110034,0.005265432113089949,0.004811143018783379,0.0045113928677580906,0.0040485189489470625,0.004020727644231452,0.004020564348503866,0.003986950986207665,0.003942636243028824,0.003790277975329019,0.0037297326543298723,0.0036946971889854907,0.0036829646887417645,0.0036684945356854955,0.0036373138353725017,0.003621185654980239,0.0035421805437714908,0.003531879899164862,0.0034957510095339813
B4_heavy_curvature,5000,2,t3,900012,k1,0.05,99,0.005067173096727218,0.0152760672944523,0.014472732430195645,0.012941598225540751,0.012574677254850952,0.01238230855122957,0.011992768626470807,0.011774217827712374,0.011228203769453549,0.011191581110680304,0.011054130229708359,0.011004969451370306,0.01090902732455945,0.01066975988529717,0.0105269643998811,0.01003272661132315,0.010010427013874557,0.009948545342035708,0.009844319128961554,0.009785420103633258,0.009537876805869816
B4_heavy_curvature,5000,2,t3,900012,k2,0.05,99,0.10249820047138178,0.27574793867908287,0.2512720943808662,0.2212449713748619,0.21949253710443636,0.21176572740091548,0.20588199277488578,0.19308988433746374,0.19257321760598528,0.18706467353516248,0.18614730606144406,0.1820836960702221,0.17293086669646165,0.15899590474910055,0.1479126694394029,0.14456987281937034,0.14375717153719478,0.14145903771976803,0.13918035343408985,0.13886845075406087,0.13459827369541447
B4_heavy_curvature,5000,2,t3,900012,hsic,0.0,99,0.0009673789518944458,0.007921863735018634,0.007376420497721756,0.005691022486893481,0.004466406193920908,0.004402978426566067,0.0037954369217296714,0.0037381979401915587,0.00338086989167746,0.003323204334750673,0.0033214520074094983,0.0032306887773863252,0.0032298348955868634,0.0031017744311776455,0.003080848019486134,0.003067382532762279,0.003012108353187836,0.00300571936996513,0.002966946477239965,0.002763418426546543,0.002712553035394892
B4_heavy_curvature,5000,2,t3,900013,k1,0.05,99,0.008698714856730239,0.014337494775117032,0.01408096162590533,0.012739846652419673,0.011640465295028934,0.01153587994140981,0.011449918727691855,0.011105188739452987,0.011001620197672257,0.010695103756209079,0.010242765024079503,0.010109052926256079,0.010054950192108336,0.010038136850045287,0.009940018882958479,0.00990036102883285,0.00984068081717071,0.00968177956921834,0.00946216266650235,0.009311362761058928,0.00921651408628299
B4_heavy_curvature,5000,2,t3,900013,k2,0.05,99,0.20194721590586434,0.22743620002987197,0.21875111177817724,0.20356551390156397,0.19602596691363205,0.17995499728400952,0.17903749180572662,0.17844509010420892,0.17659675636915426,0.1719558102259263,0.17005102679879439,0.16690706164883282,0.16671829792179663,0.16447238010287188,0.1588915811203908,0.15698585175020724,0.15666230022544747,0.1549569852512451,0.15460000108305122,0.14991055677908513,0.14844206598316004
B4_heavy_curvature,5000,2,t3,900013,hsic,0.0,99,0.0003460249243094131,0.006869877619290805,0.006710652082782273,0.006120906841870091,0.005728452025643959,0.005612028186038473,0.005506117511085078,0.005115844879902252,0.004977668177850069,0.004912082046816137,0.004713135948113265,0.004606577836053484,0.004530697727215461,0.004515854685713559,0.004225575778575824,0.004178116852942545,0.0037987857877663273,0.0037731960067362365,0.0037517747327183272,0.0036439291019350326,0.0035918253561747376
B4_heavy_curvature,5000,2,t3,900014,k1,0.05,99,0.0042045485518361625,0.014077508181749576,0.013466375087291649,0.012975887990607782,0.012586618618099399,0.011827477635017125,0.011565508210249154,0.01140525437900819,0.01127365266801339,0.0111430434665587,0.01111149574308301,0.01080228593833843,0.01067270656322361,0.010573434852784502,0.010464033427108443,0.010090283100891662,0.009908851509998096,0.009852052930684807,0.009538128386375133,0.009412674346729322,0.009373010505104862
B4_heavy_curvature,5000,2,t3,900014,k2,0.05,99,0.062418685832762076,0.3261759645478206,0.29252366831804044,0.2773159211607175,0.2536706899986541,0.24789717698133798,0.20339657755715823,0.2018378795160469,0.1882510378560233,0.18815278042283068,0.18515196303268427,0.17450472223030367,0.17202355351869233,0.1717025206915257,0.16584141813378706,0.16440851871908446,0.16371137608075007,0.160268652309212,0.1592118685061685,0.15889922806637335,0.15546458315494108
B4_heavy_curvature,5000,2,t3,900014,hsic,0.0,99,0.0014218332177804527,0.004897953427113707,0.00395237946644381,0.003939786112920545,0.003930919580231131,0.0038395609350158205,0.0038152953748034667,0.0037119592512017134,0.003704350770173965,0.003695639961853785,0.003571246194223687,0.0035547831819241504,0.0035264424670314208,0.003494751415904541,0.003387920802793785,0.003344116736677936,0.003250378992496573,0.0032407701259278597,0.0032407316548676277,0.0032305186445990464,0.003164248413669143
B4_heavy_curvature,5000,2,t3,900015,k1,0.05,99,0.00333987975095007,0.013187793626020405,0.013009430004848443,0.012715236886974846,0.012607013052602256,0.012555347876546441,0.012220136869816711,0.011900912147693177,0.01186743930914258,0.011490785579460039,0.011184082915885796,0.011043147396815778,0.011009278707790893,0.010672567163634183,0.010197450261115404,0.010168047323296125,0.010084754139070062,0.010007235821405835,0.00973276645235821,0.009673999881603557,0.009633909500771365
B4_heavy_curvature,5000,2,t3,900015,k2,0.05,99,0.10021278588769134,0.3267421578686486,0.2680230501925479,0.23089793878885814,0.2254182830189998,0.2075215076686359,0.1961471020220675,0.1809236469980011,0.1777744194859865,0.17455160136121833,0.16937826051242494,0.1636057885605378,0.1612088653380347,0.16009023219031848,0.15918523644479893,0.15657772145877694,0.1534726301761667,0.14991673821061952,0.1498644016201251,0.14188991608857696,0.13861348651313948
B4_heavy_curvature,5000,2,t3,900015,hsic,0.0,99,0.0011531265734823386,0.006439376759322374,0.004945543404652752,0.004417069143272716,0.004391929856087768,0.0042924484399403575,0.0041291770091968815,0.003963100088873128,0.0038652909945389715,0.003638518017119302,0.0036350897534926014,0.0036260313600869074,0.003474175776994528,0.0034216808381077038,0.0033014112596063,0.0032800090780870975,0.003256200614949318,0.003198351988106327,0.0030974661602656255,0.003090606026150943,0.002972300797974227
B4_heavy_curvature,5000,2,t3,900016,k1,0.05,99,0.007644830043070372,0.0157352048103504,0.012475720141025715,0.01236050185465054,0.012249559502196528,0.011779857926413118,0.011351953607805387,0.0111688973538554,0.010694035041470817,0.010651764688161314,0.010601371602731113,0.010587446520949229,0.010532507512928335,0.010529488856844904,0.010225509193059867,0.010163717720641063,0.009904650619725675,0.00989000860640632,0.009811734333597166,0.009743745698898354,0.0094079090924859
B4_heavy_curvature,5000,2,t3,900016,k2,0.05,99,0.10508788192178149,0.26768433257143553,0.2515709309381631,0.23077895242219015,0.2302269011022899,0.20770589807324735,0.20388779058085793,0.197154563764648,0.18998721522648296,0.1862042356551471,0.1782192894932281,0.17093539507656821,0.1627096769053685,0.1624232172793341,0.1604094054706589,0.1584959778317054,0.14922025217378487,0.14418240031247426,0.14278950945223248,0.14210874533658885,0.1410926025197019
B4_heavy_curvature,5000,2,t3,900016,hsic,0.0,99,0.0028498693620022417,0.007697830448817487,0.006462136464472832,0.006380439757940401,0.006270701531986784,0.006252335694575272,0.006221459275880892,0.006099969758381609,0.005840918649726152,0.005221127997503736,0.005057584048200499,0.004659403648584756,0.004424603120661176,0.004397695039513874,0.00433495647049083,0.004252364549881253,0.00420737359591124,0.004169642806057881,0.004108587324063463,0.004045177526481765,0.003981471278534568
B4_heavy_curvature,5000,2,t3,900017,k1,0.05,99,0.004750134114495097,0.015469661660155953,0.015163101119554878,0.0149636328837629,0.014556810550508503,0.012696441315106943,0.01246623643592426,0.011504384467623585,0.010640545364343335,0.010030276704066643,0.00979681460670001,0.009720416698300371,0.009672666391439821,0.009608525985663086,0.009539108161188303,0.009477037029404722,0.00934299434132635,0.009276510390919257,0.009198321744231852,0.009157274441346841,0.009149585235441848
B4_heavy_curvature,5000,2,t3,900017,k2,0.05,99,0.06582324930316125,0.2397472716573581,0.2380007245755692,0.22966634407194284,0.22898854823951234,0.21208611679713363,0.20841244724376265,0.19308631878241544,0.1883311944492175,0.1798940355178941,0.16206136655364378,0.16125209215937175,0.15760681317978653,0.1566235230417008,0.15445343702397216,0.15199345545739532,0.15096463143887465,0.15070195963144245,0.1477807299367481,0.14436244749822247,0.14116288934395416
B4_heavy_curvature,5000,2,t3,900017,hsic,0.0,99,0.001532427625325979,0.007754496683055887,0.00699938577502775,0.006368586823331661,0.0058946974526223545,0.005675718205258697,0.005397750171587129,0.005190882932658993,0.005168372558798727,0.005080475576273478,0.004816081269508396,0.004684556174159913,0.004341333147646475,0.003980163899989863,0.0035544808916352436,0.0035245103595372136,0.0035164725827198182,0.003460730674620662,0.003389160596519565,0.0033686387954768604,0.003330028033036599
B4_heavy_curvature,5000,2,t3,900018,k1,0.05,99,0.007242899237008382,0.01359605747772652,0.01352433606669845,0.010902037886367677,0.010741363857409425,0.010213112181352235,0.010101286903589357,0.009833579430962636,0.009697541244331087,0.00959339804794146,0.009150343319428322,0.009142320643910629,0.008959545435653027,0.008894051076527298,0.008815310086495387,0.008445229480620209,0.00842095473158222,0.008383289409667483,0.008374903884559637,0.00835003304227988,0.008176528917917203
B4_heavy_curvature,5000,2,t3,900018,k2,0.05,99,0.14237862712877103,0.2576625842068162,0.24083834153814557,0.20852141698326315,0.19280121430173994,0.18642002986445275,0.1829876538626869,0.17624953982941471,0.1730190304885602,0.16656821801662675,0.16220243837850506,0.16009922758897072,0.15897702510201647,0.15511217029455213,0.14983935890642133,0.14813127536652151,0.14783978086438135,0.14546142239511456,0.1449583368030107,0.14450894414464996,0.13807833772020914
B4_heavy_curvature,5000,2,t3,900018,hsic,0.0,99,0.0018298696318882759,0.007892553541573187,0.007875313073338113,0.006414071457541604,0.006336381896883064,0.006176107579090914,0.005979422929402938,0.005938044827739377,0.005918496749150023,0.00566017004771372,0.0052329989655381295,0.005220761978702299,0.005125684044624242,0.004626636391421827,0.004499028656037515,0.004463491086012944,0.004402480740218172,0.004370269308745619,0.004349833568043148,0.004215114625358049,0.004146217870338908
B4_heavy_curvature,5000,2,t3,900019,k1,0.05,99,0.005105148064489695,0.01469453654679298,0.01430597797833788,0.013314201776191914,0.013023659046983771,0.012846634491763265,0.012609331915582223,0.011668684626697234,0.011631882203848254,0.011465573740662927,0.011431176601375048,0.011046874155727138,0.010749913959448576,0.010629802165594948,0.01047993219296195,0.010454777225272105,0.01021074249038445,0.010175171147662532,0.01009416709775346,0.010083324976771113,0.009613745775948312
B4_heavy_curvature,5000,2,t3,900019,k2,0.05,99,0.21390339719763668,0.26396966595470034,0.24151084460266384,0.22143952035877731,0.2085078199302594,0.20392873306727144,0.20255921631325144,0.20219522379442917,0.19988139967149782,0.19477807397400188,0.18693996204413119,0.18605379484869963,0.18403711738350978,0.17953422006521308,0.1745008605449734,0.16210040524134772,0.15550848989140142,0.1479955205145112,0.14631702382863174,0.14623580185211132,0.14273253382255194
B4_heavy_curvature,5000,2,t3,900019,hsic,0.0,99,0.001662477774352174,0.00935896773060494,0.006994630193720266,0.0069343034849442195,0.006708167794899589,0.0064673586058582675,0.005757902548814478,0.005716727246578236,0.005516245559116241,0.005461747685890812,0.005227469841656802,0.004976298474097743,0.004810692423712867,0.0047851672134818545,0.004740626062893346,0.0046699395786456745,0.004482403091678147,0.004375667407471202,0.004279307222767321,0.00419432967801546,0.004038267633117748
B4_heavy_curvature,5000,2,t3,900020,k1,0.05,99,0.007197666342524611,0.015599641823548671,0.014707265452240992,0.01282828587866458,0.012791681026348534,0.012642244899730648,0.01122110540270227,0.010943448577461878,0.010635833951498808,0.010256708840142958,0.010019975807664894,0.00995190581674199,0.009924347246909049,0.009912417361329195,0.009901925438869918,0.009763625037234935,0.009602068250203155,0.009519932030710554,0.009046323609633533,0.008982296414275837,0.008806294393783443
B4_heavy_curvature,5000,2,t3,900020,k2,0.05,99,0.0795819177664802,0.2641368332485991,0.1963380756497722,0.18512137547474408,0.17641312272257606,0.17169491800383913,0.16977861144319895,0.16839105636910742,0.16516285076619724,0.16439789173425928,0.16263896376390427,0.15834965366842202,0.14755337794592538,0.14719954523354736,0.14403018477254861,0.1412360920981683,0.1378550279996501,0.13093704932509678,0.13017066390912113,0.12829282363037167,0.1256190067786549
B4_heavy_curvature,5000,2,t3,900020,hsic,0.0,99,0.00086365426503769,0.006411112225801535,0.004582078397866336,0.004400707192547256,0.004224971225013076,0.004097322351574715,0.003933743706144361,0.0034707405593624534,0.0034460341299822586,0.0033700908276145655,0.003299408075556914,0.003255467701678229,0.0032113589498449953,0.003178133825542803,0.0031359326634031403,0.003123672209272725,0.0030084449074356165,0.002868139703331484,0.002764065302374583,0.0027368981697039694,0.002730301134592857
B4_heavy_curvature,5000,2,t3,900021,k1,0.05,99,0.007979968075452648,0.014465527274483247,0.013608034272888703,0.013330755291637408,0.013063206420583895,0.012819397478702865,0.012767391269683293,0.012677394963656052,0.012650715750909702,0.012581721404975599,0.012207033392720779,0.011376424980119704,0.0113287216481468,0.011285732210844945,0.011132028386318105,0.010978853509179709,0.010843821329890035,0.010639546274199718,0.01050825537249045,0.010318874981106063,0.010244504009376487
B4_heavy_curvature,5000,2,t3,900021,k2,0.05,99,0.35144374689679975,0.30494379377265407,0.3034881676021257,0.23209648680789444,0.2247587946706168,0.21711877841210878,0.21631217043048592,0.21481871667859911,0.20775907310223413,0.20164358716508266,0.18623298032382712,0.17076984255039157,0.16641718604956504,0.15820463142746916,0.1536813038018397,0.15313970439634395,0.147017931631199,0.13858821891100717,0.1355917767315917,0.13281796719546085,0.13145440995999436
B4_heavy_curvature,5000,2,t3,900021,hsic,0.0,99,0.00047708071556805474,0.0064203571852089894,0.0051559824161458686,0.004988432171329977,0.0046475876416948725,0.0044288749609567414,0.004313882886736492,0.004232236389798843,0.003981785162252076,0.003500284156859013,0.003356814508680577,0.0033156175460900676,0.0033132863155445973,0.0032879624777512363,0.0032357115525648537,0.00319565493722108,0.003145562467198744,0.003100722919274147,0.00304075670865428,0.0028103362641508406,0.002801460886178671
B4_heavy_curvature,5000,2,t3,900022,k1,0.05,99,0.008397337833898177,0.01666044553707635,0.013429665807591529,0.012891305560599253,0.011563326972538368,0.011404911606087031,0.011354788456853893,0.011315672872919347,0.010913313090099686,0.010820603655423033,0.010786207725207664,0.010641638038929147,0.010550921951812842,0.01045374900361562,0.010079634531119042,0.009934142960211112,0.009574423352425754,0.009552519642732404,0.009504171867295907,0.009489179162022632,0.00938308705159907
B4_heavy_curvature,5000,2,t3,900022,k2,0.05,99,0.1835951742192283,0.20576351661953518,0.1988021506510866,0.19643148411876749,0.19633504880115435,0.19181402474628848,0.18039145905045476,0.17932191531710162,0.17464740577434631,0.1745842364487084,0.16510084836676334,0.16322442523459915,0.16189863199201268,0.16022974572443993,0.15935450890717126,0.15679885590181888,0.1556401443398085,0.14911021872240116,0.14495892885336892,0.1420611185425114,0.14117009252928223
B4_heavy_curvature,5000,2,t3,900022,hsic,0.0,99,0.0028421382941125942,0.007141989524753095,0.007003746333859905,0.00676493137559846,0.006443811565214184,0.006303709871183314,0.006046499916032855,0.006010515444110178,0.0059949126496793995,0.005878226945564257,0.005817904578981591,0.005758758444812862,0.005300216033987729,0.005206892514884552,0.0051546092513918805,0.005067561468310517,0.004949610024097933,0.0048613956505294065,0.0048565622545214,0.004796093979387479,0.004680966989952717
B4_heavy_curvature,5000,2,t3,900023,k1,0.05,99,0.003927564974046116,0.011901658495648726,0.011785259408285453,0.011664099723141086,0.011489373314546025,0.011247763617917794,0.010540472519131816,0.01041767423496931,0.01028330633929253,0.010238089394304706,0.010085183258022656,0.009761593332078156,0.00956706413552355,0.009526860652526059,0.00932953912681278,0.00915071478579954,0.009099305908665145,0.008939804700951792,0.008883068158071161,0.008788213385101051,0.008687101622775861
B4_heavy_curvature,5000,2,t3,900023,k2,0.05,99,0.12119528196921428,0.22815104781750795,0.2278564200225076,0.22530393265022425,0.21258192778456275,0.2022065879030585,0.1981119107499015,0.19510039006468619,0.16442780645821548,0.16415434758929562,0.16142911579630467,0.1567807547344275,0.15320528597931424,0.15069994562692218,0.1478277766321067,0.14741099335632474,0.14698646085730468,0.14646273669097123,0.14547786915068356,0.1419639972574087,0.14048440797179398
B4_heavy_curvature,5000,2,t3,900023,hsic,0.0,99,0.001070409259175458,0.004184122660179615,0.0040085144696439525,0.003909983530994925,0.003905620389938642,0.0038510561852427563,0.0038140926099624094,0.003531676201065187,0.00305322151360175,0.002742831880809144,0.0027344741230242034,0.002716736394000255,0.0026563658409558813,0.002654608102304615,0.002647975330169373,0.0026330509504271836,0.002614849889415942,0.002469277469455998,0.00242612992479478,0.0024084071594757486,0.002333658856379549
B4_heavy_curvature,5000,2,t3,900024,k1,0.05,99,0.005812349962925012,0.01311846229053748,0.012441299497427338,0.011919813176099248,0.011644816312063266,0.011374898126139676,0.010864650792613673,0.010732132927628757,0.010597367821311154,0.010336222305230236,0.010220077852887144,0.010195213989862228,0.010119744002751063,0.010059298264287198,0.010013836090204564,0.009646538366154922,0.009580189621183899,0.009304148225572795,0.009209451389093792,0.009199356007572601,0.009137426594511333
B4_heavy_curvature,5000,2,t3,900024,k2,0.05,99,0.2798647736767131,0.2695720086556765,0.21761496713031234,0.21506836687686348,0.2124944465060071,0.19228981440490095,0.17301908292378865,0.17013108341133026,0.16942672012186172,0.1642071097802515,0.16106732875814384,0.15660373643220868,0.15112227729677863,0.14576824135153973,0.1452110186561535,0.14309496808072755,0.1409192285729876,0.14088314786801098,0.14034175728054413,0.13724089531498435,0.13375320548815348
B4_heavy_curvature,5000,2,t3,900024,hsic,0.0,99,0.0010697150841542417,0.007545487628809761,0.007173817339914781,0.007150013618682249,0.006989243568366515,0.006032121653694863,0.005814168400449356,0.005662213367990289,0.005655396213445108,0.005341511522607597,0.004959229055961255,0.00469697557688409,0.004670531639929635,0.004219494121562395,0.004118879475908143,0.004059331814495812,0.003875740107667606,0.0037229663389752162,0.0036924716960434934,0.003683145781695376,0.003625450246146766
B4_heavy_curvature,5000,2,t3,900025,k1,0.05,99,0.010931610664373648,0.0150344020309926,0.014170970632403579,0.014159202477809663,0.013738991324769745,0.013408315313281127,0.012383117843418723,0.01204871216488812,0.011848536519525221,0.011446081987890766,0.011348978840053703,0.011138650832625663,0.011113339813036194,0.010833368392332399,0.010678593163124361,0.010623644512866792,0.010027980604092823,0.009960007607438204,0.009945328066978676,0.00950037468538989,0.009341328478015054
B4_heavy_curvature,5000,2,t3,900025,k2,0.05,99,0.1403935991273805,0.2561153495304703,0.25427438281686937,0.23946257419260003,0.21818913228186518,0.214852082288598,0.19234695726412673,0.17668523031209815,0.1762600446514404,0.1729447094328191,0.16697267337745408,0.16662303299097384,0.16415599213326526,0.16290659527115953,0.15850452723351716,0.15720990287210646,0.1567483634172949,0.1558286386469988,0.152766977053413,0.1483676870022675,0.1467534056138704
B4_heavy_curvature,5000,2,t3,900025,hsic,0.0,99,0.0011651562083990115,0.0058476314594699845,0.005576166114787578,0.005463653823312404,0.004460593155746122,0.00421872140547939,0.004195281749298159,0.004148909484781411,0.0040976344759503566,0.0038985676970985407,0.003796955841560596,0.003752705442073892,0.003654588117364266,0.003481206131779318,0.003332027146693471,0.0033225862541175744,0.003311331761151304,0.0032191178549482793,0.003173692219335873,0.0031669031874770426,0.003145244274782935
B4_heavy_curvature,5000,2,t3,900026,k1,0.05,99,0.007955150523121235,0.015605460541789129,0.014703311770649097,0.013949237653184676,0.013445059113145974,0.011631306616177617,0.011172806507905975,0.011022299264883517,0.01070676103698942,0.01048743319528933,0.010182133834006235,0.010152495073408208,0.010110144004786936,0.01003054596041919,0.009986324998577878,0.009619248797254065,0.009412110540152896,0.009297223341851457,0.00929609094589079,0.008980866688717781,0.008896236956822401
B4_heavy_curvature,5000,2,t3,900026,k2,0.05,99,0.11880735408480259,0.25104347269021093,0.2327395901927086,0.21634834651172524,0.2112261160813928,0.21005956028973044,0.20272782157732103,0.18606297214213452,0.18571696977763133,0.18435467401218877,0.18392747024676728,0.1737788569352862,0.17136212575792611,0.1696944429875211,0.16878775713004915,0.16701609289416336,0.16282523797542978,0.16101167272480077,0.15897843455244814,0.15807453347622305,0.15664368781094207
B4_heavy_curvature,5000,2,t3,900026,hsic,0.0,99,0.004371007326672239,0.011614876595815263,0.010129745460723837,0.009274538985245518,0.008965048702502297,0.008670562700839546,0.008411865013138325,0.008306385427929573,0.008116853901335697,0.007715595784185222,0.007231059025197926,0.007053397117721858,0.007000609580106444,0.006886954965753108,0.0066892696322552216,0.006627428572696497,0.006450666551612157,0.006432827654663596,0.006351798564418159,0.006289735957411211,0.006236611347030382
B4_heavy_curvature,5000,2,t3,900027,k1,0.05,99,0.007753609740677736,0.013433643775918491,0.012677993230056805,0.012375249264759969,0.011641259247291647,0.011497288290394647,0.011346228166455252,0.011335684924476563,0.0112114953499316,0.010922025839147809,0.010683362945672403,0.010384489669485353,0.01037599384342236,0.010267740084054844,0.010089897824843708,0.010088867380512734,0.009985053519275477,0.00984636124150795,0.009818418952586061,0.009757997995555656,0.00966178169299281
B4_heavy_curvature,5000,2,t3,900027,k2,0.05,99,0.07393454772845466,0.21865929183894103,0.20924677088381574,0.19411201792237315,0.1832652548367156,0.18194580031757646,0.17828309217213362,0.17617988817503608,0.16555083292602235,0.1633121595711194,0.15790609022700616,0.15356374332643116,0.14708750313357746,0.14675082452982124,0.14321754212207674,0.1406161298582442,0.14036280266384907,0.13973304221448363,0.13818270641078964,0.13785140106760374,0.1378232236456686
B4_heavy_curvature,5000,2,t3,900027,hsic,0.0,99,0.0030995468575673556,0.010797839023726018,0.009163428280746382,0.008267111295329888,0.008241006722326452,0.007122295497079855,0.0070683927085163035,0.007024781566599287,0.006636602650279564,0.006537063831462686,0.0064542438576044876,0.0063054426136834475,0.006291225694559084,0.006043033802551335,0.005837407151929408,0.0057213871189221105,0.00559911583947487,0.0055469498592514415,0.005505925551879856,0.005425208671499273,0.005342020842554326
B4_heavy_curvature,5000,2,t3,900028,k1,0.05,99,0.0057171703564337095,0.015118137213238292,0.014657957777744812,0.014650281078144922,0.014587210264399242,0.013072119170421836,0.012703457319535705,0.012342898020243909,0.012224829552715422,0.010637282825244898,0.010324815523866326,0.009861479338606927,0.009633458509646586,0.009529173243123523,0.009490878016156112,0.009419792226989854,0.009365091433245487,0.009274347565014662,0.009063347549448042,0.009032278149168294,0.009028730973965615
B4_heavy_curvature,5000,2,t3,900028,k2,0.05,99,0.091336434485113,0.2770235941088807,0.274625140600193,0.23171384290550814,0.2314021863157693,0.21121116829540118,0.2036920897953639,0.19456982222016778,0.18810538935505622,0.18437139429707203,0.18368177436994204,0.17362309108000545,0.17276468227330583,0.16941917426642708,0.1662243111231055,0.16060539821440323,0.1574530078965178,0.14904094737586449,0.1467675662961559,0.14117195084109024,0.13420901262174567
B4_heavy_curvature,5000,2,t3,900028,hsic,0.0,99,0.002596081306738434,0.008238021902049612,0.00634080532442083,0.0061540625511781275,0.005984347310772329,0.00576597205287183,0.00546120007446734,0.005178756886397343,0.0051142533852040675,0.005103381853038954,0.004858299831965116,0.004192217279853499,0.004156158149049797,0.0041388654582600335,0.004086944721894446,0.004068954379565177,0.0040688285791083455,0.0040385386401556546,0.004026420668055425,0.0037878520460859376,0.003737516515656403
B4_heavy_curvature,5000,2,t3,900029,k1,0.05,99,0.006234134510667011,0.012565921021358784,0.012472338648545134,0.011718888378023928,0.011095425868368647,0.010994493587719867,0.010850525769519836,0.010535177442651089,0.010500698449373957,0.010490847063305608,0.010426851749775423,0.010324731474961601,0.010312578656171856,0.010118400367464142,0.010066714397934273,0.009931398883754716,0.009884809758982649,0.009837282328617913,0.009807259820650227,0.009766340040026411,0.009693906593936208
B4_heavy_curvature,5000,2,t3,900029,k2,0.05,99,0.05582196609672623,0.2497680157545354,0.24778186031688973,0.20814257460902738,0.19603907625844408,0.19420803265085443,0.191761314498969,0.19144572301676105,0.18818368729476107,0.17874518772006587,0.15991113624791334,0.15483985104594256,0.15482452964026744,0.15398443733942374,0.15204741537767813,0.15055473201642314,0.14836162633699373,0.14772334885097552,0.146364829823882,0.14282547560637637,0.14145241822336208
B4_heavy_curvature,5000,2,t3,900029,hsic,0.0,99,0.000860916455455974,0.006110216024629695,0.005923122345161644,0.004906242315744496,0.004874151885591137,0.004821613022269352,0.00470641217480936,0.004421915857060142,0.004217998559587566,0.003995872473145293,0.003941642406623085,0.0036514321824973636,0.0036152137750435583,0.003614781737179357,0.0036075272157186206,0.003562350232824928,0.003528914013009454,0.0034470859360652122,0.0033267739753438407,0.003313530597684293,0.0033115608992384735
B4_heavy_curvature,5000,2,t3,900030,k1,0.05,99,0.007182976589643841,0.014410879930731313,0.013523305927892748,0.013512457830653357,0.013321686235149288,0.012732500211857345,0.01196845091370402,0.011798969976797191,0.01152322769089742,0.01134352809454131,0.010522764131477791,0.010066536447989272,0.009813573704191114,0.009761166444075431,0.009720194435822394,0.009666577042814262,0.00956136244396022,0.009488560473622898,0.00938338753968937,0.009312676728490343,0.009292301485314458
B4_heavy_curvature,5000,2,t3,900030,k2,0.05,99,0.2593458819172886,0.3242017314204598,0.27698090077262005,0.27084765636777347,0.2277666269261255,0.2114348003189231,0.19972617402571527,0.1976824656313628,0.19040808240537088,0.1826109405317502,0.18192549074206807,0.1784244396849988,0.1733076368125385,0.17320982219593356,0.16836592846024068,0.1644397183012099,0.1621141776535336,0.16054209067213965,0.15994411079739113,0.15954328042245633,0.15802910958953165
B4_heavy_curvature,5000,2,t3,900030,hsic,0.0,99,0.00041813770366406453,0.006562617242668635,0.004189378094644158,0.00395337642413528,0.003886244700268414,0.0036580037452394643,0.0034525005278666513,0.0033102539970764153,0.00328729599724847,0.0032076350985168665,0.0032032310834678285,0.0030191825806414243,0.002997155149400945,0.0029791593826182998,0.0029610934410399573,0.0029176101505739406,0.002877453399514979,0.002831561982356981,0.002785607697651589,0.002784649879956369,0.002766517124593322
B4_heavy_curvature,5000,2,t3,900031,k1,0.05,99,0.00277716886841739,0.015191776346494823,0.013678949944688434,0.012749730134835713,0.012265069073616353,0.012196408049235052,0.011967972077601141,0.011684480014011123,0.011560605241853095,0.011559256052191214,0.01149148080933815,0.011029837034063128,0.01097549469224779,0.01060290737825198,0.010557749499408908,0.01020928727667647,0.01015332923108303,0.010100851555026491,0.0098687793111919,0.009613834166548929,0.009573380078265026
B4_heavy_curvature,5000,2,t3,900031,k2,0.05,99,0.09358281267446844,0.2754336423109655,0.2621063071521869,0.21375496238506872,0.19409915170492903,0.184787428872851,0.183930159197817,0.1784494601937111,0.17825727273190384,0.1774590969742867,0.1730440533974102,0.1726307187214832,0.1695577267044155,0.16636023242712725,0.16321953199602057,0.16144227295935054,0.16125273390131942,0.15380435637019835,0.15115462599270593,0.15079499014174372,0.14990359768086425
B4_heavy_curvature,5000,2,t3,900031,hsic,0.0,99,0.0029330482965287843,0.010195447255228998,0.009309294765647846,0.007210426399722365,0.006752433346081157,0.006258829012527436,0.006115219876688833,0.006011148956578468,0.0059202260155577805,0.005918876886176143,0.005860860949653074,0.0056367586496626826,0.005575191965399085,0.005542453419707203,0.005351371842807406,0.005333622337438984,0.005188243069931289,0.00518187076505788,0.005162227892081352,0.005072431741592311,0.005011646179831111
B4_heavy_curvature,5000,2,t3,900032,k1,0.05,99,0.006161106005303618,0.014313299642857213,0.01416451348657266,0.013755700977467256,0.013738119035917262,0.013481891667039614,0.013356797963614664,0.013282579040085118,0.01310004471408377,0.01293268092338129,0.012097901369451103,0.011972770569551483,0.011152292390792296,0.010670171078245527,0.010537653716758855,0.010324295773944447,0.010238317843264899,0.010165153489267942,0.010069163141821824,0.009476845016961555,0.0093743532858378
B4_heavy_curvature,5000,2,t3,900032,k2,0.05,99,0.10303549125498333,0.21310832890730877,0.21191399680295428,0.19545519566491268,0.1904241092039287,0.18471939505017296,0.18461301557590637,0.18398877054364107,0.17686072433921723,0.17604771105575812,0.17408376879320506,0.1682438964745968,0.16350474406065033,0.16071340958261607,0.15417243573549275,0.1529109338232063,0.1526565451754267,0.15202968436623024,0.14872397838320164,0.14831776043422487,0.14811066586858723
B4_heavy_curvature,5000,2,t3,900032,hsic,0.0,99,0.0002948531933530937,0.005153215413691639,0.0049926833683355785,0.0048908108662840755,0.004673779789581311,0.004630377519121474,0.004399269447868576,0.004128642265060993,0.003640962796463531,0.003640030901480832,0.003562910551890428,0.0035455659531543815,0.0033699624676571346,0.0033596425880395705,0.0032282873389715746,0.002970093549697902,0.0029098252740091617,0.0028417176297444707,0.002811741556450845,0.0025642686008379243,0.0025412266108332175
B4_heavy_curvature,5000,2,t3,900033,k1,0.05,99,0.00384397742424214,0.014890803403173392,0.013226670189259715,0.011640063152187352,0.011026479495022334,0.010650111888377056,0.01064125563713847,0.010611982864437097,0.010551361696420458,0.01040322620121481,0.010155845525602225,0.010054896160193394,0.009753820570588267,0.009483017119656045,0.009435809641719861,0.009373758807848298,0.009288872674363624,0.009155406425045198,0.009097667863957049,0.009093186015902477,0.00897884414340766
B4_heavy_curvature,5000,2,t3,900033,k2,0.05,99,0.07388388064111502,0.2395836623322239,0.22681558622121345,0.21143351974797098,0.21056724382406805,0.2093184908440711,0.20864537632480215,0.2029851153892017,0.18360415803454666,0.1792561831291638,0.1752396543304928,0.16842894122308674,0.16776077042263637,0.16683981783924037,0.16517532702909757,0.16485914576940763,0.16266584801323483,0.15802805807641557,0.15559369106926735,0.1531545358523716,0.15154363248314856
B4_heavy_curvature,5000,2,t3,900033,hsic,0.0,99,0.002439744227577408,0.0064356089981990605,0.005491800978977559,0.005300829165993406,0.005237107919168381,0.005051834679371926,0.005011948478113979,0.004913532832507201,0.00484160707625453,0.0044160163419786555,0.0042908515489334335,0.004273242622271181,0.004172351065996615,0.004143281901766387,0.004025524263256963,0.003963442278405844,0.003825441397203589,0.0036737447420826376,0.003671596486892245,0.0036558200440872197,0.0035958548810458594
B4_heavy_curvature,5000,2,t3,900034,k1,0.05,99,0.007218817619067508,0.013615929205488153,0.012666978657528083,0.012616494717586746,0.012010259030364123,0.011630532951170225,0.01146822852161955,0.011255724917862975,0.01118375368370672,0.01087241926317728,0.010856810993663646,0.010835804289267337,0.009926477323993321,0.009466756024877232,0.00911331591505149,0.009076127390724054,0.009071496553659353,0.008997204617231414,0.008884260711666259,0.008843430596470303,0.008713785285685227
B4_heavy_curvature,5000,2,t3,900034,k2,0.05,99,0.1343089414335155,0.35774621836857184,0.32387725899971553,0.31772427845635204,0.26627210803966544,0.265668104557501,0.25366973950532384,0.2528630621075331,0.22953965186249295,0.2256540086343306,0.2144278364924035,0.2131769860675755,0.20705096028756365,0.18851989138705674,0.18825009804802975,0.18815437751167333,0.18516410876205283,0.18134113000586052,0.17638148119967545,0.17127839520794713,0.16889188980572198
B4_heavy_curvature,5000,2,t3,900034,hsic,0.0,99,0.0018205839109993623,0.005597985732571823,0.005485455959622679,0.004577516779871872,0.0043626980367198155,0.004258089748306936,0.004173842676860438,0.0038443275076781034,0.0038134335847346094,0.0037735255939930694,0.0037422429545449815,0.0036600723943005695,0.0036548143718974258,0.003613160032117768,0.0035653290437073293,0.0034613879874406243,0.0034168927153099644,0.0033566273570578282,0.003316027113015016,0.0031437903284709974,0.003133430844897138
B4_heavy_curvature,5000,2,t3,900035,k1,0.05,99,0.007077904278718572,0.011966154076858082,0.011845158991192317,0.011622060017876024,0.01147363156509218,0.011417264273549943,0.011352359311108451,0.011124532971195533,0.011109217359710488,0.010399901594765448,0.009979431338808964,0.00973165269924825,0.00971394426543526,0.009694105739179282,0.0095413085983439,0.009364895343910606,0.009331762122773868,0.009275179505369158,0.009033914084944139,0.00899288154165756,0.008979616871080398
B4_heavy_curvature,5000,2,t3,900035,k2,0.05,99,0.14499300575666646,0.22871505896871325,0.22790355155620037,0.2069025870530789,0.205790741269085,0.18889913200531297,0.18643873084318877,0.18614869587963084,0.17280483441210875,0.1662585547807859,0.16165770514338063,0.16090053266810578,0.15986785159535877,0.15921971625633352,0.1533493962730625,0.15114988860388145,0.15103679460391534,0.14722544381777888,0.14067573482891657,0.140399901215608,0.14031027656330883
B4_heavy_curvature,5000,2,t3,900035,hsic,0.0,99,0.0026415203480315832,0.006084082972433101,0.005896867855449522,0.005741338356371712,0.00555348421404784,0.005417923119312447,0.00540554779170006,0.005079102813504311,0.004952683941512892,0.004845278479651535,0.00468811967047512,0.004635974545319126,0.0045984869160758035,0.004496139857273991,0.004434770275725022,0.004321188807344941,0.004299472509225527,0.004259212738004621,0.004239009937567587,0.004190456214920329,0.004059861964766555
B4_heavy_curvature,5000,2,t3,900036,k1,0.05,99,0.007839849226502937,0.014635962016225745,0.014009835651832558,0.013317986496279022,0.012510300066626567,0.012168153221435607,0.012130058854343928,0.012118566429939803,0.01187436229671901,0.011779019358844178,0.011055829196968014,0.011052767341433123,0.01046181970579152,0.010419454353135404,0.010268958576893139,0.010266473273603527,0.010033618617661166,0.00968762555222058,0.00966968323126527,0.009375885598027156,0.00934271668765474
B4_heavy_curvature,5000,2,t3,900036,k2,0.05,99,0.2682191499317667,0.20805519704367537,0.20509670762359114,0.20076475642082534,0.19717038103234688,0.16361676090199928,0.15241323018588382,0.15180368486513512,0.15084251855485095,0.14917492676491323,0.147246089707638,0.14669893872155826,0.14522309169032002,0.14430136766306007,0.14331291141503377,0.14014166303494405,0.1397464888938672,0.13835661988970244,0.13793845016546857,0.13780851034039945,0.13483598738963218
B4_heavy_curvature,5000,2,t3,900036,hsic,0.0,99,0.0011422034669327451,0.006624695430449253,0.0054901677406597755,0.005376194840534891,0.00537261711343908,0.00494507796544368,0.004899777367498983,0.00484317505780862,0.0047504547461934875,0.004606284978908774,0.0045172326182150654,0.004500353388874619,0.004319726673457259,0.004179586710986905,0.004153961192249242,0.004141155795289066,0.0041263379513260465,0.004078127794924157,0.003974816784543957,0.0037953948610644473,0.003673779060044346
B4_heavy_curvature,5000,2,t3,900037,k1,0.05,99,0.007111015201910598,0.014635444450164847,0.013660943190408004,0.012905574614779258,0.012123289369366352,0.011511786080942499,0.01144146799145207,0.011294098449591394,0.010793948145158327,0.01059141759092097,0.010463185399633756,0.010378031870412419,0.010363963098729445,0.010355489467481327,0.010067915929270588,0.009967671228856112,0.009914223675422384,0.009844391041207157,0.009581537643065796,0.009481542209084037,0.00945823041017746
B4_heavy_curvature,5000,2,t3,900037,k2,0.05,99,0.0919471636491352,0.37531260435636554,0.25395793672084355,0.2459995198211803,0.23521926374178395,0.22509086772880413,0.2102006370276671,0.20566441145775158,0.19015256479430104,0.1852055450592006,0.1786036481299059,0.1735095356247654,0.16987910703880993,0.1687054875975341,0.16524508048324565,0.16261466800561605,0.1613835540042472,0.15572711635716865,0.15463018492049713,0.15205312377342653,0.14921128404762635
B4_heavy_curvature,5000,2,t3,900037,hsic,0.0,99,0.0017061793522206287,0.005540506307702249,0.005502374033801414,0.0054687265946069975,0.005206771752783102,0.005039176281269553,0.004639616734754692,0.004605857440005635,0.0043934120081880355,0.004196384675447273,0.0038916273075633584,0.003832014895105837,0.003715492292631933,0.0036479533440822044,0.0036425581748172234,0.003530949993129689,0.0034918552936498274,0.0032732432926674718,0.003269942329870946,0.003135039229560821,0.003055480434424932
B4_heavy_curvature,5000,2,t3,900038,k1,0.05,99,0.007115604133079212,0.013909128684374661,0.013367255943928513,0.012906006595972297,0.01272572785032744,0.012023157989067834,0.011850094842777104,0.01168234196138318,0.011658271801858744,0.011597215906267944,0.011510733039179377,0.011431228589411258,0.011312848012992038,0.011288007574438375,0.011278488410121468,0.009898484764278681,0.009811651174334468,0.00976223909372953,0.009691807283416454,0.009546327771806418,0.009316515830317229
B4_heavy_curvature,5000,2,t3,900038,k2,0.05,99,0.19306036885159017,0.2551308678896423,0.2371614577079203,0.23443340328179577,0.22764485408172133,0.22120322221948147,0.21751019607902194,0.21398756254207532,0.21194026667146326,0.20273324810078094,0.1888810636668091,0.1881353489640718,0.18371470889119407,0.1833934206949394,0.17950347617782947,0.1770461557562952,0.175858082918122,0.16969272353767845,0.1659063996922555,0.1568910381050601,0.1554728804303432
B4_heavy_curvature,5000,2,t3,900038,hsic,0.0,99,0.001174701653793869,0.00702753011306351,0.0059784023890018505,0.005249929235720675,0.005238076858113404,0.005049458190272332,0.005041864807413566,0.004565794261037142,0.004453026578780057,0.004230668998199991,0.003991959641030568,0.003880802006736347,0.003765046219773248,0.0037304270068810545,0.003388411245829196,0.0033759808828286936,0.003362220621048457,0.0032949700822764065,0.0032859209921687607,0.003282725303224801,0.0032125468211481206
B4_heavy_curvature,5000,2,t3,900039,k1,0.05,99,0.005459529054569923,0.01410408954169795,0.013472414410796385,0.013053092492363194,0.012936151580191013,0.012161344162454846,0.011989872244821731,0.011857027361970474,0.011849300787651673,0.01160785463568803,0.010740511299187294,0.010569273078612995,0.010511898725544366,0.01049532088535976,0.010151670924222644,0.01007311147694756,0.010062288766416794,0.009699114116955676,0.00940344384230618,0.009278664789478475,0.009242870900548317
B4_heavy_curvature,5000,2,t3,900039,k2,0.05,99,0.08614872320295681,0.3714432596876819,0.23621634255152246,0.23222542536561666,0.20541981671802004,0.20156745763434253,0.19384694707108804,0.19349582709136987,0.18196243185743743,0.1774136510993321,0.16697509622301132,0.15838171932004036,0.14843789942978783,0.14840643274751292,0.14481708344315206,0.14297284285978315,0.137719016607289,0.13595114602965674,0.13419225891826653,0.1325254887607196,0.13157992138143684
B4_heavy_curvature,5000,2,t3,900039,hsic,0.0,99,0.0018056517178774165,0.007579344030083782,0.006000774868036375,0.005834861418162242,0.004564825998278211,0.004554868755406833,0.004493648742637539,0.004376971857009167,0.004359617048157545,0.004218683558720753,0.004164653205081779,0.0040178448807950285,0.00394970063704044,0.003940914535073501,0.003741795884150481,0.0037212123772710397,0.0034819171322735413,0.0034813872767286936,0.0033236301134832494,0.0033151982550221055,0.003286009134698926
B4_heavy_curvature,5000,2,t3,900040,k1,0.05,99,0.009258056041492546,0.015501692480627272,0.013123214083862522,0.012626523293285397,0.011033794012649478,0.011025876999407602,0.010679854431025704,0.010418978853046101,0.009962483182088588,0.009922083299666484,0.00983252488568287,0.009677920416952479,0.009551791452323544,0.00948398110272064,0.009381085932941624,0.009375114347280111,0.009019061340149181,0.008931847382959157,0.008894523288641154,0.008721386518019014,0.008679202208380032
B4_heavy_curvature,5000,2,t3,900040,k2,0.05,99,0.14509027156911233,0.29804187308274255,0.29262035166638994,0.24695848038065293,0.24554229055482168,0.23875429021763306,0.21048989383932176,0.20926507312289508,0.20830567995648147,0.20712145193931725,0.19777823594574825,0.1939717680078313,0.17888508559408312,0.16502106831356625,0.16158122174021036,0.16108726162312462,0.14933497441092636,0.14436884901820232,0.14230701235330093,0.1369936711579002,0.1362568339969463
B4_heavy_curvature,5000,2,t3,900040,hsic,0.0,99,0.0016015460666563498,0.0066836075859915975,0.005854202671884862,0.005742787354764883,0.00563605224450912,0.00541875189725505,0.005284311592259872,0.005133819627990413,0.005127550751524898,0.005075363093765424,0.004909252440520349,0.004745617710379974,0.004624722612699583,0.004591179239331027,0.004179971687906859,0.004046699140169274,0.004011262189808258,0.003932727295855139,0.003625768162758159,0.003554361516319115,0.0034477730596872524
B4_heavy_curvature,5000,2,t3,900041,k1,0.05,99,0.0026896651868278942,0.013387455976845875,0.011955209291130586,0.01170967919124588,0.01058462882549871,0.01021493062637202,0.009830360529874849,0.009763369936398147,0.009423840228135916,0.009421252378975509,0.009405402840694022,0.009302745191070882,0.00918215852559734,0.009093237956459888,0.008985894583817156,0.008948221968258174,0.00888329763432083,0.008845128339140196,0.008796601026400452,0.008767997623526647,0.00865556758786945
B4_heavy_curvature,5000,2,t3,900041,k2,0.05,99,0.12065048597296461,0.21516496241131067,0.2032328530308428,0.18703059011792245,0.18225927098970307,0.17824146577045183,0.1763761714814884,0.17577517126866507,0.17031451092862787,0.16255470246906562,0.15661189832637173,0.14777694131746408,0.14772750797845238,0.14452313034510178,0.14381618613562275,0.14331083809421918,0.140671639579249,0.13675420407145916,0.1361735841882636,0.1345433935528967,0.13446772459699619
B4_heavy_curvature,5000,2,t3,900041,hsic,0.0,99,0.00042025978152736396,0.005560656628397178,0.004783458852695082,0.0047387869190836695,0.00407042538878513,0.003991082106003337,0.003907466783301309,0.003836931992986071,0.0037528313206850188,0.003635852799411995,0.0035717288785477677,0.003564139511285194,0.0034977882195543304,0.0034549364136436792,0.003239683623216237,0.0031033060259420546,0.003078655979905119,0.003039357340246158,0.003024614940351516,0.0029961769210626868,0.0029718681325059796
B4_heavy_curvature,5000,2,t3,900042,k1,0.05,99,0.010540347729527721,0.015169421073067846,0.014697633039978064,0.01335614955018083,0.012621056845675827,0.012444275831797524,0.011619424425632241,0.011601434927500431,0.01156193899664526,0.010958050607793535,0.010855802158196481,0.010234989340737743,0.010145424014451399,0.009958009808043955,0.009889387801348515,0.009878236200078327,0.00944406201045267,0.00936108731314278,0.009303198849802463,0.009293616178749131,0.009106468472617757
B4_heavy_curvature,5000,2,t3,900042,k2,0.05,99,0.14013925501170055,0.26587839678493463,0.23055515172555613,0.20619886195123757,0.18944689321821656,0.1827070470865408,0.18065063103841497,0.16282326620630547,0.15423761380263284,0.1485317977730647,0.14806754395173832,0.1465818995367023,0.1463465139160868,0.14563547708445884,0.14474036093367423,0.14425758095193733,0.14282688648632338,0.13892906225756277,0.13870834312346755,0.13869159374887896,0.13795449367277665
B4_heavy_curvature,5000,2,t3,900042,hsic,0.0,99,5.2814023015917934e-05,0.0059478442860980895,0.0049614318125489505,0.003817901704850989,0.003783763731941587,0.0036312120663199586,0.003291136104471748,0.003281605660215931,0.0031269353663516833,0.0031184160579714095,0.003083593105899645,0.0029573322896150754,0.0027807107542099584,0.00265760431805005,0.002615257070143879,0.0025927918417786174,0.002579117104160608,0.0025785417692310913,0.0025703923440713638,0.00249808634988312,0.0024936578979461587
B4_heavy_curvature,5000,2,t3,900043,k1,0.05,99,0.007174421669671527,0.019432754216697656,0.015308117402845434,0.01272772944485756,0.012004618443445914,0.0115277490570862,0.010993243901307403,0.01056657548988682,0.010546792288292028,0.010373082866524497,0.01029340892431252,0.010242203192455834,0.010199553238677384,0.009867830641613451,0.009729854469594401,0.009362639418504792,0.009181671474361774,0.009152413655128644,0.009124744581946231,0.009114511612770326,0.009070416300726691
B4_heavy_curvature,5000,2,t3,900043,k2,0.05,99,0.09331536688855761,0.3419226842892539,0.21994807077813358,0.21509117005490552,0.20188014823313946,0.19620006849525773,0.1870956621104632,0.17956298156506031,0.17819036115091724,0.17554341590122924,0.17046013874365498,0.16730223570600744,0.16714020679360472,0.1660480772440532,0.1621776379839646,0.15641053123236132,0.15567473126983417,0.15286758149380952,0.15184385989777957,0.1494930056297699,0.14758079121323595
B4_heavy_curvature,5000,2,t3,900043,hsic,0.0,99,0.0016021610929945105,0.005932291119556102,0.005512245132916154,0.005025280189023189,0.00458600702951899,0.004461758732903011,0.004078619595402024,0.00404331972058543,0.0040124241556105215,0.004005218837132976,0.003979273285964524,0.003852411396910196,0.0037954720113102156,0.0037889878187875466,0.0037145636525958954,0.0035259943968427125,0.0034897128785454454,0.0034626792160277744,0.0034098345674244725,0.0033533508522166273,0.003209633046735606
B4_heavy_curvature,5000,2,t3,900044,k1,0.05,99,0.005505021064556415,0.013060481090254705,0.013047327019346966,0.012773355274210196,0.012529966146545335,0.011978574309190693,0.011948581054798346,0.011566230538405664,0.011545968507746918,0.010934279534331681,0.010836515740690666,0.010468856414452388,0.01010437320302715,0.009843813436820836,0.009843083443198175,0.009590735196652989,0.009356411410114118,0.009249391771815052,0.009117944783319842,0.009039762157583953,0.008655183818289558
B4_heavy_curvature,5000,2,t3,900044,k2,0.05,99,0.19513764927710164,0.3109334489915481,0.2889223060290155,0.2721211248278876,0.22607668762931768,0.22577698318388287,0.218908443508789,0.21452524695797143,0.21399160017096266,0.21020203715759303,0.2053028363554282,0.19106394943512106,0.18091011374257995,0.17708833237153004,0.17273165269914248,0.16998389284738566,0.16956822863682963,0.16889452006833425,0.16789595673961408,0.16744077512583008,0.16332799293424066
B4_heavy_curvature,5000,2,t3,900044,hsic,0.0,99,0.00010169635196197042,0.005343996236174567,0.004672285911858092,0.004529781265417919,0.004145973142993009,0.004145181386414599,0.004125253705144425,0.003938196619762389,0.0039045601790767305,0.0038936959241866703,0.003693136339202489,0.0036613515042622944,0.0036006920982962227,0.003384474759355608,0.0032326802118974604,0.00307886087368209,0.0029378467822827685,0.0029310242493506044,0.0029282016594870007,0.002836173360942605,0.0027958424856042935
B4_heavy_curvature,5000,2,t3,900045,k1,0.05,99,0.007556560647849375,0.015728005552048896,0.014091452836720642,0.012078842845250626,0.012027181828694555,0.011739039954599018,0.011550741040833867,0.011251782722731751,0.011161192001403863,0.011047214992421117,0.010969883724731067,0.01096987080085321,0.01076339933816517,0.01075185885451213,0.010533387618277823,0.010438171449210332,0.010433343091548974,0.010317848800174945,0.010278968195297833,0.010208087854707393,0.010096023762820705
B4_heavy_curvature,5000,2,t3,900045,k2,0.05,99,0.042530720817987006,0.2926029359762022,0.22554055637172013,0.22224334200130197,0.2156622386527254,0.21532467803927924,0.1993930895100557,0.1898783865847477,0.18056342104542655,0.1801917841151077,0.17106041426859347,0.17034747128561267,0.1632873008648221,0.14893859677490096,0.14575543752660358,0.14188201768656358,0.141552175846012,0.1398278710479925,0.13862882007859445,0.13794390299475273,0.1360340326008475
B4_heavy_curvature,5000,2,t3,900045,hsic,0.0,99,0.002054286964875167,0.006154673344357665,0.0057471761956961916,0.005373353727690092,0.005348379422909926,0.00507718892863692,0.005015715668522717,0.0050005065958098225,0.004923355099969584,0.0048791977288820875,0.0048186529104000415,0.004730353040467493,0.004715328336878448,0.00432847821772768,0.0043075620552459485,0.004211511691286066,0.004158736187704294,0.003953119810888387,0.003927395264981018,0.0039016663216675696,0.0038102339654506436
B4_heavy_curvature,5000,2,t3,900046,k1,0.05,99,0.004304739204860075,0.014777402420777408,0.014182867078039951,0.014058745425788666,0.011909975718992216,0.011709195581258158,0.011573244659956683,0.011223530036340468,0.01120010480554412,0.010793774121285682,0.010365759922177142,0.009992934856688618,0.009947637929685782,0.0099305186974461,0.009592730264203708,0.009538022834707505,0.009465564559716921,0.009454068790157866,0.009318728339866134,0.009292114459065859,0.00885340000499768
B4_heavy_curvature,5000,2,t3,900046,k2,0.05,99,0.14706441453456412,0.3226335864216803,0.27150726887880505,0.22472652772224397,0.20180026969424797,0.19899833020083388,0.1986223308409397,0.19441515483142818,0.19347028701200691,0.19158152145484056,0.18537585891508626,0.18486700692660088,0.18230424311877078,0.17040101005499225,0.17003658696022858,0.1662811361298405,0.16617979405222538,0.16446193004119422,0.16389171440902872,0.15773734834536415,0.1552812136571276
B4_heavy_curvature,5000,2,t3,900046,hsic,0.0,99,0.006341494467965649,0.01310636906546097,0.012100974008266985,0.011292221366900418,0.011202671299102069,0.010456467926533534,0.010261007490873858,0.010196085401788077,0.010123194662649689,0.009897733448290159,0.00988165863922464,0.009858911850847696,0.009430072159210523,0.009163875384282424,0.009047611501067145,0.008961620971985173,0.008942440470438972,0.008890137753089573,0.00874003577425798,0.008339434284098782,0.008333777437721214
B4_heavy_curvature,5000,2,t3,900047,k1,0.05,99,0.007713316569508799,0.013327545930925444,0.011582250939837557,0.010920431353579008,0.010909057466888972,0.01088972671185895,0.010683139420588073,0.010312056760223287,0.010092605013019229,0.009939329568196986,0.009877868381536037,0.009654815740343992,0.009589666111728068,0.0092084212862239,0.009123794436294408,0.009033380770870236,0.008982616013440081,0.008978852567605,0.008682745154664273,0.008564921640278444,0.00854796557160431
B4_heavy_curvature,5000,2,t3,900047,k2,0.05,99,0.2915069398327046,0.2706153995041428,0.26277963239602,0.2186080736739705,0.21169525691331814,0.18577453751051934,0.17928596378867834,0.1723869521566623,0.16916393060191864,0.16398296550006805,0.16219870707423903,0.16164474849379348,0.15925133256538626,0.15732517598461623,0.1570547585916979,0.15465906384168263,0.1546003974377157,0.15420288591797462,0.15265449712593085,0.15033368184338783,0.14689278997733726
B4_heavy_curvature,5000,2,t3,900047,hsic,0.0,99,0.0009928958915313994,0.005140167346209537,0.004570431361304844,0.004122388075840717,0.0038902631453411325,0.0037064940379603,0.003580762206194423,0.0035679794037284805,0.0033667998181415135,0.003359043134940964,0.0033510679692718556,0.0033157528796394628,0.003314468114671003,0.0032034045492636957,0.0031557817178828216,0.0030346112726551263,0.0029674657922351562,0.0029395956222984325,0.0028849538136799446,0.0028842950901268906,0.0028597712131617735
B4_heavy_curvature,5000,2,t3,900048,k1,0.05,99,0.0061517290433503735,0.014656664297573951,0.012960398093851966,0.01277202280533729,0.01246029889500544,0.012349783279844817,0.01211492844037565,0.011980348729237034,0.011753043494733051,0.011569292084779415,0.011273900584985896,0.011247450577155704,0.010842373855035947,0.010770268208811995,0.010506484618587053,0.010493422815212372,0.010424920437545726,0.010231830740775383,0.010108358642078819,0.009980025777459267,0.0098210071823982
B4_heavy_curvature,5000,2,t3,900048,k2,0.05,99,0.06112599858855305,0.3226225946625585,0.2328626245077656,0.22302367699139797,0.21951977990501456,0.20869955553392408,0.20687540715015715,0.18000527547323958,0.16765274952239648,0.16044021222904037,0.15995284679910649,0.15220936554213738,0.15185774277992778,0.146216970110379,0.1415838852971451,0.14133910475121514,0.13700072048161463,0.13446227804300093,0.1338446765189172,0.1331108513531068,0.12913932116097496
B4_heavy_curvature,5000,2,t3,900048,hsic,0.0,99,0.0007153065375595921,0.005099472268645919,0.004438974111001686,0.004132640727294384,0.003997057259003178,0.0038083568382348454,0.0036904642593309973,0.0034892420487039333,0.003044460151265207,0.0030441573336360693,0.003026460507939633,0.0028336334258678105,0.002796580946091003,0.0027214075413586917,0.002720949126214514,0.00265011342881162,0.0024117954684249802,0.002291991929259585,0.0022616377204237098,0.0022380365799545125,0.0022094906984684334
B4_heavy_curvature,5000,2,t3,900049,k1,0.05,99,0.01121789686284469,0.015133076444115323,0.01427086742325201,0.013933388449571482,0.01322181697826963,0.012728268266598453,0.012680915981685081,0.011515800467019832,0.01121283071289314,0.010284277242218698,0.009794738158966143,0.009724020362967267,0.009535389206604572,0.009446972604253423,0.009426207216598037,0.00933230946176411,0.00930129168987559,0.009085104486066586,0.009034248232433262,0.009002278113845796,0.008953089479058929
B4_heavy_curvature,5000,2,t3,900049,k2,0.05,99,0.1340196355906493,0.24469434114767605,0.21177914118954239,0.21121802208241183,0.20519894056193394,0.20358996914968752,0.19591529565342752,0.18714048190703925,0.18550489271930246,0.18342168747418916,0.17932929548612103,0.17648940222348036,0.1751368141412121,0.17481749914823702,0.16824112830052088,0.16597617856204483,0.16270115239542085,0.16196478882871673,0.1585209248511322,0.15781137533704068,0.15524982453576627
B4_heavy_curvature,5000,2,t3,900049,hsic,0.0,99,0.0035873465035037894,0.009137808135120266,0.008016530654194116,0.007920658005579489,0.007768468197914922,0.007603005364973749,0.007429715309077991,0.0070116778450863395,0.006927595523847639,0.0064938532423091675,0.006443371465787677,0.0062050569285997635,0.006193582337414239,0.005846638696837725,0.005831937711432295,0.005669916694133417,0.005607977413443743,0.005593148229630763,0.005469026733497314,0.005406064334753427,0.005229944137698044
B4_heavy_curvature,5000,2,t3,900050,k1,0.05,99,0.006986006566513159,0.015488262260218488,0.014636622719764625,0.014182239739098268,0.013144279303643591,0.01271100938234171,0.012657497906496062,0.012223382098785485,0.011034771042558233,0.010923050461012718,0.010742743074500072,0.010638900092774906,0.01039451058127605,0.010378776571272508,0.010220774202388982,0.00982264703845892,0.00974569006019288,0.009715061242871359,0.009588937075234782,0.00953821883514483,0.009287160349481849
B4_heavy_curvature,5000,2,t3,900050,k2,0.05,99,0.23120070376617508,0.33271140802642324,0.3165994495574707,0.31590577365597183,0.24141333011310978,0.20399423490187255,0.19527913388134588,0.19464977659321847,0.19260996046238668,0.19187353224866863,0.1778521982046263,0.17700829537579862,0.17604013178173636,0.17104761459292797,0.16986271514368415,0.16737392293944905,0.16499471457349862,0.1593505252612475,0.15829661517335097,0.15619015121531984,0.15453755931569763
B4_heavy_curvature,5000,2,t3,900050,hsic,0.0,99,8.498371958815944e-05,0.005982060743602679,0.005085382281749193,0.004626727890955935,0.004309568185822179,0.0042305899710186525,0.00371532780312903,0.0036446196536579793,0.003510097656962769,0.003446568563630555,0.003376446737877937,0.0032204701550167807,0.003154672331666639,0.003063355948429588,0.0030512305646120544,0.0029741978836669253,0.0029003852963595993,0.0028732610888040364,0.0028347805746560296,0.0026151260040787037,0.0025213218927916167
B4_heavy_curvature,5000,2,t3,900051,k1,0.05,99,0.010070365596721587,0.012693027133356516,0.012046679969573981,0.01194876497508679,0.011759560536575231,0.011553624164479026,0.011550480899082616,0.011178675941163507,0.010994842263441718,0.010749875568542788,0.010321087360706915,0.010175488442048852,0.010065988198780795,0.009987487051567046,0.009952670813327957,0.00989579618691172,0.009820154192039854,0.009712497778420204,0.00971108260200959,0.009621322720803072,0.009268161607900782
B4_heavy_curvature,5000,2,t3,900051,k2,0.05,99,0.2616038498181777,0.38351165895902534,0.2506600330585752,0.20189638619774808,0.19257927099733968,0.18456982586457227,0.18212252065691426,0.17803634215799402,0.17243211322146662,0.16837832812705855,0.16184340324302504,0.15686960664897837,0.15513898819203123,0.15451253817555777,0.15331870627034055,0.15010201569102793,0.14990149225175653,0.14539760029262597,0.1431055958153894,0.13597392069975847,0.13396500892108393
B4_heavy_curvature,5000,2,t3,900051,hsic,0.0,99,0.0004576241785357506,0.004935429433373488,0.004692146110679173,0.003985395024420208,0.003679672367324784,0.003581650810106328,0.003532069579910773,0.0033174609643434392,0.0033032345155536618,0.0032238223622926866,0.0031165837213096652,0.0030489989211690896,0.00296953404785199,0.002947374685137774,0.002896971867487144,0.0027311880607437315,0.002704676902564116,0.002692173112721988,0.002626156405475996,0.0025899414026002415,0.00257308695374774
B4_heavy_curvature,5000,2,t3,900052,k1,0.05,99,0.006784649437723833,0.017267530907978612,0.016586747384348954,0.01559090280226183,0.012565553903554627,0.011439443932549032,0.011288521861548939,0.010873215956119453,0.010790760284703937,0.01078956672972442,0.010558453324650996,0.009991710173291035,0.009964643533568074,0.009841515558248415,0.009820330635303631,0.009699365564366791,0.009605833166883904,0.009579698535774783,0.009531777694143151,0.009387637010024763,0.009257308038544965
B4_heavy_curvature,5000,2,t3,900052,k2,0.05,99,0.15208649046510828,0.28962699067764386,0.27168567443356917,0.2555769946018403,0.2470233398957528,0.23060865303361755,0.21187942079077984,0.19991151555401027,0.1871586872855748,0.18595771672703432,0.18513871828940318,0.18153940224451925,0.17877157729476661,0.17307442190447453,0.16800718452368973,0.16613295892892035,0.16508890182714814,0.1641710876711706,0.15440685505802634,0.15399687198747752,0.1535844225438153
B4_heavy_curvature,5000,2,t3,900052,hsic,0.0,99,0.0015644489759603526,0.005999000918864213,0.005845836450931127,0.0055291298750543725,0.005498613045087303,0.0051030559562127925,0.004700807288101203,0.004457460756700878,0.004366362057550384,0.0043351443833660195,0.004262186899661964,0.004207617877845138,0.004095614583808623,0.003997784267939882,0.003959250527727048,0.003916369370092049,0.003911565373904621,0.003881966042075217,0.0038123531249313098,0.003792316824250031,0.003758767210844419
B4_heavy_curvature,5000,2,t3,900053,k1,0.05,99,0.007623508142392099,0.015203295074145973,0.013525522855920569,0.012951317217743341,0.012860736654958016,0.01230716324011416,0.011410117363726768,0.011235259640290929,0.010864552640083458,0.010623542026993227,0.010273412816810157,0.010103298204697686,0.009959905902247379,0.00991223193511781,0.009472748182768664,0.009284130594069517,0.00919101573952985,0.009008813562112694,0.008751152039972565,0.008637147670437995,0.008610954243054691
B4_heavy_curvature,5000,2,t3,900053,k2,0.05,99,0.24141209480938486,0.3044045152070603,0.21214067745339452,0.20061361327591984,0.19555980866441636,0.19406196084324626,0.18212888707636674,0.1779581498497946,0.17781567321154335,0.1741532094914411,0.1692780489412387,0.16731590654305573,0.16631774483720996,0.16491153577448375,0.1626434984674963,0.15986426147458593,0.15521467303760417,0.15357981603074458,0.15241866810734164,0.1454514455870277,0.14204550662601365
B4_heavy_curvature,5000,2,t3,900053,hsic,0.0,99,0.0036093159993309015,0.007632121902761429,0.0074674973792057415,0.006760807743868665,0.00647076081008628,0.0062324043341587055,0.006229491440061389,0.00619942189927077,0.005946639021783205,0.0057825167168938105,0.005412282334736386,0.005374969548767934,0.005356830614419419,0.005304993826928742,0.00527013988102895,0.005257949097304967,0.005243022036225954,0.005232506869969556,0.005195679619073222,0.005180330710018908,0.005167677076440803
B4_heavy_curvature,5000,2,t3,900054,k1,0.05,99,0.006185197946888876,0.015486090861989488,0.01345330412193746,0.01293818802395208,0.012921726635696462,0.012664180531873348,0.012173597226396882,0.012099521150455428,0.011894584460690028,0.011419779544663777,0.0108363603974021,0.010739671434589537,0.010121926460564978,0.010105290763646302,0.01006525024045124,0.010014092635945548,0.009889010266421638,0.00971155587507777,0.009692288726576459,0.009688152348363399,0.009682168089050536
B4_heavy_curvature,5000,2,t3,900054,k2,0.05,99,0.16749379598848918,0.2827108464605575,0.22902207962222254,0.21602934903687057,0.20601450483341366,0.19201091725889885,0.1917952286317756,0.1915544395687229,0.19045494646516234,0.1904523999725296,0.19016782390607925,0.1879481372157497,0.18746481857874053,0.184750002303304,0.17734874039969203,0.17201205730645033,0.16312285139068206,0.16223704231570918,0.1605361036865813,0.15636868574198745,0.1557314141158936
B4_heavy_curvature,5000,2,t3,900054,hsic,0.0,99,0.00046705229305194716,0.006280297848224582,0.0049780540495361035,0.0039992678724187145,0.003929747248939379,0.003888999813583111,0.003862966280712958,0.003750206361354744,0.003481543229460368,0.0034635997996674177,0.0033316497813741124,0.003328803614723459,0.003233330780624385,0.003176688824149859,0.003150551668094525,0.003087307117109156,0.0030374155761379844,0.002671344103964059,0.002662089036193834,0.002654173366886254,0.0025983724524837903
B4_heavy_curvature,5000,2,t3,900055,k1,0.05,99,0.005995610346249292,0.015349252089874477,0.01463909428495136,0.013646147755841942,0.012143460126977423,0.011288536822439132,0.011213335224506071,0.010867433442802277,0.01083028969254729,0.010523052789743415,0.010363491320597107,0.010170876132594486,0.009958000823510837,0.009896488492946331,0.009562576281187174,0.009554415807159877,0.00954713772771576,0.009386601292918018,0.009097162973244921,0.008995649600102129,0.008981474671656442
B4_heavy_curvature,5000,2,t3,900055,k2,0.05,99,0.06357996921120018,0.27660839338179977,0.2729281241379538,0.26691540669296243,0.2249254271770808,0.22487134631069627,0.21390244088872637,0.21019719994156838,0.2059129036382802,0.2034510879760745,0.20264372992645246,0.2024597784859741,0.19656392235071266,0.1872739034146943,0.17821817653492183,0.17631523749321937,0.17327138501478653,0.17165986190893284,0.1677412160949658,0.1666448405101674,0.1552851349513341
B4_heavy_curvature,5000,2,t3,900055,hsic,0.0,99,0.000129039724470223,0.005220127376441077,0.005184880860316804,0.005017580809128208,0.004841797486537383,0.0045025277580586975,0.004461670229600507,0.0042800601532658805,0.0041213549680228535,0.003984701723769502,0.003894308337014533,0.003714727487303201,0.0037061696572858183,0.0035977955297044574,0.0034916554059093784,0.0034506704918194765,0.003418671447041515,0.0033709631451963274,0.0032401950082524074,0.0032253883880432946,0.0030395693568454115
B4_heavy_curvature,5000,2,t3,900056,k1,0.05,99,0.004184814571756679,0.016404110779198566,0.013538554282870652,0.01247801064647791,0.012284991885528562,0.012007683876587794,0.011642543711923081,0.011436641309773732,0.011381140949385915,0.011355439896634345,0.011251379917811,0.011118992999563204,0.010887168366640276,0.010827756864359772,0.01064118123497082,0.010529539514952058,0.009988055606573343,0.00973097713904214,0.009700879410160401,0.009670960499544301,0.009411152136994616
B4_heavy_curvature,5000,2,t3,900056,k2,0.05,99,0.06850567527375573,0.24847650245245986,0.2090282848674695,0.19743480281946804,0.16875107706515277,0.16567902882199662,0.16496875896065852,0.16292259218784244,0.15903691154296143,0.1508103820012089,0.15019712580553873,0.150140984855543,0.14911243040775923,0.14569128411464596,0.1456330011946369,0.13419203315230957,0.1335237515257106,0.13330818167712452,0.1315915522963506,0.1262084855219871,0.12493745457220475
B4_heavy_curvature,5000,2,t3,900056,hsic,0.0,99,0.0007063592389007835,0.004055969929293196,0.0036653877069193074,0.0034823891942523722,0.0032613642657146956,0.003100938372601192,0.0030147995203752896,0.0028871985128116834,0.0027826303768346003,0.0024951275535813762,0.0024920282815826594,0.002474884426953455,0.002428925222950421,0.002416348387585533,0.002399771690359735,0.0023847213128828293,0.0023533332950424844,0.0023081423127447507,0.00217859646948374,0.0021754977549374543,0.0021387520869206667
B4_heavy_curvature,5000,2,t3,900057,k1,0.05,99,0.005194018135460277,0.01372785661986875,0.011741424397831879,0.011194441136103794,0.011173825845431806,0.01081225434241262,0.010489240744693262,0.010441496850300158,0.01042160834137762,0.010405975768871478,0.0102686454050962,0.009586115405469497,0.009339877033116561,0.009254670218334593,0.009128044075572994,0.009071017818041871,0.008945881477676831,0.008853736178831229,0.008834542434020598,0.008752046688291881,0.00875002097005706
B4_heavy_curvature,5000,2,t3,900057,k2,0.05,99,0.06818909081142238,0.24944688198372947,0.24890756176884465,0.2442375788495228,0.235294279001733,0.23401013966977105,0.2297784282362066,0.19917516332388102,0.18181128014413725,0.1787683954978001,0.1742384629742933,0.1672509878407566,0.15833161891012332,0.1561863877116665,0.15454436841903815,0.15452778467408454,0.1540973896202964,0.15239950666353289,0.150749083113516,0.14777673366116928,0.1450013417338644
B4_heavy_curvature,5000,2,t3,900057,hsic,0.0,99,0.0009587470644401524,0.005625701892770457,0.004944461270519675,0.00479122110174939,0.004356377251209649,0.003713170725350851,0.0036840159140314015,0.003611921763910386,0.0036070313561719788,0.0035935978631212954,0.0034032332928235413,0.003363543372638239,0.0032946998213230928,0.00316792879010906,0.003162604077280566,0.0031502653076478536,0.003092179913406902,0.003063304113356642,0.0029780109022483256,0.00289419076784204,0.002876046257667018
B4_heavy_curvature,5000,2,t3,900058,k1,0.05,99,0.0024523987513229706,0.01577566433895572,0.014385094348421834,0.013266948991035865,0.01317014981722664,0.01295279907176805,0.012685255704370069,0.011827808441755683,0.011612432364610625,0.01067503857261265,0.010469255663388632,0.010443621075018394,0.010283314538577115,0.010273490760401627,0.01012189991642809,0.010121834447713418,0.010041708913197445,0.009506514252480613,0.009202358460452809,0.009174535655547933,0.008745947555197309
B4_heavy_curvature,5000,2,t3,900058,k2,0.05,99,0.0815955882586583,0.30075038627404566,0.23312107067461865,0.22746754443286982,0.21800273875872575,0.2032625978228197,0.19849404903681328,0.19329657978620096,0.19132218621065147,0.18533733865061058,0.1845513733958667,0.17390352401846904,0.1540804247714673,0.1531345487166334,0.1484463655051739,0.14671750524220376,0.14660824515545398,0.1463391579129408,0.14280667148210052,0.1411613703413131,0.1405883981198334
B4_heavy_curvature,5000,2,t3,900058,hsic,0.0,99,0.0005860462787196623,0.006837138911000545,0.00510192207801998,0.004950152512108313,0.0046529964741364544,0.004584104458422384,0.004372219950706426,0.004338123291233915,0.00411108093499539,0.0037477239916088373,0.0037309483766288123,0.003460296481597224,0.003435021628716619,0.0033059046436138663,0.0032841127911770814,0.0032324942238396133,0.0030911737895553235,0.003090190961341331,0.0030869598705672947,0.00303444040997118,0.0029980983035799817
B4_heavy_curvature,5000,2,t3,900059,k1,0.05,99,0.005645189778624604,0.013773002493534414,0.013719293705123148,0.0130202565831673,0.011732934261947325,0.011624095384578093,0.011533216797362411,0.011101598905859156,0.010774699463651616,0.01073156056110669,0.010594416721647515,0.01056179457981321,0.010494922783734317,0.010493421608149034,0.010322198509967517,0.010305719867485186,0.010112885457346454,0.009998462762478955,0.009961658605000423,0.009866063525026725,0.009842096678181811
B4_heavy_curvature,5000,2,t3,900059,k2,0.05,99,0.10054270106195563,0.3151529821189009,0.2474069376478655,0.23833436265111219,0.23451286162378426,0.22712780411719655,0.2230110986134839,0.21401557262474646,0.21261865145875908,0.20606602458879844,0.18235770250363728,0.18118816187727657,0.17384616030789576,0.1717940485546171,0.17030178539192548,0.16873611253375717,0.16489447083436334,0.16083204099371395,0.1576760863766723,0.1548504428013358,0.15464669428170885
B4_heavy_curvature,5000,2,t3,900059,hsic,0.0,99,0.0015645281763592316,0.005517977619114048,0.005436584977561748,0.0053579800791768795,0.005302035625266613,0.005039667194996105,0.004990077816357233,0.004873384618993827,0.00479940915267887,0.0045341458824313206,0.004260086057252907,0.004205822228364626,0.0039898391441246656,0.003776911314423596,0.0037228008383603673,0.003442040881725821,0.0033673193163131147,0.0033155669185249616,0.003097236275201407,0.003044979552609712,0.003035795224298368
B4_heavy_curvature,5000,2,t3,900060,k1,0.05,99,0.011234422244408848,0.019919445727309082,0.014578982215364134,0.013124538433945898,0.011741608636280043,0.011660451988103615,0.011568574515850916,0.01141846897435872,0.011198738912650996,0.010660289386289268,0.010447241295641452,0.0103623028155726,0.010273027342047047,0.010264765416569399,0.010218760489642542,0.009909749662661782,0.00987682274432733,0.009787193842695885,0.009760385287968298,0.009555491535217064,0.00934736468798969
B4_heavy_curvature,5000,2,t3,900060,k2,0.05,99,0.20490095635981412,0.2867359339385987,0.2583462662496227,0.25645790329400187,0.24142246542710682,0.23164646693744112,0.21950941587170805,0.21643651159310232,0.19316504460245787,0.1812306210284198,0.17820398008225632,0.1773358663380663,0.16905918699186337,0.16764310103108002,0.16334090927228417,0.16008173446416502,0.1577514552373971,0.15684305590182288,0.1553513562609926,0.15066257658326215,0.15011776421820017
B4_heavy_curvature,5000,2,t3,900060,hsic,0.0,99,0.005771862102965254,0.012295531336474326,0.012116070432506275,0.011546441339191324,0.01150743733855476,0.011403788911340206,0.010955028385254997,0.010932337395154769,0.009877746580147591,0.009708732321872145,0.009659867714184173,0.009280530157440937,0.008536687804268235,0.008425391942074907,0.00833508885094931,0.008309189164939034,0.008129452110507071,0.008124047632551106,0.007979862770100333,0.007717113448657055,0.0076146531512196365
B4_heavy_curvature,5000,2,t3,900061,k1,0.05,99,0.009251769817556044,0.01565065982958247,0.013892308104503037,0.01243185616493614,0.012182392867924996,0.012077793801142378,0.010820724320299235,0.010759676305401089,0.010623954049551076,0.010508812321072925,0.010355912628689734,0.010307603942338317,0.010240322495472465,0.01016905696009962,0.009904365871552079,0.00979759377098366,0.009661898749077857,0.009627116403473468,0.009418204230808525,0.009315280855594854,0.009286445625491302
B4_heavy_curvature,5000,2,t3,900061,k2,0.05,99,0.11453857947506654,0.23976072027339893,0.22823311664509047,0.22702323710341105,0.2186183832565919,0.19376262784131168,0.18456517182668206,0.17284743246721138,0.1654551355720031,0.1641601867839505,0.16393069678458913,0.16353691944713925,0.15857054689446898,0.15105161158307037,0.1503082526848962,0.14804312063504138,0.14583110840892713,0.144585032216952,0.14178589904740582,0.1407696434345989,0.13986863089616128
B4_heavy_curvature,5000,2,t3,900061,hsic,0.0,99,0.0038120835035950476,0.0076541771776637135,0.0075545232252495825,0.006806717420467785,0.006639874001861694,0.006475972330989285,0.006430542810122022,0.006292839413671481,0.0061957932888305365,0.0061804422762137415,0.0058932605872642286,0.005838997541738793,0.005831137340495216,0.005712441580125696,0.005658246725244033,0.0055542391610665705,0.005519600177649348,0.00550077156044856,0.005444461823500102,0.005414317198527963,0.0052373685572809775
B4_heavy_curvature,5000,2,t3,900062,k1,0.05,99,0.011113819162796856,0.013440429247133845,0.012339430054388534,0.012290148191096861,0.012251293535338603,0.011387677271668895,0.01104081398855672,0.010889034331655556,0.010864148291529374,0.0106460125780522,0.010578849093558662,0.010459097081060742,0.010117022750442906,0.010080352323337372,0.010064670215426896,0.009887504211536058,0.0097942879900077,0.00927222424995533,0.009255479929844102,0.009246249122884853,0.008885675286294137
B4_heavy_curvature,5000,2,t3,900062,k2,0.05,99,0.4406690386904652,0.24737644974642709,0.23878845967083295,0.22944098378124328,0.21856654292316804,0.21754911143675262,0.207668421747433,0.19628555737935618,0.1961528993509918,0.1952155687501752,0.18990023648960583,0.18194187940548448,0.16635529270942154,0.16600601342786445,0.15988946101232449,0.15955586600566732,0.1585490187397545,0.15850012643222125,0.15494388755890998,0.15411397625384687,0.1507273297238542
B4_heavy_curvature,5000,2,t3,900062,hsic,0.0,99,6.770553014038998e-05,0.006376115462761767,0.006048861715310979,0.0055329258396409585,0.005058247725516513,0.004417379345919709,0.004290249740053545,0.004052045520082978,0.004042060273392335,0.0037783419568338393,0.003729518549365115,0.0037144724278605126,0.00363733994386881,0.00356791079174137,0.003528673849727963,0.0034041941492448237,0.003252594555904141,0.003249539932273864,0.0032080118378478685,0.0031527481055149344,0.0031520579658214382
B4_heavy_curvature,5000,2,t3,900063,k1,0.05,99,0.003064206493264221,0.014467319238917975,0.013878636394205612,0.012338568014941376,0.011873930068928895,0.011642350932449919,0.011436205414550038,0.010791485953388968,0.01066888991945214,0.010470568639436628,0.010371889207138496,0.010061265829630295,0.009929304620257984,0.009779591931492804,0.00951761725089506,0.009385897872293936,0.009324788698478192,0.009032642995681406,0.008898401111518073,0.008840521370626742,0.00857602202457819
B4_heavy_curvature,5000,2,t3,900063,k2,0.05,99,0.0641925006592206,0.2823212455358594,0.2615133406376633,0.24429108678717792,0.20954843314437882,0.20713937124435677,0.19421434903937213,0.18563871243244193,0.18222352569869202,0.17834377946524332,0.1753093547017012,0.16511957965972776,0.1566875629682317,0.15456409782024355,0.15287726722205477,0.14918648955264427,0.14788733104784,0.14666214520009102,0.14627738796408057,0.14566783395568741,0.1454874300389227
B4_heavy_curvature,5000,2,t3,900063,hsic,0.0,99,0.0018507368210794078,0.006311805839306982,0.005693822381914504,0.005581022793387187,0.0054315957103292616,0.005367366387550649,0.005224362918278408,0.005211072704320003,0.004827417007665635,0.004769938148013777,0.004707632514756146,0.004601854601961817,0.0044918498453725515,0.004463875812961516,0.004352278509167815,0.004303837389881862,0.004299357571703019,0.0042562638511875256,0.004012048657057265,0.004005761510064554,0.003998228686226754
B4_heavy_curvature,5000,2,t3,900064,k1,0.05,99,0.004747931413583206,0.015418213989149665,0.013944912280638877,0.013383699608248922,0.012902768405000709,0.012259101044317267,0.012147091914603614,0.011484677432582968,0.011452372497769314,0.011441102748082965,0.011392554667353783,0.011058491846656526,0.010783273496746237,0.010545403491019179,0.010490472277621676,0.010247502962853705,0.010238973352396652,0.010215398020354427,0.010022044291206123,0.009575287885357109,0.009505969268856829
B4_heavy_curvature,5000,2,t3,900064,k2,0.05,99,0.11420748317494084,0.3230336507667824,0.22002173865272248,0.21973351132951816,0.16938758424489408,0.16731497637106635,0.14631438326227492,0.14576261580035246,0.14453992083164321,0.1385084006540826,0.13152017580268918,0.13130380893380114,0.13089785513639596,0.1291571430597162,0.12813325520349553,0.12695245017240597,0.1251807058536723,0.12458013580056074,0.12449414573810046,0.12430342376385375,0.12273650131891325
B4_heavy_curvature,5000,2,t3,900064,hsic,0.0,99,0.0006567234880154898,0.004868476756761062,0.0044033380122191585,0.004252984795088279,0.004035229463517758,0.0036039762698128826,0.0032944207208828033,0.003073947969223171,0.003009568253546069,0.002995138532031445,0.0029721516842018134,0.0029141012623861507,0.002882937552478777,0.002853494567819445,0.002823500217233888,0.0025896157586100164,0.002363988533159871,0.0023453315983473382,0.002231372903345995,0.0022227394259715185,0.0021011352433414243
B4_heavy_curvature,5000,2,t3,900065,k1,0.05,99,0.004264004955371492,0.01694861301860562,0.013331427883201186,0.012798480265249879,0.011722896266923799,0.011645148281864581,0.011575552765987429,0.011180622666095763,0.010696718645571646,0.010621974443738025,0.01052594030874332,0.010367364328089379,0.010049319802270529,0.009979044531367776,0.009698616335094501,0.009692243083200158,0.0095802838762713,0.009393965296426665,0.009269912458813367,0.009255864666426361,0.009079445051582757
B4_heavy_curvature,5000,2,t3,900065,k2,0.05,99,0.09801776037216367,0.43944321896506316,0.3364690077095273,0.22661772977934375,0.22182955499467796,0.22180520175832502,0.20046056705091247,0.19665103341120696,0.1960519564795249,0.19352737582247492,0.1868238923956803,0.18503988944302363,0.18000491402628446,0.1711685188924962,0.17073974561296326,0.1671010066089596,0.15839899569212879,0.15425594724576855,0.15077431905860258,0.14600999208975085,0.14571227077329552
B4_heavy_curvature,5000,2,t3,900065,hsic,0.0,99,0.00034635994652222,0.004917613489674583,0.0038929839175871855,0.0036274084275687065,0.0035823012977348654,0.003349760576092679,0.0033489186246449996,0.0032839133247536474,0.0031110427137653446,0.0030822271969001263,0.003003558069755045,0.002868908361042134,0.002856879664983761,0.0028063107142950934,0.002708210331787116,0.002684908455726733,0.0026470528410223785,0.0026280171184872914,0.0025388482854759296,0.002476526140830775,0.0024334917093324464
B4_heavy_curvature,5000,2,t3,900066,k1,0.05,99,0.005113379553658426,0.015464206852738416,0.013159956580455545,0.01283700146233846,0.012789160269505051,0.012688862506347598,0.012511822668079708,0.01199525941469859,0.011879216893202926,0.011690577795452128,0.011541460476692689,0.011461613117171088,0.011179846117445269,0.010924348649330784,0.010759940755531439,0.01073660283793254,0.01070807397433271,0.010630238124143765,0.010498943930364879,0.010399440567780638,0.009793363848001668
B4_heavy_curvature,5000,2,t3,900066,k2,0.05,99,0.08080413124143795,0.23452677969455266,0.20779267792341136,0.19317117550860444,0.19158402131339908,0.1867025036289484,0.18140234899196692,0.17933274621439518,0.16846908255137788,0.1669890177567379,0.1563907888210213,0.15594202167975735,0.15318442169087204,0.1498161674649323,0.14937540715583147,0.14864104743247006,0.14848753751624122,0.14743265010456247,0.14586777406018095,0.14136146271850647,0.13677316787979552
B4_heavy_curvature,5000,2,t3,900066,hsic,0.0,99,0.0017328292405220725,0.007078390214659195,0.006569246715143213,0.005773630584656987,0.005445011130086001,0.005421992183006524,0.005337711645794418,0.00486325708105486,0.004691982789088654,0.0044865100874008105,0.004373865987643433,0.004372973351245891,0.0037146409115035475,0.0036164061745073313,0.0034852081190390564,0.0033475976907802597,0.0033316385820034242,0.0033064224612491372,0.0031416028148194106,0.00304612018838834,0.0029148463072008993
B4_heavy_curvature,5000,2,t3,900067,k1,0.05,99,0.007856806719055642,0.015134830778247066,0.014364483325845723,0.013548487449524416,0.012991085679626035,0.01299022250542814,0.01222516769179971,0.011781847908411414,0.011494613539721699,0.011381453916436857,0.01137576327648826,0.01124679498111203,0.011195533589181905,0.011127487950479797,0.010780756682197024,0.01032903082179637,0.010297259247265989,0.010264419781719769,0.010036204882244215,0.009994621933452241,0.009963611672396566
B4_heavy_curvature,5000,2,t3,900067,k2,0.05,99,0.05588012986307327,0.2677389754659912,0.23230477425199664,0.21299359120813366,0.2056484571467383,0.20044243868494424,0.19689698135298755,0.19536713666326105,0.18197033956013242,0.17376350695722745,0.17120237701311397,0.15719513635424923,0.15687020947465244,0.15390205429214793,0.14739887797932488,0.14123652917698734,0.13544668980211635,0.1303826120359244,0.12964097847592845,0.12863612630723947,0.12747663781471386
B4_heavy_curvature,5000,2,t3,900067,hsic,0.0,99,0.0015771774676823606,0.006861341637110033,0.00671383550293368,0.005772981058407171,0.005594501650390592,0.005275773508396977,0.004453417080778027,0.004372094981844849,0.004335136376336188,0.00425435499290152,0.00423554364567929,0.004177858296239657,0.0041661248329406785,0.004149808042529361,0.0041487947080392175,0.004061565464727534,0.003952046298462741,0.003842660576341336,0.0038140539780017655,0.00371368751705986,0.0037081021556879356
B4_heavy_curvature,5000,2,t3,900068,k1,0.05,99,0.0053682300321012955,0.013541495064907871,0.013075496602185654,0.01266756348879794,0.012439935938760582,0.012383753577287604,0.012214275537779207,0.012122381339904509,0.011507736704585159,0.011289022132175308,0.011185598822148646,0.011116194073627739,0.011046042351186669,0.010924571738026745,0.010830224796369525,0.010168647186068802,0.009988780736698621,0.009801518244748286,0.00979289335938438,0.009729809665987688,0.00961935591287122
B4_heavy_curvature,5000,2,t3,900068,k2,0.05,99,0.0872842627484365,0.3180187968644876,0.29079530521018865,0.26016499226169804,0.21813553391952045,0.21716279404762392,0.21626964558459655,0.21315632370695334,0.21173659435743444,0.20179138097217159,0.19320498668322575,0.18755564377937964,0.1859132406722112,0.1844510428387534,0.17282660030163763,0.17096991995010838,0.1675726625908027,0.1610195302910341,0.1573866024734957,0.1509440708176834,0.1466194419109447
B4_heavy_curvature,5000,2,t3,900068,hsic,0.0,99,0.001361944565469426,0.006077076631285215,0.005869356467994373,0.00530744664180499,0.0050742847030999915,0.0049984326799032515,0.004925483421454465,0.004898672189629632,0.004673627799294742,0.004480632795111575,0.004254903657208739,0.004245704622476256,0.0039502504379424,0.0037708487802117175,0.0035017467897687673,0.003500937289354343,0.003356869737743135,0.003347828701033816,0.0033187471051369685,0.0032836235103289,0.003280676613172335
B4_heavy_curvature,5000,2,t3,900069,k1,0.05,99,0.009622501344351386,0.01570965213886888,0.013266138283916096,0.013148639224258685,0.013094684875651241,0.012965038143738505,0.012481455732057167,0.012301584805827881,0.011918337869160966,0.011397485455458933,0.011360551945211017,0.011260849029801956,0.011191861111177537,0.010996043310536607,0.010855971617399707,0.010683871031510361,0.009820356225512361,0.009750446664703705,0.009723742470572394,0.009696307717221408,0.009675742670981813
B4_heavy_curvature,5000,2,t3,900069,k2,0.05,99,0.19446653764835747,0.3291609354454725,0.21839927420273997,0.21787486949928803,0.20706246417816923,0.18113932768293292,0.1718005633167035,0.16838969028655817,0.1674744969757538,0.16534216235255123,0.16382837967882286,0.16243536074792908,0.15659228015579346,0.15459720405477317,0.15439481714806108,0.15312037462533035,0.15027155622589977,0.14309488027399395,0.14114866476065788,0.13809059281606612,0.13807878017363662
B4_heavy_curvature,5000,2,t3,900069,hsic,0.0,99,0.0022669712077004276,0.0063781761597572996,0.005844178457757613,0.005785978095484913,0.005438499115260165,0.005360401450606387,0.005335376234769299,0.005043948473989776,0.004770314131022801,0.004706008843650801,0.004341668221626696,0.004330031855281909,0.004181855485310505,0.004161791961563317,0.004143365584493276,0.004081363118665321,0.003940937944417396,0.0037979193781826964,0.003794377395307808,0.0035281296191079408,0.003497158209931147
B4_heavy_curvature,5000,2,t3,900070,k1,0.05,99,0.005856001459477622,0.014025921155493837,0.012964228963562752,0.01261006989300717,0.012322006564952748,0.011684657034725654,0.011388152158225529,0.011168335265357543,0.011073449089742393,0.0110363011603406,0.010903466303644915,0.010801286749089978,0.010623113926802819,0.010558971735222245,0.010522802849382895,0.010370613007085971,0.010123141281345172,0.010064303204207037,0.009873789464822647,0.009812983757939708,0.009402929112008351
B4_heavy_curvature,5000,2,t3,900070,k2,0.05,99,0.03857012456605824,0.38536214112630374,0.2709584071804303,0.24913020998288113,0.22838615393176692,0.19401425108746564,0.18180457625006924,0.17985484165452706,0.17599595898195536,0.1755516063994942,0.17550354104607865,0.1740849609309419,0.17139872392778302,0.16934045316364885,0.16566028094785862,0.16463957831363854,0.1617474082500044,0.15818592678601975,0.1564861529694434,0.15466983615120686,0.14637316859508492
B4_heavy_curvature,5000,2,t3,900070,hsic,0.0,99,0.0010055716065603027,0.005177650361472654,0.004207092755734133,0.004144543449764529,0.0038556252234072117,0.0037161856019712544,0.003590436355525057,0.003526322589111468,0.0034747393345875986,0.003298721386409329,0.0032407592815475597,0.00308399510757429,0.003013671953854523,0.0029561674918481126,0.0028726714444457027,0.002669953871712254,0.0025358113534017647,0.0023945920181959283,0.002283990060323032,0.002195964336201861,0.0021517046838848267
B4_heavy_curvature,5000,2,t3,900071,k1,0.05,99,0.006348347835700707,0.014366404335787841,0.011080515616731179,0.01105499912113761,0.01103996014495312,0.010941907542383555,0.01070952156694116,0.010635009861192368,0.010492401794717887,0.010413709936963778,0.010352729066585242,0.010306039534872191,0.010276650672352061,0.01026276582917951,0.010164788396151092,0.010144233982893214,0.009982972969001525,0.009590359982919683,0.009515418324364422,0.00932241868794903,0.00929701919361492
B4_heavy_curvature,5000,2,t3,900071,k2,0.05,99,0.14130845657908278,0.2748250248336337,0.2416281853420463,0.23102324401152038,0.19026973619736484,0.17765702474715603,0.17521702011983412,0.17366839572787324,0.1706230665919359,0.16807432374094902,0.16438689927725772,0.16352865136039008,0.1568260053100531,0.15535477347711074,0.15039883105909452,0.1478208957014316,0.14740627350808247,0.1438175488059032,0.14319076682581966,0.13614933959287395,0.13555748920298105
B4_heavy_curvature,5000,2,t3,900071,hsic,0.0,99,0.004882807007199233,0.011620865943911336,0.010160528200275337,0.009928997482043008,0.008983769459104486,0.008507796504003202,0.007405109953859138,0.007102038582492033,0.007057864011021103,0.006979152777181028,0.006939876053191731,0.00682427949779944,0.006691317460696149,0.006678950013726922,0.006655295882745594,0.0065322909122597,0.006469419360918669,0.00640752932904725,0.00624033707638051,0.006091248189658367,0.006076070628847669
B4_heavy_curvature,5000,2,t3,900072,k1,0.05,99,0.002030705863585558,0.014635823092408184,0.014576530587197323,0.013796342642721227,0.01286718899468764,0.01247541955222764,0.012276176265738181,0.012123275844615256,0.011859609067849664,0.011775681466960064,0.011495874070752032,0.01146775064458283,0.010843335631943618,0.01067606430145529,0.01036246188889689,0.010272373381610023,0.010118727205392308,0.01006367426072563,0.009783460891454765,0.009694039085982986,0.009683165625186785
B4_heavy_curvature,5000,2,t3,900072,k2,0.05,99,0.14458880174712366,0.263216297487531,0.23107783315000324,0.21246248000392864,0.21043871226315858,0.1979760643860306,0.19639012404251097,0.18908800719164476,0.1857362929539244,0.17986240391351196,0.17783702539310328,0.1718545754628483,0.1716925596394289,0.16949179840621686,0.15781570923254612,0.15587257748069594,0.15313621920690695,0.1522321023841909,0.15088132525469378,0.14925870224903448,0.147993834244608
B4_heavy_curvature,5000,2,t3,900072,hsic,0.0,99,8.607732696994264e-05,0.004501500219173049,0.0041017494725866565,0.003955120805225242,0.0038485699051912002,0.003602249072095336,0.0034422891325383517,0.003413380886857817,0.003155107874130218,0.0031160422533737394,0.002996889677778853,0.002835761242442738,0.0026738584930067646,0.0026635116530948563,0.0026080157680157365,0.0024114636090461594,0.0023983131666116255,0.002188014220243793,0.002167152967794647,0.002152627759510248,0.002125225652649283
B4_heavy_curvature,5000,2,t3,900073,k1,0.05,99,0.009621808394380427,0.016235722107763806,0.014529394321064037,0.012670247632743159,0.01241307408045389,0.012354371300202116,0.012273582622462476,0.012044255874109955,0.011989404470561515,0.01183978706483313,0.011394522095891757,0.011167818202035051,0.010743316523864843,0.010739983792190988,0.010727812086178234,0.010336305639571108,0.010299831345476296,0.010265785287217,0.010231240095578853,0.010221780446012296,0.010170409442560424
B4_heavy_curvature,5000,2,t3,900073,k2,0.05,99,0.18787917938995705,0.24839717785044182,0.24279167812984476,0.21881632490021566,0.21018643863409625,0.1955709058350604,0.19556492645300663,0.19120668137674193,0.16923215379103237,0.16796535578461494,0.16725698296716024,0.15920883053705473,0.15762916916457695,0.1517394829700312,0.1470481814048958,0.1433308880853715,0.14060275752441376,0.13997290936427234,0.13718408386621156,0.13697204327191184,0.13676280694899431
B4_heavy_curvature,5000,2,t3,900073,hsic,0.0,99,0.0030422917644638615,0.008769452149173287,0.0075947666854720665,0.007341772498712104,0.0070944271023068925,0.006782710585636357,0.0066194850560646525,0.0062612974493822405,0.005665988978107268,0.005634402308566272,0.005424521875475066,0.005213732395484008,0.004902879745716421,0.0048871526469558965,0.004864880742744928,0.004765892035388835,0.004500040612689428,0.0044778670819653026,0.004462371883114915,0.0044455302351717844,0.00442527914910343
B4_heavy_curvature,5000,2,t3,900074,k1,0.05,99,0.0059999157718868545,0.018325138754834436,0.016596642176917364,0.01416456193165705,0.014007902767381397,0.012637970193983272,0.011680147238322003,0.01148930462672837,0.011288819814477491,0.011121102681088346,0.010780377572556121,0.010631000719359407,0.010047829036091138,0.009970882953973415,0.009750610983862429,0.009718185190542683,0.00968057866402705,0.009410310302529812,0.009238228740527599,0.009203959667552053,0.009199073454025375
B4_heavy_curvature,5000,2,t3,900074,k2,0.05,99,0.10210649616832243,0.284150392134178,0.25118503982194496,0.21590096312711377,0.20835368215551542,0.20580851791367213,0.20573242626351995,0.19037431947346575,0.1689355647232282,0.1634906879964152,0.16282834595957765,0.15837001815940496,0.15459790832389378,0.14910863403012814,0.14663496568111073,0.14661931565850136,0.14049431425410988,0.14010727348842372,0.13767537092931414,0.13764900769290844,0.13611028313750548
B4_heavy_curvature,5000,2,t3,900074,hsic,0.0,99,0.0002692096476829301,0.006559293547634359,0.005328714856087491,0.0050979424533043145,0.0049906418723012205,0.004973617262434722,0.0046516912445635685,0.003965192899750162,0.003946502701786172,0.003946384742738341,0.0038828098478172236,0.003863979944344189,0.0037228819502100317,0.0036359027414474914,0.0034116854830560273,0.0033568540440393506,0.0033280205837979077,0.003158172892153221,0.0030952608639064918,0.0028334461671490276,0.0028281807597304335
B4_heavy_curvature,5000,2,t3,900075,k1,0.05,99,0.003842923825187805,0.01583858766714874,0.01311646868255989,0.012702423531632867,0.012056531087816125,0.011984116762209118,0.011405297585090679,0.011098457259510197,0.010901282883547192,0.010666814335169028,0.010589765232372761,0.010528474338479255,0.010496396384369056,0.010452295449916438,0.010364328677429091,0.01035832792371505,0.010302201184243964,0.010083513588815651,0.010021364610341754,0.009895758480122363,0.009874688747417038
B4_heavy_curvature,5000,2,t3,900075,k2,0.05,99,0.0662240164334088,0.24087336145174126,0.2083976097788633,0.20464182291936786,0.2023913443234323,0.1959404809508585,0.1879015730731765,0.18241788055681732,0.17938541738082664,0.17445795975604506,0.17000506092433268,0.1689079660505233,0.16156800791514092,0.1597895565185797,0.15477539869456544,0.1524263622104203,0.1497980995564167,0.14886007540002882,0.1422837962749037,0.14179444576522934,0.1398329616665229
B4_heavy_curvature,5000,2,t3,900075,hsic,0.0,99,0.001960881197671208,0.007129174769436004,0.0066684796966397855,0.0066115610520348185,0.0051119664080374475,0.005082736447290128,0.005007848667519682,0.0049240717484348865,0.004821879614355918,0.0047891746732487295,0.004783382569142016,0.004635472514287157,0.004444313841142873,0.004140945146809909,0.00411119530899226,0.003999085779449199,0.003956167061314596,0.0038597502181560665,0.0038009145834398224,0.0037245928866596464,0.003658463209272071
B4_heavy_curvature,5000,2,t3,900076,k1,0.05,99,0.0031807224235064213,0.015198615591802134,0.012050150111754698,0.011443483509422814,0.01125596659770356,0.010914165926364183,0.01078567305282152,0.010582982926376272,0.010330188231453152,0.010066293267883442,0.010037800018641962,0.009850098458698553,0.009775308683839246,0.009599994133718814,0.009436625315448421,0.009227586624729334,0.009125818693278331,0.008989119308247195,0.008634832842327245,0.008595320385823113,0.008570487045187036
B4_heavy_curvature,5000,2,t3,900076,k2,0.05,99,0.10061787573041989,0.3378616969200283,0.2526181283206528,0.2160867858783801,0.2001244667840317,0.1998637058364823,0.18612426710403587,0.18563364086553405,0.18076125076700383,0.17987775594125177,0.179125090912174,0.17201857976666451,0.1669853536859765,0.16459585192614865,0.16282642109191844,0.15969886952069162,0.15692721980988578,0.15549458793487891,0.15318496993180244,0.15242458279242768,0.1522014132529902
B4_heavy_curvature,5000,2,t3,900076,hsic,0.0,99,0.00016818725904666314,0.004371942855102965,0.004195141635211047,0.003956772555841315,0.003841113004914356,0.003776710420066614,0.003680217779219572,0.0034309256323379073,0.0034253099586165577,0.003357454926891399,0.0033060433505991797,0.003284414296876683,0.0032778001424243262,0.0031677037494625567,0.0031083748910382203,0.0030333833526715198,0.0027910420929785585,0.0026959980870943953,0.0026145632541239435,0.0025625944847725846,0.002332596689914893
B4_heavy_curvature,5000,2,t3,900077,k1,0.05,99,0.006911505892010283,0.01272870780451063,0.012678872257369855,0.01153684969307689,0.011246731699522394,0.010665061372850837,0.010577487167167332,0.010544088412054231,0.010507942435892481,0.010440208768385029,0.010357631522228461,0.010345750696333256,0.010282361857569478,0.010143620841331247,0.010018706851087633,0.009919229339907076,0.009572852459306724,0.009219919359260809,0.009129923779295779,0.009034128339639014,0.008983373124488048
B4_heavy_curvature,5000,2,t3,900077,k2,0.05,99,0.08982024081525791,0.26700781113472843,0.23531377347377755,0.23487206231841445,0.23043846006332266,0.21832825217725368,0.20476608906641594,0.203049926736422,0.19747471379283504,0.19529258293279111,0.19308192284232545,0.18852639683099431,0.18803514081998252,0.18500516802685646,0.18285001848616278,0.1826634992879082,0.17843874555880077,0.17377548460241124,0.16852592717336168,0.16352585437747102,0.16131504828747092
B4_heavy_curvature,5000,2,t3,900077,hsic,0.0,99,0.0004553696413447791,0.006081723718080528,0.0055415158041558586,0.0037099248237626647,0.0035906261806144925,0.0035386596724841296,0.0034956173399533818,0.003288936238494162,0.003256905921735931,0.003136943349793858,0.0026882281172309155,0.0025179327458074423,0.002493981563760149,0.0024538655383063257,0.0024485823249397708,0.002431770557340402,0.0024110398643749074,0.0023727648658642465,0.0023251244060058978,0.0022843461537367373,0.0022630645823145373
B4_heavy_curvature,5000,2,t3,900078,k1,0.05,99,0.0058599827778131885,0.014445729928575513,0.014254733453183954,0.014064132219024139,0.013180950739667407,0.013167004675609384,0.012650732957473765,0.01264140599236574,0.012273588747560016,0.011299035425499149,0.011282308416921794,0.011253160807803808,0.010656881904001159,0.010606813690750339,0.010542939969178988,0.01007438292309526,0.010011807869547917,0.00966509003012661,0.00965507364746887,0.009652265509784375,0.009611797526450805
B4_heavy_curvature,5000,2,t3,900078,k2,0.05,99,0.12926532338130492,0.2223553223489461,0.2180097500044735,0.19233065361455903,0.1891889747194514,0.1757265083754356,0.17005893006263473,0.1679943469111311,0.16718131096596503,0.16158474658062252,0.1604275997760083,0.16001623587059022,0.15743239321995578,0.1548860136888678,0.15196243121925704,0.1444190441174524,0.1406711919538843,0.14060476962059393,0.13762692505979426,0.1370184967719365,0.13667865077463792
B4_heavy_curvature,5000,2,t3,900078,hsic,0.0,99,0.003506411655506088,0.0075215566427808455,0.007485831133062984,0.007476588615699825,0.007454539209708008,0.0073153452863309295,0.006825164986032636,0.0067940311525989915,0.006350925932648117,0.006314943970416805,0.0061348236720010635,0.00611547397239949,0.005810908775721183,0.0057661890011782325,0.0056893650486237925,0.0055420649211000575,0.005446966750597735,0.005156405740748842,0.00504092310181276,0.004918650803352195,0.004839462231183502
B4_heavy_curvature,5000,2,t3,900079,k1,0.05,99,0.005913334003162962,0.015056197094524104,0.013221122184316925,0.012408763388086053,0.011917684642772985,0.011605231765751678,0.011596467208173089,0.011540360114611792,0.011469658336017319,0.011396758276327246,0.011045440655478411,0.010532525666819836,0.009919744389689678,0.009890434460236519,0.009696812658637977,0.009521596791441711,0.009478678704541665,0.009450477468631036,0.009318405760195825,0.009252409467716216,0.009130143584347716
B4_heavy_curvature,5000,2,t3,900079,k2,0.05,99,0.3355643065943708,0.272491037298612,0.2317289838257699,0.18881617599441733,0.18493597656809002,0.1733795435838851,0.16915532904347205,0.16045324033109976,0.15622857803092224,0.15002181166619857,0.14916048885971492,0.14865904804163244,0.14696705353025724,0.14516175882239427,0.14228073177350098,0.14200318212874466,0.141647062692322,0.14004286083444795,0.13361850324708535,0.13224541572909426,0.13223989778091821
B4_heavy_curvature,5000,2,t3,900079,hsic,0.0,99,0.0018871458080193095,0.006056510606219105,0.005210676631068557,0.005184938749388724,0.00507443792291659,0.004966250555727108,0.0049623314755971905,0.004929267097598545,0.004857789907489605,0.0048556304504114075,0.00410795778729644,0.003984221741074248,0.003939399301930512,0.003928445933803875,0.0038299603627681483,0.0037538175541227702,0.0037524155489625385,0.0036491559435899773,0.003642239551182503,0.0035982991617591175,0.0035189518885898933
B4_heavy_curvature,5000,2,t3,900080,k1,0.05,99,0.010338401876439418,0.016332419225965622,0.014744155175341889,0.0136592387825335,0.011177905148162748,0.010827909717505912,0.010094363888789148,0.00985659107227388,0.009806785211710634,0.009641580089649104,0.009402397531345086,0.009360151206086798,0.009350198310787539,0.009271906271660413,0.009233996052274374,0.009019052314232834,0.008898733255107039,0.00887451302139397,0.0088036392570926,0.008738775632128215,0.00859251846339848
B4_heavy_curvature,5000,2,t3,900080,k2,0.05,99,0.16622816973731278,0.2739904369212338,0.21891388754609886,0.2010999399100111,0.19982376389110482,0.19944305447873004,0.1949957646476833,0.18132321754512679,0.16877660828548083,0.16796594590541997,0.16622282447356707,0.1637884374007483,0.16332131929990223,0.16304399385401283,0.1616822376304293,0.15974685275091646,0.15789519084575612,0.15647523922663617,0.15492584507298002,0.15353399420283256,0.1510650653427655
B4_heavy_curvature,5000,2,t3,900080,hsic,0.0,99,0.003248131380871654,0.011497140089595344,0.009644346603740602,0.00820895126533716,0.0076616042528951465,0.0076290869944513635,0.00757037281286648,0.007335087298513249,0.007204588069771035,0.006850767306470435,0.0066562524533592795,0.006531233602322092,0.006516013052854553,0.006495610974733041,0.006236073585974343,0.006111484825434978,0.006095132015574816,0.005748594863323099,0.0056162637240994955,0.005339705998065193,0.005309118394954353
B4_heavy_curvature,5000,2,t3,900081,k1,0.05,99,0.004868608459751567,0.013883189290580411,0.012806477102447644,0.011636353051075465,0.01160476963830881,0.011531908743403152,0.011339430680094909,0.01107596502137953,0.010814034021002117,0.010636099406781119,0.010538752359625314,0.01020032071625443,0.010168646317338381,0.009984334592905708,0.009840453568895069,0.009450645684127346,0.009445937035154173,0.009403892889928933,0.009347087451702873,0.009294585847640757,0.00923146496376337
B4_heavy_curvature,5000,2,t3,900081,k2,0.05,99,0.14571192475896536,0.2972414162618968,0.26008171913604755,0.2516410128423164,0.20859522987016765,0.20660194613282498,0.19806159206095375,0.19631473117157774,0.1921301586415574,0.1919437102325903,0.1893523935064501,0.18131943966576958,0.17300287434088263,0.16941055302397054,0.16900181543462686,0.16579382450093944,0.16554365376832006,0.15838514635052775,0.15799880978450243,0.150877958564896,0.15086545134400353
B4_heavy_curvature,5000,2,t3,900081,hsic,0.0,99,0.0019368555866562847,0.005151708574531286,0.0048624507753488875,0.004497131057019994,0.004490862272597143,0.003913510247994678,0.0038506771684682895,0.003721717080724828,0.003720987807630117,0.003696674984668124,0.003636582354630381,0.0035944818361164643,0.003453072594069669,0.003376151417463971,0.00332930336262436,0.003269335953423164,0.0032689381336269314,0.0032560680376975027,0.0032198415381726876,0.003217192407471524,0.003196844654467625
B4_heavy_curvature,5000,2,t3,900082,k1,0.05,99,0.006817559770446735,0.012849064059643256,0.011260905952843236,0.011100610449566894,0.010518102535374219,0.010502769482667929,0.010425424462302324,0.010300955962384672,0.010025175416413123,0.009965724942933463,0.009890232396713161,0.009814081780774364,0.009729981426117695,0.009707228358318498,0.009654576845880003,0.009500842504993057,0.009353212281806078,0.009352302128097123,0.009270795305188817,0.009101864690530204,0.009034570727594171
B4_heavy_curvature,5000,2,t3,900082,k2,0.05,99,0.13151178093061666,0.310415707359822,0.26070269809390056,0.24748783267294297,0.22590265995215728,0.2105782607802717,0.19689319746064185,0.18943399604905156,0.18347832120257113,0.18279720069744887,0.1824373803968814,0.1730464655706684,0.1699418782179507,0.16607844115704243,0.16149994040063648,0.15876223488489,0.15208197748975455,0.15072456775398962,0.15002784569102048,0.14219430471848002,0.14186108692032592
B4_heavy_curvature,5000,2,t3,900082,hsic,0.0,99,0.0022277766065842814,0.007844974369286908,0.007093371215871869,0.00700540829117316,0.006321507125505339,0.006100296179157928,0.0060473361049229405,0.0057820834515847856,0.005299728138253225,0.005216161298380341,0.005159578295743267,0.005130786475251088,0.00480739069921556,0.004734267743925565,0.004503317591108045,0.004497967627857317,0.00416171114400039,0.004038579417852649,0.003732033791939292,0.0036659418062481345,0.003657348094508889
B4_heavy_curvature,5000,2,t3,900083,k1,0.05,99,0.005400023799277842,0.015875752176099822,0.015003494493049496,0.013579580306026795,0.010839051816251333,0.010627456118836753,0.01042121143981034,0.009840361224866645,0.00977444854349463,0.00969435209356262,0.009684583305037187,0.009565808849955282,0.00947857132427865,0.009334553320623495,0.009307865180278596,0.009235725264799322,0.009188324253021518,0.009179488479724607,0.009154209182930417,0.009152307706528529,0.009151451092754725
B4_heavy_curvature,5000,2,t3,900083,k2,0.05,99,0.0961120083646269,0.4436990518020813,0.38003742677247837,0.3497054045413805,0.2745173708079211,0.23489401796166356,0.23375268736262897,0.20011858359774923,0.16725165903649292,0.16591576941782663,0.16210051645941836,0.15809411252663194,0.1579160382480673,0.15762425625978888,0.15746236034825314,0.1556389730819491,0.1542706689458992,0.15241844526766685,0.15114512986403864,0.1482646868681658,0.14513004340485608
B4_heavy_curvature,5000,2,t3,900083,hsic,0.0,99,0.002338835256671468,0.008268029000123701,0.006859007587242914,0.005871248905104757,0.005738629961733778,0.005525072699211304,0.005020519251302469,0.004929581407215843,0.004915093532025029,0.00488304178980726,0.004792598542733455,0.004748294646566007,0.004708527251835695,0.0045830245543741505,0.004561815754331455,0.004365294013518892,0.0042795011925007955,0.0042528980607647445,0.0042506204699306795,0.004219478564633571,0.0040081904202553045
B4_heavy_curvature,5000,2,t3,900084,k1,0.05,99,0.0063598814504285395,0.015357655004047954,0.013020818564178027,0.011666131487151121,0.011123809900916326,0.011090840591372886,0.010543538604195435,0.010365600207642434,0.009556684182056796,0.009543661660894598,0.009529035433520239,0.009372778598182196,0.009355233004614605,0.009187942113710545,0.009150291228042562,0.008943865528826311,0.008852342217662068,0.00871715191748379,0.008715505466001194,0.008660196106432205,0.008489330933862282
B4_heavy_curvature,5000,2,t3,900084,k2,0.05,99,0.22374124338168577,0.30565510331234547,0.21219203533565117,0.20882968745043046,0.20672234935550102,0.1980571722314255,0.19611739812862125,0.1922630322454592,0.19003924868434877,0.1878860796658707,0.18441624004056037,0.18297886971768254,0.18159411169124545,0.1797686601123781,0.17649032657252733,0.17364201926002162,0.17016682043694223,0.16862802056442036,0.1676456250076274,0.16716500397013762,0.16708394151180547
B4_heavy_curvature,5000,2,t3,900084,hsic,0.0,99,0.0020715460890624636,0.013300763827830835,0.012668353528107662,0.01226343601779613,0.0113533874347369,0.011092254209759664,0.01047612930239381,0.010281575949553713,0.010276461209027673,0.010108857687901264,0.00947959781659068,0.009427292273442195,0.009146697324814903,0.008842575395499035,0.008764061976230813,0.008117164020683227,0.008080191627337998,0.007780589576077753,0.007591763523512651,0.0074669967984818866,0.007431323202680727
B4_heavy_curvature,5000,2,t3,900085,k1,0.05,99,0.008108635523581986,0.0131739247002991,0.012702491963852314,0.012318731151515272,0.012145700795188397,0.0108350437494521,0.010762847771333517,0.01052625853270539,0.010053882553383797,0.010010114491988853,0.00990717565160526,0.00987273178755732,0.009742891564667677,0.009571228061699522,0.009561397945426653,0.009360252985671225,0.00929356890381805,0.009149899575619513,0.008990812334938592,0.008932512136897386,0.00881967907782566
B4_heavy_curvature,5000,2,t3,900085,k2,0.05,99,0.05066830832020484,0.25630522103030295,0.2403255731937381,0.20622423365810585,0.20549144220567836,0.20439909435233017,0.20105031659474393,0.1855830495440052,0.18074738133990492,0.17291994102444555,0.16696988829265966,0.16394597501513206,0.16366915285157693,0.1631267569848517,0.15872870754235943,0.157801502322263,0.15747739883569853,0.1416562216730151,0.14146107430912455,0.13821659180294996,0.1381603567959066
B4_heavy_curvature,5000,2,t3,900085,hsic,0.0,99,0.003152750225509993,0.00938638851927608,0.007908433131980211,0.007869031005200464,0.007496801204359082,0.006837863854732362,0.006549793375706824,0.006496670373670608,0.00630554474384587,0.0062138039779734,0.006174797049207109,0.006134224087188605,0.00600327367579867,0.005638608055052698,0.0054713186373935305,0.005346508309548697,0.004972157901206927,0.004861270535859792,0.004826119905537244,0.004787883575747432,0.00475026725141279
B4_heavy_curvature,5000,2,t3,900086,k1,0.05,99,0.004159587793695962,0.02358919270938098,0.01727047257074399,0.013971444647968512,0.013561690748498445,0.013057277942547962,0.012733498804107124,0.012668354318514763,0.012100234819647948,0.011952914576171314,0.011905280001934915,0.011258818015267846,0.010883342692128206,0.010835034790436793,0.00977558195748629,0.009743541285484492,0.00974313025484752,0.009495943724406763,0.009232877830439579,0.009206711382458876,0.009186994287187944
B4_heavy_curvature,5000,2,t3,900086,k2,0.05,99,0.08245557641374301,0.3111368454946461,0.23725663846452247,0.22107322397075058,0.21442530788725553,0.213682781157077,0.21209627586569707,0.20937227004172507,0.18680712883414452,0.15809540000600034,0.15690662398233696,0.15129929908471942,0.1504062857549765,0.14730739110218782,0.14413377194801427,0.1436634595661685,0.14330177934596464,0.1417560434454063,0.13905094288070596,0.1349567356627515,0.1346354114344182
B4_heavy_curvature,5000,2,t3,900086,hsic,0.0,99,2.8514500135516574e-05,0.005188489902822197,0.003858240771945518,0.0038380506907595077,0.003815381366487922,0.0033789351271154375,0.003372868544037125,0.0033300438190418022,0.0032763768853212704,0.0032232018298095277,0.0030368822214629928,0.0028423315207342674,0.00280563391920406,0.0027092245305752496,0.002648945242872934,0.002505237219421856,0.002501245051832815,0.0024860994325260773,0.002476535249152768,0.002440050454217242,0.0024321880680165495
B4_heavy_curvature,5000,2,t3,900087,k1,0.05,99,0.003729644641084273,0.012413831392171892,0.012330379278584158,0.011755868780353285,0.011722383229676447,0.011293327491343153,0.01127804802055088,0.010939909284512606,0.010809358933801083,0.010527402325902102,0.010369674062955081,0.010310889616770846,0.010299646519385863,0.00993250612258334,0.009486962484197559,0.00942211934444237,0.00929889918544724,0.009232789354234994,0.009180184763236787,0.009108870328126129,0.008881007786264217
B4_heavy_curvature,5000,2,t3,900087,k2,0.05,99,0.09416914650490449,0.270430593870007,0.2692106532781279,0.2371712206702973,0.22323363230470414,0.20169294755962716,0.19027815161262115,0.18380937642868964,0.18329340958690726,0.18168211988970256,0.17508540718198318,0.17364531166230115,0.1690071903367504,0.16636209240498215,0.16263861605054294,0.15997220102620258,0.15769068380386572,0.1575116053171716,0.15551651175967784,0.15522858550023722,0.1515408594896838
B4_heavy_curvature,5000,2,t3,900087,hsic,0.0,99,0.003424857789142464,0.008632857988060008,0.008254616532710717,0.0077509650843778245,0.0073198254190811,0.00691999707829691,0.006856229666238845,0.006623230426825686,0.006222554017644087,0.006148723348655274,0.006038861159102488,0.005807216846193782,0.00569062140728745,0.005588297604873182,0.005557021773336516,0.005449363587323816,0.005260080068608917,0.005102230719979042,0.0050545596087586955,0.004855080915289869,0.004772028040384605
B4_heavy_curvature,5000,2,t3,900088,k1,0.05,99,0.007321770220718227,0.013885175339838463,0.013538540855162373,0.012562116111903165,0.012209984288660825,0.012087279435930687,0.011990398240668276,0.011967426321916164,0.011656975131762226,0.011587831338877863,0.011167109146293153,0.01105327460417449,0.010719079576180346,0.010688827136017043,0.010592336063547592,0.010260834644579164,0.010082665835017157,0.010069792970877511,0.009979734742509794,0.009884246337382385,0.009843249114010244
B4_heavy_curvature,5000,2,t3,900088,k2,0.05,99,0.07003257489235536,0.23667640844454665,0.222593668649765,0.2011852288434596,0.18791553352245283,0.1849149648796417,0.18171017922468943,0.17171760139932743,0.1683637818658835,0.1608383740098816,0.15381363136564263,0.15293371441460044,0.15003670666744215,0.14708498045739712,0.14703992932213616,0.14364110062223168,0.14258388882376033,0.14089121802413218,0.13973217327678925,0.13803445950855459,0.13755793977030098
B4_heavy_curvature,5000,2,t3,900088,hsic,0.0,99,0.002463401068804125,0.007419948589070853,0.005910391670683413,0.0054244953265984944,0.005329476499440158,0.005241484639405566,0.004978306004943052,0.004936548799054064,0.004903050166765037,0.004828751051031086,0.004788433717643323,0.004755086363988707,0.0047548003258646165,0.004504307313389867,0.004474787970600234,0.004438684587115549,0.004380486066770487,0.004169988470376572,0.004126900043027098,0.004016567755110872,0.0039044033230207303
B4_heavy_curvature,5000,2,t3,900089,k1,0.05,99,0.007683076049305959,0.013918872369835245,0.013364888898676708,0.013282690418185417,0.013250547605134,0.012718033249219274,0.012627930388908859,0.01251043820632769,0.011863333750155358,0.01185661087537504,0.011647790226179788,0.011471459475941637,0.011342734279249589,0.011253111705979424,0.010994468027997528,0.010942190884577374,0.010881989285205895,0.0106244583256907,0.010529246798533176,0.010506454973155721,0.01015760639534069
B4_heavy_curvature,5000,2,t3,900089,k2,0.05,99,0.11984190080244102,0.29153665053906797,0.26562322154939866,0.2638525047275128,0.21955935179868066,0.20110740190246956,0.1954629118051839,0.19294566062056923,0.18484620872282936,0.18388169043288433,0.17854760561893998,0.17328724636594353,0.1726843589040721,0.1726546673673682,0.1706256302748739,0.1552640712683637,0.153012308324505,0.15252267261585178,0.1496317986661009,0.14948056658257952,0.14201197388756842
B4_heavy_curvature,5000,2,t3,900089,hsic,0.0,99,2.4855414955292642e-05,0.0034980761402787805,0.0032544923657444897,0.0031827207724821334,0.0031407864964828618,0.002890255737876084,0.002879301693614492,0.002787960399109001,0.002681930404968783,0.0026625523253373897,0.002557908065501107,0.002556132052824875,0.002451680697501061,0.002442518913347828,0.0024357713706146702,0.0021449043942877483,0.002057180170562742,0.002028319702961399,0.0020232169525299147,0.0020214358286366535,0.002007208214387626
B4_heavy_curvature,5000,2,t3,900090,k1,0.05,99,0.007052067419185515,0.014207271798985066,0.014026216686342852,0.013754367885778884,0.013644322252605479,0.013372672345474346,0.013001821952908443,0.011957780213184277,0.01117301083357558,0.011086859672352567,0.010559077151284457,0.010558537466576423,0.010521635523872863,0.010416374439721765,0.010066000823724885,0.010051342247861084,0.009885832201544265,0.009451970138383503,0.009441897409565025,0.00938203300524676,0.009288447284256485
B4_heavy_curvature,5000,2,t3,900090,k2,0.05,99,0.10462567354398526,0.2682538572833158,0.22742494766872115,0.2084836342647569,0.19050926081966824,0.1798535467249046,0.17745330002501364,0.17739483220869037,0.17706695371533304,0.1686909709040393,0.16387781465568405,0.16211463075432023,0.16045302323699676,0.1582846858573327,0.15368672054472188,0.15318538411994154,0.15253732760100183,0.15076620959904613,0.14773149159301058,0.14749320698110865,0.144576064522093
B4_heavy_curvature,5000,2,t3,900090,hsic,0.0,99,0.0018812965661838144,0.005474276975461701,0.004910243775227569,0.004800632408205404,0.004756300761394563,0.004466442694251717,0.004458422046018306,0.0043519308393627325,0.004326500925976032,0.004177517407461697,0.004165632804862476,0.004140123488084945,0.00392795686815909,0.0037818741865967213,0.003664403440140083,0.0035498496534754763,0.0034425423905107876,0.0032886764766331383,0.0032498633982172465,0.0032480134993994212,0.003203157383979759
B4_heavy_curvature,5000,2,t3,900091,k1,0.05,99,0.00664735291308538,0.01628582966108616,0.014203297239057888,0.012693936657852123,0.012425115898523353,0.011872107830597,0.011537596693131258,0.011196444083260038,0.011093518859965124,0.010849234668983354,0.010578621640912278,0.01053333352390362,0.010531694033170447,0.010402241559571368,0.010350820969669217,0.010286770268724266,0.010279024810530779,0.010228959703873386,0.01021161760610334,0.010090605010716347,0.00959995474490205
B4_heavy_curvature,5000,2,t3,900091,k2,0.05,99,0.09377159715930465,0.25915505577726994,0.2331125716930621,0.21501810270240146,0.20801679158173061,0.1965732738219907,0.1904717965670422,0.18776359889158958,0.18371646807520436,0.16833413216267928,0.1631890866049925,0.16262798634324616,0.14492513572872,0.14250578991375945,0.13477599891132877,0.13411899813711503,0.12869606000022976,0.1282760970441032,0.12788056294973654,0.12754215363546392,0.12371564692875518
B4_heavy_curvature,5000,2,t3,900091,hsic,0.0,99,0.0013997492281425956,0.006162828028192666,0.0058442006854159045,0.005449504536514609,0.0050434753319062026,0.004771389968296397,0.004393778578370883,0.004152008394854371,0.0039817317703577035,0.003979179859399611,0.0038016233358009314,0.0037997593759983394,0.0037249922063018887,0.0037070330740197007,0.003625291221889259,0.0034996872043856057,0.0032906179441243594,0.003210629995309425,0.0031799277533304674,0.0031770049569716003,0.0030730494404673813
B4_heavy_curvature,5000,2,t3,900092,k1,0.05,99,0.0074395342495963135,0.015617919363498989,0.012538671961985215,0.011704472894925266,0.011666522385529232,0.010982267718019467,0.010708208652641882,0.01064225026868304,0.010570652005991832,0.009996264126416299,0.009600243329861424,0.009578369676924714,0.009576278333083166,0.009568643368813246,0.00954783700488715,0.00946745499096846,0.009422111864374694,0.009084068231846265,0.009029034028849914,0.008985552982151424,0.008868250262507149
B4_heavy_curvature,5000,2,t3,900092,k2,0.05,99,0.16773057048914958,0.3364953026499904,0.2491192589848228,0.2420449159700434,0.21156797458767218,0.20182073684651267,0.1988949202654842,0.19269004177258653,0.1893672420942386,0.18864375424949054,0.17867463240952416,0.17589372159596434,0.17418973582625774,0.1722287646864556,0.1678548742237073,0.16303391889414617,0.16233798709257682,0.16115214745755257,0.15826701039310886,0.15469535227532508,0.15424831496501545
B4_heavy_curvature,5000,2,t3,900092,hsic,0.0,99,0.0007384826664473832,0.005487087621677699,0.004431972772211701,0.004047469410734707,0.003878729410221155,0.0037164452199702014,0.0036600012794379064,0.003610709640502404,0.003542945292291182,0.0034941830027553507,0.00321399970441258,0.003162579140420388,0.003139007210908899,0.003113001747530615,0.003073215522004055,0.0030518162203475607,0.0029489765625256483,0.00280226119329072,0.0026850240127503943,0.0025689718655457425,0.002546013957758808
B4_heavy_curvature,5000,2,t3,900093,k1,0.05,99,0.00501208562459754,0.015939119902745436,0.013885536357657324,0.013471734198646002,0.013236124698207785,0.012299003165978428,0.012000487856291042,0.011955370009265165,0.011562607802120706,0.01121921434364126,0.01086880151009284,0.010678315916375025,0.010150891664867046,0.010032491439588842,0.009960382949900426,0.009952755706089667,0.009891707884764012,0.009883721868995665,0.009852247064999542,0.009745127537195364,0.009726956466391434
B4_heavy_curvature,5000,2,t3,900093,k2,0.05,99,0.11269016166957346,0.256427752502294,0.19189717656216734,0.18528705852232538,0.18080635274814358,0.18079518485566975,0.17418512562338356,0.1666622433989992,0.16260186361785553,0.1602277722691583,0.15893464707766541,0.15544857905943507,0.15295452976119847,0.14679482501548302,0.14602679975072996,0.14377350455772922,0.14198039247985933,0.13871167120372,0.13663374660082261,0.13574637856234553,0.13421102232667853
B4_heavy_curvature,5000,2,t3,900093,hsic,0.0,99,0.0030445538501727397,0.007931876149908024,0.006919770597827217,0.0060309140534244585,0.005906593685849868,0.005742304278272526,0.0057363784316519,0.005720577005181953,0.00566032825436865,0.005476732651972665,0.0054442405369903935,0.005422944612054967,0.005389170396957023,0.004954926036313063,0.0048967414232206664,0.004832029379047822,0.00460357739392603,0.004598791766462558,0.0045773947933615035,0.004527022656625661,0.004519371134959377
B4_heavy_curvature,5000,2,t3,900094,k1,0.05,99,0.005108178110636907,0.01723774979279158,0.014913633901295409,0.014120654177265046,0.012525114989698438,0.012304255828259114,0.011925224421542757,0.011767161151168826,0.011750464227977098,0.011268720468750049,0.010974398517921924,0.010665469244197867,0.010605900333278906,0.010593731748086643,0.010472377334609706,0.010421027664384686,0.010395597268617829,0.010380673710065458,0.010255445400500829,0.0100671363073358,0.009802231202513001
B4_heavy_curvature,5000,2,t3,900094,k2,0.05,99,0.0786395475243919,0.2826206723927507,0.24135160373483358,0.22876496320232123,0.20008079951857158,0.1831731703167644,0.17815124098151955,0.17626448327690217,0.17553629348418337,0.17434103936049122,0.17424090205895545,0.16746627327450167,0.16734584472587707,0.1589628754461869,0.15419516805805633,0.151812289758987,0.1510989531859635,0.14899855642442725,0.14725645131018059,0.1445122826835814,0.14167080248154995
B4_heavy_curvature,5000,2,t3,900094,hsic,0.0,99,0.0010636515054529647,0.0051172754329832535,0.004925526580608451,0.00484387523947514,0.004550053488945672,0.0041088847215467045,0.004086091321561219,0.003934569460969876,0.0039147047713364354,0.0038911180733262624,0.0037069388866627826,0.0036799017491980584,0.0035310056324209995,0.00301662833712657,0.0029809134832426997,0.0028569684958238205,0.002823344401232071,0.002700173821679257,0.002694551695531606,0.0025960951323868273,0.0024966343098765525
B4_heavy_curvature,5000,2,t3,900095,k1,0.05,99,0.006755497839100233,0.013960329486256362,0.012905709584449698,0.012637740231602468,0.011517938706575359,0.011391313612569176,0.01137787091741993,0.011347224370313103,0.011126529233220772,0.010739420919024023,0.010738680848880966,0.010304001121416828,0.010086960638337805,0.0100828688448803,0.009845169446335067,0.009778875630632622,0.009752687644158486,0.009723094797894793,0.009670137954331026,0.009477156108625318,0.009325802110514592
B4_heavy_curvature,5000,2,t3,900095,k2,0.05,99,0.1752568816456668,0.21136582443490412,0.20028485155769146,0.1972510532451229,0.1955189557171484,0.1915510485036852,0.18782604936713015,0.17942050148386113,0.17848811597687644,0.17265522867446867,0.16072398083561373,0.1596779701138244,0.159369153082203,0.1591481216368883,0.15777239630820974,0.15329200857580055,0.15090567423379975,0.14877530344445367,0.14798615338316234,0.14750212768609036,0.14725353692685225
B4_heavy_curvature,5000,2,t3,900095,hsic,0.0,99,0.00014853077994507192,0.006010227140536327,0.0058689711278992205,0.00541069666637859,0.00452811720192276,0.004364277445713098,0.004270615334303077,0.004229960415155128,0.004065884017798669,0.0036771134514878554,0.0035526991418890594,0.0035362888308871263,0.00344581801095225,0.003328082163903646,0.003266915715622639,0.0031936596566738496,0.0031537318173666504,0.0031041209089840024,0.0030519431897731387,0.002997370237639911,0.002985321187935823
B4_heavy_curvature,5000,2,t3,900096,k1,0.05,99,0.004184244639265811,0.016441365929336427,0.014285131569172549,0.013268944683062833,0.01253710519268636,0.011785911349094125,0.011782810960096368,0.011104811308770612,0.010877402011682635,0.010768726144111396,0.010739899105377648,0.010696119612683685,0.010668568473036877,0.010297009529139811,0.010017771132903253,0.00998387079121732,0.009649600526424496,0.009642629416610426,0.009498425162570379,0.009404739667800088,0.009301313295639324
B4_heavy_curvature,5000,2,t3,900096,k2,0.05,99,0.13859222530998627,0.36499851308102793,0.20846982517474538,0.19627826806848728,0.19438363497734812,0.1935183014692461,0.18732638324958908,0.17954678147223144,0.174657198249131,0.1698370407828463,0.1686358439951422,0.16408858616970456,0.1640847882346739,0.1640538590163022,0.16187608592570635,0.15758937958533947,0.1575244057031879,0.15062336423222228,0.14598239178840636,0.1450266484420897,0.14363459231574863
B4_heavy_curvature,5000,2,t3,900096,hsic,0.0,99,0.0018597877720744123,0.005802427336810543,0.004830103823170446,0.004664980800895959,0.004604350739316646,0.004587393265337536,0.004454292457871185,0.004442837270698145,0.004434294134788858,0.004420417930630416,0.0043065005560154685,0.0042259415067691175,0.004056680069998324,0.0038945823738233605,0.0038479411695779065,0.0038043138238718697,0.00377759924058619,0.0037503675949115225,0.0037311641884512723,0.003705975275949221,0.0036054488692768517
B4_heavy_curvature,5000,2,t3,900097,k1,0.05,99,0.003404185220722389,0.014141069358082015,0.013896509540419544,0.013443277436517409,0.01321614250350811,0.012411385848705048,0.011329706114420635,0.011060432259979991,0.010902180534423711,0.010898774452044235,0.010864199748956582,0.010808875718183897,0.010786198304333472,0.010775403702641628,0.010500244477357978,0.009950888171408656,0.009885706297824925,0.009703072647792799,0.009550886819858495,0.009456003233724863,0.00945592781828597
B4_heavy_curvature,5000,2,t3,900097,k2,0.05,99,0.06193605992556104,0.2916069214639235,0.2551142822467226,0.2137556349454787,0.20734528613201872,0.20153976254391376,0.2007967138296374,0.20018847340040988,0.19290586859284858,0.192428503728351,0.18858999580895314,0.18470119388041428,0.18453957805913462,0.18083715377361947,0.1767654127582963,0.1689658708657698,0.16424840964873166,0.15873961401975847,0.15784977418881935,0.15771069540736427,0.1574170168087226
B4_heavy_curvature,5000,2,t3,900097,hsic,0.0,99,0.0016139802725134082,0.0051600804344111495,0.004988908895827845,0.004765487508720607,0.004616057460227136,0.004527827904326289,0.004293241570198114,0.004237938145831127,0.004176890801732858,0.003985342510958301,0.003970607527524722,0.00384690150033272,0.003817680635299572,0.0036945362537913694,0.0036063579934281615,0.0036059485186530345,0.0035505744837083866,0.0034142727804550646,0.0034141570600053606,0.0034140285923403204,0.003409704770428996
B4_heavy_curvature,5000,2,t3,900098,k1,0.05,99,0.004291197097955446,0.020000198630467758,0.017177638988600363,0.015025524684631253,0.014218780804764464,0.013455509041392144,0.01313519261652274,0.011842817357729518,0.011730593534848288,0.011718139243761416,0.011593731043491817,0.011249024789500184,0.01118022303921784,0.01115632903558228,0.011100071886516627,0.010825990800575558,0.010557966713794387,0.010491639460721625,0.010304616609266515,0.010081189614573605,0.009878884460652992
B4_heavy_curvature,5000,2,t3,900098,k2,0.05,99,0.08205691317387415,0.3695956115029562,0.29232020277179116,0.2280725607065036,0.22401398280988727,0.2047375347163888,0.20453144017863906,0.2021749782819048,0.20028326054910536,0.18962109762739135,0.18111396017939527,0.17724799498128926,0.16787443015313824,0.15432677204836964,0.1506886751836403,0.1497670012807656,0.14623389230443387,0.14583409673055847,0.14310486635433003,0.1366977827923986,0.13382780414659348
B4_heavy_curvature,5000,2,t3,900098,hsic,0.0,99,0.0038328570385127575,0.008912991910323208,0.008821983350066644,0.008611772577870658,0.007707789666471383,0.007675348410940284,0.007442339292276199,0.007339132526103288,0.007318388851251751,0.007055092088201286,0.006987572115973452,0.0069395287457653925,0.006815010725622975,0.006741445469291679,0.006566191801305093,0.006514431865496184,0.00616077778916291,0.006089342023859592,0.006069412473862097,0.00595840180482908,0.005346699699814167
B4_heavy_curvature,5000,2,t3,900099,k1,0.05,99,0.0048025021926009215,0.014916667779317216,0.01391208643411701,0.013514580012649824,0.013285094108941409,0.013028443060596584,0.01297461381186038,0.012643882762909842,0.012246927261492901,0.011499399350253237,0.01125972958735455,0.011191993758002727,0.010909921505717679,0.010800712278793978,0.010712428359271997,0.01045711940232208,0.010044567688914041,0.009972620016651557,0.00992689312385897,0.009843513353218092,0.009770854596647172
B4_heavy_curvature,5000,2,t3,900099,k2,0.05,99,0.1512556679013122,0.4768377999836192,0.2806282458879832,0.2532434293263097,0.2390015169720536,0.2257146138721768,0.2249132035477389,0.20681662741575305,0.1909286011025112,0.17598085729890947,0.17418254469843147,0.1726665720308384,0.16428420429795823,0.16360431752003604,0.15778267479377037,0.15768599568019315,0.15550549726014715,0.15380264156902995,0.15177783868112055,0.1468938170779903,0.14450734398031115
B4_heavy_curvature,5000,2,t3,900099,hsic,0.0,99,0.0004902322152356499,0.008746009085176788,0.004991385403495651,0.00494335893675293,0.004422184580862819,0.004091973845569908,0.00400942522671113,0.0038259913022396746,0.0037090705014374307,0.0036803656571087985,0.0033550837856944726,0.003281599938518027,0.003277135644307911,0.003080690952827001,0.0030315724867650117,0.003016452424974463,0.002839425095491451,0.0027529570980835832,0.002684501343104372,0.002652530282533296,0.0026405903213075396
B4_heavy_curvature,5000,2,t3,900100,k1,0.05,99,0.005911086573279212,0.01392770675182975,0.013102676441081207,0.012157149294288905,0.012063127634932114,0.011831684892508298,0.011755720899227828,0.01168474104290329,0.010976772264995271,0.01093551148630345,0.01087120537002606,0.010842573497700125,0.010771542434865777,0.010601992802898863,0.010485957145622615,0.010427964166164205,0.010273683602132544,0.009683936748612454,0.009634782203136849,0.009625112288116688,0.009494993739857294
B4_heavy_curvature,5000,2,t3,900100,k2,0.05,99,0.06915166107062448,0.43489446984358987,0.2402039832385933,0.21273229292938198,0.21082729939257586,0.1971031055753623,0.19583951083697282,0.1912315824988039,0.17516231844408475,0.17396652894144843,0.16764334259280325,0.16725492470106781,0.16511409981446887,0.15845565209261248,0.14887894267720506,0.14828147925792198,0.1468346830948156,0.1456209088298981,0.14473057716020246,0.14434920320821745,0.13833748388363132
B4_heavy_curvature,5000,2,t3,900100,hsic,0.0,99,0.004425940802847452,0.01070279956672587,0.00998930923980669,0.009761099464327298,0.009217373242818494,0.00863886377076865,0.0080423594978372,0.007922245258469377,0.007895449137804735,0.00788306730752271,0.007814401219147114,0.007484675887654376,0.007421967076642133,0.0069730663694786855,0.006773947502635332,0.006644899719006628,0.006622244671977668,0.006572578785912289,0.006320350188626703,0.006297380366541071,0.005980807478614052
B4_heavy_curvature,5000,2,t3,900101,k1,0.05,99,0.004940069435527827,0.01404193050672009,0.012989545986735962,0.012944352285203409,0.012348818073161794,0.012213041494796406,0.01154483447462562,0.011333518055424263,0.011074029760134385,0.011043340754619213,0.010951961674626642,0.010709907001991925,0.010583558370905966,0.010581474277216563,0.010236458075326249,0.009937272373116923,0.009686198182023653,0.009639700813471319,0.009594072323633074,0.009168613938325576,0.009157671174796933
B4_heavy_curvature,5000,2,t3,900101,k2,0.05,99,0.17276448360317848,0.2541183202057371,0.25293513923455274,0.21930061765700057,0.19472875283745403,0.1663502319691783,0.164695813034667,0.16288661520645945,0.16241887244180034,0.16075725473503957,0.15940853995054857,0.15902634904004823,0.1587048062522614,0.15836156370569793,0.15477462531485928,0.1519783322992833,0.15160359532155668,0.15025376942186958,0.1500489635161702,0.14149052509529286,0.1375995326722523
B4_heavy_curvature,5000,2,t3,900101,hsic,0.0,99,0.0021450291689450447,0.012470755687893475,0.010148654326148265,0.00956648157717395,0.009374519706160484,0.008715455616150645,0.008593611241643071,0.008132626742600476,0.008066655648266323,0.007789990892486,0.007771731187676896,0.007402571319777868,0.00706812961422118,0.007066078068564391,0.006976136082787013,0.006290646871069774,0.005512977482587217,0.0053949109420679455,0.0053909746389160795,0.004786313151833619,0.004757006228727051
B4_heavy_curvature,5000,2,t3,900102,k1,0.05,99,0.006177261778816279,0.014464395076507097,0.012939977237027778,0.012348123754903684,0.012108589037417627,0.011706840837230614,0.011530775410450667,0.01135259748491979,0.011253223022499759,0.01099794657868991,0.010766373288844555,0.01052392760384202,0.010378288515204281,0.010372864284584282,0.010184820514880677,0.010166479285342755,0.01013351030267129,0.010049628121321819,0.009940273508972308,0.009859615789775678,0.009844462986178804
B4_heavy_curvature,5000,2,t3,900102,k2,0.05,99,0.2686555457250802,0.3838054632301142,0.33528218081236544,0.23341760580674223,0.23107519956534167,0.2174762998770842,0.2093511631741854,0.19443976857073506,0.19027195148237297,0.18791831561516611,0.18746122318095795,0.18296597103039464,0.1805498577270849,0.1786858998309269,0.17787960545782203,0.17538869067379703,0.16597787466350072,0.16422649195983277,0.16034661410682946,0.1584803595192954,0.1548143858413048
B4_heavy_curvature,5000,2,t3,900102,hsic,0.0,99,0.0010598272461219257,0.005025461028336481,0.0049312784044553215,0.004635208245680316,0.004535525791130644,0.0044699141969554235,0.004300170659983783,0.004275981005109952,0.00425185913071423,0.003928665018680391,0.0038308928853978967,0.0037434686836493383,0.0034322194179682926,0.0033113900213780456,0.003293551533256557,0.0032573852585936003,0.003124649995919407,0.00312209480154236,0.003113885116345309,0.003088147691982343,0.0030741809372696193
B4_heavy_curvature,5000,2,t3,900103,k1,0.05,99,0.006341304447785023,0.018344128637667323,0.015028263452738111,0.014675726224709362,0.013618797398094573,0.013207874575706824,0.013137933429946402,0.012931893257715155,0.012159744255686777,0.011762110583143137,0.011711910439078377,0.011642150961684972,0.010996973263233123,0.010953467182385324,0.01069561451639045,0.010689419373533071,0.010213735870179819,0.010011060006291705,0.00954550731905024,0.009446483256064675,0.009358170865552462
B4_heavy_curvature,5000,2,t3,900103,k2,0.05,99,0.16956302951825303,0.3220262999282671,0.25069967009600735,0.20222235821610493,0.19052977458509482,0.1862383213709548,0.17945531495714478,0.17346810443092434,0.17083428708654147,0.16676662336072376,0.16228297157646096,0.1615068917133505,0.15991666555858225,0.15840317280042168,0.14742736128731798,0.1443085639451984,0.13897758910464805,0.1389186589431659,0.1354399409910377,0.1349461930424699,0.13410114681874297
B4_heavy_curvature,5000,2,t3,900103,hsic,0.0,99,0.0005611330738494595,0.005041020422671546,0.004516164431721741,0.004303461485504033,0.0038559372522957475,0.003606054943660591,0.003510881861655834,0.003347869724105684,0.003174338765262233,0.0031601570858497815,0.0030959215070478037,0.0030918328725606002,0.0030386148394951668,0.0029175452335580966,0.0028427195937699044,0.002750623302076434,0.002629283394844452,0.0025676626053595677,0.0025660451154814745,0.002490682535141528,0.0024536765494909837
B4_heavy_curvature,5000,2,t3,900104,k1,0.05,99,0.008994373547753343,0.013301247760706958,0.013205812128654015,0.012986674827169087,0.012493426488146553,0.012094627150316617,0.011651428356442617,0.011464387681441202,0.011340859182363383,0.0112227306535857,0.01120580222932932,0.01051760766976717,0.010449169182272677,0.010364462371311833,0.009913277357394779,0.00989236744905897,0.00987038160096676,0.009788916481430432,0.0096514459707846,0.009405245512495664,0.009349189402625746
B4_heavy_curvature,5000,2,t3,900104,k2,0.05,99,0.1724733849253541,0.2441152818415923,0.23785064146660875,0.22702925716395925,0.21935674483077433,0.21733606588490176,0.21364963797861658,0.20087551968880132,0.19803992242221302,0.1923247419289223,0.19231976928286,0.18734891831974756,0.18471811416632755,0.18347158550962148,0.17692404437933218,0.17231023194459877,0.17013528845937304,0.17004268215700605,0.1681533737741959,0.1648394727475245,0.16261095742981296
B4_heavy_curvature,5000,2,t3,900104,hsic,0.0,99,0.000759721690578996,0.005674912195158101,0.005155085062035882,0.0049094054214818125,0.004821240791301713,0.004545864654044584,0.0044257769217116456,0.0035730946522775867,0.003427602064093402,0.003304412546044115,0.0031697535898744674,0.0031692585154694734,0.003126202029468337,0.003119054071909807,0.003113824397483083,0.0030860751219885835,0.0030196648578254943,0.002938179129783736,0.002756958594309554,0.002745470604070742,0.002706103721297123
B4_heavy_curvature,5000,2,t3,900105,k1,0.05,99,0.005790209524478285,0.016317039254826082,0.013401412826384074,0.013227792829415774,0.012820874019345174,0.012280216114038955,0.012137264677100634,0.011168027186600815,0.01095031845793415,0.010577735037717972,0.010301842900512836,0.01026802429308138,0.00989879674979044,0.00972856929391308,0.009636477284353462,0.009510822423065224,0.009505601708445166,0.009443931479099055,0.00936932307216154,0.009166014006597112,0.009087836939133509
B4_heavy_curvature,5000,2,t3,900105,k2,0.05,99,0.09145937495839737,0.26091806245566285,0.25702054901665616,0.2398048291840964,0.22228390552458063,0.20915826998493528,0.20368509259881126,0.19446994426531933,0.1842313469391423,0.17889036109253253,0.16992609449480522,0.16638923575326983,0.15739374045055,0.15599427324512538,0.1541183381782107,0.15215929433491973,0.1510478105481149,0.14867792896700707,0.14710118389207136,0.14592684068916978,0.1449697033013411
B4_heavy_curvature,5000,2,t3,900105,hsic,0.0,99,0.0008919369475789665,0.005341014710500284,0.004125049840969009,0.004015899570936059,0.0036505934127180786,0.0034836390282814954,0.003303208109956862,0.0032771740247563327,0.0031710299899749823,0.0030383886307114925,0.0028762686917890097,0.002869546836105737,0.0027429270657602636,0.00264549106071056,0.0026027234370524146,0.002551670075266424,0.0025185130115262353,0.002518285763938882,0.0025149848175095137,0.0024813513814273846,0.0024360795824388097
B4_heavy_curvature,5000,2,t3,900106,k1,0.05,99,0.005001565421764886,0.01678331311589143,0.015564714021166659,0.014603254407406285,0.013846215179411536,0.013267712058643855,0.01302328189781099,0.012822256680744437,0.01183814740810707,0.011657334361895977,0.011511485752957795,0.011391579710885225,0.011092184295398044,0.010746014909009838,0.010724169080077117,0.010458808125711205,0.010307736276455426,0.010172935981298203,0.010127416010931034,0.010113443640459852,0.009991729771538838
B4_heavy_curvature,5000,2,t3,900106,k2,0.05,99,0.10354027897934731,0.2653393362850506,0.23015134337645254,0.20225128692790156,0.174102630955374,0.1676065213393166,0.16265679740654793,0.1538583265592015,0.15118657805061944,0.15099926132991948,0.150499526554473,0.14825677848821311,0.14642360864107076,0.14368045672323534,0.14163786289740393,0.14069174485826874,0.1354611023923223,0.13522323368042588,0.13475327613793966,0.12988148084503748,0.12847962133983498
B4_heavy_curvature,5000,2,t3,900106,hsic,0.0,99,0.0013737053290706982,0.00552303012275963,0.0053088618549075595,0.005296243257461566,0.004536875779119944,0.004420152624251564,0.004282359865386336,0.004034275087233106,0.004016326662781438,0.003936704068226396,0.003826968627351394,0.0034773356759930187,0.0033873123089634715,0.003344348091265557,0.0033224921285507584,0.0033056108392916814,0.003216762439462525,0.003197239708120892,0.0031504108011633607,0.0030238684223651874,0.0028963726895478393
B4_heavy_curvature,5000,2,t3,900107,k1,0.05,99,0.004203598283811227,0.012874275925694123,0.012660871525833728,0.012273914048361534,0.012268711448053082,0.012265759091319217,0.012013527464332041,0.011706979632612469,0.011700995524191904,0.011485663603074014,0.010943448875977535,0.01073422024432824,0.010703147321260431,0.010600008519097814,0.010583644037017725,0.010573128034656154,0.00999162007468235,0.009975816344271027,0.009959344097561607,0.009943924902032442,0.00963105990713553
B4_heavy_curvature,5000,2,t3,900107,k2,0.05,99,0.07615089399045041,0.2239518085206539,0.22318132644519725,0.22242095711754956,0.21977637001296305,0.1941120851775925,0.18973735194573688,0.18896842245029785,0.1759941344330723,0.1735793191474638,0.17292431747861736,0.17224053932970182,0.1713811636090422,0.1708694723706702,0.16608301798267333,0.1535486161567033,0.1518125701005432,0.15103318496380233,0.14966517716573402,0.1457934048221227,0.14168607160872135
B4_heavy_curvature,5000,2,t3,900107,hsic,0.0,99,0.003470870700594896,0.006896606429690357,0.006852947134925333,0.00670912999015697,0.006157972972870917,0.006152096375574661,0.006136717640765187,0.006083151347919258,0.005886382877632715,0.005819140753070471,0.0058101512665925045,0.005749303074755655,0.005733808916480033,0.0055939462887163475,0.005499523793388338,0.005411749954274967,0.0053521268730845435,0.00531762038367849,0.005186750112354329,0.0051139392304811165,0.004988750016394073
B4_heavy_curvature,5000,2,t3,900108,k1,0.05,99,0.007651286481396902,0.015364951647596214,0.013871609260385331,0.011422940799397763,0.011229403475524147,0.011191500177794356,0.011020860759409223,0.010443838900061397,0.01004288930290842,0.009961809211232353,0.009791360677187666,0.009780466363487283,0.009617420656316211,0.009597638583523804,0.009535098530583097,0.00929724794619613,0.009296993078973692,0.009189735164093937,0.008966295093544296,0.008840892032483838,0.008663131744864883
B4_heavy_curvature,5000,2,t3,900108,k2,0.05,99,0.1392172227284739,0.3095453759493995,0.24392199511507084,0.23778095669173316,0.23182575368062236,0.22756416197150298,0.2275167519319337,0.21306114129584414,0.2057214674939073,0.1997635907658092,0.192348022872955,0.18097612445215802,0.17553840564360426,0.1687675121426155,0.16787970105529718,0.16430434226224325,0.1625016961464189,0.16213690435479372,0.15867082048522627,0.1580404863990823,0.15508512268315364
B4_heavy_curvature,5000,2,t3,900108,hsic,0.0,99,0.0007073021698177624,0.0058226263896865235,0.004750999588516873,0.004621211115639266,0.0043997936257205794,0.004314099992644454,0.003716612984223004,0.003674041902482883,0.0034486344115872967,0.0033298524206582655,0.0032965645647824574,0.003247679721942495,0.0032100592598258543,0.0030273895178765564,0.0029621832961410992,0.002948665768452035,0.0029149725559500035,0.0027492964632296743,0.0026581424017432837,0.0026206031192464534,0.002540049425599232
B4_heavy_curvature,5000,2,t3,900109,k1,0.05,99,0.003572082496792417,0.01181855817171773,0.01168958822353705,0.011227939892181404,0.011200710227507682,0.011113585409613713,0.01099592708866759,0.010878854028489648,0.010796331216082589,0.010766986972287507,0.01059820539711187,0.010578198246755544,0.010077722879854312,0.010039014613652975,0.010003753389976167,0.0097855049780462,0.009643218895615369,0.009565919318675897,0.009462139472513731,0.009339688291385984,0.009058380446803183
B4_heavy_curvature,5000,2,t3,900109,k2,0.05,99,0.1134109574918886,0.28277539221359677,0.27914345381109273,0.26995959752016085,0.231189985004806,0.1835634852028616,0.17347382503400738,0.17221614456089937,0.16864716984021597,0.16140407616908725,0.15982723846542418,0.15657489998606186,0.1499803184485036,0.1495974523441855,0.14836449763730675,0.14668733265078512,0.14642254628159143,0.14294128703161174,0.14142471001284906,0.1411473157756735,0.14093866921077042
B4_heavy_curvature,5000,2,t3,900109,hsic,0.0,99,0.0021143686616220897,0.0063172268498542326,0.005384914898823962,0.005124627632264196,0.004936995037103576,0.004582166258885366,0.004576666998210064,0.004472466191662387,0.004457432430732072,0.00440168561257338,0.004368799448048944,0.004266559839978826,0.004231873606094464,0.004052084943756681,0.003923537524331881,0.003850569202007061,0.0037710902774141415,0.0037572142123925177,0.0037223390324455977,0.0036159862793372576,0.0034955200920431095
B4_heavy_curvature,5000,2,t3,900110,k1,0.05,99,0.006544042685938667,0.01777540590666904,0.014749616041766167,0.013935855962402433,0.013695293254161078,0.01254172143140464,0.012496544580402946,0.012485470557669687,0.011601728749222051,0.011111018344447388,0.011078688842467654,0.011019633009963559,0.011010958091759115,0.010865922203449285,0.010844570394381803,0.010595175712797555,0.009863076379542868,0.009748660933554754,0.009680890480601279,0.009511954608827144,0.009458393611543214
B4_heavy_curvature,5000,2,t3,900110,k2,0.05,99,0.1563734530613054,0.25900163197116294,0.21077505646745084,0.1954631412419909,0.18965274382349634,0.18549053157175235,0.17657310818814453,0.1764334856282466,0.16989417978818547,0.1680561383615976,0.15768382089800728,0.15568238182248956,0.1555105672649894,0.15483419480150798,0.15098737697365316,0.14557130012716624,0.14470640928594733,0.14310263338803889,0.13977351335438312,0.13916675423254732,0.13462254345143465
B4_heavy_curvature,5000,2,t3,900110,hsic,0.0,99,0.0010633875051854382,0.005188732437276239,0.004700189887573931,0.004405729510625607,0.004215927982166165,0.003909384683214178,0.0038266979663914335,0.0037027842971772856,0.003689858533501611,0.0035989034743981164,0.003549511906731214,0.0034626519768546997,0.0033552084556181987,0.0033487247096239286,0.003151935950238827,0.0031202571335314983,0.003071113185170225,0.003038186688748076,0.002943345007428744,0.0029402389613556418,0.0029085336083366047
B4_heavy_curvature,5000,2,t3,900111,k1,0.05,99,0.008384949434727229,0.014470827762308458,0.012991442279037368,0.012224097650259225,0.011575833508763789,0.011028395069242913,0.010477630254271952,0.010354069914477626,0.010055314837509988,0.010009821465459479,0.009824105216083567,0.009769761159809986,0.009758175484365084,0.009751115774726093,0.009641671024587795,0.009490748553558026,0.009379262130546406,0.00937620128119332,0.009171526163693766,0.009161417244829884,0.009095186804980115
B4_heavy_curvature,5000,2,t3,900111,k2,0.05,99,0.18956795119149397,0.3194684156634567,0.2381514557731627,0.21220022194359364,0.20509286816409192,0.19424038387800127,0.1904036426505072,0.1897247831341942,0.16776900902268463,0.16750509727174678,0.16737029244220483,0.162893760777784,0.1617463963898316,0.16065378193036015,0.1576939358356278,0.14185001293831304,0.1399372209569643,0.13532627200660205,0.13378386983243382,0.13137508345562912,0.1301000898550411
B4_heavy_curvature,5000,2,t3,900111,hsic,0.0,99,0.0027521226332310788,0.006752263535114273,0.006601474155522922,0.006397637105661512,0.006304381753794443,0.006093366215282699,0.006035721153986314,0.005868369206008085,0.005656712077108574,0.005654900085822277,0.005510514078360563,0.0054122513587753,0.005397757922594626,0.005131571136164815,0.004941946492616151,0.0048491225351416315,0.004845837853919045,0.004790556805787606,0.004579133437700217,0.0044894486729332075,0.004412557672460754
B4_heavy_curvature,5000,2,t3,900112,k1,0.05,99,0.00598569445342878,0.017606554058360757,0.015176871002416936,0.012303312692653834,0.011454890621967806,0.011178172465776237,0.010751850306373156,0.010639594528024987,0.010502911536543591,0.010322996722103794,0.010268871208872543,0.01026358661181126,0.010178192329035274,0.01004553907310346,0.009900760939416609,0.009850453946599003,0.009785194993966795,0.009769096924919785,0.00969914972091157,0.009629049128918155,0.009436949283812779
B4_heavy_curvature,5000,2,t3,900112,k2,0.05,99,0.10937176133908692,0.3693426357656457,0.27852293741931644,0.24242019613495655,0.22969788862923052,0.20940282020142467,0.20438446275077674,0.20079527965542562,0.1918120203264931,0.1885949896035761,0.18155795960932622,0.1811371236883412,0.18081266386782932,0.1788382434006606,0.17681137252648874,0.17598037825640403,0.17278382205205892,0.1710778172821916,0.16721663421056543,0.16283059995267565,0.15993160427422656
B4_heavy_curvature,5000,2,t3,900112,hsic,0.0,99,0.0005181997087816937,0.005446802974207236,0.0048159031286892865,0.0046623926735053925,0.004118849857052233,0.0037195619742807166,0.0035482015944120903,0.003498836132136665,0.0033930713442333173,0.0029624605635673548,0.002842877648924255,0.0027677637946060805,0.002721067311144434,0.0026790908008357188,0.0026208778157757987,0.0025862363161371434,0.002561567122354279,0.0025596492879836766,0.0024672626539005813,0.002447031067907317,0.0024187484586685043
B4_heavy_curvature,5000,2,t3,900113,k1,0.05,99,0.006951337522212886,0.015163745728233868,0.014783409743977183,0.014190824987596828,0.012935879707226428,0.01269927491736278,0.012034410367376847,0.010772088935588897,0.010650100235542248,0.010590476290676332,0.01043479082426002,0.010340633628957985,0.009897484014698033,0.009604236604752292,0.00957261995904879,0.009406505000289389,0.009291869529070573,0.009264371193016596,0.009225092406205171,0.009033982305892807,0.00879710486428753
B4_heavy_curvature,5000,2,t3,900113,k2,0.05,99,0.2502415863775818,0.274319780788841,0.2727588808154891,0.259103840488897,0.24423774597902798,0.2309057816928856,0.2258599417582801,0.22019743330500047,0.18937679177196462,0.18624519206626897,0.18592924904579144,0.18567844481887658,0.18366197079611404,0.18365978541818845,0.1785361798268756,0.17434894190031006,0.170905397549663,0.17054046184936394,0.1665830307164498,0.16209307234504003,0.1595526085202913
B4_heavy_curvature,5000,2,t3,900113,hsic,0.0,99,0.0014420509448625116,0.007573919102548768,0.005268983875033537,0.0047815982766316965,0.0047803930955596695,0.004708766175086899,0.0046840469650714905,0.004591645338718485,0.004482045147260583,0.00420341951087374,0.0038264340855180792,0.0036913142146318477,0.003689836990768687,0.0036334807398947407,0.003630522401988337,0.003569217981762992,0.003507501920896408,0.0033074406976519866,0.003256530025623901,0.003205657881272146,0.0031933518963767403
B4_heavy_curvature,5000,2,t3,900114,k1,0.05,99,0.006743371746531501,0.014564482138517909,0.01281335099609604,0.012741463135417685,0.012638270431249654,0.012247072860914976,0.01195814976045484,0.011784973058783343,0.01164511929155454,0.011354286299895877,0.011160339519641127,0.01083854666979256,0.010682409552290384,0.010602717680875062,0.010562918802844101,0.01043279640399275,0.010428474220386397,0.01039483065828306,0.010155133991570753,0.010113503078306718,0.010069471766632976
B4_heavy_curvature,5000,2,t3,900114,k2,0.05,99,0.10294664754631677,0.24047593629644828,0.23282891846503406,0.2324471481789565,0.21721410112759593,0.21414346058656245,0.20792611409121364,0.19846808883302447,0.19518018473849064,0.18287068007753096,0.1789458104835114,0.17420149844772012,0.17243125285426686,0.16640252206090062,0.15907094848992093,0.1519193950658673,0.15097781842153826,0.14524766939157674,0.14431974677949921,0.14386190025741377,0.1420702591232236
B4_heavy_curvature,5000,2,t3,900114,hsic,0.0,99,0.00040273195706091097,0.004805698793686419,0.00454000940913973,0.004227028906724118,0.004192445670623919,0.003988713851356167,0.003956990757998301,0.003700816249866378,0.003657202165264695,0.003420109446158605,0.003300930215518936,0.0032388454403388727,0.0031197706075692983,0.0030149917551622685,0.0029755732458941735,0.0028391781016992583,0.0027468472665691827,0.0026342799177477227,0.002554315116616164,0.002552984563164251,0.0025308453551787413
B4_heavy_curvature,5000,2,t3,900115,k1,0.05,99,0.006713752921521654,0.014328800943038233,0.013627514849741895,0.013541472220654938,0.013043450810843349,0.01187899069704934,0.011730828162091922,0.011613601660813266,0.011541358607704555,0.011513764872371768,0.011369272182040535,0.011293511167648207,0.01123523835033502,0.011074442079438529,0.01078324445224188,0.010565262162149591,0.010319067712327379,0.010191003887605743,0.010130139709919384,0.010095555199566841,0.010057109663764274
B4_heavy_curvature,5000,2,t3,900115,k2,0.05,99,0.13877726507075105,0.27090443975687833,0.20794624634177594,0.20220974983516807,0.19781007842802234,0.1928586245109185,0.17854686934049316,0.1753756719252473,0.17388288532454882,0.17279722303893663,0.16810255938318824,0.16727707955128504,0.16608808431237768,0.16521809751584912,0.1648500603866299,0.1644928614695024,0.15773860887675206,0.15747818705788263,0.15697862978874222,0.15650866050066653,0.1521815625397839
B4_heavy_curvature,5000,2,t3,900115,hsic,0.0,99,0.003198454767539544,0.006804786288032267,0.006641733349552413,0.006397410175817033,0.005775662998968557,0.005643359994181744,0.005192084124883223,0.0050159849435765964,0.004710506891273347,0.004516455539601991,0.0044898258259250525,0.0039613958175710945,0.003915060855714742,0.00389964089038999,0.0038922865361490735,0.003851795652209681,0.0038102367340226238,0.0037942562364245576,0.003777083317026317,0.003741965669544723,0.003725237298221346
B4_heavy_curvature,5000,2,t3,900116,k1,0.05,99,0.0070504036241161305,0.017100347946866323,0.015522088138866241,0.012241165676190602,0.011843283951548544,0.01178597903561085,0.011723717336868167,0.011651085446483522,0.011574976646255841,0.01149641193376405,0.011326660562498536,0.0113174828006819,0.011086093559095955,0.011050539288798067,0.010889802885261313,0.010831584520060944,0.010775405622189926,0.010192338589104066,0.010175345526196922,0.010062754795028384,0.009992545826076005
B4_heavy_curvature,5000,2,t3,900116,k2,0.05,99,0.12808263318438343,0.2382055849371947,0.1977893414607308,0.18588641172209452,0.18335298762694036,0.18181655246769884,0.1738750433391594,0.16775256632729177,0.16583453354073813,0.16426671325628964,0.16213268467116218,0.1584907861930654,0.15294937866161323,0.15209688525356485,0.1515707199352566,0.1420578305750174,0.14174742752834504,0.1332191264333809,0.13117912027422604,0.13061472334992816,0.12677513856892936
B4_heavy_curvature,5000,2,t3,900116,hsic,0.0,99,0.000789848796342975,0.006280142657271212,0.005605255504384923,0.004978373717835112,0.004935112574909033,0.004916699276925272,0.0044770136572995735,0.004372144782523081,0.003865389340240732,0.0037971718156597804,0.003796195741617247,0.003778768086180632,0.0037267147962458265,0.0035983267615085474,0.003548531071705109,0.0034144467404016885,0.0030770227199683627,0.0027951823504967195,0.0026599740447550636,0.0026300511945337554,0.0025611468564206616
B4_heavy_curvature,5000,2,t3,900117,k1,0.05,99,0.005221394045072825,0.0133034969232102,0.012802765763031965,0.012594789733567646,0.011299587693813229,0.011273538439946162,0.01111828325173525,0.01070448386163858,0.01053793623409216,0.01048924553883901,0.010466843285772298,0.010059440155318122,0.009985688598845521,0.009552308505890394,0.009085803496616807,0.008942147355807673,0.008894603805742252,0.008775339889711353,0.008708052155656065,0.008591738988616537,0.008486518886460681
B4_heavy_curvature,5000,2,t3,900117,k2,0.05,99,0.060334348574023255,0.3450750603092877,0.3035981930006203,0.27726031638254245,0.2541172447151185,0.2304265101704382,0.22220218931664654,0.20346508353564285,0.19975533072552548,0.19861421528381748,0.19195003137572483,0.18068030993221032,0.17997735268633236,0.17967320950956112,0.17795100722728532,0.17406576461974768,0.17378617839991795,0.16269531728799755,0.15964832432694942,0.15452638123300472,0.15238775669755228
B4_heavy_curvature,5000,2,t3,900117,hsic,0.0,99,0.0003019625459571636,0.006408043593779419,0.0049084502154627015,0.004511511873084342,0.0037870288711351996,0.0035089892002244994,0.00327337111796385,0.003216311133832392,0.003139070522117435,0.0030204841384523324,0.0030087373525477276,0.002933922185024962,0.002895646155512505,0.002869820166165387,0.0028476072514652022,0.0028139815355209007,0.0027803542672726537,0.0027751386282921565,0.002679442661171975,0.0026163422371163355,0.002562818397334068
B4_heavy_curvature,5000,2,t3,900118,k1,0.05,99,0.008915835878907763,0.017339934165441773,0.016474270769365362,0.013717166285443172,0.013278264810991036,0.012559274290565692,0.012152745100874607,0.011687514803346843,0.011460197965961205,0.010875907040791888,0.010309059672196197,0.01026415441980666,0.01021859955802007,0.009930899568721174,0.00990443837917887,0.009728398960174633,0.009712165262824146,0.009659259716373492,0.009593160731858896,0.009522861396782933,0.009483525634500611
B4_heavy_curvature,5000,2,t3,900118,k2,0.05,99,0.3244212138116621,0.32415546499173525,0.24140624007453088,0.20176830516737485,0.20167206471460486,0.19968480543555076,0.19172366100500113,0.19148905769390778,0.18921186637807866,0.1788868343847944,0.17677058198381154,0.16801460187971448,0.1663243483211477,0.16353081044483933,0.16038834328374454,0.15620213344267583,0.15614654536520015,0.15347925900037387,0.15292698032718477,0.14996409162110172,0.1484655571358493
B4_heavy_curvature,5000,2,t3,900118,hsic,0.0,99,0.0025496400073877004,0.007429557758017404,0.007386745611163555,0.006898005443071718,0.0065776120693226345,0.006211372063577108,0.006099947824357904,0.005899837301779143,0.005804015170310034,0.00571450759319537,0.005350633692604096,0.0052380922280345745,0.005227098115717187,0.005196370669266456,0.005113556169198676,0.005088476625262918,0.005074618170634409,0.004975988046352789,0.004623238029808096,0.0044597934400037375,0.004431076035006512
B4_heavy_curvature,5000,2,t3,900119,k1,0.05,99,0.0071261112815593775,0.013574508773799843,0.012633062781640336,0.012615056660535084,0.012614672824468154,0.012513032883146091,0.012449788065977074,0.012441146307235473,0.01214989104105002,0.011147578714395423,0.011006097636622192,0.010369516344139185,0.009905642521562785,0.009725721383060382,0.009473538875657495,0.00936739932890096,0.009233217442662589,0.009214533456915364,0.00882103760822417,0.008662251093108031,0.00847758002513277
B4_heavy_curvature,5000,2,t3,900119,k2,0.05,99,0.13168079678215883,0.29231445820499175,0.2456261279434753,0.23940038784697193,0.2260632806341124,0.22409492212701385,0.2083553497935142,0.2063393028621818,0.1955065525288148,0.18507001252021074,0.18253785715883383,0.1694957583849545,0.1666765729070939,0.16646563576506848,0.16417096432050438,0.1560612941469301,0.1552300645366827,0.15035486588436034,0.15029846559458548,0.14847755527213924,0.14429427956104504
B4_heavy_curvature,5000,2,t3,900119,hsic,0.0,99,0.0009034723376482379,0.00567790374277565,0.0055082307041125315,0.0052853421844308345,0.004083887807851924,0.004011925000096785,0.0039365233372621235,0.003914981697929388,0.0039123266801214624,0.00381742433165306,0.0035847757332887497,0.0035293037783736807,0.003506255476265184,0.0033895155389605607,0.0033289092916268873,0.003317199578311532,0.003314950496949659,0.003216567471710455,0.0031703394704570885,0.0031200397095498713,0.0031077487660341515
B4_heavy_curvature,5000,2,t3,900120,k1,0.05,99,0.00991538675277115,0.014264151391866209,0.012612725004733982,0.01243876155402679,0.012287903016744761,0.012183355246120686,0.011620568375579454,0.010959911538043543,0.01077032166800429,0.010683692020052371,0.010637574745663292,0.010565267265439604,0.010437897037635424,0.010351939173619207,0.009836653392466643,0.009832891824850143,0.009781321979979496,0.009593343381986585,0.009455234780573418,0.009382462781689638,0.00933982793942334
B4_heavy_curvature,5000,2,t3,900120,k2,0.05,99,0.156883019370082,0.2623737760199808,0.238160633308056,0.21884728099916695,0.20317050922221774,0.20256652075951667,0.20103499155740442,0.1906142444359355,0.17594571857560687,0.17392981122697387,0.16903976403708368,0.16886699784124187,0.1669346912376693,0.15470297954455375,0.15461005821124707,0.15425156502990758,0.14351354432341312,0.140932314178948,0.13800017810967477,0.1325968717193273,0.13246382586998715
B4_heavy_curvature,5000,2,t3,900120,hsic,0.0,99,0.002982646507747363,0.008451140780317775,0.008168866238558501,0.0066299614662585615,0.006452832857972666,0.005959948030643427,0.005794423425905525,0.005495910818749656,0.005472573106683664,0.005356980225567912,0.005253200390119077,0.005205624195138121,0.0051010283700765316,0.004929291725355874,0.004926969181250003,0.004799721850463215,0.0047233808140324995,0.004702785700421532,0.004692720602145922,0.0045325646313652155,0.004441109413575589
B4_heavy_curvature,5000,2,t3,900121,k1,0.05,99,0.004277536139542959,0.014956453245665413,0.012322932763559002,0.01173530704803627,0.011670980096030958,0.01148166935366901,0.011428396018400844,0.011206536377190157,0.011078458873756691,0.010923483305893322,0.010486871879443305,0.010470025066223632,0.01043042552533191,0.010280978869888657,0.010205531889056374,0.010151112873038493,0.010081632617586433,0.00980705526741854,0.00966616079782101,0.00946689295761205,0.009243953443867192
B4_heavy_curvature,5000,2,t3,900121,k2,0.05,99,0.1259345696817994,0.22973387744741258,0.22928397386963972,0.21430312680064698,0.20290199357605618,0.19281950945298096,0.19242924446388876,0.18981250868526717,0.18777601149443734,0.18524229288728508,0.18069709943052117,0.17943184795838896,0.17860887774458273,0.17747407367699553,0.17482156606133833,0.1742055552414867,0.17407539868480199,0.17373093458793903,0.1502717962166747,0.14978527963626187,0.1470337555035055
B4_heavy_curvature,5000,2,t3,900121,hsic,0.0,99,0.00028721254407320875,0.005871060990407026,0.005206956987254529,0.004091118792377268,0.003815021335147626,0.003812419073234282,0.003760950522615732,0.0037296284357178004,0.003477218929634726,0.0034698110898951397,0.003246764910167206,0.0032157014374146185,0.0031532725935966783,0.0030757267808748474,0.0030518930669149926,0.002865903920108479,0.002859643681035672,0.0028509777517964894,0.0028070509845242904,0.0027238270061550585,0.002717135287617117
B4_heavy_curvature,5000,2,t3,900122,k1,0.05,99,0.0036617656141475496,0.015408027752761178,0.013809274655352866,0.013187590196824917,0.012097108522019062,0.011911282747101293,0.011746754472930054,0.011509469496087,0.011168604758280742,0.011031499603258332,0.010217936583191034,0.010101697265036846,0.010086887660662902,0.010063088232399875,0.009631213144145057,0.00959655413261451,0.009335366680833679,0.009265336744333053,0.009236737946043072,0.009038204821553597,0.008953035467525683
B4_heavy_curvature,5000,2,t3,900122,k2,0.05,99,0.2583423935414998,0.4035271647459003,0.26279067051274224,0.2599065922843325,0.2217181852728142,0.2211461543209666,0.21781498559210175,0.21542084641603582,0.1910010674513592,0.17836925878688764,0.176707571585717,0.17331600726565924,0.16609645788204339,0.16599226378234994,0.16405055894882054,0.1630653591020127,0.1624595935527808,0.1591178962650809,0.15894444142792494,0.15729397782593327,0.1508107250252063
B4_heavy_curvature,5000,2,t3,900122,hsic,0.0,99,0.00153015569917935,0.006330840166159533,0.006192970243149702,0.0053169569478827994,0.005209368886013904,0.004738809816084769,0.004708763906060409,0.004512135109737945,0.004325187569280755,0.004224289079142379,0.004166013516341821,0.004112441654009036,0.004041046233749508,0.0038897199868901,0.003734861474172854,0.0034337267643720936,0.003302539010278505,0.0031965548391423198,0.0031687692965100653,0.0031481958496273085,0.0031272627713509016
B4_heavy_curvature,5000,2,t3,900123,k1,0.05,99,0.009202088310675594,0.013416267063212084,0.013185676038090843,0.01236090371644405,0.012143253451341707,0.011826967584569359,0.011775176781257168,0.011749116513988689,0.011698461590980647,0.010931175981166219,0.010907450704981336,0.010821017367091179,0.010630644637670161,0.010090286431332363,0.0097742748564571,0.00969100855350391,0.00960279518838869,0.009474089291611087,0.009245256543002567,0.009153394021426786,0.008962929390537777
B4_heavy_curvature,5000,2,t3,900123,k2,0.05,99,0.18882975171818187,0.2729905482908777,0.23958090564266538,0.21955552888015448,0.19057802050070147,0.18738490555438572,0.18522076949591718,0.1834100538161951,0.16626175857825118,0.16070062806458965,0.1559425546231126,0.15540688164875194,0.1544564430413242,0.15165362147931535,0.15086346621868818,0.15036375718334818,0.14975736111734497,0.1488504393435277,0.14816580691961,0.14088671778487225,0.14067275225273382
B4_heavy_curvature,5000,2,t3,900123,hsic,0.0,99,0.005928430171902985,0.014902695815656012,0.01126495265333801,0.011034125540314691,0.01089768493071198,0.010647787466115088,0.010089267037532957,0.009744117709118247,0.009511193958327993,0.009298136484044334,0.009127338862039957,0.008865464808588087,0.008818815143830795,0.008793459136349333,0.008558559221783425,0.00855324988712799,0.0084382285780626,0.008397941456058579,0.008328968691916456,0.008091266381540039,0.008002908879205146
B4_heavy_curvature,5000,2,t3,900124,k1,0.05,99,0.012091795312961229,0.013538623875789857,0.011542194286249585,0.011390195358554456,0.011360423002588438,0.01127365452633855,0.010845375926419099,0.010834279931549506,0.01078713697629674,0.01075794643364758,0.01074303534246368,0.010693826739965662,0.010359434674977686,0.010115831974535583,0.009747525666105372,0.0096976293996337,0.009513323422826514,0.009500461707353969,0.009386902933746777,0.009383300619238533,0.009345242365111472
B4_heavy_curvature,5000,2,t3,900124,k2,0.05,99,0.29751584860591795,0.25171947234029896,0.20042112657232436,0.1766923367382499,0.17483478606718547,0.17473851722635686,0.1725844304369451,0.17121394813466634,0.17078936646688664,0.17046434990632356,0.16897191144152504,0.16835320804222847,0.16753152522452902,0.16415569749073375,0.1631878527834141,0.15539386777842873,0.15424766243574745,0.15263348087822676,0.14973122329882435,0.14847541615633914,0.14531136878226283
B4_heavy_curvature,5000,2,t3,900124,hsic,0.0,99,0.0018828371761194923,0.008572834732422365,0.005894733863760054,0.0055260621574325045,0.005423992284649583,0.005382067005319431,0.00537406977988819,0.005147261054005739,0.005046034668949187,0.004860345614951142,0.004679835964409891,0.004674171028174856,0.004661574012187212,0.004631315195250407,0.004525464638669981,0.0044631684044918575,0.004447998406243007,0.004392921326698314,0.0043899520759639425,0.0036702692099296343,0.003658233197662774
B4_heavy_curvature,5000,2,t3,900125,k1,0.05,99,0.007992244109802815,0.013037765301585402,0.012952422664772034,0.012129560672136885,0.011708196716479602,0.011700022122889009,0.010739724243214899,0.010707397151723752,0.010575534298445599,0.010428535178722553,0.010319374958147054,0.010142853781925587,0.01008734933694988,0.00999783023276124,0.009889461845599357,0.00968277185684685,0.009539315223119349,0.009462865871291193,0.009217894683946959,0.009085789201261019,0.008844459378478553
B4_heavy_curvature,5000,2,t3,900125,k2,0.05,99,0.16386558695809642,0.26724820236211655,0.2388060292800697,0.22705045245701674,0.22211302652566142,0.21947969758553243,0.21880491383447573,0.21568793017771232,0.20299561374087374,0.20072939730439776,0.19788558235529002,0.1922591148358821,0.18955431453945606,0.17961049776056723,0.1794258038203698,0.17878053023221863,0.17618906768410975,0.17411576922141409,0.1706986300368964,0.1647365563022547,0.16286050681346695
B4_heavy_curvature,5000,2,t3,900125,hsic,0.0,99,0.00026292764243357236,0.006308688464719349,0.005949778065127593,0.005712994083274183,0.00532702796826074,0.005318473352081795,0.005038784545056387,0.005015936395403857,0.004676025431649925,0.004431673322246717,0.004189492169593534,0.004132386905598293,0.003949341626941855,0.0039121210713013626,0.003589809818452849,0.0034358599372179676,0.003304640734786371,0.0032976785853790387,0.003172038078298981,0.003137881920781538,0.0030472565313239726
B4_heavy_curvature,5000,2,t3,900126,k1,0.05,99,0.005032151296003984,0.0159780834585298,0.014666038883510257,0.013865422449257037,0.013327961231007102,0.01289901356102452,0.01238222462770433,0.01207319906447879,0.01196627267156869,0.011341390233568394,0.010985122309126294,0.01083092815156328,0.010629468168319445,0.010383960166981177,0.010380668882467803,0.010308049455711954,0.010214229052379786,0.009757671057462614,0.009719543096375127,0.009688649888165535,0.00949581075333028
B4_heavy_curvature,5000,2,t3,900126,k2,0.05,99,0.054428389654931665,0.24562438600104114,0.2330359875261964,0.22521083689611818,0.22051873901575844,0.18471144326078962,0.17054131710326936,0.16862911343368672,0.16809173418387172,0.16711298433923089,0.16036648910614662,0.15398423564714186,0.15161797179553554,0.1493278513188524,0.14866501405997568,0.14773483766337575,0.14427974211539163,0.14160719830241364,0.13569637659861528,0.13515500660256247,0.13203835322920002
B4_heavy_curvature,5000,2,t3,900126,hsic,0.0,99,0.0005788173671846101,0.005588720032101165,0.00505961949872987,0.004814386531837671,0.003849376064572704,0.0037757562725524003,0.003508339370119103,0.003481407357703124,0.0031832160564730753,0.0031802128695771364,0.00315033785733257,0.003099694846824152,0.0027980602994939455,0.002761579463211929,0.0026890712205806084,0.002663568187558205,0.0026476894438591564,0.0025652891537665846,0.0025421825418677356,0.0025275387640534383,0.0024322981268246418
B4_heavy_curvature,5000,2,t3,900127,k1,0.05,99,0.004609245114680971,0.013255740738924104,0.012030931435202619,0.011885664110540262,0.011241594419209244,0.01073909962944386,0.010526856498336068,0.010397661453334095,0.010160766072675576,0.00971058701483729,0.009581319774138342,0.009412294310876979,0.0091988743884035,0.008774434908287887,0.008687911202297616,0.008676703800948649,0.008610258994131037,0.008515651560029314,0.008496842131656579,0.008492045670449921,0.00846157701051331
B4_heavy_curvature,5000,2,t3,900127,k2,0.05,99,0.08980660381031198,0.28434068041634414,0.2814676244393972,0.2619575435366323,0.22259784426268828,0.21667056763899994,0.2152321052089425,0.20749621216884195,0.19144708502222407,0.17426089479147464,0.17152345114030795,0.16931097471635162,0.16784050081920035,0.16681057641868838,0.16601426629346028,0.16327471265965934,0.1628250560683612,0.15830668092119216,0.15190978166329624,0.15013896980737626,0.14720772915356667
B4_heavy_curvature,5000,2,t3,900127,hsic,0.0,99,0.0027498891305448325,0.007158226771568965,0.005789661235799182,0.005786202104452773,0.005258393298109232,0.00520538807770231,0.005157628886751765,0.005102448610204921,0.004859494424485367,0.004732348917593211,0.004724604491307873,0.004647948438253659,0.0046085871235106565,0.0044985588133115385,0.0044425655553915165,0.004346653636567414,0.0041087474350616675,0.004073177053883174,0.003966334035647976,0.003964805899676261,0.0039270669690235635
B4_heavy_curvature,5000,2,t3,900128,k1,0.05,99,0.004319908869822586,0.01320912842571631,0.01225169792604519,0.01130972262593477,0.011122138053343722,0.010867488234030387,0.010727107948746317,0.0106345797244487,0.01033774713686697,0.010249370305252858,0.010248126281024672,0.010130198347574115,0.010127238097758617,0.010034684081078438,0.010025139948296125,0.009615126745539215,0.009545985540396096,0.009543334780217516,0.009487713472892234,0.009311943826436853,0.00922126055515271
B4_heavy_curvature,5000,2,t3,900128,k2,0.05,99,0.18508247036558134,0.39951603346160375,0.2535513192062321,0.2374626805275122,0.23452790734267578,0.23114241806033356,0.21874156736197908,0.21868242273138164,0.19942604998376026,0.1979592549174565,0.1890117616748335,0.18586803668104243,0.1858528392498951,0.17841011654316682,0.15511647788964847,0.1543528290055407,0.1539975603562127,0.15298622018961464,0.1526330533344091,0.15230669723240017,0.15052927576796762
B4_heavy_curvature,5000,2,t3,900128,hsic,0.0,99,0.00024685330905418177,0.005950737651918445,0.004941890114722094,0.0037918809107379743,0.0035825734257370224,0.003537969559520996,0.0033496344347547554,0.003072553175349967,0.0030533496116096023,0.0029957960094660193,0.002993865905278158,0.0029823138669967902,0.0026321334203609705,0.002584300658126429,0.0025046019560210483,0.0024194933524236866,0.0024137431925623154,0.002327507197046569,0.0023177410008016763,0.0023060547604955234,0.002238017373667062
B4_heavy_curvature,5000,2,t3,900129,k1,0.05,99,0.007744116787508415,0.017586647801601463,0.012926555539854445,0.012046523415360944,0.011954858202490315,0.011894124120547578,0.011804402642293987,0.011790348032133968,0.011416765457243128,0.011267186610378954,0.011172140959620047,0.011125017654685543,0.01066874397897244,0.010665948879894471,0.010502396397840785,0.010011975098649706,0.009991599373746385,0.00998318072775728,0.009860112687103295,0.009841642583957921,0.009722387172185765
B4_heavy_curvature,5000,2,t3,900129,k2,0.05,99,0.088178666723452,0.24815024906598332,0.2355992778876098,0.23027965822532315,0.22640476560575637,0.22489637356361936,0.22277676623723555,0.2131067126224331,0.20787407884333445,0.2057874161988708,0.20007819818818756,0.19614570615707017,0.19527900711856774,0.19461157027125645,0.1851594624814431,0.18135764641943702,0.17915205378737736,0.1730103289218314,0.16727857243863023,0.16142184163899595,0.15872686478246495
B4_heavy_curvature,5000,2,t3,900129,hsic,0.0,99,0.0015572785428764097,0.007282804528718604,0.006013016009587081,0.005377058094907843,0.004991075792696358,0.004961581216422708,0.004577415740735617,0.0045583616189069295,0.004531016652027183,0.004190380404509861,0.00414297941192236,0.004117825942540587,0.003658947086847372,0.003592233017104873,0.003578357618487004,0.0035457568722440827,0.003460679317519822,0.003413044739878944,0.003373125459751109,0.0033596966051774152,0.003349444395160001
B4_heavy_curvature,5000,2,t3,900130,k1,0.05,99,0.0035231712839766116,0.016243417803282312,0.01482207982052941,0.014612595143594032,0.01421447082307048,0.013195564798582748,0.012844072261833817,0.011620569717351148,0.011306651268091716,0.01126328186380654,0.01102006616456419,0.010843573618885993,0.010821030940351362,0.010733093624561985,0.010682193481924118,0.010660511010738949,0.01055744844908968,0.0105515798783542,0.009921580454131496,0.009798718630605774,0.009796977444147648
B4_heavy_curvature,5000,2,t3,900130,k2,0.05,99,0.10130634080427456,0.3697556278262707,0.32108989648344666,0.2704574299326312,0.24016253884850927,0.23272854567343326,0.2172139604463803,0.21448664695059752,0.20036426295349102,0.19704115884762288,0.18709980672296664,0.18309478440717264,0.1824409194732523,0.18180661136612328,0.1805823333125026,0.17468691962977673,0.17317976815365282,0.17142297491217887,0.1677405527338248,0.1661294049224165,0.16368299046569348
B4_heavy_curvature,5000,2,t3,900130,hsic,0.0,99,0.0002232891951840802,0.004303916542339259,0.004070297963489597,0.0037978372761959507,0.00363669487420851,0.0035838172601097584,0.0035823637378374997,0.0035591897348864025,0.0034845633853608404,0.003455321400820543,0.0032608274033092883,0.003259210734852532,0.0031601000489696733,0.0030868490877074654,0.0029664248745239464,0.002908794572477116,0.0029042959675594886,0.002855124202199326,0.00270884504233279,0.002583508879210087,0.0024591827011347556
B4_heavy_curvature,5000,2,t3,900131,k1,0.05,99,0.005697337865113394,0.013816592744334999,0.013324003528800032,0.011576973468527152,0.011440765445194345,0.011148266685806152,0.010750209926488341,0.010343900411409312,0.01033675547481272,0.01030195436725001,0.009895294617948136,0.009687321660549753,0.009636765110498158,0.009550289911160359,0.009472002160394677,0.009468966646023036,0.009329590877094396,0.009274023912478335,0.009246977399061551,0.009202236567310229,0.0091031119816124
B4_heavy_curvature,5000,2,t3,900131,k2,0.05,99,0.14183074709824567,0.2559998883131888,0.24661898964179427,0.20591163123160297,0.20072591455614214,0.18103620959989872,0.1800580217207571,0.1788599484146183,0.1723697816602615,0.16559365099571563,0.15907817254269488,0.15714113727902054,0.15146932779877903,0.1511707038463651,0.14971185819616642,0.14487431987444313,0.1426580977136666,0.14167824333925028,0.1371453234087682,0.13646886417610876,0.1354232740943022
B4_heavy_curvature,5000,2,t3,900131,hsic,0.0,99,0.002379496590303901,0.006575504384163173,0.005721392472991191,0.005621928169674748,0.005174721733222087,0.005091930714552132,0.004990375513012799,0.004950948177855448,0.004625591091316026,0.004550372512964769,0.004387635836971331,0.0042347247906770885,0.004234722657832623,0.004226859581347046,0.0042217438393968645,0.004214302323537238,0.004175086559336001,0.004157799816885207,0.004072672669018828,0.0040398949609685006,0.003989590248385264
B4_heavy_curvature,5000,2,t3,900132,k1,0.05,99,0.003394590826545585,0.01381519511164886,0.01366993525787985,0.013198343371857768,0.013080567015924416,0.012573010825247755,0.012459559703544176,0.010852148078024149,0.010813804259715676,0.0108052393171707,0.010734038518809386,0.010587949019857379,0.010409887138825624,0.01010022301161273,0.01004789352408375,0.009994294732587061,0.009987849882087674,0.009776349969412346,0.00959043896937184,0.009288042039989675,0.009219218214077785
B4_heavy_curvature,5000,2,t3,900132,k2,0.05,99,0.09709060012345747,0.3235665346607704,0.30897437852474463,0.2911513281003045,0.28713023547316474,0.26569512252049626,0.261243409573986,0.20125735804245265,0.19347433334385683,0.19240874222764576,0.18985546413540055,0.17999250107747206,0.16854784649245486,0.16624507384872916,0.15508591400316488,0.1535379141464896,0.1520056642383495,0.15183532624231683,0.15056050980890842,0.14641188299211544,0.1456491722238898
B4_heavy_curvature,5000,2,t3,900132,hsic,0.0,99,0.00011170170739538219,0.0076931251795295625,0.007634626725952178,0.00582617207844364,0.004987915878029122,0.004649645574658374,0.004097787582772188,0.00407808441577162,0.004034657642054999,0.003956180155010337,0.003516808176177256,0.0034606310068100855,0.0032745170394265295,0.0032036150532039065,0.0031233211640517814,0.003073124895834583,0.003023193281654392,0.0030047671353061367,0.0028454292715952355,0.0028212726234942307,0.002818815574314119
B4_heavy_curvature,5000,2,t3,900133,k1,0.05,99,0.011929729758715979,0.014799270363319517,0.014447350378741453,0.014286483112820658,0.01379570981199385,0.011863122922940894,0.011832576498883363,0.0115027640405857,0.01111667151226814,0.011012593976903906,0.010747998978554274,0.010745077144224013,0.010347222470026063,0.010311050071391992,0.010134112522490524,0.010117651268804706,0.010076366739665499,0.010039806034832899,0.009761053847918144,0.009750568644715685,0.009661605959135788
B4_heavy_curvature,5000,2,t3,900133,k2,0.05,99,0.07439084011448113,0.239142802616514,0.23607015655485225,0.2300655850059405,0.22985901718782056,0.22560065633321444,0.22528774439805907,0.204408476080332,0.2017563394549841,0.19358343954239735,0.19177843318089988,0.18285359021264583,0.1758743640074786,0.16828404392353777,0.16727846136565447,0.1582698998962982,0.15564953354632174,0.14957649344684915,0.14880088386021284,0.14806604841916796,0.145892452915794
B4_heavy_curvature,5000,2,t3,900133,hsic,0.0,99,0.0020996521339096785,0.006377230966809749,0.005420196086714136,0.005219494801628134,0.005047609876201565,0.004940489014523369,0.004875471538331275,0.004710464176928387,0.0044786013371905025,0.0043812033489368605,0.004256865974841956,0.004243058303636578,0.004236863759522023,0.004191139791744439,0.004184274625312499,0.004177535003247182,0.004162831948767549,0.004106498266364171,0.004101179422082817,0.004055567715230677,0.0040326792160374466
B4_heavy_curvature,5000,2,t3,900134,k1,0.05,99,0.004571297781870487,0.01691449053579719,0.015254966500421241,0.012756195481013921,0.012604531705267319,0.012241866113276711,0.01199840899807647,0.010619410814789898,0.01051799155929023,0.010184447677423769,0.010172645772368094,0.009754287397919392,0.00971411592612137,0.009614221995564831,0.009351321078002739,0.009300224243432575,0.009287479225831952,0.009189377346431327,0.00916247870860143,0.009131445243806269,0.009113023428191425
B4_heavy_curvature,5000,2,t3,900134,k2,0.05,99,0.07098047608217102,0.3572240385368365,0.3518680007346548,0.26116323473809877,0.25695383720307,0.25473276905440007,0.25239982785269344,0.20986404079828763,0.19433915450241238,0.1927091720986753,0.18917701950457533,0.18219177121777178,0.1762613194681604,0.17620825524531886,0.17515775371977083,0.17174055867923696,0.16574448862111696,0.16446014781941898,0.15817243974153908,0.15739527341078394,0.1560231506913649
B4_heavy_curvature,5000,2,t3,900134,hsic,0.0,99,0.0015937926280171378,0.006064099318310564,0.005889081495484693,0.005705079796081967,0.005247014386739483,0.004834696454365009,0.00461432280131855,0.004606864461860579,0.004535675014122558,0.0045318408678979225,0.004136380357080324,0.0040630562304053725,0.003953625838042615,0.0038762120972092233,0.003858384891235442,0.0038212829069893144,0.0038064678584892194,0.0035622310121632894,0.0032961061117256323,0.003130363874029674,0.0031225512138371237
B4_heavy_curvature,5000,2,t3,900135,k1,0.05,99,0.005978498152251821,0.01479373289420427,0.012274008399667857,0.011941937549477033,0.01126639079479197,0.011158713121965258,0.011082267041022997,0.010870934646936004,0.010699375310176285,0.010453729769053788,0.01015237042258621,0.009940118356402294,0.009681648417322775,0.009650739867817393,0.009336108220148298,0.009155456391713557,0.009060206967953732,0.00889173346543115,0.008882848521723385,0.008613140012442844,0.008531108703770274
B4_heavy_curvature,5000,2,t3,900135,k2,0.05,99,0.08383797846434358,0.25844195804181636,0.2414506650191235,0.23884335451731453,0.22454832921889367,0.22308113242551122,0.21807942742956335,0.21212861927129747,0.20870558401966796,0.2059421456735405,0.20562334832941562,0.1868058146608582,0.18626468078182698,0.18600773806124352,0.1815898541065658,0.17601624324209042,0.17260715900825277,0.16828496207383775,0.16727903199087168,0.1651649231118442,0.1634669634078304
B4_heavy_curvature,5000,2,t3,900135,hsic,0.0,99,0.00032024365715638145,0.0054218921572756484,0.004084321551865581,0.0039945231056513104,0.003771978117914458,0.003757871527793698,0.0037088288320354904,0.003597308070782033,0.0034824847900283857,0.003480840231276629,0.0033464780362053455,0.003226297778783805,0.0029958846628053717,0.0029168856581529502,0.0027437266208714057,0.00268999670711419,0.0026661723237060278,0.002509853036832259,0.0024457041985051445,0.002383710716823601,0.002347294840794037
B4_heavy_curvature,5000,2,t3,900136,k1,0.05,99,0.004377872716925912,0.016335363254029622,0.01368035585287497,0.013473351977557946,0.012606296935273265,0.012207251901602656,0.012156676737410832,0.011842573161298109,0.011622502232331966,0.01145649426474915,0.010886389819356967,0.010717949023016926,0.010607243105419384,0.010520910754282076,0.010508572343519762,0.010101345403357609,0.009996669135005742,0.009975771241224063,0.009947344476084141,0.009903450001445102,0.009878253665991488
B4_heavy_curvature,5000,2,t3,900136,k2,0.05,99,0.18942307246574863,0.2684998156812624,0.21582232776425958,0.21019753152974113,0.19814719469242995,0.18336692766692073,0.18308408483601438,0.17899608963308797,0.17538848698989806,0.17495734988700326,0.17166397659234714,0.1689239881749352,0.16107349495323736,0.15480163134606462,0.15479769663715806,0.14914511810689215,0.14641134556803506,0.1459376729758502,0.14538196188756922,0.14365950239792943,0.14012456464650597
B4_heavy_curvature,5000,2,t3,900136,hsic,0.0,99,0.0007099209691272759,0.008692399372418537,0.007942020945886833,0.006152271623704216,0.005341342549999452,0.005326135353172935,0.0050455130897818865,0.004952746972281942,0.0047345479896452975,0.004547721628357163,0.004543790896061014,0.004426000067779477,0.00437025679497682,0.0043115266008709515,0.004235874044228373,0.004115164345398085,0.003916990203608911,0.0036360634987852337,0.0035616084204053806,0.0035338397556175507,0.0033861929184869667
B4_heavy_curvature,5000,2,t3,900137,k1,0.05,99,0.003182970549822528,0.014051365619693112,0.012963355577800928,0.012777369481124845,0.012151166396137225,0.011963982632692716,0.011846794618360579,0.011560081232481756,0.011525845121761358,0.011219725744522124,0.010883286865192243,0.010830864227177495,0.010789195898407544,0.010281417748856159,0.00996244254081291,0.009924252313641801,0.009909896723985234,0.009785408827411635,0.009506733368427889,0.009471910977125075,0.009436274264176148
B4_heavy_curvature,5000,2,t3,900137,k2,0.05,99,0.1338886268616637,0.30951008295100946,0.2559396361196288,0.23895838656727994,0.2180162298479152,0.20347836722848625,0.20243338124516286,0.1993847771682544,0.1909999946350177,0.19018034380965765,0.1784952194245611,0.17469240635317523,0.17345590484652867,0.17320644674704835,0.16960092489439357,0.16740009160535615,0.16274838749555567,0.1555917788096215,0.14987963946658786,0.14899068702080334,0.14829680463996195
B4_heavy_curvature,5000,2,t3,900137,hsic,0.0,99,0.0004335890389475516,0.005672719732216887,0.005637866793348248,0.00488066623031735,0.004659316788068469,0.004290353429706836,0.003797773518593077,0.003655692613160325,0.003285205939889556,0.003142682570067091,0.0031241935906376763,0.003024869293373625,0.0029931987668660822,0.0029593231185172995,0.002782001754514077,0.0026022409005809484,0.0025085228282712684,0.0022794877485279143,0.002265864809458943,0.0022596019738064512,0.002256269218154796
B4_heavy_curvature,5000,2,t3,900138,k1,0.05,99,0.005585093321568313,0.016147789889706332,0.015661581646507328,0.013042027137230128,0.01237037946296915,0.011676045283921077,0.01112344848435054,0.011122865613265365,0.011106921199345532,0.011101199264349604,0.010623117617671762,0.010451914023344555,0.010382562013085628,0.010114300302471957,0.010097902605334497,0.01007328371402727,0.009693698011253193,0.00968758233480116,0.009614695446387156,0.009394907078920545,0.009345133705435216
B4_heavy_curvature,5000,2,t3,900138,k2,0.05,99,0.08686521952384044,0.2636509806014914,0.25477696656962384,0.23670007520616024,0.2276285709870875,0.2142457278318454,0.21384056128214923,0.21366776667567403,0.20564546369565645,0.20135024840268692,0.20026013275366272,0.19424762487860942,0.18966020184881235,0.18529297641886447,0.18271374682253017,0.1718247614566557,0.1695988163488714,0.1689722840534333,0.16397478661923115,0.1599794531368916,0.148257953889243
B4_heavy_curvature,5000,2,t3,900138,hsic,0.0,99,0.0020783743463665613,0.007855395285325471,0.006727416065127193,0.006614432106061224,0.006297978560698817,0.006297689734127011,0.006208281335856795,0.006130595936655281,0.005984208663840413,0.005381167339675004,0.005136403344556513,0.005075093864429783,0.004756308991348638,0.0047536567199553004,0.004597098916024249,0.004594549957233231,0.004500490458128033,0.004465018380757887,0.004345042349804697,0.004306812717588004,0.004166444954649873
B4_heavy_curvature,5000,2,t3,900139,k1,0.05,99,0.008718700858120654,0.012948764736135598,0.012558146209222576,0.012253171520262618,0.012098432078065824,0.011602299333990818,0.011398216808969241,0.011196999300408628,0.011069113186441437,0.011002978415938114,0.010943023509758953,0.010792558151544673,0.010731534997860948,0.010397955082253718,0.010180599335743445,0.009825924850528467,0.00962745376660945,0.009529950553404776,0.009506222690638388,0.009414937959492109,0.009153179263112432
B4_heavy_curvature,5000,2,t3,900139,k2,0.05,99,0.10229939924240367,0.2983850687808583,0.28181752754919664,0.2629812537610732,0.25491202573512495,0.22666239974427185,0.2212218200160494,0.20490844434813033,0.19340663736456098,0.18878002846119035,0.1866558617125611,0.18623254373604042,0.17801806091283764,0.17028380679221164,0.16488032100939728,0.16077484360048955,0.1606446113111153,0.1592813060790248,0.15798120220486755,0.15749012917621394,0.15310432631247373
B4_heavy_curvature,5000,2,t3,900139,hsic,0.0,99,0.0015576152951990087,0.005765781820649751,0.0053830229898750885,0.005346032340385335,0.005334839800480109,0.005281016600256909,0.004958487930426281,0.004815791924234832,0.004640957401332559,0.004567750960190602,0.004494205245266269,0.004137024892332078,0.0040753515231057025,0.004059480134077914,0.004022682495580356,0.003790370903055765,0.0035506094074980966,0.0034971756798616916,0.00347176922642726,0.003368896714197458,0.0033406397757126654
B4_heavy_curvature,5000,2,t3,900140,k1,0.05,99,0.004780952372238634,0.013768880002932637,0.012087024223047416,0.011870987767162444,0.011814002522934852,0.011512689954449984,0.011333261538708506,0.011257818658204188,0.011217892920018735,0.01111933696486167,0.011095741818130889,0.010833575032550669,0.010726061360717964,0.010504251643310147,0.01039809248869239,0.010186196291442795,0.010010218013126293,0.009921972726861905,0.00981479537033858,0.009665384927734055,0.009578773334040891
B4_heavy_curvature,5000,2,t3,900140,k2,0.05,99,0.08361391834020387,0.4845752650432461,0.24997961906225788,0.24894212975386995,0.23960992815545143,0.23627138639338496,0.23100484626492077,0.22629950903516136,0.2157689742983037,0.2100465208025802,0.19343366167410977,0.19026985791961945,0.18666159715133104,0.16271637038142156,0.16255723734403973,0.16191987450569212,0.16086188861081954,0.15892831840749966,0.15839884969889373,0.15494633602787233,0.15486365246453468
B4_heavy_curvature,5000,2,t3,900140,hsic,0.0,99,0.0015741545888016215,0.005127297026965774,0.00482025722634245,0.004787938208798209,0.004702285195824774,0.004583402658467746,0.004551536568177417,0.004504290797025037,0.004465503787858436,0.004320723458856635,0.004218919161402147,0.004197898206760879,0.004100218713201045,0.004020511333169482,0.003999878836178155,0.0037359818009654205,0.0036164502508542777,0.0035604506502482053,0.0035427150996545998,0.003484700647245134,0.003351030463072553
B4_heavy_curvature,5000,2,t3,900141,k1,0.05,99,0.008105896413053482,0.014780711665331348,0.01399060770322802,0.013662334588463665,0.012379758520090545,0.012362184282954658,0.012061228696971238,0.011451296883272288,0.011193688066839846,0.011041794109040604,0.010912695021292329,0.010834132823421272,0.010534943428248789,0.010138538164307875,0.010038824291850101,0.009845248494482428,0.009666600749422494,0.009578519593155588,0.009411733356318952,0.009042609881275476,0.009002093780601461
B4_heavy_curvature,5000,2,t3,900141,k2,0.05,99,0.237793931324046,0.24505897459599563,0.23693559064058542,0.20502459123749764,0.20017292484057875,0.1931306820718732,0.1931284472692864,0.1821718975608082,0.18043397916660617,0.1718354406686546,0.16979393445623592,0.1683122479609985,0.16800070894521701,0.16610314014421718,0.1599723053064623,0.1570241749556337,0.1547673331445634,0.15471622619738956,0.14693323317390475,0.14660970377649754,0.14595161569565135
B4_heavy_curvature,5000,2,t3,900141,hsic,0.0,99,0.001412532540515397,0.007476766495843788,0.006220935097419675,0.0058158185926382305,0.005659894212458262,0.005435410223518251,0.005416177118973581,0.0049744767992845286,0.004647930832291985,0.0045541157651222235,0.0038591797823645762,0.0037588822991087623,0.0036980651724068565,0.0036579920197496157,0.003620545197878841,0.003543486438609567,0.0034973341454435877,0.0034014755804771474,0.003376261256574908,0.0032199279836120915,0.0032172800633920844
B4_heavy_curvature,5000,2,t3,900142,k1,0.05,99,0.004137058873661892,0.013502818878627143,0.01193202124724968,0.011747479956363271,0.011402862832566085,0.011324072798297946,0.011153330950986473,0.010974035986098696,0.01084071325041136,0.010684645159000361,0.010479028050950023,0.010467997268578277,0.010368948950061907,0.010308076847074799,0.009932755573823115,0.009610876254170564,0.009597059741043412,0.009568631608900757,0.009544639207326289,0.0095265514027697,0.00940373212728296
B4_heavy_curvature,5000,2,t3,900142,k2,0.05,99,0.08825315741693848,0.34285817624876547,0.3193878368023204,0.2814191843541432,0.27096776794957417,0.23965072714896837,0.23105788156802443,0.21246026842844387,0.2110210695958675,0.1938939923475782,0.18616546674262996,0.17805313539451514,0.17267531255933952,0.17007616824577945,0.16567745073137463,0.16381505513996947,0.16067204572401833,0.1556850336970302,0.14987362839371088,0.14953038792121617,0.1492381357156791
B4_heavy_curvature,5000,2,t3,900142,hsic,0.0,99,0.0010665276573705125,0.007676290114544452,0.0063357248573213685,0.004494424875141262,0.004276493633920191,0.00422484263754656,0.004214837184359945,0.0041133127597541745,0.004054137077553953,0.004007055040661809,0.0038483786845164686,0.003815897429601671,0.003618030098980922,0.0034908374390518917,0.0034603393589211777,0.003315931147889803,0.003299830938174374,0.0031254687806221435,0.003080752185940673,0.0030127097323941134,0.0029877401167779263
B4_heavy_curvature,5000,2,t3,900143,k1,0.05,99,0.006874635665023776,0.014449211588622224,0.013363489180801102,0.012628324542507952,0.012525690767344777,0.011736057778844566,0.011135879661560266,0.011015476168988791,0.010723810409705381,0.010546709223023143,0.010424262872020251,0.010418200818405832,0.010406400295041585,0.010360624263761053,0.01020544035278792,0.010116207945584987,0.01011167089103604,0.01010029512435584,0.009891955422302146,0.009703016543526677,0.009488521777234138
B4_heavy_curvature,5000,2,t3,900143,k2,0.05,99,0.1603026992934086,0.2983793893408277,0.21404747994842907,0.19754425909655238,0.19615325798407304,0.19414017081418627,0.19255490129826316,0.17755016607623522,0.1724695434241318,0.16921403026440007,0.16628989666136956,0.16255207539275243,0.16155094298060677,0.1608732979061053,0.1608271419003091,0.15730377555787164,0.15149848393909618,0.1449930445657833,0.14493226379510976,0.14323738968414115,0.140900560135291
B4_heavy_curvature,5000,2,t3,900143,hsic,0.0,99,0.002300879711324576,0.006752607529065913,0.0063334253941296536,0.005743329899994978,0.005345732883277876,0.00516289390511401,0.0051309916127264465,0.004999878166393345,0.004587256021987013,0.0045554904045022205,0.004545548359329647,0.004385719515341909,0.004360293994568354,0.00387463700440326,0.0038722902134117163,0.0035568078040475568,0.0034351175667875723,0.003432501232959875,0.003323511790398404,0.003265487874531891,0.0032635622158879206
B4_heavy_curvature,5000,2,t3,900144,k1,0.05,99,0.0034564867908012387,0.016049688457284494,0.013241137605504272,0.01194809373070671,0.011605658713482514,0.011519900607287803,0.010945115879130496,0.010785731604593174,0.010667124517582671,0.010577266211569847,0.01032873453426053,0.009943396332928067,0.009888108313122701,0.009808183971756979,0.009622473556948896,0.009560855362057308,0.009505299407650103,0.009311866601888874,0.009274718138830185,0.009184273537111487,0.008999785374705582
B4_heavy_curvature,5000,2,t3,900144,k2,0.05,99,0.05469696649412718,0.3025846483581248,0.26002150412508435,0.24951268123743545,0.22534010475873975,0.20048616831109767,0.1821817236998819,0.17668851524950246,0.17555160000237732,0.1749102515575683,0.17478543472152322,0.17413327247589172,0.17248976922505277,0.1724299101566294,0.17239496639138696,0.17234519788711175,0.17127253904849354,0.17022277959900856,0.1679252062132365,0.15559317919113522,0.15185221770505622
B4_heavy_curvature,5000,2,t3,900144,hsic,0.0,99,0.0013955761122956339,0.004670992182673807,0.00420166283796694,0.004097450962889344,0.0038507976626125043,0.00382373357596602,0.0038209642376129667,0.003810108626642436,0.00370360727294061,0.0036919171168381722,0.003641283141275093,0.0036165351280715995,0.003601827711472573,0.003588783107138388,0.0034587984704859674,0.0032703064040132913,0.00315932000831205,0.003157966801688327,0.0031546871218057246,0.003114357422444148,0.003003063248686708
B4_heavy_curvature,5000,2,t3,900145,k1,0.05,99,0.00798021178070396,0.014125641763107044,0.013639495083019981,0.013177971964724922,0.013084181016148277,0.013058872199075533,0.012254142686582092,0.011998600083366395,0.01168807820034845,0.011346202279700957,0.01121497910317959,0.010870825771486903,0.010607095188170823,0.010490346476440093,0.010252310879415916,0.010108860089648397,0.009910870726222654,0.009872087844077004,0.009565890998561977,0.009562134799350974,0.009526299366630742
B4_heavy_curvature,5000,2,t3,900145,k2,0.05,99,0.09043589086554994,0.24131003317368466,0.22489562407172325,0.19265123872567386,0.189141228435655,0.18675123420957965,0.18579939208482985,0.18487142342770438,0.1836640016163894,0.1828809730517265,0.1721498333894952,0.17073429785273725,0.16742737186246465,0.16252811020308197,0.16213415197953568,0.1616561267095273,0.15433778501034076,0.15365085510949592,0.1506438406032229,0.1498766865810005,0.14885099949666927
B4_heavy_curvature,5000,2,t3,900145,hsic,0.0,99,0.0014704004570869906,0.005502356805518459,0.004794298672824509,0.004244858317355049,0.004100000370795617,0.0040330909711278765,0.003606367759592824,0.0035817474523320582,0.0034773313551096697,0.0034364391973597578,0.003339731615466568,0.0032668506354460647,0.003231999011433416,0.003126872992676492,0.0028677421739823146,0.002856709697554367,0.002839766457496939,0.002822140300276581,0.002812827170104357,0.002725349292927801,0.002565513482668686
B4_heavy_curvature,5000,2,t3,900146,k1,0.05,99,0.004615167147754118,0.017154507138328112,0.01636693464467731,0.014401533374997388,0.014325637238809197,0.014286857549814957,0.013730192743718672,0.013714529327297331,0.013638992839536623,0.012960756580729593,0.012628985235459744,0.011893974295197562,0.011210581881962,0.010913256027363039,0.010609244704166132,0.01044595958832295,0.010327900510756938,0.010099974120710287,0.009898963707183461,0.009352761374123664,0.00928357647350575
B4_heavy_curvature,5000,2,t3,900146,k2,0.05,99,0.11007505320517806,0.25362954563341344,0.24618130024589732,0.2242974940348018,0.21298718438249634,0.20017598388422633,0.1931603894915658,0.19016282203389395,0.1899383635661515,0.18149810622464638,0.1789542433102848,0.17728157732393893,0.16916319162020702,0.16101816900158297,0.1591007478181511,0.15716933602275598,0.15623533214476376,0.15381470565759858,0.14988206077102284,0.13633527903964673,0.13575471698887737
B4_heavy_curvature,5000,2,t3,900146,hsic,0.0,99,0.004607817136323087,0.008494775250285313,0.007033319208090103,0.006975006965346691,0.0068840043734691575,0.006740118788442703,0.006701642897331813,0.0066660171755635175,0.006548816286825644,0.006543528767122674,0.006521704105124635,0.006456175840981617,0.006381160968236642,0.006293570030085043,0.006249069918416386,0.006151969521177399,0.005984083159314065,0.005981343197429828,0.005893754475217792,0.005861567269538228,0.005796854432959028
B4_heavy_curvature,5000,2,t3,900147,k1,0.05,99,0.0071382685888997655,0.01438794888365047,0.01437012819892447,0.01252182223760201,0.012353403157875031,0.012079311768325773,0.011965530328358565,0.011616815688509585,0.01143048989544615,0.01134518418012842,0.01123701271990496,0.011228346210617857,0.011127912493517966,0.010925379070784946,0.010620920371329001,0.010560433477374231,0.010528939961243933,0.010077594434992898,0.009951780436857183,0.009831009747804376,0.009827912219902868
B4_heavy_curvature,5000,2,t3,900147,k2,0.05,99,0.2975349617636977,0.24102449869437437,0.2330234789300821,0.21983340760389083,0.2148032574695566,0.1995827228629469,0.19300018602359892,0.1645982354140706,0.16187295535691504,0.1587621889980809,0.15666749544543862,0.15495316744492674,0.1544334925129639,0.15001872422198084,0.1496571851620564,0.14952225599027325,0.14637788802479285,0.14407924756207943,0.13663403102535154,0.1328539068852303,0.1302162771205175
B4_heavy_curvature,5000,2,t3,900147,hsic,0.0,99,0.002432586919454467,0.006790556806283408,0.006424762690816867,0.005882554602454778,0.00541746641312284,0.005134810458850902,0.005091544262976831,0.005029243689034506,0.004887185833462354,0.0048071830748334324,0.004708488544708335,0.004555336871784585,0.004486352119208677,0.004463744741774178,0.004437290712940235,0.0042977678302011935,0.004119485555239735,0.00410897958672073,0.0040684115857702804,0.004040722943257474,0.003994484984977347
B4_heavy_curvature,5000,2,t3,900148,k1,0.05,99,0.005699897228668038,0.013774325641734197,0.013508095709450552,0.013007001808678198,0.011277454503352047,0.011028947357743402,0.010763532770981854,0.010686787264788555,0.010595049877521578,0.010527212873092107,0.010484150813680704,0.01036658525776335,0.010322047382110622,0.01027057074893456,0.010210257226390795,0.010013913380711892,0.009800038577179149,0.009665281553516647,0.009597056026343309,0.009470768114190786,0.009338653041341738
B4_heavy_curvature,5000,2,t3,900148,k2,0.05,99,0.17710277980535954,0.3449727555997302,0.24341524190089614,0.22902326855663932,0.22111906984015603,0.21341053049243341,0.21251618152578333,0.2047375269184081,0.1941122261570521,0.17939312088232012,0.17677410697330345,0.17342819468017154,0.1713033047931506,0.1690023306985201,0.16520583283543416,0.157866446842151,0.15451250009848386,0.1513280684046813,0.1496816808570262,0.14951629382784576,0.14568300599606804
B4_heavy_curvature,5000,2,t3,900148,hsic,0.0,99,0.00047329893263126826,0.005180176008567997,0.004615380684922822,0.004110453259428306,0.004025061281911432,0.003966634828454837,0.0038184385617912853,0.003797596913449709,0.0036839672952917596,0.0036111795890633514,0.003532605829117891,0.003450235748927891,0.00330891585869375,0.003250082745571676,0.0032109323496348884,0.003181539252562168,0.0031351562724004634,0.0028726721568855026,0.0027687653071956993,0.002654740014338631,0.002533125049043073
B4_heavy_curvature,5000,2,t3,900149,k1,0.05,99,0.010130106435474517,0.01766069099360501,0.015614554541255155,0.015482699289596669,0.012131068672088574,0.011692745246617564,0.01143804574992402,0.011395696029941726,0.011112004161139222,0.010775863104591554,0.010591520615872208,0.010537529790031863,0.01049127458457133,0.010299693841869018,0.010231802287168468,0.010177276876189412,0.00982885904002484,0.009734209702240704,0.009529679843144345,0.009490797216130331,0.009432593475239615
B4_heavy_curvature,5000,2,t3,900149,k2,0.05,99,0.23897910892331534,0.28041896107490905,0.25094196261018814,0.2405778016917437,0.22233636395679188,0.21181311427988672,0.20656254632099702,0.20280717397535453,0.2015074225016579,0.19902226112877758,0.19348759952024405,0.19307803443900212,0.1889678195403812,0.17859773120791475,0.16761846876772846,0.1669214673901382,0.16672094503699655,0.1596982836368986,0.15952433032600052,0.15602953375775824,0.154686580120153
B4_heavy_curvature,5000,2,t3,900149,hsic,0.0,99,0.0005919017091853716,0.005137448824462862,0.004620419612514813,0.004563687602413998,0.004133891606506438,0.0040140709965801125,0.003773305980870522,0.0037141842209154987,0.0036175682792073884,0.0035654877955038876,0.003562060756750239,0.0035372365880783946,0.0033615326899992296,0.0033003377279429294,0.003216138546189505,0.0032087157027465537,0.00318541784636115,0.0031282656484816047,0.002921079525548059,0.002768064007623127,0.002747406691702052
B4_heavy_curvature,5000,2,t3,900150,k1,0.05,99,0.006376917250508485,0.012504259529790507,0.011818214537350547,0.011597049390462466,0.01141317024695121,0.011231228069173649,0.011030203958098284,0.010991175349277071,0.0101365363256537,0.010105248824934798,0.010078643790441544,0.010055538912109419,0.009960349568922888,0.009463095406436195,0.00926247312231021,0.009141576738703194,0.009137712582446889,0.008972189124950902,0.008958485702419194,0.008926482049829487,0.008887529161632046
B4_heavy_curvature,5000,2,t3,900150,k2,0.05,99,0.14757024873403363,0.22703315673447658,0.21230735567134457,0.204473310077298,0.1981464315240889,0.1942377895080839,0.19163982772084434,0.18565996424208608,0.18512326266696427,0.1823007039395961,0.17819634793826244,0.1740787595061287,0.17090645125817447,0.1705199009080863,0.16354365988891686,0.16262143250996824,0.1604996904309718,0.15515420581831554,0.154713559831179,0.15383628562107707,0.14735398083194481
B4_heavy_curvature,5000,2,t3,900150,hsic,0.0,99,0.0008905824628259062,0.005087018611393123,0.004761783413509592,0.00468748399777001,0.004510408050535255,0.004350444606577607,0.004198809911023398,0.00406922234407368,0.00388840720841411,0.003881298252317289,0.003862817997341807,0.0037774703551719073,0.003771622351534262,0.003741643405287555,0.0036967900254235076,0.0035176363507220527,0.003455085919493098,0.0033365244277665474,0.0032913591477935528,0.0032875412452123484,0.0031238417022210756
B4_heavy_curvature,5000,2,t3,900151,k1,0.05,99,0.005697209042784479,0.01632176773822036,0.014063890625903075,0.01350561881561263,0.012945480442813406,0.012448980040743018,0.011830683234598127,0.011646106451773774,0.011641335274344855,0.011588372691609394,0.01132175510774669,0.010935021625344432,0.010713955210163495,0.010642250475365933,0.010638093443754881,0.010603466118865645,0.010583202904822397,0.010022115985342528,0.009911405613373225,0.009839357392719017,0.009818657562805977
B4_heavy_curvature,5000,2,t3,900151,k2,0.05,99,0.06398346291983394,0.2897987885645569,0.2733038199635792,0.254300523087312,0.25137285600317744,0.24718461544458994,0.23977608625814598,0.22666686885592074,0.22109249610412982,0.21546437814742733,0.20834670868612407,0.2071937929839406,0.18115730933504873,0.1787428928356824,0.170965922688417,0.16690478117143845,0.1579889183164908,0.1558630636628109,0.15489556861140064,0.15339173107245266,0.15308053234891747
B4_heavy_curvature,5000,2,t3,900151,hsic,0.0,99,0.0008683280123971472,0.005618710534759275,0.004047528509794789,0.004009939782422418,0.003922001992293335,0.0038828196825980606,0.0037610469661741902,0.0036453791870003217,0.003576194047659625,0.003227217015935493,0.0030166525254709652,0.0029522164494771106,0.0028798559448585215,0.002859730005720119,0.00283520930789159,0.0025197734837330453,0.0025066374817921287,0.002499063412316301,0.00245396514736384,0.0024513354632945887,0.0024172179939069096
B4_heavy_curvature,5000,2,t3,900152,k1,0.05,99,0.005725466725603923,0.016476330503433778,0.01365317381817921,0.013053772244366768,0.012701267292521967,0.011899342741217178,0.011666113583212678,0.011508713280990457,0.011111592083982935,0.010820421798309665,0.010572786807742207,0.010153888574587544,0.010031663863812157,0.009701862842742881,0.009690069522823586,0.009631186119420931,0.009591714304896914,0.009342199583849076,0.009291453298733598,0.00921643563477259,0.009134029364395224
B4_heavy_curvature,5000,2,t3,900152,k2,0.05,99,0.12160563355351858,0.2275537452201803,0.226936207787257,0.22173686195273012,0.2208251525178086,0.21720181572610503,0.2021433645581222,0.1981962592734304,0.19194781002750247,0.1882384018433174,0.18321716219076076,0.17692831440320944,0.17362680876817754,0.17288911168747736,0.161396027305295,0.1558801556273727,0.1477934764289042,0.14436113490094193,0.14431264639490554,0.14409459855593268,0.14063808683278747
B4_heavy_curvature,5000,2,t3,900152,hsic,0.0,99,0.0012255867401216353,0.0063876490469759305,0.0062552709486418155,0.006141566565902238,0.005862733131022885,0.005694922666571342,0.005309587253014044,0.005299642733184315,0.004670472042612077,0.00449310064740053,0.004114940346764883,0.004003423251816286,0.003944467471107014,0.003917216003056802,0.0037816304748395113,0.0037691585061452003,0.0037029524589453034,0.0036099313495892103,0.0034834143438571734,0.003447036607773532,0.003286322994246986
B4_heavy_curvature,5000,2,t3,900153,k1,0.05,99,0.006192524661978727,0.021626170682505164,0.017755249439941778,0.012892956242841369,0.012544716493229524,0.011980701430847174,0.011822796568156768,0.011784589257994527,0.011775693959102829,0.011407946331561503,0.011243393737241925,0.010986517504368853,0.010953442921091794,0.010735483539675461,0.010473135510131959,0.010218829652212769,0.010188848220614943,0.010154475498430737,0.009693390427619852,0.009615943482541578,0.009592828235095774
B4_heavy_curvature,5000,2,t3,900153,k2,0.05,99,0.16145939596934197,0.21142334818773006,0.1987204199455548,0.18903485836293255,0.18287919844699305,0.18047998965317683,0.17362410843104506,0.1717745200069207,0.16409072053331916,0.15651658126082557,0.15524558444857045,0.1552060484288891,0.1533483073138994,0.15333501364560018,0.1491676075272771,0.14599186749663884,0.14567665185830672,0.14320229431942658,0.14175722587250228,0.14136109269499594,0.13926521594071403
B4_heavy_curvature,5000,2,t3,900153,hsic,0.0,99,0.001289858574122193,0.006382796592163249,0.005964632468204592,0.005792714402772787,0.005681137630025047,0.005269977255195235,0.004469096224730886,0.0041360497218931565,0.0041130264329855715,0.004028370133173982,0.0039717195083777655,0.003745890570584994,0.0036525734940614156,0.0033092995424936476,0.003241230180130799,0.003207894993620391,0.0030729729361814164,0.003034246340732835,0.0030325754372589825,0.003012863092498556,0.0027831284023832102
B4_heavy_curvature,5000,2,t3,900154,k1,0.05,99,0.005833150922190389,0.01303107211092791,0.01278432020725806,0.012415926164290991,0.012090804912576303,0.011658061968790268,0.01164333981586907,0.011629496964261188,0.011075302046470004,0.010700032165675943,0.010467323929380767,0.010264058430195955,0.010125713400408798,0.010091975886594273,0.010072133672776151,0.009981146479309588,0.009860985559089874,0.009712357578175124,0.009646754583454542,0.009495337645611612,0.009363411490419637
B4_heavy_curvature,5000,2,t3,900154,k2,0.05,99,0.15081770896083213,0.2491067602344991,0.24510734250451752,0.22382855229002957,0.19905110502854456,0.1972726397070619,0.1957024137035068,0.1950617983994522,0.19334175179575847,0.17518225492230044,0.16408194596878709,0.1574091429947251,0.15156492806754696,0.15055489692352236,0.14707322248224308,0.14294505555842565,0.1410006832930037,0.13570666200359294,0.13304253030790644,0.13038866537421323,0.12998312525601677
B4_heavy_curvature,5000,2,t3,900154,hsic,0.0,99,0.00025128079137715336,0.004535120498565053,0.004090241842748578,0.0038094717327570057,0.003766550852645347,0.0035460801719726194,0.0032815432893704725,0.003257903394268135,0.0031949554017249404,0.003148202390094356,0.003009714044152109,0.0026658481986480192,0.0026382003661540123,0.0026205324311209537,0.0025513298574828735,0.0025210219262029347,0.0024823362563051077,0.002371868543247708,0.0023696490836480942,0.0022733678150435753,0.002172663258489615
B4_heavy_curvature,5000,2,t3,900155,k1,0.05,99,0.004635094893590264,0.013131148033288853,0.012940201170748566,0.012657101786406999,0.012572969104485576,0.012388474812022321,0.011856373521535013,0.011703971822524584,0.010851788206950763,0.01000862517306389,0.009956464677315924,0.009590294533410648,0.00956719110641624,0.009554930746363488,0.009480297046546071,0.009388701185183201,0.009293233776182963,0.00925754789692057,0.009099827917735781,0.008972336735127429,0.008913895597878474
B4_heavy_curvature,5000,2,t3,900155,k2,0.05,99,0.07158599547189586,0.294981655622343,0.18546861879267532,0.18435871329675665,0.1824790785984848,0.17559928273616665,0.1755230619060342,0.1748144601308933,0.17387024604242943,0.16559440181279814,0.16509349044586982,0.1645778187640968,0.15574612528389767,0.15485164092218942,0.1547628721218629,0.1492832464309138,0.1443162774662818,0.14230398252144696,0.14213947647486314,0.1395228703227999,0.1395018976415583
B4_heavy_curvature,5000,2,t3,900155,hsic,0.0,99,0.0001391515681162638,0.005517489594998163,0.005455440113159798,0.004903827820844235,0.0035802055815601095,0.003411049862955895,0.0033691614619959075,0.0030776516351008034,0.002883134021771449,0.00265984634439641,0.002650698928972085,0.0024560991225606437,0.0024087386090386504,0.002345402254719297,0.002324528071835788,0.002301193622454203,0.0022969564419080867,0.002204915081494773,0.0020470023578239753,0.0020167245778355833,0.002011462832441243
B4_heavy_curvature,5000,2,t3,900156,k1,0.05,99,0.008932260146098048,0.013441890766034414,0.013281896698802531,0.012808054885800946,0.012763417290084345,0.01275986743467894,0.012529145685732712,0.011949041789795056,0.011873532478041904,0.011839459002225605,0.011669726737969621,0.011244548512440833,0.011079940709585845,0.010928435234933476,0.010761294788558362,0.010626406547979528,0.010615037778462955,0.010437071188684088,0.01011961020162,0.009331842460671869,0.00925372127873636
B4_heavy_curvature,5000,2,t3,900156,k2,0.05,99,0.06558976975043539,0.26647385408171903,0.2131283437275162,0.20476323622813816,0.19447339226030586,0.17003769178039238,0.1699704804515351,0.1630322244521949,0.1575906250893305,0.15507136853899692,0.14879618424851135,0.14706958231807438,0.14576386984330314,0.1448692186407724,0.14031919106466564,0.13797169011157864,0.13740635144185742,0.13665815568495235,0.13630924070122577,0.13108375475706188,0.12989574562773298
B4_heavy_curvature,5000,2,t3,900156,hsic,0.0,99,0.002251820109241894,0.0069241758439697616,0.00647696373659784,0.006419089923973726,0.006194975757993033,0.00565754167175587,0.0054611829843849175,0.005308281328143935,0.005167951072649933,0.0050270193175279065,0.004888864924646613,0.0048309596838437404,0.0047984251864702085,0.0046254243044457225,0.004148180623287801,0.004141183021400534,0.004121338425829011,0.004003389878773426,0.00381276503464386,0.003615654802144269,0.0034387542879124396
B4_heavy_curvature,5000,2,t3,900157,k1,0.05,99,0.005235220360303772,0.01226813872844501,0.01224331145266322,0.01160339291632606,0.011521463188406966,0.01107347205815179,0.011010409506746033,0.010954561981480926,0.010925769309710676,0.010367299097083227,0.010132460992683945,0.009941540160142481,0.009941166659863221,0.009919458083783472,0.009827234330826773,0.009817554828883135,0.009608611438665204,0.009601887865174796,0.009529948698478008,0.009513872943380242,0.00946419998699466
B4_heavy_curvature,5000,2,t3,900157,k2,0.05,99,0.14478654547300968,0.2479023884399379,0.24627538159255913,0.23086981167501333,0.21860520262284017,0.21269882288841957,0.2083178937842592,0.18164174832899835,0.17931855594923735,0.1705793313135897,0.16533153996260525,0.16345004208663413,0.16327922637010658,0.16136005677264773,0.15441785964339086,0.15005694067643013,0.1489315122367629,0.14882889147847214,0.14504769408609558,0.14158113078381443,0.14095357039468553
B4_heavy_curvature,5000,2,t3,900157,hsic,0.0,99,0.0006605685620565376,0.005885590947374517,0.005514853219226561,0.004771485740161747,0.0043617859836342435,0.0034118029754030615,0.0033083478388623126,0.0030270679984756455,0.00295207493979743,0.0028823721280728924,0.0027617018320843434,0.0027108880734922776,0.0026953554054713245,0.002637126439278216,0.0025905754289935155,0.0025863721146202226,0.002515925296124643,0.0025135300711432522,0.00250261553285736,0.0024378663624059185,0.0023671245014568842
B4_heavy_curvature,5000,2,t3,900158,k1,0.05,99,0.009640355343858875,0.013577577313252265,0.013041367697728568,0.012125298326777445,0.011987277978296906,0.01068388091285355,0.010625793527707317,0.01057911902800257,0.010454450600620113,0.010366123898735813,0.010352773626887801,0.010039879901693749,0.010011446810986091,0.009393347468021784,0.009258983504005003,0.00909582455054736,0.009090858045675998,0.008920332735730563,0.008892050499572424,0.008888190929348894,0.00882923155469828
B4_heavy_curvature,5000,2,t3,900158,k2,0.05,99,0.29678218955801877,0.2751305539684485,0.23606406422412451,0.23489317952608268,0.2219954550864087,0.19171375970056503,0.18743480321627626,0.18308271629161493,0.17878008992851668,0.17593198343082,0.17451399952643412,0.17273507212969733,0.171969501618849,0.1660864995729157,0.16015611537999283,0.15876754794275247,0.15873092536447359,0.15689310235076245,0.15297367561112088,0.15263115368130717,0.15219555647141378
B4_heavy_curvature,5000,2,t3,900158,hsic,0.0,99,0.0017750613675940928,0.005361042121163835,0.004929828819675578,0.004541972203618893,0.004189059679024636,0.003996383769792343,0.003979806726646293,0.003966533447525008,0.003882531143234654,0.0037691410835002472,0.003644349819565477,0.00364180302205688,0.003579073779101511,0.0034677439748003677,0.0034672562618001477,0.0033354808285102526,0.00314005647093885,0.0031146702660710453,0.00311430469159483,0.0031099654672151963,0.002961431245255459
B4_heavy_curvature,5000,2,t3,900159,k1,0.05,99,0.0058363567269292815,0.012477533224455106,0.011946025448017261,0.011858453037546735,0.011751360013238843,0.011573445286764517,0.01150131894365436,0.010998712582931613,0.010961892252755456,0.010888428686382956,0.010737366710449892,0.010524235203234755,0.010155041178927182,0.010030034478147876,0.00984189298623428,0.00981955624798625,0.009359825040774816,0.009329149669794146,0.009281967510175737,0.009091315641021391,0.008962099977949611
B4_heavy_curvature,5000,2,t3,900159,k2,0.05,99,0.10275443640657834,0.2767558475529639,0.24452141553576467,0.22145805962440718,0.20653036897680316,0.19065349176607538,0.1895462634656763,0.18732182690058508,0.18534043078596235,0.18398582343466696,0.18137235362219195,0.18021991784596827,0.17943852682595285,0.17860171063730818,0.17502562161984941,0.1720951087813557,0.1692572345208648,0.16692075040134877,0.16394593906242644,0.16357082542124426,0.15893611029817575
B4_heavy_curvature,5000,2,t3,900159,hsic,0.0,99,0.001576078962876113,0.005738245913999246,0.004663852704562756,0.004602894763153124,0.004339704730784233,0.004323334554437702,0.004295346274773511,0.003953693248887984,0.003745579938962098,0.0037296989360728647,0.0034769499165476147,0.003444859724474648,0.00342873008137529,0.003193961407574692,0.003026302029807396,0.0029699879359280194,0.0029571585599911573,0.0028827754162327906,0.0028763651447212607,0.0028649822795808882,0.002843610463085253
B4_heavy_curvature,5000,2,t3,900160,k1,0.05,99,0.010908157353701764,0.014374202223453758,0.01412981499762933,0.011970156388424025,0.01138788613877495,0.011113323644755146,0.011108701870407689,0.01077369422322827,0.010737717814758296,0.010727450512852066,0.010691597538872388,0.010688166887918293,0.0105558167046792,0.010501480388941942,0.010350991589346159,0.010116774729581612,0.010022565715895548,0.009944418653275,0.009902894031136089,0.009845608669533656,0.009704359030394905
B4_heavy_curvature,5000,2,t3,900160,k2,0.05,99,0.10079545896745762,0.2389631177778,0.228743036070709,0.22365345274286227,0.21785215717918657,0.21657313637222197,0.21244470070923438,0.2118804849600571,0.21003363787372495,0.20284730124946526,0.19023646984612544,0.17373151832407557,0.17309242129716634,0.17096171403998836,0.16610323692969825,0.16244536464039672,0.1601205983291802,0.1593502558218613,0.1582384361862131,0.1576132685401931,0.15329338847098792
B4_heavy_curvature,5000,2,t3,900160,hsic,0.0,99,0.00036636171544796666,0.005524511885758299,0.005331138472231919,0.005010637974582773,0.004494927782936972,0.004468815894209844,0.004396817422084129,0.003912618813727619,0.003776416050392213,0.0036251482461645344,0.0035104596700256245,0.003397353813568779,0.0033651027573439692,0.003280700445584911,0.003263771016945445,0.0032152858385424837,0.003178616308293884,0.003015996317771765,0.002784020235044885,0.0027180920649273774,0.0027176559183612753
B4_heavy_curvature,5000,2,t3,900161,k1,0.05,99,0.003970154691566807,0.01448623467153709,0.013320955575537807,0.012814744517686272,0.01231071225751501,0.011926211783019558,0.01184231757134202,0.010672460898170755,0.01049828192605895,0.010275944978849871,0.010220148155109854,0.01014740197920816,0.009792329895045415,0.009633621530225622,0.009587189250747197,0.009521396039827712,0.009421777207659243,0.009380919566813306,0.009356396075803852,0.00932909727167941,0.00921178568945591
B4_heavy_curvature,5000,2,t3,900161,k2,0.05,99,0.14653225240704493,0.2828699274253084,0.23753416219572104,0.19339872221768498,0.18980548701278568,0.18091794847813672,0.17265756525238804,0.16734762289030353,0.1616705212706237,0.1594806634252589,0.15856984126457904,0.15650890020244482,0.15583744240693087,0.15498500055388684,0.15424698964040973,0.15024911356815393,0.15013167890004384,0.14958565949875216,0.1486415383814095,0.14615288273424273,0.14318160575141997
B4_heavy_curvature,5000,2,t3,900161,hsic,0.0,99,0.003078289800964048,0.01009836127110739,0.009784224340579644,0.00957870259720519,0.007778628305989597,0.007179801809059053,0.006913629316350695,0.006219003855029722,0.006051422218225427,0.005633045332044452,0.005603350329673997,0.005587185767367267,0.005458370667851133,0.005313050299430711,0.005253416026495541,0.005225589026626866,0.005206216728250765,0.004990822955562051,0.004834418523626224,0.004666727941515817,0.004622000572585783
B4_heavy_curvature,5000,2,t3,900162,k1,0.05,99,0.006966558750633456,0.013849583503456997,0.013734410745501746,0.01357685285619803,0.013538789150389752,0.012312195075722898,0.01203578777087444,0.011980627037868175,0.011773001770690183,0.011743662194430016,0.011401355353736875,0.011243767825715456,0.010928086654333202,0.01090776315448927,0.010439053879744864,0.010274444225323198,0.0102630829352377,0.010129177704804704,0.01012718799095147,0.009912309132271258,0.00986833947625032
B4_heavy_curvature,5000,2,t3,900162,k2,0.05,99,0.19404310505617964,0.2652205191545749,0.24412532837639064,0.20615757298938606,0.20052139694009347,0.1978603783742322,0.17788330238412256,0.17006853879154188,0.16997289628014367,0.16458200220155625,0.16155898076311165,0.16038004757973978,0.15691079028894117,0.152548987465932,0.14385089875475537,0.14168965108405823,0.1397221868294276,0.13956420579735374,0.13727744996206037,0.13635321088960234,0.1304624905470051
B4_heavy_curvature,5000,2,t3,900162,hsic,0.0,99,0.0017083908961867504,0.005842205980331168,0.005520654366394931,0.005263737733937688,0.0052023720042519315,0.0048723336779318656,0.00437895930697988,0.004350853989707788,0.003997680099806802,0.0036693585756579395,0.0036679544185133054,0.0036565681407617263,0.003467185842275395,0.0034446732838723754,0.0033641475917436815,0.0033601515780348093,0.003266721985297717,0.0032552902464146904,0.0031302893063953584,0.0031087008836922715,0.002920547761653861
B4_heavy_curvature,5000,2,t3,900163,k1,0.05,99,0.005477431430395252,0.014040291060532617,0.012366348741368882,0.011986789960210964,0.01107362400464229,0.010998440660115905,0.010476909552609825,0.010250599180102737,0.01024582173904165,0.010100954542318408,0.00968287935092249,0.009608076280512967,0.009487698612893225,0.009474372229552164,0.0094498053326183,0.00916598791555856,0.009091345849107424,0.009060861113450724,0.008913465215058092,0.00886217945035983,0.008767061580475133
B4_heavy_curvature,5000,2,t3,900163,k2,0.05,99,0.18432433454922126,0.3250809231376073,0.30111676615084687,0.24819814026697398,0.24365751468665345,0.22347980356013028,0.21840630966725666,0.20165333176620379,0.19958382499850766,0.197477631611731,0.19077487111762562,0.1878327657099707,0.1834434758325661,0.18132023238810482,0.17997435170362805,0.17562043199952748,0.17324154893895272,0.171544591751777,0.16905836619301237,0.16292746932414487,0.15923636090472126
B4_heavy_curvature,5000,2,t3,900163,hsic,0.0,99,0.002528993723774663,0.008013470843071642,0.007417328410794821,0.0069798727549022655,0.006637831568070621,0.006149270420555045,0.005985923755044741,0.005875993155273205,0.005766825811835978,0.005628945629534651,0.005541722111290706,0.00540921565105986,0.0053485156133163065,0.00532388210547791,0.005303219641137789,0.0052452361965528655,0.004824839591445682,0.004740594252856148,0.0047231353192446575,0.004416484880129449,0.004410834619928866
B4_heavy_curvature,5000,2,t3,900164,k1,0.05,99,0.00879775148274431,0.01587623396527893,0.014431068054856833,0.01413417988159571,0.01250853251099715,0.012487814818485932,0.012205832722461896,0.011956675788417526,0.01155925528500934,0.011319244582904453,0.010754179646306317,0.010581883304866535,0.010553930794322763,0.010435532211623966,0.010411924797211314,0.010403724182269536,0.010231282650446594,0.010200128703760303,0.010032066150879593,0.009764217238631079,0.009671477922479688
B4_heavy_curvature,5000,2,t3,900164,k2,0.05,99,0.05690802612163186,0.3078440039976326,0.26520599717207033,0.25230020433385864,0.21433856578523997,0.1995133184101356,0.19113461775376195,0.18431322719428228,0.18200686007705089,0.17054421312309692,0.16507378759330016,0.1612962037210276,0.15268980859156048,0.14922184516158388,0.14773143782070608,0.14765277614643857,0.14607226173157967,0.14526869542648083,0.14416554655708747,0.14035209663484655,0.13929297844553493
B4_heavy_curvature,5000,2,t3,900164,hsic,0.0,99,0.003092084880138943,0.008157085161502084,0.008049530727745684,0.006150797606434469,0.005789421402960281,0.005777215091184805,0.005419346059377611,0.005038909940438412,0.004921111339983017,0.00489814089221465,0.004855382330838113,0.004834234825597674,0.004826329573956966,0.004757027838036326,0.004693394350094967,0.004621014567158336,0.00460981127738235,0.004595837485642011,0.004438320157405163,0.004296294788494459,0.004230788355166041
B4_heavy_curvature,5000,2,t3,900165,k1,0.05,99,0.005850956694788856,0.014713783962872817,0.01347217200809303,0.013194316188544719,0.01198866248987207,0.011703783432130743,0.011260210459953068,0.010670431754952525,0.01064883101958114,0.010603992211779434,0.010389495006825733,0.010070723660767444,0.010051924891782749,0.010029166537983691,0.009712698425609623,0.009684440782515069,0.009575372294481688,0.009424528970909174,0.009315442874571866,0.009162128104598044,0.00909775431381199
B4_heavy_curvature,5000,2,t3,900165,k2,0.05,99,0.12054530800799264,0.22112850102813567,0.2112884367754217,0.20520833324485183,0.19996434526710227,0.18470147344225643,0.18106559599758093,0.17561565681105054,0.17110965440393597,0.16829599911170312,0.16025925887842593,0.15746414525380295,0.15690505628166937,0.15519621525703056,0.15488854223374496,0.15197918633670365,0.1515600896511998,0.1503887431242358,0.14796536033638605,0.14504749563106034,0.13895538594973444
B4_heavy_curvature,5000,2,t3,900165,hsic,0.0,99,0.001456207802174097,0.005588568375452568,0.005214633615640206,0.0051531930834624266,0.005131382486185158,0.0048755785100272645,0.00456130942111372,0.004477144670599034,0.0043712471854302475,0.004168589325209699,0.00402477839732108,0.004016934934125021,0.0039024942923735688,0.0037605817508030897,0.0035324833463565553,0.003478604824821987,0.003406098902242614,0.0033586345857179807,0.00331837765779774,0.003265341095545148,0.0032456977044407254
B4_heavy_curvature,5000,2,t3,900166,k1,0.05,99,0.004286515369063992,0.015240931715937434,0.013196998295904816,0.013084708909045006,0.012827928010230583,0.012614690700482378,0.011835934176964269,0.011435374444774493,0.01094854460384842,0.010474106273566375,0.010226926922983881,0.0101045686636837,0.009900819461022614,0.009768450441741683,0.009420912990868002,0.009247582529006926,0.009230646959016209,0.009159665812201179,0.009021596456390113,0.008948222749710522,0.008845072405834986
B4_heavy_curvature,5000,2,t3,900166,k2,0.05,99,0.11223876051323287,0.367176625742469,0.2517408147661156,0.25108946041318925,0.23572939936366508,0.22553431832338314,0.21863615232695266,0.21282847529296992,0.21159650233667493,0.17299947886026795,0.16684303692834823,0.16601968831193664,0.16446745777846403,0.16343080015649164,0.1599199032034999,0.15942692478922021,0.1521970210223563,0.14250650487542488,0.13851844918039288,0.13662619906558343,0.1275455283287427
B4_heavy_curvature,5000,2,t3,900166,hsic,0.0,99,0.0006676681923002598,0.004650231579546036,0.0037268252863521555,0.003416517852713909,0.003097086595985154,0.0029642843212942262,0.0028698423206726604,0.0027706454928527486,0.0027448888027945383,0.002713098403027312,0.0026927706382909094,0.00266654080210623,0.0026491537712616665,0.0026360569947966235,0.0025966347716509675,0.002559035251134024,0.002550638131318829,0.0024875759036609617,0.0024512057602734416,0.0024436871669592172,0.0024255344169487915
B4_heavy_curvature,5000,2,t3,900167,k1,0.05,99,0.007164814191661928,0.013396547291452454,0.013011904279284225,0.011703964063517591,0.0114365253892863,0.010874520409609678,0.01066342195589276,0.010338011738185826,0.009951756288774649,0.009874356794445038,0.009781226017710365,0.009653360736152639,0.009402447479620601,0.009393632993960344,0.009325582122355458,0.009203827752090055,0.00917002533884903,0.009163819221194802,0.009147196733951923,0.00893196869215529,0.008879672208701672
B4_heavy_curvature,5000,2,t3,900167,k2,0.05,99,0.08377764292427119,0.30574973121259125,0.2520352703403525,0.24687560913016304,0.24426523820580587,0.21104002483431472,0.1813341353025154,0.17960316382241734,0.16722809261895627,0.16086351644593982,0.16029413363488587,0.1576188641211271,0.1562001342022889,0.15611199672627551,0.15527510344829035,0.14635818556392494,0.14542739928970175,0.14517661212000035,0.14477836333604735,0.13760112754562276,0.1374106645001046
B4_heavy_curvature,5000,2,t3,900167,hsic,0.0,99,0.0006505806667707541,0.004285025627541878,0.003856588177345006,0.0037144444269613937,0.0036302698942283626,0.003551445188723558,0.003433307330156911,0.003409224340764711,0.003396055587840907,0.003363521273330052,0.003170434851454056,0.003013800923751846,0.002801619756531396,0.0027691583526595204,0.0027415526177440317,0.0027400149991804374,0.0026509088647314726,0.0026294894254686616,0.002578401818508299,0.0025780786040613467,0.0025707591787178436
B4_heavy_curvature,5000,2,t3,900168,k1,0.05,99,0.006076630203674549,0.014550739391951062,0.012823834777860088,0.01169876772777012,0.011509927557180277,0.010994565335082251,0.010890090043373823,0.010819236123958409,0.010671133015809797,0.010557813567431906,0.010374214729407805,0.010061319744056996,0.009836346898120851,0.009827971502364918,0.009789226344487534,0.009438555835265205,0.009423576666220623,0.00933479565360118,0.00920931334682884,0.009196214816605264,0.009172249213326489
B4_heavy_curvature,5000,2,t3,900168,k2,0.05,99,0.11560875445879917,0.24485623720195326,0.24418534361584612,0.22061082666136747,0.21192171373409197,0.20766092795966043,0.2020198862112129,0.19784624332454928,0.19478482778741754,0.19295766643751736,0.18757312511050123,0.1835865837621234,0.17765211449383564,0.17723840098764185,0.17495443814933717,0.1705908152401088,0.1687809064950085,0.16349806373012746,0.15766768428290495,0.1524204483724237,0.149733964688299
B4_heavy_curvature,5000,2,t3,900168,hsic,0.0,99,0.004486369941822674,0.00844339240627125,0.007885690158326224,0.006585984929876318,0.006496391312195985,0.006479130066657871,0.006454044785458936,0.006405661362708966,0.006366551188022016,0.006306092916075798,0.0061885814771776215,0.0061114225534069444,0.006069156482978962,0.005989351346522942,0.005981909509931449,0.005974612805452418,0.005946778503837453,0.005945673561911268,0.005889855286127991,0.005623832777415291,0.005523913428780993
B4_heavy_curvature,5000,2,t3,900169,k1,0.05,99,0.009770502370177625,0.012961815363954687,0.012250992926135407,0.012205124300518233,0.011712236452883662,0.011677787527711647,0.011471541867205226,0.011369971076866436,0.010853640931374642,0.010675520839921737,0.010588281185315851,0.010465651469173443,0.010439999180423487,0.010436260166308386,0.010316002395316826,0.010042130036299945,0.01000873920734624,0.009834733691562514,0.009581865795512345,0.009551015708400667,0.009419781768946867
B4_heavy_curvature,5000,2,t3,900169,k2,0.05,99,0.12815052922134446,0.20329566467637677,0.18666315758805604,0.17413460245776757,0.17366858454367698,0.1710292405073781,0.16574814465875337,0.16547222449166277,0.1654470502597024,0.16045328412044665,0.15278485296979333,0.1519274195647974,0.146814077745423,0.14363653770298393,0.14130212307049805,0.1394858479281367,0.13789522588461672,0.13648731653709772,0.13332667376765323,0.1316068288692226,0.13067837790515974
B4_heavy_curvature,5000,2,t3,900169,hsic,0.0,99,0.00038695801579934715,0.004710218476434646,0.004042839851428772,0.0037918736125762097,0.0036958086318247185,0.0036361515251639334,0.0034958639374935018,0.00318116579286474,0.003133335770081026,0.003051549347760117,0.0030140692624567697,0.0028261351545392195,0.002825105341885665,0.0027859568599246823,0.002677159118577748,0.0026048513777547555,0.002328613598790161,0.0022455806025339694,0.002221306785721569,0.0021560175991486284,0.002120975010120796
B4_heavy_curvature,5000,2,t3,900170,k1,0.05,99,0.009652944680525466,0.017127566126778793,0.01340824342713276,0.01225579489351769,0.012087401010006604,0.011220095790104856,0.011196663268767337,0.011188052832226125,0.011077233972663358,0.011062491611633973,0.010869206117881558,0.010678040794604993,0.010620240122338753,0.010619698374406683,0.010565844258188184,0.010045785687344821,0.009728143306302228,0.009554615853450077,0.009297612088756235,0.009203581187076204,0.009171114668399594
B4_heavy_curvature,5000,2,t3,900170,k2,0.05,99,0.14941963398128075,0.3085107109017338,0.2805557748489126,0.2664375665070209,0.23854199595162245,0.2139378080496242,0.21263322947784313,0.20391171624176477,0.2022528960999131,0.2014116542123955,0.1816771016455897,0.17895875897451347,0.17110329098737342,0.1674992774544927,0.16660506375116216,0.16017848274591864,0.1527413184554299,0.14882674199794385,0.14845099853152893,0.1482041823526824,0.14086308664726307
B4_heavy_curvature,5000,2,t3,900170,hsic,0.0,99,0.00020580994227344787,0.004304906778893831,0.004200674733374663,0.004048137508496124,0.0038912030098684986,0.003701555889330365,0.0034016879365594706,0.0032243955614449766,0.003195699231297112,0.0031385569530748437,0.0031167024243587403,0.003065602566344151,0.0028637551155454846,0.002760137437680272,0.0026206018173774446,0.002598297166406213,0.002511766512507901,0.0024681921608528464,0.002248920437892059,0.002157325553532208,0.0021451307529766375
B4_heavy_curvature,5000,2,t3,900171,k1,0.05,99,0.005320309908609211,0.019150157570506643,0.014993625465315574,0.014776961709966785,0.013928685590421597,0.013283036580556518,0.013217450257554941,0.013120577050059312,0.012621271712790705,0.012346440443837037,0.01234136755674664,0.012002185053209269,0.01159564614394415,0.011516781285678124,0.011384974715779594,0.011181342904057923,0.010971515247762964,0.010847170764412217,0.01005198231566451,0.00984506750205727,0.009785779286943574
B4_heavy_curvature,5000,2,t3,900171,k2,0.05,99,0.0441441202096415,0.28765994656465294,0.2545893708802581,0.21135687300233702,0.21123632828381264,0.19499680069687358,0.19482393531957024,0.19437475092660014,0.18654805635304642,0.17310720467391993,0.17190074861354154,0.17140859532067015,0.16900135956175436,0.16336436916505195,0.16212969079961265,0.16120735852135407,0.157418832304536,0.15703503434032676,0.15505985221122356,0.15160164814946003,0.14972009049689372
B4_heavy_curvature,5000,2,t3,900171,hsic,0.0,99,8.816783735541534e-05,0.0043550378252072055,0.004338989369823207,0.0041914753739027855,0.0037787789723259906,0.003710902140997527,0.003621755845934745,0.0035808131404331434,0.0034721428244188167,0.00344152270795186,0.0033883234117144286,0.0032693930832139472,0.0032663088198331236,0.003167233466725972,0.003079599370004301,0.00307940055343247,0.003075223094061943,0.003015118780631341,0.00300890337789618,0.0029711046603275266,0.002922827768744864
B4_heavy_curvature,5000,2,t3,900172,k1,0.05,99,0.005560739092097755,0.014239540115287497,0.013920724927741102,0.012854450621597846,0.01283181055573035,0.012767929715104986,0.011311396094779158,0.011128141779553569,0.01110099915301277,0.011009124972982565,0.010889982557499511,0.010587971883397662,0.010091932653918612,0.009982563237133757,0.009788500690068425,0.009614114274041685,0.009570619525965829,0.009533898406659524,0.0095022244184092,0.009431350880751865,0.009393627464290732
B4_heavy_curvature,5000,2,t3,900172,k2,0.05,99,0.11273483163972864,0.3373180930967178,0.2556171942200535,0.22382591231917415,0.21150509955311889,0.1860874091749718,0.1817440133634914,0.17874416336178103,0.17816511413961503,0.1741356722237286,0.16137678930922544,0.15673939437779366,0.14984907475129983,0.14912906501912526,0.14790666214687134,0.1463580686403094,0.1463525027016314,0.1456427071718411,0.14139586405825938,0.13635860480577516,0.13363914097880228
B4_heavy_curvature,5000,2,t3,900172,hsic,0.0,99,0.0018629392231518686,0.005536478540664531,0.005250057269498645,0.005236423249666651,0.004927431077709822,0.004603595350492332,0.003945519604058186,0.003643901480623848,0.0033347134353203358,0.0030312945718455986,0.0029502989017526488,0.002914563084068958,0.0028992343101311,0.002881294351629821,0.00287416511515145,0.0028352277485041055,0.0028126931518434608,0.0027909185724636215,0.0027473220815110045,0.002745750809429442,0.002732478334318053
B4_heavy_curvature,5000,2,t3,900173,k1,0.05,99,0.005877980444211173,0.013099573132381637,0.013015824173645774,0.012654001262206505,0.011621017101198783,0.01155994890640799,0.011512853198588191,0.01129591567985222,0.010945103819046675,0.010891260271113423,0.010756517865460835,0.010669337203081053,0.010581736399392971,0.01016162663094744,0.010027609323904563,0.00977494451875327,0.009708777463266482,0.009683819410309047,0.009663113052123973,0.00952326433036299,0.009523119215805287
B4_heavy_curvature,5000,2,t3,900173,k2,0.05,99,0.06475073469134675,0.34252739885411315,0.25934697714387017,0.19819130277646066,0.198033945209151,0.1765940721727077,0.17502082126322221,0.16596086321269649,0.16357683540234216,0.16224909168622115,0.15376616490002595,0.1450978646773211,0.1443602313115906,0.14312730795574713,0.142869223801296,0.14036480850136526,0.13744105349544036,0.13710536419410946,0.13616420408796256,0.13556780794871448,0.13508611650566443
B4_heavy_curvature,5000,2,t3,900173,hsic,0.0,99,0.000583646491161916,0.005246864018707447,0.004166350542010165,0.003892035708892254,0.0037792810751201083,0.0037318591267167947,0.003676256494475463,0.0034611076358728545,0.003342987948270084,0.0033359504042838836,0.003306013290252804,0.0033042566440122235,0.0032599311112810696,0.0032578260894414015,0.00315581197686498,0.0031537877862207997,0.0030442803954716154,0.0029946804048854177,0.0029858049730137944,0.002926595699376649,0.002919846598993355
B4_heavy_curvature,5000,2,t3,900174,k1,0.05,99,0.004702805342606142,0.015005521081996265,0.014017589956059617,0.013888899228283846,0.01273188855197438,0.012506346690207115,0.012407625089531082,0.012375040792102276,0.01191829360744634,0.011853444504837718,0.0117186828064888,0.011135522862017133,0.010875270393783443,0.010763130349812022,0.010732469917328014,0.01046601278549486,0.010452786029794936,0.010158684550633623,0.010157582000573373,0.009461064530944863,0.009179267216184117
B4_heavy_curvature,5000,2,t3,900174,k2,0.05,99,0.14579164464664413,0.33799618849012336,0.3240418117671227,0.23006874029762842,0.22612048272485866,0.2169906933468603,0.21344294838211145,0.2103413215191478,0.19600263385166164,0.1940336810355513,0.1904545632610581,0.17849743750702424,0.16660423983857678,0.16351701985888362,0.16047568936569304,0.1559019105073612,0.15405949550833659,0.14974565885779367,0.1474304446671707,0.1448657994124013,0.13719349700655922
B4_heavy_curvature,5000,2,t3,900174,hsic,0.0,99,0.0017048432915812736,0.0057799699042081895,0.0055901319007282645,0.0051300101171166445,0.005071934744826603,0.004600880048667409,0.004443371756535679,0.00436565278304186,0.004030979756630174,0.003969586288560419,0.003938298770052127,0.0039055981455556697,0.0036545071758251543,0.0035447593044439715,0.0034876281836763185,0.003449102793808361,0.0034355439831368828,0.0031622814453917112,0.0030271574920934254,0.003023411175194318,0.003023211755982868
B4_heavy_curvature,5000,2,t3,900175,k1,0.05,99,0.007033804177985492,0.014476332651929935,0.012764489042839555,0.012415082327900007,0.012287305612380561,0.012166792332156229,0.012076613658808744,0.012070800350372557,0.011483768027096275,0.01127897151354973,0.011111639611290136,0.011075366177576984,0.010980823494335046,0.010440358034746411,0.009939455140617337,0.009877752454222621,0.009796262244429976,0.009740101966105197,0.009660647708490844,0.009562114965806057,0.009468106710082025
B4_heavy_curvature,5000,2,t3,900175,k2,0.05,99,0.09806930668320153,0.31974900799086575,0.3054830152651234,0.24426027332199068,0.20114062387676646,0.19994303903286814,0.19951158658727494,0.19012890832895832,0.18692133192908555,0.18388689794976795,0.18273735826860557,0.17826634218506593,0.1734075245246794,0.16968417447084264,0.16567580939020757,0.16473834692157174,0.1644293846868189,0.1638248653515373,0.1524042446595651,0.15230861682236685,0.15229349946402299
B4_heavy_curvature,5000,2,t3,900175,hsic,0.0,99,0.0008123874042021079,0.006012907746490349,0.005535090027209994,0.00550794536751655,0.00437649732942046,0.0041824003518921874,0.004085780141792424,0.003675426560379178,0.0035340966773164083,0.003403089095618671,0.003358347088464211,0.0032473554383737353,0.0032136111317018377,0.003167765874820719,0.0030773260186951544,0.0029786876909051897,0.0029501049289088945,0.002886574929142412,0.0028847601483361473,0.002809283548906643,0.0027488674947560325
B4_heavy_curvature,5000,2,t3,900176,k1,0.05,99,0.011865422349473631,0.018651192955621232,0.015725741215798728,0.01544358548788427,0.014363378564224538,0.011572901196092222,0.011314164138882421,0.01109540912807605,0.010947985305064911,0.010820901216238243,0.010800157175924419,0.01061165741789194,0.010520895466020752,0.01012127240275884,0.009977157272210824,0.009900800442960711,0.009813582776328933,0.009780015551958066,0.009522068891141156,0.009495184464182294,0.009429485085155953
B4_heavy_curvature,5000,2,t3,900176,k2,0.05,99,0.09556612415518402,0.2566468248560653,0.2379698996586916,0.20492093987648966,0.20386242438704194,0.1941219268125293,0.19051462425157717,0.19003699608684757,0.18855350570858073,0.18790787667147615,0.18754372770077524,0.18371511400721574,0.17827719283408572,0.17428449713294722,0.17291455751860188,0.16647407474191614,0.16283238404222397,0.15938762025700307,0.15545830549310188,0.15388447943393538,0.15218141169564844
B4_heavy_curvature,5000,2,t3,900176,hsic,0.0,99,0.004713204767037071,0.017249471630046004,0.016552030929271776,0.015625480815577786,0.01480404155880044,0.014518591471243729,0.014337279434277718,0.014043182379926649,0.01359822544790662,0.01358243089522041,0.013143735536244535,0.013126898096794997,0.011606722478851075,0.011303699417973594,0.011243625741447116,0.010461825577004834,0.01028357831872911,0.009932723413062691,0.009711681006819116,0.009317996768312738,0.009289264660061657
B4_heavy_curvature,5000,2,t3,900177,k1,0.05,99,0.00828973321948645,0.018375633159579796,0.015042517361305796,0.014154777346368608,0.013534668558620844,0.012217980699552045,0.012202378636963496,0.011599316177224206,0.011249961280703658,0.011079818802053665,0.01088774527085079,0.01084495958141074,0.010754684417087934,0.010647899619205314,0.010472152422833392,0.010268733939358676,0.009805000578750556,0.009638836068995627,0.00931591480937699,0.009058763316722729,0.008959271721563189
B4_heavy_curvature,5000,2,t3,900177,k2,0.05,99,0.13467703384007618,0.4176271142556477,0.23197441119898388,0.2280868834472178,0.21020787245320477,0.20941633500608156,0.19967507157079958,0.19168164391914322,0.1912724582966093,0.1896373108696881,0.18710858982239784,0.1730162460617527,0.17068816413578225,0.17028661218385424,0.16955757429167037,0.15979718609771934,0.15636224787381922,0.15472424136947113,0.15189063372824974,0.1497203505879338,0.14830415587113532
B4_heavy_curvature,5000,2,t3,900177,hsic,0.0,99,0.00339036539012818,0.008540342932361845,0.00786865435591285,0.007804076120888615,0.0076992075606309865,0.007498939286419818,0.007405085904888617,0.00716015001017071,0.006729368755808452,0.0067211177714966,0.0066625901182622085,0.0066227941841692515,0.006402540574419282,0.00589785349369678,0.00589220004132538,0.005884216271487046,0.0058319300931504526,0.00569541377258266,0.005577062292832334,0.005345414227827055,0.0053015326521059876
B4_heavy_curvature,5000,2,t3,900178,k1,0.05,99,0.006913573239609061,0.015683107860925083,0.014537323044342965,0.013185650591001408,0.012487539995353902,0.011892225191658445,0.011697418662539927,0.011610193488472587,0.010978066490588412,0.010873345630389553,0.010813660701655015,0.010553592212601215,0.01050848864294529,0.010457701405981679,0.010100043467441533,0.01008522156096403,0.009287837942213772,0.009121461506689688,0.009118254966290373,0.009108658568229067,0.008952870223833731
B4_heavy_curvature,5000,2,t3,900178,k2,0.05,99,0.21997957324032436,0.2110523621914748,0.20638014979068217,0.19438573546622687,0.19115016741928337,0.18991278527066166,0.18917470153966076,0.18377397026175094,0.18362628706513745,0.1772785183059611,0.17452333178709967,0.16886390136065846,0.16328118391197824,0.15672264182161777,0.15327217254351097,0.14687567594889575,0.14487849185941346,0.14442926682995724,0.14414254833725507,0.1417693334909287,0.14149535913369995
B4_heavy_curvature,5000,2,t3,900178,hsic,0.0,99,0.00031793275943654907,0.006592525348719215,0.005690734318259357,0.004301289937036967,0.004140830399168011,0.004132574880475367,0.0035840400232242772,0.0034152638203741844,0.0032620316232097706,0.0030242750547416096,0.003004907554116976,0.0029271172241996904,0.0028887401023280673,0.002846452815318173,0.002809679465183262,0.0027742692024049936,0.002683012266042703,0.002657663772187275,0.002642129160375894,0.0025678526868200572,0.0024842884536270455
B4_heavy_curvature,5000,2,t3,900179,k1,0.05,99,0.0041838834299603445,0.013073671001949116,0.012888188495518982,0.01187865138435329,0.011848752053959188,0.011625091097356877,0.01117852809467168,0.01077739286661461,0.010717788754749935,0.010389718664682968,0.010340358657604964,0.010195345947702883,0.010124430428488096,0.009669579595445676,0.009583069939184563,0.0095615250431903,0.009407581056482761,0.009383433141609054,0.009233100461331412,0.00909797666718637,0.008926068000614018
B4_heavy_curvature,5000,2,t3,900179,k2,0.05,99,0.07018694053275756,0.2529422641877671,0.22592263281514152,0.21767291992466062,0.20542745140416496,0.2049907452522279,0.20315998285972126,0.19136969250377792,0.1910951399516863,0.18798489474979457,0.18714793834254773,0.1855211189553902,0.18214900314595106,0.1768916489939314,0.17529632842694762,0.17363358651054722,0.1732349795364208,0.16614852072745448,0.16562965705588398,0.15783491453814505,0.15783052578961537
B4_heavy_curvature,5000,2,t3,900179,hsic,0.0,99,3.8855752397226336e-05,0.005227256010548992,0.004946399001399157,0.004669329036318061,0.004584411149017477,0.004416839250343069,0.004336710533371025,0.004126477480043692,0.0037645594675306355,0.003679689937167087,0.0035896871224990433,0.0034467989800310832,0.00335018575285402,0.003258077897410496,0.003119969742915395,0.0029813775889207385,0.0027343498825885652,0.002713048364246216,0.002679280131182131,0.0026351535939550396,0.0025540477587690964
B4_heavy_curvature,5000,2,t3,900180,k1,0.05,99,0.009022571003677538,0.012922265908910324,0.012315591332935583,0.012123252763322268,0.011890820670711233,0.011437246623440589,0.011308486946355445,0.010852268330666215,0.010808670550500277,0.010697363761330347,0.010458222842955722,0.010453371522522459,0.010436315675961594,0.010003640037620332,0.0099353850745858,0.009857047028970278,0.009824151703136885,0.009572354953487738,0.009524172544564613,0.009382523127812736,0.009370879995552306
B4_heavy_curvature,5000,2,t3,900180,k2,0.05,99,0.16722786832022293,0.25384023786759563,0.22326544445554378,0.20628850808136945,0.20593896528486363,0.19841924320851173,0.19741420881738253,0.19243430083938035,0.18988281144900201,0.1870189320975041,0.1857411745697039,0.1678391838753002,0.16349680300021707,0.16296978845756668,0.1625205459143678,0.16001078855739378,0.1576217688963727,0.15304352723775858,0.15286301411268124,0.14270566765713455,0.14175414455573504
B4_heavy_curvature,5000,2,t3,900180,hsic,0.0,99,7.733743822077219e-05,0.00674468665825438,0.005717662108196667,0.004488763537892265,0.00421474445255341,0.004175428714413119,0.004145858776226944,0.003910033827660311,0.0037190154525319633,0.003615698468134125,0.0035627323168313423,0.0033520726520305387,0.0033320360885606476,0.003305851908053661,0.0031914884578973287,0.0030131336165273538,0.0029474432850401956,0.002906651469053831,0.0029054521349608114,0.0028351000595825595,0.0025879844984925617
B4_heavy_curvature,5000,2,t3,900181,k1,0.05,99,0.00784010397068391,0.016847779063581148,0.014820288226998102,0.014059608998313489,0.013951148942804026,0.013351211796317264,0.013238793009205163,0.01319288133775387,0.01263717822662569,0.012588087907783096,0.011812073026942871,0.011632839753521917,0.011321964230286197,0.011103504313567991,0.011072600114831244,0.011050924737542434,0.010962335850215776,0.010882368684648758,0.01086232411521193,0.010856611913110492,0.010301602652654007
B4_heavy_curvature,5000,2,t3,900181,k2,0.05,99,0.1154923749039605,0.30965248376202065,0.26629340674916446,0.24558479891831098,0.19920142228535895,0.1980961510986453,0.1859652931878228,0.1825415796651499,0.1719860616425249,0.16812848019204904,0.16288190151758594,0.1606563249199665,0.15532308662097966,0.15487708796381583,0.15381017727894464,0.15294919247279262,0.1482824870702172,0.14777743183169206,0.14689440325991318,0.1426192420380868,0.14235104549637564
B4_heavy_curvature,5000,2,t3,900181,hsic,0.0,99,0.0011760747182374335,0.004443650264305643,0.004307068644609308,0.0042308782571339396,0.0038355251515208677,0.003644617941412777,0.003350392066622939,0.0032651320023583965,0.0030504840329204337,0.0030187002253676547,0.002871983647837663,0.00282553775919963,0.002816438275537356,0.002689429048906259,0.00259178892594432,0.0025731722365034313,0.002473331215446947,0.0024611675562033744,0.00242455192196536,0.002304697392441477,0.0022675722719449863
B4_heavy_curvature,5000,2,t3,900182,k1,0.05,99,0.007325406348195673,0.01529981533027669,0.013235944520639586,0.012332846202232517,0.012006252385176497,0.011286764992476273,0.011067700808467196,0.010843121864576699,0.010791617494716355,0.010668732741970222,0.010585172613712723,0.01025694801357302,0.0102012277975424,0.010199561460922602,0.010197070603313318,0.010059111968524714,0.00988447413566762,0.009836132212336146,0.009688355856732223,0.009616882576509833,0.009229668772918087
B4_heavy_curvature,5000,2,t3,900182,k2,0.05,99,0.1795593743409439,0.24691546942283443,0.24454461684268838,0.24059615417196256,0.21117219656107697,0.18815952928075336,0.18422238119523635,0.18352899022115568,0.18226225038247418,0.17239435038444853,0.16848142765008628,0.16494723277115095,0.16220526571006993,0.16157506923194292,0.1614925618290544,0.16059841165920083,0.16055529329574036,0.15957685674509645,0.1589866979013004,0.15687414999400873,0.14910356517319495
B4_heavy_curvature,5000,2,t3,900182,hsic,0.0,99,0.0007264492761569768,0.005092640465539826,0.004419687221535096,0.0041906490584097175,0.0032331825338304965,0.0031103212040088147,0.003037680567957471,0.003011478183643142,0.0029178242696657327,0.0029176358889567767,0.0027449878878117962,0.0026942438127653795,0.0026612230197422507,0.00255764716002814,0.0025554802982932414,0.002412846990189788,0.002349041911067518,0.0022211291524954096,0.002221117547100132,0.0022157719061761333,0.0021750458068753014
B4_heavy_curvature,5000,2,t3,900183,k1,0.05,99,0.006402757445488572,0.013714293171758984,0.013446786197426008,0.013349969820467766,0.012788937265766132,0.011648580327793812,0.011610263886346561,0.011508191617295216,0.011207690153839378,0.010677928733576536,0.0104320536074487,0.010404581142186009,0.010230440171413946,0.010114716178186933,0.009987596202772897,0.00984344913952051,0.009795404391522267,0.009763865195923871,0.009733171704951471,0.00971535624810238,0.00949494061805689
B4_heavy_curvature,5000,2,t3,900183,k2,0.05,99,0.11929409212568987,0.23877391713527926,0.22667318100840614,0.20288524610188888,0.1947282722703349,0.19323391956251754,0.1848189763492627,0.18206775328755234,0.17471514153633,0.1691000534558446,0.1684388089116651,0.16798587700266607,0.16385298744955715,0.15860284555892165,0.1522034427100859,0.14961431485901117,0.14562974943138424,0.14344668009658648,0.1424977975799392,0.13887742879798992,0.13628009666434088
B4_heavy_curvature,5000,2,t3,900183,hsic,0.0,99,0.000700194487931216,0.0053426635641676285,0.0047235887326258314,0.004659114424389996,0.0045119199655314374,0.004150351563587371,0.004135782375977794,0.004075243129681815,0.0037207547747945113,0.0036804143976278425,0.0036603196778959594,0.0036414977900769458,0.0036092095062539007,0.00360668479170626,0.003564810826777076,0.0034919512447488033,0.003474100894904665,0.003432590838073024,0.0032678620638533955,0.0032226201884054595,0.0031916791238646614
B4_heavy_curvature,5000,2,t3,900184,k1,0.05,99,0.011508218764363032,0.014799143175052931,0.014350572134749218,0.011672329083428634,0.011476749573830825,0.011304829264537242,0.01110602582443787,0.010821571610378888,0.010381434090152908,0.010352662293068637,0.010261682474480893,0.010009896231603754,0.009824790111147563,0.009610043874134888,0.009590135976660141,0.009494984482957602,0.009462453365267187,0.009411560876018354,0.009365107619948021,0.009259444239355097,0.009223402173626272
B4_heavy_curvature,5000,2,t3,900184,k2,0.05,99,0.13356980957249498,0.3123956173568649,0.27864196422915133,0.2754712015898672,0.25717446728234966,0.2533299744646853,0.22420677318501075,0.21503731978366664,0.21484655665245467,0.20810762708664415,0.198363532914907,0.19598803591984473,0.19511000873534937,0.18685895796724422,0.18305689051266533,0.18297403252062638,0.1763208621588105,0.172754141887193,0.17196812983673998,0.17153829324313627,0.17141814065904756
B4_heavy_curvature,5000,2,t3,900184,hsic,0.0,99,0.005148292706803121,0.011036746623134553,0.009957140479570926,0.00973022514952704,0.009559132845520533,0.009476373339922487,0.009262214358133982,0.008572828974357617,0.00854037581361831,0.008460162134613662,0.008445044479174945,0.008407601389539355,0.008174338150048756,0.008024437589569878,0.008017594254028081,0.007942050062223717,0.007804877351656414,0.007057099774625555,0.007004704539830293,0.006901856986764432,0.006772188254883175
B4_heavy_curvature,5000,2,t3,900185,k1,0.05,99,0.006768214924956828,0.018297421238393063,0.017884575693909444,0.01421645836240959,0.012917966515432089,0.012436890994437122,0.011621859153650882,0.011553894673174914,0.010715427874291583,0.010677071309262431,0.010502925947345032,0.010441792941285333,0.010421505155371658,0.010178156714171882,0.010164154861031283,0.010112000739183835,0.009888299342015183,0.009746264732163223,0.009562075995924402,0.009544479833328401,0.009443355436422829
B4_heavy_curvature,5000,2,t3,900185,k2,0.05,99,0.13074343064292623,0.38914360630974604,0.32744302054622343,0.28651526907867836,0.251022098343249,0.23731466551897953,0.2329739945616784,0.2223078239609292,0.21369095369996033,0.2000254681353763,0.1966787661020596,0.18752119716018442,0.1786910192049387,0.17482498753360345,0.17163487693247007,0.15995079399090018,0.1590847074770356,0.15512599390046897,0.1510514263780764,0.14586622176304082,0.14568157379394428
B4_heavy_curvature,5000,2,t3,900185,hsic,0.0,99,0.0003638962180297824,0.00712393807017956,0.005892073673180489,0.005681214368577251,0.005289545422129628,0.004869406655854732,0.004662815151454314,0.004517876371040561,0.004383451525824624,0.00436216570588404,0.004291673946517582,0.004060835941567629,0.0039568491724723265,0.0038063305911438697,0.0037168623260383626,0.0036441557188111686,0.0035425455773684376,0.003272887458640178,0.003245213702847704,0.0031936621686750734,0.003180341636471117
B4_heavy_curvature,5000,2,t3,900186,k1,0.05,99,0.0071381179997981326,0.015000041357200122,0.01361389324367146,0.013596387257517994,0.012910938088063095,0.0124419971622316,0.011072433657485004,0.010716866170081829,0.010563435974276114,0.010409833454679829,0.010402532114440866,0.010116631270698728,0.010085458826074811,0.01000498194967725,0.009807150601620518,0.00963888867369056,0.009242194255662861,0.00912079869967175,0.008851772232204236,0.008737275376269782,0.008569325466839306
B4_heavy_curvature,5000,2,t3,900186,k2,0.05,99,0.09942551610072799,0.22259632546770994,0.2012252241561635,0.198739301419009,0.19150476252583298,0.19062513432445707,0.1838387125737913,0.17980808195040318,0.17942851539398777,0.17372838457032755,0.16981756567540227,0.16754397444569327,0.15921094217043613,0.15827830917432575,0.15820509289645435,0.1575310460280762,0.15461490352588048,0.1545822237187556,0.15282865764872314,0.1458774863287742,0.14573318068455993
B4_heavy_curvature,5000,2,t3,900186,hsic,0.0,99,0.0019781721023508616,0.006823990209576169,0.006322680087875568,0.006121660714242806,0.005290578213620449,0.005055501440641718,0.004721958228170905,0.004702881688472806,0.004596818789350488,0.0045406403956520965,0.004302570426981789,0.004289539763076871,0.004172536713153666,0.004070839867687092,0.004004263388109898,0.003963706662274221,0.00390933985056522,0.0037866228825358503,0.003411179605849744,0.0033889028762207275,0.003321509798238951
B4_heavy_curvature,5000,2,t3,900187,k1,0.05,99,0.005991519856150984,0.0184640413232543,0.016306711567400267,0.014719704543761813,0.013560565232694666,0.01263719972467403,0.011825758349306659,0.011689543315521855,0.01072331839695917,0.010543941388630462,0.010512797229648152,0.010446780172457593,0.010401784828836802,0.010297059672364384,0.010226247056393412,0.00997094055045955,0.009693641276462328,0.009651625374887618,0.00958969119023323,0.009538761334805468,0.009466790860938601
B4_heavy_curvature,5000,2,t3,900187,k2,0.05,99,0.08903328136646313,0.23096843730557415,0.21542902804134986,0.20445469563084548,0.19999267585073352,0.1957239766773553,0.18975602815172699,0.17931375881219455,0.1769209748894657,0.1648311810931478,0.16427466667443458,0.16009495529408055,0.1595027090904157,0.15729579180258227,0.155933996608202,0.15388118834605427,0.15104072517673098,0.15040016219218427,0.15013930941353712,0.1479747099559463,0.14192432346576275
B4_heavy_curvature,5000,2,t3,900187,hsic,0.0,99,0.0011583583806578485,0.004729378706956969,0.004581435471089605,0.004398009667398858,0.004209187789776059,0.0041085587092277035,0.004088428190836248,0.004016430170964775,0.0035693327503550235,0.0034208659768550937,0.003393052366381385,0.003135138217716252,0.0031309879175347157,0.0031033813917371047,0.0029720237964093042,0.0029289720222440948,0.0029025380558255777,0.00287665969686115,0.002847329485984666,0.0027973720399781014,0.002588943221279802
B4_heavy_curvature,5000,2,t3,900188,k1,0.05,99,0.008503515881153278,0.015334122407873796,0.015181340949193323,0.014256699526879246,0.013222612957741409,0.013165305770170277,0.012578412945346229,0.012444272842281667,0.011871014595725926,0.011575534931765552,0.01110425883377153,0.011089218160614478,0.010901934191170248,0.010621668907698334,0.01015752771959999,0.009950719993604973,0.009884766169947268,0.009878972379855688,0.009856190822601474,0.00969387337637384,0.00961403333430444
B4_heavy_curvature,5000,2,t3,900188,k2,0.05,99,0.21931034636199137,0.2613134539419158,0.21670729231139346,0.20859307446584277,0.20321847267466062,0.1961684529036781,0.19317549093782027,0.1930489580244414,0.1736937292725595,0.1715465333802469,0.17108228474484216,0.16113537807154255,0.15950758153969785,0.15743037194932483,0.15338872613875237,0.15155289990389664,0.15013776958834837,0.15001909245510495,0.14638362860474438,0.14136936525232485,0.1409910178342735
B4_heavy_curvature,5000,2,t3,900188,hsic,0.0,99,0.001470951305593794,0.0060546820926092,0.00530396567615618,0.005295350256479987,0.005285325039093755,0.0052708594785406205,0.005125176031166034,0.0046647263819370064,0.004251904258585272,0.004251487188091347,0.004064958919976592,0.00404499457617552,0.003971450898955532,0.003853806967471749,0.0038478633181320164,0.003666244913091407,0.0036257738020114786,0.0035915037690224657,0.0034426907125544204,0.0033898704109913483,0.0033878579573513577
B4_heavy_curvature,5000,2,t3,900189,k1,0.05,99,0.0038880133336361977,0.014106740145826469,0.013489890157367901,0.012878594877185567,0.01240885637454181,0.011852039979664108,0.011656082288488356,0.011426051899179557,0.011345559358205803,0.011255471572319098,0.011148131635680736,0.011060425589541678,0.010830768405672653,0.010540117652867553,0.010505071051977288,0.010394624556475884,0.010208790336419638,0.009886729543326034,0.00968333490998552,0.009506570250672586,0.009388584042959724
B4_heavy_curvature,5000,2,t3,900189,k2,0.05,99,0.10599182656350695,0.24424997441929563,0.22064501487436838,0.2098619501064299,0.17755491952804497,0.1649054357432133,0.16333108274958946,0.16222224897287477,0.16201329019854288,0.15949466219966624,0.15652086366423673,0.15453085805394018,0.15356151471230234,0.1504989576776717,0.14782265009549125,0.14455551833071617,0.14170068457752483,0.14091714533600186,0.1366496404278563,0.1350859706654013,0.13441632700361794
B4_heavy_curvature,5000,2,t3,900189,hsic,0.0,99,0.000792496369805431,0.004362528870916581,0.004258661139166611,0.0038736097743770222,0.0036984211218880994,0.00362785029898469,0.003513292431174999,0.0033974371673320533,0.0033722746968104927,0.003242280201989475,0.0031279924132925005,0.003087627272820054,0.003070874453974662,0.0029845098300522025,0.002982498178370116,0.002952116923275995,0.0028830583781902634,0.0028751337918572367,0.002821724007689381,0.002800202331601604,0.0027729077583060263
B4_heavy_curvature,5000,2,t3,900190,k1,0.05,99,0.007902003958619619,0.013178255144341677,0.01284073879361003,0.012399586405868135,0.01230789801527421,0.012284389255112438,0.012190097711020864,0.011831658232343334,0.011782093875072008,0.011227702246605409,0.011039294917005504,0.010845298168848272,0.010710860131689204,0.010607352594899755,0.010484633587030445,0.010353939019298597,0.010182754851262854,0.010138161811141577,0.009915356116683371,0.009864707332580713,0.009445323929697658
B4_heavy_curvature,5000,2,t3,900190,k2,0.05,99,0.25147744494723107,0.3539619422792039,0.20072508803348194,0.19624733247770676,0.1962316392342058,0.19547564430368494,0.18701554689189387,0.17835207045909773,0.16862111012988357,0.1669721486001497,0.1625379862430925,0.15799972517338443,0.15555459036526165,0.15264278402091147,0.15111746705367535,0.14763196535597553,0.14582510015945646,0.1442336473611897,0.14407531788286776,0.14294161941026046,0.14038546601209376
B4_heavy_curvature,5000,2,t3,900190,hsic,0.0,99,0.002452911144048654,0.006941100460382928,0.006429624570483983,0.005811306561593949,0.005660180069969702,0.005588682581048409,0.004912668504420083,0.004806412887225035,0.004776662434336566,0.004640708907716257,0.004397169539371771,0.004369206143454753,0.004266799932499961,0.004245564601880361,0.004190460060287447,0.004164689786549924,0.004123302194626591,0.004041909618744833,0.003918225432421868,0.003904728810800346,0.0038954402514109854
B4_heavy_curvature,5000,2,t3,900191,k1,0.05,99,0.011329400013217805,0.018807615878348005,0.017526481315492393,0.015319779394636801,0.014570570206393962,0.014437157382184096,0.013291477646713235,0.012517443380474558,0.011798190839045097,0.011628021642542952,0.011412525356989778,0.011395790468552214,0.0113081108677624,0.011222314261125965,0.010868034092154422,0.01080381673372588,0.010436579322110062,0.01032004525309882,0.010251992499748286,0.010162840919589633,0.010123700485979659
B4_heavy_curvature,5000,2,t3,900191,k2,0.05,99,0.18448288676039729,0.3399543859788439,0.2801899380670043,0.21892933934491232,0.21600345530091863,0.21543816512181707,0.2149875125298502,0.1958754809771801,0.19008417983542106,0.18437642233714477,0.18355698635815523,0.17044372655097026,0.16990063442085065,0.16987366809200244,0.1688397209033256,0.1573480567397218,0.1489950605648323,0.1480830353369557,0.1451164091768196,0.1434371237435947,0.140456339571904
B4_heavy_curvature,5000,2,t3,900191,hsic,0.0,99,1.130800574358819e-05,0.0055912983255103875,0.0054999959954821435,0.005256141486652725,0.0048424536488404215,0.004324109048959771,0.003952511197657664,0.003907860074704014,0.0037397959354831117,0.0035935251675909613,0.003576831647847135,0.003497119534316907,0.0031377126977145315,0.0030105781144777063,0.0029597693901121003,0.0029425349256150092,0.0027806590255694493,0.002684286720473875,0.0025449546961795583,0.0024557578711369354,0.002316233504175812
B4_heavy_curvature,5000,2,t3,900192,k1,0.05,99,0.007075472223553869,0.013531718223778078,0.012357996352056033,0.01188842215256114,0.011539363393072266,0.011245548691762974,0.011204347448744323,0.010863756787232282,0.010758684647983241,0.010458471467251984,0.01043063136417488,0.010325486347815604,0.00942726235884428,0.009397343384316192,0.009383073820522614,0.009311395846240633,0.00923027973532331,0.009213565493849663,0.009095633045217655,0.009039994693343933,0.008759004177167684
B4_heavy_curvature,5000,2,t3,900192,k2,0.05,99,0.09505613926926139,0.2799988629897827,0.2551137493423422,0.2510749325202783,0.24565767909390698,0.24127295313092753,0.23301178426425853,0.2283161831028915,0.21036501366099428,0.20719504768790314,0.20108695762178486,0.1928739465838936,0.19191506498899688,0.187378459051409,0.1843821151424362,0.18343452381319922,0.18264956307847127,0.17970711324602723,0.17685823180101112,0.17160583140023564,0.16870908755282366
B4_heavy_curvature,5000,2,t3,900192,hsic,0.0,99,0.001366628778610057,0.006121572580255102,0.005537947051271968,0.005391424767575591,0.005210393599909912,0.004809118854557306,0.004797191804630106,0.004680746216335207,0.0041362429486430175,0.004108964625714007,0.004001018528251487,0.0038700433675705626,0.0037803927861513975,0.0036497545665983497,0.003622441851275515,0.0035009137407086394,0.003473373780182331,0.003424192866786705,0.003393338446595731,0.0033415052680065443,0.0032740881350346754
B4_heavy_curvature,5000,2,t3,900193,k1,0.05,99,0.003505709643174648,0.016757241843341375,0.014219152950262104,0.014063022487416865,0.013754387661922274,0.013153439988436322,0.012762052981692418,0.012400934854041146,0.011698779478254262,0.011487379064002545,0.010794472260576615,0.01050422487138658,0.010299101227069007,0.010250629556918023,0.01009247659780288,0.010084555196943845,0.010045325938231042,0.009730502208248781,0.009664092859580697,0.009655141433399406,0.009558569967154207
B4_heavy_curvature,5000,2,t3,900193,k2,0.05,99,0.08359725494546877,0.25826636960931,0.19869007176026804,0.19665967207100646,0.19076674843593971,0.18874414499540226,0.1878957341265403,0.1836994472244005,0.17846294075948038,0.1735744865615827,0.17262561447244498,0.17226055243191313,0.16741132895123703,0.16635179950594836,0.1615708727648562,0.15857257802554503,0.15607904012492682,0.14033408435096537,0.14020821663481137,0.13940749084613088,0.13375857544138567
B4_heavy_curvature,5000,2,t3,900193,hsic,0.0,99,0.0007590927748847132,0.0050490394814878175,0.004860167437147465,0.0047425870207662224,0.004738435037215353,0.004600077542000466,0.004591607853942169,0.004223847404226796,0.0036810621539034175,0.003511330964971366,0.0034309971092905743,0.0034297441802317893,0.0032984631810844397,0.0032074614539584685,0.0031768206122698866,0.003082496822008773,0.003058986679608396,0.0030143023241115488,0.0027659722725298414,0.00275101287174734,0.0027005097346555723
B4_heavy_curvature,5000,2,t3,900194,k1,0.05,99,0.004759855870330454,0.01513991961980432,0.01389478766456631,0.013619121320188943,0.013575479242647903,0.01310776885932341,0.01296062626248129,0.012250773403250537,0.01074806399512962,0.010717448030890142,0.010654569693523186,0.010254755156913431,0.010232500721388926,0.010225696820603591,0.010189138185741298,0.01015193004614734,0.010059598999115349,0.010046677192801057,0.00989752510939712,0.009857222255743148,0.009833073838664497
B4_heavy_curvature,5000,2,t3,900194,k2,0.05,99,0.08128784694799529,0.2595927403956115,0.22896015156940436,0.1922094272451772,0.18901660851248778,0.17888916920151904,0.1775518629173973,0.17635011238661336,0.1744420717418013,0.17443587287115725,0.15946313921160649,0.1592460632293298,0.15902237746691567,0.15755709580221083,0.14887344747732192,0.14557047300648754,0.1409568092620448,0.140143707331005,0.1390167601686512,0.13768601166644565,0.13735449592133778
B4_heavy_curvature,5000,2,t3,900194,hsic,0.0,99,4.0253717199193774e-05,0.005727962024084407,0.004279388820732085,0.00413262008601738,0.003968175385817077,0.003689400053804036,0.0036206946424451117,0.0035647729653135655,0.0034488509385027853,0.0033675505634118423,0.0033270892921980467,0.0033052381720254146,0.0032534946357652664,0.0031498265438512705,0.0031336229286081313,0.00307659346800136,0.002954714094811894,0.002935338802186797,0.002778095311684145,0.002586623593044073,0.0024536839098892953
B4_heavy_curvature,5000,2,t3,900195,k1,0.05,99,0.004253778893333893,0.014220494844011555,0.01418230105701912,0.013716790183298966,0.01338417930249125,0.012966040801410506,0.01233005403480636,0.012313824895240577,0.012082624389429641,0.01103650598550332,0.010613002534346161,0.010339330892003562,0.01019340512108935,0.010069042499367242,0.010053012313156584,0.01003542066826646,0.01002957795066639,0.010015672786064966,0.009997782487913498,0.009928772061059354,0.009922368554185712
B4_heavy_curvature,5000,2,t3,900195,k2,0.05,99,0.0744156685200572,0.3130336011230795,0.2241066204708862,0.21311072719679516,0.2109663364033274,0.20051053873286842,0.19704709567429513,0.18733219285810734,0.181347967949698,0.17978804916246371,0.17968250053168483,0.1767351307229632,0.15738315342601417,0.1572799622590468,0.1534549245280604,0.1530961622053086,0.1513217515336323,0.14915871138694747,0.14771597721975124,0.1467411819979587,0.14426461823717712
B4_heavy_curvature,5000,2,t3,900195,hsic,0.0,99,0.002127400888384047,0.007727081546041974,0.0070960434053748,0.006511673427621019,0.005332667530761374,0.005190917063922248,0.005050676241125153,0.0044596541973524455,0.004132428299858757,0.004060209816608216,0.004035121714698359,0.0038227746367782926,0.003696342780673662,0.003654173677362612,0.003576760652884979,0.0035547332237584697,0.003546944414073036,0.003375835586351151,0.0033300581961581044,0.003055544345549215,0.002930976854613832
B4_heavy_curvature,5000,2,t3,900196,k1,0.05,99,0.007545122528520132,0.016443486871718482,0.014142250546825275,0.013133451873415969,0.012862131019984346,0.012775381811713449,0.012656897911435205,0.012603699474657448,0.012432593929635471,0.012309674580203378,0.012140328082292928,0.012085623302779736,0.011631087485472924,0.010995155936179946,0.01078671240937723,0.01072904900087368,0.010182807756125567,0.00996121578172704,0.009942546113857254,0.00983214405071886,0.009793823223118059
B4_heavy_curvature,5000,2,t3,900196,k2,0.05,99,0.08245690418526727,0.23477659480318785,0.2059132969715003,0.1962398291125996,0.19581694014800657,0.18775137885571022,0.18216471219880118,0.1799538267608421,0.17970958610905194,0.17250420082146048,0.1659965833732109,0.16098259976663337,0.15978209318664247,0.15831475541152554,0.15182474992487524,0.14918145723072046,0.140578326494107,0.13980358461271444,0.13929062172920392,0.13902977729523977,0.13532161852912622
B4_heavy_curvature,5000,2,t3,900196,hsic,0.0,99,0.0007417218995171293,0.0048249953838594584,0.004662114125347988,0.004545411738169243,0.0042563182182675605,0.0040191940541726,0.00393476341476849,0.003816477482852957,0.003796337489501839,0.0037346060493162825,0.003729150242007089,0.00323764668947802,0.0031826407483378574,0.003149922655112734,0.0029290474882888527,0.0029059599831162274,0.0028163588898798535,0.002810891218709798,0.0027033493098599223,0.002672922678231991,0.0026471402821007166
B4_heavy_curvature,5000,2,t3,900197,k1,0.05,99,0.005874791828602843,0.01444688102391467,0.013312746097223105,0.013098492633560443,0.012343462580609255,0.011620653565925343,0.011100528715012326,0.011075131454770348,0.011063798699606608,0.01075842826730411,0.010423509615795967,0.010399621386384061,0.010168007489872122,0.010100877864953506,0.009988414159451398,0.009768040605025452,0.009647359738572558,0.009607230748387763,0.009534132393821726,0.009464067273069476,0.009206349992517793
B4_heavy_curvature,5000,2,t3,900197,k2,0.05,99,0.0661995185531751,0.2605545022644927,0.240209941059316,0.20895554482885856,0.19814730613326936,0.1969938644428812,0.19010168314758485,0.186402513571776,0.18286451935977435,0.18138715884155418,0.17672264289458528,0.1742479359787749,0.1699727623669142,0.1686416283351433,0.1605864396066943,0.16011967465523075,0.15561792504940855,0.14597843874069305,0.14283099802596244,0.14153190694970968,0.13988698557076304
B4_heavy_curvature,5000,2,t3,900197,hsic,0.0,99,0.0008882655685836605,0.0056590083302746055,0.005273011421915412,0.005103259225928196,0.004900577037725718,0.004677313646946591,0.0040044124449892275,0.0038934465807859133,0.0037670668179752356,0.0034368437584836775,0.0033486442990770283,0.0032586395234011625,0.0031218603823430294,0.003006886304221306,0.0029531935638123018,0.0027845546217076245,0.002601253117052764,0.002516553992775651,0.0024924249931380883,0.002479229177737486,0.002469996230244126
B4_heavy_curvature,5000,2,t3,900198,k1,0.05,99,0.005954028169895542,0.015582770187511974,0.014417406640567676,0.013394202468155703,0.012370682277117795,0.011579982769926223,0.011269410851623363,0.011265690847313103,0.011165342999624572,0.01070988432882869,0.010614923694575285,0.010597051725513285,0.010251710426522731,0.00994620349895281,0.009920733141666416,0.009914718570136816,0.009818366808943102,0.009792358994581751,0.009719067233085577,0.009707570051525782,0.009621870107308084
B4_heavy_curvature,5000,2,t3,900198,k2,0.05,99,0.17905852897823432,0.26610810401533536,0.24449492283999705,0.2092575786036906,0.20673440750647787,0.20008122898054417,0.1823950334374642,0.1750748661236113,0.17284916527362282,0.17130458029719078,0.16748274858794804,0.1593773790381451,0.1539693736481866,0.15343330717855758,0.15320851432969831,0.1531687990462721,0.1516722844689474,0.14750936732489958,0.14527191537536033,0.13811024755114457,0.1327632648828103
B4_heavy_curvature,5000,2,t3,900198,hsic,0.0,99,0.002075200683482535,0.007415408057563306,0.006022430862145936,0.005998355452678938,0.00581287945857609,0.0055595897470190935,0.005392173775863952,0.00537289357769898,0.005144572257192382,0.005084389740011172,0.004963625891191553,0.004890181597534205,0.00480899703967306,0.004649530936218265,0.004130354173843536,0.003994841250920793,0.003908671291134932,0.003876010675361755,0.0038556832890933863,0.0037994901332280093,0.0037993784480108866
B4_heavy_curvature,5000,2,t3,900199,k1,0.05,99,0.007574369296896588,0.014066734470812525,0.012627845742888444,0.01229217387245607,0.011940091348716653,0.011881697641465294,0.011479463232090037,0.011018250516000583,0.010971076599444962,0.010774261838979338,0.010549212623805704,0.010280414312895503,0.01027720767460838,0.010230352181441749,0.00989856495416297,0.009856328897115296,0.009734837623027626,0.009716868768709142,0.009698137244896321,0.00948566342615198,0.00942239361660524
B4_heavy_curvature,5000,2,t3,900199,k2,0.05,99,0.1448650426145084,0.24782258620782757,0.23623623250597162,0.23505510694413195,0.22175608179918502,0.2156375050095553,0.2109839392664382,0.1957156489324821,0.19348755750422791,0.18933425750413396,0.18377795034012068,0.1824554750475694,0.18236918490472376,0.18044781370446714,0.18010450386342772,0.17951815552744269,0.1701519556881503,0.16233606283476912,0.15912859794924653,0.1573191809094388,0.15707937890540105
B4_heavy_curvature,5000,2,t3,900199,hsic,0.0,99,0.0005246881295395607,0.0050405113870138525,0.0047132979628393525,0.004322046618390572,0.0038624726195052874,0.003782468520893494,0.0031021342041866675,0.003012846116227179,0.002895135033267626,0.002880556155108396,0.0024130699442462336,0.002311678052529142,0.0022669759264742724,0.0022386515666383056,0.0021698408632393226,0.002153383978034971,0.002090764072054616,0.001961283629567906,0.0019296198531910556,0.001844856502396376,0.0018248480030076657
