adv_id,n,d,noise,seed,method,trim,B,stat_obs,cv_0.01,cv_0.02,cv_0.03,cv_0.04,cv_0.05,cv_0.06,cv_0.07,cv_0.08,cv_0.09,cv_0.10,cv_0.11,cv_0.12,cv_0.13,cv_0.14,cv_0.15,cv_0.16,cv_0.17,cv_0.18,cv_0.19,cv_0.20
B2_mixture_x,5000,2,t3,900000,k1,0.05,99,0.006497258576754095,0.012741213465802592,0.012254395443387245,0.01215752700014261,0.011665442760619205,0.01150060750057813,0.011314957948682536,0.010940563436688922,0.010827654715033885,0.010755989860243953,0.01056916393853291,0.010104843934958141,0.009974897192108645,0.009887456413367968,0.009843393443511483,0.009672861794514875,0.009618549799649156,0.009603787412683307,0.009555806597093208,0.009529376613077067,0.009280837858841706
B2_mixture_x,5000,2,t3,900000,k2,0.05,99,0.2641159090784888,0.280726922641599,0.21988377092777536,0.20993946003404937,0.20120520290740396,0.19719724450442283,0.18939498397639917,0.18818934046488747,0.18660896143757696,0.18530186409231544,0.1834371411377424,0.17505336880932598,0.17462235431132306,0.1715801389284505,0.1648880628698586,0.16049303404570484,0.15971858216097856,0.15884149222263858,0.1546317106956824,0.15415551506355266,0.14462771956455225
B2_mixture_x,5000,2,t3,900000,hsic,0.0,99,0.00046156328355845673,0.0026588112150646593,0.0026147435801177126,0.002100341072613056,0.002089979475046649,0.0020530948646825028,0.0019299247286991936,0.0017974565035518324,0.001751159699886422,0.0017281448724068564,0.001648853550513958,0.0016143555918462485,0.0016002733619912529,0.0015944530896085355,0.001543820973827908,0.0015129472384646798,0.0014711941828677688,0.001456146340826918,0.0014457865126407757,0.0014000342663349587,0.0013642311780246365
B2_mixture_x,5000,2,t3,900001,k1,0.05,99,0.004791757118457696,0.015369504375981169,0.012133416799992136,0.011718062168204146,0.011608612685260922,0.011551206151210636,0.01143139914423652,0.011199106957116456,0.01116105155572611,0.011160945062960725,0.010728168530638071,0.010703422235524451,0.010445904926861926,0.010169602360149632,0.009768615891234678,0.009760429547365668,0.009756190587341562,0.009631039293678478,0.009609154491294292,0.009541513725217943,0.009208286462756843
B2_mixture_x,5000,2,t3,900001,k2,0.05,99,0.09727571664149859,0.28896873057544187,0.2777203980516182,0.2548495747348157,0.24025854435129293,0.22829176427657272,0.2229938997234325,0.21453073581413623,0.19062608413180937,0.18361106139264205,0.1827984867787232,0.17889159428108942,0.17092127768733917,0.1699104830792968,0.16752645940379962,0.1668741058737057,0.15687306078293103,0.1547978960732096,0.15173888546656267,0.15013835917199064,0.14846984971051244
B2_mixture_x,5000,2,t3,900001,hsic,0.0,99,8.588761971247643e-05,0.0024747721693209007,0.0023761981609140685,0.0022170037217743607,0.002141530563343784,0.0019652871888479525,0.001953732488538345,0.0019041581475000334,0.0019004406423062655,0.0018732163937245272,0.0018213748504047637,0.0018180591066425228,0.0017718936495967391,0.001729062988540955,0.0016776000967840617,0.0015807174636001849,0.0015357929309781655,0.0014232287380822992,0.001396171391517128,0.0013953859755910325,0.001364081302817285
B2_mixture_x,5000,2,t3,900002,k1,0.05,99,0.0038468920253280636,0.013031637767217052,0.011938762937446112,0.011628371102250235,0.011127558468610133,0.010873861651274686,0.010807355418504194,0.010800152880525271,0.010621948699402584,0.01039247419278777,0.010369695655018774,0.010368950960637724,0.010340595958330034,0.010127221855374513,0.009802840082540287,0.009726017578090773,0.0097173837965856,0.009600723479478601,0.009536635292078266,0.009364465922934495,0.009263070753987801
B2_mixture_x,5000,2,t3,900002,k2,0.05,99,0.07469999957333893,0.251439829378137,0.22014708563842206,0.2199817604713186,0.2087953569364866,0.19866231581508023,0.17402158799339823,0.16831913932126527,0.1661238550660197,0.16590925069791745,0.164259734593409,0.16418691918363373,0.15497194167477518,0.1530216805810846,0.14976783080543804,0.1484370709059284,0.14341942018852208,0.14297726256516557,0.14164051689029722,0.14090818340421726,0.14033536394737833
B2_mixture_x,5000,2,t3,900002,hsic,0.0,99,0.00022221707192858454,0.0029986701758438817,0.0028146698123986628,0.0026976596893855146,0.002557024065250302,0.0024879449252924275,0.002461069201459891,0.002197328756661684,0.0021280532777129394,0.0020280749853912035,0.0019996019837164856,0.001960674826940425,0.0019259322793571535,0.0017576808755665728,0.0015907051290261181,0.0015568458050467494,0.0015476262188295986,0.0015434845133130465,0.0015409816392025868,0.0015029213025506093,0.0014704461715133225
B2_mixture_x,5000,2,t3,900003,k1,0.05,99,0.004718394003083826,0.015036686368981256,0.01234616159404589,0.011989324761541909,0.011718794346165184,0.011666859138929508,0.01135680506961978,0.011111002007225812,0.011033959764133128,0.010916274458081854,0.01090127981233524,0.010693834852664175,0.010344591623581367,0.0103212615601187,0.010099040083124122,0.009889553361196013,0.009729926817525714,0.009338737967615418,0.009248630600526497,0.009038229908977402,0.008846167624262269
B2_mixture_x,5000,2,t3,900003,k2,0.05,99,0.13768823542086261,0.2743322821930462,0.25527359205117095,0.2520349293217526,0.22529151534537853,0.21951704389833332,0.2169932212512074,0.2160031192059844,0.21040579916771357,0.17585816416448216,0.17209873041024862,0.1644573348862712,0.1583090633040988,0.15451444935276007,0.15439829321551202,0.1540225126073885,0.15360653612586295,0.1524642201698824,0.15191961794664963,0.14506207649959654,0.1450521184096763
B2_mixture_x,5000,2,t3,900003,hsic,0.0,99,0.0007532496859320754,0.0031618276952519514,0.003081546144535369,0.00281376641158543,0.0027100191261684344,0.002598472788091441,0.002596052616177488,0.002576248727549394,0.002461090038361801,0.0024528292774611883,0.002384412032096257,0.0023779204723787433,0.002300680187267176,0.0022508966891892973,0.0021973981239947647,0.0021813892642553612,0.002116944411646501,0.0020984392628864553,0.0020890816294023003,0.002086518546268882,0.0020112789489366975
B2_mixture_x,5000,2,t3,900004,k1,0.05,99,0.003357026983890621,0.01821664086201502,0.016297183691893813,0.01374183679368668,0.013622411656943334,0.013258606126230421,0.012677292776611004,0.012527575357355158,0.012232608730656125,0.012155439615761487,0.011428989315933724,0.011155919489296284,0.01099661425694931,0.010909089976380626,0.010486222577972715,0.010459334827812694,0.01039580439012655,0.01031132158029302,0.010266860174240167,0.010239185967235387,0.010092043095548342
B2_mixture_x,5000,2,t3,900004,k2,0.05,99,0.059911854110215865,0.22039073998050884,0.21954089488471198,0.21379017557464458,0.21024389729488843,0.20544280793294142,0.2014775075990102,0.19341736749299213,0.18774054371948848,0.1874424938756471,0.18536601754984547,0.18398609858872308,0.17922009554851398,0.1780408931557816,0.1748210891967542,0.17388340731664034,0.17303313125950803,0.1692004441100769,0.16563402200571875,0.164660908840606,0.16448760613307625
B2_mixture_x,5000,2,t3,900004,hsic,0.0,99,0.0002014635583000296,0.0026801130094987443,0.002472099998334506,0.0022804574118902273,0.0022122506964583366,0.0021100766126282053,0.001913922762753947,0.0018841429797138093,0.001813803014696955,0.0018084238509039608,0.0018029470456238056,0.001721551536740798,0.001701765560669909,0.0016647067023726084,0.0016193164057078891,0.0016055308331678578,0.001521781584317484,0.0015175289928108194,0.0015166680691739768,0.0015022390764381336,0.0014519326608855015
B2_mixture_x,5000,2,t3,900005,k1,0.05,99,0.004418088574272283,0.015764571366214564,0.013632341935341241,0.011945045313629499,0.01156770572254362,0.01149568863271111,0.01145381518974431,0.011412900787221458,0.011113537587783329,0.010851028371871574,0.010121257642970338,0.00994474248384103,0.009701561839586481,0.009437090810119675,0.009338019902574879,0.009314086039202696,0.009088640439915308,0.008881524723782452,0.008837553980947654,0.008698702099643518,0.00868253227249316
B2_mixture_x,5000,2,t3,900005,k2,0.05,99,0.10065956428789921,0.24277717381320643,0.19939235709357886,0.19656342411327332,0.19306196431683675,0.19230569388025837,0.19021310708401382,0.16799552524524905,0.16281446790640358,0.16245187237338304,0.16145243499853665,0.15698831265176075,0.15697425011016772,0.15477569679235964,0.1529821809514899,0.15179126679359178,0.15091277650412907,0.14937114677576513,0.14678078983223203,0.1466873058411055,0.14631016341258984
B2_mixture_x,5000,2,t3,900005,hsic,0.0,99,0.0011754134983134094,0.003447364199948898,0.003308399637841569,0.0030132916034578167,0.002863447034008821,0.0028180215241968665,0.002709165581415464,0.0026473585319794837,0.0026243844236667284,0.002525061448357877,0.0024751487506303902,0.0024282028078386163,0.00240808156068732,0.0023596581682403636,0.002315443499375969,0.002203302009157035,0.0021249596419830583,0.002123146338779,0.002119080712342378,0.002113791067377258,0.0020509017766166897
B2_mixture_x,5000,2,t3,900006,k1,0.05,99,0.004443013736892265,0.018047432440571498,0.013351452941139597,0.012579133739979098,0.012110668132016,0.011930521977658426,0.011192898167868393,0.01013787620199369,0.009889899322525042,0.009796414081953198,0.009705331279889262,0.00941852169712143,0.009234892506829073,0.009138255679067786,0.009102275491037037,0.00894723759291538,0.008847937634178793,0.008720109084098149,0.008650549824627207,0.008641020493114437,0.008489731053665683
B2_mixture_x,5000,2,t3,900006,k2,0.05,99,0.10063303482500924,0.4392664637582861,0.3100284411473324,0.2863757395151145,0.27327169563629305,0.19510186877251803,0.1905332396157271,0.17843142866670508,0.1768822217322202,0.16674233201170272,0.16554007715731964,0.16243006258363646,0.16189764547701604,0.16133154037220326,0.1526711715247686,0.14814253846829084,0.14594318757450525,0.1412142611201187,0.14101442766780575,0.13416410186774946,0.13298790517211023
B2_mixture_x,5000,2,t3,900006,hsic,0.0,99,0.0003730233930578755,0.0022706288625401797,0.0021194715032970164,0.0019200221700919307,0.0019191282477344191,0.001870768616589924,0.0018371143111541393,0.0018247173452990084,0.0018196798464413671,0.0017623088460091794,0.0017324374898714055,0.001633027892881733,0.0016183508667439994,0.0015961969429521365,0.001538693445095735,0.0014827610184216552,0.0014371122020497421,0.001389288686710298,0.001344424438710419,0.0013007843282798386,0.0012552484692840715
B2_mixture_x,5000,2,t3,900007,k1,0.05,99,0.00687991057961268,0.015698665031056547,0.015146079383011712,0.013723235928582267,0.013464602706023454,0.013350544008977838,0.0131585755092134,0.01239771404014789,0.012326023238565464,0.01115575026252369,0.011142764340817735,0.010847848330238108,0.01057549901592214,0.01007402529024315,0.010034904893416852,0.010003716955199193,0.00993598028724052,0.009875887363586022,0.009675579113883725,0.009634114482687473,0.009527091580291525
B2_mixture_x,5000,2,t3,900007,k2,0.05,99,0.1386520806437474,0.24743183145466432,0.2393591296807899,0.19696964807371675,0.19653225782410072,0.17998856515109135,0.17879086873640362,0.1763465686511331,0.17399950109679294,0.17331920627609393,0.15831298358091506,0.15453026709608836,0.15387433723390548,0.15175584183244573,0.15159853107157387,0.15039033712767427,0.14825759172038122,0.14708269455339393,0.14284422337070196,0.1418739008841811,0.1415894477030774
B2_mixture_x,5000,2,t3,900007,hsic,0.0,99,0.0014607527848070085,0.0033210569333967294,0.0029660704791875814,0.002811824824420651,0.002781066272840863,0.00276132624510709,0.002663394076311671,0.0026532325150633385,0.002616561533414414,0.002614758979614284,0.002511042532968282,0.0024622331777323404,0.002441932370132558,0.002239182177807019,0.0021797373592543955,0.0021655743973626046,0.0021162109852883963,0.0020812613509413524,0.002026697631426494,0.002010455981942246,0.0020079565539431682
B2_mixture_x,5000,2,t3,900008,k1,0.05,99,0.006277791072872296,0.01882699921127995,0.015617460832961227,0.013860439400195212,0.01349373796791098,0.012551129940230221,0.01207973166666021,0.011213850076188692,0.010493441468926168,0.010440090389008061,0.01008174907177195,0.009932111926763021,0.009870686347779545,0.009614406756142668,0.009612697362994083,0.009571703624625894,0.009383292105421326,0.009364249777351064,0.009315567987360551,0.009249355383125435,0.0092225736439
B2_mixture_x,5000,2,t3,900008,k2,0.05,99,0.1657401022774043,0.21722118767601623,0.21327641967750208,0.19958833679077662,0.19465861195289638,0.18332869698435705,0.18272516465060176,0.18111290710864378,0.17769969968001983,0.1759634974899666,0.17433229934586222,0.173389518570297,0.17226014027058215,0.15947808404144095,0.15505995958541025,0.15218404556273774,0.15103765546498604,0.1493212489439306,0.1459532671068471,0.14581665769687782,0.14567414613097981
B2_mixture_x,5000,2,t3,900008,hsic,0.0,99,0.00011866399574177327,0.003278830498987715,0.0026841760975846243,0.002211534123330673,0.0021931386406254675,0.001686882863957873,0.0016447745371055596,0.0016395875485933332,0.0015793438609190086,0.001518811503901119,0.0015174856413617314,0.0014897023899830505,0.0014740767681454153,0.001411675013033708,0.0014019170245898678,0.0013455351690588536,0.0013243263456985965,0.0013069321980554247,0.001303300772953214,0.0012617631589643711,0.0012355495254686504
B2_mixture_x,5000,2,t3,900009,k1,0.05,99,0.005477792972057749,0.013994865931844735,0.013701003554613678,0.012669579307522327,0.011827142095701793,0.011809871423088536,0.011561930042825685,0.0114380622581578,0.010990777960168119,0.010798529058209327,0.01076752193797026,0.010417813301904943,0.009909973110280856,0.009735076152148081,0.009730901636865852,0.009713449475187375,0.009697757950497543,0.009604940024087516,0.009487512627253003,0.009288763848570913,0.009169559868619004
B2_mixture_x,5000,2,t3,900009,k2,0.05,99,0.2052009861068944,0.27949139550153385,0.22146221133266472,0.2112369232914439,0.19628873771331307,0.19395661453209784,0.183153388939448,0.17149365663435434,0.16787193270477854,0.16382599701056666,0.1576458649987925,0.15602258524859244,0.15560187934979364,0.1536279113712964,0.1514280937527896,0.14630304056730029,0.14571390506779658,0.1439737792367328,0.14141647185946493,0.14107954460576702,0.1389782862114568
B2_mixture_x,5000,2,t3,900009,hsic,0.0,99,0.002119056945760627,0.005817387395977949,0.00470350926868382,0.004677511776720777,0.0046739412349695135,0.0046713260849315635,0.004462849265987982,0.004350411698491273,0.004256833728706188,0.003979679910012372,0.003871516575525773,0.0038502456928830504,0.003803491350964884,0.003775308771191893,0.003758532706521332,0.0036967798301227716,0.0036749087251303322,0.003674319005833631,0.0036206808099875864,0.003571012182139098,0.0035230545410122075
B2_mixture_x,5000,2,t3,900010,k1,0.05,99,0.00787573114082274,0.017703378395454328,0.01427712077750154,0.013912509734339551,0.012665925087749663,0.012544096346164713,0.012275820811756932,0.012203499141159035,0.011304671036142078,0.01110392256048287,0.010844052470437848,0.010487206196170051,0.010443161141902468,0.010333001812392606,0.010297158416821217,0.01020669273200936,0.009893877459580702,0.009763420987973781,0.009741738756838147,0.009708825038898916,0.00966508731083271
B2_mixture_x,5000,2,t3,900010,k2,0.05,99,0.13696470483064282,0.3184198344979374,0.2356096799840115,0.23197457250133646,0.2271439759968566,0.20647667444880297,0.20018585665823754,0.1817330028173351,0.18026247132866072,0.1793451698241813,0.17468616735336115,0.17373737569181005,0.17079900307469445,0.16652966993405072,0.1630303049053414,0.1594130991211533,0.15715289086601106,0.14930256507664,0.14852135712329287,0.1459113687966567,0.14208516778544006
B2_mixture_x,5000,2,t3,900010,hsic,0.0,99,5.5005862209542145e-05,0.003243749878753129,0.0028655327792535515,0.002723707640615018,0.0026120249964822003,0.002560525847194495,0.002462973446595444,0.0022990843502147785,0.0018456656303233905,0.001754483935289387,0.001745671105960502,0.0017440846567243805,0.001740082959167414,0.0017384205944531309,0.001711856401904264,0.001689896332984408,0.0015773752468762764,0.0015153729365742056,0.001492815644899303,0.0014918736111242082,0.0014643651907616975
B2_mixture_x,5000,2,t3,900011,k1,0.05,99,0.006039343804385422,0.014677755918427793,0.014555491195265002,0.014536444754311262,0.013938947183115613,0.013647735852221343,0.013232252336458195,0.0131655798355379,0.012734430810255049,0.01265882077308711,0.012049914070535128,0.011897089971670272,0.011724873659546664,0.010791190175131304,0.010732798595002646,0.010671067394699363,0.0103050559972383,0.010268753232871797,0.01026016446995004,0.00989398583470169,0.009694858390006833
B2_mixture_x,5000,2,t3,900011,k2,0.05,99,0.1840932558911979,0.28242572455599885,0.2648801575435393,0.26184632641660976,0.2279222862060576,0.22391613815960235,0.21473644591893543,0.2129146186555246,0.21022049316186872,0.20715380918623033,0.20119735421301907,0.20107181713408012,0.1941538306644559,0.17727410159191573,0.1713289108832787,0.16716991129713704,0.1655095521719516,0.1653213497319119,0.1605717055945916,0.15749721359029706,0.1512696698497598
B2_mixture_x,5000,2,t3,900011,hsic,0.0,99,0.0014837532554164983,0.002858038249084718,0.0028572739599874914,0.00269207354914388,0.0026452858938416307,0.0025870797128390924,0.00258056176174416,0.002483070182818264,0.0024828643206689345,0.002350173458655779,0.0022991600063465,0.002282538552604072,0.002184691162305556,0.0021831694830104346,0.0021813466238330284,0.0021812639852069183,0.0021755760110085264,0.0021681285908417528,0.0021663941963151368,0.002093849701125831,0.002085325033598734
B2_mixture_x,5000,2,t3,900012,k1,0.05,99,0.0060347795098887325,0.013725668944542302,0.012331967201708594,0.011929265421130264,0.011502240388885254,0.011485372182550635,0.011416232360421885,0.011190328342131739,0.01105416997785058,0.011034817615961923,0.011011991507913321,0.010867591355638195,0.010858872672808717,0.010561489838883276,0.010329683997444494,0.009937766074875176,0.009778410790450942,0.009767061837857027,0.009725823180409487,0.009704728362307291,0.009700597814425893
B2_mixture_x,5000,2,t3,900012,k2,0.05,99,0.1543246653270183,0.2652592830871892,0.2644357983444218,0.2458038607571804,0.24231330799410972,0.22153831496139714,0.2137785118424385,0.19551672067778583,0.1932758387920757,0.18692199095824738,0.1839580988673027,0.18125025661315555,0.18117583863301537,0.16965953563380287,0.16380746388699588,0.16330719170990898,0.15386046713551307,0.1527478935712425,0.14964139385950634,0.14630058944248917,0.1456742653184794
B2_mixture_x,5000,2,t3,900012,hsic,0.0,99,0.0001716932637638248,0.0032090929811655214,0.002974077134652464,0.0023799548080614256,0.0022250374283850297,0.0021102409958331674,0.002094514396013875,0.0019779467206601413,0.0019553439948546618,0.0017867091242589196,0.0017722200445631103,0.0017319465378980593,0.001713854438039911,0.0016749405028557984,0.0015947425520955972,0.001398112782812069,0.0013874280775188555,0.0013136299736080958,0.0013023335564004799,0.0012907351129461098,0.0012850086494018925
B2_mixture_x,5000,2,t3,900013,k1,0.05,99,0.004018246685699611,0.013291573884636199,0.01130707919721452,0.011298186986651082,0.011106500886177484,0.011029196872462066,0.010993116769964062,0.010867850863724882,0.010292773178003811,0.010234724983188892,0.00996391271429431,0.009786962379099706,0.00960786184993423,0.009543569871831692,0.009518422967446427,0.00941298229380727,0.009303533439805278,0.009170163511633245,0.009159240448050165,0.009138041984835144,0.00899928971184194
B2_mixture_x,5000,2,t3,900013,k2,0.05,99,0.0954845656248608,0.3148276555949712,0.23563006850466597,0.23303685088418666,0.21019708275284674,0.2093369649437621,0.19449615115443547,0.19443595658286442,0.1912279339553426,0.19034777649305634,0.18592235934384602,0.1794433260780221,0.1749227826041944,0.17483447383772488,0.17378547927530708,0.17173934383584313,0.1673630776395051,0.16521085075767958,0.16189475121457447,0.1593969524388368,0.15907029549650004
B2_mixture_x,5000,2,t3,900013,hsic,0.0,99,0.0005210462683593043,0.00266921621503181,0.002389266203149288,0.0022152924637498296,0.001800331113349855,0.0017205572051154562,0.001625942710469065,0.0015211058960611964,0.0014507970111826858,0.0014415506783732961,0.001433586533192107,0.0014033838683857043,0.001375610966689453,0.001340279277006832,0.0013258943346711688,0.0012886195047702358,0.0012780290401049332,0.0012655901001213418,0.001235887744136961,0.0011742551015920916,0.001161210598299677
B2_mixture_x,5000,2,t3,900014,k1,0.05,99,0.006357798056914943,0.014734388071632631,0.014572509553223534,0.013911208935712183,0.013712101840343771,0.013473000648447586,0.013352647149145414,0.012645016013803079,0.012637426629348969,0.012460017947561797,0.01210089900260558,0.011825553459495874,0.01112384012632317,0.01111704652849932,0.01092379765744722,0.010813193423123035,0.010446437664415997,0.01032984148308036,0.010247281838067113,0.010242084500475257,0.010142452021470238
B2_mixture_x,5000,2,t3,900014,k2,0.05,99,0.09096392668429391,0.31962204318070175,0.2638402081388589,0.25794694307338883,0.257727266576834,0.24226836199830504,0.23028603881076626,0.2165279147690665,0.19307442035169353,0.18192900039155474,0.17258479520934042,0.17050700102799946,0.16456442235782798,0.16354484760897106,0.1620509183547954,0.16190850270319496,0.1561368049332103,0.1493410765838762,0.14681260478133307,0.14118684011029253,0.13908185624748137
B2_mixture_x,5000,2,t3,900014,hsic,0.0,99,0.0015923492109142252,0.0050999126536193555,0.004791595596979849,0.004749529138354084,0.004294987343864802,0.0038540409474860054,0.0037591245428152645,0.00361659312912291,0.0036064578938665923,0.0035333913898596848,0.0035095130402205796,0.003509302016427768,0.003481844834753536,0.0033132357642213627,0.0030648231222749995,0.003061535509461515,0.0030215563997093467,0.0030156898503549533,0.0029704753842993837,0.002923493473944713,0.0028839772064460016
B2_mixture_x,5000,2,t3,900015,k1,0.05,99,0.010640063416723522,0.015100402256290835,0.0138267337226744,0.012758959489712729,0.012479012622740648,0.012043362242373012,0.012014170066274144,0.011842873845829605,0.011814666316581679,0.011811728925511522,0.01164774761159193,0.011241569944867247,0.011121790138212795,0.010715475651981499,0.01037709214085647,0.01018143960961293,0.009887257885355494,0.009703152089307165,0.009642420896484372,0.009639193591152506,0.009599608048032948
B2_mixture_x,5000,2,t3,900015,k2,0.05,99,0.10558197359706292,0.27842491768974653,0.23728144178109536,0.20781491070238423,0.19292522734579046,0.18908622610330744,0.18741069679051847,0.17811331012864642,0.1759313607544816,0.1747097499084196,0.1639756330477618,0.15524346386968466,0.1540591409007406,0.15389022421248624,0.15384177968344426,0.1498884440930603,0.14884232479229775,0.1484598066230132,0.14771059787457863,0.14535849748186175,0.14475573416974724
B2_mixture_x,5000,2,t3,900015,hsic,0.0,99,0.0017061806495877847,0.004745853981808935,0.004160489303068085,0.0040746974557740205,0.00397018743943272,0.003807683318463056,0.003676805149255822,0.0035389030872408013,0.0033731799961449257,0.0033354025988108736,0.0033178258519482697,0.0032308494243241527,0.0032184443881336485,0.0031736211449048964,0.0031603607785498163,0.003030497141799085,0.002925832598672185,0.002921576806674344,0.002907472060947072,0.002831773306259082,0.0028275203938062303
B2_mixture_x,5000,2,t3,900016,k1,0.05,99,0.005455818342183116,0.018195425167418455,0.012557202748414542,0.01253593075449111,0.011958321069007072,0.011857896227409626,0.011617535925919187,0.011555318077343446,0.01139784640453656,0.011282757009492439,0.011005802611045112,0.010946446354446748,0.010820864915154216,0.010288626353262664,0.010253127041191079,0.010206705073271483,0.009698481668964365,0.009674657569198941,0.009664924569072864,0.009635177622061009,0.009596721753079684
B2_mixture_x,5000,2,t3,900016,k2,0.05,99,0.2570808558031171,0.23528154287544403,0.23266964918370292,0.2092876645839041,0.20518477597862905,0.20311766951400867,0.1938051080162318,0.18009178165636366,0.1785308423577202,0.17810609499623614,0.1736771001880174,0.17145919126469003,0.16141522114146464,0.1572248518155726,0.1572184053118409,0.15459672071851804,0.14762830934285753,0.14687663834232428,0.1436529671075317,0.1433002227267061,0.1414216178880507
B2_mixture_x,5000,2,t3,900016,hsic,0.0,99,0.0006869781855745172,0.0045895544139591135,0.004115259567859221,0.0037647834322857778,0.0035101874624480175,0.0030626640973776104,0.002751628983877483,0.0024967100460811026,0.0024582844022761636,0.002373470195362401,0.0022671690676407293,0.002248161875315152,0.00220823109720092,0.0021813786979852316,0.0021551138957008405,0.0021125092143320784,0.002081149711670357,0.0020369567812563057,0.0020112141203792538,0.0019687194551268362,0.001941051020247408
B2_mixture_x,5000,2,t3,900017,k1,0.05,99,0.007242749116348812,0.020380496619942456,0.017061102560604113,0.012670100714061272,0.012395764437165946,0.012056765457050034,0.01149958832135578,0.011204619086341405,0.011184980461959704,0.010920207275796678,0.010850189074991023,0.01046159636832067,0.010421075427846316,0.010153756326093388,0.010062204069747116,0.009863057956634558,0.009861366357129753,0.009821456605820345,0.00942821627138013,0.009420769793550554,0.00940105595692542
B2_mixture_x,5000,2,t3,900017,k2,0.05,99,0.13660260111536557,0.24449771057571015,0.23466306023410044,0.23324546764420467,0.2191917062835631,0.20396510160158185,0.17922633465289123,0.1694278762837745,0.16126206764074247,0.16032182939760994,0.15961210148786378,0.15756448372343246,0.1562618408260538,0.15512948470589077,0.1540346793952465,0.15027265361215816,0.1496174050186683,0.14947849705042338,0.14599406394167208,0.1439166474719367,0.14262229696089154
B2_mixture_x,5000,2,t3,900017,hsic,0.0,99,0.0006570994744975918,0.0035773817238927137,0.0031394010407251103,0.003043077180508502,0.0029482201299461525,0.002912747962543926,0.0028595792778380643,0.002534406193808215,0.002401509893508826,0.0023580670488744715,0.0022010659390380334,0.00215460220499177,0.0020861045144637295,0.002016210465549199,0.0019840738914027245,0.0019493647005236056,0.0019356229646194944,0.001914892022225198,0.0019102300968041129,0.0017690845171142878,0.0017011521598413782
B2_mixture_x,5000,2,t3,900018,k1,0.05,99,0.005243036082023589,0.013471992845113911,0.013135834839318017,0.012678974815659272,0.01254876948340422,0.01124903131538979,0.011032181520501116,0.010934466012020194,0.01093402725981496,0.010899730747660707,0.010815621955981736,0.010704527140923514,0.01065122323703338,0.010285478248100333,0.010123992745544208,0.00990229346848781,0.009851150003297615,0.009829398635576192,0.009593932036070618,0.009358325750172258,0.008631921679089105
B2_mixture_x,5000,2,t3,900018,k2,0.05,99,0.11142011081355725,0.2487634017722939,0.24022071558729374,0.24013943913425023,0.23638190929776728,0.22760456675626672,0.22171493425308988,0.21191434139113438,0.20340120298116082,0.19622830203765068,0.18881167528237833,0.18539533466763447,0.18073952337634006,0.1770582698088098,0.17576829201077954,0.17205073994053457,0.1714491962315196,0.16915478703055373,0.15997097991689413,0.15912918299314657,0.15612865737692377
B2_mixture_x,5000,2,t3,900018,hsic,0.0,99,0.0008518838749864955,0.003413925817556193,0.0028491083060706,0.0027593668286807864,0.0026081660501075005,0.0022837759243665447,0.0021479554626433663,0.002082827510038006,0.0020760953657552265,0.0019050050586760833,0.0018481038305244112,0.0018330982931533733,0.0017196738813921083,0.001702366234945366,0.001699455175668518,0.0016496890437406571,0.001648254059753166,0.001600391719052211,0.0015352766577780813,0.0015102160713992949,0.001468498002521073
B2_mixture_x,5000,2,t3,900019,k1,0.05,99,0.006115076225781446,0.012748299301684973,0.012492879292222647,0.011300109353145071,0.011059399651418778,0.010821731751645136,0.010644850015244178,0.010641225112234198,0.010595713055330136,0.010594914587319204,0.010334781954414729,0.010193128956002773,0.010177269230156605,0.010124875322046756,0.010116702231928065,0.009874601123073812,0.009811292725889653,0.009682631224738114,0.00962072629741828,0.009478538957071736,0.009466346676324622
B2_mixture_x,5000,2,t3,900019,k2,0.05,99,0.2215466049435843,0.3219473301999325,0.3087311201122908,0.22299323919049693,0.18854664211337188,0.1815669844597224,0.18138584477026373,0.17773344766793397,0.17533810143210443,0.17168054948144051,0.17094747366238847,0.16306973916669024,0.16230179847587575,0.16200492545776393,0.15442895630836204,0.15385176060049768,0.1524262109072587,0.1514948374204036,0.1500788660796001,0.14907525202563907,0.1469159116982885
B2_mixture_x,5000,2,t3,900019,hsic,0.0,99,0.0005387448205179834,0.003591817033342675,0.003280502576619497,0.0028097300768605907,0.002796907002677391,0.0026926595531074275,0.0026601530541593026,0.0026530151910590183,0.002369227688770058,0.002236690953630734,0.002186506306805477,0.002168183562384606,0.0020926350750046364,0.0020170415906438175,0.001999233112962879,0.0019752584934315427,0.0019599188919474405,0.0019319370722378486,0.0019242270403244358,0.0019033390266271887,0.0018669501240692952
B2_mixture_x,5000,2,t3,900020,k1,0.05,99,0.004319372602091365,0.014996269227234515,0.014888502694811345,0.012999500056957825,0.012742573401187784,0.011210785121646527,0.011044848413406694,0.01063803016181164,0.010569631654277045,0.010485670827179883,0.009949982200477048,0.009721433408886426,0.009521104966765281,0.009489996756217645,0.009352004252543455,0.009279137619739863,0.009091062231314728,0.008939360783000061,0.008856615410634427,0.008768937874890637,0.008755263843820305
B2_mixture_x,5000,2,t3,900020,k2,0.05,99,0.11320495894295152,0.3003836451666147,0.2633064253990091,0.2530307202200494,0.2438805302500501,0.21295030922834304,0.21216489148533393,0.21025617805044436,0.2003357223161625,0.19950713728409677,0.18696975114765446,0.1858617618073615,0.1855724469334402,0.1823911306030448,0.18179945347893892,0.18054170818750023,0.1772969199765613,0.17100766638357956,0.16739693411831572,0.1642559014575967,0.16176570263636042
B2_mixture_x,5000,2,t3,900020,hsic,0.0,99,0.00013932597852285195,0.0028362116588343425,0.002469459447489354,0.002396348892426147,0.002389677931892632,0.0023731949990709903,0.00228851550036136,0.0021208188429190904,0.0018493956011263741,0.0018454721409485527,0.0018055791977312444,0.0017917380872210305,0.0016684526743114604,0.0016460729106663073,0.0016428577086138592,0.0015478801720411582,0.0015337167977819307,0.0015104633727247947,0.0014761478683994128,0.0014730845495807667,0.001438861789182299
B2_mixture_x,5000,2,t3,900021,k1,0.05,99,0.006800901342553511,0.014222485642069405,0.013476300221961668,0.013315793941197529,0.012951477066031392,0.012557980447822636,0.011840947346536068,0.011828719472928961,0.011481643992554247,0.010975166589272445,0.010665956975239976,0.010409257101017366,0.010177379063560421,0.010173748162090379,0.010162049040186916,0.010157145671433665,0.010116539398419166,0.010013960502937902,0.009995001353030997,0.009858414071193922,0.009692194651199637
B2_mixture_x,5000,2,t3,900021,k2,0.05,99,0.2264283563996415,0.2504662461424933,0.21990551131955827,0.21347103632844658,0.2058629247301731,0.1831741229641085,0.17701874268139334,0.1760809540886372,0.1755478317749233,0.17104879484148142,0.16901809905864168,0.16786207027280922,0.16084879827709048,0.1572007027103316,0.15445357337414636,0.14924141589509876,0.14800781856314207,0.1476057653217356,0.1408873166702362,0.13895397149048985,0.13807044626152698
B2_mixture_x,5000,2,t3,900021,hsic,0.0,99,0.0012549713802339631,0.005899285568363113,0.005360725753434861,0.004612232290674492,0.0044057804182449185,0.004128925978587609,0.0033885337613937857,0.003289412990083487,0.0032142093891042874,0.0032116253042673306,0.0030982237453450285,0.0030829462393883967,0.002995655144503899,0.0029461964395590358,0.0029218107831791022,0.0028355308798240055,0.002628282352911064,0.002571935229576989,0.0025649713165864754,0.0024762100829288196,0.0024156779190951483
B2_mixture_x,5000,2,t3,900022,k1,0.05,99,0.005865970174298352,0.013918925109019376,0.013744555833789418,0.01292309556059179,0.01290327611112485,0.01273285923572165,0.012131062221646505,0.01203723313604621,0.011711792108057506,0.010838305498551137,0.010726810099235151,0.010182058196855692,0.01013628938924005,0.01012451616588872,0.010035105370143516,0.010030130116340685,0.009941095885664386,0.009884687712815254,0.009735192270307502,0.00957987139951344,0.009508347808236506
B2_mixture_x,5000,2,t3,900022,k2,0.05,99,0.09140798512276962,0.24022400026567606,0.22212391608627038,0.19927670587329605,0.1907890440838647,0.18944548409527126,0.1867197667741408,0.1820222990150396,0.17655148180310304,0.17258764785336556,0.17028952194594826,0.16940862043769117,0.16197084532819708,0.15871989188918934,0.15261089204447734,0.15111693245525054,0.14575865940320618,0.1450797009125149,0.14498374776588774,0.14386807056427534,0.13913937380107824
B2_mixture_x,5000,2,t3,900022,hsic,0.0,99,3.298506444269913e-05,0.0020687352433511968,0.0020646960802356974,0.0020088261182010115,0.001956271192367579,0.0019141411414619449,0.0018629115187450652,0.0018531557406651334,0.001674102271849806,0.0015700192587546652,0.0014058873015252828,0.0013045373620711792,0.0012725785106642083,0.0012451729984001103,0.0012424262393800213,0.0012050009073398004,0.0011584246007630803,0.0011518682959638592,0.001097900035080938,0.0010732036391496124,0.0010366029087475461
B2_mixture_x,5000,2,t3,900023,k1,0.05,99,0.004636919916999105,0.015362368837539386,0.015008070439063381,0.01255568715553268,0.012262519433259289,0.012246245999527727,0.01200715054500645,0.011631013041210503,0.011191787666755215,0.011161820859345362,0.01105351905789953,0.011015099124033978,0.010884548154865836,0.010573502374478516,0.010512676767031492,0.010420794754357643,0.010364464740000745,0.010353961526659905,0.009938074741277059,0.009893500054588444,0.009874085690162904
B2_mixture_x,5000,2,t3,900023,k2,0.05,99,0.13699401640278117,0.2244132108804436,0.22292635097365646,0.19860654251078366,0.1913215689052001,0.18620473176607402,0.1804088423253033,0.17989311225664784,0.17145627417434373,0.16840597647098413,0.16679239049003772,0.163452418145833,0.15092089468151473,0.14984769051414826,0.14738676865406375,0.14700295093429844,0.14385649248138555,0.14341710820141365,0.14338782558616556,0.14139309358254507,0.13906412973027754
B2_mixture_x,5000,2,t3,900023,hsic,0.0,99,0.0007160885299245927,0.004061460902277702,0.0034846832272935513,0.0029478890560842826,0.0027718716386567087,0.0027420690915312537,0.002703789763027022,0.0026893201902997866,0.002676514486968174,0.0026236171796731366,0.0024439064187347457,0.0023787838270119,0.00233227535451399,0.0023274120033266632,0.0021947527772604,0.0021606320539982677,0.0021466837888842677,0.002129572483268423,0.0021271149778270913,0.0020469477104157266,0.002046051796004856
B2_mixture_x,5000,2,t3,900024,k1,0.05,99,0.004865991057758312,0.013393831282046298,0.013168641589410002,0.012387549389239139,0.012124309948868484,0.011727027906298981,0.011601688582348668,0.011560037638409959,0.011335958942889302,0.010824355821198006,0.010450180387336805,0.010299395896385177,0.010246651406111473,0.010230280962839067,0.01011713401251435,0.010057706168583813,0.009698893966689992,0.009631644837720277,0.009537377796936752,0.009276599668743946,0.009159727957767316
B2_mixture_x,5000,2,t3,900024,k2,0.05,99,0.13544615346283603,0.289915240071516,0.23771151281113825,0.22142089674601573,0.20258409800185048,0.20017310942450495,0.19405492902394889,0.19403441120679046,0.1879646003936524,0.17881814026034165,0.17512448215157692,0.17109327026468302,0.16977146266221632,0.169057869058468,0.16881986484565073,0.1657448603644752,0.15908132288220064,0.15706497448339304,0.15485586494859302,0.15366874995098848,0.15115812408805337
B2_mixture_x,5000,2,t3,900024,hsic,0.0,99,0.0005032336225809271,0.0024358595306862994,0.002121966450653431,0.0019454970270888182,0.0019100677578276575,0.0018515462532025055,0.0017708089301528716,0.0016961230466781849,0.0016471473260279265,0.0015315818400199073,0.0015288825409766986,0.0015232563819671339,0.0014926461643714653,0.001450880949572497,0.001444790522408967,0.0014254399147356261,0.0013730520256155497,0.001352237765668272,0.0011612637615780483,0.001094895884427635,0.0010639569657970678
B2_mixture_x,5000,2,t3,900025,k1,0.05,99,0.008417274355040028,0.013156835834115754,0.01314216405277091,0.012641414134082485,0.012410618979368238,0.012076448429498954,0.011797098935213302,0.011736000529419366,0.0116464327305007,0.01162285043400424,0.011131164204828181,0.01088492178459366,0.010832491074244666,0.010610446831388232,0.010607605815302068,0.01013846243351224,0.010043956342779325,0.009911472817935585,0.009829438219318476,0.009624313777928606,0.009616802218278209
B2_mixture_x,5000,2,t3,900025,k2,0.05,99,0.19048559678199092,0.274653609700148,0.23618936066819202,0.22455728833903701,0.21684501452077473,0.19771674841281905,0.18745778056669557,0.18225259000595004,0.17976044110429465,0.17395703490109207,0.16930464852757351,0.16278169221833363,0.16229294659984944,0.15513843881031703,0.14733572901471664,0.14256110032835967,0.14205255711600465,0.14165522122201446,0.14050024654962995,0.13940888422395736,0.13923335496074352
B2_mixture_x,5000,2,t3,900025,hsic,0.0,99,0.00018391465251995162,0.0041370246676520695,0.002610130242984161,0.0023563410079196303,0.0021490008875475414,0.00202147648637278,0.0019942964257395114,0.001924276468650353,0.0018498468888017879,0.0017962601007039981,0.0016988696388152726,0.0016957838162437217,0.0016731416138870492,0.001651423082854751,0.001643731606348547,0.0016046925368963614,0.0014766289081143428,0.0013954221797723436,0.001377407528620241,0.0013453801154391769,0.001333555102939538
B2_mixture_x,5000,2,t3,900026,k1,0.05,99,0.0025111721494198713,0.013604351855828534,0.01290671178026459,0.011629047700798534,0.011361962997563313,0.0112612006188898,0.010919208442784267,0.010784711682922499,0.010726175821266226,0.010714630192538155,0.010613839554602822,0.010533493567819852,0.010331824720554272,0.009808757634012788,0.009780337049467458,0.009675154973704969,0.009574995629972327,0.009351611112282554,0.009183961865695922,0.009129147616171451,0.009026819096257244
B2_mixture_x,5000,2,t3,900026,k2,0.05,99,0.14958491710569738,0.2721470133167825,0.21388043469241627,0.2050994550320986,0.20270814300440593,0.18602533346599406,0.17942796689243834,0.17721014075782962,0.16897832404396848,0.16645818366026766,0.16574878930573506,0.15255538507303676,0.1507873551865568,0.15036233059792264,0.14582748244129734,0.14372035285795223,0.14013319284713258,0.1384028199148513,0.13533749637743606,0.13517910412374964,0.13481723446105934
B2_mixture_x,5000,2,t3,900026,hsic,0.0,99,0.0003257839538858828,0.003272986470052267,0.0031331368317651363,0.003050278081110233,0.0025333716765219704,0.0019763152809159326,0.001941692424387294,0.0018420601666482874,0.0016725621088494278,0.0015789781411663956,0.0015678177473309753,0.0015034175004405288,0.001491043704161005,0.0014854045966292222,0.0014845096072151386,0.0014495762284298965,0.0013492675723737774,0.0013459177381648388,0.0012594771136678372,0.0012135751020790058,0.0011996130586552616
B2_mixture_x,5000,2,t3,900027,k1,0.05,99,0.0038749006854296164,0.015472952610117163,0.014609119435271434,0.01420932049919188,0.013855955913399831,0.012392228934783867,0.012025192316201028,0.011731162125552363,0.011704956125615396,0.011166056332800989,0.010893955131594524,0.010716792007842812,0.010221198884235116,0.009790847223849819,0.00973198268204023,0.009535166276667506,0.009366905111648727,0.009306715418305411,0.009291045864849523,0.009196157086299062,0.009094678954672308
B2_mixture_x,5000,2,t3,900027,k2,0.05,99,0.11689490865011606,0.3280501132318755,0.2746071824680957,0.27109849250850704,0.24501137936250222,0.2290220787980204,0.22894963398210266,0.22537140716231518,0.21677286919953598,0.2092752615422698,0.20505213052217697,0.1947901741831686,0.1930633281762948,0.18123741259713733,0.17719456272265582,0.17574583711243713,0.1706171233474025,0.16581091005013854,0.1588436493265441,0.15623582541595363,0.14664076830552808
B2_mixture_x,5000,2,t3,900027,hsic,0.0,99,0.00017184415270647427,0.005121915617059187,0.003242246737784681,0.0031338645250614514,0.002830217216780477,0.0024993605427673224,0.0024158690491034207,0.0023896816503552088,0.002262275454378291,0.0022087946884526304,0.0021278170836050592,0.002071639345349205,0.0019071803914226906,0.0018330374169233693,0.0018191466305802547,0.0017455566065664372,0.0017416072195809938,0.0016544160687419144,0.0016528843488874646,0.0016235428778797324,0.0016129980152038699
B2_mixture_x,5000,2,t3,900028,k1,0.05,99,0.0036481279074142003,0.01840077498903059,0.012450976721870677,0.01236910845827155,0.012197037196095217,0.01206569512750899,0.011848887864358337,0.0118325299007348,0.011761391312029912,0.011704902510036974,0.010541152863418723,0.009896385602573776,0.009727841424448047,0.00963668272049878,0.009480667009096666,0.009470759558114272,0.009442137903216241,0.009177552064771,0.009131688169247809,0.009072313986398517,0.009035403773396622
B2_mixture_x,5000,2,t3,900028,k2,0.05,99,0.15107548846934468,0.2647439757026926,0.22341513978151095,0.22241922662427474,0.2166856783519318,0.19227543419183113,0.19189238648100906,0.185121753516335,0.18455494596631417,0.17630793371371922,0.16948007190095904,0.16605581468869923,0.16592465145423796,0.1644531279967777,0.1628958032042222,0.15725410532137787,0.1531666205131499,0.1527966407994055,0.1504353470593455,0.145609407847498,0.14477510156962667
B2_mixture_x,5000,2,t3,900028,hsic,0.0,99,6.192360605971379e-05,0.003523963559903408,0.0028731113379592984,0.002854622851225673,0.002660710974537624,0.0026366126013015892,0.0021285984183672052,0.002029903284998506,0.001892666800982007,0.0017594335440561408,0.0017092330711415585,0.0016226198476477602,0.0015520044555809005,0.0013969322848670011,0.0013397718021656382,0.0013143248583142254,0.0013109795214899295,0.0012958506750030956,0.001289191494717881,0.0012799212113986486,0.0012203063084032584
B2_mixture_x,5000,2,t3,900029,k1,0.05,99,0.00457985473337863,0.01819335059883609,0.015866826854654237,0.015404562384149667,0.0145598845337086,0.013046349247723077,0.01266340909307695,0.012301678781838299,0.012197082719420216,0.01215729402165322,0.011808712601444227,0.010710159732070679,0.010493217707532532,0.010303798333151315,0.01021983816400418,0.0101095611365134,0.009964129478333916,0.009871124851081214,0.009592584348801836,0.009259396742131276,0.00917373323545334
B2_mixture_x,5000,2,t3,900029,k2,0.05,99,0.09273945866217617,0.4230146102519518,0.28108734134001406,0.2514634004405944,0.21808726527384417,0.21286286367347335,0.20544064662570702,0.20542739573602553,0.20305164280235236,0.2027081721957488,0.20177876592287794,0.19057071032359255,0.18867355323339788,0.18709812761828074,0.18277224922089652,0.17807904720164341,0.1748894333648893,0.1746510045101535,0.17339247711844083,0.16934167654360452,0.16243859666212732
B2_mixture_x,5000,2,t3,900029,hsic,0.0,99,4.331541703796189e-05,0.003076744370752497,0.00239713921660974,0.0019523446314369587,0.0018016645543817089,0.0017729695560800614,0.001737633545472994,0.0017003974168075249,0.0016468997640215071,0.0016276456211435505,0.0015270355120933093,0.0015016576342040836,0.001466450844555216,0.0014383209505122684,0.001423893269268057,0.0014238346097807347,0.0014174728533262227,0.0013955974058541118,0.0013529660269986283,0.0013110739884433771,0.0012715512271718576
B2_mixture_x,5000,2,t3,900030,k1,0.05,99,0.004744935632804648,0.01655479665958537,0.01616952362322066,0.01473387756404787,0.014188652136360225,0.012510469317303374,0.012491952630608316,0.011734709070659988,0.011677009228067137,0.011537392927591927,0.011350137123903536,0.010627613436657302,0.010336696146216906,0.010179573293627064,0.01000067697418261,0.009965636159283475,0.009494571564924725,0.009467371785234047,0.009385979498783503,0.009367232554867932,0.009301486464485698
B2_mixture_x,5000,2,t3,900030,k2,0.05,99,0.08502291864681913,0.3337459131153531,0.2799716659972148,0.2514430512200623,0.25117208894345094,0.21823309163718818,0.20257368102262083,0.20257162736474246,0.19946174505739744,0.18240906265006665,0.1768126355025523,0.17616105686282965,0.17096137232191858,0.16851723996716433,0.16756803575016754,0.1611093462363301,0.15904490040752164,0.15768396629292347,0.1554614843653423,0.15278539933648994,0.1500464519897975
B2_mixture_x,5000,2,t3,900030,hsic,0.0,99,0.0015153424571215963,0.005402735658900711,0.0048901109475094915,0.00473888882025148,0.004577154838199939,0.004185616293928197,0.003914190892034139,0.0038778538359512055,0.0038361161713668865,0.0037969812683925483,0.003665467888911958,0.0035993782273439946,0.003598389510474803,0.0035782722762740704,0.0035393722755987385,0.003323961499382794,0.0031091025826167607,0.0030744090767766325,0.0030294727082911263,0.00301127892558042,0.0030027650034224755
B2_mixture_x,5000,2,t3,900031,k1,0.05,99,0.0064611049826089895,0.013639723494588973,0.013049763231329448,0.012387718148505256,0.01231075357712641,0.011795071553105663,0.01174763759444375,0.010816795170510707,0.010709859789354015,0.010632786353265034,0.01030439512001291,0.010272778659922932,0.009814516571778231,0.009626035903625763,0.009512708020296134,0.00930975326602379,0.009293382819523854,0.009199333637509133,0.009182622267679852,0.008922239446881197,0.008907367133850874
B2_mixture_x,5000,2,t3,900031,k2,0.05,99,0.39181699555007443,0.31773275347959734,0.22836376189023852,0.2235939717964974,0.2165816272598215,0.19826020641158942,0.18521696425958942,0.18381943570360718,0.1816990613131134,0.17716899787149776,0.175217096585423,0.1742501691790328,0.17424398903186522,0.17347202553803437,0.16889140065972644,0.16878049382762075,0.1676766949361837,0.16144289149827476,0.16043704293737795,0.15228338777348094,0.1468474556673462
B2_mixture_x,5000,2,t3,900031,hsic,0.0,99,0.00031712232454232994,0.004234446855972605,0.0026293148930318574,0.0024547694322917587,0.0022723489504185225,0.002073003599610728,0.0020434621770849325,0.0020177142480679237,0.001993728352842403,0.0018949107197809684,0.0018559765192624538,0.0018358904230801108,0.0017298088823313072,0.0017071895415890048,0.0016731939893758305,0.0016643550326739362,0.0016141765970526308,0.0015926857636520719,0.0015776701877794977,0.0015612841404735222,0.001534168211820511
B2_mixture_x,5000,2,t3,900032,k1,0.05,99,0.005870833929032759,0.015662587248965187,0.015006036647000953,0.01410537385560251,0.01348791689441542,0.012957514954648253,0.012717387067793462,0.012263705109194833,0.011568006480877857,0.011278663582141912,0.011218423303121505,0.010867090855252393,0.010691695806981594,0.010403893138592468,0.010198637213714057,0.010066026950422913,0.009831404554791923,0.009596603713149743,0.009556413500904748,0.009333726908878681,0.009198451480362357
B2_mixture_x,5000,2,t3,900032,k2,0.05,99,0.16307035554943786,0.283567485234681,0.25103904654723314,0.21821649046841407,0.2138649885477494,0.21354006773490644,0.20727056147113826,0.2000328835846857,0.1991459006254453,0.18909421794436776,0.18745480904968412,0.18359794682246483,0.18001960332929212,0.17577033066921782,0.17251004176609352,0.17126722274574613,0.17014549686551694,0.1556683340394353,0.14717958444701026,0.14700780411868927,0.1449782676881755
B2_mixture_x,5000,2,t3,900032,hsic,0.0,99,0.0011001843012552475,0.004022308770774891,0.003951550714426192,0.003936936364161293,0.0038429901704910563,0.00382973085250365,0.0034997947778530173,0.0033358777120726913,0.0031427427838759403,0.0031248690681060375,0.0030022226924568108,0.0029806861697540626,0.0028862171181064065,0.002819565773425197,0.002786110819420151,0.0027744626175477956,0.0027243948271744815,0.002667712432076288,0.0026181349086255887,0.002496192871612202,0.0024954152444618873
B2_mixture_x,5000,2,t3,900033,k1,0.05,99,0.0030061764755358045,0.01603308822730143,0.015158473309690446,0.013529057805911404,0.013497061633491514,0.013491808844162567,0.01292120550187359,0.01288086303868885,0.01281090943591634,0.012752015027921226,0.011316156511465225,0.010951706191637212,0.010597727867691198,0.010322680294266084,0.010061183857725031,0.009977586501135893,0.009803290011794363,0.009794106957901172,0.009703980304319071,0.009462974352645093,0.009438772991360533
B2_mixture_x,5000,2,t3,900033,k2,0.05,99,0.12626140896784352,0.3094056966918627,0.2998392499196541,0.2789244580863265,0.25915687402986587,0.22054549688682099,0.21123440353028122,0.21019720964297958,0.19551171817072432,0.17750725725435654,0.16077753150281554,0.15424890469946542,0.15357594773514818,0.14636530549929636,0.1450525681169493,0.14375741559696117,0.14173927660959934,0.139572972899215,0.13365071953153868,0.1314233732697525,0.1294497671493475
B2_mixture_x,5000,2,t3,900033,hsic,0.0,99,0.0012743724895274502,0.004327192623057601,0.004216498156117975,0.0038458738941858895,0.003744252688819077,0.0037352439713743083,0.00337801796580724,0.003325234381599357,0.0032095122277997733,0.0032085728606302466,0.0029996263901871673,0.0028982536239472037,0.0028178297835611318,0.0028014390323751327,0.002762885595334429,0.0027479680932528524,0.002666615630633701,0.002623628206837878,0.002565484321597972,0.0024885813042919403,0.002471652126492123
B2_mixture_x,5000,2,t3,900034,k1,0.05,99,0.004564053375859967,0.012041611294421606,0.011805581900592999,0.011608187431135564,0.01132928241499076,0.010552275488770801,0.010513129145470979,0.010075368759587033,0.010061069905389353,0.00987360130400372,0.009738163519884657,0.009737878734175864,0.009709955749005461,0.009650187025840529,0.009450289454080552,0.009341331228869376,0.00932349227823781,0.00931397736910955,0.009191772087617789,0.009050495590514185,0.009013320200763508
B2_mixture_x,5000,2,t3,900034,k2,0.05,99,0.1978079344908197,0.35176511479924355,0.23621196601798727,0.22479467760817232,0.22224152998228733,0.22203573883049102,0.21293846692297258,0.2125301843236084,0.20642835430769024,0.20201283669474718,0.20015463373143572,0.19953548042499536,0.19569164603442485,0.19494151217304845,0.19047752068690815,0.18534956280187653,0.1851658002179643,0.18322266184281674,0.1794655628350739,0.17510308333418093,0.16550294406484475
B2_mixture_x,5000,2,t3,900034,hsic,0.0,99,0.0003851621364505602,0.0027443230126260746,0.0025499066903844378,0.0025148683959816706,0.002391040733328109,0.0023484787445629983,0.002288724695752579,0.0021863240080478674,0.0021512262035227672,0.0021326182682274756,0.002083601086568115,0.002081433462350754,0.0020650080711588025,0.002011026575406735,0.002007489665094008,0.002006169948208702,0.0018557317607947293,0.001817833983814803,0.0017070773421699443,0.0016862576125303442,0.0016245036098014253
B2_mixture_x,5000,2,t3,900035,k1,0.05,99,0.006442134465775795,0.01453676408980542,0.013676454297212093,0.013268131912754666,0.013244073462078343,0.012461765975276262,0.012410114436249509,0.012154560571216444,0.011819961627204001,0.011728973399934617,0.011595577600587825,0.011426037516867438,0.011290536833334808,0.011053082644999046,0.011008369419967412,0.010845110047610573,0.010375344582726376,0.010140638441014094,0.00997814179274581,0.009891679527782582,0.009875770630846548
B2_mixture_x,5000,2,t3,900035,k2,0.05,99,0.11961099442259636,0.31655918060160915,0.264436298223614,0.23944533380727837,0.2136156695044157,0.19997396076706161,0.19912275829399212,0.192325627310898,0.1893665367715093,0.18406189887170663,0.18347374625491694,0.18093748414259492,0.17801524729146387,0.1750064986310915,0.17167413863998424,0.17009375112453115,0.1678376700280989,0.16467000248994956,0.1571918512467722,0.15550709638164426,0.14301872932857998
B2_mixture_x,5000,2,t3,900035,hsic,0.0,99,0.0008130411681945091,0.003555914576641727,0.003477499321188168,0.003162772086800019,0.0029751240554434693,0.0029683228108901183,0.0029623241079075745,0.002957336618527679,0.002864342752301077,0.0027875820990009266,0.0027409601227244467,0.00273706749632406,0.0026815927684820115,0.0026105466660965213,0.0025631279527023034,0.0025566210453535354,0.00248574214628017,0.0024430167139927947,0.002393677262883358,0.0022641512653605632,0.002257402585201666
B2_mixture_x,5000,2,t3,900036,k1,0.05,99,0.009657098069324466,0.017534912020583104,0.01223474635707733,0.012207445877117973,0.012121028269651335,0.011639927786597393,0.011041182513128467,0.010848279965681606,0.010734932888468718,0.010118238938923274,0.009938706675610365,0.009639703642661201,0.009603350547503386,0.009542682376519784,0.009466159427318321,0.009332407025614109,0.009158566732569318,0.009131613804202132,0.009117890305099574,0.009035310702054544,0.008913720664865621
B2_mixture_x,5000,2,t3,900036,k2,0.05,99,0.14914646598917206,0.38614262977312935,0.3236587851595029,0.24250370623023482,0.22164796328898265,0.21736710745453075,0.21186130202823697,0.2093132324289437,0.20854602226356575,0.1949121871754691,0.1891393243548201,0.18564312912492753,0.1731832269346748,0.16587531003123926,0.14887203129401996,0.14803938331805663,0.1457361854044528,0.14444391705405657,0.14180893182465915,0.13688937099937512,0.13254128014699784
B2_mixture_x,5000,2,t3,900036,hsic,0.0,99,0.0011540010489384466,0.004059351987812237,0.003926444585504168,0.003924881849091598,0.00344985852978983,0.003199059394977649,0.003156966066898278,0.003109101915231973,0.0028691639206920683,0.002726105004452224,0.002655781238513211,0.0026170564398866145,0.0026109484706034257,0.002538475215827123,0.002537362336206843,0.0025340833395600905,0.0024593398410738885,0.0024186642542040337,0.00238570059414099,0.0022123348171365236,0.002175204284803256
B2_mixture_x,5000,2,t3,900037,k1,0.05,99,0.007945245732252526,0.014462380423080012,0.014010923879508197,0.011008143973555762,0.01075232121069547,0.010638347348274069,0.010243090241392694,0.010210909783174293,0.010209909665273353,0.009865208285981586,0.009797415944732157,0.0096784762063028,0.009493822018510234,0.00946836703476639,0.009465119977911884,0.009424937238276199,0.009413121321523055,0.00940873598584746,0.009354922216542993,0.009237937781972017,0.00919966367553915
B2_mixture_x,5000,2,t3,900037,k2,0.05,99,0.13536850621112367,0.2381941183159547,0.20211115565472024,0.19845712980377397,0.1969132429304496,0.19152710596162306,0.18749051304697048,0.1843015346142748,0.18376220228250187,0.18003934129914972,0.17035989680485714,0.16876222034411478,0.16854050011098107,0.16618903614768876,0.16546414756516042,0.16251282916785262,0.16201779211946027,0.16015752896641355,0.15565034945169606,0.15480998231172613,0.1535288788840494
B2_mixture_x,5000,2,t3,900037,hsic,0.0,99,0.00017211562179194012,0.002771642345125108,0.0025041601594172113,0.002170635189359317,0.002024833147636836,0.00187966331353202,0.001813214274954025,0.0017370181637511302,0.0016869628010224395,0.0016408661726273986,0.0016250655589517202,0.001624607065288889,0.0016070964469306773,0.0016069812495538187,0.0014619383620328257,0.0014356079838920984,0.001429738741041684,0.0013328138468100073,0.00131803693155272,0.001317583632751677,0.0013048353795773397
B2_mixture_x,5000,2,t3,900038,k1,0.05,99,0.0035273151710728534,0.013696445332233464,0.013164989960830487,0.012528749306206843,0.01251850797701537,0.012069017961624406,0.011738063277092259,0.011194263462240284,0.011149031408253629,0.01112822235455746,0.010970250374216173,0.010585161507367324,0.010353662731941493,0.010266395436311582,0.010153028176120182,0.01009267751686016,0.009964015795435932,0.009883685044674961,0.009855364679910994,0.00975838457726208,0.009559383496516527
B2_mixture_x,5000,2,t3,900038,k2,0.05,99,0.14552950137835924,0.2797432059789051,0.25405751403915766,0.2338649002915494,0.2305298315048482,0.21519075684317596,0.21266480360560064,0.20780359027432735,0.2036268555951857,0.20054451062713569,0.19362794680427659,0.18851267852044967,0.1866885650461444,0.1785513975711083,0.1692368459991531,0.1677854760486055,0.16626572782377644,0.16078292001729308,0.15881244249685972,0.15836631867253465,0.15685524186176936
B2_mixture_x,5000,2,t3,900038,hsic,0.0,99,0.001077855863371897,0.0038255402740193516,0.0036632232039335525,0.0034887274067872042,0.0031155749281481524,0.0031030863627639917,0.0029962702287216433,0.002983963406313445,0.002981443457317469,0.002804232782789553,0.002761281601494635,0.0027537181043809098,0.002731165915930009,0.002713614871546749,0.002703583227980719,0.0026139671156080123,0.002597139473386518,0.0025371332255288803,0.0025343437560847457,0.002451658126755737,0.0023350559551985274
B2_mixture_x,5000,2,t3,900039,k1,0.05,99,0.004820567177302171,0.014219526294397378,0.013915003489056166,0.01229570473786612,0.011572016997180579,0.01142729594509373,0.011424775957047162,0.011420849627600593,0.011274965634610945,0.011001441639473475,0.010960901645118204,0.01061147733522505,0.010222359132376568,0.010067626587885403,0.009962147210403893,0.00976607454470868,0.009732184846971359,0.009575841381880945,0.009315667069697997,0.009300878656909317,0.009263645701192202
B2_mixture_x,5000,2,t3,900039,k2,0.05,99,0.0799904711091516,0.3284697743914345,0.2756283213912887,0.27032322532725905,0.25430638003845385,0.2527809709655455,0.23058395552901914,0.22720915121776064,0.22718463247757614,0.22326420649182602,0.20878870055554558,0.19676658561985932,0.18697211587257673,0.17439919216986216,0.17176056507614554,0.17053266890898203,0.16806240367622846,0.15482123945914214,0.15179700524259218,0.14746547813032682,0.14633007481339466
B2_mixture_x,5000,2,t3,900039,hsic,0.0,99,0.0025971889267065013,0.005995112751648918,0.005378400573825231,0.005216635497547216,0.0049927438557064744,0.004984179026523084,0.004947072788947602,0.004835477415227585,0.00453421215474671,0.0044773190993991924,0.004461258895205946,0.004169952083931083,0.0041460865692969666,0.004132901921009204,0.00410162060721742,0.004066563793673809,0.0040192056273816515,0.00399058292098718,0.003970809520691433,0.0037732843049271382,0.0037679084130922457
B2_mixture_x,5000,2,t3,900040,k1,0.05,99,0.004231157937038321,0.01494683670711694,0.012891884857645142,0.012213743840528757,0.012133132742728425,0.011982474159453638,0.011734418339730213,0.011376825232878751,0.010891883290669035,0.010745601460357301,0.010180386544729858,0.010042920564915181,0.00999321482998028,0.009809430585513979,0.009808704560502646,0.009635472094863595,0.009488771117978967,0.009438234453372663,0.009386619715415101,0.009360637528782134,0.00935503333234744
B2_mixture_x,5000,2,t3,900040,k2,0.05,99,0.08543332704444728,0.31788120493144423,0.2658205177627066,0.2112838968693377,0.19891696956879576,0.1982354918184438,0.1935190918168968,0.18018165735136743,0.17953455654070083,0.17936422677569175,0.17815973600944732,0.17569294244901493,0.17006141296668598,0.1663508935818234,0.16569984436776025,0.16346303979113655,0.15936478720581312,0.15887566702164616,0.15665981828323514,0.15098998181000858,0.14773601016281482
B2_mixture_x,5000,2,t3,900040,hsic,0.0,99,0.00045983471739374,0.0025395905731183097,0.002303091815615765,0.0022907565625277784,0.0021938064235058857,0.0021858843878775056,0.002155578881527485,0.002154504584795808,0.002011210866565171,0.0018252848789867752,0.0016541826861837506,0.0014960841792983218,0.0014866358413055333,0.001465337586160469,0.0013902740540332607,0.0013827296384975418,0.0013700049914041037,0.0013356818116266524,0.0013076635258934348,0.0012996920645287895,0.001299065562057299
B2_mixture_x,5000,2,t3,900041,k1,0.05,99,0.0073322388171933595,0.01421146022557751,0.013062359962765613,0.012428516778125731,0.011721341176785471,0.011693482822699108,0.010809618837553492,0.010686263621231928,0.010626815678314583,0.010618076759857376,0.010359035589572185,0.010329595937934477,0.010210189254457713,0.01005909411869954,0.009627229562064077,0.009575629270992425,0.009360995844806763,0.009176416991228176,0.009172614610571395,0.009060758498377952,0.009055793702280046
B2_mixture_x,5000,2,t3,900041,k2,0.05,99,0.148726143159074,0.34818966515015526,0.32624547209043236,0.26113852117506176,0.24687477818677195,0.2419014450373987,0.23444195273422128,0.224437572565693,0.2173955126664448,0.212241495048709,0.19991247531115738,0.1833892527003441,0.17902000308044091,0.17337494957611246,0.17200188657795093,0.17018427993484345,0.16746332423989055,0.16577597486868478,0.16343816060097213,0.14670850863190876,0.14085636886531025
B2_mixture_x,5000,2,t3,900041,hsic,0.0,99,0.0011834774625900301,0.003477471405480771,0.0031366296540405966,0.002942294994709846,0.002827672011877068,0.002724138209408308,0.0026792933544860123,0.002569899612267499,0.0024350123014377665,0.002381111787880881,0.0022862807444542933,0.0022117205962561416,0.0021983237272755352,0.0021839907478464634,0.002176976158641031,0.0021322223194531,0.002077445692358722,0.002042338844799049,0.001913905648908108,0.0018468819057354282,0.0018293816759902628
B2_mixture_x,5000,2,t3,900042,k1,0.05,99,0.003673055557662952,0.01595045888184754,0.015140223888483795,0.01483561450905857,0.01388138389374416,0.013740728066648278,0.012644435987887337,0.012044293184180765,0.011822335083088609,0.011576343950557733,0.011241457453137427,0.011092988614969768,0.010760715669622445,0.010668459393278207,0.010437761328274342,0.010277361159720666,0.010088288084204478,0.009947392894500418,0.009928798200352196,0.009361123054469789,0.009338994946589962
B2_mixture_x,5000,2,t3,900042,k2,0.05,99,0.10443103700837428,0.4253173070932963,0.28369528482745915,0.2681998151887065,0.2626814732611936,0.227732174765423,0.20416171498828167,0.20143169292199767,0.1993895893350422,0.17944422112326308,0.17770250680098762,0.17716643661400427,0.17450161782416493,0.16876782371301527,0.16590105784677747,0.163255306450356,0.15971097527329742,0.15511425745292148,0.15469993206318575,0.15194451575281323,0.14962425817918285
B2_mixture_x,5000,2,t3,900042,hsic,0.0,99,0.0004700130388713344,0.003007351101550402,0.0028996379690557363,0.0028377119697064013,0.002295157044681216,0.002221520249862462,0.002131701806244924,0.0021193428532472183,0.0020526779057407846,0.0020262105437118746,0.002005621358129027,0.0019670698465109803,0.0019165990287711566,0.0018239449426359613,0.0017932935916987666,0.0017512313953404579,0.0017170741300663818,0.0016618102002688925,0.0016314182830349786,0.0016122998884923185,0.0015910245638335748
B2_mixture_x,5000,2,t3,900043,k1,0.05,99,0.0051170060562666375,0.016596899658311903,0.014705291631362916,0.013582740235666857,0.01304012327660109,0.012707950720688088,0.01237250135818091,0.01230342824080688,0.011806433307414599,0.011742972483184122,0.011302744948830323,0.010521884813574078,0.010192197797463609,0.009918267253126167,0.009808330939332977,0.00972759891765429,0.009383781659458745,0.009305495837244493,0.009294582979675114,0.009277296986789696,0.009192607055380275
B2_mixture_x,5000,2,t3,900043,k2,0.05,99,0.1099739628543041,0.36332927510632035,0.30289606903133315,0.20727518387789723,0.19903958954075074,0.18868921796176621,0.18764713171802683,0.18232729385667681,0.1815496786115619,0.17319631580475917,0.16992764789423953,0.16924090868081812,0.16712167305960304,0.16318855750420086,0.16303819270123066,0.1620495191129765,0.15828757314959346,0.15776028645407264,0.15174996001225197,0.14547318646731222,0.1419967407341247
B2_mixture_x,5000,2,t3,900043,hsic,0.0,99,0.0015202502986983494,0.004178224498777288,0.004167611395208765,0.004159381657245868,0.004061345114780451,0.0040575152533959295,0.003944375163587868,0.003922322150636684,0.003756606911441095,0.003686149881751539,0.0035999408632806863,0.0035677180462071008,0.003512523455838942,0.003470834717025233,0.003457285118741048,0.0034233741624666693,0.0032029758562355836,0.0031846465046351936,0.003109725426193984,0.0030560344184910413,0.0029908878895766465
B2_mixture_x,5000,2,t3,900044,k1,0.05,99,0.004908154318685409,0.017478661539640616,0.01540030806829551,0.014725994452551183,0.01351455903253318,0.013080531992074484,0.012792678663122614,0.011377701728504053,0.010930549934097478,0.010473090301689636,0.01040057717057219,0.010260113619449562,0.010246664273757755,0.00976184040242889,0.009740338760746536,0.009622753069904788,0.009600064240929296,0.009535685702820818,0.009532238614767818,0.009468091728517591,0.009220388220172904
B2_mixture_x,5000,2,t3,900044,k2,0.05,99,0.10751075172364741,0.3871820835236334,0.2446195051431604,0.2349618794132893,0.22634341703941693,0.2193022119258021,0.21362640619471124,0.2132025398726424,0.21007937224348985,0.20143609931340228,0.20024578410546098,0.19645618883353003,0.19642596792136982,0.1940608127714949,0.1864079566875959,0.18470828338338327,0.17918140965206075,0.17790277998758852,0.17507265856198476,0.16567040708920844,0.16399828372626132
B2_mixture_x,5000,2,t3,900044,hsic,0.0,99,0.0015848013297533878,0.004377942306227356,0.004225355350392134,0.0040869673671803455,0.003972104237576258,0.003964274659403394,0.0038793115071501312,0.0036976346089306732,0.0036249784382675456,0.0035262874211280035,0.003477718192423587,0.003445267776432915,0.0033672574922716933,0.0033024648350809985,0.003264005699226962,0.0031836434675648396,0.0030705318735869953,0.0029195118600393224,0.0028081754347235198,0.0027960931133604035,0.0027249317210497827
B2_mixture_x,5000,2,t3,900045,k1,0.05,99,0.00667643077415192,0.01589768509106748,0.015861806331314288,0.014032031339315298,0.013604732022907018,0.012581652410515232,0.012572582898424778,0.012557664456705475,0.01230963248101924,0.012176723566090453,0.011468823077724677,0.011427768279652195,0.011242441198925701,0.010898143725251663,0.01071401901448521,0.010697002784638254,0.010055867355262982,0.010051746275652529,0.009996259217905035,0.009969488975691387,0.009883849307268933
B2_mixture_x,5000,2,t3,900045,k2,0.05,99,0.14387502233483757,0.2716917490243196,0.23674606698868772,0.20032613667707266,0.19598223615748772,0.18928640501746435,0.18354399455719783,0.16694691283474478,0.16080896329319289,0.16075826736554247,0.15978094920683347,0.15779193378715514,0.15752243899539378,0.15739250904609228,0.15622788808590277,0.14958287710598892,0.1452249642827438,0.14484420895946515,0.1442225899106408,0.14298580988476237,0.13816626165266663
B2_mixture_x,5000,2,t3,900045,hsic,0.0,99,0.0007725899060153291,0.003780779899003197,0.0031024110987197605,0.002564765315350422,0.0024966842964477777,0.002054170668362509,0.0020447742775206307,0.0020430315179781927,0.0019782582322531105,0.0019531289348687633,0.0018885087085677424,0.0017906277674764094,0.0017829675121588202,0.0017439902824986668,0.001740497569428802,0.0016862741068150726,0.0016567710641531871,0.001655112300439314,0.001625592362534514,0.0015966666692170484,0.001596518634723717
B2_mixture_x,5000,2,t3,900046,k1,0.05,99,0.003606601159098166,0.013677072562416126,0.013285054180909861,0.012604247158697124,0.01246533792335136,0.011730301270942767,0.011573265004258815,0.011320690539774803,0.011292958108385154,0.010923471357508485,0.010673187881991897,0.01050694006089159,0.010475116081444358,0.010420911273080313,0.010402206535979452,0.010398861657741398,0.010329301724912088,0.009998155607106485,0.009828012234712857,0.009456309059792889,0.009451101285347652
B2_mixture_x,5000,2,t3,900046,k2,0.05,99,0.09353529209656947,0.2688931202750526,0.25047328376011185,0.2474497898070421,0.23246600564263126,0.21933641778776855,0.21348570353824495,0.20651037833764238,0.1984978894492831,0.1977324285243216,0.1966279292531897,0.19485024731614212,0.19193421845164954,0.19151250963660962,0.1809038373773642,0.18064737846795903,0.16971547424131112,0.16575487608012518,0.16542477938155403,0.16323518227447603,0.16140148249295094
B2_mixture_x,5000,2,t3,900046,hsic,0.0,99,0.0007872226686996171,0.004180750005926153,0.003824974136909681,0.0037478733898559467,0.003401619178868073,0.0032158453541138855,0.0030205178718344383,0.002976624012733585,0.002931725784186833,0.0028069914737373232,0.0027248846655460244,0.002701155612392453,0.002527062698855606,0.0023217183217209927,0.0021991973248088677,0.0021007532894697753,0.0020904858138295532,0.0019574724557926697,0.0019492562469435046,0.0019300311878563,0.001929865288030261
B2_mixture_x,5000,2,t3,900047,k1,0.05,99,0.006015306838743073,0.013936916715136749,0.013895055143012036,0.013075859219302433,0.012340283578235023,0.012279050548911208,0.011722402294429779,0.011458108089972718,0.01142058540532409,0.011420576223883816,0.010731604748663748,0.010238187775111984,0.010165188681631077,0.01015553092577648,0.010129963044955614,0.010055654830514293,0.00985352130974737,0.009822784110219862,0.009648532647649422,0.00953730163478328,0.009527403956049896
B2_mixture_x,5000,2,t3,900047,k2,0.05,99,0.09115484089181611,0.280181609609788,0.2780658749497428,0.26001359916549793,0.25884867378404725,0.2318293414300983,0.2283065511749563,0.21443183127808876,0.2029532588881893,0.19479574218300966,0.19051278076384617,0.1904311955241037,0.1862297212033071,0.18618580864926226,0.1835178923533996,0.17859966846834574,0.1745878288335594,0.17195198939196246,0.1706661086894311,0.159134325429672,0.15836627703680375
B2_mixture_x,5000,2,t3,900047,hsic,0.0,99,0.00037125500030820346,0.002587415065307397,0.0024495590499945654,0.002415916029292383,0.0022489571588508476,0.002085724652232569,0.001970891596902464,0.0019651128302254203,0.0019138212748544827,0.0017731882457461695,0.0017104274606748657,0.001458014332106709,0.0014065677558047806,0.0014045453212040788,0.0013537158261041921,0.0013409723374173358,0.001262195510498343,0.001250222755511852,0.001244870744374517,0.0012226325023714044,0.0011804962115103278
B2_mixture_x,5000,2,t3,900048,k1,0.05,99,0.004054495991216767,0.015479174859052147,0.013797137627400757,0.012157752522569454,0.011680364499709328,0.011655918945048471,0.011203131456074433,0.01098533886659403,0.010888007473632721,0.010836603187607707,0.010375100746131127,0.010247071971865362,0.010114949452485922,0.010067239360078029,0.009820937709538402,0.0096522249091755,0.009635254543456484,0.009624824670146248,0.009591866986707998,0.009579141986985507,0.009548975520496161
B2_mixture_x,5000,2,t3,900048,k2,0.05,99,0.17396187786465808,0.2067242209377199,0.18727382105289922,0.18620622037624018,0.17949241458580406,0.17740348094960073,0.1744099012745028,0.16798361176437876,0.1614628243993158,0.16077473625141908,0.15562392208900502,0.1484623022962355,0.14596600627100867,0.1454113083062641,0.14407316844396043,0.14387707203851918,0.14216333139521842,0.13738524945286604,0.13689593791158805,0.13425057541183694,0.1337360145350962
B2_mixture_x,5000,2,t3,900048,hsic,0.0,99,0.00011405844687525204,0.0025008523817828063,0.0024225221838253637,0.0017538626488874491,0.001650393937346459,0.0015991041278504649,0.0015199775155672539,0.0014678099109574304,0.0014110462748570486,0.0013957626351985694,0.0013906920984937923,0.001373147294905593,0.0013535079596087912,0.0013424710661359932,0.0013045689587479754,0.001266967827729522,0.0012241585617803609,0.0011820986709525953,0.0011591069666529812,0.001136824483775092,0.0010991453157179905
B2_mixture_x,5000,2,t3,900049,k1,0.05,99,0.007012982105103038,0.013893644635176505,0.01373794182587662,0.013190195533601345,0.012427828427815202,0.011893995712342287,0.01086598494238522,0.010854571003483526,0.01060096823808232,0.010475398545119252,0.010056836852369022,0.010004741972706399,0.010003899722003773,0.009773108458876356,0.009502697303638952,0.009439025122990219,0.009352955748815117,0.009309315502830873,0.009050187774379825,0.0090030013841913,0.008802605505361383
B2_mixture_x,5000,2,t3,900049,k2,0.05,99,0.2001004522035819,0.3275276610253067,0.27675424864088644,0.26971657229269475,0.2538041294895852,0.22370236384816766,0.22031983081882334,0.21831181117931928,0.20195766168929155,0.19972342166694995,0.1920013546447002,0.1754156441879634,0.17257669354592584,0.1660460774888044,0.15798756479284043,0.15760443967153642,0.15208499570067685,0.1476839455032231,0.1465233063990004,0.13541536046714295,0.1341948010116898
B2_mixture_x,5000,2,t3,900049,hsic,0.0,99,0.002344260186345553,0.004811246482190108,0.004747148484417446,0.0042722783593369595,0.004202338180314144,0.004129585194395968,0.004077286424286558,0.003969970601458078,0.003957110853953526,0.003956715167734044,0.0039049547265806402,0.0038979357784657723,0.0038123839950575116,0.003637209469787169,0.0036021928429317883,0.003577656895908015,0.003561540736086269,0.0035086523882720483,0.0035064441952201335,0.003498684558538045,0.003464272449491066
B2_mixture_x,5000,2,t3,900050,k1,0.05,99,0.0042964301884571565,0.01724459682543178,0.01372996728886322,0.01346121690090829,0.013269213190859719,0.012350787284028608,0.0113031325718973,0.011228865623992501,0.011183298254563434,0.011122432717404762,0.010706537822265827,0.010409898785957883,0.010142132324687858,0.009867011487294186,0.009648865583619437,0.0092406645103148,0.009148108723710302,0.00913579277709764,0.009111654692591009,0.008958449940654534,0.00883002251369136
B2_mixture_x,5000,2,t3,900050,k2,0.05,99,0.07588906169295145,0.4315399134133303,0.3382828452792507,0.2519348742617001,0.23160568387442698,0.22859088777176084,0.20590951532590043,0.19278508252694013,0.19070656435653388,0.18531670261645372,0.1841758203602133,0.18389209480115387,0.1806114064194102,0.17493561085398013,0.1702828057063408,0.1679345497118796,0.1569985772902067,0.15422949562814964,0.15417945497220303,0.15379196596833425,0.1531774448177966
B2_mixture_x,5000,2,t3,900050,hsic,0.0,99,4.535782213748771e-05,0.002653633158232961,0.0024459275547747943,0.002312102942441659,0.0022406508718772747,0.0022125313082712473,0.0019921252557081217,0.0016864019040290245,0.0016386645675550433,0.0015626874507934435,0.0015316710921559444,0.0014634233415068895,0.0014525672223358178,0.001444007630355633,0.001420042566100401,0.0013567843732625903,0.0013304381567987242,0.001248046391056779,0.0012044745609352454,0.0011947160723980437,0.0011620937213431323
B2_mixture_x,5000,2,t3,900051,k1,0.05,99,0.006031708648263634,0.01457647112875693,0.013891532654847327,0.013734088076858497,0.013648254651797087,0.013273414738376399,0.01292740866931208,0.012884930432320307,0.011160663100432955,0.011159019446483343,0.010682742587010519,0.010483490759972902,0.010203900433948254,0.009933480562368202,0.009897225439157276,0.009812916654803439,0.009604933322832854,0.009529395742285618,0.009519757502336357,0.009434556787853099,0.009244704182837626
B2_mixture_x,5000,2,t3,900051,k2,0.05,99,0.14586209374435177,0.23630851758297533,0.23354218133994167,0.21436721240166148,0.2049448769178261,0.19796659091612528,0.188417846649102,0.18517043904041708,0.161718337774686,0.15894629864847126,0.1547464079247513,0.15011102866429976,0.14976469930183642,0.1489060395210617,0.14799662362256508,0.14555456977927916,0.14519431432455518,0.14166626429910054,0.141523217337357,0.14074756374610378,0.1369310514708503
B2_mixture_x,5000,2,t3,900051,hsic,0.0,99,0.0017685786392645582,0.004548591326570449,0.004497654295194745,0.004384159745157345,0.0043332530486079835,0.004197091260040412,0.0041739124803582125,0.0038328350194077494,0.00381746576620081,0.0038036813176695362,0.0037122570988228107,0.003701309219118152,0.003681941015007341,0.0036138622222977785,0.0035109835367022756,0.0033900088574888927,0.0033309585676032745,0.0032724125223384105,0.0032700347992901243,0.0031893302587312814,0.0031278034089274984
B2_mixture_x,5000,2,t3,900052,k1,0.05,99,0.00436559869848685,0.015171990469977525,0.013786327685963662,0.012688402007579036,0.012301670291293032,0.012239300409052967,0.012235248609857807,0.011437345951209377,0.011085274475783002,0.01102248711558762,0.01078622007359642,0.010408358179180177,0.010372763129236628,0.010257933888132453,0.009632132038132624,0.009549996859251064,0.009513400458660115,0.009418024213138199,0.009323263447435726,0.009317580360263311,0.009259403292809942
B2_mixture_x,5000,2,t3,900052,k2,0.05,99,0.05749499001010287,0.3389785192092723,0.2176964631611761,0.21183147634983582,0.2029583357207432,0.19576971721426767,0.19184138260526473,0.1847665921542682,0.18111260103676957,0.17723389152002383,0.1734239088085628,0.16738907624116664,0.16145607242298732,0.15052301987663508,0.150389183403682,0.14915601309564616,0.14898720631670084,0.14824222866339679,0.14814184756845555,0.14789257394256322,0.1441932754398145
B2_mixture_x,5000,2,t3,900052,hsic,0.0,99,0.000562038570830986,0.0027058044557662763,0.0024628377864106435,0.002304074126681542,0.0021097337534481896,0.0019424849679803063,0.001892508678935069,0.0018914691133719095,0.0018320473634625223,0.001754912353408347,0.0016995644068516199,0.0015922543107015482,0.0015358307195509383,0.001495230634231703,0.0014699592321707345,0.0014418652246444503,0.0013657690024551795,0.001318859384412302,0.0012724416402573279,0.0012682038315632164,0.0012681549200100509
B2_mixture_x,5000,2,t3,900053,k1,0.05,99,0.006951751460806288,0.016736740875819445,0.01292232330029841,0.012116791568700713,0.011606643721485677,0.011432485722608576,0.011386047353664663,0.011289451723353383,0.011215159398589192,0.010819512682127663,0.01080728898110428,0.01067412987942351,0.010620914741118481,0.010229434955830619,0.009958000974185865,0.009755523677166034,0.009557704445143922,0.00950221660698125,0.009334840066249961,0.00917419728018165,0.009082799640656058
B2_mixture_x,5000,2,t3,900053,k2,0.05,99,0.18486052706695066,0.4351141413086731,0.23800824869355217,0.1961685663774273,0.1712203931895285,0.17034356523891953,0.16864552547037032,0.16496930914442368,0.1638918472927419,0.15908729967060062,0.1524828272686673,0.15084390596866212,0.1494033095252935,0.147316477203645,0.13712472231450443,0.1362101591682642,0.13572867439068506,0.13561678148998924,0.13453049836443906,0.1337425618214013,0.12998795689349524
B2_mixture_x,5000,2,t3,900053,hsic,0.0,99,0.00012931763300669602,0.0028997146246035827,0.0024355708393853964,0.002073111512994731,0.0020627574307723944,0.002013065304234881,0.0018735655319850385,0.0018622147084855697,0.0018522885996537695,0.0018247587888321416,0.0018011494244204466,0.0018001922828272932,0.0016738414409325593,0.0015525279157768928,0.0014876930564129795,0.0014757732740457521,0.0014715058398731722,0.001457626954622518,0.0014531028466365122,0.0014394703087713234,0.001384547520015939
B2_mixture_x,5000,2,t3,900054,k1,0.05,99,0.005607510093034951,0.015332436551881434,0.014388043672922013,0.014365044728201659,0.013354510097025707,0.01297786219863828,0.012852978526674108,0.012685235709750664,0.0115691913329381,0.011025245950799678,0.010467050945234035,0.01020425848263773,0.010091403296993429,0.010080775134930997,0.009650640502481878,0.009471361321410687,0.009407737809614458,0.009366155913084984,0.009293530269609662,0.009239503626630396,0.009235305296545704
B2_mixture_x,5000,2,t3,900054,k2,0.05,99,0.14197273361059248,0.34256426827018827,0.29266267763069537,0.2579469426928675,0.23608927040224778,0.23318054794580642,0.20923593342094157,0.20556987787085845,0.20502720091783355,0.18648555558298757,0.1824969552768243,0.17955220537196553,0.17766856873429565,0.17406738502725397,0.16733249706240008,0.16574975813692722,0.16458886451429156,0.16344291946384595,0.16230920953941375,0.16170605889043696,0.15807787895346662
B2_mixture_x,5000,2,t3,900054,hsic,0.0,99,0.0008492730871156773,0.003739967502650892,0.003566692711290811,0.0034337193781836675,0.0030825300672308866,0.0027916956440621745,0.0026553935848896214,0.0025356372918044806,0.0025135689362164376,0.0023873558341659337,0.002354131702342587,0.002349196324739694,0.0023443757210267124,0.002325427920399117,0.002287685744440434,0.002233554547024775,0.002190305049292912,0.0021729223038709387,0.002150369796185143,0.0020952490269165115,0.0020871652932745463
B2_mixture_x,5000,2,t3,900055,k1,0.05,99,0.0056137888321174945,0.014884247578464294,0.013444878480852074,0.013343569732846006,0.012099634094137945,0.011645214582002739,0.011238458119693595,0.010941323525802016,0.010834839898365645,0.010727783285127579,0.010499000014326576,0.010460568413990234,0.010458455436968217,0.010431977670428805,0.010248568184780815,0.010207117399889776,0.010034831495626118,0.009847331786162927,0.009809803162001196,0.009785514376458582,0.00974541615667468
B2_mixture_x,5000,2,t3,900055,k2,0.05,99,0.10449989010098794,0.3157762544431382,0.300955550567491,0.2946188130245122,0.2835814625968811,0.23968255819744136,0.22489634768889583,0.22366300544937606,0.21718660468045667,0.1968533143401695,0.18960465310689287,0.18322311401149113,0.18099346570852368,0.1772885793173318,0.17492469614050693,0.17299429656623283,0.16936696318337224,0.16697406166091197,0.1657505962397796,0.16021395303853686,0.15729846422845722
B2_mixture_x,5000,2,t3,900055,hsic,0.0,99,0.000678627419704017,0.0033472745601496605,0.0029810688784551245,0.0029168466295540233,0.0023940011644896573,0.002362125208804992,0.002333351795539249,0.0023092110187851356,0.002145891811688252,0.0021322857484430808,0.00211834173956556,0.0020941926009361332,0.001974520448633416,0.0019200789700775007,0.001881967185654426,0.0018527004733047512,0.0017723063821085234,0.0017472605884313688,0.0017260721971322922,0.0016775801273406024,0.0016576387359085835
B2_mixture_x,5000,2,t3,900056,k1,0.05,99,0.005383004514188161,0.01634178791290719,0.01626127781756226,0.01513003934530599,0.01354910825459743,0.012731613476297365,0.012110815184840695,0.011919056999945443,0.011740190724434663,0.011673311262328623,0.011618146475619984,0.011326198194300585,0.01096092737254617,0.01025030375847824,0.01016925713553396,0.009782850054220305,0.009672636367473064,0.009396379855395653,0.009373039292414176,0.009185916865396049,0.009100951892267228
B2_mixture_x,5000,2,t3,900056,k2,0.05,99,0.17608426927809517,0.31080283292105304,0.2171751679833981,0.21682440053185764,0.1933269646695079,0.17039412047441363,0.16406744717002483,0.16202041498006275,0.1581897944328192,0.14761767914820634,0.1453362495947418,0.14281132434841518,0.1403578922443801,0.13959695665607783,0.13904057928334274,0.1350708020993393,0.13391284232940887,0.13382480805647037,0.13075124246705078,0.13049020096818012,0.1294853926746553
B2_mixture_x,5000,2,t3,900056,hsic,0.0,99,0.0009321178371981226,0.0019192520940669927,0.0019119849653404224,0.0017396423954917858,0.0017180102367452747,0.0016320745085739083,0.0016286031220093592,0.001615790981766796,0.0016041941159110702,0.0015838054986329285,0.001547253427506657,0.001516704234468761,0.0014659414158282548,0.0014320320491800714,0.0013662540763029352,0.001329290956564104,0.0013067663443829267,0.0012792915386925449,0.0012627983444747973,0.0012546668435049297,0.0012509219884938626
B2_mixture_x,5000,2,t3,900057,k1,0.05,99,0.0032301055243671994,0.017232392771201477,0.014775689715092133,0.012208089125713917,0.011741345568677342,0.011508402583220612,0.011291478597134086,0.01114486083539934,0.010975220417602571,0.010915938140751313,0.010736731860975124,0.010611262294612733,0.01058114909215846,0.010320695481356834,0.010183629181761744,0.010153536763516158,0.009874748129647393,0.009857674078886824,0.009754012034336013,0.009647885509226017,0.009541865301410102
B2_mixture_x,5000,2,t3,900057,k2,0.05,99,0.128733186360023,0.24481964910856874,0.24240031100920928,0.2370221879241443,0.23389785813819888,0.23233523846120496,0.23193417662051852,0.22699264562037108,0.21803869986478425,0.2097810222759175,0.19486426882407298,0.19246967526832484,0.18522012892260267,0.1785392526909515,0.17178367536032924,0.17118573339255078,0.16597457742331057,0.1581742259808171,0.15467825832000112,0.15280505972168645,0.14782972164070682
B2_mixture_x,5000,2,t3,900057,hsic,0.0,99,0.00036269674658951056,0.003224654458542603,0.0030011526197782383,0.002883771762448142,0.002208538660244899,0.002173017868053846,0.002100407359616829,0.0019711953789304836,0.0019629536832799577,0.0018690420102860663,0.001865080302881723,0.0018610666589989797,0.0017625186268546372,0.0017367506180751072,0.0017081133418674203,0.0016896613719717948,0.0016813653965241458,0.0016653099018529489,0.0016130569018009886,0.001605972846650796,0.0016058474271423363
B2_mixture_x,5000,2,t3,900058,k1,0.05,99,0.007143429103213306,0.012454485748857769,0.012425683916221786,0.010778512013501773,0.010374709731369336,0.010268641126951028,0.010205952393004925,0.009977725168836882,0.009918220266985411,0.009840290763776016,0.009509567010155151,0.00940361242289034,0.00918698295322573,0.009134546917024533,0.00904888437196727,0.009028635597550516,0.008979166036564346,0.008818117718834784,0.008800634422383768,0.008545000546467119,0.008539940594462947
B2_mixture_x,5000,2,t3,900058,k2,0.05,99,0.14715335433867185,0.32896108666326407,0.2690470722612495,0.247292586709382,0.2247139263452369,0.20611478440316525,0.20076301985977163,0.20026269456581208,0.18845523576368836,0.1752027372232305,0.16886821197969817,0.16544096482530024,0.15938854281344095,0.15391155191657857,0.14958685127455099,0.14861322777578692,0.1481204501060494,0.14793190551900223,0.1468076266518194,0.14675279780895928,0.14106702973141255
B2_mixture_x,5000,2,t3,900058,hsic,0.0,99,0.00013265074471538804,0.002429689189196021,0.0023741631346635727,0.002159224943192903,0.002132705454255636,0.002010370054183038,0.0018348851467622396,0.0017130574462979325,0.001656864042415971,0.0015477681278777823,0.0015098418850501805,0.0014787021288200969,0.001464755010472521,0.0014586702826355426,0.001456552152599289,0.0013896131920063017,0.001389434086511783,0.0013845293830925772,0.0012656787626354315,0.0011985940831762002,0.0011407187763529851
B2_mixture_x,5000,2,t3,900059,k1,0.05,99,0.008811118211705216,0.0178463868103792,0.014491384652139616,0.013593006138279073,0.01278193871482014,0.012675606221075886,0.01232479812323417,0.011147000681255625,0.010912306909948266,0.01063150133951396,0.010462879100121225,0.010208485436206671,0.010150138625411698,0.010105430493063894,0.010052265620776324,0.00994311701557693,0.00993608080373265,0.009902502958378578,0.009824128680724908,0.009766628212539374,0.009552600579157744
B2_mixture_x,5000,2,t3,900059,k2,0.05,99,0.13352803054806373,0.26582243989791704,0.2413205172716489,0.23339204695069615,0.22919381166432948,0.22473709617615398,0.21572574360746788,0.21286640745842714,0.20631317147905384,0.19929110000560765,0.18792598024876342,0.18297685128041352,0.1718035047074332,0.16926452999311642,0.16646770508198092,0.16554786037511876,0.16119409455576134,0.15697417062557234,0.1519575029111309,0.14827600211738934,0.14664409170483414
B2_mixture_x,5000,2,t3,900059,hsic,0.0,99,0.0005618816938885182,0.002664948203973358,0.0026154356770922214,0.002610158161386832,0.002290389452528924,0.0022194871713473604,0.0020731375179550006,0.0019242047793777942,0.00187475808848465,0.0018589056949473246,0.0017967908533231612,0.0017921078265678517,0.0017887700498873996,0.0016571940985129088,0.0016443977213986243,0.0016340620386918686,0.0016208573432552698,0.001540343217132601,0.0015383889814138752,0.001516972064394748,0.0014772766397981203
B2_mixture_x,5000,2,t3,900060,k1,0.05,99,0.005650805026868433,0.01279223536711449,0.011987966517968851,0.011157973213524075,0.01111094116596889,0.011060097578217354,0.010884190086005052,0.010460728249747753,0.01040031315955503,0.010207938008855444,0.009998098020046364,0.009944300055455657,0.00990198003637599,0.009846006426069254,0.009821510225035412,0.009744938881472986,0.00959184182909023,0.009571761599908135,0.00946244892085324,0.009259248259076314,0.009245052691162048
B2_mixture_x,5000,2,t3,900060,k2,0.05,99,0.19495496236751456,0.34133817347970974,0.27352005432653886,0.24283978595643158,0.23926028061133695,0.21122129937396147,0.20351233106060987,0.1918381626794154,0.18775547071933138,0.1847024243202968,0.18423784643507296,0.18287504029797375,0.17498119223961875,0.17314141731468247,0.17091258388909136,0.16611963649388728,0.16273362929967997,0.16183557280772856,0.1573594522895467,0.15430118236617432,0.15274685823958933
B2_mixture_x,5000,2,t3,900060,hsic,0.0,99,0.000811819148704615,0.004748865181329481,0.004174916737397567,0.004085037655743827,0.003937477790215132,0.003932426271923965,0.003573021261619272,0.00331965687824259,0.003314188241059891,0.0032197274919060696,0.003197871730381877,0.002951451326596201,0.002887522115405315,0.002781217315660196,0.0027395245642454795,0.0025939707423390645,0.002552745323620844,0.0024657349980917757,0.0023689802460157587,0.002311135533647341,0.002292384212761108
B2_mixture_x,5000,2,t3,900061,k1,0.05,99,0.004076159671609014,0.01757479418121688,0.01422313327590885,0.012378301979335093,0.011320942752592322,0.011238316083300615,0.011109954913836928,0.011084731758134292,0.01091810529146231,0.010657557838684495,0.010516261017797235,0.010393589378121404,0.010163414225636047,0.010155349691613469,0.00985785947908635,0.009766336187080116,0.009676951873747397,0.009535895214952572,0.009400467283150471,0.009230811154919749,0.009196928324841869
B2_mixture_x,5000,2,t3,900061,k2,0.05,99,0.08808999667647877,0.2768598923692622,0.23342092535881642,0.21988372737142228,0.21017854560906044,0.20679742491373135,0.20196892780575804,0.20061341899273727,0.19888608468238936,0.18265335602326202,0.18102349471527587,0.17387972560418277,0.1723394967397814,0.16568056490043184,0.16430963409487045,0.16398373397215,0.1613768508004718,0.1611148465472396,0.1593618873552701,0.158800287451874,0.15340103076820616
B2_mixture_x,5000,2,t3,900061,hsic,0.0,99,0.0009959665597690385,0.003513381690692924,0.003320027247460458,0.003235491073518091,0.0032139943591068757,0.0031312991314607036,0.0030800853429386577,0.002939110516565567,0.0029026473721775956,0.002801335247517732,0.0027919871588889082,0.0027148565122966845,0.0024705193574692396,0.0023483251891782543,0.002278223639549485,0.0021357781511614207,0.002133737101808817,0.0021317972220199367,0.00208113835668246,0.002004139096689515,0.002002955889116329
B2_mixture_x,5000,2,t3,900062,k1,0.05,99,0.005528729653907161,0.016242563442967484,0.014163776502343017,0.01396472524761705,0.013564016411019675,0.013008047088790553,0.011865048310885307,0.01139661067760922,0.01109726891765328,0.011086433753995761,0.010794714700181895,0.010618036285089283,0.010588161312440558,0.010541566604907127,0.010223936620214369,0.009945265245484114,0.009761037614156365,0.009715945335369125,0.00944844247295773,0.00922218900357663,0.009210326394551771
B2_mixture_x,5000,2,t3,900062,k2,0.05,99,0.1530832650133353,0.2703588044953252,0.20986655138933671,0.20689035983974105,0.18254672088791962,0.1815511869535205,0.18007113703536304,0.17348277985758065,0.172093164664182,0.16402089349598953,0.16213842044018958,0.16177051719277494,0.15630224152741712,0.15545731789960052,0.15386669256347085,0.14052000081053917,0.13921216949540854,0.13823765614730338,0.1352394823873019,0.13244563928059355,0.13154949499037474
B2_mixture_x,5000,2,t3,900062,hsic,0.0,99,0.0011290778732529572,0.00638810580613109,0.005088491078516391,0.004521634381892003,0.0036329224865479246,0.0035919182982476513,0.00358595871594097,0.0035284085002914166,0.0035213339629637744,0.0033059791771784942,0.0032897599760261086,0.0031523534552448562,0.0031507301974480397,0.002896017028345008,0.0028221788073129373,0.002797337721388752,0.002765806036071576,0.0026720151382395056,0.0024844513234651778,0.002413024922458747,0.002379119472943254
B2_mixture_x,5000,2,t3,900063,k1,0.05,99,0.0041550160427688,0.01706006391214543,0.011802205632001628,0.011688035542424702,0.011440488963750717,0.011345717803792232,0.011239521337704339,0.01117939850103744,0.010930972510799997,0.01059697840794227,0.010401996727193663,0.010380901166541112,0.010060506696051519,0.01003317105878787,0.010032060664741715,0.009982730658891659,0.009964721616135486,0.009867917380307789,0.009755881140854794,0.009562331246466771,0.009436719883852973
B2_mixture_x,5000,2,t3,900063,k2,0.05,99,0.16013020960234634,0.40559130637478574,0.20978387382568267,0.19911896726773307,0.1889713611721416,0.18489680807744163,0.1744889362709702,0.17292785874028968,0.1707753338694064,0.16637550754586078,0.16345884626826493,0.1601105033843838,0.15189156925341704,0.15039653925400884,0.14499210608335147,0.13899515155398356,0.13839313332368916,0.1363660607560331,0.13615645142098753,0.13448885202366567,0.1342353319320114
B2_mixture_x,5000,2,t3,900063,hsic,0.0,99,0.0009684916267052872,0.005773502011061697,0.0035772676195640015,0.0034293745436586704,0.0033758101187627717,0.0030869030656479187,0.003072773546549179,0.0030191812280496574,0.003007071306359523,0.002983627099639755,0.0027745431503603166,0.0026598459765052192,0.0025928345664803284,0.002477214332991919,0.002464153252390836,0.002416395753739361,0.0024095694044360375,0.00240936370123189,0.002337355481586558,0.002271441173630393,0.0022398071377344024
B2_mixture_x,5000,2,t3,900064,k1,0.05,99,0.004884949524662452,0.01573398994034203,0.014521488165596286,0.013020895234480245,0.012945579124937656,0.012101615096632545,0.012090374748298549,0.011507732508565627,0.010343925913658292,0.010051463378433101,0.009918029958073449,0.009850395059754602,0.00977036503916695,0.009631807004397586,0.009536274735248207,0.009467884926311232,0.009424003315731011,0.009223287298274263,0.009217484721012248,0.009122432142895986,0.009066818255204834
B2_mixture_x,5000,2,t3,900064,k2,0.05,99,0.11640565820165706,0.26395788690014405,0.2332677139898229,0.20969122317922265,0.20114167441695788,0.19524841955613642,0.19337699082000218,0.19256551224151666,0.18968267758174212,0.17905578608496614,0.17561748683426998,0.17085711964960942,0.1653141356624888,0.1611541898155109,0.15886599248224134,0.1584761370257719,0.15686072815424443,0.15661380537243885,0.15140760935668762,0.14717803604600171,0.1463647525156953
B2_mixture_x,5000,2,t3,900064,hsic,0.0,99,0.0004433940297179622,0.0028973383723922743,0.002809561533293747,0.0027416136316251493,0.002739255354249332,0.0027275259487348114,0.0026747713458023744,0.002436005614833704,0.0021010437512535636,0.0020671576493284725,0.001845193511851413,0.0017814929527637745,0.0017808948054353784,0.0017050033289420044,0.001700653214242849,0.0016554969312494517,0.0016233627236185754,0.0015700619934391302,0.0014074434335581117,0.001397123847783968,0.0012404064366132025
B2_mixture_x,5000,2,t3,900065,k1,0.05,99,0.0018618796384624048,0.016086667879404493,0.01488525488108483,0.014405593368460146,0.012325726972249984,0.012248957233991775,0.01131741477022008,0.011261403520498758,0.01108021799770309,0.010812824759421136,0.010745670228989312,0.010737643038341682,0.010639665233033946,0.010495036701242744,0.010366685200031478,0.010144583188321787,0.01011609179977735,0.009776135849723588,0.009659292055122726,0.009615682939902448,0.0095939972872503
B2_mixture_x,5000,2,t3,900065,k2,0.05,99,0.06659471743144568,0.25060496656765124,0.1980574179063532,0.1906253830327171,0.18910350886762625,0.17816044267729747,0.16926882361826012,0.16883332707853368,0.16860011926134053,0.16127727961057375,0.16110390859758478,0.152587534233417,0.15154382279975326,0.15109731869298493,0.1489763005780193,0.1487083401571277,0.1483505999689687,0.14779398552807313,0.1471573654039832,0.14468308513334907,0.1441224778702608
B2_mixture_x,5000,2,t3,900065,hsic,0.0,99,0.0009080145283042912,0.0036852726196634437,0.003175947264964468,0.0031146973423676555,0.0030830561527522104,0.0030424777108803715,0.002967003571431072,0.002902445181402368,0.0028248068683325057,0.002672308970926704,0.0023803709585343397,0.002351788260365035,0.002313403698997266,0.0020569498135257487,0.002014833249791418,0.002002773662838302,0.0019131210380093986,0.0018280537860076737,0.0017175179895943565,0.00168708953837753,0.0016547814588745763
B2_mixture_x,5000,2,t3,900066,k1,0.05,99,0.0036625353362506052,0.013399665710749686,0.01320006595865697,0.012458997871168442,0.012341663376280287,0.01220884041734005,0.012133726248851229,0.011955154908746546,0.011792838457557075,0.011556998193904433,0.01113891654092225,0.01011373831136364,0.009927522463626826,0.009856766234350278,0.009493223979903376,0.009347150632684098,0.009160062252326684,0.009136787408376978,0.009096774308104072,0.009046227674753715,0.009035419944928513
B2_mixture_x,5000,2,t3,900066,k2,0.05,99,0.08433968434104899,0.25163350778108357,0.24256798884754308,0.22868823329782703,0.2231752230782917,0.21400649402338487,0.21336099070133988,0.2116362953545946,0.20216942347809946,0.18922411723860333,0.1840723850136013,0.17959047189907373,0.17559108995204037,0.17373411814236567,0.16781623762141054,0.16649303472469143,0.1622612666945291,0.1611353546234286,0.15518348114322492,0.15214117689441073,0.15196187335285813
B2_mixture_x,5000,2,t3,900066,hsic,0.0,99,0.00013168049401805169,0.0028235156471079765,0.002124868274012838,0.002037063910822629,0.0019917180482450455,0.0018482822097349214,0.0018189789264152502,0.0018106091952666994,0.0017987663248878775,0.0017589852580893201,0.0016631609098904832,0.0016179014356559865,0.0015747545036961274,0.0015208727483723265,0.0014482757942593536,0.001376397071109784,0.0013404502617085368,0.0013404181804701335,0.0013347800270650894,0.0013068417158031537,0.0012900838688751175
B2_mixture_x,5000,2,t3,900067,k1,0.05,99,0.004921391386749185,0.015380138086789508,0.015016456675627787,0.012401752157633839,0.012274304464210628,0.012124138149920638,0.011853495381454526,0.011398582704843285,0.011114450995287406,0.010897785949963268,0.010886980130151547,0.010809506559010251,0.0106831490277296,0.010483070892237545,0.0104318548160246,0.010410121791179616,0.010281587682165583,0.010156977517411403,0.010126467334726219,0.010068367052899152,0.010029294638509878
B2_mixture_x,5000,2,t3,900067,k2,0.05,99,0.09132036602264393,0.23599257782711014,0.2197349724602944,0.2027394680366367,0.1996566998019282,0.19143534243124224,0.18604999071171685,0.18260639434148113,0.1819212628176207,0.1769653890100814,0.17220426570231126,0.16369286107216247,0.1603856020328642,0.1536302832971024,0.15142600864792638,0.14531749951012013,0.14220197506211443,0.1413760572552711,0.14108621363617183,0.139352389008222,0.13274247755113014
B2_mixture_x,5000,2,t3,900067,hsic,0.0,99,0.0009166861573871242,0.0032983734302411243,0.003143699886692432,0.0030440931731028527,0.0029708482402491213,0.0029519307682395754,0.0026295915659964985,0.002537739085894245,0.0025229363954161047,0.0023490799379655754,0.0022690022564720905,0.002268187919275089,0.002264188777281462,0.0022306148812229402,0.002155902480654413,0.0021352395313416865,0.0020697743284148777,0.002063590155379843,0.0020345188437389528,0.0019694428365928003,0.001960532701560068
B2_mixture_x,5000,2,t3,900068,k1,0.05,99,0.005672930738489623,0.015405342699960078,0.014481458816869242,0.014453543671620994,0.013819593662621976,0.012368412066907752,0.011652439444523877,0.01149268529535652,0.011354841887389666,0.011320307144088826,0.011198370672245606,0.01115602388346737,0.01108978488345258,0.010621159849736106,0.010533962451611423,0.010307602806907235,0.010120887293500358,0.009867851874781675,0.009609835435817615,0.009547068658198432,0.009401732265888585
B2_mixture_x,5000,2,t3,900068,k2,0.05,99,0.10248473499184203,0.2180914938179026,0.21785611215346629,0.20914226318338602,0.2084536496918538,0.2014611199677468,0.1945886622588002,0.18886105538318795,0.17954168008925625,0.17433170736800416,0.16901623540567529,0.16816249377741277,0.1661829843797019,0.15723936361739155,0.1545200779063805,0.153608502074952,0.15260708277218518,0.13755712592805147,0.13553832836611643,0.13471654034252453,0.1328654448799656
B2_mixture_x,5000,2,t3,900068,hsic,0.0,99,0.0008134510746978518,0.003716786769816666,0.0034441818590544813,0.0033293351407046264,0.003072455251833566,0.003053895757572753,0.003051780014879413,0.0030422299377661642,0.002939480730578716,0.002908696920773445,0.002796933912660262,0.0027328681606138623,0.002722835558886572,0.0026749900795997256,0.0026687007109316868,0.0026526046416273656,0.0026412752461158744,0.0024692344729491653,0.002413007357311549,0.002339593431590097,0.0022928333507921217
B2_mixture_x,5000,2,t3,900069,k1,0.05,99,0.006385820499172246,0.014683357500232641,0.013189880225476736,0.012589445987445047,0.01231521248160694,0.012217908832235724,0.011020549636697408,0.010828632811849648,0.010489794859316892,0.010082931868221734,0.010050277556366338,0.00973410812673281,0.009417762837884647,0.009353214293959522,0.009305336406652875,0.00922038813736692,0.009208621733470368,0.009191556958916158,0.009155335194173553,0.00913187989882569,0.008995512841510123
B2_mixture_x,5000,2,t3,900069,k2,0.05,99,0.07868726924100154,0.2884599554262517,0.2601297780128387,0.24708898741287322,0.1930694447690932,0.1863353955629957,0.18375129228370113,0.17594356152113266,0.17459594223327965,0.16499405546411994,0.15702980480822437,0.15625135044921226,0.15365741801487784,0.15313709519766605,0.15001314853351685,0.14646527788057692,0.14377481978159337,0.14257697661247246,0.1425311002136539,0.1408755461018968,0.14005300433423606
B2_mixture_x,5000,2,t3,900069,hsic,0.0,99,0.0008102433779810062,0.0027411875343901987,0.0026064417678000715,0.002507789764058363,0.0022766398722475828,0.002034419567761809,0.0019638076218417445,0.001953264415620363,0.0019084761020771676,0.0018576193564055238,0.0017305489739196532,0.0016968417177003424,0.001667243260610234,0.0016619704042852071,0.0016225322761815938,0.0015800463874569581,0.001572389857832948,0.001508581058748666,0.0014959057182675644,0.0014911254047692297,0.0014550449323488146
B2_mixture_x,5000,2,t3,900070,k1,0.05,99,0.005642347783038626,0.0149225949102465,0.01345737870047592,0.01091786903699088,0.010756933872173469,0.01072945098719802,0.0105222934680399,0.010269395309781104,0.009993250929089315,0.009987892421483568,0.009929464338654936,0.009791922718330848,0.009575545054347101,0.00931094032779356,0.009143818641253354,0.009094518614809477,0.008803510181055851,0.008782796163230078,0.008773715498690549,0.008753951852293995,0.008727444651181693
B2_mixture_x,5000,2,t3,900070,k2,0.05,99,0.12542289080871558,0.18086051658916466,0.17820590802942118,0.1768330261258909,0.17380549335190051,0.1641619862087212,0.1592074575937839,0.15875907419591961,0.1577842395083563,0.1563921099002893,0.15352954076370387,0.15032900517618072,0.14995938929575972,0.14520005835516495,0.14386363495813215,0.14286529692331298,0.13879346711780105,0.13576987611033917,0.1349006635980158,0.13441491718230567,0.1333488665015764
B2_mixture_x,5000,2,t3,900070,hsic,0.0,99,0.0005688267605666568,0.0030693946755201355,0.0028167288024373753,0.002415614815853631,0.0023067156655652084,0.0022879284189575725,0.0022799636993547194,0.0022751095695187724,0.002261883307105723,0.00222941785731649,0.0021963032410563235,0.0021595587776403044,0.002134754699539989,0.0021345362993230046,0.002075834111273533,0.0018642401668791074,0.0018578749266272023,0.0018510212278017282,0.0018153531371154514,0.0017536692917965824,0.0017470298964827578
B2_mixture_x,5000,2,t3,900071,k1,0.05,99,0.004783407807294582,0.017646146857508205,0.016290088140966108,0.015880588419510788,0.01542020099322683,0.01456404593299998,0.014563465958126298,0.014546318248951695,0.014438111589081482,0.013410002667672005,0.013226470124978684,0.012072666742785843,0.011715989376132385,0.011395434524952286,0.011074669069920717,0.01070795671367164,0.010266824091344828,0.010218959807644534,0.010201038167949483,0.009810591601673746,0.009732446882363743
B2_mixture_x,5000,2,t3,900071,k2,0.05,99,0.15228258344717596,0.3591700684104232,0.3007219361866403,0.2704413675454153,0.2477522436705133,0.24603623809284672,0.195607760166191,0.19105902822368612,0.18526872900650174,0.17767968281575833,0.17598706315535279,0.16978360152446678,0.16519675961269423,0.1557494638111082,0.1527077494945652,0.1525865932321238,0.14815496601418168,0.14769545959650052,0.14263942791506118,0.14199325555584677,0.14164262802559952
B2_mixture_x,5000,2,t3,900071,hsic,0.0,99,0.0013910067613497558,0.004801504550000107,0.0044459562650606,0.00377730524588506,0.003722118921349331,0.003442655125371351,0.0034248975065047063,0.0034003073058932443,0.0032674614483624003,0.003098765817827652,0.0029081219861855816,0.0029009620307586196,0.002896602206853757,0.0028718468993757804,0.00286289802854945,0.00280692416853757,0.0027860352129184724,0.0027617562436911165,0.0026887112519997894,0.002547538248887592,0.0025079172256875
B2_mixture_x,5000,2,t3,900072,k1,0.05,99,0.007362464576696315,0.011835996241759128,0.01176628476965369,0.010873499708217826,0.010818333909655031,0.010769299090408246,0.010713733465014696,0.010578254883149674,0.010483907622212851,0.010481647554970719,0.010472939717071084,0.010406457223702925,0.01031998337060458,0.010198952911459558,0.009965901235253649,0.009945771192480746,0.009799042833291804,0.009771384054641508,0.009583195957938107,0.009425199655969774,0.009408522962482624
B2_mixture_x,5000,2,t3,900072,k2,0.05,99,0.1000336940842715,0.24145633972022162,0.22714728555117578,0.2257196677135693,0.2255231654408904,0.22149918402025867,0.2095017205890009,0.20871718259058497,0.19345350259906555,0.18633785226279623,0.182514083183755,0.16675734547801357,0.15824278695501734,0.15618920166835526,0.15394799683934338,0.14827236066045524,0.1480598464200019,0.1460230817097555,0.14512449009476686,0.14483417094315923,0.14159953954852328
B2_mixture_x,5000,2,t3,900072,hsic,0.0,99,0.0006827660636952008,0.004107196742551099,0.003584153824123727,0.0035106122756995667,0.0031094803194320775,0.0028856111861880938,0.0028473399620687475,0.0027608554640245037,0.0026180954291588165,0.0024633147319004646,0.0024043460949142244,0.0023335486723344684,0.0020683271298383723,0.002003350903517034,0.001907114640697575,0.0017980299764541803,0.0016829677036939619,0.0016654576772072694,0.0016546343596421415,0.0016126926336675095,0.001595621646655277
B2_mixture_x,5000,2,t3,900073,k1,0.05,99,0.00723899521470972,0.019548287117425844,0.01729326262838704,0.013353722893321596,0.012698514850780218,0.012091746685001348,0.01185092556661016,0.011839231344448309,0.011777663501901126,0.011630841353111543,0.011290242069816658,0.011273486722703674,0.011194621044364306,0.010729865285197482,0.010623316965333585,0.010301639427766629,0.010278805649032496,0.01024837262228151,0.010186008529834756,0.010008210534347306,0.009955984835135712
B2_mixture_x,5000,2,t3,900073,k2,0.05,99,0.12714082970944932,0.21811621868059622,0.21701514853363704,0.2070208954389811,0.20259245386791896,0.1938595398483767,0.1797620663695513,0.17881204926289151,0.1778420380130795,0.17227129856811998,0.16407290987193146,0.16261203127373805,0.16081588497315932,0.16072365542908995,0.15765868371145256,0.15643860128397255,0.15405263815537498,0.14134648784325315,0.13886318751251983,0.13727202781415654,0.1356671346224878
B2_mixture_x,5000,2,t3,900073,hsic,0.0,99,0.0003481302879231371,0.00399788413223909,0.003916794250571394,0.003521941450162543,0.002759357233741106,0.0027398558909571455,0.002532639052038554,0.0024778648232771077,0.002435085191530489,0.0024321082113660047,0.0024297991987889097,0.002328340079337327,0.0021770841642436054,0.0020983031103825535,0.0020405608130697537,0.0019966932619942743,0.001986489281836153,0.0019751608439312765,0.0019698060016579548,0.0019533433480614314,0.001883483170689918
B2_mixture_x,5000,2,t3,900074,k1,0.05,99,0.011294910005826386,0.014330490928593065,0.013595973210264845,0.01354974101971318,0.01267392743095297,0.012550655147619771,0.012525958458841968,0.012221264476799276,0.012062115177712163,0.011872849200431856,0.011590940009269413,0.011441382139941059,0.011268462996103068,0.010575509383514814,0.010209475513139665,0.010162523243884114,0.009986200968799652,0.009693033318413646,0.009496603796672054,0.009329273512024394,0.00926623994401543
B2_mixture_x,5000,2,t3,900074,k2,0.05,99,0.42953536943529463,0.26660410778936205,0.23029805906071446,0.22245135550047168,0.22060888152774882,0.1995056079626377,0.19793232820552736,0.1932524408224333,0.1910900231621683,0.1850730550734032,0.1761929103459379,0.17226281121523515,0.17122401512732655,0.1678842023427749,0.16732272713154492,0.16644444533363914,0.16346516860389396,0.1604851373626488,0.15761713964438578,0.156435857691116,0.14669304838539857
B2_mixture_x,5000,2,t3,900074,hsic,0.0,99,0.0004921802819180736,0.0026556915165037664,0.002571117696439353,0.0022777647548226036,0.0022409633226995367,0.0022081021993130326,0.0020530207964516403,0.0019940185790097574,0.0018082960029354232,0.001721959865311718,0.0016782858789359122,0.0015561784814701264,0.0015099516775922061,0.0014706237991043234,0.0014598364271884298,0.0014247450798756508,0.001395627209823234,0.0013809615928082677,0.0013612465551471416,0.0013554165935152278,0.00133810609906919
B2_mixture_x,5000,2,t3,900075,k1,0.05,99,0.003678387309384079,0.015693281653935798,0.013065187118805999,0.012735498208191531,0.012567571695041635,0.012040428995801267,0.011971377715673026,0.011566610104747244,0.011498205258586247,0.011460170608171838,0.011054050906780355,0.010943318758191989,0.010914672004751602,0.010550917720444808,0.009960281876805421,0.009800918657662971,0.009536286273345795,0.009479695309558278,0.009435609855041993,0.009433852112840646,0.009416177114896729
B2_mixture_x,5000,2,t3,900075,k2,0.05,99,0.1652228358025478,0.22803544953028113,0.21694154717998387,0.20849658499132726,0.20244600587342235,0.20129784660781716,0.19896871121017992,0.17880912340818286,0.174574007186758,0.17024057998700617,0.16748811316249454,0.15804957363411828,0.15525639079156212,0.15084032318390286,0.14933018613603788,0.14817729505489333,0.1428408802016635,0.1427939356560306,0.14254059404735933,0.1416286995204128,0.13625054238563086
B2_mixture_x,5000,2,t3,900075,hsic,0.0,99,0.0007212955159460023,0.0019799238832459098,0.0019208189359638406,0.0018712811794904486,0.0018173486333792866,0.0017441553180625182,0.0016808528345667142,0.0016280885264922632,0.0016234153214438993,0.0015953232906111398,0.0015418989765836198,0.001537243473692026,0.0015016772580512042,0.0014598151016805452,0.001446573357095533,0.0014291139523704556,0.0013881639665510716,0.0013829344131438583,0.0013632893026082487,0.0013518086461900343,0.0013347722178088503
B2_mixture_x,5000,2,t3,900076,k1,0.05,99,0.006746370618317732,0.015162611020491878,0.015145040432872126,0.013452094304175821,0.012139591746487599,0.011777045506485062,0.011678223328841275,0.011642657480510632,0.011438115256071524,0.011266529553577431,0.011219650725281194,0.01092832068917382,0.010626470580764269,0.01055479878072485,0.010426819942973564,0.010315818467740545,0.010207569535048977,0.010004239887240085,0.009990962683336657,0.009952595075797266,0.009899777905539642
B2_mixture_x,5000,2,t3,900076,k2,0.05,99,0.18393467520359874,0.27465818494159266,0.22313867774624957,0.21353623202799296,0.2098137466432076,0.20825065959921607,0.20098524691887004,0.19944594212302813,0.19721061695679898,0.17964966178128938,0.1793877837174358,0.17689500831677402,0.17490657122021425,0.17388759324710673,0.17139891513667135,0.1618290118907185,0.1617732053665604,0.15686486276951161,0.1514361680812565,0.15062800533981857,0.15030606215810008
B2_mixture_x,5000,2,t3,900076,hsic,0.0,99,0.00021797782289088917,0.003050843062024486,0.0029157692993710183,0.0028630694372149173,0.0025767469535145048,0.0023456158083284594,0.0021816144872587396,0.0021565739098143685,0.0018882710970747464,0.001858489028565615,0.0017671728248465498,0.0016789122260752818,0.001667587339287451,0.001627290826714755,0.0016266202035685744,0.0015943820145994112,0.0015904400910494137,0.0015276205558335003,0.001508743492811802,0.0014776438597750652,0.0014773356132284983
B2_mixture_x,5000,2,t3,900077,k1,0.05,99,0.007992679579154505,0.013673826552977775,0.013509324888279606,0.013200813315752846,0.012252994153726937,0.011907469591691311,0.011651938421600394,0.011429461779216554,0.010910234730438728,0.010848847267731387,0.010658764283689948,0.010492205709658475,0.010049070361749957,0.009754143497295975,0.009687945529032849,0.009527907807578506,0.009510045040367343,0.009405320522385963,0.008849173302436508,0.00862314269441411,0.008476643047231058
B2_mixture_x,5000,2,t3,900077,k2,0.05,99,0.09644746175880496,0.3595403238203797,0.264033557448787,0.21604167195909793,0.20502068044773958,0.2010146331719257,0.1969615350623741,0.1917996809027144,0.18862484828192347,0.18450772989983366,0.16211929941584186,0.15574299753395301,0.1501244170245032,0.14596383770374766,0.14551864946814524,0.1448245110813493,0.14312912148233914,0.14101807683143022,0.1408860383365905,0.13997090227008946,0.13938064296768665
B2_mixture_x,5000,2,t3,900077,hsic,0.0,99,0.00043139576464329074,0.0035326305604078167,0.0030932117998457146,0.0029642108506279722,0.0029362086897251442,0.0026778747218701346,0.0026594278923051566,0.0025664345958419515,0.00254010311626168,0.002480842877383732,0.0024561967309919995,0.0021704805532284325,0.002142680121879403,0.0021148163227411067,0.002097394038343084,0.002081433905181314,0.002067436666974869,0.002046772184047442,0.0020250729269321965,0.001990751810957154,0.0019265886369159901
B2_mixture_x,5000,2,t3,900078,k1,0.05,99,0.005626123842984443,0.013645397440524398,0.012555320872630227,0.012148231343958704,0.011870851973158514,0.011858944156966977,0.01178347647309097,0.011736550906123577,0.011447563702840835,0.011404087187519507,0.011294533680972219,0.011104128808313796,0.011053761714165167,0.010462186804654827,0.00997344047852844,0.009865003298015207,0.009846797402314644,0.00963976525977528,0.009624281807900203,0.009600482758134854,0.009564024490836487
B2_mixture_x,5000,2,t3,900078,k2,0.05,99,0.10863370705722346,0.30847602067749735,0.2174636889967048,0.2135193208731832,0.19017871342961362,0.1791448981838107,0.17269495028199217,0.17182181761984444,0.16801773558990582,0.16409688714854956,0.1582822346625303,0.15805998051460718,0.15752354130299093,0.156216936170471,0.15356243791731644,0.1513379444261027,0.1510029092704997,0.15099010163835339,0.15088144594524874,0.1503152221522223,0.15018415659331402
B2_mixture_x,5000,2,t3,900078,hsic,0.0,99,0.0004626361818939654,0.004398411023092135,0.0033033836896301494,0.003268489729184222,0.003201250798771862,0.003165772491028042,0.002821159198476059,0.0026065160283348975,0.002428222313761458,0.002398638111126876,0.00220238139156407,0.0021263449901517276,0.0021109650167617927,0.002045112659276923,0.002039083184656912,0.0020324067128596936,0.0019319326634353565,0.001798035771198832,0.0017231849431035826,0.0016913643449782963,0.0016803585434080287
B2_mixture_x,5000,2,t3,900079,k1,0.05,99,0.006445578685379538,0.013989413000790263,0.012663406667793198,0.012228872407724523,0.011340355739425267,0.011182835571342808,0.010524620909509674,0.010417378344171335,0.01017346891111559,0.010155779906400486,0.010106307560962868,0.009989959908735635,0.009924403824545958,0.0098886023564414,0.00946348039274525,0.009402015492448457,0.009390448452381017,0.009282985491715356,0.009030787153650355,0.00901307441006527,0.00897555529252847
B2_mixture_x,5000,2,t3,900079,k2,0.05,99,0.08251074035287263,0.23674178918190683,0.2261059033805177,0.2142683476924673,0.21082932700162071,0.19040755645690766,0.18704081191569236,0.18473207815365084,0.18348480255138025,0.17591841232368582,0.17455290676972357,0.17170470353390382,0.16492863219640358,0.16334943130843685,0.16309447567633584,0.1615648118777832,0.15895590653695574,0.1573015848944445,0.15097364161787705,0.14812830120730594,0.14530417392159503
B2_mixture_x,5000,2,t3,900079,hsic,0.0,99,0.0007986084613000242,0.004778737943616878,0.003052311232249917,0.0029474160960231265,0.0025964747201065092,0.002502626088499135,0.0022780578694847433,0.0022685803520214464,0.002227560230894976,0.0021998565047003566,0.002160331256489021,0.0021199274257875335,0.0020990795568430073,0.002096463479354506,0.0019089493271396624,0.001791446556141318,0.001789798825803607,0.0016677102063316362,0.0016647237129285778,0.0016574800624934384,0.0016506756083423657
B2_mixture_x,5000,2,t3,900080,k1,0.05,99,0.004322550007805903,0.013661024648728426,0.012947041022180583,0.012523219549767428,0.012240309116147152,0.012190123563949995,0.012000806777874184,0.011547338831131682,0.01130178397336934,0.011136909117593574,0.011011311199114915,0.010992098688255014,0.01093550225279838,0.010860671447865622,0.01030289965014397,0.010302666500664581,0.010235277481730587,0.010135975632795668,0.010133443471066594,0.0100354636878065,0.009976941242818671
B2_mixture_x,5000,2,t3,900080,k2,0.05,99,0.06548788123234241,0.25215924690654495,0.23629766991667295,0.23154208251890954,0.21703448446312917,0.20387296010752273,0.18351678846177966,0.18345946000081273,0.18220553243889376,0.17851382582159386,0.17084064351376635,0.17019027481494015,0.16803878427360472,0.1680116408328534,0.16594599237685131,0.163286523526107,0.161736365827191,0.1555635044094971,0.1503922679035086,0.14340029860097578,0.1433153888745117
B2_mixture_x,5000,2,t3,900080,hsic,0.0,99,0.0007158434616004654,0.0029890894388480715,0.0029755997470453295,0.002942215013028199,0.002877669750636897,0.002794159544862574,0.0026724441996523493,0.0026585382271448466,0.002642299400998371,0.002527681353822202,0.002519901945866378,0.002467002163513219,0.002433935944393827,0.0024291481234241983,0.0023438213413933553,0.0023165898694599805,0.002294170268095499,0.0022852027980655143,0.0022722279775825647,0.002266001561943605,0.002126580622737017
B2_mixture_x,5000,2,t3,900081,k1,0.05,99,0.004227263341015641,0.01460857966623852,0.014337783481746857,0.012019165105000784,0.01168236308356796,0.011672761926158737,0.011523892051230167,0.01113247933210093,0.010866275943272719,0.010849996219460256,0.010573517322735038,0.010567129861867475,0.010346757075544777,0.010340392465612025,0.01033352415323252,0.010013621692312014,0.010006439308122284,0.00996424105084981,0.009864713663138014,0.009524032397906557,0.009299724472764503
B2_mixture_x,5000,2,t3,900081,k2,0.05,99,0.13590073941800387,0.2741451506933386,0.27211197684597,0.25273812779405586,0.2192220240634374,0.21025925604182671,0.20875307846846675,0.2031053972878831,0.20168083933450626,0.1886240352444424,0.18822371408848945,0.1857267124337942,0.18239295555224053,0.18097658900763516,0.17286286162605258,0.16093820150505186,0.15945936612034517,0.1590571350306654,0.15614965603714628,0.1498348287757315,0.1488996939807784
B2_mixture_x,5000,2,t3,900081,hsic,0.0,99,0.00029878775148953706,0.0035877031189172634,0.0035862703813288846,0.0028107694233284243,0.00278472523738782,0.002741384832991225,0.002547729368767432,0.002488098514862739,0.002389687159209212,0.002285085255865736,0.0022828961540133923,0.002167782765707367,0.002143893028398356,0.002123502741180391,0.0020792562867455507,0.0020723187319882136,0.0019345691322871133,0.001875069331565585,0.0018703294427685109,0.0018374444864710177,0.0018060365002374444
B2_mixture_x,5000,2,t3,900082,k1,0.05,99,0.008401848626718111,0.015497719270405774,0.01497812634824347,0.01198989446691745,0.01162744007427774,0.011302879893949402,0.011061113223760577,0.010830319416532785,0.010473739018948658,0.010315172036574283,0.009961662826984519,0.00973911756316781,0.009604735128104447,0.009579836026140098,0.009311939021033888,0.009128744680185763,0.009093685118868877,0.009040895665236803,0.009018869396520524,0.008981034659953258,0.00894483818861136
B2_mixture_x,5000,2,t3,900082,k2,0.05,99,0.132478911646962,0.31332034347911164,0.23821260933721056,0.21255341726344554,0.20371764264969,0.19981691792237286,0.18951397038974543,0.1756723720007347,0.17324331122196407,0.16985285845912312,0.1613843854912734,0.15528787723694382,0.15340039070726405,0.15312419971668145,0.14871267023193321,0.14415466072928632,0.14383007181801485,0.14203136121480509,0.14102550488796006,0.14053426049856463,0.1370929891041189
B2_mixture_x,5000,2,t3,900082,hsic,0.0,99,1.6282111487699885e-05,0.002036644503132649,0.001968718982953547,0.0019355992597034418,0.0019287219350288395,0.001799975083599329,0.0017862287675174456,0.0017594104053695403,0.0016834500599552974,0.0016550417226861927,0.0016330670371746746,0.0015721895845812778,0.0015624734870189365,0.0015226038004905115,0.0015111315155389728,0.0014581717339561542,0.0014458011935852078,0.0013560093975113485,0.0012896947640173885,0.001253303716869857,0.001241385225886439
B2_mixture_x,5000,2,t3,900083,k1,0.05,99,0.004161998843088988,0.014406593736485673,0.013361844691757163,0.013293054481322675,0.012891227636950275,0.012784541126155236,0.01253228437256082,0.012433591971950153,0.01192066393465152,0.011053829287657857,0.010859792322433393,0.010466631397167525,0.01020743656569656,0.010188240433276041,0.010177994807167856,0.010172290741065848,0.01002482555626072,0.009975722005904242,0.009962013428010952,0.009931763349380063,0.009769108711281338
B2_mixture_x,5000,2,t3,900083,k2,0.05,99,0.09213792494018339,0.1994583792512285,0.19611085167969908,0.19346461004832424,0.16590707178329647,0.16575784950281763,0.1633216414410553,0.1628640515804041,0.16065966714498597,0.16064030283684458,0.15847594077564395,0.1530409128050466,0.14773897711044892,0.14773227947837447,0.14764067167880085,0.14561004847802092,0.14235379487858504,0.14123008213097163,0.1402962448438556,0.13585591406158773,0.13497434857531543
B2_mixture_x,5000,2,t3,900083,hsic,0.0,99,5.646533292269993e-05,0.004179084960749779,0.003451934101791103,0.0025426904339151987,0.0023345831594818105,0.0023026030527360567,0.0021975305090232624,0.002085572442872399,0.0020677182255653065,0.0020140673503247415,0.0020130409749412417,0.0019542498291979823,0.0019051033904301676,0.0017617663574561817,0.001736007972186974,0.0016974201199601658,0.0016923444306624468,0.0016423175184814476,0.0016300558171553885,0.0016224755954670825,0.0015601660230557068
B2_mixture_x,5000,2,t3,900084,k1,0.05,99,0.006343801540231175,0.01476878641519963,0.01334392541074969,0.012816637104978157,0.012606396876493786,0.012406115330893419,0.012244684545246964,0.012097124265883608,0.011883678055671698,0.011147301618914751,0.010781092801579129,0.010515809366926754,0.010239517104095985,0.009726252847944261,0.009687258711684188,0.009486725718121702,0.009452033088748202,0.009380567925270866,0.009343755459007341,0.009191582695385558,0.009005443806848978
B2_mixture_x,5000,2,t3,900084,k2,0.05,99,0.14767294295164307,0.3072261970424459,0.2503615405982868,0.246084486065267,0.24605451019067745,0.23436278393739896,0.20816474162973125,0.20409075614983707,0.20336354316930783,0.19687324872798811,0.19264561972727476,0.18366165003623056,0.17711115906396827,0.17627933151081857,0.17453494010690374,0.17186054294103736,0.165007278175621,0.15723697298823977,0.15611761729715,0.1557856497398085,0.15240983611827363
B2_mixture_x,5000,2,t3,900084,hsic,0.0,99,0.0005088751690110518,0.0033834433119536945,0.0030246506131804004,0.002877401139622466,0.002554090547544331,0.002512236919796375,0.0024244418649100896,0.0020323034346006862,0.0018756666888520947,0.001775693936529504,0.001668122837375476,0.0016007009845023263,0.001565258188656635,0.001529951088431159,0.0015195865837230689,0.0014795512521076108,0.001443642983600254,0.0014316257347170094,0.00137214783760168,0.0013690723276858236,0.0012696422022702276
B2_mixture_x,5000,2,t3,900085,k1,0.05,99,0.004458600186547534,0.017267455225581263,0.014709250620052017,0.013886810476235856,0.013374047951529078,0.01133909432844804,0.011219544098901246,0.011192104535451275,0.010868437174831436,0.010491691076829457,0.010441943266405906,0.010338050699895018,0.010211435850667527,0.010176526274035758,0.010067165879728224,0.009906562480081926,0.009757276214575894,0.009506715741464333,0.009465300585021375,0.009461638561450547,0.009303948275846574
B2_mixture_x,5000,2,t3,900085,k2,0.05,99,0.22670887613863766,0.32363463278283444,0.24600357780763124,0.22222276124002174,0.22215915586109397,0.2143670685119367,0.20271735579238565,0.17809562182922492,0.17698518101388624,0.1758423415215726,0.16663446599077675,0.16589994073573172,0.16450574038645452,0.1610950752217571,0.1548819122094891,0.15402231950197828,0.14370401085811713,0.14340819308480476,0.1415630883416917,0.141124123410448,0.14091606144274746
B2_mixture_x,5000,2,t3,900085,hsic,0.0,99,0.001329370033440398,0.0032085300583748846,0.0030959225665710423,0.0030189097498687888,0.0028515104263145707,0.00276005218790829,0.002657251619174128,0.002305930106403327,0.0023042696511960396,0.0022929446027056457,0.0022821965417695856,0.002265132537689077,0.002209319163663588,0.0022053702597891202,0.002189860147845146,0.002153831418889959,0.002146539171642623,0.002109360451445854,0.0021005159942236594,0.002078867822291059,0.0020219290467102377
B2_mixture_x,5000,2,t3,900086,k1,0.05,99,0.006434811455834466,0.012964170344008985,0.01224770667558639,0.012024023453001798,0.011918299902063167,0.011824917831273374,0.011470965959430979,0.01146233682664033,0.011386836262203937,0.011179007072610658,0.011129146400464252,0.01098677404103443,0.01084118748627283,0.010733558018026779,0.0107230587884809,0.010602703281802017,0.010592142534492255,0.010549673165396234,0.010457264266900301,0.010455504538692262,0.010243230173051732
B2_mixture_x,5000,2,t3,900086,k2,0.05,99,0.12207360922841155,0.26560127410246037,0.21026406708308656,0.19494402422192386,0.19362344094350797,0.19010936876442583,0.18873091149334964,0.18360382282542625,0.18344094741882194,0.18053759119348328,0.1755332146799471,0.17306767419688907,0.17099881354153862,0.15582462710669778,0.15013603957819263,0.1487229627873035,0.14575613839182566,0.14123058215693585,0.14116969982100178,0.14007074219634486,0.13816025274470078
B2_mixture_x,5000,2,t3,900086,hsic,0.0,99,0.00030633238791121544,0.0023343328247201647,0.0023245556671842335,0.002143121378516236,0.0021014023069935535,0.0019959756972898427,0.0019853161198183592,0.0019316089436012035,0.0018209153847080998,0.0016677534739660735,0.0015720510395086436,0.001473359338185109,0.0014346806897432953,0.0014143181488958743,0.0013915327768580248,0.0013891127860729694,0.0013407015934645931,0.0012864470868102604,0.0012732462946599956,0.0012664125695822396,0.0011832769295422262
B2_mixture_x,5000,2,t3,900087,k1,0.05,99,0.003007351973583039,0.012508840824096423,0.011645040589959743,0.011308532258717308,0.01109915150908558,0.010906352727458435,0.010599671700960434,0.010393029564565892,0.01034385059866838,0.010256169970291884,0.010018513806250295,0.009796015155956295,0.009762847591936241,0.009551437432230525,0.009365270361245126,0.00928749339785595,0.009083920923625977,0.00897724113024434,0.008976516423771952,0.008919622605929822,0.008914457437767087
B2_mixture_x,5000,2,t3,900087,k2,0.05,99,0.170176981627845,0.30862004038651586,0.24472631446954662,0.24406006304114597,0.22790633034939387,0.20992766656476924,0.20925412047142236,0.19589402964301716,0.18417480601135025,0.1805432407608239,0.179356169269432,0.1784741603586644,0.17708806645470998,0.1756471216734127,0.16935967219208348,0.16652586369237699,0.16582518730512702,0.1553312504317043,0.1503994320904955,0.14965412475872222,0.1469395808892979
B2_mixture_x,5000,2,t3,900087,hsic,0.0,99,2.3663339673348903e-05,0.0036321449487932435,0.0035822433341080057,0.00341320162118039,0.003184224568172519,0.0031104281541183432,0.002923993496832329,0.0028003266937064366,0.002755136592917785,0.0024961563814169495,0.0022651798035192338,0.0022019637793985977,0.002154805681739381,0.002140630336133619,0.0020752133301284786,0.002031409010186784,0.001971447131764404,0.0019676894494035767,0.001879875839555249,0.0018750385153621218,0.0018667024531104565
B2_mixture_x,5000,2,t3,900088,k1,0.05,99,0.01047816103390542,0.015000851695310957,0.01403663629653018,0.013994250893523241,0.01369799788959003,0.012101805819215272,0.011450395931215218,0.011200989703197939,0.010814760089722486,0.010704304001567855,0.010217439604173983,0.009691735964052817,0.009548895230789611,0.009492131962259509,0.009482283863635588,0.009475099011964638,0.009411973965316789,0.009315703876230041,0.009288726980410056,0.009281199316634736,0.009225407530374263
B2_mixture_x,5000,2,t3,900088,k2,0.05,99,0.5562880106416893,0.20332343986649284,0.19756015473196026,0.19705475860903693,0.19377393075784607,0.18345188527234452,0.17689228468277768,0.17106320052530385,0.16624287525937773,0.15990121155874648,0.15496776639120086,0.1508378106392128,0.15058354333215626,0.14820937082871152,0.1467745891681882,0.14407884866328238,0.14293564937097092,0.13909502731617063,0.1377154291708071,0.13756862447826984,0.13315859087813983
B2_mixture_x,5000,2,t3,900088,hsic,0.0,99,0.0007561448524954613,0.0032744895147557925,0.0031090934218440942,0.0029166908793878915,0.0027337512939556562,0.002665535473853279,0.002635952356311558,0.0026112548756771596,0.00259497193403518,0.002586335910977092,0.0025406495328249715,0.0024615320634683593,0.0024378549681745992,0.002428406871543452,0.0024079659994019815,0.002357614490636399,0.0022934136901914186,0.0022859275943982473,0.002235554038986672,0.0022313102363981942,0.002221369161984292
B2_mixture_x,5000,2,t3,900089,k1,0.05,99,0.005325519762070519,0.01982814584021997,0.013470503111517984,0.013339672031593697,0.012924705931283365,0.012412355938925757,0.011936172092013031,0.011220425128078193,0.011068533629458921,0.010952467372934982,0.010926717157069388,0.010461029272348377,0.01035079946591888,0.010245589460475268,0.010189807286880681,0.010132486362956605,0.01012898949880936,0.01001303286490629,0.00990227703842772,0.00966711662298081,0.009646721468210218
B2_mixture_x,5000,2,t3,900089,k2,0.05,99,0.09009165869375334,0.28598171575616627,0.24692010767871367,0.18685848013591494,0.1841149427439488,0.1803848668156062,0.17701885266215625,0.17688364841598803,0.1724355355284385,0.17046711023424468,0.16677348855894072,0.16610080864719992,0.16355508637868207,0.1591765305205892,0.15711954089996547,0.15597512258120264,0.14362157898702468,0.1403284260959935,0.1380577769774681,0.13716236819130306,0.1355632882444256
B2_mixture_x,5000,2,t3,900089,hsic,0.0,99,0.0005972657721611703,0.003742297548894851,0.0032761547520116893,0.0029334641509876887,0.0028594218861126308,0.002598937813939041,0.002573336722567088,0.0024044845956992552,0.0023855035243087984,0.0023754029831360717,0.0023513566727186254,0.002305577706835855,0.0022513651505587746,0.0022473242680860015,0.0022197726807627483,0.0019831622078012937,0.0019068959888537166,0.0019024222261854323,0.001889947896931726,0.001870009929083031,0.0018380297860498686
B2_mixture_x,5000,2,t3,900090,k1,0.05,99,0.0038598135011345125,0.014456943803174083,0.012000828073303604,0.011818049942659892,0.011745444862666266,0.01158841171778513,0.011399134328208271,0.011150441929649868,0.0109752457528548,0.010717525783757398,0.010646432393902172,0.010498787159658796,0.010230556303767124,0.009984387991889276,0.009942303141725284,0.009865119632467056,0.009824697426820905,0.00981661679280077,0.009715227548614758,0.009647857812118854,0.009442754803812181
B2_mixture_x,5000,2,t3,900090,k2,0.05,99,0.05642551450285814,0.26228969245960443,0.24263559925940795,0.22625555828811553,0.22311746878571997,0.20791469728273954,0.19450537546265648,0.19289476379726836,0.18700260700405075,0.18119865350080044,0.1781491563906019,0.17760795857983996,0.1770260821580932,0.1579070828538912,0.1564971838669257,0.1505850570070575,0.1469149097688864,0.14191803381852258,0.13992347281203504,0.13928825079647014,0.1380884818632552
B2_mixture_x,5000,2,t3,900090,hsic,0.0,99,0.0012308759473121057,0.004671649685201403,0.004230629670238463,0.004076746320345692,0.004058869470981599,0.0037150176238803247,0.0033260329202778635,0.003248153378628177,0.0032431883989417587,0.0032350325586820647,0.0031911521356537856,0.0031857616568729697,0.002859544872644372,0.0028316693845272713,0.0026922920732774507,0.0026707926490274238,0.0026422506550553915,0.0025107899054412977,0.002506641442823633,0.0025041426408770407,0.002407094945916126
B2_mixture_x,5000,2,t3,900091,k1,0.05,99,0.004272631992639386,0.013450249539835535,0.01292063693623291,0.012038549262198495,0.011899208987432575,0.011811721484083382,0.011194122893190328,0.010975698068644513,0.010960054306059508,0.010763885409082352,0.010543857995274908,0.01022783292547369,0.010112094694463836,0.01003520541895686,0.010031867721309928,0.010013137492089985,0.00999315138825363,0.009880538866210986,0.009597470663760377,0.009582841083315752,0.009550563893134467
B2_mixture_x,5000,2,t3,900091,k2,0.05,99,0.08566713652114495,0.312299390341591,0.24012757364361306,0.23679490618668933,0.21498460603852726,0.21090795665409154,0.20712428851799705,0.20595111090697218,0.2028707530487526,0.19191360798941817,0.19012286112887355,0.1840593284259166,0.17091743847285984,0.16894224379382816,0.16639578612676575,0.1656653735082449,0.16258252486504293,0.1623499969535849,0.16113077477397025,0.15348141428509726,0.15254447829321285
B2_mixture_x,5000,2,t3,900091,hsic,0.0,99,4.684968211464051e-05,0.0027957333367143906,0.002590643685774033,0.002496086234146134,0.0024910206510677813,0.0018281732630173594,0.001799507379070068,0.0017614203997044367,0.0017521439434847956,0.0017353164262871232,0.0017052561357542334,0.0016293668475863474,0.001565908528090527,0.0015635284938179319,0.0015456265378001913,0.0014524323971990165,0.0014470707311803033,0.001366589347940903,0.0013440979949068215,0.0013435309545942234,0.001342674726217815
B2_mixture_x,5000,2,t3,900092,k1,0.05,99,0.00573811388236245,0.014874429813091172,0.014050349663239481,0.013275670542863272,0.01269415415658448,0.012213339966742676,0.011446342713703817,0.011233618548714519,0.011196197290955112,0.01067457788123971,0.009918356671116846,0.009914418739667918,0.00963506248478696,0.009498146745790859,0.009430371128888781,0.009194065048509281,0.009165387654786694,0.009125130362503286,0.009002958760387259,0.008914388194374179,0.008713049450430277
B2_mixture_x,5000,2,t3,900092,k2,0.05,99,0.1616796022711328,0.28137770955436125,0.2521981489486755,0.2322880075184367,0.20576599503325077,0.1903656264828402,0.18153474724514923,0.17914472581160396,0.1790952995743108,0.17895433747946773,0.1762346217818756,0.1706594881881697,0.1695743172782328,0.16868854329374972,0.16633931453135237,0.1584928006880841,0.15746693812685622,0.14863790300807372,0.1453226076151573,0.14480857492804136,0.14468144820294596
B2_mixture_x,5000,2,t3,900092,hsic,0.0,99,0.0002609359012310731,0.0034328056816708263,0.002880943050033451,0.0025098689564089665,0.002470629642709724,0.0024648493023813303,0.0024555106757083805,0.0022465564849309997,0.0022261461999452123,0.0021971382302718363,0.0021962442396955915,0.0021295302090582682,0.0020203463043515263,0.0019317499257502178,0.001897922759602507,0.0018715062966667161,0.0017233645094602164,0.0016699034005359238,0.0016626960183591067,0.001632276044822307,0.0015979180582129375
B2_mixture_x,5000,2,t3,900093,k1,0.05,99,0.005061244535936926,0.013573921797946809,0.01294707017731822,0.012522614736136028,0.011925611069572795,0.011833810359739405,0.011543414937532415,0.011441911544839312,0.010787049369040735,0.009933275758762794,0.009920219069424085,0.009817494826905526,0.009494782633284182,0.009487426958739165,0.009284908481215215,0.009244981916659012,0.009239186303210078,0.009141936089897329,0.008903512008214376,0.008881373271673376,0.008855825157164543
B2_mixture_x,5000,2,t3,900093,k2,0.05,99,0.113690329231334,0.2613232550953349,0.25221662437026515,0.24179834712942772,0.23644275121842814,0.20920825887076594,0.20022092753012755,0.18647192814573682,0.1848067703154681,0.18142026414486417,0.16490187516912763,0.16473410158022822,0.15867922609084043,0.1515819022993789,0.15130283899427543,0.14503343409657288,0.14494662679440284,0.14031915162772796,0.13972116558925732,0.13668497075441333,0.13477311095935124
B2_mixture_x,5000,2,t3,900093,hsic,0.0,99,0.0012698287041332814,0.002690076913386086,0.0026742004648494353,0.0025252265872227632,0.002398466574232781,0.002396389978791363,0.00224140653030718,0.002210475453244018,0.002187162859134501,0.0021750213705673304,0.0021382163871048123,0.0021302747554321285,0.002067460755817955,0.002065339332677491,0.0020162275466207445,0.0020090145712901982,0.002002869308898615,0.0019987012655243294,0.00199772243260175,0.0019647758330388447,0.0018405293376511946
B2_mixture_x,5000,2,t3,900094,k1,0.05,99,0.005517690144623333,0.01315247692651933,0.01204869052181401,0.011829346093629733,0.011478359889390832,0.011276683979581037,0.01105582289753626,0.010833878958678045,0.010298428615881372,0.010173535796957012,0.010158616257263775,0.010110896919121926,0.00989796198412296,0.009748584321989662,0.009710364730314391,0.009400942668500223,0.009389984714618382,0.009331242353143754,0.009186300739604913,0.009102629318633704,0.009077793476236051
B2_mixture_x,5000,2,t3,900094,k2,0.05,99,0.12110695104052993,0.33675731399545755,0.3162883387967124,0.24714630083975406,0.23828608279954025,0.23426020911937748,0.22032405853988643,0.21699073742193878,0.1922337719452463,0.18117028737348606,0.17841796246260827,0.17570788877108637,0.16758572570414768,0.1661159325251916,0.1604569118126386,0.15634229134066685,0.15587746480443654,0.15402012572978585,0.15366267993980084,0.1368264951375989,0.13453865383561847
B2_mixture_x,5000,2,t3,900094,hsic,0.0,99,5.760531520694556e-06,0.001937836408185991,0.0018277925515153342,0.001773632378941126,0.0017303396811558698,0.0017251522174110143,0.0016349174369245589,0.0016293243502205194,0.0016179449404916497,0.0015633812432340561,0.0014812559985258155,0.001389146231649288,0.0013861629154928886,0.0013482004000677495,0.0013469735821677817,0.0013374470223223042,0.0013360172342951567,0.0012850973082821628,0.0012543024320971834,0.0012542846546932556,0.0012293306929603198
B2_mixture_x,5000,2,t3,900095,k1,0.05,99,0.00576199544351319,0.014053684627941099,0.013901072534977299,0.013162171281895896,0.0125484715291303,0.012080672578018037,0.01168439262549259,0.011367998299657622,0.011172569659005926,0.011142628521837117,0.010519308838267682,0.010474457085764666,0.010410831664300013,0.010106878515938056,0.009979510346641685,0.009973507654430613,0.009772820936248983,0.009770744032974621,0.00975981303699125,0.009717445121967705,0.009701637987195144
B2_mixture_x,5000,2,t3,900095,k2,0.05,99,0.10966873246805116,0.31854184064780267,0.23468711666397268,0.21094923153285328,0.20302421623003197,0.19745213748562998,0.1901190041625118,0.18551914497089617,0.1819101503898468,0.17513903829828942,0.16830161364491103,0.16507185474339234,0.16197740987078468,0.16016056500651724,0.15621353605563418,0.1561237742434851,0.15087295461150982,0.14673588483987005,0.14501189785355703,0.14463088890258274,0.14047518593298672
B2_mixture_x,5000,2,t3,900095,hsic,0.0,99,0.0003739926386096908,0.003092833178176502,0.00273725304260682,0.0026581166670463247,0.0023915420085806873,0.002087002060455576,0.00197214353565674,0.0019252909615533889,0.001842941261824717,0.0017585040048545195,0.0017260046728376605,0.0016985934683202,0.0016868305661346475,0.0016639102090026284,0.0016360431807697846,0.0015899576691154262,0.0015384305058017207,0.001509704601654046,0.0015008607445408492,0.0014329537708448505,0.0014294266974094914
B2_mixture_x,5000,2,t3,900096,k1,0.05,99,0.003070139044165421,0.0150887148531611,0.014405063284392061,0.014081028693845643,0.013555330961450895,0.012555977929188833,0.01246962202226709,0.012366962999701192,0.011776932795708461,0.011478253399033744,0.011290223591854054,0.010296294580409038,0.010283412283753623,0.010247169691633418,0.01018765986581227,0.00997959741279797,0.009926006049648106,0.009885603248891317,0.00979205136472816,0.009599895360695943,0.009105701137381628
B2_mixture_x,5000,2,t3,900096,k2,0.05,99,0.11670058465657353,0.23947654133252333,0.21570136338846502,0.1949261064281775,0.19480039615535918,0.1924715008662723,0.1740707671181567,0.16400883650500592,0.16361089553448513,0.15852344164595222,0.15357576787749108,0.1523709917181624,0.14706051012459864,0.14628451180128366,0.14397699079471246,0.14084101629636303,0.1349218010182928,0.13167144129871058,0.12940118037963158,0.12865763719390852,0.12860580362101404
B2_mixture_x,5000,2,t3,900096,hsic,0.0,99,0.0002939681940742207,0.0022604828193391008,0.001967778077972556,0.0019215843127073644,0.0019058487797433425,0.0018847803628653519,0.0017612584152905569,0.0017605544351866186,0.0016555960462482922,0.0014788017388285386,0.0014340136000237798,0.001416508825182055,0.00134893507919352,0.0013358093556250278,0.0012879300321390389,0.0012791335365235725,0.0012645992874838637,0.0012202106907735037,0.0012146405435668113,0.0011821170399595687,0.0011738560015837273
B2_mixture_x,5000,2,t3,900097,k1,0.05,99,0.0027819975588858625,0.014088815034975166,0.01241082586287856,0.012185812875341484,0.011520793507001414,0.01144353602674364,0.011070236767917074,0.011039494775468617,0.01087492150784064,0.010746740706739977,0.01070079689640624,0.010686049875500592,0.010488629333862964,0.009998741455565896,0.0098284655148978,0.009810410622976162,0.009542346858485762,0.009478904110785114,0.009430808908828858,0.009371670824860345,0.009329804560635924
B2_mixture_x,5000,2,t3,900097,k2,0.05,99,0.0668468435993651,0.2733632912267142,0.25775241621511386,0.22735151864912878,0.20531430045391205,0.2005833872136468,0.18875977585549272,0.18756793999755944,0.1781676940914376,0.17177687413719098,0.1568082396203792,0.1531693860385889,0.15246247366833957,0.14997955265532414,0.1480948922104882,0.14682539333283973,0.1414246369239309,0.13977788248332537,0.13868100418294685,0.13810561559339282,0.13672365140406398
B2_mixture_x,5000,2,t3,900097,hsic,0.0,99,2.164949414595918e-05,0.0031612746539544925,0.0023835791944634708,0.0023600992268459657,0.002153188134363406,0.002048354343259784,0.0019289288936968432,0.0019101853614357275,0.0018917024927566316,0.0018480838373626594,0.001711655156324344,0.0016824865543075068,0.0016048756156695043,0.0015953262756428128,0.0015634360136479195,0.0015368318746817725,0.0015290460268281667,0.0014911270266970106,0.001479423556375536,0.001424117360013656,0.00140542360336998
B2_mixture_x,5000,2,t3,900098,k1,0.05,99,0.005269109022086438,0.01597333672355772,0.01579012181150552,0.012057156422774051,0.011967079095201782,0.011099582544441544,0.010501393799415837,0.010247483885460484,0.010231271791975027,0.009982859168968794,0.009913448682966397,0.009850806963417669,0.00961574644683616,0.009524269459315504,0.009403769666189388,0.0091064641831069,0.009069598348017238,0.00904971945689037,0.00897148998590136,0.008957740856655239,0.008763305492275886
B2_mixture_x,5000,2,t3,900098,k2,0.05,99,0.12703636800531407,0.23407161248295438,0.20188791614619717,0.19363758517807253,0.17348820990656083,0.16889749178385366,0.1675558781673931,0.162162456646475,0.1497996159726567,0.1463599998104868,0.14547843245793893,0.14377394278850233,0.1432568778710241,0.14181456438234052,0.13940647326362537,0.13784982091028525,0.13778023407116718,0.13700573325394855,0.13401324506132747,0.13293593096313724,0.12965685037433167
B2_mixture_x,5000,2,t3,900098,hsic,0.0,99,4.695076886749978e-05,0.003077380618306588,0.002835861049331522,0.0025172408541968257,0.0023590780492753417,0.002201742363727839,0.0020518122488117543,0.0019666289060542236,0.0019519216831380725,0.0018252846794397808,0.0017384905907068795,0.0015818370233282345,0.0015475747245358494,0.0014734083910014554,0.001460048076062998,0.0014316393955556784,0.0013827391592218026,0.0013260314329360426,0.0013082650383735364,0.0012977051578376632,0.0012743945036460208
B2_mixture_x,5000,2,t3,900099,k1,0.05,99,0.0044662326903063265,0.015610171421798325,0.013924200228159767,0.013811475659468386,0.01309723952774644,0.01278701439495944,0.0126410353706351,0.01212456105380244,0.011554969970941631,0.011324466436631542,0.011296287016312023,0.011251290037495254,0.011223944293235477,0.011166008184652854,0.010882247477051465,0.010761124583622661,0.010672912171434068,0.010668775099242245,0.010621070718660364,0.010548179101637745,0.010458536234288607
B2_mixture_x,5000,2,t3,900099,k2,0.05,99,0.11544437555749178,0.24618461039887718,0.2377948090447667,0.22100993141446995,0.21256063878604056,0.1841655445770801,0.18089834792437218,0.17507832347108992,0.16985508290102233,0.1692970550223157,0.16868896018902568,0.1632295015828231,0.1539644189883007,0.15060972312076162,0.14980857263741604,0.14895050057408812,0.1413695992721402,0.13998671069135848,0.13842430761868466,0.13793926401662168,0.13585417377883052
B2_mixture_x,5000,2,t3,900099,hsic,0.0,99,0.000563726617657724,0.003531704287049085,0.002769954454957581,0.002505693189829207,0.0024764327927690884,0.0024732244091691135,0.0024409304191668774,0.0024043809420320355,0.0023298459783683495,0.0023188447839773067,0.002257960638224534,0.002249891908483518,0.0021901371489886066,0.0021888866960692132,0.0021306174957129507,0.0020272269118598836,0.0018090477444711163,0.0017444527220946149,0.0017285038310245256,0.0016312902152933635,0.0015584303502577594
B2_mixture_x,5000,2,t3,900100,k1,0.05,99,0.004785158279402402,0.014509990321107558,0.013729777720553837,0.012371306843385943,0.011206093163651842,0.011155833334643983,0.010883879936123386,0.01068972537955426,0.010649532419542362,0.01051094454465229,0.010346752241810364,0.010124647804590103,0.01002905220765915,0.009965855426934844,0.00988808194133306,0.009844768311836227,0.009748550098436337,0.009486724149401327,0.009141049204728136,0.009090333529346295,0.008888415129561622
B2_mixture_x,5000,2,t3,900100,k2,0.05,99,0.07050351496680278,0.2980374741391604,0.2808722952660384,0.2789569582769757,0.2674068676608401,0.24305158672208652,0.23329507531685323,0.20279246973795356,0.20258162209452826,0.2000754749189793,0.19949909103363309,0.1920521412152074,0.1896003213188687,0.18490280742785084,0.1757495602413692,0.17355995053485243,0.17122403034785358,0.16555577546981995,0.16269454525445357,0.15932486723937167,0.1592132402962094
B2_mixture_x,5000,2,t3,900100,hsic,0.0,99,0.0008905216368302202,0.002343191083105255,0.002126326469339209,0.0021262075406130107,0.002076078796613665,0.0019980143733525167,0.0019663886821102827,0.0018287184293071079,0.0018279452388662537,0.0017737480692476587,0.0017223137900913513,0.0016497939087715076,0.0015845451908532637,0.0015786363139880584,0.0014883156489967715,0.0014629035263228776,0.0014384348793021352,0.0014291256341057014,0.0013882186662125112,0.0013833439038989973,0.0013828463103827396
B2_mixture_x,5000,2,t3,900101,k1,0.05,99,0.00758780613770027,0.01322437401681853,0.0122023349200161,0.012105261646746635,0.011779020915678173,0.010399809587868014,0.010077283158762773,0.009828914477387096,0.0098212664151891,0.009692297966357732,0.009673742772264848,0.00959700159454635,0.009543948138183267,0.009453735908067529,0.009388664469610397,0.009024946084276286,0.008991017550640579,0.008960481724155311,0.008747692167725751,0.008668617189034666,0.008600539193457823
B2_mixture_x,5000,2,t3,900101,k2,0.05,99,0.1117943558582006,0.43124615076636347,0.26172581560875324,0.25289457784688496,0.2281093747422036,0.2112461507821121,0.19142937381748765,0.19103173803970186,0.1881020129361501,0.18238543010415956,0.17639682676646434,0.17418728030291608,0.17041620552760295,0.16819824067200478,0.1641249620933688,0.16280086492037366,0.16123017125929154,0.16056612735822576,0.15750425965181536,0.15386291340207053,0.14880195465876583
B2_mixture_x,5000,2,t3,900101,hsic,0.0,99,0.001694838649290979,0.00775680136683558,0.006167626104984416,0.0049283775335143614,0.004445214981530802,0.003913390917298286,0.003879659286856884,0.0038720187892821683,0.0037261221009249807,0.003690055196398592,0.003687594185518454,0.0035959470700588623,0.0034906518263292975,0.003444336093443683,0.003354618354775451,0.0031565737372578266,0.0031392373961785795,0.00311289920985884,0.0031084853881139475,0.0031075357078730777,0.0030921618356406677
B2_mixture_x,5000,2,t3,900102,k1,0.05,99,0.004421042672392517,0.016339228198468336,0.013953047474600133,0.012719931879334845,0.012549200057866639,0.012466052502221214,0.012416161377228563,0.012247885470791364,0.012089879200447573,0.012011573814338039,0.011323445611253424,0.010582031446385143,0.010576867871404216,0.01051426771100461,0.010305616087920355,0.010128362656195766,0.009735719495036044,0.009735222057073223,0.009689897222450061,0.00953077991167961,0.009465078958109552
B2_mixture_x,5000,2,t3,900102,k2,0.05,99,0.16054170701454037,0.29768383271025556,0.26251976970185503,0.2551153938871957,0.21272682251425598,0.20312142235515646,0.1740342240079737,0.16799669497304848,0.1655286628318434,0.16391387166007954,0.16193104314759743,0.156669723059294,0.15554549115132185,0.15189978214193428,0.15095176873794017,0.15069279454246093,0.13883247907317076,0.13785608080822695,0.1370475942995403,0.13548788321850866,0.13406216929100814
B2_mixture_x,5000,2,t3,900102,hsic,0.0,99,0.002028606527869645,0.005647446028286733,0.004207521624210446,0.004161916776020007,0.004113718735959665,0.003911432539450825,0.00388603168411484,0.0038808798792474954,0.003615770584239531,0.0035900246303005767,0.0034702340897747,0.0032870880131967914,0.003103756195594157,0.0031011543822793528,0.0030622766010964665,0.002997107503811504,0.0029806994024463005,0.0029615947819869193,0.0029372261272083322,0.0029126771696298868,0.0028938883438825156
B2_mixture_x,5000,2,t3,900103,k1,0.05,99,0.0038411559050801625,0.013907718988896534,0.012353237414594265,0.012326404195117324,0.011792277525506267,0.011282859295544845,0.011128438781246697,0.01092700587965012,0.010900849302020732,0.010875911447677411,0.01044558144420138,0.009793224304894266,0.00978179437733373,0.009766245545214103,0.0094813214713112,0.009250064951211168,0.009243269681755373,0.009226444445888049,0.009214539412253142,0.009131016663362468,0.008829984685427394
B2_mixture_x,5000,2,t3,900103,k2,0.05,99,0.08567067487148143,0.282495001079923,0.25598730040066936,0.2308237147159584,0.22520658116603376,0.2097789937527552,0.20564712579023187,0.2033648281384879,0.18616290841157043,0.1810613329174375,0.16468626544495565,0.16026293511422338,0.1594247760079012,0.15930287559014292,0.15711532338376927,0.15643721520255938,0.15623654733283202,0.15355186638210302,0.15130168503424085,0.14471416496393988,0.14432110797923967
B2_mixture_x,5000,2,t3,900103,hsic,0.0,99,0.0005619356704304023,0.002866338602398239,0.002461547915506354,0.002414931651009152,0.002400979086926247,0.0023031194029018245,0.002240850837754023,0.0022288986056166757,0.00214754684757982,0.0021406160074673016,0.002108540394186498,0.002053538323229137,0.0020493993161955757,0.002046112695578945,0.0020456803163228033,0.0019281955684860889,0.0019035258007381738,0.0018510807079021297,0.0018452069514077352,0.0018353832674189753,0.0018342947665613409
B2_mixture_x,5000,2,t3,900104,k1,0.05,99,0.007263787951602763,0.017592492655515213,0.012610763342935871,0.0123285934013464,0.012319590949925074,0.012218284251046319,0.012068505481701242,0.011506723054148349,0.010910094925263292,0.01089202286037505,0.010750089962336173,0.01073413755131225,0.010333168229088696,0.010235720755621625,0.01020508453961222,0.010141279533489533,0.010069536525585954,0.010067056163343913,0.009928274465099585,0.00959054938312276,0.009552624746994698
B2_mixture_x,5000,2,t3,900104,k2,0.05,99,0.3362244705152612,0.34761388901146756,0.25484541538649513,0.22386281157760315,0.22273165149565427,0.21523364889646882,0.20887065294039456,0.19980873251062975,0.19655720484571534,0.19353723860852748,0.1852704981905296,0.18450630728124112,0.18286177233675383,0.17663831212306888,0.17229948223283117,0.16481952750793702,0.16330380868483263,0.16285347084576193,0.15947497435682523,0.1577529089561677,0.15078366062032542
B2_mixture_x,5000,2,t3,900104,hsic,0.0,99,2.474344371274473e-06,0.0033183185535185914,0.002568157109111221,0.0025218791192685407,0.0024103237870201385,0.0023800402899496007,0.0021593187776806433,0.002116647730757762,0.001915167347754568,0.0018470000615293635,0.0018183926231714444,0.0017479713636450167,0.0016889578837600585,0.0016856414041346063,0.0016838906421251239,0.001635873050295124,0.0016356149229908748,0.0016087090580176933,0.0015443601165057925,0.0014919245355587709,0.0014746796233590501
B2_mixture_x,5000,2,t3,900105,k1,0.05,99,0.003650184315541649,0.015622090262728094,0.012864157301301082,0.012306266000003063,0.011668709278409906,0.011664381906908439,0.011265706020232802,0.010613165385124579,0.01021817056828811,0.009819598255263795,0.009775594090917106,0.009622071906354779,0.00954664178977005,0.009380231336380884,0.00937408371751225,0.00934537829647275,0.009082346341539371,0.008944749974334365,0.008943077335283767,0.008942828857060658,0.008939217822134693
B2_mixture_x,5000,2,t3,900105,k2,0.05,99,0.10499749057137214,0.2614947425279519,0.24144428878092206,0.20370303385891236,0.20238177422395875,0.1929279506314162,0.17833211317557002,0.1755278807382069,0.1734402456650268,0.17124729054814525,0.14702392178393744,0.14502274955060193,0.13879533859923907,0.13660368835284117,0.13645668848532158,0.13490561145809538,0.13182852985619326,0.1316940813680308,0.13044390424949162,0.1280010586225515,0.12691593388868272
B2_mixture_x,5000,2,t3,900105,hsic,0.0,99,0.0007268202979605348,0.0027938586393075897,0.0025584236579652454,0.001991492599098632,0.0019110878503583411,0.0018349694321727278,0.001804640892769019,0.0017688416518489873,0.0017405689092441817,0.0016893782203645821,0.0016758011556698425,0.0016491114231669008,0.001630781128666888,0.0015242145892044134,0.0013831798022992945,0.001367861595611959,0.0013531918299145669,0.001338330544692981,0.0013100934831609366,0.0013098070727700693,0.0012910410206178743
B2_mixture_x,5000,2,t3,900106,k1,0.05,99,0.004227480202741329,0.015101627644733218,0.014979506822605737,0.013735525066247645,0.0134538437499101,0.012778818373991419,0.012366198251398508,0.011967242128531175,0.011942625276765373,0.01143642610956519,0.011060071278307881,0.01056953209917999,0.010400183960819431,0.010301505397827593,0.010197527321140099,0.01015797136261043,0.010028819358887331,0.009929076777196566,0.009790543247380268,0.00964514083291923,0.009470740337226058
B2_mixture_x,5000,2,t3,900106,k2,0.05,99,0.06135568885574549,0.26487476712790753,0.2551031617614626,0.2400709776473927,0.23382477231212287,0.22671464407948075,0.19353668103900823,0.19087583723792875,0.18767024411003358,0.18512577576072808,0.18227051472591024,0.1749349722848502,0.17143432086719837,0.1687659527434635,0.1611415183931297,0.15651132937788403,0.14539255435246262,0.1438858470385287,0.14038872718569415,0.13765358110064352,0.13443480970294658
B2_mixture_x,5000,2,t3,900106,hsic,0.0,99,7.642390038326897e-06,0.002573572528603677,0.0025128211581920087,0.0023182039965098326,0.002135516106219486,0.0020354932252343956,0.0019003999056429709,0.001849287341140708,0.001781595052937433,0.0017150483523049602,0.0016515104498103469,0.0016199854869725378,0.001553460205214967,0.0014536259688453933,0.001242382667607284,0.001181738691735757,0.001144253126132972,0.0011129918582758042,0.0011070531045509425,0.0010749952901712551,0.0010604859639042018
B2_mixture_x,5000,2,t3,900107,k1,0.05,99,0.007366074858299765,0.01577042282154395,0.015048174877860587,0.013935905848402985,0.013185952841334836,0.011810604737553021,0.011685045175307107,0.011299084250350644,0.011272165407269052,0.011063123793229712,0.01069090748454915,0.010628753653432299,0.01050216011117433,0.010398361045062421,0.010223126274613858,0.010072201748817622,0.009974204982384327,0.009949390318816587,0.009819330782361635,0.009720493587782375,0.009653289574218293
B2_mixture_x,5000,2,t3,900107,k2,0.05,99,0.11986430405641145,0.2770410256887433,0.2643928172538885,0.2624199817302978,0.2288481055665314,0.21982294718012693,0.217864263987575,0.19949929920361123,0.1911563430985755,0.18623054427817018,0.18500649346229092,0.1848885424406324,0.1833478713943261,0.17746123091068983,0.17140567686452887,0.16867907765624282,0.1620619930225207,0.1606892366390453,0.16057509668295505,0.15370106352787488,0.15148513675280073
B2_mixture_x,5000,2,t3,900107,hsic,0.0,99,0.002043071085170899,0.0048232304611294085,0.004700096021233455,0.004512221925255162,0.004480473128866557,0.004401950092309801,0.0042054069312868776,0.004134129787298005,0.004105124242596523,0.004002485732220778,0.0038399265844758263,0.0036784369446115463,0.0035501101088927568,0.003458493454615367,0.003414001789243845,0.003392125890980936,0.003380154476060332,0.0033011715629384596,0.003272440827323217,0.003267918825960706,0.0032676299973900696
B2_mixture_x,5000,2,t3,900108,k1,0.05,99,0.008058528213202965,0.01584046245482096,0.014394099552991535,0.013383536372946425,0.012818154643316482,0.012618489577865266,0.012608088400459239,0.012363968071331222,0.011501704074185826,0.011292114469430237,0.010561588975516845,0.010549500183691274,0.0100269432067005,0.009912476860881925,0.009884274731472686,0.009580261258442357,0.009310252561021248,0.009279146172140429,0.00922669780848584,0.009113643204219368,0.009055813828086956
B2_mixture_x,5000,2,t3,900108,k2,0.05,99,0.2689637258625906,0.28560340338614,0.2832511410394122,0.21708145793947597,0.20484461156833397,0.20435747033872836,0.20141866103771675,0.18080548688906342,0.17952143275767038,0.17769765807493715,0.1772301356666084,0.17462032619519652,0.17162839095386398,0.1713242281016811,0.16688661206888705,0.16410549334193167,0.16404031252187207,0.15848949121418046,0.15356247397063627,0.15322647268685322,0.1531009600773187
B2_mixture_x,5000,2,t3,900108,hsic,0.0,99,0.0004526064260296904,0.0023188878781559914,0.0022160273560850358,0.001996504585930767,0.001971817737136527,0.0019161403390069488,0.0017744234021397482,0.0015798994967110573,0.0015006711615889233,0.0014970779108832524,0.001470450343217727,0.001420601236326555,0.0014096922702341455,0.0013597244536948906,0.0013268563186687712,0.0013262456067971993,0.0012706335014346934,0.0012542306295954188,0.001234851488405464,0.0012134471578883396,0.0012030117858736716
B2_mixture_x,5000,2,t3,900109,k1,0.05,99,0.0028856523447453597,0.013155414280166533,0.012925145615293343,0.012339196746998793,0.012079033052817212,0.011148185441100189,0.01089530906485614,0.010885805216774735,0.010637927374715361,0.010512476888091205,0.010459216755258738,0.010308658793255043,0.010242554215688426,0.009978868390492224,0.009502789177873283,0.0092066564617862,0.00910943868741887,0.008880530794876162,0.0088570800512352,0.008829061727907095,0.008714649642575178
B2_mixture_x,5000,2,t3,900109,k2,0.05,99,0.07259403887863344,0.31920742104215455,0.3161788303720509,0.24339379971460817,0.24323093037080654,0.22639590540797963,0.21490235656064524,0.19291460543450822,0.1919420841341442,0.18376011845539653,0.1775889763159576,0.17032360674479435,0.1551334806785115,0.1482908466555073,0.14195952582284432,0.1398240785509658,0.13944671211007234,0.1375765268809836,0.1368813224016143,0.1353730599850048,0.13437297487528835
B2_mixture_x,5000,2,t3,900109,hsic,0.0,99,6.356224533007966e-05,0.0024423477548009592,0.0023318293587134423,0.002115226478757335,0.0019610279209089335,0.0016860329963097403,0.0016764842218441511,0.001608942459552015,0.0014946230706871086,0.001437253808401357,0.0013449645302661697,0.0013398271302340137,0.001333064493366979,0.001328496033902672,0.001327720262467413,0.0013236957809307436,0.0013011024572481338,0.0013002498320179147,0.0012877562080036982,0.001283856915022314,0.0012654651380170929
B2_mixture_x,5000,2,t3,900110,k1,0.05,99,0.005872810453348309,0.014090372996456213,0.01361649491930661,0.013437634760271044,0.012110387254976596,0.01198281129962564,0.011625001659410716,0.011091885436785853,0.010924529472581046,0.010775743055870812,0.010509231850250322,0.010310703501814511,0.01029657589876598,0.010229488748742077,0.009997656890780138,0.009822854813910431,0.009794106377564948,0.009746812387656845,0.00969027152011992,0.009689977594659616,0.009574170760492384
B2_mixture_x,5000,2,t3,900110,k2,0.05,99,0.14868298391604445,0.2606067317394991,0.242288385336383,0.24054925370196167,0.23143551994158867,0.2241664219585428,0.21491879593438118,0.20877158424151154,0.1949444581403686,0.18647977294611076,0.18172569490282206,0.17920606180759055,0.17427252092667375,0.17318437818385474,0.16808411800705716,0.16602768687179165,0.162107675262264,0.1595243139272778,0.14881387373353094,0.1473708095490646,0.14463667501010302
B2_mixture_x,5000,2,t3,900110,hsic,0.0,99,0.0007836810031056993,0.004002293796278236,0.003418593398346564,0.0033127187504602505,0.0032898686497269338,0.0029814818832136773,0.002827682319398683,0.002645988520963747,0.002499072054509127,0.0024760433943374644,0.002453172042752022,0.002307898013255817,0.002292373066253739,0.0022902901480996996,0.002247500814784069,0.002196002456430246,0.002194956503404309,0.0021677569466250464,0.002096238098595745,0.002078456508453312,0.0020714535461272285
B2_mixture_x,5000,2,t3,900111,k1,0.05,99,0.006604871347881014,0.018543090874729495,0.013494842590780931,0.013488924752770637,0.013066847454340058,0.012255997389473583,0.012085246349785472,0.012054617913428434,0.01113063192689312,0.010997116375317861,0.010618254933068005,0.010300274349188676,0.010159126992085765,0.00994808607683828,0.00987101604038354,0.009550235609389612,0.009485472855483734,0.009319758671544442,0.009290904641194642,0.009032985478878763,0.008701434643521022
B2_mixture_x,5000,2,t3,900111,k2,0.05,99,0.0961393918440101,0.31965181954472105,0.24813312365480267,0.23122278123410894,0.22813795118504604,0.22719708332646726,0.21521652455878112,0.20236063693160503,0.20131818247608857,0.19119012070881017,0.18341288002289965,0.18210136042121342,0.18144208104700416,0.17741142373140187,0.16590139919220664,0.1656358411265174,0.16231490563664672,0.1615676406052548,0.1514459806379254,0.15115028369056605,0.15054654299231363
B2_mixture_x,5000,2,t3,900111,hsic,0.0,99,0.0008716476423313585,0.003079534756676157,0.002941303799137927,0.0029274579649990295,0.002873835123401063,0.002751508703153756,0.002704206732577618,0.0027018853979804964,0.0025951245774196146,0.0025164369019096684,0.0025052271385392387,0.002480731986956506,0.0023258039249938007,0.002238066348825953,0.002224599291815723,0.0022110366691900146,0.00214855339440936,0.002084977649241808,0.0020326156490583502,0.0018475526730253634,0.0017732912820080707
B2_mixture_x,5000,2,t3,900112,k1,0.05,99,0.0049162315816174695,0.01682923243970358,0.013186133287166335,0.012923231051746864,0.012727924736536833,0.012577034448789437,0.01221760113938708,0.01193971630794266,0.011720480329679761,0.011648735584070646,0.011207807142303627,0.01100607673058518,0.010680726666575269,0.010626217450783626,0.010335601012123163,0.009934433766654593,0.00967354497782602,0.009600888087269777,0.009516787737260946,0.00946988291627926,0.009310006049564779
B2_mixture_x,5000,2,t3,900112,k2,0.05,99,0.06978570058805054,0.2557309235757626,0.23067755497482362,0.21852253669485158,0.21115051476180235,0.20517426280290832,0.20290115507075546,0.20214490772685786,0.19823844737390894,0.1943352033584087,0.19220755835622627,0.18391990019625828,0.18354493903426325,0.17288119442780636,0.17075567656950566,0.16232159495901521,0.15949160679339638,0.15878104777925756,0.15271541892017235,0.14749283374372799,0.14218828679963927
B2_mixture_x,5000,2,t3,900112,hsic,0.0,99,8.910688717026567e-05,0.0037690391418005193,0.00290232316018031,0.002133372952423022,0.0020725836347035747,0.00207205560496369,0.001936163189787145,0.0018904054978981875,0.0017617029584797053,0.001657437841590034,0.0016271628090835399,0.0016229317888416788,0.0015304251300588005,0.0015012498796366956,0.0014854986261140187,0.001479830466800597,0.0014512180856788217,0.0014237994363942971,0.001406879446176761,0.0013665040896301349,0.001335310279886942
B2_mixture_x,5000,2,t3,900113,k1,0.05,99,0.006329315395038004,0.01344615691190909,0.012485098241922454,0.012242260419066064,0.01124183493270714,0.01091072524081338,0.010840689651342439,0.010790717607476075,0.010573401768224855,0.010204879146945789,0.010033225023727166,0.009890646246476176,0.009583357993326658,0.009479512203653395,0.009381683254035544,0.009184825014551312,0.009146614777805762,0.009048810252915152,0.008656165343104316,0.008568558337305632,0.008562553747961443
B2_mixture_x,5000,2,t3,900113,k2,0.05,99,0.0771629988594058,0.2878317664422603,0.20501592443889946,0.20231999174960832,0.19484056477198006,0.19429351608993434,0.18998356750387518,0.18065052157720815,0.17985732876000618,0.17759819470136345,0.17735001658323826,0.17370168420867774,0.16848675552902648,0.1680620277655867,0.16633020677009674,0.15852994428043804,0.15767424872414873,0.14920595219049265,0.13815576625223594,0.13722378482063008,0.13568877983820618
B2_mixture_x,5000,2,t3,900113,hsic,0.0,99,0.0020669961374080704,0.0036907582841138008,0.0034403749593910106,0.0033935703409094706,0.0031731223502815013,0.0031097273623687193,0.003102206513456872,0.0029793277941325023,0.0029466047723514023,0.0029151709953686698,0.0029100990288365397,0.0028543948299606984,0.0027205780578264736,0.002690099390422803,0.0026624037225596716,0.0026109226473123043,0.0025963067057009803,0.0025244702815195746,0.002520598240369491,0.002480688326022493,0.002421334966018372
B2_mixture_x,5000,2,t3,900114,k1,0.05,99,0.0067550170453932745,0.01226494149311641,0.011978276557469192,0.011301277083094696,0.011262582652925124,0.011051115483693197,0.011036085032897991,0.010882232851153306,0.010552218843989492,0.010175371564937197,0.010138610317264596,0.010094140902987436,0.010076832312341133,0.010030721360090089,0.009975503860260693,0.009906777925125954,0.009554938640285449,0.009328894002901822,0.009311462883201282,0.009278370389469326,0.009113326626691842
B2_mixture_x,5000,2,t3,900114,k2,0.05,99,0.09500411941888788,0.26050361258110555,0.2298293180815993,0.2209935154905935,0.20840726513406363,0.20447277072779027,0.1989660655767086,0.18508521270984665,0.1805056338023773,0.17770955245513165,0.17485402112407453,0.17207061049684252,0.16759602770770582,0.1640314439212608,0.16358874483720345,0.16342385238888973,0.1629396712342091,0.16271158022428678,0.15890948885391984,0.1536082510867881,0.15236268358636398
B2_mixture_x,5000,2,t3,900114,hsic,0.0,99,0.00034867501062427555,0.002695645098451808,0.0024481926465307366,0.0021381766607210724,0.00209254160692677,0.002020521443715426,0.0019486724014563584,0.001856217229149948,0.0017591261775843617,0.0017541144890332251,0.001640967222235117,0.0015625064577661104,0.0015514743035831696,0.0015255787390464608,0.00147869325876231,0.0013954965740863906,0.0013946776989300308,0.0013303488712448153,0.0013180168288853518,0.0012968030474727775,0.0012001169451899035
B2_mixture_x,5000,2,t3,900115,k1,0.05,99,0.0062557209283217174,0.01375611190651449,0.013177948660831218,0.012916376242242844,0.011877449738966428,0.011443418988600795,0.011422337826389573,0.011209097763387188,0.011136783698594721,0.01108989299992058,0.010852694103886895,0.010808135754913795,0.010777077290415882,0.010730366312609707,0.01050326506667909,0.010188326121563507,0.009957719542972976,0.009937694099954819,0.009646022081722716,0.009622469238504627,0.009571424517680449
B2_mixture_x,5000,2,t3,900115,k2,0.05,99,0.13371828678751482,0.3070932164846046,0.22962625395222294,0.22340171579104218,0.18929772037324874,0.17759595998374822,0.17232902242364073,0.16819105162661613,0.16574932567273154,0.164219402358572,0.16395674082308379,0.1621125888309631,0.1610026499268906,0.1608593291087768,0.15597063046281773,0.15504940313826165,0.15263994697984956,0.14649960570955617,0.14351496072249825,0.14121290052443752,0.1354498425248642
B2_mixture_x,5000,2,t3,900115,hsic,0.0,99,0.0002415692550197325,0.0025964392075553612,0.0025359458466710466,0.0023682944317654467,0.0022081749005168874,0.002110474476698687,0.002035410159911754,0.001919066085574475,0.0018059322719376802,0.001705852618833035,0.0016941470971720484,0.0016274904386262932,0.0016248393893082622,0.0014998640771969331,0.0014741821758375317,0.0014274824635363997,0.0014018362367761053,0.001384993296411492,0.0013767769929516633,0.0012776537174636659,0.0012546420815844242
B2_mixture_x,5000,2,t3,900116,k1,0.05,99,0.006728196097996797,0.01616410453442496,0.014322149708407061,0.01330907900782885,0.01319903975626191,0.012593631720705822,0.01128964616078465,0.011137346151548488,0.010696184953211452,0.010594372909899619,0.010560978295325651,0.010307013923061437,0.01029626214440238,0.010172858966870035,0.010159069345082705,0.010004112058257464,0.009996666349001315,0.009846068134281127,0.009763021886228906,0.009675467541045646,0.009667640295153657
B2_mixture_x,5000,2,t3,900116,k2,0.05,99,0.0644121385364253,0.2754906932421121,0.25466598946436286,0.24152895345796768,0.2308237597027356,0.2071926768418887,0.19681707404387733,0.19483637207171076,0.19396978663647063,0.19299614254114353,0.18699130138192893,0.1859441777396388,0.1828570926944421,0.18244569064299723,0.18077246672835187,0.17859074254309878,0.1778114496435588,0.17670835152310488,0.17515159399473038,0.17195734304328628,0.1552987384249734
B2_mixture_x,5000,2,t3,900116,hsic,0.0,99,0.0002776607077569524,0.0025061338116951566,0.002429882650906175,0.0022951900156424655,0.0018357262193958099,0.0018038198537314335,0.0018018152627249798,0.0017514193251654145,0.0017455504465188824,0.0017156692181023328,0.0016326613084400102,0.001456126163059705,0.0014369884640489043,0.00142451133261581,0.0014044332300704961,0.0014008742812723972,0.0013913903003025493,0.0013891502071802253,0.0013026655334324986,0.001243635192192271,0.0012337562108710603
B2_mixture_x,5000,2,t3,900117,k1,0.05,99,0.0037751000833696757,0.016846240264937862,0.013286933831541115,0.012746327807578117,0.012461001771355562,0.012347897224416537,0.012319541373735587,0.011482425998636359,0.01146557486786337,0.011279705439964594,0.011220368667801406,0.010615697184331863,0.009967730208666148,0.009842093698346432,0.009675731855095737,0.009518061454453997,0.009465308153177698,0.00945525211297904,0.009434599361446416,0.009402184105369193,0.009257727343943256
B2_mixture_x,5000,2,t3,900117,k2,0.05,99,0.09304011056789845,0.2428471551216529,0.23528387145904442,0.2241032494911343,0.21281143809668296,0.2103358749431495,0.20255152039184524,0.2025219646722177,0.19430289058628075,0.1924034961104135,0.19121266835175768,0.18894993634596252,0.18711480775815084,0.17463055411348077,0.1729251989562884,0.16504063214752948,0.16424621333783818,0.16266196321665782,0.16243984136674974,0.16078357875928995,0.16054496795632972
B2_mixture_x,5000,2,t3,900117,hsic,0.0,99,0.0002983298622339708,0.002629377480960244,0.0022345703442895725,0.00195644270154605,0.0019373863826929543,0.0019070210091842966,0.001827690832360782,0.0017078161907047803,0.0015549191750921622,0.0015447554395605894,0.0015362556098256284,0.001523262223731348,0.0014561738058004978,0.0014168191684112066,0.0013772394450822353,0.0013592302121688494,0.0012829658623917197,0.0012412953989064644,0.0012299541965202923,0.001207408583437368,0.001191009685870024
B2_mixture_x,5000,2,t3,900118,k1,0.05,99,0.007411632911130894,0.016329724280637614,0.015898097047902904,0.014888394651620174,0.012099951620518912,0.011635954698765438,0.011379055916109992,0.01092943993790585,0.01064563277401187,0.010450345705968589,0.010409567529586883,0.010366969634103218,0.010348553974454333,0.010308351273685346,0.009796072699944314,0.009715160624673591,0.009465515029334015,0.009284631202385207,0.00925473800987009,0.009200655334226426,0.009197211541867811
B2_mixture_x,5000,2,t3,900118,k2,0.05,99,0.16960096534210656,0.23247718738108258,0.2177355304424012,0.18994852225441788,0.17542815939569983,0.17178362411212683,0.16309744100658272,0.16169336380626384,0.1537732599852346,0.1524405521238068,0.14719283809207656,0.14366636884636436,0.14239478528493557,0.14187401249070508,0.14088648130970483,0.13883250762890018,0.13760284631945446,0.13709697954073702,0.13690803360873274,0.13253825325184548,0.1317606305432941
B2_mixture_x,5000,2,t3,900118,hsic,0.0,99,0.0005337210789774726,0.001993837718801058,0.0019109938862749388,0.0018525372634244147,0.0018249853196187318,0.0017999728582789288,0.0017113418852259244,0.0016696813098822233,0.0016425542356088357,0.0016425467647144848,0.001599571128550398,0.0015818735582865695,0.0014460465703051938,0.001221880579061872,0.0011969602267062895,0.001194151342881421,0.0011623223829663547,0.0011588842734976403,0.0011437785553551987,0.0010563281786857789,0.0009994004077725253
B2_mixture_x,5000,2,t3,900119,k1,0.05,99,0.005856529474215555,0.016679692785560363,0.015227047487151424,0.013253762079487807,0.01168057888702656,0.011675433590382256,0.011594488782332601,0.011562943502129386,0.011469363451453551,0.011462732173790013,0.011209852849504487,0.011209363704930753,0.011142566079559435,0.011067218936394285,0.010840449575762245,0.0104869436039422,0.010223771688465222,0.010043917584280249,0.010030451416457531,0.009881376152469312,0.009754133860835457
B2_mixture_x,5000,2,t3,900119,k2,0.05,99,0.24465934862118077,0.33259484386868016,0.26881878554630206,0.23544194117624967,0.22869179905205447,0.22797404554458908,0.2003551297118338,0.19255896441039821,0.1895712446485369,0.18874774176286088,0.18385000559285158,0.1793417759656468,0.17682814796250926,0.17275635482464965,0.16103981338516987,0.16088671478575473,0.1590418900591744,0.15882768234398115,0.15780916092317404,0.15588091378617416,0.14964369316635398
B2_mixture_x,5000,2,t3,900119,hsic,0.0,99,0.0012534198203272427,0.0050537448216765824,0.004334208984207614,0.0035553256622967437,0.0034982382110140507,0.0033245053161166326,0.003311673538628724,0.0030280982085951597,0.0029951152799339137,0.0029156209477885766,0.002912607538686196,0.002798345817642112,0.0027328551780470348,0.00267872622243543,0.0026218086019718866,0.0025605060766685046,0.0025446306818338355,0.002495753391645679,0.002492861406619088,0.002415706100828331,0.0024101654329971175
B2_mixture_x,5000,2,t3,900120,k1,0.05,99,0.005490326216515573,0.01341894167172053,0.013395608269384018,0.013116438883141512,0.012853420999873078,0.012016586165694676,0.011869370292683645,0.011356700771649408,0.011281014178362692,0.010626338576490979,0.01057488425970432,0.010220013471875289,0.010117545478735446,0.010092487590801724,0.01006230543735065,0.009944033444786782,0.009762897703295081,0.009733384305246062,0.00938100685720833,0.009254987527879788,0.008953731732638914
B2_mixture_x,5000,2,t3,900120,k2,0.05,99,0.16606168222259574,0.28044964874658507,0.24397097904811355,0.22570928248286914,0.22279746698647207,0.19558901590068847,0.1918731897136617,0.18737268181887876,0.17572294574358924,0.17360013112866546,0.16786991438564233,0.1655038218394237,0.16500632305730725,0.16408505057885323,0.16352757702850193,0.15858842770524476,0.15848889374360273,0.157706979427459,0.15071965044802157,0.15007313974812925,0.1489481286439926
B2_mixture_x,5000,2,t3,900120,hsic,0.0,99,0.0008378943777287061,0.0035804874368445326,0.0034775505297340225,0.0033715680349643263,0.003288534052010934,0.0031552497456499387,0.00312957090410475,0.003113959404203728,0.003030731251106695,0.002949359649203564,0.002580084332706095,0.0025478114288330347,0.002531572415288498,0.0024116897448348907,0.002355692477673275,0.002163585725371107,0.0021310206713114044,0.0020742522557943253,0.002045396804024772,0.002020425501571605,0.001979766949850369
B2_mixture_x,5000,2,t3,900121,k1,0.05,99,0.008803965233749378,0.01652560247325341,0.013616711515627489,0.012729147738444468,0.012074541224285418,0.011975129636657478,0.011228201421773387,0.011159835361833625,0.011009396036347652,0.010793924778523922,0.010686695880893216,0.010501925304924886,0.010320070115618196,0.010230754679164344,0.010217333823462571,0.010211505866387083,0.010161650161030211,0.010140058076055891,0.010060420328763753,0.01005025276020366,0.009971918168059202
B2_mixture_x,5000,2,t3,900121,k2,0.05,99,0.1838995858222612,0.2487290840430195,0.24468552068028082,0.24433751200655818,0.2122619482084141,0.2122345268788714,0.20807031694751268,0.20093624438923588,0.19855443862954986,0.19450238890202282,0.18804611837678964,0.18581183415906202,0.18559706488614441,0.1847467007006968,0.1845030803591753,0.18338047459830856,0.17212349069626884,0.17051808483795344,0.16892711591980644,0.1666499039336141,0.16283931598780724
B2_mixture_x,5000,2,t3,900121,hsic,0.0,99,0.0014614318763605243,0.0032563407331500267,0.0029922909070305187,0.0029037123714748397,0.0027359606725741842,0.0027154026206443432,0.0026337519001495883,0.002607684071748723,0.00253995173271758,0.0024558096404748366,0.0022949114576885335,0.0022422374636232446,0.002234022726123668,0.0022272647870764505,0.0022078717733846295,0.0021459336546789287,0.002105944042766256,0.0020747777546881174,0.00199330423264564,0.0019844301129233214,0.0019503907890415278
B2_mixture_x,5000,2,t3,900122,k1,0.05,99,0.005391626140138328,0.014768627762882125,0.01318380335316316,0.012370526077946198,0.012228457004128113,0.011394216684100233,0.011176543540134198,0.010969861868226016,0.010524729053000947,0.010511757899896668,0.010496326050725036,0.010379935943725105,0.010349891975979353,0.010309570176742056,0.010185665223693685,0.010169938833031411,0.010035366553819092,0.009770135330590124,0.009511275408035758,0.00919633324023894,0.009041961420686917
B2_mixture_x,5000,2,t3,900122,k2,0.05,99,0.1249539741578247,0.27253678997635106,0.27209454090611546,0.26866317823365926,0.2625727513040021,0.23832346750176714,0.23545986764643453,0.23446131158852396,0.22093799235571654,0.20472879676219755,0.18495864497044712,0.18261709058109046,0.17842083839918607,0.17723084643377232,0.17458388182396029,0.17226109111104454,0.1720812233718866,0.1657487799913304,0.1631042053561777,0.16197331076784097,0.16153954625669453
B2_mixture_x,5000,2,t3,900122,hsic,0.0,99,0.002079831556434992,0.005682588713413307,0.004907820659440898,0.004633503668602293,0.0043367680232357176,0.004317771859220685,0.004168094947865557,0.004147130988402778,0.004067570397687578,0.004036327334814839,0.003944167957209649,0.003928079058054858,0.0038835649203295707,0.0038612047713688993,0.0038117265424489942,0.0038091374165185,0.00372025825606962,0.003581128135646159,0.0035006781081322372,0.0034672483114814405,0.0034227342300920185
B2_mixture_x,5000,2,t3,900123,k1,0.05,99,0.007563969503234458,0.01515676134168975,0.014331069154756237,0.013815455380884134,0.013724224489754078,0.013358409541057936,0.013056530712598047,0.012817193617143618,0.012477471577414634,0.012294147681122913,0.011648215663923378,0.011469770699504611,0.011403089219568896,0.011309897149121118,0.011176011127996377,0.011105995818119108,0.010802423388357796,0.01073198587278923,0.010716755093309716,0.010681690894988605,0.010655612677206383
B2_mixture_x,5000,2,t3,900123,k2,0.05,99,0.23858827946985017,0.3454133027446148,0.27908189952165596,0.2509505913569819,0.24258252235212624,0.23649245859343643,0.21320681932482005,0.21126427381205348,0.1957002843049497,0.17007424981524322,0.169565847514698,0.16852052174799245,0.16075546852661265,0.15945041280246097,0.15655876770425797,0.1540193026054541,0.15330811857542445,0.1523063047053871,0.1519216452024276,0.15122870800413232,0.14846526473996294
B2_mixture_x,5000,2,t3,900123,hsic,0.0,99,0.00018931729270181658,0.002360748476735904,0.00213255596284151,0.002004879905393932,0.001849842289985389,0.0017280904510891919,0.0016274043837368687,0.0014848988564498623,0.0014720296440442723,0.00147132246366707,0.0014136313755348266,0.0013520739626050428,0.0013111316920326932,0.0012754967740490326,0.0012519277128426615,0.0012430311013927825,0.0011675579798935487,0.0011602048401580841,0.0011336344312899201,0.001099438815942227,0.0010989347412862956
B2_mixture_x,5000,2,t3,900124,k1,0.05,99,0.003909300911441149,0.014709458442329515,0.01362028093747647,0.013255189803818901,0.013239181664860378,0.013161394969080975,0.012909568826948714,0.011823758062066703,0.011456418578105643,0.011040659598729241,0.01086532554891384,0.010775649802420628,0.010431662498857186,0.010370924100841394,0.010329062608135042,0.01030241022752576,0.01018314094757311,0.010176139857341449,0.010012796912924338,0.009887285985134442,0.009688199542663867
B2_mixture_x,5000,2,t3,900124,k2,0.05,99,0.11088400885757389,0.24397315432579944,0.24130755977989865,0.22141748331447533,0.21432547920705866,0.21192322079134304,0.19819329623931747,0.19479891518739706,0.19253247942555177,0.1832406244511527,0.17229211511278042,0.17018462424487538,0.1699042803558493,0.16746941686973837,0.1667849117029356,0.1648349703728175,0.16411655547432363,0.16227565549378273,0.15010858145370046,0.14967970056323915,0.14868486768670877
B2_mixture_x,5000,2,t3,900124,hsic,0.0,99,0.00027933744655042945,0.004043949675421887,0.002565569764568001,0.0025267843720384866,0.0024397784113375344,0.002366215104478276,0.002362107317402135,0.002289303485302054,0.0022596933086637193,0.002184925656763346,0.0021434414740878404,0.001975482451722672,0.0019194867618326419,0.0018521930538369692,0.001801999797179436,0.0017407854297637499,0.0017009580867775821,0.0016334981242984341,0.001618009664942943,0.0013985912098277821,0.0013774053848602987
B2_mixture_x,5000,2,t3,900125,k1,0.05,99,0.007021052920428428,0.015545972268526054,0.014401107110318834,0.01275546779358705,0.012566304892077218,0.01236574661428358,0.012324912640307217,0.011746273698931553,0.011734388267188534,0.01169003248618039,0.011666121144750186,0.011342652843253753,0.01085919506237143,0.010713690257970976,0.010672157184044684,0.01045158157488546,0.010360111558527452,0.010319135956519121,0.010254514273492443,0.010196129285971911,0.010158897355314611
B2_mixture_x,5000,2,t3,900125,k2,0.05,99,0.09743755185313824,0.21455476731572987,0.20071516343075388,0.19924352412865062,0.191274807029062,0.18821667220908778,0.18558560174083194,0.1842951924439098,0.1837465687945011,0.18010490323371367,0.16793647262563247,0.16744241814124672,0.16531690158752915,0.15761140415906205,0.15567325755200484,0.1501650566150789,0.14983074749977884,0.14687109758870354,0.14554975497970607,0.14192615522767768,0.14077362329978477
B2_mixture_x,5000,2,t3,900125,hsic,0.0,99,0.0010637092251011867,0.0037264449831458137,0.0035266651754720826,0.0035012612403481215,0.0032669636990662844,0.0031616070847157625,0.0028838739602764837,0.0028618428748453176,0.002807668642501867,0.0027090582494143944,0.0026219292313855143,0.0026202697984302266,0.002564368250076057,0.0025485688910897686,0.0025473403305326554,0.0024008228693332074,0.0023740428625246743,0.0023261627273886195,0.002316457869088923,0.002293502644513891,0.00224008393115518
B2_mixture_x,5000,2,t3,900126,k1,0.05,99,0.0033334193298624193,0.013353529391610608,0.013129528114510958,0.011890881160208311,0.011847796783866382,0.011067569907570074,0.010836576424192224,0.010239925504898606,0.010153869599006438,0.010057645130118753,0.010056558597332454,0.009762929919976293,0.009744503209870414,0.009733348433976441,0.009524637592037477,0.009491810217247654,0.009298161301009689,0.009289495345634058,0.009243305157575543,0.009131341033738472,0.009094754932920779
B2_mixture_x,5000,2,t3,900126,k2,0.05,99,0.17168740630363485,0.29112817961439064,0.2512606033585652,0.21774356172339934,0.21350929104242808,0.20390172496106862,0.19891900978614457,0.19746459278992337,0.18117823237994737,0.17912745594174082,0.17693179862589273,0.1710285868328606,0.16689217074834659,0.15454483787595583,0.1516756986280622,0.14453110467502922,0.14080471363559813,0.13716780027721287,0.13490976086611747,0.13215016410758298,0.1309494715555919
B2_mixture_x,5000,2,t3,900126,hsic,0.0,99,0.0006343386709254435,0.003129040111427498,0.0030492830885443583,0.0029815057060396505,0.0028668694050233653,0.0028543944203112902,0.002822234347019218,0.0026123154101122563,0.0025553330477026035,0.0025448962942732087,0.00241999762944594,0.002339072512086419,0.002322781739648989,0.0023073970187992023,0.0022870947692651138,0.0021887468351091837,0.002137767916154859,0.0021261467233680163,0.002121379766593776,0.002097687937784447,0.001973509160138841
B2_mixture_x,5000,2,t3,900127,k1,0.05,99,0.004958039565615802,0.012919795360505137,0.012695798307119865,0.012353006316713544,0.011991893223470718,0.01176959339555228,0.011682113725528631,0.011434634854580072,0.01136705739157895,0.011262293078193819,0.011261121727537016,0.011100099573396305,0.011025867301479031,0.01100646237001579,0.010978111394614132,0.01069721607181584,0.010659307930567685,0.010298019145594028,0.010268480032533,0.010193207750173072,0.010029412600800924
B2_mixture_x,5000,2,t3,900127,k2,0.05,99,0.06321761294534478,0.21702828375149869,0.21461065609981783,0.2142084592873527,0.1987308129214616,0.1908275083664881,0.18247426894213953,0.1815891239470409,0.1795926151533975,0.17932244946595036,0.17317542744794906,0.16142023658041435,0.15942164481946705,0.1578524887540934,0.15573699622450665,0.15564473481364824,0.1555049909710679,0.15546274548086556,0.15543046692343598,0.1553371620421552,0.15267709182889871
B2_mixture_x,5000,2,t3,900127,hsic,0.0,99,0.0007718946151635571,0.002195755146776166,0.002125322990885339,0.0018648607506641,0.0017842343584822892,0.0017499160115989618,0.001672242607566287,0.0016218835043114613,0.0015896973744432173,0.0015842570627947303,0.0015356460616801383,0.0015350128005037903,0.0015280324622627814,0.0015104054413306507,0.0015026616198020551,0.0014971381837718925,0.0014315204748552412,0.0014119272946183428,0.0013762102342692866,0.0012567498933963859,0.001246187508176298
B2_mixture_x,5000,2,t3,900128,k1,0.05,99,0.005137787160867324,0.01784070345964528,0.014829919470571329,0.013704675093242247,0.01336463455935366,0.012733770003110711,0.012496621435928557,0.012442413812924435,0.012411165041839367,0.01237686532970994,0.012148791323825292,0.011157001399923927,0.011121241213407074,0.01095423458249778,0.010947858606322414,0.010577092950849742,0.010242889083589612,0.010224664480132706,0.010170632387768719,0.00991663682062971,0.009818975882077252
B2_mixture_x,5000,2,t3,900128,k2,0.05,99,0.11121132458183053,0.3858063698075211,0.24389894960140115,0.2334037907846888,0.23240324423894165,0.2131908589224255,0.19120035809376526,0.19084208696384808,0.1877976964809599,0.183472063369692,0.16719663349011823,0.1584932920550081,0.15339148006649056,0.15209137729584107,0.14923427031689118,0.14872687879052873,0.14724435673839303,0.14143646922161876,0.14110563892347866,0.13966608691553906,0.1346402174761597
B2_mixture_x,5000,2,t3,900128,hsic,0.0,99,0.0016100534237662068,0.004482632923164619,0.004340299156015203,0.003878023374927035,0.0037444695259921212,0.003601355012627539,0.0035186052934954057,0.0034210628484584375,0.003264257266891555,0.0031572005354185513,0.003141026280163559,0.003133748936276937,0.0029890523297360413,0.0028791558446252716,0.002855954962698349,0.002852125184010568,0.002823562926219751,0.0027643196715545337,0.0027462060006105842,0.0027316127184213944,0.0026989962288731227
B2_mixture_x,5000,2,t3,900129,k1,0.05,99,0.0068624122451361735,0.016234733817580893,0.014039394822403128,0.013060528640044367,0.012534813586463689,0.011989092805568702,0.011970273628899464,0.01193724933737994,0.011126816119826688,0.010841176714749934,0.010632723095339913,0.010459213403365974,0.010335948470974965,0.009986336582421762,0.009910858677538381,0.009872350567411314,0.009848033702418046,0.009624376063956053,0.009517136853735564,0.009255862064253217,0.009182531614398193
B2_mixture_x,5000,2,t3,900129,k2,0.05,99,0.10797239431623844,0.3882719404714687,0.24769964967362856,0.239881221478935,0.2377418689905481,0.2373918545722905,0.23497661787735974,0.22688079335745323,0.2025862300815979,0.1886871472515526,0.17959216760410307,0.1778738898438984,0.177675223237954,0.17743153573096235,0.16651750931027237,0.1652818156672253,0.15942352359702672,0.1592000075735687,0.1574204856494625,0.15624323131745038,0.15507072257781948
B2_mixture_x,5000,2,t3,900129,hsic,0.0,99,0.00019754416220999047,0.0029873549961035467,0.002290922810868792,0.002217485023488007,0.002048829318710367,0.0018549490915722772,0.0017438412443193073,0.001732223903495595,0.001675573452008392,0.0016664819120073165,0.0016400850018214541,0.001636252128619698,0.0015331803174223019,0.001525661973536043,0.001476752367114252,0.0014467542686073351,0.0014467005732127,0.0014199562499440513,0.001417949850376954,0.001390201652333206,0.001380320387982378
B2_mixture_x,5000,2,t3,900130,k1,0.05,99,0.0052134148062451535,0.011925499136800854,0.011821763761311721,0.011527350949427695,0.01134748340601488,0.011267192692354988,0.010950406645182986,0.010767091051519073,0.010736083487136505,0.010580766121819019,0.010563895655581912,0.010392055945345091,0.009733232147319137,0.009681011618112634,0.009548218892191818,0.009529232367637142,0.009488481489601241,0.009480127545926309,0.009258810695680464,0.009230977907693338,0.009179362084882348
B2_mixture_x,5000,2,t3,900130,k2,0.05,99,0.10086138699200901,0.24830434228390794,0.2382202467902107,0.23602619239293504,0.23324766452532278,0.22791246758779454,0.2098677791989787,0.2053167280705653,0.20510277876982694,0.20330138923486285,0.19523055083505605,0.1902546696780422,0.18811955302692418,0.18464112557531315,0.17717574554817675,0.1755078889367332,0.16037878534657204,0.15569932684528415,0.15289806243442974,0.15228679480743237,0.1490230503339332
B2_mixture_x,5000,2,t3,900130,hsic,0.0,99,0.002001946756849979,0.005963740519272295,0.005326874614221256,0.004351750233684858,0.004189821107987705,0.003919600275968152,0.003894531966946511,0.003812748742813458,0.003761376407823943,0.003650702259672993,0.0036158287059642235,0.0034807079636023446,0.0034330608390786806,0.0033829545725275216,0.0033209087521946573,0.0033148693899826853,0.003309232250815363,0.0032736125953200497,0.003244067820304194,0.003230021639636928,0.0031868594750195443
B2_mixture_x,5000,2,t3,900131,k1,0.05,99,0.0024499804381310497,0.013357476247306876,0.012826160869913616,0.012805733047663415,0.012463019758405247,0.011933821272612444,0.011689642531294009,0.011155840960879626,0.01099891283540555,0.01093045770348422,0.010803001740338769,0.01073087412707352,0.010421842897253009,0.010295103165099073,0.009975806521930752,0.009888271862830367,0.009812467866235242,0.009753402900536945,0.009663357298801745,0.009458320743313764,0.009417559487195803
B2_mixture_x,5000,2,t3,900131,k2,0.05,99,0.06433436596000185,0.29965618038920777,0.28956819041501086,0.23783958438745054,0.2236329052108263,0.21501215009750435,0.20917504185831176,0.20640547350461114,0.18938240268627834,0.18579824095878314,0.17804865395532649,0.17483788058800728,0.16914739090122424,0.16482016067405644,0.16392989900416052,0.16333105639263634,0.1566780456907323,0.15445917547274138,0.14821633710009713,0.14778853656615984,0.14689288030718367
B2_mixture_x,5000,2,t3,900131,hsic,0.0,99,0.0010463657641066326,0.0045601786663645736,0.004197156173794142,0.0034757304651229035,0.0030323738014792823,0.002991518299267035,0.0027981282089443752,0.002738960133848743,0.0026793689376991034,0.002657480246162698,0.0025136184160104904,0.002436669112523972,0.0024267305381447855,0.0023800638175892922,0.002354311287160476,0.0023254731839583635,0.0022458605275621013,0.002234518030210921,0.0021754958509996552,0.002036437869465069,0.001997229997839351
B2_mixture_x,5000,2,t3,900132,k1,0.05,99,0.006688486157697127,0.01450655119138966,0.01446945814339562,0.014303154955706887,0.013385720578685256,0.012166541262104369,0.010838629229122376,0.010586030977941974,0.010495444276542809,0.010263594377101448,0.010242039100877287,0.010028766129633881,0.009654147449845052,0.009480920608745724,0.009266535167210432,0.009167106974826145,0.009054468099581436,0.008925382118613934,0.008885430541220152,0.008858458285397997,0.00833815851908526
B2_mixture_x,5000,2,t3,900132,k2,0.05,99,0.17314523728105152,0.2883497633646414,0.25236312263369204,0.24246213460210905,0.2343302710515647,0.222864564241806,0.21488605574154396,0.20626960711928044,0.18192700776491205,0.1682997581897113,0.16571316241594225,0.16193068063148205,0.16162800045709647,0.16020709370871233,0.1524708230092513,0.15117920561633627,0.15088792258945014,0.1488289535694728,0.14722839915753336,0.14548196855157536,0.14527351579048137
B2_mixture_x,5000,2,t3,900132,hsic,0.0,99,0.0006883291856788257,0.002990709983994959,0.002386003115941623,0.0023762440230563064,0.0021368685604687973,0.0021178006709495598,0.002070705240532739,0.002023918858280617,0.0019817275520731753,0.0018554974256187677,0.0018503369173862051,0.0018389682221042936,0.0017411136304242255,0.0017111997214844694,0.0016935460121411908,0.0016229564468041068,0.0016211035107301926,0.001620696535874557,0.0015644141444099797,0.0015387304284704068,0.0014960848103345455
B2_mixture_x,5000,2,t3,900133,k1,0.05,99,0.003925425575367569,0.015169306795947857,0.012718928007273478,0.012357123834146999,0.012144931686260962,0.012091076379612153,0.01184489555404955,0.011653831427333117,0.011144030673451377,0.011075215292028151,0.011022547706140529,0.011011325000915062,0.010890820979625793,0.010759035376196158,0.010652280628127175,0.009711663971644913,0.00953562971764843,0.009399534966436196,0.0093235644866142,0.009141040168669679,0.008917220413626414
B2_mixture_x,5000,2,t3,900133,k2,0.05,99,0.09782345448768581,0.3281040910177003,0.24564994912741922,0.22665562110122264,0.2125358686074416,0.20398127793648507,0.19781087951001147,0.1913088085974783,0.1792326099258828,0.17572148142566976,0.1706202302627504,0.16819505845289623,0.16319170651197007,0.15964366435428784,0.1572053166190801,0.15325368239755086,0.15273203839608923,0.15248157015831051,0.15149662285703272,0.1462076757159926,0.14411076855808527
B2_mixture_x,5000,2,t3,900133,hsic,0.0,99,0.0002500659721901537,0.004462808022574385,0.003757191129601402,0.0035410997346733922,0.002995586872425291,0.0029410648176219603,0.0029283752130180047,0.0027185101533625366,0.002641658765818818,0.0025797993490322903,0.0025118263886625704,0.0023535321329633645,0.002339115252229382,0.0022404649863252074,0.0021403537677101955,0.0017328933709818194,0.0016618877653027915,0.001554591467263566,0.001455732114157573,0.0014312756419973362,0.0014169260965592825
B2_mixture_x,5000,2,t3,900134,k1,0.05,99,0.00995300254138809,0.01749348664633288,0.014394190308235855,0.013995017768134055,0.013004695594089233,0.012414793503767285,0.012353608822767148,0.012195033451111281,0.011252583605025457,0.010900329420171606,0.010522022578592694,0.01051405153414886,0.01041131190447131,0.01028588371273198,0.010146649130828411,0.010129144806236834,0.009757467826233324,0.009741857857589298,0.009726303694195804,0.009707143659038464,0.00948866451197894
B2_mixture_x,5000,2,t3,900134,k2,0.05,99,0.10790119381099954,0.26006574875134053,0.2529252591368194,0.21994524547981953,0.20891737421268164,0.20591965525450615,0.1970242695233529,0.19330897168959393,0.18230698338474716,0.18025310215444354,0.17229437961340427,0.1640611192658221,0.16358715251917205,0.16196082239127257,0.16099913733493734,0.16094777369643914,0.15823251501940858,0.1553967337390119,0.1551139909541196,0.14998181504596575,0.14498902589317839
B2_mixture_x,5000,2,t3,900134,hsic,0.0,99,0.001300872073704445,0.005265049720040035,0.0049308758919964675,0.004435765898106823,0.004364300638772527,0.0043501979354201555,0.0037969415940148693,0.003697335779987594,0.0036859670562230194,0.0035412990925024466,0.0034508821915290476,0.0034437058479427564,0.0034301203432044623,0.003410528447948443,0.003310725991779417,0.0032626210213596053,0.0030594911045378195,0.0030154302465285575,0.0028630030153207913,0.00285569329319071,0.002805586944138492
B2_mixture_x,5000,2,t3,900135,k1,0.05,99,0.002537833948262236,0.015156016852041154,0.0133347148373133,0.012136846668353796,0.0120804371218185,0.011744984306439665,0.01154737516663451,0.011249609881285205,0.011151031263793798,0.011119412835035258,0.010901719934024334,0.010832931117537803,0.010611782962301919,0.010306958677074762,0.010003013071508304,0.009929539941211263,0.00955331118397229,0.00947381197027053,0.009389708942156294,0.009378541220448788,0.009002585909317906
B2_mixture_x,5000,2,t3,900135,k2,0.05,99,0.06604424800222825,0.5660417426388976,0.2885635036366641,0.28567327774724516,0.22774591974101036,0.22405041132962678,0.2150048874521068,0.20338800393327416,0.1972627475888804,0.18921957187311303,0.18860667465796765,0.1858032773051339,0.1730558136955618,0.169610530254115,0.16825702337890616,0.16201097769846226,0.1598150264894102,0.159780806409038,0.1596427433035838,0.15673150920929965,0.1528188984051587
B2_mixture_x,5000,2,t3,900135,hsic,0.0,99,0.0006794845923255802,0.003979236437450434,0.003016536342584148,0.002843476282813699,0.0027641727547650955,0.0025499023178102436,0.0024252508720891144,0.0022111947736097063,0.002190296664577518,0.0021880441721815677,0.002156411643867527,0.00207644440118418,0.002075835649890392,0.0020072922423853973,0.001936775045629068,0.0019250845575068483,0.0019137941774029586,0.0018833477809705606,0.0018779511940723392,0.001876354831945799,0.0018679139431238712
B2_mixture_x,5000,2,t3,900136,k1,0.05,99,0.004795229740784501,0.014343764703745876,0.012885491154172923,0.01200730049514942,0.011691247988594,0.011338661608418676,0.010739400643769326,0.010614925058235913,0.010584350055685032,0.010553855265832968,0.010128431843801966,0.009985518053439946,0.009866906271237985,0.009864308207058525,0.009836531600936227,0.009768033233946483,0.009730250765533466,0.009706367393502835,0.009660055515935406,0.00964260029305608,0.00954335952152574
B2_mixture_x,5000,2,t3,900136,k2,0.05,99,0.09207426245417125,0.24612264283364474,0.22275876767269398,0.221750663473513,0.21659958039391858,0.2143377477335496,0.20598492529023424,0.20526080558290935,0.19100353335556725,0.18436645671330984,0.1740201346129717,0.17366933350894453,0.16992169128486312,0.16913885892122651,0.16314044665213195,0.16097375088281204,0.16061733003920978,0.15626747450578998,0.15311139355512243,0.14803900612232412,0.14099378551389952
B2_mixture_x,5000,2,t3,900136,hsic,0.0,99,0.00091667866183818,0.0025099958134303124,0.002106011755187299,0.002030147212779321,0.0019407404473916103,0.0019280994787370994,0.001910468514556561,0.00186040731166799,0.0018005109814946362,0.001777886878664436,0.00168590307453303,0.0016820077489935513,0.0016455622734133015,0.0016330733486766144,0.0015960594917313088,0.001582353999102272,0.001527072895661189,0.0014490729251972958,0.001436339996966966,0.001436253871352759,0.001415499951377328
B2_mixture_x,5000,2,t3,900137,k1,0.05,99,0.007430920367466398,0.018126327584378377,0.013694307406415307,0.013262145348942878,0.01297324020151347,0.012746282489421001,0.01249023843013608,0.012146493200784536,0.012121832491117202,0.012011659848293998,0.011418108700732343,0.011188785605503404,0.011100363953188142,0.010813135194955525,0.010812153929414037,0.010578432099937363,0.010456531595470109,0.010340658791084922,0.010131166116660317,0.010125161759888535,0.009725207226373711
B2_mixture_x,5000,2,t3,900137,k2,0.05,99,0.12142304063527475,0.3126404799574855,0.26471950635385055,0.24102556136307576,0.2009002807213594,0.18942188955420428,0.18348311253757418,0.1781329909506023,0.1751987230704669,0.1723668505981598,0.16947834090803038,0.16620670327955345,0.16527737462435232,0.16255094313348822,0.15433505983678542,0.15307716489967002,0.15292283216198468,0.15236677608738142,0.15193785653844732,0.14786778566680062,0.14650158986937234
B2_mixture_x,5000,2,t3,900137,hsic,0.0,99,0.00038826253932016123,0.0032031511339713154,0.002933243882684235,0.002658535353401633,0.0025817466495954094,0.0024011370705072903,0.0023578876521452834,0.002355484340100221,0.0022679113821682233,0.002236400806428115,0.002199521847043789,0.001971309690705407,0.0018265828806371212,0.0018200517677733686,0.0018107661283214248,0.0017664142797694513,0.0017542781660974398,0.0016782764816258872,0.001637595486808826,0.0016025115688539792,0.0016022706711906537
B2_mixture_x,5000,2,t3,900138,k1,0.05,99,0.0036652376160639655,0.016156781754054106,0.015928301466716643,0.013651817505954011,0.013459230649302545,0.012497095719857576,0.012045576767176103,0.01172665902892378,0.011607599445263905,0.011549363918935684,0.011529924418642645,0.01142271650612292,0.011311837477044229,0.010738313248214615,0.010183249039981579,0.010110318344953684,0.01005739950874407,0.009865100127389614,0.009730121248488377,0.009482477409534673,0.009336371991845005
B2_mixture_x,5000,2,t3,900138,k2,0.05,99,0.12278184968272118,0.26843224190874965,0.24016851787146104,0.23920205056275606,0.23175239846888057,0.22739810586636963,0.22414159037038758,0.21371114634834867,0.21080503093258895,0.20760306696252098,0.2072358090718343,0.1983430926780657,0.19607277021340408,0.1902594456753838,0.18702615122288888,0.18039269446735584,0.1803908581044554,0.18035067168849112,0.16805803337839803,0.16622445377412268,0.1634135594968574
B2_mixture_x,5000,2,t3,900138,hsic,0.0,99,0.00016053937335569916,0.003019737527541219,0.0027818152709195893,0.002605305872545397,0.0026044863692386354,0.002525576609805865,0.002101763993815836,0.0017997765978696905,0.0017734720420411107,0.0017533488620072816,0.001728696305195552,0.0016777800156360391,0.001580233384990916,0.0014816857419192354,0.001389712634819071,0.001360280365990908,0.001324638635295189,0.001308884098717262,0.001275213445740204,0.0012735741707737439,0.001175749141314195
B2_mixture_x,5000,2,t3,900139,k1,0.05,99,0.004486567593748547,0.020346209775368496,0.013498114033494213,0.013442417913213656,0.012373810076733549,0.012301658584247699,0.011820418603341487,0.011599606712159205,0.011470925344620242,0.011059526839229727,0.01083277075218958,0.010738814602901825,0.010378582887605736,0.010344223504952454,0.010277985027950853,0.010232514841318707,0.010015830587388752,0.009666801843479012,0.009516444127559587,0.009314241170424009,0.009186008355412612
B2_mixture_x,5000,2,t3,900139,k2,0.05,99,0.13486903350044835,0.3776774479964574,0.28133772394670503,0.26048650971765475,0.2245915137602243,0.22240393712095127,0.22212653524536152,0.21162608670145983,0.21161936518635258,0.2034283941064192,0.20323149528205076,0.20150447754228737,0.19614917868904175,0.18831003202316737,0.18752673207482187,0.1792946562523985,0.1764283231496638,0.17474270222170554,0.16675896558287645,0.165967336029392,0.16574619965105766
B2_mixture_x,5000,2,t3,900139,hsic,0.0,99,0.0011030559303044569,0.003811886790480699,0.00378392450604925,0.0036062893208665967,0.003573780106769685,0.0035069472238790068,0.0034606705151542295,0.003371857738479946,0.003253510052145669,0.003162944014558612,0.0031236484590344924,0.0029768759959738406,0.002799407737728089,0.00266674084819652,0.002570457560100355,0.0025377260392686132,0.0024908176860369436,0.002431488717975275,0.002427879231972266,0.0024239934060814065,0.0023838349780450235
B2_mixture_x,5000,2,t3,900140,k1,0.05,99,0.007490256501371029,0.013523595675852373,0.01342762413637999,0.01227581989583737,0.012267347264909523,0.012262441937794244,0.012122177781140886,0.011163126913584454,0.01060014385397079,0.010360168013159532,0.010289613303445244,0.010256371504562822,0.009962991101733376,0.009834391732567394,0.009819262953716379,0.009733198316543401,0.009687703516115365,0.009673368942258675,0.009641429925236644,0.009389318215121234,0.009127749051717204
B2_mixture_x,5000,2,t3,900140,k2,0.05,99,0.1039828334932891,0.2787214913100703,0.2431675432609966,0.23145742491047108,0.219830992901123,0.2131428761240451,0.20831371917132055,0.2074412757238519,0.20566789291325638,0.20283328164292955,0.20117637089496923,0.19873145714692703,0.195569939872989,0.18362580201392825,0.1809759307096116,0.18020820675779564,0.17551565023522003,0.17345946647586094,0.1707979017988646,0.1659654353990866,0.16373010285228398
B2_mixture_x,5000,2,t3,900140,hsic,0.0,99,0.0019070721872336855,0.0047931248767226105,0.004682127074961086,0.00455140964610747,0.004028800814927271,0.003971520136480501,0.0038917225990108568,0.003662818270603556,0.0036467459886453044,0.003584425067342559,0.003570936513694456,0.0035118738989131488,0.003469706744010732,0.0034293534965395933,0.00333978020321279,0.003338439891803942,0.0032722692377151644,0.0031898137360134846,0.003165808357429647,0.003142155634500607,0.003130952238804889
B2_mixture_x,5000,2,t3,900141,k1,0.05,99,0.006467671274580367,0.015114142569165767,0.013309949850412783,0.012587625077877473,0.012402921279763723,0.012078379792204497,0.011949687639603468,0.011528102202855606,0.011485579844385141,0.011267578614198248,0.011114477338522555,0.010953626569269126,0.010407698174809465,0.010372051760146328,0.010319431480251828,0.010119783075970279,0.009974543949742842,0.009917850493273095,0.009783465825198623,0.009721996650823184,0.009537325052156986
B2_mixture_x,5000,2,t3,900141,k2,0.05,99,0.10187112074734062,0.20889778679594478,0.20363102105835446,0.1985452816121439,0.19481781112140104,0.1884100445021049,0.184122258983972,0.1769062357459516,0.1757832798120807,0.17333954700946091,0.16533957188206005,0.15871923819399714,0.15730358595752458,0.15655432281666753,0.14872227566781848,0.14861604627453143,0.14372672675523412,0.14364131703806118,0.14169962826805585,0.14058932151401846,0.14039653335043928
B2_mixture_x,5000,2,t3,900141,hsic,0.0,99,0.00025986079902273805,0.0036203110721733643,0.0032831866660760446,0.0028245250815270304,0.002785566460675956,0.0026583264850322786,0.0022813885210357736,0.0022538797338055405,0.0021429738402639425,0.001990135461728313,0.0019694924663426383,0.0019320555254302967,0.0017828344668760988,0.0017714648434372087,0.001771304570333571,0.001760983634303126,0.0016883964871961556,0.0016403276252847363,0.0015882160795152333,0.0015562969600641245,0.0015507769486584344
B2_mixture_x,5000,2,t3,900142,k1,0.05,99,0.003314882197759883,0.018875043406653025,0.01580964993629097,0.013922964677575589,0.012870093976652952,0.012056148226567975,0.011944964557315196,0.01146460514915626,0.011444399356767665,0.011260345933031157,0.010826118599097878,0.01052717443638096,0.010068491462487894,0.009915780678095287,0.009876987844832819,0.00977291389263435,0.00974741613373753,0.00946192985841432,0.00944699515175218,0.00942798511578613,0.009333251409891163
B2_mixture_x,5000,2,t3,900142,k2,0.05,99,0.08923032854001056,0.3040853352964134,0.24423930805276237,0.22745607933191445,0.19767431031176447,0.19679901388128943,0.19366614112602987,0.19008752840999366,0.18586676967900972,0.1821831112905821,0.17369795383253586,0.17104219279582394,0.16729645007596589,0.16432196603898677,0.16377845640428867,0.15849937372490638,0.15589841680623284,0.15547335535597315,0.1550691731014401,0.15314617824595494,0.14889136206089354
B2_mixture_x,5000,2,t3,900142,hsic,0.0,99,5.991034125084305e-05,0.004462157679448783,0.0029211657564708685,0.002485688182385101,0.0022072861490282703,0.0021868379540671812,0.0019818085929720446,0.00196635232342828,0.0017962153653380362,0.0017142108855284178,0.001695052049832793,0.001571946858299968,0.0015598022214668341,0.0015230717111166792,0.0015073577845340445,0.001463094453297981,0.0014546235909099685,0.0014542380246762529,0.001440783324989265,0.00142493486676186,0.001421479855297276
B2_mixture_x,5000,2,t3,900143,k1,0.05,99,0.005876782797429314,0.015401279362100118,0.014830414819654414,0.013375535596925281,0.012588768740095402,0.01231152783322531,0.012101645533474481,0.012077663045151676,0.011980659503696423,0.011895587936134988,0.010828298747936005,0.010765565768858343,0.010730621089479642,0.010639378441888558,0.01042983889325555,0.009704795011078682,0.00970465019122102,0.009699802362944654,0.009374142580322986,0.009090048079018698,0.009019952717261526
B2_mixture_x,5000,2,t3,900143,k2,0.05,99,0.13006794529674426,0.2733264013796954,0.271909583285274,0.21337819794590349,0.21093240172244743,0.20041820792246573,0.1996063569174446,0.19545627579706842,0.19459907045439392,0.1931540528726636,0.1864056550249023,0.17573276589300119,0.1756457733190622,0.17267039626537556,0.16174389349624252,0.1596548431741276,0.15867759602274994,0.15618910225806004,0.15285910431446295,0.14646895457642684,0.1453069034136291
B2_mixture_x,5000,2,t3,900143,hsic,0.0,99,0.002268234179878178,0.0035385840639151644,0.0032903572383540932,0.0032740273486190474,0.0032266395139258614,0.0031697430544293313,0.003165146814988136,0.0031527041974289956,0.0030817001130675286,0.0030571757202099673,0.003042883171695947,0.0030270533273112454,0.0030164365754981326,0.0030051213872610283,0.0029966492948107514,0.002989662912486424,0.0028746776551048757,0.0028626700040579258,0.002857646213157917,0.0028101484037850754,0.002739055976020718
B2_mixture_x,5000,2,t3,900144,k1,0.05,99,0.002813263675011668,0.01427588920038414,0.014249930072808059,0.014091046982993016,0.012857096265169843,0.012519218835600587,0.012239334185944473,0.01177291842697592,0.011762641535550289,0.011759733405747652,0.011641871764209388,0.011601711339036758,0.011526107731442026,0.01092412717999558,0.010912234536434307,0.01071420065545492,0.01070237042393074,0.010645147332431937,0.010546949693815755,0.010393350587804329,0.010325950471518852
B2_mixture_x,5000,2,t3,900144,k2,0.05,99,0.10148310045796284,0.3631241920543426,0.23373514123477418,0.229491320411572,0.20649791292772066,0.19287872052954266,0.18607138436027057,0.18543207118635044,0.18301203724844173,0.17706704167368278,0.17620938517016252,0.17013684751111852,0.16663789005193716,0.1627019790526729,0.15751587123135274,0.1540883062556557,0.15396580086060419,0.15368355641403975,0.15028957940462176,0.14902500173876937,0.1455460464484349
B2_mixture_x,5000,2,t3,900144,hsic,0.0,99,0.0005819814313379769,0.0030581693898565025,0.001956801032601718,0.0017949231784566834,0.0017423529512678598,0.0016854901988801933,0.0016799518140953836,0.0016273283856078785,0.001605651172983942,0.0015988913183634856,0.0015576517721166544,0.0015048624111781747,0.001424919047692405,0.0014247270004546554,0.0014044176095836945,0.0013973788207224359,0.0013435671086687137,0.0012852912752083874,0.001274137070182898,0.0012706266390668962,0.0012601862876954859
B2_mixture_x,5000,2,t3,900145,k1,0.05,99,0.0072360232436951,0.014300845966998321,0.013017347392744183,0.012545702886507581,0.012477455172146157,0.011091849390379216,0.010683400450882119,0.010422992857373026,0.010183067937716284,0.01007767106084878,0.009905174585109755,0.009817828557192154,0.009358766685069075,0.009348427370451384,0.009214338723948945,0.009191457355963717,0.00914278587520756,0.00911316254864325,0.009089981974365613,0.009074388876047612,0.008648754571058181
B2_mixture_x,5000,2,t3,900145,k2,0.05,99,0.1883178050930783,0.2834839060345516,0.23013997443587225,0.21373454333844033,0.20563861120783858,0.20416579152702716,0.19831860941663693,0.1840485599758052,0.16673515289541116,0.16070004481780195,0.15034428251527693,0.14992190989444812,0.14598430761985443,0.13998850646903133,0.13855104586733866,0.13826883961136247,0.1340937144351893,0.13186139488458534,0.1307460062257748,0.13007143657125822,0.12936178351851754
B2_mixture_x,5000,2,t3,900145,hsic,0.0,99,9.62599602245645e-05,0.0035765433146908152,0.003372331384778157,0.003214809098141415,0.0031762823245313205,0.003079503033468821,0.003049522180437474,0.0029535827156939904,0.0024201550531601063,0.002396106578960596,0.0023100361328615014,0.002251188318965874,0.002228357797696589,0.002167342777688305,0.002084232873192096,0.0018627444969328113,0.0018528190905811805,0.001851422600070547,0.0016771695978257967,0.0015432073965019125,0.0015021594831943928
B2_mixture_x,5000,2,t3,900146,k1,0.05,99,0.0017956199875381884,0.015549900111004988,0.014896707887842808,0.01468016744311762,0.014289872619151489,0.01275973422537846,0.012487034937248231,0.011723697164368385,0.011086759262406987,0.010855790973716806,0.010301983800311443,0.01022323777606926,0.009862753680179859,0.009826217950915428,0.009804945428863565,0.009752363119448826,0.00975034726894397,0.009582056751802459,0.009519325174020654,0.00937063665825133,0.009312681785285437
B2_mixture_x,5000,2,t3,900146,k2,0.05,99,0.08518190280200551,0.2920498875101261,0.26253144833425573,0.19752392790258178,0.19351314185431384,0.18445129904534743,0.17737884244110247,0.17385386588621096,0.17326613706815622,0.1726343444954769,0.16748486282262284,0.16613456471003288,0.15939314465342147,0.15798777538780442,0.15581334372341973,0.15487821367308474,0.1518006478748821,0.14959582889666329,0.14606460752374945,0.14420880969576788,0.13750728580934438
B2_mixture_x,5000,2,t3,900146,hsic,0.0,99,0.0010626348467059831,0.00599783610632146,0.0035479604518497423,0.003506322388596912,0.0034304680217953766,0.0030043585902060953,0.002961839140864926,0.002914741684603128,0.0029100150478017306,0.0026994816786471867,0.002681000608537714,0.0025210415120786394,0.002445388502472948,0.0024165434844970043,0.0023910310448204777,0.002375238320114747,0.0023112106912675182,0.002188577995832515,0.00213038208066838,0.00205404844583091,0.0019134179957370186
B2_mixture_x,5000,2,t3,900147,k1,0.05,99,0.007825665910310864,0.014503839527034823,0.013900060682788817,0.013780816254585826,0.013070852431103508,0.01285896197363734,0.011803677307160365,0.011266544343148,0.010982105518301699,0.01082849851122103,0.010605884408306343,0.01051979686231519,0.010504247326541316,0.010182615234152759,0.009874750221099737,0.00986095911286422,0.0098518409129702,0.009653754505242196,0.009430774027797018,0.00925753032174148,0.009189658935384704
B2_mixture_x,5000,2,t3,900147,k2,0.05,99,0.12396482390341539,0.2713549478656589,0.27066995266039434,0.24332694519130865,0.23250183991933293,0.21237437951072896,0.19372182678031946,0.19042334020018145,0.18925255229338894,0.18428811166441436,0.1763953631812574,0.17494528506048126,0.1663874299615433,0.16566819094933566,0.15913432796603785,0.15829823153246309,0.15392358324906794,0.14693828465091405,0.14413606925054162,0.1439922818652547,0.14051818379773787
B2_mixture_x,5000,2,t3,900147,hsic,0.0,99,0.0007439882659001887,0.0031594451528150222,0.003065210480876849,0.002714403093077553,0.0026337931709129302,0.002626579416860828,0.0024475359297134354,0.0023507890829871643,0.002263723761053107,0.0021921271834990713,0.0021858644424578187,0.0021162967595809087,0.0021152254476233577,0.0021028688111809474,0.002098451526068859,0.0020803550466899075,0.0020499230234081447,0.001974085622331851,0.0018918367650760048,0.0018861633263777492,0.001859697560493176
B2_mixture_x,5000,2,t3,900148,k1,0.05,99,0.00492008806914368,0.014626337774233056,0.012686682868986887,0.012155932399215863,0.012089018404870866,0.012088814799535608,0.011289315355580198,0.01119400451394803,0.010790885192671462,0.010513118672785038,0.010281488591212362,0.010269308435675195,0.009976408542863635,0.009740266643310957,0.009556470719761068,0.00943786709184613,0.009294323886759437,0.00926667752176813,0.009170489843002838,0.00912723316798325,0.008753304734595235
B2_mixture_x,5000,2,t3,900148,k2,0.05,99,0.21704411978167468,0.302012306245208,0.26071110940759423,0.2543349086438494,0.20940021034518133,0.19409010666679832,0.1875514137158542,0.17896717276449067,0.177451993408726,0.17124451398248772,0.17023362816717877,0.163506581454499,0.162867515972832,0.16087521365883328,0.1585899558598635,0.15564466999432672,0.15560515168617778,0.1545097984427224,0.15119777060480666,0.14617876575845787,0.14257644572482478
B2_mixture_x,5000,2,t3,900148,hsic,0.0,99,0.00045073952052187855,0.003768846383925485,0.0030557505060117484,0.002967936628173068,0.0027167486022852756,0.002482549965279114,0.00241630885332505,0.002393196121115732,0.002309919914014202,0.0020810360310561096,0.0020777378585206583,0.0020628978321647535,0.001978661419294109,0.0019650042139726397,0.0019038563138384596,0.0018813788904024243,0.001763845196371646,0.0017592672566543591,0.0017417094986074363,0.001697010359360485,0.0016203549210128902
B2_mixture_x,5000,2,t3,900149,k1,0.05,99,0.00457720638598913,0.01657098059471429,0.016270650723670843,0.014674943445331268,0.014489210052569534,0.013532876969639562,0.0134651161359427,0.012615740869218128,0.011995937269486223,0.01195551363038494,0.011775310219831026,0.011307261932313017,0.011263347756234499,0.011208855655464256,0.011085212358572738,0.010932531196659045,0.01057561764444681,0.010554025570598147,0.010369670908282558,0.010018064589464082,0.009979125231882047
B2_mixture_x,5000,2,t3,900149,k2,0.05,99,0.13913258869489037,0.22607227465608826,0.21864241817469135,0.2064427932795307,0.20069089501488444,0.19560683973119472,0.19514577152599114,0.19197335103921992,0.18360313257440197,0.18100708658915526,0.18015857109085823,0.17371925099722632,0.17102125883227257,0.1707136492180085,0.1656572402512695,0.16329780609585084,0.16240608515662144,0.16092470482107046,0.15590786792332148,0.15273116325749936,0.14855854226797593
B2_mixture_x,5000,2,t3,900149,hsic,0.0,99,0.00017228837006362968,0.004210732816599159,0.0033046680488945652,0.0030011524368530255,0.002865457283256854,0.0026522031782437124,0.002538565797681374,0.0023795749078370713,0.0022376496777353175,0.00214351239277012,0.0019948446096514434,0.001985479590923282,0.0018208841946092918,0.0017728345334518253,0.0017233871329159036,0.0016950737387925326,0.0016714452229572316,0.0015983921837528434,0.0015916249056883026,0.001564094934191491,0.0015166895749570168
B2_mixture_x,5000,2,t3,900150,k1,0.05,99,0.006007213356409746,0.01690047214219914,0.013544896923056604,0.01267172050481935,0.01257845536913349,0.012526631337304028,0.012381692893283835,0.01236133233354042,0.012221345173667242,0.011879466205951927,0.011500897648814568,0.011145372444087753,0.011119765604912013,0.01110122716453621,0.011098736879971427,0.011030255725961613,0.01083681300974182,0.010603942750901152,0.010105384272837581,0.010064531795704768,0.010035412074642425
B2_mixture_x,5000,2,t3,900150,k2,0.05,99,0.11437688425725935,0.2541152098203993,0.2314925077897091,0.22170038885189686,0.20571289825433636,0.20276882528571077,0.1890019650558711,0.18821502424250497,0.18346005835043708,0.1826776513563101,0.1799182274261227,0.17885285809050222,0.17556405497109379,0.16365604710358997,0.1599391920371204,0.15337028038426737,0.15305088653221322,0.15295523559324226,0.15107569644460964,0.14944627351214798,0.14821633309230822
B2_mixture_x,5000,2,t3,900150,hsic,0.0,99,0.001443702772434786,0.006770770403479807,0.006286550073148027,0.006002242904199791,0.0054401755238732636,0.005097598002892735,0.0044378821169563905,0.004314969647139303,0.004020494342766554,0.003993392318011146,0.003911928002597929,0.003889779179850627,0.0038527841168545167,0.003830463428985049,0.0038068125061344665,0.0037387191403219595,0.003696847419483371,0.0036208631261106065,0.003530494516547958,0.0034833356953934435,0.003284031532045008
B2_mixture_x,5000,2,t3,900151,k1,0.05,99,0.007272143935775466,0.014155359542440626,0.01373328240371241,0.012631052229718498,0.012316600315297244,0.012222831544759893,0.012180063954256082,0.011611838388595586,0.011442383163369207,0.011173515532344358,0.010927485123383929,0.010856512849534261,0.010605064928228769,0.010202959142165624,0.009979936234276843,0.00996871167635549,0.00980209337662008,0.009760576823110378,0.009474842767214442,0.009406834001046915,0.00933176982275985
B2_mixture_x,5000,2,t3,900151,k2,0.05,99,0.16551617860660434,0.2603607665140651,0.2507411798506403,0.2159202246727947,0.20971624914745626,0.18877657150571212,0.17955924869903953,0.1787488817835438,0.17874638472688362,0.17154562988821898,0.16854411746578618,0.16629409231775905,0.16589174924221978,0.164477007353626,0.16374065185148273,0.16357796316569673,0.15837137306558008,0.15531187835563784,0.15350929232299926,0.1519295359161453,0.14894326920754117
B2_mixture_x,5000,2,t3,900151,hsic,0.0,99,0.00042274284750407174,0.0035901463988405736,0.003480933456924006,0.003444729658751248,0.0031245915752126595,0.0023634200585879958,0.0022717641410671327,0.0022034581501503676,0.002114113008406953,0.002106302348550783,0.0020645431871217754,0.0019419652773043222,0.001922592118920084,0.0019143047818840906,0.0018136430482539653,0.0018123127240872961,0.0017662033652148012,0.001759572139490239,0.001720413344393532,0.001717019977552374,0.0016398202308328298
B2_mixture_x,5000,2,t3,900152,k1,0.05,99,0.0067774356192901175,0.013295771704267323,0.012868941050905636,0.01279225058794864,0.012390897706217041,0.01208764344230151,0.01179744737720223,0.011627265048581581,0.01134621454157314,0.010676413621060532,0.01059612882188432,0.01056712794471415,0.010277928522743895,0.010166969992736474,0.010160652027216277,0.009970797731212122,0.009943174621556694,0.00976226688032178,0.009688489456620264,0.009498629761215405,0.009377623870093443
B2_mixture_x,5000,2,t3,900152,k2,0.05,99,0.15440649752505453,0.31854602674253857,0.2919763884135329,0.2828973855938202,0.2515947985143528,0.2202752653607078,0.20707543465174905,0.1991988606721523,0.19722195534026332,0.19029325073762096,0.18848419904529487,0.15916815926556818,0.1585819454717425,0.15811392939864335,0.15702465367260302,0.15580283572946518,0.1548979718523756,0.15350980453093105,0.14974922475752356,0.1494697120321569,0.1486594273342396
B2_mixture_x,5000,2,t3,900152,hsic,0.0,99,0.0004823123287659218,0.0040546105686559844,0.0032387617865382496,0.0030141850949066524,0.002704494716403958,0.0024721854252329183,0.002282618743126442,0.0021451746174015966,0.0021333167477083853,0.0020692377012322114,0.0019357143250940253,0.0019085921174023127,0.0018831774658931728,0.001865671635990902,0.0018156652051431277,0.0017896333947364338,0.0017701459240401177,0.0017308244313810053,0.001717570081135441,0.0017032854481020114,0.0015919755178579393
B2_mixture_x,5000,2,t3,900153,k1,0.05,99,0.003847704214635206,0.015021621582298361,0.013882088551804284,0.012512493675660097,0.012336962923882533,0.011653964455361931,0.01154428902615301,0.011530189192819562,0.011473741585628527,0.01093346073113477,0.010844826947248754,0.010558866223528973,0.010530669217233779,0.01047646719719697,0.010381379633890742,0.010249175766544716,0.010063139361669471,0.010057160254370645,0.009838824286713788,0.009767017361457686,0.009570226384941871
B2_mixture_x,5000,2,t3,900153,k2,0.05,99,0.07806442205787528,0.3112420849213993,0.2547197916003692,0.24813870432417956,0.24474340352739754,0.23991529287279725,0.23699059074738835,0.23644039844206666,0.2224623236206738,0.21519457848526477,0.20278929000252965,0.1970614536756915,0.1865062735901251,0.18648541233374194,0.1793759129108081,0.17529417152410542,0.1748120912883981,0.1729787301582715,0.17102963756835152,0.17068959052600768,0.16957469734770647
B2_mixture_x,5000,2,t3,900153,hsic,0.0,99,0.0003625792181089362,0.002688322627817844,0.0026287526176010673,0.0024490722958493607,0.00235668817345257,0.0022972572155858977,0.0021286434557376936,0.0019299585810951057,0.0017328803322821046,0.0017038418570872317,0.0016931695224327917,0.0016046324256714481,0.0015990701271513562,0.0015784548473761816,0.0015727516193377868,0.0015671918756147857,0.0015409789151718048,0.0015139320717534712,0.0014370839117206697,0.0014346290594180553,0.0014326774584001666
B2_mixture_x,5000,2,t3,900154,k1,0.05,99,0.005811122476252928,0.01490298583771088,0.013644101424080013,0.012240105536884038,0.012230064750026748,0.012139242715831555,0.012107845564501507,0.012001505144615066,0.011527100570841164,0.01136805020836551,0.011229088647040864,0.01122435819486467,0.011126131123921468,0.011114282538962295,0.010779027188114298,0.010395829270234636,0.010378605307696076,0.010271912911714032,0.010140113647740367,0.010037054023843028,0.009928329183360174
B2_mixture_x,5000,2,t3,900154,k2,0.05,99,0.11243700684879229,0.22723738769610602,0.21307471683528792,0.20814688219549773,0.20718623497535799,0.20705229035451067,0.19829743494437024,0.19430737283550084,0.1924537348574344,0.17905919534781586,0.16247725975689659,0.1586892752929786,0.15753730768371316,0.1493978667197169,0.1480237367663432,0.14540244018242193,0.1453263442408582,0.13351894574547726,0.1334355256150554,0.1313789583405329,0.12771498780728144
B2_mixture_x,5000,2,t3,900154,hsic,0.0,99,0.001647409182033649,0.004113777932509165,0.0033498070671327865,0.0031584902483317097,0.0029364847683490632,0.0029198359660773847,0.0029098748208265593,0.0028103322629111694,0.0027672294349845314,0.0025967708231595253,0.002576680223288916,0.002497095699869336,0.002495352950351981,0.002481841599849424,0.0024801385000964194,0.0024322327557441967,0.0024087108760487085,0.002354492977540049,0.002296681756944464,0.00229387565486279,0.0022899597607297225
B2_mixture_x,5000,2,t3,900155,k1,0.05,99,0.003087736825384657,0.013246597741512156,0.01316785949861854,0.012912244478513912,0.012540547901116805,0.012295500668685788,0.01198205577016842,0.011939347800713818,0.011206060656044792,0.011070496757451087,0.010982391934068358,0.010783627691810627,0.010656669150913567,0.010159334276675924,0.009813799622469532,0.009774094955347423,0.009756720099896365,0.009647071319796918,0.00961051195798035,0.00952980114838431,0.009356950600946101
B2_mixture_x,5000,2,t3,900155,k2,0.05,99,0.07649138225779777,0.29944192072218573,0.23702429805678318,0.2280319931768709,0.22415680485076145,0.21148088672160678,0.20379931867922021,0.20173673206603496,0.19471477814928562,0.19332822921397302,0.19321295976215633,0.19094671222829562,0.18898935604585493,0.18645023133896438,0.1812920648810459,0.18124228986837057,0.1809339190457286,0.18087841082547423,0.17707309350568987,0.17422206895944475,0.16643220390275026
B2_mixture_x,5000,2,t3,900155,hsic,0.0,99,0.00027240406332534574,0.002637345810545328,0.002515682154841935,0.0021134952740829637,0.0019696753257261897,0.0018819303418329246,0.0018423989142642401,0.0017850353150540386,0.0016649637826584205,0.0015896484947697954,0.0015425427888270114,0.0014360394182123897,0.00141169281074972,0.0013686676373057985,0.0012947402178407335,0.0012889059266181536,0.0012240091441196596,0.0012125732623146919,0.001198830313092467,0.0011769787310457005,0.0011442532842532657
B2_mixture_x,5000,2,t3,900156,k1,0.05,99,0.0021234893036031766,0.018405081793453015,0.013378243252412991,0.013127704437793875,0.01291681611289408,0.012403510825549136,0.01229322228455998,0.011643246209620872,0.010970818950164718,0.010617387000184664,0.010575378243995792,0.010489698576752193,0.009837526689065457,0.009726133820533223,0.009644875221839766,0.009457555226775827,0.0093959690667198,0.009350426040724447,0.009307714723852056,0.009270145480100966,0.0091916798540157
B2_mixture_x,5000,2,t3,900156,k2,0.05,99,0.0929403420450269,0.23258760606301107,0.2033785604570074,0.2005080332949057,0.18551308865389607,0.18311965342554395,0.17598882583736492,0.17381306896614815,0.1737953919048173,0.16899548492431077,0.16757410288810362,0.16435382708533944,0.16399161397973636,0.15816942022727895,0.14681898061657722,0.14491906294523751,0.1440175544597218,0.14073141178256235,0.13832185576962203,0.1375153558914932,0.1321039489519781
B2_mixture_x,5000,2,t3,900156,hsic,0.0,99,0.00021932593814284315,0.004238123489969292,0.0027098990032399135,0.0024611904500257266,0.0023472161072910004,0.0023201110546148982,0.0022568426266549374,0.002138101376735059,0.002119876438922804,0.0020681922360015034,0.0019985564454693306,0.001963788286210302,0.0019337362599058203,0.0019199406266021562,0.0018946763868817643,0.0018427084117314746,0.001831515627628604,0.001754074235087544,0.0017111201836155004,0.0016938478172122905,0.0016905698170564432
B2_mixture_x,5000,2,t3,900157,k1,0.05,99,0.003932769055236984,0.015774732880500242,0.015200260457304826,0.014204141109324553,0.01401250501904161,0.012890380139270907,0.01253097213998311,0.011379696409239859,0.01114876388976882,0.010970281843746377,0.010828603303271178,0.010525305310455257,0.009970147604788648,0.009924618040960564,0.00982103363806619,0.009797487264874283,0.009756263646082286,0.009600481590573362,0.009535499879485654,0.009441268377742285,0.009318513477716839
B2_mixture_x,5000,2,t3,900157,k2,0.05,99,0.14933099240281425,0.31790710773810205,0.24169473210631512,0.23656016832859422,0.2359310034309729,0.23529563558476826,0.22722089575298396,0.22097788699898446,0.20014530895573818,0.1941517135748713,0.19026703528411792,0.18211234655411548,0.180104398576859,0.17798454786746085,0.17495735395756015,0.17067060295700864,0.15407236976735286,0.15267857913310678,0.14923646190689832,0.14486026317947698,0.14473442287034505
B2_mixture_x,5000,2,t3,900157,hsic,0.0,99,0.0010722115429333305,0.004305271125832608,0.0036069109309545032,0.0034507954884819532,0.0032829304469544304,0.0031911703303897036,0.0031683092060883628,0.002900655632171332,0.0027737809208057285,0.0027472718279222064,0.0027317397174013523,0.0026962748151912095,0.002610938714491813,0.002499465288339278,0.0024805160839879714,0.0024350778478178414,0.0023053358995428833,0.002274101221351206,0.0022165799968959696,0.002159732482968482,0.002130212984095788
B2_mixture_x,5000,2,t3,900158,k1,0.05,99,0.0045436715054844035,0.014691775868534873,0.014057896512979284,0.012954951909613932,0.012616349410960903,0.012183576903738724,0.012080653826924581,0.01118830836044482,0.01099253295223157,0.010877089411575391,0.010786540934227928,0.010410507816437597,0.010387470205714622,0.010317811439353286,0.010086273494955278,0.009660185392015186,0.009609725173968742,0.00958187170850211,0.009550390521532504,0.009294759197569835,0.009255198733546854
B2_mixture_x,5000,2,t3,900158,k2,0.05,99,0.07912445680807469,0.3082259536477774,0.24310231178668681,0.23426075453130332,0.2204454944906028,0.2111034389101629,0.2096840845968854,0.18832869754951717,0.1878278721107868,0.18758615343796395,0.18039421703751166,0.1773529514016146,0.17041659502216192,0.16067446901203872,0.1568351870250092,0.14569247518592246,0.142405339382024,0.1415079325401759,0.14053472794012728,0.14032597812830513,0.13985998033930866
B2_mixture_x,5000,2,t3,900158,hsic,0.0,99,0.00040195749788244533,0.002949167795299502,0.0028667820779513967,0.002457701289729797,0.0024041411585973066,0.002374879871252403,0.002265210531304455,0.0022261803708082603,0.0022158789859346205,0.002132738622609114,0.0020242128228573344,0.002009165928831458,0.0019719307840732627,0.0019503819639408873,0.001854302288543421,0.001841815376249599,0.0017308470261090877,0.0017286788642338173,0.0016557473077108832,0.0016265844710314503,0.0016158964451147642
B2_mixture_x,5000,2,t3,900159,k1,0.05,99,0.008945328367061967,0.01441174701532244,0.014252235545254455,0.013533385389926655,0.012874447596133431,0.011795923230202954,0.011616202210320226,0.011604280652166676,0.010989212480991717,0.010403494159080484,0.010396969309500848,0.010299331210664175,0.010162332192450552,0.01008649567290365,0.009826526988707007,0.009623608735805256,0.00944151677229832,0.009325664832511626,0.009106464533681802,0.008639856440122995,0.008602312694397485
B2_mixture_x,5000,2,t3,900159,k2,0.05,99,0.14926613016014523,0.3379450197232207,0.3205597833943687,0.25165036197839596,0.21508346955938318,0.21021340510043066,0.20707873758664946,0.2053096986103627,0.20261273506896404,0.1985369364510287,0.19005559913291645,0.18995060245441564,0.1795092541087164,0.17321829528620594,0.17278000073732427,0.16999396563885652,0.1639358456636656,0.16340246602725494,0.16092324207103867,0.15978455556295443,0.15826228521351945
B2_mixture_x,5000,2,t3,900159,hsic,0.0,99,0.00026927451754930567,0.002436969577074081,0.002202446942543998,0.0021022731213078787,0.0020950618586599817,0.0020760719976403628,0.0019632518365125663,0.0018235350349630605,0.0017801921534123899,0.0017465316662325396,0.0016346430456657356,0.0016077536685849686,0.0015449154487935394,0.0015236274512112236,0.0015153508142185593,0.0014401463660591689,0.0013987426733019605,0.0012315519408341955,0.0012263353375234504,0.0011835827094989397,0.0011592485731804708
B2_mixture_x,5000,2,t3,900160,k1,0.05,99,0.004159566395274594,0.014596190464666647,0.012186212484184611,0.011762915534089369,0.01160618304330141,0.011492008584552571,0.010979847514567265,0.010713610763018022,0.010425247424294404,0.010395752610723563,0.010240260200969464,0.010172165378420583,0.00967211499341969,0.009637442583286027,0.009589051371323598,0.009511587411749178,0.009376624699404479,0.009328697990218515,0.00927411763720265,0.009080963661042607,0.009044825575647009
B2_mixture_x,5000,2,t3,900160,k2,0.05,99,0.07950823019481866,0.26199906308376064,0.2492905805072189,0.24741433710853833,0.234049355194184,0.1997619634956954,0.1887078003433545,0.18288966285802652,0.17704445688441617,0.16934359441999497,0.16835777792128512,0.16604301250906087,0.16061454974587464,0.15385231137784297,0.15076538015223012,0.15045698914111427,0.14941477650577867,0.14502190461974385,0.14418143457475655,0.13846432634588282,0.1337394195147507
B2_mixture_x,5000,2,t3,900160,hsic,0.0,99,0.0006289039893647892,0.0038009389417409238,0.003419948259300427,0.0032396561812295496,0.003227928709970366,0.003022958276010475,0.00295667980958563,0.002722758247288605,0.002597490724986277,0.002593220581271877,0.002569194704412315,0.002554902279871733,0.0022348943539741675,0.002216675930472815,0.002195001565441469,0.0020500829944993426,0.0018998083029835768,0.0018892938967843217,0.0018368125553724906,0.0018216500669228977,0.0017917732290072734
B2_mixture_x,5000,2,t3,900161,k1,0.05,99,0.006401750233811954,0.014445437029885322,0.014215503552733044,0.014210593396917992,0.012856626040705477,0.011351282631249848,0.011296916171521842,0.01063506736497244,0.010539264267137027,0.010533114199616445,0.010465138365675863,0.010410334735565296,0.010136961077703899,0.010028458798798545,0.009968518778323165,0.00990544456334097,0.009736714549955838,0.00973394095172797,0.009623173880202396,0.009453420333173534,0.009349783784664889
B2_mixture_x,5000,2,t3,900161,k2,0.05,99,0.23845450027968812,0.2339804334914198,0.2073788636010324,0.19686547424404507,0.18114585424583884,0.16523737509174355,0.16358323901412627,0.16237795612852507,0.1623126274487631,0.16108936114355835,0.15598061270467095,0.15308481306173755,0.149325526612933,0.1492177621376867,0.14875776081182826,0.1468999476252072,0.1461226822678801,0.14541586292382438,0.14501895953657595,0.14465833455501242,0.14445995821371194
B2_mixture_x,5000,2,t3,900161,hsic,0.0,99,0.0005648313321901784,0.006627674494456272,0.006036073826017149,0.005268044265781127,0.004314033710004608,0.003411677531327008,0.0032629489375714457,0.003101037539652661,0.0030337019615890616,0.003010025038488762,0.0028236270332628473,0.002792038072875184,0.0027203533325249546,0.0026818745912603453,0.002535556577368174,0.0025289270045593362,0.00225335074338489,0.002247271557703713,0.002143065810992567,0.0020553750890756036,0.0019155883652665245
B2_mixture_x,5000,2,t3,900162,k1,0.05,99,0.0046602842416306745,0.013788608478058184,0.013633114790599254,0.012722409502183174,0.011399825488697335,0.011373269825293963,0.011042899763497482,0.010869696310925048,0.010821103550023636,0.010339084899120055,0.00999503971983784,0.009923353233759369,0.009757716213311673,0.009698250488488824,0.009588739926339795,0.009485829389516032,0.009467671180346637,0.0093559394412146,0.009346205172644062,0.009136381754531131,0.009084353358008945
B2_mixture_x,5000,2,t3,900162,k2,0.05,99,0.08024766338434522,0.2699549449293406,0.26017275760111475,0.25400430108954253,0.2261566853009049,0.20648688604394821,0.19659809836359327,0.19102486451833625,0.1871004480930754,0.17852321578896252,0.16169193070082957,0.15779873124511068,0.15628121538666387,0.15493263146518668,0.15435999941138656,0.15259278180786867,0.15048398859031814,0.14930960243090002,0.14807469942101664,0.14740729077414175,0.14181955514916003
B2_mixture_x,5000,2,t3,900162,hsic,0.0,99,0.0008850263525519531,0.0026031823382498018,0.0023799583689995693,0.0021328006503696026,0.0021301500379599645,0.002104965732772451,0.0020975300155876083,0.002055493958351831,0.0019328710937483676,0.0018184346022149746,0.001796570030804856,0.0017484795556556674,0.001701788583430975,0.0016510117267124784,0.001625336971678634,0.001539730141115434,0.0015189359220707885,0.0014946874438996182,0.001447864283164655,0.0014237415933192029,0.0013201070975443038
B2_mixture_x,5000,2,t3,900163,k1,0.05,99,0.003375278573305218,0.014918215838080395,0.013989780335057711,0.013343868958357596,0.0132199603594515,0.012795144636628009,0.012159957859879778,0.012135116109876276,0.011949660446521237,0.011943926345471367,0.011556657899427725,0.011275014529621097,0.011051191291825635,0.010940921055808683,0.010758711901432405,0.01069261281811118,0.010563804372044294,0.0102157033451159,0.010170693397281716,0.010085332245579837,0.009982186396081505
B2_mixture_x,5000,2,t3,900163,k2,0.05,99,0.04386418466441982,0.2363422262035501,0.21510602318669617,0.20816846705858114,0.18929446490337298,0.18600287149435343,0.18169344622102118,0.17919935005617565,0.17904894703249166,0.17766568904200963,0.16880088057166828,0.16850163595631779,0.16587239370119633,0.16419207523060422,0.16337582922892907,0.16170731962930554,0.15451458095125323,0.15066175202589516,0.14994539233048493,0.14925898590078165,0.14552283688337253
B2_mixture_x,5000,2,t3,900163,hsic,0.0,99,0.0006235275705158675,0.003221315149599084,0.002860523513730459,0.0026895549976000753,0.002615132118799931,0.0023366363779082563,0.0022836858633906152,0.00224261856186815,0.002231749757438419,0.0022055008870393083,0.0022004184765456905,0.0021516555383871818,0.0021282029649649517,0.0019589514792600917,0.0018839888466355293,0.0018609679360672316,0.0018274051539042223,0.0018088882975214702,0.0017937732361823062,0.0017889279864963196,0.0016959693185944846
B2_mixture_x,5000,2,t3,900164,k1,0.05,99,0.004191496057068034,0.012227852219817592,0.012224418579722007,0.01205722391754882,0.011949463025280438,0.011537754011960333,0.01141325535843618,0.011178157640614472,0.011067395795319457,0.010719764463615555,0.010576633251216827,0.010462181340781362,0.010419413941838762,0.01026498256668451,0.009896686687765222,0.009787118759748248,0.009468978464454048,0.009460448165752533,0.009377055745905527,0.009347787125323026,0.009345813514968992
B2_mixture_x,5000,2,t3,900164,k2,0.05,99,0.06129728000659437,0.2118821720698042,0.2092836307692479,0.2007241263009466,0.19021079901861948,0.18390662606774885,0.17901880469235099,0.1733330232091402,0.1714710253144996,0.1614942066085149,0.1604324162211553,0.1602191549088492,0.16002229502154672,0.15759456036823036,0.15692224205546046,0.15599374192123194,0.15486342510161324,0.1527667243660089,0.15236650417981193,0.1514013068763165,0.1481342472340823
B2_mixture_x,5000,2,t3,900164,hsic,0.0,99,0.000696641811375111,0.0038573879738499203,0.0036777376449610814,0.0030559157395981815,0.0030094628815636897,0.002988318880769164,0.0028836901687403767,0.002735965534353236,0.0027308831585542027,0.0025891823627063686,0.002514498356325142,0.0023111156066802545,0.0022789038752951117,0.002209611152870466,0.002198784533769626,0.002134767845506511,0.002010375638854785,0.0019046175044100029,0.0018923164935830063,0.0018588204144065878,0.0017775512718481287
B2_mixture_x,5000,2,t3,900165,k1,0.05,99,0.00770159442770868,0.014612926459267372,0.014140292795495668,0.013778696454436523,0.012552584095483765,0.012469542801135991,0.011958091670389637,0.011790815899869078,0.011290189748625168,0.010920135679704512,0.010809068330693616,0.010765655990381151,0.010710555045141956,0.01053907189636305,0.010499628401800964,0.01040502044290259,0.01021557071017909,0.009968496776043279,0.009678615356787379,0.009175875175989612,0.009162079704196913
B2_mixture_x,5000,2,t3,900165,k2,0.05,99,0.11148177770092897,0.2648411677134961,0.23849170628886615,0.2251351521036273,0.20470265308224578,0.20304566197480708,0.18586360548950215,0.18391790682215906,0.1805869601069759,0.17660504279292893,0.17389759862487011,0.16806781769411794,0.1662292900541221,0.1606781386160598,0.15897597253103624,0.15773633021675673,0.15457388341095674,0.153466638873285,0.15344869961639312,0.15096521682386912,0.1469569440303856
B2_mixture_x,5000,2,t3,900165,hsic,0.0,99,0.0005716070650453054,0.0020814096947459177,0.0020807570273009817,0.001917150354196679,0.0018336411299236155,0.0017506690235942653,0.0017185140701459134,0.001613475704657946,0.0015630875911953753,0.0015319353117762185,0.0014875726270021609,0.0014656524862534115,0.0014465030086601295,0.0013131865802822305,0.0013095776190198225,0.001308204633918134,0.0012959177893875548,0.0012618153710878197,0.0012520242103661399,0.0012420176122741498,0.00122707882386559
B2_mixture_x,5000,2,t3,900166,k1,0.05,99,0.004747654061036499,0.014738139966526842,0.013997982180499302,0.013874175007390632,0.013101861866826714,0.012915551561796024,0.012359722496379622,0.011989785673927722,0.011687589575082313,0.01150707000683826,0.010907042322058524,0.010829775917129636,0.010808300809288407,0.010412236500614624,0.01039748452451894,0.010368123358420633,0.010347533421391497,0.010267647491245646,0.009821683894661759,0.009697836963506345,0.009216458853810394
B2_mixture_x,5000,2,t3,900166,k2,0.05,99,0.05100326855550685,0.24405498454321697,0.24171446667012908,0.21941008549834565,0.20528013594565592,0.19800970551447497,0.1952888554403692,0.19266354377170403,0.18988985914377002,0.17463801225519324,0.17453550032892043,0.1646368932211827,0.1539851457660713,0.15263072324443042,0.15122017932122553,0.14481784991056657,0.1430213535656505,0.14044963417436832,0.13939990508517452,0.1389135565443972,0.13888444330204852
B2_mixture_x,5000,2,t3,900166,hsic,0.0,99,0.0012158369809153993,0.005766084668141563,0.0043554205391386274,0.004075723334365832,0.0037795496926526324,0.0037454886493581085,0.0036034620584389806,0.00359088496248492,0.003272323995832269,0.003062885880680895,0.003046403669610855,0.0029585664540267647,0.002521075681457941,0.002514043180957416,0.0025066706890742333,0.002453321947837687,0.002401364369159522,0.0023412758006603725,0.0022684034166201763,0.002223695207352806,0.0021592486831248934
B2_mixture_x,5000,2,t3,900167,k1,0.05,99,0.0063605332562166605,0.018627837514193724,0.014565009180953603,0.014553692807044327,0.01332056330088116,0.012905686264820249,0.012590093640051259,0.01214806557694259,0.012075787784417535,0.012028782208688749,0.011836820357317368,0.011530296646961369,0.011323668696901046,0.011093555162199897,0.010967215207572711,0.010914216234435226,0.010544088238053306,0.010447766545606862,0.010373948154994372,0.009977257338730672,0.009929185932762707
B2_mixture_x,5000,2,t3,900167,k2,0.05,99,0.11669666862969133,0.19068683281303864,0.17754268041263171,0.1707104168756026,0.1696748523869318,0.16604597485337155,0.16424613165965365,0.163881910759521,0.16038191434645907,0.15858210264065778,0.15685990911380623,0.15649338620649852,0.15364112812744343,0.1533058107909258,0.1526618323964252,0.1517458642761985,0.1480184460169221,0.14783812964718585,0.14523468252254057,0.14506404106637016,0.1439323409404093
B2_mixture_x,5000,2,t3,900167,hsic,0.0,99,6.297067407930353e-05,0.0025580495463568297,0.0023750142111528035,0.002374166340474026,0.0023512000569917532,0.0023472429621990924,0.0023365177353346384,0.0019185513285341648,0.0018513734372252462,0.0016691108846473835,0.0016677077140768886,0.001612704793175553,0.0015850377059257582,0.0015685502290298133,0.0015508027963019126,0.0014279347531078702,0.0013834044277631226,0.0013799268373507053,0.0013652437035934768,0.001193778207222186,0.001180586430010977
B2_mixture_x,5000,2,t3,900168,k1,0.05,99,0.005476284307279644,0.01778180367974802,0.01711062290290455,0.014648827058260094,0.014459512174374911,0.013966294328730977,0.013675870163634363,0.013164106744184223,0.012576601530894904,0.012541576170136626,0.012361635369375179,0.011757126114538274,0.011158710795744264,0.010982217450298593,0.010870662300153322,0.010820201356228853,0.010475980193862422,0.010336184161742978,0.010225655090215557,0.010155032196178526,0.010053709059351656
B2_mixture_x,5000,2,t3,900168,k2,0.05,99,0.20178174218647318,0.38357624093120735,0.27928883600616583,0.24808199826218955,0.21979754154595765,0.2113649947324988,0.2013201803108307,0.1960426922940646,0.1954285970489189,0.1894734104070196,0.18257473153387016,0.17801064556962432,0.1776021657303349,0.16930819983389728,0.16715750674806631,0.16247902685822244,0.15819294901792108,0.15370845639662944,0.1530591713750522,0.15060281651409074,0.14998024111301958
B2_mixture_x,5000,2,t3,900168,hsic,0.0,99,0.0014706919333556366,0.00455106891239259,0.0040975848784616615,0.003854478335599459,0.0037774054657872826,0.003740623283519752,0.0034966758894040178,0.003240071807610887,0.003182498329369834,0.0031408217580236658,0.003079757728536239,0.0030414476637349395,0.002998737191117304,0.0027761840918846025,0.0027559234466468007,0.0027043318180370616,0.0027032323064312557,0.0026082679400116294,0.0026001403506985907,0.0025782495818194237,0.0025111162848935487
B2_mixture_x,5000,2,t3,900169,k1,0.05,99,0.005077613951808058,0.01611844604022461,0.01381965409277408,0.013218687730756074,0.013172432744877005,0.013094573973219004,0.01150029560778243,0.011412308322776066,0.011404189876831117,0.01126917826029139,0.011168508978969038,0.010985094628484848,0.010327643152001853,0.010017522821703206,0.009876885514621403,0.009709888274583522,0.009630640008758129,0.009380662150725416,0.009290349730984082,0.009240377545593148,0.009223605864700946
B2_mixture_x,5000,2,t3,900169,k2,0.05,99,0.14066191919202214,0.48540130890710836,0.23073525475026838,0.20555599674165795,0.197174858892619,0.19063814928774817,0.1876521377830214,0.1794694314793031,0.17799571625686553,0.17537316398812183,0.1724213157657024,0.1642175120402065,0.16372231248213684,0.16268563053145693,0.16266507409040729,0.15892444940208977,0.15007873483403594,0.1449968920424033,0.1440191764186522,0.14380462825230492,0.13968419427332995
B2_mixture_x,5000,2,t3,900169,hsic,0.0,99,7.276522584971035e-05,0.0026124202576397635,0.0022837674116179623,0.002216952628634165,0.0020659826980834995,0.001997722098022733,0.001971984090704104,0.0019046795181991297,0.0018961599800536842,0.001818835872745813,0.0017522554338850504,0.001742630245144094,0.001684567540790102,0.0016716420011105822,0.0016387519526015672,0.001637888762008275,0.001593373212611536,0.0015548926806809363,0.0015415993951465763,0.0014784842425748482,0.0013305653449316103
B2_mixture_x,5000,2,t3,900170,k1,0.05,99,0.0026682228441285982,0.015767122522805987,0.015386372220253852,0.013978947790849738,0.013535174758542379,0.013140269870652865,0.013063555384805636,0.012792739371659367,0.012442000301551959,0.011970531999735079,0.011957941354624024,0.01149599384117328,0.011309132652316034,0.0109707197148593,0.010967711536237545,0.010564014096737462,0.010442514192861019,0.010427904121479092,0.010226279406215455,0.009741909170497998,0.009665686254755723
B2_mixture_x,5000,2,t3,900170,k2,0.05,99,0.09983148059348067,0.2805572106439155,0.28018897101705575,0.18188816481484701,0.17545624311453928,0.17410116983707571,0.16477339473450392,0.1578358413895718,0.1571661105997152,0.15037202094114652,0.14947307343412755,0.14825000780453182,0.1388864080974078,0.138454321611386,0.1347696813978328,0.134660650566114,0.13398475025947443,0.13051864361785756,0.13035447506554015,0.12817577097767324,0.12764589008258465
B2_mixture_x,5000,2,t3,900170,hsic,0.0,99,0.0007047052616970808,0.0036969047258702545,0.0034774059497904497,0.0033416317172826828,0.0033254373766928033,0.003231770649332002,0.002902192366157209,0.0028966293739505536,0.002664122338898116,0.0026311427575430152,0.002630545447018909,0.002609010740106507,0.0025913573486116706,0.002499666799648883,0.002439713209104391,0.0023764063322937435,0.002260937237844868,0.0022332742706758523,0.0021026449209308085,0.002035251246977655,0.002019969549289859
B2_mixture_x,5000,2,t3,900171,k1,0.05,99,0.003409956231326783,0.014171844988641769,0.01292545212913887,0.012742678075627567,0.012715198853605725,0.01187409261910044,0.011554941084824244,0.01152152631577208,0.011345441885297625,0.010665696840518546,0.010580195982746288,0.01056002555502622,0.010376758810819675,0.010287428031572454,0.010123610454710441,0.009889279830752606,0.009815490877267075,0.009748381641975778,0.009409427888577904,0.00931973702294231,0.009211967142233712
B2_mixture_x,5000,2,t3,900171,k2,0.05,99,0.09283040921817522,0.3048609957573903,0.25570746417031054,0.22673128727950753,0.20762870981496123,0.20233434257113986,0.19412772867284694,0.1904012464779403,0.18956548167766854,0.18703463152598163,0.1850140489805987,0.183282361485237,0.18181082981280128,0.177581297874806,0.17408172689148388,0.16381135126699126,0.16099736704557874,0.15413038746395077,0.14660715007635028,0.1448590668334467,0.1440285065046994
B2_mixture_x,5000,2,t3,900171,hsic,0.0,99,1.3980204188017087e-05,0.0035748130706080125,0.0028626151828674046,0.002263636290224967,0.0022398872686173062,0.002221164378947278,0.002171324432229875,0.0020018817472525967,0.0019219514799828075,0.0019120603611663266,0.0017727187108226732,0.0017074523818011841,0.0015641165539836278,0.0015427842473719937,0.001404806932764285,0.0013812216453588488,0.0013426121089043191,0.0012959072345541916,0.0012954507560326842,0.0012932269137971187,0.0012871419214407905
B2_mixture_x,5000,2,t3,900172,k1,0.05,99,0.006211559097153763,0.01594462191139956,0.014493289124747344,0.013146689421520308,0.01268431594860131,0.011887039703385893,0.011551349579523973,0.01154565463507451,0.011036035486734153,0.010974411984179477,0.010892879622501628,0.010852855403673645,0.01058353739161455,0.010485008778652216,0.010417344832786557,0.010407939252279341,0.01034311064430371,0.010188796609478246,0.009307488250984375,0.009217847294561099,0.009182873200154318
B2_mixture_x,5000,2,t3,900172,k2,0.05,99,0.09916660038395031,0.25210816988467505,0.19023793554997467,0.18937597170768097,0.1866268793235602,0.1836529761894686,0.18231671593696153,0.18013565216656474,0.17639932897944358,0.17437957773282067,0.17211706921437564,0.17008979797381754,0.16547447511678148,0.1612561452693183,0.1555207350398595,0.15326945458954028,0.14641683544281886,0.14603736039421364,0.14345106857410922,0.14140939285376175,0.14124163423557765
B2_mixture_x,5000,2,t3,900172,hsic,0.0,99,0.000919623551247037,0.0037244301799718763,0.0036639226023188103,0.00336592683346421,0.0032756845418012597,0.0029874341549508588,0.002977286344951909,0.0029179904394216758,0.0029040179012669973,0.0028612406625226376,0.00284194936231508,0.0026394489106649622,0.002428637287240967,0.0024256997007434515,0.002297041015578122,0.0021561951165939503,0.00208345439851681,0.0020712693712513536,0.0020680714559064887,0.0020002225802933167,0.0019332615679057313
B2_mixture_x,5000,2,t3,900173,k1,0.05,99,0.0037233810897177033,0.012892006736058614,0.012244270042342076,0.012235737762599452,0.011458003485540713,0.011224106154232194,0.011072143276433244,0.010876001412855496,0.01073836424944552,0.01029374996499488,0.010089552500645915,0.010008368882214236,0.009769024900353696,0.00972262945544311,0.00966432551138352,0.009392650005189962,0.009352402164113705,0.00896854968260341,0.008815357644090804,0.008726211824908292,0.008722568480471815
B2_mixture_x,5000,2,t3,900173,k2,0.05,99,0.09389373914634419,0.258544363427864,0.2517377939915173,0.23941857989111479,0.23937033691277088,0.23322537227465276,0.2197039106810186,0.2165806823263777,0.21337877544939382,0.19491572608408997,0.18057872156980834,0.17880404214407508,0.17803347594521501,0.17408563244157266,0.17263254725687913,0.17225571478105203,0.17202071981589487,0.16646901327493327,0.16255413499278967,0.1615163160141688,0.15922582846570987
B2_mixture_x,5000,2,t3,900173,hsic,0.0,99,0.001408539532039119,0.005587421611039949,0.005484868272593509,0.004385525018215942,0.004208114810235542,0.004087176540040471,0.003962008856336404,0.003648197696737412,0.00363806900362581,0.0035870796699583878,0.0035600665425081167,0.0033647705920864324,0.003363029607325374,0.00329421919030882,0.0031396007473138148,0.003076870160300241,0.003028700762636696,0.0029949116503328924,0.0029734065843126547,0.002800708672190076,0.0027360862331206443
B2_mixture_x,5000,2,t3,900174,k1,0.05,99,0.0061011838343726366,0.015034143975295233,0.01296649869984745,0.012696746284036609,0.012280509726934286,0.011900724766174542,0.011872376723555234,0.011828925138869573,0.011580679326457899,0.01131104038103381,0.011168743779175094,0.011042816878167994,0.0108738513187,0.010354080529370813,0.010120824204346124,0.009901057067920882,0.009812163432611376,0.009750462852975317,0.009572348722446278,0.00921834038710001,0.009169050219676067
B2_mixture_x,5000,2,t3,900174,k2,0.05,99,0.10725207695472727,0.26245877827372555,0.2162591224852907,0.21469035048904564,0.21141909118493912,0.20715253831849595,0.19431744948252136,0.19172021669647105,0.18544302914718783,0.17821384003725077,0.17112614201885146,0.16963125918774308,0.16858327600154227,0.1606828834966383,0.15984693467473665,0.15443091106936496,0.15243175912232992,0.1507189304690485,0.14619945108765856,0.14054979814782373,0.14041898034929964
B2_mixture_x,5000,2,t3,900174,hsic,0.0,99,0.0004308552334280452,0.003369326464586725,0.0029045535007050567,0.002430973173958786,0.0022321185283791585,0.002181606096178403,0.0019670541939207794,0.0019612339946612216,0.0019017804083499765,0.001843417023214495,0.0018210805411666762,0.0018158098696900954,0.0017787455616248007,0.0016246312975955635,0.0016236572963101317,0.0015807529657031142,0.0015488171244827425,0.0014653309004061584,0.0013913113785787238,0.0013393992420199037,0.001318097958408244
B2_mixture_x,5000,2,t3,900175,k1,0.05,99,0.0032419235696847792,0.014895634486480347,0.014556644049513956,0.012292747828715922,0.012035620757911869,0.010986178110051315,0.010567879846008266,0.010306375493691844,0.009861143918345805,0.009728903198400474,0.009676424277650364,0.009623998869719541,0.009597699481946775,0.009581869818589439,0.009575848228276396,0.009539724562539043,0.009321143585561575,0.00920910542436415,0.009065663476456765,0.009048810135760088,0.008982616561261314
B2_mixture_x,5000,2,t3,900175,k2,0.05,99,0.052883739462963854,0.2981711239484992,0.27594807314090336,0.22060761633112,0.21642729937195906,0.21023180488081936,0.20639982775544272,0.19324865283011367,0.19204383316079573,0.18927453711957193,0.18605244396088705,0.18353789357776826,0.18137106561219032,0.17962363116428615,0.17615321608386372,0.17246638775421555,0.17225978194134725,0.17210725863796156,0.16795806283338222,0.164660931018431,0.15215777767220695
B2_mixture_x,5000,2,t3,900175,hsic,0.0,99,0.0003006413549059672,0.0034649118467737147,0.002370701033660044,0.002257929595135965,0.002219634681175213,0.0021137246577877435,0.0020701514377926083,0.0018476044331434088,0.001841916069057022,0.0018246712464652123,0.0017885761314790115,0.0017533282266805777,0.0017016148470667869,0.001700420367076883,0.0016740522387945773,0.001669475065323094,0.0015951571562152324,0.0014983083438710387,0.001367889774194877,0.0013619343886343742,0.0013487194074140191
B2_mixture_x,5000,2,t3,900176,k1,0.05,99,0.005213745533269032,0.016628694755895235,0.015415073429961068,0.013124570301284999,0.012451999627573707,0.012259367062206428,0.011994174493509924,0.011481629614377153,0.01138879155557071,0.011255211771158957,0.011005395974651111,0.010995653388703341,0.010568825463067921,0.010194378612640276,0.010187166105983692,0.009600155358672091,0.00954930307743107,0.00951278878630335,0.009415604452301163,0.009363230530471722,0.009235391529347825
B2_mixture_x,5000,2,t3,900176,k2,0.05,99,0.1798341819250407,0.2735322402990803,0.23661503677607246,0.2345154765963587,0.20447432780139188,0.20157268226394895,0.1995979503045998,0.192300042974457,0.18962565595837852,0.18888945618018727,0.17982589656472758,0.1791169205929577,0.17499478747255773,0.16964920188813978,0.1655819391872342,0.1583611594121647,0.1468921065777317,0.14630616355722642,0.14133731582829687,0.1397740082478224,0.1389998161251379
B2_mixture_x,5000,2,t3,900176,hsic,0.0,99,0.0011858064163518343,0.014254953442528698,0.010870736537559557,0.009641371962017814,0.009438389048861049,0.008777002896110345,0.007562515116487897,0.006328928517082278,0.0060953275911203005,0.006068593777289886,0.005054705836387099,0.004808699989766946,0.004470248156139102,0.0043270507721281165,0.0040345834008296035,0.003980894373933841,0.0035551498675276305,0.0035444426556148173,0.0034968758345007727,0.0034114041146152546,0.003260980562913592
B2_mixture_x,5000,2,t3,900177,k1,0.05,99,0.005310698530081703,0.019135301011657835,0.015845601285642275,0.015366187821144739,0.013480533780227177,0.012681189410063687,0.012317237423766558,0.012008191975605098,0.011968695868710189,0.01151674029657912,0.011470148823304105,0.011419438669375226,0.011344517228511819,0.011314252119813184,0.010814461840207179,0.01069279418218394,0.010521129322884848,0.010369660871880071,0.010279253633923124,0.010063327543899159,0.01002834250646234
B2_mixture_x,5000,2,t3,900177,k2,0.05,99,0.09892035398457555,0.23578961204930662,0.22526741318604196,0.22031745760255989,0.21795665430944186,0.21543682504732348,0.2058216489328536,0.18858141710774878,0.18580030115930435,0.1856797541781683,0.18079515712657826,0.1785578252494358,0.16556109420327833,0.15574504999233107,0.15481392404075106,0.1542924135011709,0.15165289891489125,0.15141611408850775,0.14257258937533862,0.1408456907695513,0.14068350150839928
B2_mixture_x,5000,2,t3,900177,hsic,0.0,99,0.0025535835745415483,0.0075698535379106775,0.00614501518844614,0.00590544377406865,0.005850852115162478,0.005166253236957408,0.005034507794726513,0.005015374001003705,0.004719765636066236,0.004695808870766213,0.0045312709744525555,0.004344911823677566,0.004294627838970174,0.004223145844548543,0.0041891763978649035,0.004127597426598302,0.00406967871302652,0.004030871843696679,0.0038823840154408756,0.003840935569738748,0.003829958449833171
B2_mixture_x,5000,2,t3,900178,k1,0.05,99,0.004621487439337657,0.013354164781889555,0.013235637427615798,0.01313048241162984,0.013116524572000854,0.01294265613100265,0.012106619204877322,0.011930893108147544,0.01164387175319892,0.011328134791759092,0.01129929379528305,0.011112879179323798,0.010939849862508289,0.010797713675526843,0.01072890637523416,0.010400744871338796,0.010286771179517484,0.010133757384202635,0.010018776302888277,0.00998654356468387,0.009984555765132686
B2_mixture_x,5000,2,t3,900178,k2,0.05,99,0.2878727281470002,0.24531657568836202,0.2449868553386847,0.2292040319163247,0.22862871105680851,0.21939865480305912,0.21336192173741586,0.1853467130555171,0.18283644388176395,0.18274793517265406,0.18116815354899263,0.18112317728020844,0.17717997482139872,0.17712592394806648,0.17379316354160174,0.1687300006019649,0.1681520595180208,0.16648944325051362,0.16071173398505592,0.15227145913350154,0.14873970010732246
B2_mixture_x,5000,2,t3,900178,hsic,0.0,99,4.715335321456604e-06,0.0024986095793709537,0.0024599046450012258,0.00235731785361809,0.0022311579036581016,0.0022241335792851594,0.0020076398104324875,0.0019448660490118442,0.0018821787069760675,0.0017823912759989441,0.00176167987860169,0.0016551630898968255,0.0016301545922858646,0.001627478180803611,0.001619707413632317,0.0016140345534267503,0.0015713956765836155,0.0014972060837101099,0.0014705327946408712,0.0014685466764004641,0.0014307540510698524
B2_mixture_x,5000,2,t3,900179,k1,0.05,99,0.004738423666487357,0.015176167619386338,0.013529117287441661,0.012766800446023074,0.012216656698450401,0.012131106696707805,0.011791482930091024,0.01141188732138998,0.011228140043589963,0.011208150543115414,0.01089242159901671,0.010814882079513866,0.010687499534560385,0.010494887417510368,0.010376824313132582,0.010345000596107545,0.010329803850421482,0.010216757510596586,0.010204671595893888,0.010099236797093236,0.009974644376724351
B2_mixture_x,5000,2,t3,900179,k2,0.05,99,0.12979076007199988,0.5311037184400408,0.2580094439888429,0.23423321323144558,0.20855008232283684,0.18211423652625175,0.17215934490657409,0.17116740947638068,0.1600456423534418,0.15397330899209535,0.15335071660272417,0.1490831249077326,0.14717598718409308,0.14383703125527286,0.14314855570975737,0.1417751112085039,0.14111167181907128,0.1396396885762994,0.13907598214297132,0.13632398956181385,0.13627711507207912
B2_mixture_x,5000,2,t3,900179,hsic,0.0,99,0.0004260128102979997,0.0034621372826420848,0.003062238560474287,0.0020587591277923404,0.001995061726706957,0.0018799521261191614,0.0017493628332804069,0.0017222519424501645,0.0016998217557983163,0.001687664674391263,0.0016754696206968361,0.0016153963512220667,0.0015554507312005165,0.0015538008263774614,0.001530074844633073,0.0015227606312937854,0.0015136823862456224,0.0015022915390674341,0.0014908000556142606,0.0014897155289788338,0.0013956454190744481
B2_mixture_x,5000,2,t3,900180,k1,0.05,99,0.0047223621537640925,0.012749898367630741,0.012683289855437874,0.011903307257887574,0.011523350311626213,0.011417188321786509,0.011403173571626457,0.011337026725958155,0.011121829961209584,0.011092314754408084,0.010942030141685821,0.010792579176146622,0.010614862208529474,0.010584821425389968,0.010434120721623974,0.010423492366116616,0.010081343495250472,0.010039074010340876,0.009885921763773564,0.009852464758808743,0.009378726745097432
B2_mixture_x,5000,2,t3,900180,k2,0.05,99,0.20587656981635602,0.21240898182928022,0.20939547308994333,0.20374411024016384,0.18946511032885868,0.17534493679261887,0.1750768559764073,0.16443227076359568,0.16033045440445617,0.1548587143786335,0.1548266836829696,0.15242248234534286,0.1518196307021587,0.15165639296186764,0.14699517851352834,0.1467343160218225,0.14444609094746916,0.14087247571167985,0.13918457759947156,0.13872785562984288,0.13853930250823254
B2_mixture_x,5000,2,t3,900180,hsic,0.0,99,0.00015988735891635467,0.0025445595527751443,0.002440190797469162,0.002338520126553634,0.0022343003258331238,0.002181634313560504,0.0021084275783268673,0.0019851106459550035,0.001940070607996332,0.0018926606720040475,0.001653380235603384,0.0016425758629516033,0.0016405677211084406,0.0015202477949618706,0.0013913434830770328,0.0013648127939686694,0.001329292449450461,0.0013128866633610847,0.0012953033136318714,0.0012418778115688373,0.0012053772194767106
B2_mixture_x,5000,2,t3,900181,k1,0.05,99,0.006815713287339764,0.013869742163471144,0.012741942681190443,0.011807455359281516,0.01156245532280753,0.011221151614237312,0.011182562304261179,0.01098317813718852,0.010545370373362561,0.010319518967981,0.010042297465210681,0.010038620214421146,0.010002356436221937,0.009940823423365552,0.009918332859329637,0.0098283710846081,0.009803137260354311,0.00975000051567576,0.009499514240686957,0.009449071660043495,0.009407650144970248
B2_mixture_x,5000,2,t3,900181,k2,0.05,99,0.19529607036909222,0.31583598439880417,0.2282646476288969,0.21024078469312596,0.20308130822997147,0.20114220227007162,0.19801976929008328,0.19800116959535444,0.18395109957133013,0.18175949736875877,0.16784402499027584,0.16505043827078777,0.15774246418769838,0.15336763949875912,0.14493067832443063,0.14278430442886195,0.14073431276363632,0.13099765495686594,0.13075526924052194,0.13041441945377544,0.12569352956658436
B2_mixture_x,5000,2,t3,900181,hsic,0.0,99,0.00046564638761218487,0.002966031958851346,0.002923034637405524,0.0026863877501381666,0.0024164582247560586,0.0022162648678037754,0.0019447283776424073,0.0019109969886614763,0.0019018541555320852,0.0018761139120044427,0.0018126105283165436,0.0018065880340855365,0.0017814406066368577,0.0017034561026298427,0.001690563257683327,0.0016735665088582557,0.0016066558698385521,0.0016007895992794605,0.0015822243852848142,0.0015705839012269884,0.001567473074903439
B2_mixture_x,5000,2,t3,900182,k1,0.05,99,0.0043041089343544,0.01816394115738762,0.017627561894990373,0.013688836999436793,0.012950450681950332,0.011351132254334373,0.011041088953429368,0.01098729508590468,0.01036521355691733,0.010090523422543685,0.01008936140996275,0.01001193017565527,0.009698908775706339,0.009622121773101733,0.009616013554117786,0.009535977258522288,0.009509323546993853,0.009458035503187467,0.00902377987442804,0.008781994327418996,0.008774339223245331
B2_mixture_x,5000,2,t3,900182,k2,0.05,99,0.06460458057719959,0.340517165494053,0.30565665356492616,0.2600631368754,0.2480273363386835,0.2320402057573722,0.22829623741124083,0.20907064320354782,0.18579580914954644,0.1825737550480905,0.17884316160530503,0.17787559837960987,0.16699464979711684,0.15885221400019503,0.1563211633502106,0.15326973817676848,0.1527449839448064,0.1525664956774612,0.15011831978906234,0.1497383243633068,0.13905695034388765
B2_mixture_x,5000,2,t3,900182,hsic,0.0,99,0.0011581704089587642,0.002913640641020313,0.002846727661644132,0.0028256271266347385,0.0024866095007092005,0.0024787491336800927,0.002283031235933723,0.002224940258174092,0.002216809756784928,0.0021789125538004463,0.0021688190059083873,0.0020606082536801054,0.0020585233865675727,0.0020287711822770376,0.0019836835617676853,0.001979704821204359,0.00188860159191746,0.0018876511542340586,0.0018377226578536238,0.001749067347915106,0.0015957117319039882
B2_mixture_x,5000,2,t3,900183,k1,0.05,99,0.005191124623258325,0.014358634581821628,0.012700774040300011,0.011978074775274572,0.011506323085539893,0.011184373245388901,0.01100889563549845,0.010819942755167067,0.010424132909547357,0.01035449661506238,0.010346137612575634,0.010275526373253685,0.010035018133291551,0.010025555347090598,0.009996284397473798,0.00982402541441696,0.00978473468850738,0.009698231440070315,0.009269843335040773,0.00908383103540511,0.009076370859916971
B2_mixture_x,5000,2,t3,900183,k2,0.05,99,0.1288175888213627,0.321141384725924,0.2980793455825959,0.2366329812679346,0.23376032389640541,0.2317189928372228,0.2186147009195366,0.21043949344636026,0.1791127659313275,0.17498344767057297,0.1700962986953559,0.158083737318173,0.1526171944957384,0.1499853978431301,0.14537793479680558,0.14448715602067347,0.1440970277294377,0.14277852857628592,0.14257890217407293,0.13965774676295467,0.13893600506120482
B2_mixture_x,5000,2,t3,900183,hsic,0.0,99,0.0004331968398982411,0.003055862649794817,0.002606650665648198,0.002516878519017902,0.002397196265450004,0.002374081077499551,0.0022954379847647667,0.002277966690729507,0.0022536401550527687,0.002016704260381622,0.001912274817517114,0.0019087979681307833,0.0017897955012245704,0.0016747015615278314,0.001587778194070713,0.001569302455715125,0.0014945582973767625,0.0014749154805277173,0.001473850019738796,0.0014469327297115268,0.001434620072835058
B2_mixture_x,5000,2,t3,900184,k1,0.05,99,0.006696161942399859,0.01496459390869509,0.013937497909227159,0.013340571337989271,0.011928602300910862,0.011728681296125809,0.011416469789912065,0.011222355362695224,0.011112756136130386,0.01053119759450849,0.010509942510058656,0.010498303663944442,0.010382300836273672,0.0102710815626752,0.010255983747183395,0.010185123318915301,0.010144961428878219,0.010033943549576652,0.009845163856124328,0.009746667881542881,0.009699492526095033
B2_mixture_x,5000,2,t3,900184,k2,0.05,99,0.2401246294034966,0.3400751795727977,0.2857282800243724,0.2573523598403519,0.22368362112252982,0.19836511467683296,0.1974476795319946,0.185322978684116,0.1799591395626789,0.17695954138300354,0.17367234089788094,0.1686762603691105,0.1677381161027792,0.1674298819909514,0.16659684818361206,0.16355700396779463,0.15909969953653313,0.15820776605429857,0.15654971745545102,0.15528321155489488,0.15403216133409403
B2_mixture_x,5000,2,t3,900184,hsic,0.0,99,0.0007518317453245667,0.005049950868933224,0.00424847504701876,0.004009298781555011,0.003907653021342746,0.0033043814599967875,0.0032964356476064553,0.003276033941239817,0.0031595322234833135,0.0028860276003783544,0.002793646078488967,0.0026641053764992636,0.0026132561632511114,0.0025668498389465545,0.0024801094065004603,0.002423852064831336,0.002414233196461857,0.0023013431651519845,0.002288604348632347,0.0022437386213591494,0.00224034346265461
B2_mixture_x,5000,2,t3,900185,k1,0.05,99,0.005348816312433113,0.013144961873967853,0.012489077650520652,0.011816038158256492,0.01116116692840563,0.010959540867078066,0.010806254849685781,0.010796018076911551,0.010755255069973435,0.010724766033875843,0.010420266888553686,0.010404980447512369,0.010341870282044585,0.009735052825631918,0.009656819464013311,0.009605263893523563,0.009417063359357325,0.00940888060478473,0.009280448861552215,0.009146895673465383,0.009144784794421268
B2_mixture_x,5000,2,t3,900185,k2,0.05,99,0.16612245153339078,0.2768729136125517,0.26812476406321967,0.2634426679179484,0.24264299005872111,0.24090299347715532,0.21759434771532277,0.21518498050993182,0.2151610256067147,0.2121706963820034,0.19922507675114515,0.19838028680859054,0.1958809883737147,0.18459319930902468,0.18121978171821482,0.1798855391365773,0.174817922400713,0.1721671387731933,0.16862544464079243,0.1613217245730114,0.15812912172054597
B2_mixture_x,5000,2,t3,900185,hsic,0.0,99,0.0008726417827794428,0.0045626538727736215,0.003992303949288909,0.003672504309805278,0.0036581916936794068,0.003502588477824027,0.00332526398529296,0.00304430592783932,0.0029666752917571217,0.00289021247446213,0.0028120311170267663,0.002779009218810705,0.0027432660325057176,0.002714120642969816,0.0024423818240258397,0.002376462548200278,0.002366043843704475,0.0023351339702410044,0.002319719132414705,0.002319541181405851,0.0022784597149026423
B2_mixture_x,5000,2,t3,900186,k1,0.05,99,0.005574659282469807,0.016571994886868446,0.014900971041444389,0.01236266300587252,0.012297408789206932,0.011968587785201268,0.011951232400414846,0.011761577744583751,0.011493402779453765,0.010884314092628355,0.010650385505530768,0.010516842541091531,0.010136153050384511,0.010037079961348172,0.009941503671961005,0.009754856207217388,0.009662243778932877,0.009577723556477902,0.009468013788263119,0.009449624686316271,0.009416509880570967
B2_mixture_x,5000,2,t3,900186,k2,0.05,99,0.15400006590661014,0.3147475513401028,0.26690813941766695,0.2500283266489155,0.22008291242558758,0.19840748594775015,0.19341046055424857,0.19266595081076124,0.17893886066812703,0.17863634457823394,0.17585670035291104,0.1753428427343646,0.17340643651869272,0.1698920916578008,0.16956942371392808,0.1535676202521378,0.15327796173795746,0.15140737251284703,0.14977450098498188,0.14487577056231252,0.14192534158599937
B2_mixture_x,5000,2,t3,900186,hsic,0.0,99,0.0011429361708474414,0.0030481451476996073,0.003003749898851963,0.0028839303876151455,0.002836800657669873,0.0028352063394868564,0.002772088041404865,0.0026509657461784024,0.0026336671305145303,0.0025650368976925277,0.002545950210132108,0.002525020897096601,0.002509134944154818,0.0024548412084587816,0.0024220332043545095,0.002275485471210156,0.0022532689549212568,0.0022370618778943248,0.002171952233917026,0.002164188530157987,0.002160761991784926
B2_mixture_x,5000,2,t3,900187,k1,0.05,99,0.004612585476413633,0.015152438336324403,0.014725065866733833,0.013769134446408593,0.013531957311680332,0.01317296824380687,0.011423033962452478,0.011179152396222691,0.01109122101838278,0.01106279816105804,0.010786846570753572,0.010351268695877769,0.010224816652933066,0.010078345143628042,0.009839613547353299,0.009570450382203832,0.009542723107175854,0.009525963316727726,0.009500271988117093,0.009429376891979757,0.009394990882533594
B2_mixture_x,5000,2,t3,900187,k2,0.05,99,0.09746634969304047,0.2793473666370229,0.22906052741611782,0.21385233059838407,0.21234792983332876,0.2091774022406468,0.20256170767555132,0.1953762233877945,0.18949392150276925,0.18219226661931287,0.18062736518688005,0.17981049235226088,0.17275713102101714,0.17039208828259536,0.1691424615070345,0.16732636666205664,0.16723223140857885,0.15665029798298818,0.15166949339321556,0.1512146268409739,0.15003868541494544
B2_mixture_x,5000,2,t3,900187,hsic,0.0,99,0.00036801287078648646,0.0025548097875811708,0.0024407773760766675,0.002332046801521156,0.002292428289898668,0.0022122301305530726,0.0021080510863316663,0.002102733986589266,0.002087492760711345,0.001980460777696157,0.0018902617934251815,0.0018598939474739026,0.0018333630566533942,0.0018142072667436601,0.0017624092694337545,0.0017032873349740005,0.0015464146127096966,0.001477191118111412,0.0014426099238417627,0.0014157531936595893,0.001376119424665353
B2_mixture_x,5000,2,t3,900188,k1,0.05,99,0.004587681587972958,0.01776512942643005,0.013198205674458507,0.011642474580147444,0.011462623159052443,0.011403245938311768,0.011344158595352094,0.011292983429994963,0.011204719986561917,0.011098852868534625,0.010975166331087194,0.010892995820541262,0.01079036555024615,0.01065777196570139,0.010627485636829914,0.010293873655648933,0.010104360721553851,0.010087720182764603,0.00972811421615749,0.00926681891165626,0.009174313862064798
B2_mixture_x,5000,2,t3,900188,k2,0.05,99,0.1459316412480322,0.26441663400201665,0.22225786102407713,0.2188364996749084,0.2158209207152655,0.205289381560684,0.2045774575783687,0.2036815711332065,0.2029651342480274,0.19457141196500818,0.1944336067563884,0.18763162962474617,0.18721153283861755,0.18210104112704192,0.17219910667822205,0.17176538882952214,0.16176375541227916,0.16104194994755727,0.15776572903535202,0.1458268259546052,0.14533823188255834
B2_mixture_x,5000,2,t3,900188,hsic,0.0,99,3.58615030863207e-05,0.0040884388124179235,0.0031154581604656787,0.0030036737347369745,0.0026256795601940484,0.002160492976777119,0.0019076212587098333,0.0017670771392633072,0.0016820139014999008,0.0016431014084051945,0.0016314945513998772,0.0014969120483511499,0.0014724918643355587,0.0014690707459216348,0.0013260005921089172,0.0013197309021039999,0.0012398834070417898,0.0011758780316816755,0.0011499790451273118,0.0010676327757888281,0.0010615709456148184
B2_mixture_x,5000,2,t3,900189,k1,0.05,99,0.005102429001577202,0.0166210868479143,0.016302530583327313,0.015445583635881888,0.014759622866135969,0.014102700221965248,0.013585113296723184,0.012830428880006739,0.012458254583098571,0.0118116729367439,0.011626304181174385,0.011271225152927777,0.011173904305707194,0.010893631847651686,0.010825057918326664,0.010631238594562942,0.00996869681230339,0.009340075235137357,0.009296134945951717,0.009225771466077726,0.009155390821901421
B2_mixture_x,5000,2,t3,900189,k2,0.05,99,0.1454984234991319,0.36941678882020057,0.29226786933192683,0.2822080746439737,0.26767581809249835,0.23815244629905846,0.2330734997435627,0.20635924510407394,0.19716992945391112,0.19449541596610692,0.18753511330059588,0.1706552130996601,0.16833154600296987,0.1677011217121754,0.16526072314148696,0.16136019922641012,0.16004465094282394,0.15732461533239692,0.1561339105986782,0.15331158792756422,0.14922663349397405
B2_mixture_x,5000,2,t3,900189,hsic,0.0,99,0.0001520816771574327,0.0021366551893612887,0.0021336700265642866,0.0017383893243892768,0.0017111803916723262,0.00169613671574071,0.00166187631942955,0.001650112508713415,0.0016414313746660597,0.0016144840583655732,0.001571370172472153,0.001393797951107819,0.0013165683944012332,0.001299029019536998,0.0012911463425259468,0.0012896106912289394,0.0012324504274296658,0.001228834847402361,0.0012268079872351505,0.0011939356503848997,0.0011688586928127935
B2_mixture_x,5000,2,t3,900190,k1,0.05,99,0.007374147486298388,0.014214144873719525,0.013723629377217272,0.013050851534915142,0.01258068937887924,0.012140926650255901,0.01213643343478188,0.01139005649861613,0.011274190650465865,0.010721569535426245,0.010695726454832188,0.010664715000094582,0.010359351381640902,0.01035850889126555,0.01017296339386553,0.00976566975146953,0.009531846087662332,0.009504827108284153,0.0094205646093114,0.009266370648871036,0.009197380959516499
B2_mixture_x,5000,2,t3,900190,k2,0.05,99,0.23704451985193103,0.3228226563964498,0.2987014364847415,0.2335864221019368,0.22362567147617798,0.2071352545455276,0.20637863886062668,0.2039333579981792,0.19439709779889341,0.18919652828005756,0.18772558255259583,0.18730440543858753,0.17017549866642728,0.16901007652332983,0.16144873348095162,0.1609160832064987,0.15917105540698587,0.1536315103753594,0.15342202542146738,0.14881598797860413,0.14642523829472165
B2_mixture_x,5000,2,t3,900190,hsic,0.0,99,0.0007918866877359333,0.0025712084859800823,0.0023305026060612515,0.002213592897993572,0.002165418364290808,0.0020050651525037877,0.0019974232155158056,0.001805940949123047,0.001775180667688774,0.001730005745562741,0.0017246536693468538,0.0016919751814242425,0.0016852659699650345,0.0016634227991574135,0.0016562288981778273,0.0016388986996468751,0.0016041504849899028,0.0015546436351104513,0.0015413743203315279,0.0015198253740429316,0.001500580579223989
B2_mixture_x,5000,2,t3,900191,k1,0.05,99,0.006512121111136082,0.020563070317498378,0.014223431255442676,0.014170213948183186,0.013194083069234752,0.01277741240903607,0.012602519552264657,0.012534496845553078,0.01193185714189926,0.011871433880351834,0.011053632795056556,0.010864368312929695,0.010711980043158764,0.010406267649870293,0.01035787604329308,0.010186441026125093,0.00995975068706545,0.009957755606611163,0.009845990773099667,0.009806291212067886,0.0096309318314729
B2_mixture_x,5000,2,t3,900191,k2,0.05,99,0.13366381279165893,0.27773632282906163,0.26633564655999103,0.2598527525158368,0.23794206981594532,0.2304464420583496,0.19791023774450847,0.18827422079125647,0.18108363992324542,0.1796233957370396,0.1599211383034953,0.1550958576177054,0.15433329183412414,0.152259579467138,0.14967789215239674,0.1487701312119758,0.14307264932074565,0.1411254346563767,0.13725127682328797,0.13605316052131158,0.13395831838459
B2_mixture_x,5000,2,t3,900191,hsic,0.0,99,0.00023449998801443483,0.0021839995313731172,0.002016944327410057,0.0019459393051084093,0.00186278357411682,0.0017226881435886427,0.0017182075744876066,0.0017151781093358491,0.0016736670132548007,0.0016025946895480995,0.001481820729765753,0.0014697324386978333,0.0014213763331431526,0.0014166509403419826,0.001373455776133407,0.001361894046374973,0.0013127428414537838,0.0013002680620231078,0.00125223008927708,0.0012400481275639287,0.0012307186519531206
B2_mixture_x,5000,2,t3,900192,k1,0.05,99,0.0021164828656989876,0.01579035304010601,0.013883176518196705,0.013596912579643461,0.01294761699707303,0.012795523418714927,0.012418336257938645,0.011865756180677645,0.011827057901255822,0.011299819913156206,0.01115956293986653,0.010899044675147018,0.01085617474353695,0.010607882306958194,0.009854492830393635,0.009669587235620503,0.009235053535273319,0.009161137663796448,0.009151629880836287,0.009129105359853673,0.008883452648622558
B2_mixture_x,5000,2,t3,900192,k2,0.05,99,0.046162093206797386,0.347963637834511,0.18984932209143945,0.17687789768529352,0.169272330627691,0.1679724921318141,0.1626249042150524,0.1574396131076504,0.15725324319226444,0.15650819932877832,0.15588870530112628,0.15342803637109195,0.1490884961917417,0.14797817706000946,0.14674079543172336,0.14589765280786426,0.14576114709539303,0.1456099473324794,0.1433974405725474,0.14239189977797712,0.14035246284145728
B2_mixture_x,5000,2,t3,900192,hsic,0.0,99,0.0010896143774787167,0.0055852365761956775,0.004952584698738821,0.0044232075342635485,0.003748911958546394,0.0036430502334999374,0.0035300295234077213,0.0031109393359672398,0.003088834989805278,0.0030259895655876446,0.002955625410048817,0.0029006109249097543,0.002828339368706241,0.0027393495823977592,0.002725232065867511,0.0027234226115810402,0.0026724377718862005,0.002632496467837042,0.002510780358531596,0.002474925276934436,0.002437028764627824
B2_mixture_x,5000,2,t3,900193,k1,0.05,99,0.006455166508130494,0.01662774279354251,0.013253479741835106,0.012658150980082272,0.012361441870878065,0.012040475326799305,0.012023644423342694,0.012015788410738026,0.011055903609807904,0.010259311803448301,0.010064970134485707,0.009745932493817833,0.009668024788098362,0.00965979126157579,0.00960268518969043,0.009589247639008147,0.009518751389687163,0.009505345582216052,0.0094245725654718,0.00937998990007205,0.009213397861248307
B2_mixture_x,5000,2,t3,900193,k2,0.05,99,0.22604454656086018,0.2424789528675495,0.22588422817082063,0.21254984781594985,0.20467404949360704,0.20334861480730126,0.19590656235806292,0.18739539016484372,0.18136480929016632,0.17949841689659216,0.17028224566946107,0.16500856684894552,0.16476410507052555,0.1625169907945898,0.1612072668518609,0.16070637269778676,0.1598652083055765,0.1594721135880184,0.15429129094795516,0.15309446405617239,0.14592893715831876
B2_mixture_x,5000,2,t3,900193,hsic,0.0,99,0.0002081064169737445,0.004439056979638255,0.002955990076485646,0.0027881367767179314,0.002192665766809776,0.0020369113368070963,0.0019997944845532925,0.0019948761710772197,0.001960652348145587,0.0018471443549245314,0.0018401750065613336,0.0018378249888872386,0.0017853994557882253,0.001709794074635049,0.0017042523846542892,0.0016365304175723367,0.0015734898512620773,0.0015324001024186,0.0014976292781527004,0.0014411193614139322,0.0014095789692062841
B2_mixture_x,5000,2,t3,900194,k1,0.05,99,0.008220002437690055,0.014168689798374157,0.013630760214218607,0.013297661990393506,0.012642068646364413,0.011739546893712038,0.01146689281033153,0.011293891919231913,0.011145554357586573,0.010836647964667767,0.01074327006243403,0.010712688313331054,0.010630533562073885,0.010364554546067328,0.009868851639120546,0.009814706683247909,0.009766740937837914,0.009737515811954034,0.009341229341372492,0.00926225484487353,0.009164295731172722
B2_mixture_x,5000,2,t3,900194,k2,0.05,99,0.2049300493409628,0.3306336654597517,0.24476387501693042,0.2399414904502909,0.2135624383884959,0.18357656059405078,0.18242250891031836,0.17814952182300364,0.17403921542157902,0.16794526312155322,0.16183406215163146,0.15552728983544747,0.15498160837139635,0.1541434673786417,0.14779948089473657,0.14472895133866226,0.14197447368562413,0.14044181575801828,0.1392509338872919,0.13847847346455783,0.13838792684722176
B2_mixture_x,5000,2,t3,900194,hsic,0.0,99,0.0003605159425857434,0.003081783829691057,0.002894886611308727,0.00263623921427974,0.0020800355786497336,0.0019756391365794625,0.0019405633104480073,0.001935931289857071,0.0018778843719310253,0.0018586614212175447,0.0018292798513348779,0.001629983981468422,0.0015449896478703542,0.0015069489797808952,0.0014815188444412771,0.0014582787792124484,0.0014474837237938975,0.0013827429938622236,0.0013734409877322637,0.0013605286683533965,0.0013514092233267551
B2_mixture_x,5000,2,t3,900195,k1,0.05,99,0.010476989504102807,0.019448371975119172,0.014283212777680965,0.013205861983290657,0.012499369459465282,0.012278095022552171,0.011831737327647529,0.011557627283075744,0.011215658604501133,0.011102385469983878,0.01092946007891804,0.01028882010189447,0.009645340692956639,0.009512457329668433,0.009398395544090832,0.008946992766252881,0.008934790180000873,0.008870935482990228,0.008676672713742839,0.008397144409826862,0.00837999173272419
B2_mixture_x,5000,2,t3,900195,k2,0.05,99,0.18436596105372471,0.3029088351280136,0.26976040839256904,0.23357011372340153,0.2045399870420294,0.19847636224568085,0.19337674765220514,0.18844410025902755,0.18206127628840688,0.17937571282400852,0.17783901490051585,0.17380003966772387,0.17209977563447873,0.1696523826987828,0.16923326730534485,0.1691090092844966,0.16724826929236591,0.1653785191485552,0.16384480635552168,0.1605564369668242,0.15895736888348289
B2_mixture_x,5000,2,t3,900195,hsic,0.0,99,0.0020267442002904834,0.00676382523530783,0.0047597404788708875,0.004703862616742482,0.00438860957113002,0.004376257720294775,0.004167916277913378,0.004085608256888909,0.004067612243728215,0.0039723647409283525,0.003936518702178384,0.003928891648632012,0.0038557501852067013,0.0038390566564750167,0.0038099681382015547,0.00370070987867456,0.003649868318852891,0.003646196261936764,0.0036258567675321986,0.003622871667503824,0.003554413239231929
B2_mixture_x,5000,2,t3,900196,k1,0.05,99,0.0022776604916666665,0.013962476947720459,0.013194644115503307,0.012905223555999545,0.011370053240715938,0.010886085989541883,0.010760553112279192,0.010642710944876455,0.01043791038183306,0.010106714543038686,0.010055584249190619,0.009964036447709157,0.009930452289168334,0.009840162241725792,0.009717253307191975,0.009572285596655239,0.009239933223247454,0.008972981868701324,0.0089021573215744,0.008797459481549863,0.008624825697814531
B2_mixture_x,5000,2,t3,900196,k2,0.05,99,0.0873134713748993,0.22496949874952063,0.19769427448692153,0.1885211880994577,0.1802627584827481,0.17771865638307696,0.17512974778629123,0.17499715912481176,0.1725088802942338,0.16868329780968713,0.16615654634313376,0.16147731986344968,0.15418353667770648,0.15358222757439935,0.15272339914055835,0.1503038017493828,0.14641141604586186,0.14350877442634485,0.14162338875564717,0.1415267347753014,0.1406287573749697
B2_mixture_x,5000,2,t3,900196,hsic,0.0,99,0.0003429813443104205,0.002493227535581584,0.0024482219886747835,0.0021492967494924206,0.0019533035474098384,0.0018215085174844393,0.0017568760012988515,0.0016476587888503201,0.0015259584675540666,0.001471195860589549,0.0013460579830671835,0.0013303432057787444,0.0012231586316409704,0.0011664222386710277,0.0011220470391039084,0.0011073341748499964,0.001071685446788354,0.0010692513703933586,0.0010563272533846908,0.00102441355644655,0.0010098062960574004
B2_mixture_x,5000,2,t3,900197,k1,0.05,99,0.006995931036876346,0.015341390487992657,0.013627106697270186,0.012410858210056497,0.011799294878661382,0.011481793452143951,0.011200213351546529,0.011158823033168175,0.011139882438908177,0.011128233163733015,0.010541833945237333,0.010353666899408642,0.010026993122493444,0.010003910812973027,0.009971270990724812,0.009839400965487077,0.009529942196376484,0.009186212834666696,0.009111794418674712,0.009044045468526107,0.008955269902309326
B2_mixture_x,5000,2,t3,900197,k2,0.05,99,0.15156210273386136,0.2844600258947785,0.2652287105754044,0.2308144701902985,0.2028312147358354,0.1955982362110326,0.1922784428051632,0.19017055484089096,0.1883418985669779,0.186759235322362,0.18155995839940967,0.18075270116079967,0.17514515899446503,0.17285520352233003,0.17266214287486972,0.17024908080844947,0.1669922952715577,0.16453583299901775,0.1629995764404526,0.16052511987283447,0.15945832248222128
B2_mixture_x,5000,2,t3,900197,hsic,0.0,99,0.0002594093435799282,0.0026707638225672843,0.002505647518332479,0.0021558094748537707,0.002151813878664929,0.002116883729629304,0.0020550896920520927,0.0018860489353328693,0.0018114172769646301,0.001727803316119897,0.0016252798668975575,0.001618818237084869,0.0016097270115112948,0.0016049293351627593,0.0015767481622064798,0.0015565672398571164,0.0015474365984737056,0.0015274967544585357,0.0014744976064546389,0.0014370884914550101,0.0014113406989309648
B2_mixture_x,5000,2,t3,900198,k1,0.05,99,0.008163058991517591,0.01931808741012986,0.012161311901529803,0.012062190272679407,0.011471730647937606,0.011402578176430422,0.010934883861957179,0.010772669136392077,0.010470537904093247,0.01013049351443751,0.010088426101409143,0.009901031102827362,0.009811911836894227,0.00979676142478525,0.009615999757576321,0.009554727400426621,0.009406950674208936,0.009291768016994606,0.008939933466377115,0.008936319431379958,0.00872591821871116
B2_mixture_x,5000,2,t3,900198,k2,0.05,99,0.19650133253690513,0.32074573011787955,0.2577623829237991,0.2490258997412335,0.21466094065283386,0.21452840211827373,0.20646155700854513,0.1994417467924168,0.17456853599701003,0.1738748321634315,0.16966933217890662,0.16945104080044526,0.16759751423548977,0.16413769859014954,0.15836969332839915,0.1554926836287287,0.1524618698329118,0.14988665199793333,0.1495617070076982,0.14915986556383198,0.1488337383501439
B2_mixture_x,5000,2,t3,900198,hsic,0.0,99,0.00035791449855068357,0.002962464196100257,0.0026451419746432578,0.0024643108293830656,0.0023477276322263203,0.0021992299831374643,0.002072742931934367,0.0018645622191392605,0.0018551234495831185,0.0018463349999516894,0.0018221760312555368,0.0017869075278688972,0.0017773920873032363,0.0016169239632616624,0.001585982696644309,0.001583607255935243,0.001581280621456192,0.0015671862329838828,0.0015422452007698964,0.0015367874374920551,0.001491770290879818
B2_mixture_x,5000,2,t3,900199,k1,0.05,99,0.006394113602108953,0.01533223189157018,0.012793770115468228,0.01249444982144099,0.012479582497607278,0.011626685424592553,0.011366760256779407,0.011328956189544548,0.011262311751731202,0.010135123512928779,0.010087379149817166,0.010075585996728309,0.010016888860467699,0.009649622939638336,0.009568198533728478,0.009482100532255289,0.009359445040031944,0.00929471652979863,0.009278128972880162,0.009174272386511029,0.009169105082882156
B2_mixture_x,5000,2,t3,900199,k2,0.05,99,0.08727813990775198,0.2665214767544517,0.2557666977858236,0.2355117332750939,0.23444607654763083,0.19281444882294332,0.1919312803140711,0.18950622048181145,0.18833201665096236,0.1856705358078047,0.18492011500927724,0.1810253392216378,0.17491924113855592,0.1739435697642158,0.17111425141383435,0.170104683330037,0.16339466582028664,0.16328280772570578,0.1609173029476888,0.1599094354361044,0.15961746113321262
B2_mixture_x,5000,2,t3,900199,hsic,0.0,99,5.2688892034033155e-05,0.0028078798980133864,0.0026441655256076494,0.002225353661943725,0.002119384746002517,0.002043403240070404,0.002030694917616853,0.0016032796867678876,0.0015961207081632005,0.0015916282446978315,0.0015331726901617493,0.0014363341691489592,0.001432422879285755,0.0014316841871152871,0.0014110361654686848,0.0014059285278649803,0.0013206433384284886,0.001306372065143227,0.0012999367178493355,0.001280567094816952,0.0012732762858557896
