cell,tail,family,rho,n,seed,dt_stats_s,stat,engine,stat_obs
2-2-4,none,mixture,0.2,1000,800000,0.0071560389988007955,kl_plugin,none,2.8889578120822415e-08
2-2-4,none,mixture,0.2,1000,800000,0.0071560389988007955,kl_split,none,0.040018857567786725
2-2-4,none,mixture,0.2,1000,800000,0.0071560389988007955,kl_crossfit,none,0.040724723022603604
2-2-4,none,mixture,0.2,1000,800000,0.0071560389988007955,cf1_margin,none,0.0
2-2-4,none,mixture,0.2,1000,800000,0.0071560389988007955,slack_plugin,none,0.0
2-2-4,none,mixture,0.2,1000,800000,0.0071560389988007955,gm_battery,none,0.0
2-2-4,none,mixture,0.2,1000,800000,0.0071560389988007955,gtest,none,12.758870795105498
2-2-4,none,mixture,0.2,1000,800001,0.008838674999424256,kl_plugin,none,3.1127524610219376e-11
2-2-4,none,mixture,0.2,1000,800001,0.008838674999424256,kl_split,none,0.03942421277082271
2-2-4,none,mixture,0.2,1000,800001,0.008838674999424256,kl_crossfit,none,0.03922437571521693
2-2-4,none,mixture,0.2,1000,800001,0.008838674999424256,cf1_margin,none,0.0
2-2-4,none,mixture,0.2,1000,800001,0.008838674999424256,slack_plugin,none,0.0
2-2-4,none,mixture,0.2,1000,800001,0.008838674999424256,gm_battery,none,0.0
2-2-4,none,mixture,0.2,1000,800001,0.008838674999424256,gtest,none,30.427376266261007
2-2-4,none,mixture,0.2,1000,800002,0.007006850995821878,kl_plugin,none,0.005802925131112337
2-2-4,none,mixture,0.2,1000,800002,0.007006850995821878,kl_split,none,0.03236364815653134
2-2-4,none,mixture,0.2,1000,800002,0.007006850995821878,kl_crossfit,none,0.04067122332627779
2-2-4,none,mixture,0.2,1000,800002,0.007006850995821878,cf1_margin,none,0.07021628086512344
2-2-4,none,mixture,0.2,1000,800002,0.007006850995821878,slack_plugin,none,0.14043256173024693
2-2-4,none,mixture,0.2,1000,800002,0.007006850995821878,gm_battery,none,0.0
2-2-4,none,mixture,0.2,1000,800002,0.007006850995821878,gtest,none,19.473109913581787
2-2-4,none,mixture,0.2,1000,800003,0.007535901997471228,kl_plugin,none,0.001792446977960157
2-2-4,none,mixture,0.2,1000,800003,0.007535901997471228,kl_split,none,0.04342826215560999
2-2-4,none,mixture,0.2,1000,800003,0.007535901997471228,kl_crossfit,none,0.04676124762274472
2-2-4,none,mixture,0.2,1000,800003,0.007535901997471228,cf1_margin,none,0.04230730579841224
2-2-4,none,mixture,0.2,1000,800003,0.007535901997471228,slack_plugin,none,0.08461461159682437
2-2-4,none,mixture,0.2,1000,800003,0.007535901997471228,gm_battery,none,0.0
2-2-4,none,mixture,0.2,1000,800003,0.007535901997471228,gtest,none,17.99789239976606
2-2-4,none,mixture,0.2,1000,800004,0.007816982004442252,kl_plugin,none,0.002758310871101826
2-2-4,none,mixture,0.2,1000,800004,0.007816982004442252,kl_split,none,0.04359309118038448
2-2-4,none,mixture,0.2,1000,800004,0.007816982004442252,kl_crossfit,none,0.04861056901798566
2-2-4,none,mixture,0.2,1000,800004,0.007816982004442252,cf1_margin,none,0.04792076673226775
2-2-4,none,mixture,0.2,1000,800004,0.007816982004442252,slack_plugin,none,0.09584153346453551
2-2-4,none,mixture,0.2,1000,800004,0.007816982004442252,gm_battery,none,0.0
2-2-4,none,mixture,0.2,1000,800004,0.007816982004442252,gtest,none,20.88907809746314
2-2-4,none,mixture,0.2,1000,800005,0.008435659001406748,kl_plugin,none,0.0010786792385636783
2-2-4,none,mixture,0.2,1000,800005,0.008435659001406748,kl_split,none,0.06661025464518888
2-2-4,none,mixture,0.2,1000,800005,0.008435659001406748,kl_crossfit,none,0.06258759432415861
2-2-4,none,mixture,0.2,1000,800005,0.008435659001406748,cf1_margin,none,0.03281312525010005
2-2-4,none,mixture,0.2,1000,800005,0.008435659001406748,slack_plugin,none,0.06562625050020007
2-2-4,none,mixture,0.2,1000,800005,0.008435659001406748,gm_battery,none,0.0
2-2-4,none,mixture,0.2,1000,800005,0.008435659001406748,gtest,none,9.642932737447278
2-2-4,none,mixture,0.2,1000,800006,0.006608626994420774,kl_plugin,none,0.0031544320520041774
2-2-4,none,mixture,0.2,1000,800006,0.006608626994420774,kl_split,none,0.04496598984680473
2-2-4,none,mixture,0.2,1000,800006,0.006608626994420774,kl_crossfit,none,0.04986484092747698
2-2-4,none,mixture,0.2,1000,800006,0.006608626994420774,cf1_margin,none,0.05363543266769066
2-2-4,none,mixture,0.2,1000,800006,0.006608626994420774,slack_plugin,none,0.10727086533538144
2-2-4,none,mixture,0.2,1000,800006,0.006608626994420774,gm_battery,none,0.0
2-2-4,none,mixture,0.2,1000,800006,0.006608626994420774,gtest,none,12.301245116349921
2-2-4,none,mixture,0.2,1000,800007,0.007736843006568961,kl_plugin,none,0.00423238228691343
2-2-4,none,mixture,0.2,1000,800007,0.007736843006568961,kl_split,none,0.04726841874139507
2-2-4,none,mixture,0.2,1000,800007,0.007736843006568961,kl_crossfit,none,0.04953275131302196
2-2-4,none,mixture,0.2,1000,800007,0.007736843006568961,cf1_margin,none,0.05999999999999961
2-2-4,none,mixture,0.2,1000,800007,0.007736843006568961,slack_plugin,none,0.12
2-2-4,none,mixture,0.2,1000,800007,0.007736843006568961,gm_battery,none,0.0
2-2-4,none,mixture,0.2,1000,800007,0.007736843006568961,gtest,none,9.355711633591657
2-2-4,none,mixture,0.2,1000,800008,0.007615600996359717,kl_plugin,none,0.0007036803240001895
2-2-4,none,mixture,0.2,1000,800008,0.007615600996359717,kl_split,none,0.0498165443882651
2-2-4,none,mixture,0.2,1000,800008,0.007615600996359717,kl_crossfit,none,0.04554279196218998
2-2-4,none,mixture,0.2,1000,800008,0.007615600996359717,cf1_margin,none,0.02588810355241422
2-2-4,none,mixture,0.2,1000,800008,0.007615600996359717,slack_plugin,none,0.05177620710482832
2-2-4,none,mixture,0.2,1000,800008,0.007615600996359717,gm_battery,none,0.0
2-2-4,none,mixture,0.2,1000,800008,0.007615600996359717,gtest,none,33.898505163758585
2-2-4,none,mixture,0.2,1000,800009,0.008592482001404278,kl_plugin,none,0.0017377346761652326
2-2-4,none,mixture,0.2,1000,800009,0.008592482001404278,kl_split,none,0.0439335388369909
2-2-4,none,mixture,0.2,1000,800009,0.008592482001404278,kl_crossfit,none,0.04566271046255002
2-2-4,none,mixture,0.2,1000,800009,0.008592482001404278,cf1_margin,none,0.03917567026810731
2-2-4,none,mixture,0.2,1000,800009,0.008592482001404278,slack_plugin,none,0.07835134053621454
2-2-4,none,mixture,0.2,1000,800009,0.008592482001404278,gm_battery,none,0.0
2-2-4,none,mixture,0.2,1000,800009,0.008592482001404278,gtest,none,11.85271873877166
2-2-4,none,mixture,0.2,1000,800010,0.0075009870051871985,kl_plugin,none,0.0005358982646572752
2-2-4,none,mixture,0.2,1000,800010,0.0075009870051871985,kl_split,none,0.04330041007060187
2-2-4,none,mixture,0.2,1000,800010,0.0075009870051871985,kl_crossfit,none,0.044250377270130856
2-2-4,none,mixture,0.2,1000,800010,0.0075009870051871985,cf1_margin,none,0.023109950495842524
2-2-4,none,mixture,0.2,1000,800010,0.0075009870051871985,slack_plugin,none,0.046219900991685235
2-2-4,none,mixture,0.2,1000,800010,0.0075009870051871985,gm_battery,none,0.0
2-2-4,none,mixture,0.2,1000,800010,0.0075009870051871985,gtest,none,46.99786514039678
2-2-4,none,mixture,0.2,1000,800011,0.007225508998089936,kl_plugin,none,9.913667112995282e-09
2-2-4,none,mixture,0.2,1000,800011,0.007225508998089936,kl_split,none,0.05388725678121478
2-2-4,none,mixture,0.2,1000,800011,0.007225508998089936,kl_crossfit,none,0.054434447914250395
2-2-4,none,mixture,0.2,1000,800011,0.007225508998089936,cf1_margin,none,0.0
2-2-4,none,mixture,0.2,1000,800011,0.007225508998089936,slack_plugin,none,0.0
2-2-4,none,mixture,0.2,1000,800011,0.007225508998089936,gm_battery,none,0.0
2-2-4,none,mixture,0.2,1000,800011,0.007225508998089936,gtest,none,26.48598844850426
2-2-4,none,mixture,0.2,1000,800012,0.00574923399835825,kl_plugin,none,2.2063768769950445e-14
2-2-4,none,mixture,0.2,1000,800012,0.00574923399835825,kl_split,none,0.05810134784403098
2-2-4,none,mixture,0.2,1000,800012,0.00574923399835825,kl_crossfit,none,0.05657033397226795
2-2-4,none,mixture,0.2,1000,800012,0.00574923399835825,cf1_margin,none,0.0
2-2-4,none,mixture,0.2,1000,800012,0.00574923399835825,slack_plugin,none,0.0
2-2-4,none,mixture,0.2,1000,800012,0.00574923399835825,gm_battery,none,0.0
2-2-4,none,mixture,0.2,1000,800012,0.00574923399835825,gtest,none,22.311717684324847
2-2-4,none,mixture,0.2,1000,800013,0.0066831939984695055,kl_plugin,none,0.00046560319232187737
2-2-4,none,mixture,0.2,1000,800013,0.0066831939984695055,kl_split,none,0.03229517351022944
2-2-4,none,mixture,0.2,1000,800013,0.0066831939984695055,kl_crossfit,none,0.0348300185897055
2-2-4,none,mixture,0.2,1000,800013,0.0066831939984695055,cf1_margin,none,0.020396734282433937
2-2-4,none,mixture,0.2,1000,800013,0.0066831939984695055,slack_plugin,none,0.04079346856486822
2-2-4,none,mixture,0.2,1000,800013,0.0066831939984695055,gm_battery,none,0.0
2-2-4,none,mixture,0.2,1000,800013,0.0066831939984695055,gtest,none,17.379723540631133
2-2-4,none,mixture,0.2,1000,800014,0.00760323600115953,kl_plugin,none,0.005047203147141362
2-2-4,none,mixture,0.2,1000,800014,0.00760323600115953,kl_split,none,0.07026472485232033
2-2-4,none,mixture,0.2,1000,800014,0.00760323600115953,kl_crossfit,none,0.0617034150077823
2-2-4,none,mixture,0.2,1000,800014,0.00760323600115953,cf1_margin,none,0.07075824699154387
2-2-4,none,mixture,0.2,1000,800014,0.00760323600115953,slack_plugin,none,0.1415164939830878
2-2-4,none,mixture,0.2,1000,800014,0.00760323600115953,gm_battery,none,0.0
2-2-4,none,mixture,0.2,1000,800014,0.00760323600115953,gtest,none,3.7310160101282435
2-2-4,none,mixture,0.2,1000,800015,0.006740940996678546,kl_plugin,none,0.0022778058793801494
2-2-4,none,mixture,0.2,1000,800015,0.006740940996678546,kl_split,none,0.054816293314124444
2-2-4,none,mixture,0.2,1000,800015,0.006740940996678546,kl_crossfit,none,0.05698934769307934
2-2-4,none,mixture,0.2,1000,800015,0.006740940996678546,cf1_margin,none,0.04729727026497199
2-2-4,none,mixture,0.2,1000,800015,0.006740940996678546,slack_plugin,none,0.09459454052994391
2-2-4,none,mixture,0.2,1000,800015,0.006740940996678546,gm_battery,none,0.0
2-2-4,none,mixture,0.2,1000,800015,0.006740940996678546,gtest,none,15.616830902728289
2-2-4,none,mixture,0.2,1000,800016,0.006541422997543123,kl_plugin,none,4.561390277658084e-14
2-2-4,none,mixture,0.2,1000,800016,0.006541422997543123,kl_split,none,0.04026653297263495
2-2-4,none,mixture,0.2,1000,800016,0.006541422997543123,kl_crossfit,none,0.03910105529670413
2-2-4,none,mixture,0.2,1000,800016,0.006541422997543123,cf1_margin,none,0.0
2-2-4,none,mixture,0.2,1000,800016,0.006541422997543123,slack_plugin,none,0.0
2-2-4,none,mixture,0.2,1000,800016,0.006541422997543123,gm_battery,none,0.0
2-2-4,none,mixture,0.2,1000,800016,0.006541422997543123,gtest,none,15.460206534463182
2-2-4,none,mixture,0.2,1000,800017,0.006491331005236134,kl_plugin,none,0.00012559122984025055
2-2-4,none,mixture,0.2,1000,800017,0.006491331005236134,kl_split,none,0.05303686207961956
2-2-4,none,mixture,0.2,1000,800017,0.006491331005236134,kl_crossfit,none,0.0535296201737845
2-2-4,none,mixture,0.2,1000,800017,0.006491331005236134,cf1_margin,none,0.010616042464169695
2-2-4,none,mixture,0.2,1000,800017,0.006491331005236134,slack_plugin,none,0.021232084928339737
2-2-4,none,mixture,0.2,1000,800017,0.006491331005236134,gm_battery,none,0.0
2-2-4,none,mixture,0.2,1000,800017,0.006491331005236134,gtest,none,18.127150412271845
2-2-4,none,mixture,0.2,1000,800018,0.006591422003111802,kl_plugin,none,0.0006649981696174936
2-2-4,none,mixture,0.2,1000,800018,0.006591422003111802,kl_split,none,0.052894882528662486
2-2-4,none,mixture,0.2,1000,800018,0.006591422003111802,kl_crossfit,none,0.05571944866902463
2-2-4,none,mixture,0.2,1000,800018,0.006591422003111802,cf1_margin,none,0.02511386233882873
2-2-4,none,mixture,0.2,1000,800018,0.006591422003111802,slack_plugin,none,0.050227724677657376
2-2-4,none,mixture,0.2,1000,800018,0.006591422003111802,gm_battery,none,0.0
2-2-4,none,mixture,0.2,1000,800018,0.006591422003111802,gtest,none,31.74450066153375
2-2-4,none,mixture,0.2,1000,800019,0.006645394998486154,kl_plugin,none,0.0007638169149739651
2-2-4,none,mixture,0.2,1000,800019,0.006645394998486154,kl_split,none,0.047294897375361404
2-2-4,none,mixture,0.2,1000,800019,0.006645394998486154,kl_crossfit,none,0.04764556891247876
2-2-4,none,mixture,0.2,1000,800019,0.006645394998486154,cf1_margin,none,0.026890756302521024
2-2-4,none,mixture,0.2,1000,800019,0.006645394998486154,slack_plugin,none,0.05378151260504209
2-2-4,none,mixture,0.2,1000,800019,0.006645394998486154,gm_battery,none,0.0
2-2-4,none,mixture,0.2,1000,800019,0.006645394998486154,gtest,none,5.034871416503973
2-2-4,none,mixture,0.2,1000,800020,0.005782954001915641,kl_plugin,none,7.59334356091944e-15
2-2-4,none,mixture,0.2,1000,800020,0.005782954001915641,kl_split,none,0.04316722317177532
2-2-4,none,mixture,0.2,1000,800020,0.005782954001915641,kl_crossfit,none,0.043211141875164796
2-2-4,none,mixture,0.2,1000,800020,0.005782954001915641,cf1_margin,none,0.0
2-2-4,none,mixture,0.2,1000,800020,0.005782954001915641,slack_plugin,none,0.0
2-2-4,none,mixture,0.2,1000,800020,0.005782954001915641,gm_battery,none,0.0
2-2-4,none,mixture,0.2,1000,800020,0.005782954001915641,gtest,none,24.25545582030826
2-2-4,none,mixture,0.2,1000,800021,0.0077748050025547855,kl_plugin,none,1.2615648299724343e-05
2-2-4,none,mixture,0.2,1000,800021,0.0077748050025547855,kl_split,none,0.03844212498073568
2-2-4,none,mixture,0.2,1000,800021,0.0077748050025547855,kl_crossfit,none,0.03937551724966132
2-2-4,none,mixture,0.2,1000,800021,0.0077748050025547855,cf1_margin,none,0.0019230769230769162
2-2-4,none,mixture,0.2,1000,800021,0.0077748050025547855,slack_plugin,none,0.003846153846153909
2-2-4,none,mixture,0.2,1000,800021,0.0077748050025547855,gm_battery,none,0.0
2-2-4,none,mixture,0.2,1000,800021,0.0077748050025547855,gtest,none,8.271883574973533
2-2-4,none,mixture,0.2,1000,800022,0.006713948998367414,kl_plugin,none,4.296799807840951e-05
2-2-4,none,mixture,0.2,1000,800022,0.006713948998367414,kl_split,none,0.05144122582035232
2-2-4,none,mixture,0.2,1000,800022,0.006713948998367414,kl_crossfit,none,0.048981922154419766
2-2-4,none,mixture,0.2,1000,800022,0.006713948998367414,cf1_margin,none,0.005313875878455221
2-2-4,none,mixture,0.2,1000,800022,0.006713948998367414,slack_plugin,none,0.01062775175691032
2-2-4,none,mixture,0.2,1000,800022,0.006713948998367414,gm_battery,none,0.0
2-2-4,none,mixture,0.2,1000,800022,0.006713948998367414,gtest,none,13.641948545130305
2-2-4,none,mixture,0.2,1000,800023,0.006474456997239031,kl_plugin,none,0.002676493225991429
2-2-4,none,mixture,0.2,1000,800023,0.006474456997239031,kl_split,none,0.04705518626959679
2-2-4,none,mixture,0.2,1000,800023,0.006474456997239031,kl_crossfit,none,0.050732414160269614
2-2-4,none,mixture,0.2,1000,800023,0.006474456997239031,cf1_margin,none,0.047579405737704916
2-2-4,none,mixture,0.2,1000,800023,0.006474456997239031,slack_plugin,none,0.09515881147540992
2-2-4,none,mixture,0.2,1000,800023,0.006474456997239031,gm_battery,none,0.0
2-2-4,none,mixture,0.2,1000,800023,0.006474456997239031,gtest,none,23.591841476958834
2-2-4,none,mixture,0.2,1000,800024,0.005556266994972248,kl_plugin,none,3.914105205816832e-15
2-2-4,none,mixture,0.2,1000,800024,0.005556266994972248,kl_split,none,0.04148312642046917
2-2-4,none,mixture,0.2,1000,800024,0.005556266994972248,kl_crossfit,none,0.04231334867234576
2-2-4,none,mixture,0.2,1000,800024,0.005556266994972248,cf1_margin,none,0.0
2-2-4,none,mixture,0.2,1000,800024,0.005556266994972248,slack_plugin,none,0.0
2-2-4,none,mixture,0.2,1000,800024,0.005556266994972248,gm_battery,none,0.0
2-2-4,none,mixture,0.2,1000,800024,0.005556266994972248,gtest,none,8.959159715704297
2-2-4,none,mixture,0.2,1000,800025,0.006689935995382257,kl_plugin,none,0.00010952756953860106
2-2-4,none,mixture,0.2,1000,800025,0.006689935995382257,kl_split,none,0.06973364329508724
2-2-4,none,mixture,0.2,1000,800025,0.006689935995382257,kl_crossfit,none,0.05996895392491397
2-2-4,none,mixture,0.2,1000,800025,0.006689935995382257,cf1_margin,none,0.01038437383745816
2-2-4,none,mixture,0.2,1000,800025,0.006689935995382257,slack_plugin,none,0.020768747674916307
2-2-4,none,mixture,0.2,1000,800025,0.006689935995382257,gm_battery,none,0.0
2-2-4,none,mixture,0.2,1000,800025,0.006689935995382257,gtest,none,21.231411656431412
2-2-4,none,mixture,0.2,1000,800026,0.006762671000615228,kl_plugin,none,4.423738448219817e-07
2-2-4,none,mixture,0.2,1000,800026,0.006762671000615228,kl_split,none,0.04033269726947053
2-2-4,none,mixture,0.2,1000,800026,0.006762671000615228,kl_crossfit,none,0.041149327226453675
2-2-4,none,mixture,0.2,1000,800026,0.006762671000615228,cf1_margin,none,0.0
2-2-4,none,mixture,0.2,1000,800026,0.006762671000615228,slack_plugin,none,0.0
2-2-4,none,mixture,0.2,1000,800026,0.006762671000615228,gm_battery,none,0.0
2-2-4,none,mixture,0.2,1000,800026,0.006762671000615228,gtest,none,31.75052598388219
2-2-4,none,mixture,0.2,1000,800027,0.0065317690023221076,kl_plugin,none,0.0030231339743562145
2-2-4,none,mixture,0.2,1000,800027,0.0065317690023221076,kl_split,none,0.041622030989607664
2-2-4,none,mixture,0.2,1000,800027,0.0065317690023221076,kl_crossfit,none,0.04654532829200944
2-2-4,none,mixture,0.2,1000,800027,0.0065317690023221076,cf1_margin,none,0.05270960303080219
2-2-4,none,mixture,0.2,1000,800027,0.0065317690023221076,slack_plugin,none,0.10541920606160446
2-2-4,none,mixture,0.2,1000,800027,0.0065317690023221076,gm_battery,none,0.0
2-2-4,none,mixture,0.2,1000,800027,0.0065317690023221076,gtest,none,33.242782079444154
2-2-4,none,mixture,0.2,1000,800028,0.006989654000790324,kl_plugin,none,0.00010491184124439105
2-2-4,none,mixture,0.2,1000,800028,0.006989654000790324,kl_split,none,0.03951182046554515
2-2-4,none,mixture,0.2,1000,800028,0.006989654000790324,kl_crossfit,none,0.036886031822996185
2-2-4,none,mixture,0.2,1000,800028,0.006989654000790324,cf1_margin,none,0.009572633154446897
2-2-4,none,mixture,0.2,1000,800028,0.006989654000790324,slack_plugin,none,0.019145266308893544
2-2-4,none,mixture,0.2,1000,800028,0.006989654000790324,gm_battery,none,0.0
2-2-4,none,mixture,0.2,1000,800028,0.006989654000790324,gtest,none,28.162744153688138
2-2-4,none,mixture,0.2,1000,800029,0.006589569995412603,kl_plugin,none,0.00449763895022464
2-2-4,none,mixture,0.2,1000,800029,0.006589569995412603,kl_split,none,0.05443565215178793
2-2-4,none,mixture,0.2,1000,800029,0.006589569995412603,kl_crossfit,none,0.05337373483297324
2-2-4,none,mixture,0.2,1000,800029,0.006589569995412603,cf1_margin,none,0.0634582418814782
2-2-4,none,mixture,0.2,1000,800029,0.006589569995412603,slack_plugin,none,0.1269164837629568
2-2-4,none,mixture,0.2,1000,800029,0.006589569995412603,gm_battery,none,0.0
2-2-4,none,mixture,0.2,1000,800029,0.006589569995412603,gtest,none,22.69052170853203
2-2-4,none,mixture,0.2,1000,800030,0.008536786001059227,kl_plugin,none,2.8336607966665897e-13
2-2-4,none,mixture,0.2,1000,800030,0.008536786001059227,kl_split,none,0.030002042261451554
2-2-4,none,mixture,0.2,1000,800030,0.008536786001059227,kl_crossfit,none,0.030781628286681618
2-2-4,none,mixture,0.2,1000,800030,0.008536786001059227,cf1_margin,none,0.0
2-2-4,none,mixture,0.2,1000,800030,0.008536786001059227,slack_plugin,none,0.0
2-2-4,none,mixture,0.2,1000,800030,0.008536786001059227,gm_battery,none,0.0
2-2-4,none,mixture,0.2,1000,800030,0.008536786001059227,gtest,none,19.07498660774766
2-2-4,none,mixture,0.2,1000,800031,0.008899193002434913,kl_plugin,none,0.001621804247983069
2-2-4,none,mixture,0.2,1000,800031,0.008899193002434913,kl_split,none,0.04479108496854787
2-2-4,none,mixture,0.2,1000,800031,0.008899193002434913,kl_crossfit,none,0.046852186678261354
2-2-4,none,mixture,0.2,1000,800031,0.008899193002434913,cf1_margin,none,0.03840245775729656
2-2-4,none,mixture,0.2,1000,800031,0.008899193002434913,slack_plugin,none,0.07680491551459301
2-2-4,none,mixture,0.2,1000,800031,0.008899193002434913,gm_battery,none,0.0
2-2-4,none,mixture,0.2,1000,800031,0.008899193002434913,gtest,none,22.222177570593832
2-2-4,none,mixture,0.2,1000,800032,0.006802782001614105,kl_plugin,none,0.0029895755086996115
2-2-4,none,mixture,0.2,1000,800032,0.006802782001614105,kl_split,none,0.04702750013142763
2-2-4,none,mixture,0.2,1000,800032,0.006802782001614105,kl_crossfit,none,0.04934716805360032
2-2-4,none,mixture,0.2,1000,800032,0.006802782001614105,cf1_margin,none,0.05462198322770628
2-2-4,none,mixture,0.2,1000,800032,0.006802782001614105,slack_plugin,none,0.10924396645541261
2-2-4,none,mixture,0.2,1000,800032,0.006802782001614105,gm_battery,none,0.0
2-2-4,none,mixture,0.2,1000,800032,0.006802782001614105,gtest,none,21.24334993313782
2-2-4,none,mixture,0.2,1000,800033,0.006607914001506288,kl_plugin,none,0.000806325621472084
2-2-4,none,mixture,0.2,1000,800033,0.006607914001506288,kl_split,none,0.05156499131769461
2-2-4,none,mixture,0.2,1000,800033,0.006607914001506288,kl_crossfit,none,0.04750414902110983
2-2-4,none,mixture,0.2,1000,800033,0.006607914001506288,cf1_margin,none,0.02686885449611387
2-2-4,none,mixture,0.2,1000,800033,0.006607914001506288,slack_plugin,none,0.053737708992227566
2-2-4,none,mixture,0.2,1000,800033,0.006607914001506288,gm_battery,none,0.0
2-2-4,none,mixture,0.2,1000,800033,0.006607914001506288,gtest,none,19.18157885192375
2-2-4,none,mixture,0.2,1000,800034,0.008033162004721817,kl_plugin,none,8.901670550564254e-06
2-2-4,none,mixture,0.2,1000,800034,0.008033162004721817,kl_split,none,0.06168158587339956
2-2-4,none,mixture,0.2,1000,800034,0.008033162004721817,kl_crossfit,none,0.06359584346799012
2-2-4,none,mixture,0.2,1000,800034,0.008033162004721817,cf1_margin,none,0.0014091047381146193
2-2-4,none,mixture,0.2,1000,800034,0.008033162004721817,slack_plugin,none,0.0028182094762293428
2-2-4,none,mixture,0.2,1000,800034,0.008033162004721817,gm_battery,none,0.0
2-2-4,none,mixture,0.2,1000,800034,0.008033162004721817,gtest,none,14.584432501146008
2-2-4,none,mixture,0.2,1000,800035,0.007152352001867257,kl_plugin,none,1.589811516055358e-13
2-2-4,none,mixture,0.2,1000,800035,0.007152352001867257,kl_split,none,0.04514614728615135
2-2-4,none,mixture,0.2,1000,800035,0.007152352001867257,kl_crossfit,none,0.044527428413563726
2-2-4,none,mixture,0.2,1000,800035,0.007152352001867257,cf1_margin,none,2.220446049250313e-16
2-2-4,none,mixture,0.2,1000,800035,0.007152352001867257,slack_plugin,none,0.0
2-2-4,none,mixture,0.2,1000,800035,0.007152352001867257,gm_battery,none,0.0
2-2-4,none,mixture,0.2,1000,800035,0.007152352001867257,gtest,none,9.472481923617984
2-2-4,none,mixture,0.2,1000,800036,0.00917196499358397,kl_plugin,none,1.4269029417005854e-05
2-2-4,none,mixture,0.2,1000,800036,0.00917196499358397,kl_split,none,0.05868824804258048
2-2-4,none,mixture,0.2,1000,800036,0.00917196499358397,kl_crossfit,none,0.0558452375814421
2-2-4,none,mixture,0.2,1000,800036,0.00917196499358397,cf1_margin,none,0.0024961597542244585
2-2-4,none,mixture,0.2,1000,800036,0.00917196499358397,slack_plugin,none,0.004992319508448605
2-2-4,none,mixture,0.2,1000,800036,0.00917196499358397,gm_battery,none,0.0
2-2-4,none,mixture,0.2,1000,800036,0.00917196499358397,gtest,none,16.97381160655204
2-2-4,none,mixture,0.2,1000,800037,0.006588952004676685,kl_plugin,none,5.421475487188849e-11
2-2-4,none,mixture,0.2,1000,800037,0.006588952004676685,kl_split,none,0.034944860238924916
2-2-4,none,mixture,0.2,1000,800037,0.006588952004676685,kl_crossfit,none,0.03546001965607532
2-2-4,none,mixture,0.2,1000,800037,0.006588952004676685,cf1_margin,none,1.1102230246251565e-16
2-2-4,none,mixture,0.2,1000,800037,0.006588952004676685,slack_plugin,none,0.0
2-2-4,none,mixture,0.2,1000,800037,0.006588952004676685,gm_battery,none,0.0
2-2-4,none,mixture,0.2,1000,800037,0.006588952004676685,gtest,none,18.49793525931375
2-2-4,none,mixture,0.2,1000,800038,0.007099485999788158,kl_plugin,none,4.7626401021458277e-07
2-2-4,none,mixture,0.2,1000,800038,0.007099485999788158,kl_split,none,0.039217450134461734
2-2-4,none,mixture,0.2,1000,800038,0.007099485999788158,kl_crossfit,none,0.03876498660566972
2-2-4,none,mixture,0.2,1000,800038,0.007099485999788158,cf1_margin,none,0.0
2-2-4,none,mixture,0.2,1000,800038,0.007099485999788158,slack_plugin,none,0.0
2-2-4,none,mixture,0.2,1000,800038,0.007099485999788158,gm_battery,none,0.0
2-2-4,none,mixture,0.2,1000,800038,0.007099485999788158,gtest,none,17.53801683733158
2-2-4,none,mixture,0.2,1000,800039,0.006670000999292824,kl_plugin,none,0.0008007968100322629
2-2-4,none,mixture,0.2,1000,800039,0.006670000999292824,kl_split,none,0.06028671676281951
2-2-4,none,mixture,0.2,1000,800039,0.006670000999292824,kl_crossfit,none,0.05939621763180167
2-2-4,none,mixture,0.2,1000,800039,0.006670000999292824,cf1_margin,none,0.026694833877472623
2-2-4,none,mixture,0.2,1000,800039,0.006670000999292824,slack_plugin,none,0.0533896677549452
2-2-4,none,mixture,0.2,1000,800039,0.006670000999292824,gm_battery,none,0.0
2-2-4,none,mixture,0.2,1000,800039,0.006670000999292824,gtest,none,17.860323294131234
2-2-4,none,mixture,0.2,1000,800040,0.0076677399993059225,kl_plugin,none,0.0006240555622162199
2-2-4,none,mixture,0.2,1000,800040,0.0076677399993059225,kl_split,none,0.03881570637030608
2-2-4,none,mixture,0.2,1000,800040,0.0076677399993059225,kl_crossfit,none,0.04158487395028796
2-2-4,none,mixture,0.2,1000,800040,0.0076677399993059225,cf1_margin,none,0.02369567739947731
2-2-4,none,mixture,0.2,1000,800040,0.0076677399993059225,slack_plugin,none,0.04739135479895472
2-2-4,none,mixture,0.2,1000,800040,0.0076677399993059225,gm_battery,none,0.0
2-2-4,none,mixture,0.2,1000,800040,0.0076677399993059225,gtest,none,17.572537532414458
2-2-4,none,mixture,0.2,1000,800041,0.007720068999333307,kl_plugin,none,0.000267951133419546
2-2-4,none,mixture,0.2,1000,800041,0.007720068999333307,kl_split,none,0.058770384371448374
2-2-4,none,mixture,0.2,1000,800041,0.007720068999333307,kl_crossfit,none,0.06013879347307727
2-2-4,none,mixture,0.2,1000,800041,0.007720068999333307,cf1_margin,none,0.015495037027257297
2-2-4,none,mixture,0.2,1000,800041,0.007720068999333307,slack_plugin,none,0.030990074054514705
2-2-4,none,mixture,0.2,1000,800041,0.007720068999333307,gm_battery,none,0.0
2-2-4,none,mixture,0.2,1000,800041,0.007720068999333307,gtest,none,23.427418857539315
2-2-4,none,mixture,0.2,1000,800042,0.006766651997168083,kl_plugin,none,0.0008209691213360518
2-2-4,none,mixture,0.2,1000,800042,0.006766651997168083,kl_split,none,0.053806060617120774
2-2-4,none,mixture,0.2,1000,800042,0.006766651997168083,kl_crossfit,none,0.05895843152090568
2-2-4,none,mixture,0.2,1000,800042,0.006766651997168083,cf1_margin,none,0.028585835544403637
2-2-4,none,mixture,0.2,1000,800042,0.006766651997168083,slack_plugin,none,0.05717167108880706
2-2-4,none,mixture,0.2,1000,800042,0.006766651997168083,gm_battery,none,0.0
2-2-4,none,mixture,0.2,1000,800042,0.006766651997168083,gtest,none,9.857817938972595
2-2-4,none,mixture,0.2,1000,800043,0.0067133880002074875,kl_plugin,none,2.0236354189533253e-06
2-2-4,none,mixture,0.2,1000,800043,0.0067133880002074875,kl_split,none,0.0553420492882533
2-2-4,none,mixture,0.2,1000,800043,0.0067133880002074875,kl_crossfit,none,0.05298484433691363
2-2-4,none,mixture,0.2,1000,800043,0.0067133880002074875,cf1_margin,none,0.0
2-2-4,none,mixture,0.2,1000,800043,0.0067133880002074875,slack_plugin,none,0.0
2-2-4,none,mixture,0.2,1000,800043,0.0067133880002074875,gm_battery,none,0.0
2-2-4,none,mixture,0.2,1000,800043,0.0067133880002074875,gtest,none,13.75050821412539
2-2-4,none,mixture,0.2,1000,800044,0.006813954998506233,kl_plugin,none,0.0021875673892702216
2-2-4,none,mixture,0.2,1000,800044,0.006813954998506233,kl_split,none,0.05639392357671712
2-2-4,none,mixture,0.2,1000,800044,0.006813954998506233,kl_crossfit,none,0.057016763561198246
2-2-4,none,mixture,0.2,1000,800044,0.006813954998506233,cf1_margin,none,0.04645767247620902
2-2-4,none,mixture,0.2,1000,800044,0.006813954998506233,slack_plugin,none,0.09291534495241824
2-2-4,none,mixture,0.2,1000,800044,0.006813954998506233,gm_battery,none,0.0
2-2-4,none,mixture,0.2,1000,800044,0.006813954998506233,gtest,none,13.574157068656145
2-2-4,none,mixture,0.2,1000,800045,0.007405175005260389,kl_plugin,none,6.103211809300709e-05
2-2-4,none,mixture,0.2,1000,800045,0.007405175005260389,kl_split,none,0.047131693118007176
2-2-4,none,mixture,0.2,1000,800045,0.007405175005260389,kl_crossfit,none,0.04668390467658225
2-2-4,none,mixture,0.2,1000,800045,0.007405175005260389,cf1_margin,none,0.0076374969494023
2-2-4,none,mixture,0.2,1000,800045,0.007405175005260389,slack_plugin,none,0.015274993898804115
2-2-4,none,mixture,0.2,1000,800045,0.007405175005260389,gm_battery,none,0.0
2-2-4,none,mixture,0.2,1000,800045,0.007405175005260389,gtest,none,21.946326592638812
2-2-4,none,mixture,0.2,1000,800046,0.006738196003425401,kl_plugin,none,1.3112985575337724e-05
2-2-4,none,mixture,0.2,1000,800046,0.006738196003425401,kl_split,none,0.05496569374986998
2-2-4,none,mixture,0.2,1000,800046,0.006738196003425401,kl_crossfit,none,0.051756952770027856
2-2-4,none,mixture,0.2,1000,800046,0.006738196003425401,cf1_margin,none,0.002504090147245286
2-2-4,none,mixture,0.2,1000,800046,0.006738196003425401,slack_plugin,none,0.005008180294490572
2-2-4,none,mixture,0.2,1000,800046,0.006738196003425401,gm_battery,none,0.0
2-2-4,none,mixture,0.2,1000,800046,0.006738196003425401,gtest,none,24.840038639703373
2-2-4,none,mixture,0.2,1000,800047,0.0066990440027439035,kl_plugin,none,0.00032437575299978927
2-2-4,none,mixture,0.2,1000,800047,0.0066990440027439035,kl_split,none,0.05266808872470219
2-2-4,none,mixture,0.2,1000,800047,0.0066990440027439035,kl_crossfit,none,0.05495698510792459
2-2-4,none,mixture,0.2,1000,800047,0.0066990440027439035,cf1_margin,none,0.01728995901639352
2-2-4,none,mixture,0.2,1000,800047,0.0066990440027439035,slack_plugin,none,0.03457991803278687
2-2-4,none,mixture,0.2,1000,800047,0.0066990440027439035,gm_battery,none,0.0
2-2-4,none,mixture,0.2,1000,800047,0.0066990440027439035,gtest,none,26.607765301997773
2-2-4,none,mixture,0.2,1000,800048,0.006200725998496637,kl_plugin,none,8.881325892619784e-15
2-2-4,none,mixture,0.2,1000,800048,0.006200725998496637,kl_split,none,0.039491620609902404
2-2-4,none,mixture,0.2,1000,800048,0.006200725998496637,kl_crossfit,none,0.03944035167794363
2-2-4,none,mixture,0.2,1000,800048,0.006200725998496637,cf1_margin,none,2.220446049250313e-16
2-2-4,none,mixture,0.2,1000,800048,0.006200725998496637,slack_plugin,none,0.0
2-2-4,none,mixture,0.2,1000,800048,0.006200725998496637,gm_battery,none,0.0
2-2-4,none,mixture,0.2,1000,800048,0.006200725998496637,gtest,none,5.476911931108827
2-2-4,none,mixture,0.2,1000,800049,0.008467512001516297,kl_plugin,none,0.00028034141708864306
2-2-4,none,mixture,0.2,1000,800049,0.008467512001516297,kl_split,none,0.05622124214512426
2-2-4,none,mixture,0.2,1000,800049,0.008467512001516297,kl_crossfit,none,0.05743731645170218
2-2-4,none,mixture,0.2,1000,800049,0.008467512001516297,cf1_margin,none,0.015966386554621792
2-2-4,none,mixture,0.2,1000,800049,0.008467512001516297,slack_plugin,none,0.031932773109243646
2-2-4,none,mixture,0.2,1000,800049,0.008467512001516297,gm_battery,none,0.0
2-2-4,none,mixture,0.2,1000,800049,0.008467512001516297,gtest,none,12.833519041558304
2-2-4,none,mixture,0.2,1000,800050,0.006881483997858595,kl_plugin,none,0.002521237913202204
2-2-4,none,mixture,0.2,1000,800050,0.006881483997858595,kl_split,none,0.045456304953958915
2-2-4,none,mixture,0.2,1000,800050,0.006881483997858595,kl_crossfit,none,0.04748309991650671
2-2-4,none,mixture,0.2,1000,800050,0.006881483997858595,cf1_margin,none,0.0479999999999996
2-2-4,none,mixture,0.2,1000,800050,0.006881483997858595,slack_plugin,none,0.09599999999999997
2-2-4,none,mixture,0.2,1000,800050,0.006881483997858595,gm_battery,none,0.0
2-2-4,none,mixture,0.2,1000,800050,0.006881483997858595,gtest,none,21.40593911220326
2-2-4,none,mixture,0.2,1000,800051,0.006774685003620107,kl_plugin,none,0.00046824063604209397
2-2-4,none,mixture,0.2,1000,800051,0.006774685003620107,kl_split,none,0.05134013254963743
2-2-4,none,mixture,0.2,1000,800051,0.006774685003620107,kl_crossfit,none,0.048402931820435445
2-2-4,none,mixture,0.2,1000,800051,0.006774685003620107,cf1_margin,none,0.021602106115187092
2-2-4,none,mixture,0.2,1000,800051,0.006774685003620107,slack_plugin,none,0.04320421223037441
2-2-4,none,mixture,0.2,1000,800051,0.006774685003620107,gm_battery,none,0.0
2-2-4,none,mixture,0.2,1000,800051,0.006774685003620107,gtest,none,27.73740422162833
2-2-4,none,mixture,0.2,1000,800052,0.006484703000751324,kl_plugin,none,0.0013070992535964485
2-2-4,none,mixture,0.2,1000,800052,0.006484703000751324,kl_split,none,0.06653616146113736
2-2-4,none,mixture,0.2,1000,800052,0.006484703000751324,kl_crossfit,none,0.05912008720238042
2-2-4,none,mixture,0.2,1000,800052,0.006484703000751324,cf1_margin,none,0.032703270327032574
2-2-4,none,mixture,0.2,1000,800052,0.006484703000751324,slack_plugin,none,0.06540654065406538
2-2-4,none,mixture,0.2,1000,800052,0.006484703000751324,gm_battery,none,0.0
2-2-4,none,mixture,0.2,1000,800052,0.006484703000751324,gtest,none,9.442616499228901
2-2-4,none,mixture,0.2,1000,800053,0.007050947999232449,kl_plugin,none,0.0003621918892388297
2-2-4,none,mixture,0.2,1000,800053,0.007050947999232449,kl_split,none,0.04762562633748767
2-2-4,none,mixture,0.2,1000,800053,0.007050947999232449,kl_crossfit,none,0.049155073959341114
2-2-4,none,mixture,0.2,1000,800053,0.007050947999232449,cf1_margin,none,0.018890881147541005
2-2-4,none,mixture,0.2,1000,800053,0.007050947999232449,slack_plugin,none,0.037781762295081914
2-2-4,none,mixture,0.2,1000,800053,0.007050947999232449,gm_battery,none,0.0
2-2-4,none,mixture,0.2,1000,800053,0.007050947999232449,gtest,none,19.69639898212803
2-2-4,none,mixture,0.2,1000,800054,0.007221354993816931,kl_plugin,none,0.0025278552993876144
2-2-4,none,mixture,0.2,1000,800054,0.007221354993816931,kl_split,none,0.05474094875164754
2-2-4,none,mixture,0.2,1000,800054,0.007221354993816931,kl_crossfit,none,0.057375087069694436
2-2-4,none,mixture,0.2,1000,800054,0.007221354993816931,cf1_margin,none,0.048093426311557
2-2-4,none,mixture,0.2,1000,800054,0.007221354993816931,slack_plugin,none,0.09618685262311402
2-2-4,none,mixture,0.2,1000,800054,0.007221354993816931,gm_battery,none,0.0
2-2-4,none,mixture,0.2,1000,800054,0.007221354993816931,gtest,none,13.507922390922573
2-2-4,none,mixture,0.2,1000,800055,0.007013515998551156,kl_plugin,none,0.006901877408662473
2-2-4,none,mixture,0.2,1000,800055,0.007013515998551156,kl_split,none,0.05189115212847656
2-2-4,none,mixture,0.2,1000,800055,0.007013515998551156,kl_crossfit,none,0.056960908905530905
2-2-4,none,mixture,0.2,1000,800055,0.007013515998551156,cf1_margin,none,0.08010112647209433
2-2-4,none,mixture,0.2,1000,800055,0.007013515998551156,slack_plugin,none,0.16020225294418838
2-2-4,none,mixture,0.2,1000,800055,0.007013515998551156,gm_battery,none,0.0
2-2-4,none,mixture,0.2,1000,800055,0.007013515998551156,gtest,none,24.237263914556294
2-2-4,none,mixture,0.2,1000,800056,0.008464366997941397,kl_plugin,none,0.0022831792120190098
2-2-4,none,mixture,0.2,1000,800056,0.008464366997941397,kl_split,none,0.044850706851434566
2-2-4,none,mixture,0.2,1000,800056,0.008464366997941397,kl_crossfit,none,0.04970949551435433
2-2-4,none,mixture,0.2,1000,800056,0.008464366997941397,cf1_margin,none,0.045819922819490655
2-2-4,none,mixture,0.2,1000,800056,0.008464366997941397,slack_plugin,none,0.09163984563898085
2-2-4,none,mixture,0.2,1000,800056,0.008464366997941397,gm_battery,none,0.0
2-2-4,none,mixture,0.2,1000,800056,0.008464366997941397,gtest,none,31.104531884174534
2-2-4,none,mixture,0.2,1000,800057,0.007006778003415093,kl_plugin,none,0.00032030333046872625
2-2-4,none,mixture,0.2,1000,800057,0.007006778003415093,kl_split,none,0.04993640331795017
2-2-4,none,mixture,0.2,1000,800057,0.007006778003415093,kl_crossfit,none,0.04929987466857158
2-2-4,none,mixture,0.2,1000,800057,0.007006778003415093,cf1_margin,none,0.016821450149848594
2-2-4,none,mixture,0.2,1000,800057,0.007006778003415093,slack_plugin,none,0.033642900299697076
2-2-4,none,mixture,0.2,1000,800057,0.007006778003415093,gm_battery,none,0.0
2-2-4,none,mixture,0.2,1000,800057,0.007006778003415093,gtest,none,11.6194046120128
2-2-4,none,mixture,0.2,1000,800058,0.006828354999015573,kl_plugin,none,1.707064716348003e-05
2-2-4,none,mixture,0.2,1000,800058,0.006828354999015573,kl_split,none,0.039198932866600734
2-2-4,none,mixture,0.2,1000,800058,0.006828354999015573,kl_crossfit,none,0.03984353899418644
2-2-4,none,mixture,0.2,1000,800058,0.006828354999015573,cf1_margin,none,0.002994347568493705
2-2-4,none,mixture,0.2,1000,800058,0.006828354999015573,slack_plugin,none,0.005988695136987479
2-2-4,none,mixture,0.2,1000,800058,0.006828354999015573,gm_battery,none,0.0
2-2-4,none,mixture,0.2,1000,800058,0.006828354999015573,gtest,none,26.34780744496441
2-2-4,none,mixture,0.2,1000,800059,0.0065900740009965375,kl_plugin,none,0.0005017598146501174
2-2-4,none,mixture,0.2,1000,800059,0.0065900740009965375,kl_split,none,0.04253157122124076
2-2-4,none,mixture,0.2,1000,800059,0.0065900740009965375,kl_crossfit,none,0.04300038271271657
2-2-4,none,mixture,0.2,1000,800059,0.0065900740009965375,cf1_margin,none,0.020968387354941997
2-2-4,none,mixture,0.2,1000,800059,0.0065900740009965375,slack_plugin,none,0.041936774709884016
2-2-4,none,mixture,0.2,1000,800059,0.0065900740009965375,gm_battery,none,0.0
2-2-4,none,mixture,0.2,1000,800059,0.0065900740009965375,gtest,none,17.858201638221892
2-2-4,none,mixture,0.2,1000,800060,0.006723659003910143,kl_plugin,none,0.0011391721211254282
2-2-4,none,mixture,0.2,1000,800060,0.006723659003910143,kl_split,none,0.04735230927724943
2-2-4,none,mixture,0.2,1000,800060,0.006723659003910143,kl_crossfit,none,0.04384790958865793
2-2-4,none,mixture,0.2,1000,800060,0.006723659003910143,cf1_margin,none,0.033473205035381204
2-2-4,none,mixture,0.2,1000,800060,0.006723659003910143,slack_plugin,none,0.06694641007076266
2-2-4,none,mixture,0.2,1000,800060,0.006723659003910143,gm_battery,none,0.0
2-2-4,none,mixture,0.2,1000,800060,0.006723659003910143,gtest,none,21.92476196254662
2-2-4,none,mixture,0.2,1000,800061,0.006902370005263947,kl_plugin,none,2.9420958578794953e-06
2-2-4,none,mixture,0.2,1000,800061,0.006902370005263947,kl_split,none,0.047555790427894554
2-2-4,none,mixture,0.2,1000,800061,0.006902370005263947,kl_crossfit,none,0.050094633265021546
2-2-4,none,mixture,0.2,1000,800061,0.006902370005263947,cf1_margin,none,1.1102230246251565e-16
2-2-4,none,mixture,0.2,1000,800061,0.006902370005263947,slack_plugin,none,0.0
2-2-4,none,mixture,0.2,1000,800061,0.006902370005263947,gm_battery,none,0.0
2-2-4,none,mixture,0.2,1000,800061,0.006902370005263947,gtest,none,43.83841472093619
2-2-4,none,mixture,0.2,1000,800062,0.009857559998636134,kl_plugin,none,5.70666774874027e-05
2-2-4,none,mixture,0.2,1000,800062,0.009857559998636134,kl_split,none,0.057659317204722324
2-2-4,none,mixture,0.2,1000,800062,0.009857559998636134,kl_crossfit,none,0.06052218013811443
2-2-4,none,mixture,0.2,1000,800062,0.009857559998636134,cf1_margin,none,0.007297868254272921
2-2-4,none,mixture,0.2,1000,800062,0.009857559998636134,slack_plugin,none,0.014595736508546085
2-2-4,none,mixture,0.2,1000,800062,0.009857559998636134,gm_battery,none,0.0
2-2-4,none,mixture,0.2,1000,800062,0.009857559998636134,gtest,none,35.233568842079855
2-2-4,none,mixture,0.2,1000,800063,0.0072844160022214055,kl_plugin,none,0.0017158895482110373
2-2-4,none,mixture,0.2,1000,800063,0.0072844160022214055,kl_split,none,0.042707632381398165
2-2-4,none,mixture,0.2,1000,800063,0.0072844160022214055,kl_crossfit,none,0.04563868733473667
2-2-4,none,mixture,0.2,1000,800063,0.0072844160022214055,cf1_margin,none,0.04135795554559851
2-2-4,none,mixture,0.2,1000,800063,0.0072844160022214055,slack_plugin,none,0.08271591109119716
2-2-4,none,mixture,0.2,1000,800063,0.0072844160022214055,gm_battery,none,0.0
2-2-4,none,mixture,0.2,1000,800063,0.0072844160022214055,gtest,none,36.4784523880917
2-2-4,none,mixture,0.2,1000,800064,0.006254437001189217,kl_plugin,none,0.0029283090461357172
2-2-4,none,mixture,0.2,1000,800064,0.006254437001189217,kl_split,none,0.06282554763041552
2-2-4,none,mixture,0.2,1000,800064,0.006254437001189217,kl_crossfit,none,0.056452480159687346
2-2-4,none,mixture,0.2,1000,800064,0.006254437001189217,cf1_margin,none,0.0537842151368606
2-2-4,none,mixture,0.2,1000,800064,0.006254437001189217,slack_plugin,none,0.10756843027372107
2-2-4,none,mixture,0.2,1000,800064,0.006254437001189217,gm_battery,none,0.0
2-2-4,none,mixture,0.2,1000,800064,0.006254437001189217,gtest,none,32.40072490756117
2-2-4,none,mixture,0.2,1000,800065,0.006690281996270642,kl_plugin,none,0.004040954001312207
2-2-4,none,mixture,0.2,1000,800065,0.006690281996270642,kl_split,none,0.05303639194819402
2-2-4,none,mixture,0.2,1000,800065,0.006690281996270642,kl_crossfit,none,0.06002643291945274
2-2-4,none,mixture,0.2,1000,800065,0.006690281996270642,cf1_margin,none,0.058401639344262346
2-2-4,none,mixture,0.2,1000,800065,0.006690281996270642,slack_plugin,none,0.11680327868852453
2-2-4,none,mixture,0.2,1000,800065,0.006690281996270642,gm_battery,none,0.0
2-2-4,none,mixture,0.2,1000,800065,0.006690281996270642,gtest,none,11.559548186422354
2-2-4,none,mixture,0.2,1000,800066,0.0066229849981027655,kl_plugin,none,0.003354542888863988
2-2-4,none,mixture,0.2,1000,800066,0.0066229849981027655,kl_split,none,0.059092445177353015
2-2-4,none,mixture,0.2,1000,800066,0.0066229849981027655,kl_crossfit,none,0.0579400533693572
2-2-4,none,mixture,0.2,1000,800066,0.0066229849981027655,cf1_margin,none,0.0578993482722614
2-2-4,none,mixture,0.2,1000,800066,0.0066229849981027655,slack_plugin,none,0.11579869654452285
2-2-4,none,mixture,0.2,1000,800066,0.0066229849981027655,gm_battery,none,0.0
2-2-4,none,mixture,0.2,1000,800066,0.0066229849981027655,gtest,none,16.05527000424176
2-2-4,none,mixture,0.2,1000,800067,0.009610429995518643,kl_plugin,none,2.3201184338126767e-14
2-2-4,none,mixture,0.2,1000,800067,0.009610429995518643,kl_split,none,0.05570097936607575
2-2-4,none,mixture,0.2,1000,800067,0.009610429995518643,kl_crossfit,none,0.056978108344419354
2-2-4,none,mixture,0.2,1000,800067,0.009610429995518643,cf1_margin,none,0.0
2-2-4,none,mixture,0.2,1000,800067,0.009610429995518643,slack_plugin,none,0.0
2-2-4,none,mixture,0.2,1000,800067,0.009610429995518643,gm_battery,none,0.0
2-2-4,none,mixture,0.2,1000,800067,0.009610429995518643,gtest,none,17.407200754586416
2-2-4,none,mixture,0.2,1000,800068,0.00731395700131543,kl_plugin,none,2.2973154574584223e-10
2-2-4,none,mixture,0.2,1000,800068,0.00731395700131543,kl_split,none,0.04175765613910892
2-2-4,none,mixture,0.2,1000,800068,0.00731395700131543,kl_crossfit,none,0.04168746163457755
2-2-4,none,mixture,0.2,1000,800068,0.00731395700131543,cf1_margin,none,1.1102230246251565e-16
2-2-4,none,mixture,0.2,1000,800068,0.00731395700131543,slack_plugin,none,0.0
2-2-4,none,mixture,0.2,1000,800068,0.00731395700131543,gm_battery,none,0.0
2-2-4,none,mixture,0.2,1000,800068,0.00731395700131543,gtest,none,21.24833143660816
2-2-4,none,mixture,0.2,1000,800069,0.009530729003017768,kl_plugin,none,0.0003752887802362728
2-2-4,none,mixture,0.2,1000,800069,0.009530729003017768,kl_split,none,0.05098663015027419
2-2-4,none,mixture,0.2,1000,800069,0.009530729003017768,kl_crossfit,none,0.05398734714745278
2-2-4,none,mixture,0.2,1000,800069,0.009530729003017768,cf1_margin,none,0.019310062951045537
2-2-4,none,mixture,0.2,1000,800069,0.009530729003017768,slack_plugin,none,0.03862012590209135
2-2-4,none,mixture,0.2,1000,800069,0.009530729003017768,gm_battery,none,0.0
2-2-4,none,mixture,0.2,1000,800069,0.009530729003017768,gtest,none,21.542064763831494
2-2-4,none,mixture,0.2,1000,800070,0.006728278000082355,kl_plugin,none,1.4028209404160592e-05
2-2-4,none,mixture,0.2,1000,800070,0.006728278000082355,kl_split,none,0.05073432756187128
2-2-4,none,mixture,0.2,1000,800070,0.006728278000082355,kl_crossfit,none,0.04632128927698865
2-2-4,none,mixture,0.2,1000,800070,0.006728278000082355,cf1_margin,none,0.002021895848293598
2-2-4,none,mixture,0.2,1000,800070,0.006728278000082355,slack_plugin,none,0.004043791696587189
2-2-4,none,mixture,0.2,1000,800070,0.006728278000082355,gm_battery,none,0.0
2-2-4,none,mixture,0.2,1000,800070,0.006728278000082355,gtest,none,15.09661707320543
2-2-4,none,mixture,0.2,1000,800071,0.006632208998780698,kl_plugin,none,0.0027836237293791255
2-2-4,none,mixture,0.2,1000,800071,0.006632208998780698,kl_split,none,0.0462334335292094
2-2-4,none,mixture,0.2,1000,800071,0.006632208998780698,kl_crossfit,none,0.03935729693080453
2-2-4,none,mixture,0.2,1000,800071,0.006632208998780698,cf1_margin,none,0.051185118511851035
2-2-4,none,mixture,0.2,1000,800071,0.006632208998780698,slack_plugin,none,0.10237023702370239
2-2-4,none,mixture,0.2,1000,800071,0.006632208998780698,gm_battery,none,0.0
2-2-4,none,mixture,0.2,1000,800071,0.006632208998780698,gtest,none,7.370600395660357
2-2-4,none,mixture,0.2,1000,800072,0.008651446005387697,kl_plugin,none,0.0003353673467079363
2-2-4,none,mixture,0.2,1000,800072,0.008651446005387697,kl_split,none,0.03254894112564452
2-2-4,none,mixture,0.2,1000,800072,0.008651446005387697,kl_crossfit,none,0.037134636230477955
2-2-4,none,mixture,0.2,1000,800072,0.008651446005387697,cf1_margin,none,0.01614035087719301
2-2-4,none,mixture,0.2,1000,800072,0.008651446005387697,slack_plugin,none,0.03228070175438608
2-2-4,none,mixture,0.2,1000,800072,0.008651446005387697,gm_battery,none,0.0
2-2-4,none,mixture,0.2,1000,800072,0.008651446005387697,gtest,none,27.128082318606673
2-2-4,none,mixture,0.2,1000,800073,0.006727642001351342,kl_plugin,none,3.656510660903639e-05
2-2-4,none,mixture,0.2,1000,800073,0.006727642001351342,kl_split,none,0.05187175994654717
2-2-4,none,mixture,0.2,1000,800073,0.006727642001351342,kl_crossfit,none,0.05298435603151651
2-2-4,none,mixture,0.2,1000,800073,0.006727642001351342,cf1_margin,none,0.004465143076627709
2-2-4,none,mixture,0.2,1000,800073,0.006727642001351342,slack_plugin,none,0.008930286153255192
2-2-4,none,mixture,0.2,1000,800073,0.006727642001351342,gm_battery,none,0.0
2-2-4,none,mixture,0.2,1000,800073,0.006727642001351342,gtest,none,26.626889840552643
2-2-4,none,mixture,0.2,1000,800074,0.006853855004010256,kl_plugin,none,0.0002504271033083429
2-2-4,none,mixture,0.2,1000,800074,0.006853855004010256,kl_split,none,0.04549645341996738
2-2-4,none,mixture,0.2,1000,800074,0.006853855004010256,kl_crossfit,none,0.040529405273719545
2-2-4,none,mixture,0.2,1000,800074,0.006853855004010256,cf1_margin,none,0.014394821384991707
2-2-4,none,mixture,0.2,1000,800074,0.006853855004010256,slack_plugin,none,0.02878964276998283
2-2-4,none,mixture,0.2,1000,800074,0.006853855004010256,gm_battery,none,0.0
2-2-4,none,mixture,0.2,1000,800074,0.006853855004010256,gtest,none,22.08127784341633
2-2-4,none,mixture,0.2,1000,800075,0.00693273100478109,kl_plugin,none,0.000435216548725555
2-2-4,none,mixture,0.2,1000,800075,0.00693273100478109,kl_split,none,0.05111082719902048
2-2-4,none,mixture,0.2,1000,800075,0.00693273100478109,kl_crossfit,none,0.0570534729494532
2-2-4,none,mixture,0.2,1000,800075,0.00693273100478109,cf1_margin,none,0.019406232594296413
2-2-4,none,mixture,0.2,1000,800075,0.00693273100478109,slack_plugin,none,0.03881246518859272
2-2-4,none,mixture,0.2,1000,800075,0.00693273100478109,gm_battery,none,0.0
2-2-4,none,mixture,0.2,1000,800075,0.00693273100478109,gtest,none,19.4795547938226
2-2-4,none,mixture,0.2,1000,800076,0.006757609997293912,kl_plugin,none,0.0006231009288959234
2-2-4,none,mixture,0.2,1000,800076,0.006757609997293912,kl_split,none,0.0585967743310374
2-2-4,none,mixture,0.2,1000,800076,0.006757609997293912,kl_crossfit,none,0.054587055002907475
2-2-4,none,mixture,0.2,1000,800076,0.006757609997293912,cf1_margin,none,0.024722250025022485
2-2-4,none,mixture,0.2,1000,800076,0.006757609997293912,slack_plugin,none,0.049444500050045165
2-2-4,none,mixture,0.2,1000,800076,0.006757609997293912,gm_battery,none,0.0
2-2-4,none,mixture,0.2,1000,800076,0.006757609997293912,gtest,none,9.097481304499887
2-2-4,none,mixture,0.2,1000,800077,0.006507172998681199,kl_plugin,none,0.0006947702743051506
2-2-4,none,mixture,0.2,1000,800077,0.006507172998681199,kl_split,none,0.06292799851666656
2-2-4,none,mixture,0.2,1000,800077,0.006507172998681199,kl_crossfit,none,0.06426379507946424
2-2-4,none,mixture,0.2,1000,800077,0.006507172998681199,cf1_margin,none,0.02529710084016812
2-2-4,none,mixture,0.2,1000,800077,0.006507172998681199,slack_plugin,none,0.05059420168033597
2-2-4,none,mixture,0.2,1000,800077,0.006507172998681199,gm_battery,none,0.0
2-2-4,none,mixture,0.2,1000,800077,0.006507172998681199,gtest,none,11.73814567329006
2-2-4,none,mixture,0.2,1000,800078,0.006727157000568695,kl_plugin,none,0.0006875629575380428
2-2-4,none,mixture,0.2,1000,800078,0.006727157000568695,kl_split,none,0.0578021204865663
2-2-4,none,mixture,0.2,1000,800078,0.006727157000568695,kl_crossfit,none,0.059772578671807464
2-2-4,none,mixture,0.2,1000,800078,0.006727157000568695,cf1_margin,none,0.024751979958299808
2-2-4,none,mixture,0.2,1000,800078,0.006727157000568695,slack_plugin,none,0.049503959916599616
2-2-4,none,mixture,0.2,1000,800078,0.006727157000568695,gm_battery,none,0.0
2-2-4,none,mixture,0.2,1000,800078,0.006727157000568695,gtest,none,14.496192633514589
2-2-4,none,mixture,0.2,1000,800079,0.007019131000561174,kl_plugin,none,2.0984539385391753e-08
2-2-4,none,mixture,0.2,1000,800079,0.007019131000561174,kl_split,none,0.06357005603402975
2-2-4,none,mixture,0.2,1000,800079,0.007019131000561174,kl_crossfit,none,0.06134228127128261
2-2-4,none,mixture,0.2,1000,800079,0.007019131000561174,cf1_margin,none,0.0
2-2-4,none,mixture,0.2,1000,800079,0.007019131000561174,slack_plugin,none,0.0
2-2-4,none,mixture,0.2,1000,800079,0.007019131000561174,gm_battery,none,0.0
2-2-4,none,mixture,0.2,1000,800079,0.007019131000561174,gtest,none,28.015465878680544
2-2-4,none,mixture,0.2,1000,800080,0.006807049001508858,kl_plugin,none,1.035890856270101e-05
2-2-4,none,mixture,0.2,1000,800080,0.006807049001508858,kl_split,none,0.04543509606855681
2-2-4,none,mixture,0.2,1000,800080,0.006807049001508858,kl_crossfit,none,0.04571506282502901
2-2-4,none,mixture,0.2,1000,800080,0.006807049001508858,cf1_margin,none,0.0019999999999996687
2-2-4,none,mixture,0.2,1000,800080,0.006807049001508858,slack_plugin,none,0.003999999999999934
2-2-4,none,mixture,0.2,1000,800080,0.006807049001508858,gm_battery,none,0.0
2-2-4,none,mixture,0.2,1000,800080,0.006807049001508858,gtest,none,16.45740567494053
2-2-4,none,mixture,0.2,1000,800081,0.006712799004162662,kl_plugin,none,2.511741905962138e-07
2-2-4,none,mixture,0.2,1000,800081,0.006712799004162662,kl_split,none,0.041071240349208546
2-2-4,none,mixture,0.2,1000,800081,0.006712799004162662,kl_crossfit,none,0.04377444810136431
2-2-4,none,mixture,0.2,1000,800081,0.006712799004162662,cf1_margin,none,1.1102230246251565e-16
2-2-4,none,mixture,0.2,1000,800081,0.006712799004162662,slack_plugin,none,0.0
2-2-4,none,mixture,0.2,1000,800081,0.006712799004162662,gm_battery,none,0.0
2-2-4,none,mixture,0.2,1000,800081,0.006712799004162662,gtest,none,9.831732625289597
2-2-4,none,mixture,0.2,1000,800082,0.006485505997261498,kl_plugin,none,0.00029672743544279737
2-2-4,none,mixture,0.2,1000,800082,0.006485505997261498,kl_split,none,0.0602709536668628
2-2-4,none,mixture,0.2,1000,800082,0.006485505997261498,kl_crossfit,none,0.06174970063202213
2-2-4,none,mixture,0.2,1000,800082,0.006485505997261498,cf1_margin,none,0.016417050691244106
2-2-4,none,mixture,0.2,1000,800082,0.006485505997261498,slack_plugin,none,0.03283410138248861
2-2-4,none,mixture,0.2,1000,800082,0.006485505997261498,gm_battery,none,0.0
2-2-4,none,mixture,0.2,1000,800082,0.006485505997261498,gtest,none,13.536021240259146
2-2-4,none,mixture,0.2,1000,800083,0.00666296599956695,kl_plugin,none,0.0009011802461827405
2-2-4,none,mixture,0.2,1000,800083,0.00666296599956695,kl_split,none,0.05740844709205848
2-2-4,none,mixture,0.2,1000,800083,0.00666296599956695,kl_crossfit,none,0.05735421171607842
2-2-4,none,mixture,0.2,1000,800083,0.00666296599956695,cf1_margin,none,0.029999999999999916
2-2-4,none,mixture,0.2,1000,800083,0.00666296599956695,slack_plugin,none,0.06000000000000004
2-2-4,none,mixture,0.2,1000,800083,0.00666296599956695,gm_battery,none,0.0
2-2-4,none,mixture,0.2,1000,800083,0.00666296599956695,gtest,none,23.833488449902518
2-2-4,none,mixture,0.2,1000,800084,0.0067597189990920015,kl_plugin,none,2.130615975848402e-05
2-2-4,none,mixture,0.2,1000,800084,0.0067597189990920015,kl_split,none,0.08128375256991638
2-2-4,none,mixture,0.2,1000,800084,0.0067597189990920015,kl_crossfit,none,0.08211276127143087
2-2-4,none,mixture,0.2,1000,800084,0.0067597189990920015,cf1_margin,none,0.0036414565826329293
2-2-4,none,mixture,0.2,1000,800084,0.0067597189990920015,slack_plugin,none,0.007282913165266067
2-2-4,none,mixture,0.2,1000,800084,0.0067597189990920015,gm_battery,none,0.0
2-2-4,none,mixture,0.2,1000,800084,0.0067597189990920015,gtest,none,11.237648409117721
2-2-4,none,mixture,0.2,1000,800085,0.006671711002127267,kl_plugin,none,5.608041019210968e-10
2-2-4,none,mixture,0.2,1000,800085,0.006671711002127267,kl_split,none,0.04257355419913351
2-2-4,none,mixture,0.2,1000,800085,0.006671711002127267,kl_crossfit,none,0.042589028538277444
2-2-4,none,mixture,0.2,1000,800085,0.006671711002127267,cf1_margin,none,0.0
2-2-4,none,mixture,0.2,1000,800085,0.006671711002127267,slack_plugin,none,0.0
2-2-4,none,mixture,0.2,1000,800085,0.006671711002127267,gm_battery,none,0.0
2-2-4,none,mixture,0.2,1000,800085,0.006671711002127267,gtest,none,11.362919310300228
2-2-4,none,mixture,0.2,1000,800086,0.007209848998172674,kl_plugin,none,0.00011789798195596495
2-2-4,none,mixture,0.2,1000,800086,0.007209848998172674,kl_split,none,0.04859778276199623
2-2-4,none,mixture,0.2,1000,800086,0.007209848998172674,kl_crossfit,none,0.045772691060186166
2-2-4,none,mixture,0.2,1000,800086,0.007209848998172674,cf1_margin,none,0.010797225857314796
2-2-4,none,mixture,0.2,1000,800086,0.007209848998172674,slack_plugin,none,0.02159445171462996
2-2-4,none,mixture,0.2,1000,800086,0.007209848998172674,gm_battery,none,0.0
2-2-4,none,mixture,0.2,1000,800086,0.007209848998172674,gtest,none,6.758813062332976
2-2-4,none,mixture,0.2,1000,800087,0.006646645997534506,kl_plugin,none,8.635112286672908e-11
2-2-4,none,mixture,0.2,1000,800087,0.006646645997534506,kl_split,none,0.0480205300288641
2-2-4,none,mixture,0.2,1000,800087,0.006646645997534506,kl_crossfit,none,0.046818218408917964
2-2-4,none,mixture,0.2,1000,800087,0.006646645997534506,cf1_margin,none,0.0
2-2-4,none,mixture,0.2,1000,800087,0.006646645997534506,slack_plugin,none,0.0
2-2-4,none,mixture,0.2,1000,800087,0.006646645997534506,gm_battery,none,0.0
2-2-4,none,mixture,0.2,1000,800087,0.006646645997534506,gtest,none,13.113679334426855
2-2-4,none,mixture,0.2,1000,800088,0.006829286001448054,kl_plugin,none,0.00047578876575301784
2-2-4,none,mixture,0.2,1000,800088,0.006829286001448054,kl_split,none,0.04761680068863304
2-2-4,none,mixture,0.2,1000,800088,0.006829286001448054,kl_crossfit,none,0.04424811976234077
2-2-4,none,mixture,0.2,1000,800088,0.006829286001448054,cf1_margin,none,0.021743403765380087
2-2-4,none,mixture,0.2,1000,800088,0.006829286001448054,slack_plugin,none,0.04348680753075973
2-2-4,none,mixture,0.2,1000,800088,0.006829286001448054,gm_battery,none,0.0
2-2-4,none,mixture,0.2,1000,800088,0.006829286001448054,gtest,none,28.77417083971106
2-2-4,none,mixture,0.2,1000,800089,0.006600685002922546,kl_plugin,none,0.001278994506225442
2-2-4,none,mixture,0.2,1000,800089,0.006600685002922546,kl_split,none,0.04239468652445465
2-2-4,none,mixture,0.2,1000,800089,0.006600685002922546,kl_crossfit,none,0.0363147071328017
2-2-4,none,mixture,0.2,1000,800089,0.006600685002922546,cf1_margin,none,0.03574357435743569
2-2-4,none,mixture,0.2,1000,800089,0.006600685002922546,slack_plugin,none,0.07148714871487152
2-2-4,none,mixture,0.2,1000,800089,0.006600685002922546,gm_battery,none,0.0
2-2-4,none,mixture,0.2,1000,800089,0.006600685002922546,gtest,none,6.237840689683573
2-2-4,none,mixture,0.2,1000,800090,0.006779593997634947,kl_plugin,none,3.3339925582836355e-05
2-2-4,none,mixture,0.2,1000,800090,0.006779593997634947,kl_split,none,0.060782747104289776
2-2-4,none,mixture,0.2,1000,800090,0.006779593997634947,kl_crossfit,none,0.05934449613203108
2-2-4,none,mixture,0.2,1000,800090,0.006779593997634947,cf1_margin,none,0.004980498049804938
2-2-4,none,mixture,0.2,1000,800090,0.006779593997634947,slack_plugin,none,0.00996099609960998
2-2-4,none,mixture,0.2,1000,800090,0.006779593997634947,gm_battery,none,0.0
2-2-4,none,mixture,0.2,1000,800090,0.006779593997634947,gtest,none,21.35821591095315
2-2-4,none,mixture,0.2,1000,800091,0.006545954995090142,kl_plugin,none,8.00475752456408e-14
2-2-4,none,mixture,0.2,1000,800091,0.006545954995090142,kl_split,none,0.05642996814322482
2-2-4,none,mixture,0.2,1000,800091,0.006545954995090142,kl_crossfit,none,0.05407138289066157
2-2-4,none,mixture,0.2,1000,800091,0.006545954995090142,cf1_margin,none,0.0
2-2-4,none,mixture,0.2,1000,800091,0.006545954995090142,slack_plugin,none,0.0
2-2-4,none,mixture,0.2,1000,800091,0.006545954995090142,gm_battery,none,0.0
2-2-4,none,mixture,0.2,1000,800091,0.006545954995090142,gtest,none,16.10449309994347
2-2-4,none,mixture,0.2,1000,800092,0.006996647993219085,kl_plugin,none,8.394147599258704e-13
2-2-4,none,mixture,0.2,1000,800092,0.006996647993219085,kl_split,none,0.05584661607568419
2-2-4,none,mixture,0.2,1000,800092,0.006996647993219085,kl_crossfit,none,0.05627708422387294
2-2-4,none,mixture,0.2,1000,800092,0.006996647993219085,cf1_margin,none,0.0
2-2-4,none,mixture,0.2,1000,800092,0.006996647993219085,slack_plugin,none,0.0
2-2-4,none,mixture,0.2,1000,800092,0.006996647993219085,gm_battery,none,0.0
2-2-4,none,mixture,0.2,1000,800092,0.006996647993219085,gtest,none,15.40246175420289
2-2-4,none,mixture,0.2,1000,800093,0.007920846997876652,kl_plugin,none,0.00013578855885662024
2-2-4,none,mixture,0.2,1000,800093,0.007920846997876652,kl_split,none,0.06403692744826331
2-2-4,none,mixture,0.2,1000,800093,0.007920846997876652,kl_crossfit,none,0.062286708792501824
2-2-4,none,mixture,0.2,1000,800093,0.007920846997876652,cf1_margin,none,0.010688171010736158
2-2-4,none,mixture,0.2,1000,800093,0.007920846997876652,slack_plugin,none,0.02137634202147244
2-2-4,none,mixture,0.2,1000,800093,0.007920846997876652,gm_battery,none,0.0
2-2-4,none,mixture,0.2,1000,800093,0.007920846997876652,gtest,none,23.897726318543384
2-2-4,none,mixture,0.2,1000,800094,0.007100262999301776,kl_plugin,none,2.5294415045041994e-14
2-2-4,none,mixture,0.2,1000,800094,0.007100262999301776,kl_split,none,0.06000906920518406
2-2-4,none,mixture,0.2,1000,800094,0.007100262999301776,kl_crossfit,none,0.06301550565385342
2-2-4,none,mixture,0.2,1000,800094,0.007100262999301776,cf1_margin,none,1.1102230246251565e-16
2-2-4,none,mixture,0.2,1000,800094,0.007100262999301776,slack_plugin,none,0.0
2-2-4,none,mixture,0.2,1000,800094,0.007100262999301776,gm_battery,none,0.0
2-2-4,none,mixture,0.2,1000,800094,0.007100262999301776,gtest,none,8.81848265197555
2-2-4,none,mixture,0.2,1000,800095,0.0068514960003085434,kl_plugin,none,2.068619853083447e-13
2-2-4,none,mixture,0.2,1000,800095,0.0068514960003085434,kl_split,none,0.056754543697852364
2-2-4,none,mixture,0.2,1000,800095,0.0068514960003085434,kl_crossfit,none,0.059413083985477316
2-2-4,none,mixture,0.2,1000,800095,0.0068514960003085434,cf1_margin,none,0.0
2-2-4,none,mixture,0.2,1000,800095,0.0068514960003085434,slack_plugin,none,0.0
2-2-4,none,mixture,0.2,1000,800095,0.0068514960003085434,gm_battery,none,0.0
2-2-4,none,mixture,0.2,1000,800095,0.0068514960003085434,gtest,none,14.487397324028429
2-2-4,none,mixture,0.2,1000,800096,0.00665571799618192,kl_plugin,none,2.4975423430129498e-05
2-2-4,none,mixture,0.2,1000,800096,0.00665571799618192,kl_split,none,0.05351311245909691
2-2-4,none,mixture,0.2,1000,800096,0.00665571799618192,kl_crossfit,none,0.05351954352188605
2-2-4,none,mixture,0.2,1000,800096,0.00665571799618192,cf1_margin,none,0.0039967833695402355
2-2-4,none,mixture,0.2,1000,800096,0.00665571799618192,slack_plugin,none,0.007993566739080922
2-2-4,none,mixture,0.2,1000,800096,0.00665571799618192,gm_battery,none,0.0
2-2-4,none,mixture,0.2,1000,800096,0.00665571799618192,gtest,none,11.05915006626158
2-2-4,none,mixture,0.2,1000,800097,0.006522948999190703,kl_plugin,none,0.00013445342243427038
2-2-4,none,mixture,0.2,1000,800097,0.006522948999190703,kl_split,none,0.03053981310000029
2-2-4,none,mixture,0.2,1000,800097,0.006522948999190703,kl_crossfit,none,0.03300743208894473
2-2-4,none,mixture,0.2,1000,800097,0.006522948999190703,cf1_margin,none,0.0110211021102109
2-2-4,none,mixture,0.2,1000,800097,0.006522948999190703,slack_plugin,none,0.02204220422042194
2-2-4,none,mixture,0.2,1000,800097,0.006522948999190703,gm_battery,none,0.0
2-2-4,none,mixture,0.2,1000,800097,0.006522948999190703,gtest,none,33.26401867684246
2-2-4,none,mixture,0.2,1000,800098,0.007664853997994214,kl_plugin,none,2.5528616143643407e-05
2-2-4,none,mixture,0.2,1000,800098,0.007664853997994214,kl_split,none,0.038489338572468175
2-2-4,none,mixture,0.2,1000,800098,0.007664853997994214,kl_crossfit,none,0.042938206031147036
2-2-4,none,mixture,0.2,1000,800098,0.007664853997994214,cf1_margin,none,0.004125996982539459
2-2-4,none,mixture,0.2,1000,800098,0.007664853997994214,slack_plugin,none,0.008251993965079099
2-2-4,none,mixture,0.2,1000,800098,0.007664853997994214,gm_battery,none,0.0
2-2-4,none,mixture,0.2,1000,800098,0.007664853997994214,gtest,none,25.008448127799056
2-2-4,none,mixture,0.2,1000,800099,0.007029055996099487,kl_plugin,none,0.00025713138958321363
2-2-4,none,mixture,0.2,1000,800099,0.007029055996099487,kl_split,none,0.04743795772297002
2-2-4,none,mixture,0.2,1000,800099,0.007029055996099487,kl_crossfit,none,0.04965477764853003
2-2-4,none,mixture,0.2,1000,800099,0.007029055996099487,cf1_margin,none,0.015240243843901546
2-2-4,none,mixture,0.2,1000,800099,0.007029055996099487,slack_plugin,none,0.030480487687803065
2-2-4,none,mixture,0.2,1000,800099,0.007029055996099487,gm_battery,none,0.0
2-2-4,none,mixture,0.2,1000,800099,0.007029055996099487,gtest,none,20.956728561011648
2-2-4,none,mixture,0.2,1000,800100,0.006813164000050165,kl_plugin,none,0.004208051413781444
2-2-4,none,mixture,0.2,1000,800100,0.006813164000050165,kl_split,none,0.05371675560682405
2-2-4,none,mixture,0.2,1000,800100,0.006813164000050165,kl_crossfit,none,0.04642592833588985
2-2-4,none,mixture,0.2,1000,800100,0.006813164000050165,cf1_margin,none,0.061350899222131994
2-2-4,none,mixture,0.2,1000,800100,0.006813164000050165,slack_plugin,none,0.12270179844426354
2-2-4,none,mixture,0.2,1000,800100,0.006813164000050165,gm_battery,none,0.0
2-2-4,none,mixture,0.2,1000,800100,0.006813164000050165,gtest,none,34.22555410257029
2-2-4,none,mixture,0.2,1000,800101,0.009055761001945939,kl_plugin,none,6.955880715712494e-10
2-2-4,none,mixture,0.2,1000,800101,0.009055761001945939,kl_split,none,0.04436098846942676
2-2-4,none,mixture,0.2,1000,800101,0.009055761001945939,kl_crossfit,none,0.04190665961130195
2-2-4,none,mixture,0.2,1000,800101,0.009055761001945939,cf1_margin,none,0.0
2-2-4,none,mixture,0.2,1000,800101,0.009055761001945939,slack_plugin,none,0.0
2-2-4,none,mixture,0.2,1000,800101,0.009055761001945939,gm_battery,none,0.0
2-2-4,none,mixture,0.2,1000,800101,0.009055761001945939,gtest,none,22.380600121980002
2-2-4,none,mixture,0.2,1000,800102,0.007285440995474346,kl_plugin,none,0.005977317886773234
2-2-4,none,mixture,0.2,1000,800102,0.007285440995474346,kl_split,none,0.04599452900156992
2-2-4,none,mixture,0.2,1000,800102,0.007285440995474346,kl_crossfit,none,0.04090611344218977
2-2-4,none,mixture,0.2,1000,800102,0.007285440995474346,cf1_margin,none,0.07289928325309458
2-2-4,none,mixture,0.2,1000,800102,0.007285440995474346,slack_plugin,none,0.14579856650618903
2-2-4,none,mixture,0.2,1000,800102,0.007285440995474346,gm_battery,none,0.0
2-2-4,none,mixture,0.2,1000,800102,0.007285440995474346,gtest,none,23.462019415109232
2-2-4,none,mixture,0.2,1000,800103,0.007298380005522631,kl_plugin,none,0.000580189288997222
2-2-4,none,mixture,0.2,1000,800103,0.007298380005522631,kl_split,none,0.05802661108160047
2-2-4,none,mixture,0.2,1000,800103,0.007298380005522631,kl_crossfit,none,0.061872396846661404
2-2-4,none,mixture,0.2,1000,800103,0.007298380005522631,cf1_margin,none,0.024040617592414826
2-2-4,none,mixture,0.2,1000,800103,0.007298380005522631,slack_plugin,none,0.04808123518482922
2-2-4,none,mixture,0.2,1000,800103,0.007298380005522631,gm_battery,none,0.0
2-2-4,none,mixture,0.2,1000,800103,0.007298380005522631,gtest,none,20.675324874156644
2-2-4,none,mixture,0.2,1000,800104,0.006991212998400442,kl_plugin,none,0.006930900480994338
2-2-4,none,mixture,0.2,1000,800104,0.006991212998400442,kl_split,none,0.05612176692086648
2-2-4,none,mixture,0.2,1000,800104,0.006991212998400442,kl_crossfit,none,0.0632663901019607
2-2-4,none,mixture,0.2,1000,800104,0.006991212998400442,cf1_margin,none,0.08240527393753216
2-2-4,none,mixture,0.2,1000,800104,0.006991212998400442,slack_plugin,none,0.164810547875064
2-2-4,none,mixture,0.2,1000,800104,0.006991212998400442,gm_battery,none,0.0
2-2-4,none,mixture,0.2,1000,800104,0.006991212998400442,gtest,none,32.38002700775818
2-2-4,none,mixture,0.2,1000,800105,0.006721293000737205,kl_plugin,none,1.5954739628554464e-05
2-2-4,none,mixture,0.2,1000,800105,0.006721293000737205,kl_split,none,0.04880538995646283
2-2-4,none,mixture,0.2,1000,800105,0.006721293000737205,kl_crossfit,none,0.049384015724975375
2-2-4,none,mixture,0.2,1000,800105,0.006721293000737205,cf1_margin,none,0.0027443951929077004
2-2-4,none,mixture,0.2,1000,800105,0.006721293000737205,slack_plugin,none,0.005488790385815481
2-2-4,none,mixture,0.2,1000,800105,0.006721293000737205,gm_battery,none,0.0
2-2-4,none,mixture,0.2,1000,800105,0.006721293000737205,gtest,none,23.58075917479956
2-2-4,none,mixture,0.2,1000,800106,0.007011258996499237,kl_plugin,none,0.0007686391277113742
2-2-4,none,mixture,0.2,1000,800106,0.007011258996499237,kl_split,none,0.056033984258192705
2-2-4,none,mixture,0.2,1000,800106,0.007011258996499237,kl_crossfit,none,0.05728578629958521
2-2-4,none,mixture,0.2,1000,800106,0.007011258996499237,cf1_margin,none,0.027691888687739308
2-2-4,none,mixture,0.2,1000,800106,0.007011258996499237,slack_plugin,none,0.055383777375478574
2-2-4,none,mixture,0.2,1000,800106,0.007011258996499237,gm_battery,none,0.0
2-2-4,none,mixture,0.2,1000,800106,0.007011258996499237,gtest,none,10.829109166619752
2-2-4,none,mixture,0.2,1000,800107,0.006593140999029856,kl_plugin,none,0.001804786909371768
2-2-4,none,mixture,0.2,1000,800107,0.006593140999029856,kl_split,none,0.04486387857257203
2-2-4,none,mixture,0.2,1000,800107,0.006593140999029856,kl_crossfit,none,0.04811399231777415
2-2-4,none,mixture,0.2,1000,800107,0.006593140999029856,cf1_margin,none,0.0403578115248594
2-2-4,none,mixture,0.2,1000,800107,0.006593140999029856,slack_plugin,none,0.08071562304971919
2-2-4,none,mixture,0.2,1000,800107,0.006593140999029856,gm_battery,none,0.0
2-2-4,none,mixture,0.2,1000,800107,0.006593140999029856,gtest,none,4.061418092462578
2-2-4,none,mixture,0.2,1000,800108,0.007920757998363115,kl_plugin,none,3.705891612987522e-10
2-2-4,none,mixture,0.2,1000,800108,0.007920757998363115,kl_split,none,0.05697792977661471
2-2-4,none,mixture,0.2,1000,800108,0.007920757998363115,kl_crossfit,none,0.05658433940099526
2-2-4,none,mixture,0.2,1000,800108,0.007920757998363115,cf1_margin,none,1.1102230246251565e-16
2-2-4,none,mixture,0.2,1000,800108,0.007920757998363115,slack_plugin,none,0.0
2-2-4,none,mixture,0.2,1000,800108,0.007920757998363115,gm_battery,none,0.0
2-2-4,none,mixture,0.2,1000,800108,0.007920757998363115,gtest,none,20.020817955361053
2-2-4,none,mixture,0.2,1000,800109,0.00745014900167007,kl_plugin,none,0.0006612307504802323
2-2-4,none,mixture,0.2,1000,800109,0.00745014900167007,kl_split,none,0.028730095056210245
2-2-4,none,mixture,0.2,1000,800109,0.00745014900167007,kl_crossfit,none,0.03438399852696431
2-2-4,none,mixture,0.2,1000,800109,0.00745014900167007,cf1_margin,none,0.025705376834740168
2-2-4,none,mixture,0.2,1000,800109,0.00745014900167007,slack_plugin,none,0.05141075366948053
2-2-4,none,mixture,0.2,1000,800109,0.00745014900167007,gm_battery,none,0.0
2-2-4,none,mixture,0.2,1000,800109,0.00745014900167007,gtest,none,12.47713995736714
2-2-4,none,mixture,0.2,1000,800110,0.006788000995584298,kl_plugin,none,0.003308947167302005
2-2-4,none,mixture,0.2,1000,800110,0.006788000995584298,kl_split,none,0.057438696374147724
2-2-4,none,mixture,0.2,1000,800110,0.006788000995584298,kl_crossfit,none,0.05316401441707892
2-2-4,none,mixture,0.2,1000,800110,0.006788000995584298,cf1_margin,none,0.05314531453145299
2-2-4,none,mixture,0.2,1000,800110,0.006788000995584298,slack_plugin,none,0.10629062906290626
2-2-4,none,mixture,0.2,1000,800110,0.006788000995584298,gm_battery,none,0.0
2-2-4,none,mixture,0.2,1000,800110,0.006788000995584298,gtest,none,28.19871476274537
2-2-4,none,mixture,0.2,1000,800111,0.006539596994116437,kl_plugin,none,0.00263955250092655
2-2-4,none,mixture,0.2,1000,800111,0.006539596994116437,kl_split,none,0.05282703966130789
2-2-4,none,mixture,0.2,1000,800111,0.006539596994116437,kl_crossfit,none,0.05694244488276702
2-2-4,none,mixture,0.2,1000,800111,0.006539596994116437,cf1_margin,none,0.04784972259001308
2-2-4,none,mixture,0.2,1000,800111,0.006539596994116437,slack_plugin,none,0.09569944518002654
2-2-4,none,mixture,0.2,1000,800111,0.006539596994116437,gm_battery,none,0.0
2-2-4,none,mixture,0.2,1000,800111,0.006539596994116437,gtest,none,5.161785185947139
2-2-4,none,mixture,0.2,1000,800112,0.006804766999266576,kl_plugin,none,0.0023666121912695563
2-2-4,none,mixture,0.2,1000,800112,0.006804766999266576,kl_split,none,0.06009110116975795
2-2-4,none,mixture,0.2,1000,800112,0.006804766999266576,kl_crossfit,none,0.06704326293408262
2-2-4,none,mixture,0.2,1000,800112,0.006804766999266576,cf1_margin,none,0.04663461538461544
2-2-4,none,mixture,0.2,1000,800112,0.006804766999266576,slack_plugin,none,0.09326923076923077
2-2-4,none,mixture,0.2,1000,800112,0.006804766999266576,gm_battery,none,0.0
2-2-4,none,mixture,0.2,1000,800112,0.006804766999266576,gtest,none,15.92712665317098
2-2-4,none,mixture,0.2,1000,800113,0.006825068994658068,kl_plugin,none,0.0008861617945318812
2-2-4,none,mixture,0.2,1000,800113,0.006825068994658068,kl_split,none,0.05418989068381063
2-2-4,none,mixture,0.2,1000,800113,0.006825068994658068,kl_crossfit,none,0.05239214089536352
2-2-4,none,mixture,0.2,1000,800113,0.006825068994658068,cf1_margin,none,0.029737070534539223
2-2-4,none,mixture,0.2,1000,800113,0.006825068994658068,slack_plugin,none,0.059474141069078626
2-2-4,none,mixture,0.2,1000,800113,0.006825068994658068,gm_battery,none,0.0
2-2-4,none,mixture,0.2,1000,800113,0.006825068994658068,gtest,none,19.238428576479123
2-2-4,none,mixture,0.2,1000,800114,0.006969633002881892,kl_plugin,none,2.8548583012208374e-06
2-2-4,none,mixture,0.2,1000,800114,0.006969633002881892,kl_split,none,0.06475569984199314
2-2-4,none,mixture,0.2,1000,800114,0.006969633002881892,kl_crossfit,none,0.06403195958017865
2-2-4,none,mixture,0.2,1000,800114,0.006969633002881892,cf1_margin,none,2.220446049250313e-16
2-2-4,none,mixture,0.2,1000,800114,0.006969633002881892,slack_plugin,none,0.0
2-2-4,none,mixture,0.2,1000,800114,0.006969633002881892,gm_battery,none,0.0
2-2-4,none,mixture,0.2,1000,800114,0.006969633002881892,gtest,none,12.8151193432751
2-2-4,none,mixture,0.2,1000,800115,0.006787814003473613,kl_plugin,none,4.058668031687592e-09
2-2-4,none,mixture,0.2,1000,800115,0.006787814003473613,kl_split,none,0.035028071817091215
2-2-4,none,mixture,0.2,1000,800115,0.006787814003473613,kl_crossfit,none,0.03846840364046766
2-2-4,none,mixture,0.2,1000,800115,0.006787814003473613,cf1_margin,none,0.0
2-2-4,none,mixture,0.2,1000,800115,0.006787814003473613,slack_plugin,none,0.0
2-2-4,none,mixture,0.2,1000,800115,0.006787814003473613,gm_battery,none,0.0
2-2-4,none,mixture,0.2,1000,800115,0.006787814003473613,gtest,none,14.302091801306155
2-2-4,none,mixture,0.2,1000,800116,0.00662138000188861,kl_plugin,none,0.0004364577256161916
2-2-4,none,mixture,0.2,1000,800116,0.00662138000188861,kl_split,none,0.06628758685309702
2-2-4,none,mixture,0.2,1000,800116,0.00662138000188861,kl_crossfit,none,0.0653400865622951
2-2-4,none,mixture,0.2,1000,800116,0.00662138000188861,cf1_margin,none,0.020821330260546556
2-2-4,none,mixture,0.2,1000,800116,0.00662138000188861,slack_plugin,none,0.04164266052109341
2-2-4,none,mixture,0.2,1000,800116,0.00662138000188861,gm_battery,none,0.0
2-2-4,none,mixture,0.2,1000,800116,0.00662138000188861,gtest,none,14.806157782166181
2-2-4,none,mixture,0.2,1000,800117,0.006879868000396527,kl_plugin,none,5.842418959134572e-06
2-2-4,none,mixture,0.2,1000,800117,0.006879868000396527,kl_split,none,0.04723447397536937
2-2-4,none,mixture,0.2,1000,800117,0.006879868000396527,kl_crossfit,none,0.048932194798127424
2-2-4,none,mixture,0.2,1000,800117,0.006879868000396527,cf1_margin,none,1.1102230246251565e-16
2-2-4,none,mixture,0.2,1000,800117,0.006879868000396527,slack_plugin,none,0.0
2-2-4,none,mixture,0.2,1000,800117,0.006879868000396527,gm_battery,none,0.0
2-2-4,none,mixture,0.2,1000,800117,0.006879868000396527,gtest,none,11.221539957754462
2-2-4,none,mixture,0.2,1000,800118,0.006662035004410427,kl_plugin,none,0.0006925176504813061
2-2-4,none,mixture,0.2,1000,800118,0.006662035004410427,kl_split,none,0.04545395752848523
2-2-4,none,mixture,0.2,1000,800118,0.006662035004410427,kl_crossfit,none,0.04707056552140032
2-2-4,none,mixture,0.2,1000,800118,0.006662035004410427,cf1_margin,none,0.026170468187274754
2-2-4,none,mixture,0.2,1000,800118,0.006662035004410427,slack_plugin,none,0.05234093637454984
2-2-4,none,mixture,0.2,1000,800118,0.006662035004410427,gm_battery,none,0.0
2-2-4,none,mixture,0.2,1000,800118,0.006662035004410427,gtest,none,38.38909205559336
2-2-4,none,mixture,0.2,1000,800119,0.0069103210043977015,kl_plugin,none,0.00026394880431203187
2-2-4,none,mixture,0.2,1000,800119,0.0069103210043977015,kl_split,none,0.055188163878380186
2-2-4,none,mixture,0.2,1000,800119,0.0069103210043977015,kl_crossfit,none,0.056703256368736736
2-2-4,none,mixture,0.2,1000,800119,0.0069103210043977015,cf1_margin,none,0.01455409578979383
2-2-4,none,mixture,0.2,1000,800119,0.0069103210043977015,slack_plugin,none,0.029108191579587474
2-2-4,none,mixture,0.2,1000,800119,0.0069103210043977015,gm_battery,none,0.0
2-2-4,none,mixture,0.2,1000,800119,0.0069103210043977015,gtest,none,7.08822060410445
2-2-4,none,mixture,0.2,1000,800120,0.006532334999064915,kl_plugin,none,0.0006219537839955557
2-2-4,none,mixture,0.2,1000,800120,0.006532334999064915,kl_split,none,0.059505868623949375
2-2-4,none,mixture,0.2,1000,800120,0.006532334999064915,kl_crossfit,none,0.05696891073101211
2-2-4,none,mixture,0.2,1000,800120,0.006532334999064915,cf1_margin,none,0.023147499789932025
2-2-4,none,mixture,0.2,1000,800120,0.006532334999064915,slack_plugin,none,0.04629499957986395
2-2-4,none,mixture,0.2,1000,800120,0.006532334999064915,gm_battery,none,0.0
2-2-4,none,mixture,0.2,1000,800120,0.006532334999064915,gtest,none,22.289799537437545
2-2-4,none,mixture,0.2,1000,800121,0.006904958994709887,kl_plugin,none,3.0475545886580156e-05
2-2-4,none,mixture,0.2,1000,800121,0.006904958994709887,kl_split,none,0.0396283390531938
2-2-4,none,mixture,0.2,1000,800121,0.006904958994709887,kl_crossfit,none,0.040519839684995895
2-2-4,none,mixture,0.2,1000,800121,0.006904958994709887,cf1_margin,none,0.004361744697879311
2-2-4,none,mixture,0.2,1000,800121,0.006904958994709887,slack_plugin,none,0.008723489395758378
2-2-4,none,mixture,0.2,1000,800121,0.006904958994709887,gm_battery,none,0.0
2-2-4,none,mixture,0.2,1000,800121,0.006904958994709887,gtest,none,9.904115459227349
2-2-4,none,mixture,0.2,1000,800122,0.0070133430053829215,kl_plugin,none,0.004472145309294608
2-2-4,none,mixture,0.2,1000,800122,0.0070133430053829215,kl_split,none,0.045277927894071174
2-2-4,none,mixture,0.2,1000,800122,0.0070133430053829215,kl_crossfit,none,0.048982743037036314
2-2-4,none,mixture,0.2,1000,800122,0.0070133430053829215,cf1_margin,none,0.06666666666666676
2-2-4,none,mixture,0.2,1000,800122,0.0070133430053829215,slack_plugin,none,0.1333333333333333
2-2-4,none,mixture,0.2,1000,800122,0.0070133430053829215,gm_battery,none,0.0
2-2-4,none,mixture,0.2,1000,800122,0.0070133430053829215,gtest,none,7.483449333530565
2-2-4,none,mixture,0.2,1000,800123,0.00722871800098801,kl_plugin,none,0.00022149077667490014
2-2-4,none,mixture,0.2,1000,800123,0.00722871800098801,kl_split,none,0.04561228175034733
2-2-4,none,mixture,0.2,1000,800123,0.00722871800098801,kl_crossfit,none,0.047621191889176115
2-2-4,none,mixture,0.2,1000,800123,0.00722871800098801,cf1_margin,none,0.01399999999999979
2-2-4,none,mixture,0.2,1000,800123,0.00722871800098801,slack_plugin,none,0.028000000000000136
2-2-4,none,mixture,0.2,1000,800123,0.00722871800098801,gm_battery,none,0.0
2-2-4,none,mixture,0.2,1000,800123,0.00722871800098801,gtest,none,24.03830113287409
2-2-4,none,mixture,0.2,1000,800124,0.008126986998831853,kl_plugin,none,0.00018046672102065963
2-2-4,none,mixture,0.2,1000,800124,0.008126986998831853,kl_split,none,0.04388799793224588
2-2-4,none,mixture,0.2,1000,800124,0.008126986998831853,kl_crossfit,none,0.04619214027329664
2-2-4,none,mixture,0.2,1000,800124,0.008126986998831853,cf1_margin,none,0.012776204419270742
2-2-4,none,mixture,0.2,1000,800124,0.008126986998831853,slack_plugin,none,0.025552408838541388
2-2-4,none,mixture,0.2,1000,800124,0.008126986998831853,gm_battery,none,0.0
2-2-4,none,mixture,0.2,1000,800124,0.008126986998831853,gtest,none,20.979945060689815
2-2-4,none,mixture,0.2,1000,800125,0.007409459001792129,kl_plugin,none,0.00040947769070930756
2-2-4,none,mixture,0.2,1000,800125,0.007409459001792129,kl_split,none,0.028010588284902816
2-2-4,none,mixture,0.2,1000,800125,0.007409459001792129,kl_crossfit,none,0.030539451993296503
2-2-4,none,mixture,0.2,1000,800125,0.007409459001792129,cf1_margin,none,0.019425243215565824
2-2-4,none,mixture,0.2,1000,800125,0.007409459001792129,slack_plugin,none,0.038850486431131516
2-2-4,none,mixture,0.2,1000,800125,0.007409459001792129,gm_battery,none,0.0
2-2-4,none,mixture,0.2,1000,800125,0.007409459001792129,gtest,none,22.41142884822076
2-2-4,none,mixture,0.2,1000,800126,0.007138819004467223,kl_plugin,none,1.977945141564701e-10
2-2-4,none,mixture,0.2,1000,800126,0.007138819004467223,kl_split,none,0.044615172628437866
2-2-4,none,mixture,0.2,1000,800126,0.007138819004467223,kl_crossfit,none,0.04250197875454874
2-2-4,none,mixture,0.2,1000,800126,0.007138819004467223,cf1_margin,none,0.0
2-2-4,none,mixture,0.2,1000,800126,0.007138819004467223,slack_plugin,none,0.0
2-2-4,none,mixture,0.2,1000,800126,0.007138819004467223,gm_battery,none,0.0
2-2-4,none,mixture,0.2,1000,800126,0.007138819004467223,gtest,none,25.629118307306506
2-2-4,none,mixture,0.2,1000,800127,0.006670432005194016,kl_plugin,none,1.1357032608978993e-13
2-2-4,none,mixture,0.2,1000,800127,0.006670432005194016,kl_split,none,0.04536301383091854
2-2-4,none,mixture,0.2,1000,800127,0.006670432005194016,kl_crossfit,none,0.045916552209976244
2-2-4,none,mixture,0.2,1000,800127,0.006670432005194016,cf1_margin,none,0.0
2-2-4,none,mixture,0.2,1000,800127,0.006670432005194016,slack_plugin,none,0.0
2-2-4,none,mixture,0.2,1000,800127,0.006670432005194016,gm_battery,none,0.0
2-2-4,none,mixture,0.2,1000,800127,0.006670432005194016,gtest,none,23.79422563598107
2-2-4,none,mixture,0.2,1000,800128,0.00711326199962059,kl_plugin,none,2.5375933832221355e-09
2-2-4,none,mixture,0.2,1000,800128,0.00711326199962059,kl_split,none,0.05216295371893691
2-2-4,none,mixture,0.2,1000,800128,0.00711326199962059,kl_crossfit,none,0.05281211752658589
2-2-4,none,mixture,0.2,1000,800128,0.00711326199962059,cf1_margin,none,0.0
2-2-4,none,mixture,0.2,1000,800128,0.00711326199962059,slack_plugin,none,0.0
2-2-4,none,mixture,0.2,1000,800128,0.00711326199962059,gm_battery,none,0.0
2-2-4,none,mixture,0.2,1000,800128,0.00711326199962059,gtest,none,36.25568447756416
2-2-4,none,mixture,0.2,1000,800129,0.00818774299841607,kl_plugin,none,1.663568498398233e-08
2-2-4,none,mixture,0.2,1000,800129,0.00818774299841607,kl_split,none,0.03976188496485333
2-2-4,none,mixture,0.2,1000,800129,0.00818774299841607,kl_crossfit,none,0.040397290675806205
2-2-4,none,mixture,0.2,1000,800129,0.00818774299841607,cf1_margin,none,0.0
2-2-4,none,mixture,0.2,1000,800129,0.00818774299841607,slack_plugin,none,0.0
2-2-4,none,mixture,0.2,1000,800129,0.00818774299841607,gm_battery,none,0.0
2-2-4,none,mixture,0.2,1000,800129,0.00818774299841607,gtest,none,25.675112852953262
2-2-4,none,mixture,0.2,1000,800130,0.0082260330018471,kl_plugin,none,0.0015140442736109178
2-2-4,none,mixture,0.2,1000,800130,0.0082260330018471,kl_split,none,0.05575378970667783
2-2-4,none,mixture,0.2,1000,800130,0.0082260330018471,kl_crossfit,none,0.05231334161890357
2-2-4,none,mixture,0.2,1000,800130,0.0082260330018471,cf1_margin,none,0.03668640948936974
2-2-4,none,mixture,0.2,1000,800130,0.0082260330018471,slack_plugin,none,0.07337281897873943
2-2-4,none,mixture,0.2,1000,800130,0.0082260330018471,gm_battery,none,0.0
2-2-4,none,mixture,0.2,1000,800130,0.0082260330018471,gtest,none,28.68270934449881
2-2-4,none,mixture,0.2,1000,800131,0.007992484999704175,kl_plugin,none,4.609081395774597e-09
2-2-4,none,mixture,0.2,1000,800131,0.007992484999704175,kl_split,none,0.04310970581370431
2-2-4,none,mixture,0.2,1000,800131,0.007992484999704175,kl_crossfit,none,0.04255573140222119
2-2-4,none,mixture,0.2,1000,800131,0.007992484999704175,cf1_margin,none,1.1102230246251565e-16
2-2-4,none,mixture,0.2,1000,800131,0.007992484999704175,slack_plugin,none,0.0
2-2-4,none,mixture,0.2,1000,800131,0.007992484999704175,gm_battery,none,0.0
2-2-4,none,mixture,0.2,1000,800131,0.007992484999704175,gtest,none,17.813652095899975
2-2-4,none,mixture,0.2,1000,800132,0.00696729299670551,kl_plugin,none,0.0027128500588379234
2-2-4,none,mixture,0.2,1000,800132,0.00696729299670551,kl_split,none,0.06231952562621086
2-2-4,none,mixture,0.2,1000,800132,0.00696729299670551,kl_crossfit,none,0.05743154328987049
2-2-4,none,mixture,0.2,1000,800132,0.00696729299670551,cf1_margin,none,0.049964996499649916
2-2-4,none,mixture,0.2,1000,800132,0.00696729299670551,slack_plugin,none,0.09992999299929992
2-2-4,none,mixture,0.2,1000,800132,0.00696729299670551,gm_battery,none,0.0
2-2-4,none,mixture,0.2,1000,800132,0.00696729299670551,gtest,none,12.720348962964124
2-2-4,none,mixture,0.2,1000,800133,0.006912479999300558,kl_plugin,none,9.950958125324108e-05
2-2-4,none,mixture,0.2,1000,800133,0.006912479999300558,kl_split,none,0.05954283836656101
2-2-4,none,mixture,0.2,1000,800133,0.006912479999300558,kl_crossfit,none,0.06020596232453018
2-2-4,none,mixture,0.2,1000,800133,0.006912479999300558,cf1_margin,none,0.009353833351336993
2-2-4,none,mixture,0.2,1000,800133,0.006912479999300558,slack_plugin,none,0.018707666702673674
2-2-4,none,mixture,0.2,1000,800133,0.006912479999300558,gm_battery,none,0.0
2-2-4,none,mixture,0.2,1000,800133,0.006912479999300558,gtest,none,8.266159907556887
2-2-4,none,mixture,0.2,1000,800134,0.007361953998042736,kl_plugin,none,0.000955944216137896
2-2-4,none,mixture,0.2,1000,800134,0.007361953998042736,kl_split,none,0.044373318733440165
2-2-4,none,mixture,0.2,1000,800134,0.007361953998042736,kl_crossfit,none,0.03884243761909459
2-2-4,none,mixture,0.2,1000,800134,0.007361953998042736,cf1_margin,none,0.03057710077562792
2-2-4,none,mixture,0.2,1000,800134,0.007361953998042736,slack_plugin,none,0.061154201551255886
2-2-4,none,mixture,0.2,1000,800134,0.007361953998042736,gm_battery,none,0.0
2-2-4,none,mixture,0.2,1000,800134,0.007361953998042736,gtest,none,25.977664769099086
2-2-4,none,mixture,0.2,1000,800135,0.007340182994084898,kl_plugin,none,3.908900736162527e-08
2-2-4,none,mixture,0.2,1000,800135,0.007340182994084898,kl_split,none,0.05602321156306028
2-2-4,none,mixture,0.2,1000,800135,0.007340182994084898,kl_crossfit,none,0.05652919154708539
2-2-4,none,mixture,0.2,1000,800135,0.007340182994084898,cf1_margin,none,2.220446049250313e-16
2-2-4,none,mixture,0.2,1000,800135,0.007340182994084898,slack_plugin,none,0.0
2-2-4,none,mixture,0.2,1000,800135,0.007340182994084898,gm_battery,none,0.0
2-2-4,none,mixture,0.2,1000,800135,0.007340182994084898,gtest,none,23.866023080935296
2-2-4,none,mixture,0.2,1000,800136,0.0075914039989584126,kl_plugin,none,0.001274278129081416
2-2-4,none,mixture,0.2,1000,800136,0.0075914039989584126,kl_split,none,0.051465864300942826
2-2-4,none,mixture,0.2,1000,800136,0.0075914039989584126,kl_crossfit,none,0.05456914317311263
2-2-4,none,mixture,0.2,1000,800136,0.0075914039989584126,cf1_margin,none,0.0337652155477598
2-2-4,none,mixture,0.2,1000,800136,0.0075914039989584126,slack_plugin,none,0.06753043109551958
2-2-4,none,mixture,0.2,1000,800136,0.0075914039989584126,gm_battery,none,0.0
2-2-4,none,mixture,0.2,1000,800136,0.0075914039989584126,gtest,none,38.66277774739537
2-2-4,none,mixture,0.2,1000,800137,0.00672420600312762,kl_plugin,none,7.236445849714878e-06
2-2-4,none,mixture,0.2,1000,800137,0.00672420600312762,kl_split,none,0.039203307194863396
2-2-4,none,mixture,0.2,1000,800137,0.00672420600312762,kl_crossfit,none,0.04237569604531415
2-2-4,none,mixture,0.2,1000,800137,0.00672420600312762,cf1_margin,none,0.0011968090429130829
2-2-4,none,mixture,0.2,1000,800137,0.00672420600312762,slack_plugin,none,0.002393618085826152
2-2-4,none,mixture,0.2,1000,800137,0.00672420600312762,gm_battery,none,0.0
2-2-4,none,mixture,0.2,1000,800137,0.00672420600312762,gtest,none,19.239225759106837
2-2-4,none,mixture,0.2,1000,800138,0.006943822998437099,kl_plugin,none,1.0059073900019303e-09
2-2-4,none,mixture,0.2,1000,800138,0.006943822998437099,kl_split,none,0.05390665716738571
2-2-4,none,mixture,0.2,1000,800138,0.006943822998437099,kl_crossfit,none,0.05808638219555889
2-2-4,none,mixture,0.2,1000,800138,0.006943822998437099,cf1_margin,none,1.1102230246251565e-16
2-2-4,none,mixture,0.2,1000,800138,0.006943822998437099,slack_plugin,none,0.0
2-2-4,none,mixture,0.2,1000,800138,0.006943822998437099,gm_battery,none,0.0
2-2-4,none,mixture,0.2,1000,800138,0.006943822998437099,gtest,none,20.575064880948908
2-2-4,none,mixture,0.2,1000,800139,0.006746298000507522,kl_plugin,none,0.0011691785235530792
2-2-4,none,mixture,0.2,1000,800139,0.006746298000507522,kl_split,none,0.030374373637804077
2-2-4,none,mixture,0.2,1000,800139,0.006746298000507522,kl_crossfit,none,0.03267990240489324
2-2-4,none,mixture,0.2,1000,800139,0.006746298000507522,cf1_margin,none,0.031999999999999695
2-2-4,none,mixture,0.2,1000,800139,0.006746298000507522,slack_plugin,none,0.06400000000000008
2-2-4,none,mixture,0.2,1000,800139,0.006746298000507522,gm_battery,none,0.0
2-2-4,none,mixture,0.2,1000,800139,0.006746298000507522,gtest,none,11.066012831731982
2-2-4,none,mixture,0.2,1000,800140,0.006902308996359352,kl_plugin,none,2.0187226554900886e-09
2-2-4,none,mixture,0.2,1000,800140,0.006902308996359352,kl_split,none,0.04383188947974022
2-2-4,none,mixture,0.2,1000,800140,0.006902308996359352,kl_crossfit,none,0.04389708091481906
2-2-4,none,mixture,0.2,1000,800140,0.006902308996359352,cf1_margin,none,0.0
2-2-4,none,mixture,0.2,1000,800140,0.006902308996359352,slack_plugin,none,0.0
2-2-4,none,mixture,0.2,1000,800140,0.006902308996359352,gm_battery,none,0.0
2-2-4,none,mixture,0.2,1000,800140,0.006902308996359352,gtest,none,24.101629469401914
2-2-4,none,mixture,0.2,1000,800141,0.006445847000577487,kl_plugin,none,0.0006684359090427007
2-2-4,none,mixture,0.2,1000,800141,0.006445847000577487,kl_split,none,0.0616188538706962
2-2-4,none,mixture,0.2,1000,800141,0.006445847000577487,kl_crossfit,none,0.06113354083383082
2-2-4,none,mixture,0.2,1000,800141,0.006445847000577487,cf1_margin,none,0.025852268178251592
2-2-4,none,mixture,0.2,1000,800141,0.006445847000577487,slack_plugin,none,0.051704536356503426
2-2-4,none,mixture,0.2,1000,800141,0.006445847000577487,gm_battery,none,0.0
2-2-4,none,mixture,0.2,1000,800141,0.006445847000577487,gtest,none,11.253476830913954
2-2-4,none,mixture,0.2,1000,800142,0.00761890500143636,kl_plugin,none,0.0003373432273419182
2-2-4,none,mixture,0.2,1000,800142,0.00761890500143636,kl_split,none,0.05450455667214604
2-2-4,none,mixture,0.2,1000,800142,0.00761890500143636,kl_crossfit,none,0.059195381170238634
2-2-4,none,mixture,0.2,1000,800142,0.00761890500143636,cf1_margin,none,0.017321732173217308
2-2-4,none,mixture,0.2,1000,800142,0.00761890500143636,slack_plugin,none,0.034643464346434685
2-2-4,none,mixture,0.2,1000,800142,0.00761890500143636,gm_battery,none,0.0
2-2-4,none,mixture,0.2,1000,800142,0.00761890500143636,gtest,none,23.15246001631452
2-2-4,none,mixture,0.2,1000,800143,0.006229598002391867,kl_plugin,none,7.237877020766474e-14
2-2-4,none,mixture,0.2,1000,800143,0.006229598002391867,kl_split,none,0.04340761329527689
2-2-4,none,mixture,0.2,1000,800143,0.006229598002391867,kl_crossfit,none,0.04367169932554332
2-2-4,none,mixture,0.2,1000,800143,0.006229598002391867,cf1_margin,none,0.0
2-2-4,none,mixture,0.2,1000,800143,0.006229598002391867,slack_plugin,none,0.0
2-2-4,none,mixture,0.2,1000,800143,0.006229598002391867,gm_battery,none,0.0
2-2-4,none,mixture,0.2,1000,800143,0.006229598002391867,gtest,none,3.5776915624842793
2-2-4,none,mixture,0.2,1000,800144,0.006690079004329164,kl_plugin,none,8.331955731838924e-07
2-2-4,none,mixture,0.2,1000,800144,0.006690079004329164,kl_split,none,0.050196732833073895
2-2-4,none,mixture,0.2,1000,800144,0.006690079004329164,kl_crossfit,none,0.05134423867487553
2-2-4,none,mixture,0.2,1000,800144,0.006690079004329164,cf1_margin,none,2.220446049250313e-16
2-2-4,none,mixture,0.2,1000,800144,0.006690079004329164,slack_plugin,none,0.0
2-2-4,none,mixture,0.2,1000,800144,0.006690079004329164,gm_battery,none,0.0
2-2-4,none,mixture,0.2,1000,800144,0.006690079004329164,gtest,none,19.60355905041594
2-2-4,none,mixture,0.2,1000,800145,0.00711773699731566,kl_plugin,none,2.421323681353011e-12
2-2-4,none,mixture,0.2,1000,800145,0.00711773699731566,kl_split,none,0.05291537472688525
2-2-4,none,mixture,0.2,1000,800145,0.00711773699731566,kl_crossfit,none,0.053797712144050755
2-2-4,none,mixture,0.2,1000,800145,0.00711773699731566,cf1_margin,none,0.0
2-2-4,none,mixture,0.2,1000,800145,0.00711773699731566,slack_plugin,none,0.0
2-2-4,none,mixture,0.2,1000,800145,0.00711773699731566,gm_battery,none,0.0
2-2-4,none,mixture,0.2,1000,800145,0.00711773699731566,gtest,none,19.5690372196046
2-2-4,none,mixture,0.2,1000,800146,0.00667252299899701,kl_plugin,none,0.004138925681207512
2-2-4,none,mixture,0.2,1000,800146,0.00667252299899701,kl_split,none,0.050989971324255985
2-2-4,none,mixture,0.2,1000,800146,0.00667252299899701,kl_crossfit,none,0.04420812785154972
2-2-4,none,mixture,0.2,1000,800146,0.00667252299899701,cf1_margin,none,0.06425431315527352
2-2-4,none,mixture,0.2,1000,800146,0.00667252299899701,slack_plugin,none,0.12850862631054716
2-2-4,none,mixture,0.2,1000,800146,0.00667252299899701,gm_battery,none,0.0
2-2-4,none,mixture,0.2,1000,800146,0.00667252299899701,gtest,none,13.89599627562292
2-2-4,none,mixture,0.2,1000,800147,0.008939719999034423,kl_plugin,none,0.00013784828340960252
2-2-4,none,mixture,0.2,1000,800147,0.008939719999034423,kl_split,none,0.04467668786019497
2-2-4,none,mixture,0.2,1000,800147,0.008939719999034423,kl_crossfit,none,0.04667515522979303
2-2-4,none,mixture,0.2,1000,800147,0.008939719999034423,cf1_margin,none,0.011694640824636449
2-2-4,none,mixture,0.2,1000,800147,0.008939719999034423,slack_plugin,none,0.023389281649272953
2-2-4,none,mixture,0.2,1000,800147,0.008939719999034423,gm_battery,none,0.0
2-2-4,none,mixture,0.2,1000,800147,0.008939719999034423,gtest,none,20.569630786069144
2-2-4,none,mixture,0.2,1000,800148,0.007729811994067859,kl_plugin,none,1.367385420990471e-13
2-2-4,none,mixture,0.2,1000,800148,0.007729811994067859,kl_split,none,0.043932501553028955
2-2-4,none,mixture,0.2,1000,800148,0.007729811994067859,kl_crossfit,none,0.04218368405748628
2-2-4,none,mixture,0.2,1000,800148,0.007729811994067859,cf1_margin,none,0.0
2-2-4,none,mixture,0.2,1000,800148,0.007729811994067859,slack_plugin,none,0.0
2-2-4,none,mixture,0.2,1000,800148,0.007729811994067859,gm_battery,none,0.0
2-2-4,none,mixture,0.2,1000,800148,0.007729811994067859,gtest,none,25.98528493515451
2-2-4,none,mixture,0.2,1000,800149,0.00706427499972051,kl_plugin,none,0.002649729836682567
2-2-4,none,mixture,0.2,1000,800149,0.00706427499972051,kl_split,none,0.042690718585726976
2-2-4,none,mixture,0.2,1000,800149,0.00706427499972051,kl_crossfit,none,0.044043900844862593
2-2-4,none,mixture,0.2,1000,800149,0.00706427499972051,cf1_margin,none,0.04911909456708208
2-2-4,none,mixture,0.2,1000,800149,0.00706427499972051,slack_plugin,none,0.09823818913416374
2-2-4,none,mixture,0.2,1000,800149,0.00706427499972051,gm_battery,none,0.0
2-2-4,none,mixture,0.2,1000,800149,0.00706427499972051,gtest,none,17.545853491205474
2-2-4,none,mixture,0.2,1000,800150,0.0068387200008146465,kl_plugin,none,0.0029150751127788727
2-2-4,none,mixture,0.2,1000,800150,0.0068387200008146465,kl_split,none,0.048623550899175
2-2-4,none,mixture,0.2,1000,800150,0.0068387200008146465,kl_crossfit,none,0.052804659004793454
2-2-4,none,mixture,0.2,1000,800150,0.0068387200008146465,cf1_margin,none,0.05397794320595528
2-2-4,none,mixture,0.2,1000,800150,0.0068387200008146465,slack_plugin,none,0.10795588641191084
2-2-4,none,mixture,0.2,1000,800150,0.0068387200008146465,gm_battery,none,0.0
2-2-4,none,mixture,0.2,1000,800150,0.0068387200008146465,gtest,none,10.480597415074818
2-2-4,none,mixture,0.2,1000,800151,0.007752287994662765,kl_plugin,none,4.985371551796377e-07
2-2-4,none,mixture,0.2,1000,800151,0.007752287994662765,kl_split,none,0.042478820101447726
2-2-4,none,mixture,0.2,1000,800151,0.007752287994662765,kl_crossfit,none,0.043442536579521435
2-2-4,none,mixture,0.2,1000,800151,0.007752287994662765,cf1_margin,none,0.0
2-2-4,none,mixture,0.2,1000,800151,0.007752287994662765,slack_plugin,none,0.0
2-2-4,none,mixture,0.2,1000,800151,0.007752287994662765,gm_battery,none,0.0
2-2-4,none,mixture,0.2,1000,800151,0.007752287994662765,gtest,none,21.256792600220756
2-2-4,none,mixture,0.2,1000,800152,0.006374465003318619,kl_plugin,none,0.0031518425507531533
2-2-4,none,mixture,0.2,1000,800152,0.006374465003318619,kl_split,none,0.048819741325409165
2-2-4,none,mixture,0.2,1000,800152,0.006374465003318619,kl_crossfit,none,0.053634586569949155
2-2-4,none,mixture,0.2,1000,800152,0.006374465003318619,cf1_margin,none,0.055774007864283326
2-2-4,none,mixture,0.2,1000,800152,0.006374465003318619,slack_plugin,none,0.11154801572856622
2-2-4,none,mixture,0.2,1000,800152,0.006374465003318619,gm_battery,none,0.0
2-2-4,none,mixture,0.2,1000,800152,0.006374465003318619,gtest,none,20.71193519537003
2-2-4,none,mixture,0.2,1000,800153,0.007066378995659761,kl_plugin,none,0.0002914609611542676
2-2-4,none,mixture,0.2,1000,800153,0.007066378995659761,kl_split,none,0.04446516331208388
2-2-4,none,mixture,0.2,1000,800153,0.007066378995659761,kl_crossfit,none,0.04706064369665597
2-2-4,none,mixture,0.2,1000,800153,0.007066378995659761,cf1_margin,none,0.01599999999999957
2-2-4,none,mixture,0.2,1000,800153,0.007066378995659761,slack_plugin,none,0.032000000000000015
2-2-4,none,mixture,0.2,1000,800153,0.007066378995659761,gm_battery,none,0.0
2-2-4,none,mixture,0.2,1000,800153,0.007066378995659761,gtest,none,21.686571637993936
2-2-4,none,mixture,0.2,1000,800154,0.006745120001141913,kl_plugin,none,2.9149230448686407e-08
2-2-4,none,mixture,0.2,1000,800154,0.006745120001141913,kl_split,none,0.04982358750747741
2-2-4,none,mixture,0.2,1000,800154,0.006745120001141913,kl_crossfit,none,0.05105087975270803
2-2-4,none,mixture,0.2,1000,800154,0.006745120001141913,cf1_margin,none,0.0
2-2-4,none,mixture,0.2,1000,800154,0.006745120001141913,slack_plugin,none,0.0
2-2-4,none,mixture,0.2,1000,800154,0.006745120001141913,gm_battery,none,0.0
2-2-4,none,mixture,0.2,1000,800154,0.006745120001141913,gtest,none,17.68956772235435
2-2-4,none,mixture,0.2,1000,800155,0.006478012997831684,kl_plugin,none,6.519084065114756e-07
2-2-4,none,mixture,0.2,1000,800155,0.006478012997831684,kl_split,none,0.04858440421193655
2-2-4,none,mixture,0.2,1000,800155,0.006478012997831684,kl_crossfit,none,0.047985984365008255
2-2-4,none,mixture,0.2,1000,800155,0.006478012997831684,cf1_margin,none,1.1102230246251565e-16
2-2-4,none,mixture,0.2,1000,800155,0.006478012997831684,slack_plugin,none,0.0
2-2-4,none,mixture,0.2,1000,800155,0.006478012997831684,gm_battery,none,0.0
2-2-4,none,mixture,0.2,1000,800155,0.006478012997831684,gtest,none,27.145322519451312
2-2-4,none,mixture,0.2,1000,800156,0.006702595994283911,kl_plugin,none,0.0024822033834412532
2-2-4,none,mixture,0.2,1000,800156,0.006702595994283911,kl_split,none,0.05523146750706591
2-2-4,none,mixture,0.2,1000,800156,0.006702595994283911,kl_crossfit,none,0.05104274984702514
2-2-4,none,mixture,0.2,1000,800156,0.006702595994283911,cf1_margin,none,0.04710471047104714
2-2-4,none,mixture,0.2,1000,800156,0.006702595994283911,slack_plugin,none,0.09420942094209434
2-2-4,none,mixture,0.2,1000,800156,0.006702595994283911,gm_battery,none,0.0
2-2-4,none,mixture,0.2,1000,800156,0.006702595994283911,gtest,none,17.00418691388837
2-2-4,none,mixture,0.2,1000,800157,0.0064799579995451495,kl_plugin,none,0.0014328416281022011
2-2-4,none,mixture,0.2,1000,800157,0.0064799579995451495,kl_split,none,0.04026670540167361
2-2-4,none,mixture,0.2,1000,800157,0.0064799579995451495,kl_crossfit,none,0.044530914271341517
2-2-4,none,mixture,0.2,1000,800157,0.0064799579995451495,cf1_margin,none,0.037833362001032156
2-2-4,none,mixture,0.2,1000,800157,0.0064799579995451495,slack_plugin,none,0.07566672400206409
2-2-4,none,mixture,0.2,1000,800157,0.0064799579995451495,gm_battery,none,0.0
2-2-4,none,mixture,0.2,1000,800157,0.0064799579995451495,gtest,none,16.684416873978236
2-2-4,none,mixture,0.2,1000,800158,0.006349305003823247,kl_plugin,none,0.0004947488127814998
2-2-4,none,mixture,0.2,1000,800158,0.006349305003823247,kl_split,none,0.055514065386837994
2-2-4,none,mixture,0.2,1000,800158,0.006349305003823247,kl_crossfit,none,0.06128512240094734
2-2-4,none,mixture,0.2,1000,800158,0.006349305003823247,cf1_margin,none,0.02176834829357266
2-2-4,none,mixture,0.2,1000,800158,0.006349305003823247,slack_plugin,none,0.04353669658714544
2-2-4,none,mixture,0.2,1000,800158,0.006349305003823247,gm_battery,none,0.0
2-2-4,none,mixture,0.2,1000,800158,0.006349305003823247,gtest,none,37.28858724237039
2-2-4,none,mixture,0.2,1000,800159,0.005981946000247262,kl_plugin,none,3.4204874602795365e-14
2-2-4,none,mixture,0.2,1000,800159,0.005981946000247262,kl_split,none,0.0544804277955276
2-2-4,none,mixture,0.2,1000,800159,0.005981946000247262,kl_crossfit,none,0.05707786419252842
2-2-4,none,mixture,0.2,1000,800159,0.005981946000247262,cf1_margin,none,0.0
2-2-4,none,mixture,0.2,1000,800159,0.005981946000247262,slack_plugin,none,0.0
2-2-4,none,mixture,0.2,1000,800159,0.005981946000247262,gm_battery,none,0.0
2-2-4,none,mixture,0.2,1000,800159,0.005981946000247262,gtest,none,5.400750984573964
2-2-4,none,mixture,0.2,1000,800160,0.006462689001637045,kl_plugin,none,0.0017091528930014976
2-2-4,none,mixture,0.2,1000,800160,0.006462689001637045,kl_split,none,0.06728119746564121
2-2-4,none,mixture,0.2,1000,800160,0.006462689001637045,kl_crossfit,none,0.06379399482083141
2-2-4,none,mixture,0.2,1000,800160,0.006462689001637045,cf1_margin,none,0.041315996942520195
2-2-4,none,mixture,0.2,1000,800160,0.006462689001637045,slack_plugin,none,0.0826319938850403
2-2-4,none,mixture,0.2,1000,800160,0.006462689001637045,gm_battery,none,0.0
2-2-4,none,mixture,0.2,1000,800160,0.006462689001637045,gtest,none,8.051973035646022
2-2-4,none,mixture,0.2,1000,800161,0.006697970995446667,kl_plugin,none,0.009298313729941728
2-2-4,none,mixture,0.2,1000,800161,0.006697970995446667,kl_split,none,0.03622556493756256
2-2-4,none,mixture,0.2,1000,800161,0.006697970995446667,kl_crossfit,none,0.04527213964164504
2-2-4,none,mixture,0.2,1000,800161,0.006697970995446667,cf1_margin,none,0.08906015413872492
2-2-4,none,mixture,0.2,1000,800161,0.006697970995446667,slack_plugin,none,0.17812030827744973
2-2-4,none,mixture,0.2,1000,800161,0.006697970995446667,gm_battery,none,0.0
2-2-4,none,mixture,0.2,1000,800161,0.006697970995446667,gtest,none,37.40570667688034
2-2-4,none,mixture,0.2,1000,800162,0.006860907997179311,kl_plugin,none,1.8833284841873423e-10
2-2-4,none,mixture,0.2,1000,800162,0.006860907997179311,kl_split,none,0.04347387402007416
2-2-4,none,mixture,0.2,1000,800162,0.006860907997179311,kl_crossfit,none,0.03984682291850486
2-2-4,none,mixture,0.2,1000,800162,0.006860907997179311,cf1_margin,none,0.0
2-2-4,none,mixture,0.2,1000,800162,0.006860907997179311,slack_plugin,none,0.0
2-2-4,none,mixture,0.2,1000,800162,0.006860907997179311,gm_battery,none,0.0
2-2-4,none,mixture,0.2,1000,800162,0.006860907997179311,gtest,none,16.865855914019292
2-2-4,none,mixture,0.2,1000,800163,0.00962309700116748,kl_plugin,none,2.5155663477924774e-14
2-2-4,none,mixture,0.2,1000,800163,0.00962309700116748,kl_split,none,0.05000662340316939
2-2-4,none,mixture,0.2,1000,800163,0.00962309700116748,kl_crossfit,none,0.05026226328616254
2-2-4,none,mixture,0.2,1000,800163,0.00962309700116748,cf1_margin,none,0.0
2-2-4,none,mixture,0.2,1000,800163,0.00962309700116748,slack_plugin,none,0.0
2-2-4,none,mixture,0.2,1000,800163,0.00962309700116748,gm_battery,none,0.0
2-2-4,none,mixture,0.2,1000,800163,0.00962309700116748,gtest,none,49.801592628883455
2-2-4,none,mixture,0.2,1000,800164,0.0069158170008449815,kl_plugin,none,0.004402963769115802
2-2-4,none,mixture,0.2,1000,800164,0.0069158170008449815,kl_split,none,0.048778576252811456
2-2-4,none,mixture,0.2,1000,800164,0.0069158170008449815,kl_crossfit,none,0.0413877295690949
2-2-4,none,mixture,0.2,1000,800164,0.0069158170008449815,cf1_margin,none,0.0610092422477595
2-2-4,none,mixture,0.2,1000,800164,0.0069158170008449815,slack_plugin,none,0.12201848449551905
2-2-4,none,mixture,0.2,1000,800164,0.0069158170008449815,gm_battery,none,0.0
2-2-4,none,mixture,0.2,1000,800164,0.0069158170008449815,gtest,none,20.320912061929608
2-2-4,none,mixture,0.2,1000,800165,0.00821881500451127,kl_plugin,none,0.0008204958472074891
2-2-4,none,mixture,0.2,1000,800165,0.00821881500451127,kl_split,none,0.03773925539949183
2-2-4,none,mixture,0.2,1000,800165,0.00821881500451127,kl_crossfit,none,0.039486587141183874
2-2-4,none,mixture,0.2,1000,800165,0.00821881500451127,cf1_margin,none,0.028633795582948207
2-2-4,none,mixture,0.2,1000,800165,0.00821881500451127,slack_plugin,none,0.05726759116589629
2-2-4,none,mixture,0.2,1000,800165,0.00821881500451127,gm_battery,none,0.0
2-2-4,none,mixture,0.2,1000,800165,0.00821881500451127,gtest,none,16.806179618896145
2-2-4,none,mixture,0.2,1000,800166,0.016271303997200448,kl_plugin,none,5.527350201023004e-05
2-2-4,none,mixture,0.2,1000,800166,0.016271303997200448,kl_split,none,0.03751416344959358
2-2-4,none,mixture,0.2,1000,800166,0.016271303997200448,kl_crossfit,none,0.0421521739070569
2-2-4,none,mixture,0.2,1000,800166,0.016271303997200448,cf1_margin,none,0.006880688068806817
2-2-4,none,mixture,0.2,1000,800166,0.016271303997200448,slack_plugin,none,0.013761376137613662
2-2-4,none,mixture,0.2,1000,800166,0.016271303997200448,gm_battery,none,0.0
2-2-4,none,mixture,0.2,1000,800166,0.016271303997200448,gtest,none,13.57881083954026
2-2-4,none,mixture,0.2,1000,800167,0.006913669996720273,kl_plugin,none,5.2443058319180105e-06
2-2-4,none,mixture,0.2,1000,800167,0.006913669996720273,kl_split,none,0.04271790404776458
2-2-4,none,mixture,0.2,1000,800167,0.006913669996720273,kl_crossfit,none,0.04397919259005666
2-2-4,none,mixture,0.2,1000,800167,0.006913669996720273,cf1_margin,none,0.0002560368693091952
2-2-4,none,mixture,0.2,1000,800167,0.006913669996720273,slack_plugin,none,0.0005120737386182933
2-2-4,none,mixture,0.2,1000,800167,0.006913669996720273,gm_battery,none,0.0
2-2-4,none,mixture,0.2,1000,800167,0.006913669996720273,gtest,none,23.056297492949938
2-2-4,none,mixture,0.2,1000,800168,0.006531922997965012,kl_plugin,none,5.80410514562093e-07
2-2-4,none,mixture,0.2,1000,800168,0.006531922997965012,kl_split,none,0.030616159600108835
2-2-4,none,mixture,0.2,1000,800168,0.006531922997965012,kl_crossfit,none,0.03212198459789251
2-2-4,none,mixture,0.2,1000,800168,0.006531922997965012,cf1_margin,none,1.1102230246251565e-16
2-2-4,none,mixture,0.2,1000,800168,0.006531922997965012,slack_plugin,none,0.0
2-2-4,none,mixture,0.2,1000,800168,0.006531922997965012,gm_battery,none,0.0
2-2-4,none,mixture,0.2,1000,800168,0.006531922997965012,gtest,none,13.45112895161897
2-2-4,none,mixture,0.2,1000,800169,0.006621713000640739,kl_plugin,none,0.00016435801282112597
2-2-4,none,mixture,0.2,1000,800169,0.006621713000640739,kl_split,none,0.04425163721194256
2-2-4,none,mixture,0.2,1000,800169,0.006621713000640739,kl_crossfit,none,0.047898320458887235
2-2-4,none,mixture,0.2,1000,800169,0.006621713000640739,cf1_margin,none,0.012224440079842913
2-2-4,none,mixture,0.2,1000,800169,0.006621713000640739,slack_plugin,none,0.024448880159685722
2-2-4,none,mixture,0.2,1000,800169,0.006621713000640739,gm_battery,none,0.0
2-2-4,none,mixture,0.2,1000,800169,0.006621713000640739,gtest,none,17.86078878514864
2-2-4,none,mixture,0.2,1000,800170,0.007933164997666609,kl_plugin,none,0.0010779323826482883
2-2-4,none,mixture,0.2,1000,800170,0.007933164997666609,kl_split,none,0.052240248748502305
2-2-4,none,mixture,0.2,1000,800170,0.007933164997666609,kl_crossfit,none,0.05443656817879794
2-2-4,none,mixture,0.2,1000,800170,0.007933164997666609,cf1_margin,none,0.031239119733951326
2-2-4,none,mixture,0.2,1000,800170,0.007933164997666609,slack_plugin,none,0.06247823946790245
2-2-4,none,mixture,0.2,1000,800170,0.007933164997666609,gm_battery,none,0.0
2-2-4,none,mixture,0.2,1000,800170,0.007933164997666609,gtest,none,12.65260689391458
2-2-4,none,mixture,0.2,1000,800171,0.00794380099978298,kl_plugin,none,0.00032683676323738524
2-2-4,none,mixture,0.2,1000,800171,0.00794380099978298,kl_split,none,0.054038935815373605
2-2-4,none,mixture,0.2,1000,800171,0.00794380099978298,kl_crossfit,none,0.056633474103810325
2-2-4,none,mixture,0.2,1000,800171,0.00794380099978298,cf1_margin,none,0.01712438384226367
2-2-4,none,mixture,0.2,1000,800171,0.00794380099978298,slack_plugin,none,0.03424876768452715
2-2-4,none,mixture,0.2,1000,800171,0.00794380099978298,gm_battery,none,0.0
2-2-4,none,mixture,0.2,1000,800171,0.00794380099978298,gtest,none,16.404369391498307
2-2-4,none,mixture,0.2,1000,800172,0.00728390300355386,kl_plugin,none,0.0028207914439853723
2-2-4,none,mixture,0.2,1000,800172,0.00728390300355386,kl_split,none,0.04847105026576614
2-2-4,none,mixture,0.2,1000,800172,0.00728390300355386,kl_crossfit,none,0.04973714738530089
2-2-4,none,mixture,0.2,1000,800172,0.00728390300355386,cf1_margin,none,0.050159324910730274
2-2-4,none,mixture,0.2,1000,800172,0.00728390300355386,slack_plugin,none,0.10031864982146008
2-2-4,none,mixture,0.2,1000,800172,0.00728390300355386,gm_battery,none,0.0
2-2-4,none,mixture,0.2,1000,800172,0.00728390300355386,gtest,none,17.407480493718666
2-2-4,none,mixture,0.2,1000,800173,0.007383475000096951,kl_plugin,none,0.0007853016615667202
2-2-4,none,mixture,0.2,1000,800173,0.007383475000096951,kl_split,none,0.05243939456254304
2-2-4,none,mixture,0.2,1000,800173,0.007383475000096951,kl_crossfit,none,0.053890283232855815
2-2-4,none,mixture,0.2,1000,800173,0.007383475000096951,cf1_margin,none,0.026276600855070442
2-2-4,none,mixture,0.2,1000,800173,0.007383475000096951,slack_plugin,none,0.052553201710140884
2-2-4,none,mixture,0.2,1000,800173,0.007383475000096951,gm_battery,none,0.0
2-2-4,none,mixture,0.2,1000,800173,0.007383475000096951,gtest,none,14.140001715967152
2-2-4,none,mixture,0.2,1000,800174,0.00724589000310516,kl_plugin,none,0.0009253306797495902
2-2-4,none,mixture,0.2,1000,800174,0.00724589000310516,kl_split,none,0.05175341468318311
2-2-4,none,mixture,0.2,1000,800174,0.00724589000310516,kl_crossfit,none,0.054903999170810264
2-2-4,none,mixture,0.2,1000,800174,0.00724589000310516,cf1_margin,none,0.02860584522909093
2-2-4,none,mixture,0.2,1000,800174,0.00724589000310516,slack_plugin,none,0.05721169045818181
2-2-4,none,mixture,0.2,1000,800174,0.00724589000310516,gm_battery,none,0.0
2-2-4,none,mixture,0.2,1000,800174,0.00724589000310516,gtest,none,13.868617101678495
2-2-4,none,mixture,0.2,1000,800175,0.007595226998091675,kl_plugin,none,7.724817571517616e-06
2-2-4,none,mixture,0.2,1000,800175,0.007595226998091675,kl_split,none,0.046742053549166676
2-2-4,none,mixture,0.2,1000,800175,0.007595226998091675,kl_crossfit,none,0.04873267677512597
2-2-4,none,mixture,0.2,1000,800175,0.007595226998091675,cf1_margin,none,0.0012729980304561073
2-2-4,none,mixture,0.2,1000,800175,0.007595226998091675,slack_plugin,none,0.0025459960609116802
2-2-4,none,mixture,0.2,1000,800175,0.007595226998091675,gm_battery,none,0.0
2-2-4,none,mixture,0.2,1000,800175,0.007595226998091675,gtest,none,11.445164230797726
2-2-4,none,mixture,0.2,1000,800176,0.006788505001168232,kl_plugin,none,0.0018260873422615218
2-2-4,none,mixture,0.2,1000,800176,0.006788505001168232,kl_split,none,0.05570554935437175
2-2-4,none,mixture,0.2,1000,800176,0.006788505001168232,kl_crossfit,none,0.049996540667150216
2-2-4,none,mixture,0.2,1000,800176,0.006788505001168232,cf1_margin,none,0.04064251356956894
2-2-4,none,mixture,0.2,1000,800176,0.006788505001168232,slack_plugin,none,0.08128502713913753
2-2-4,none,mixture,0.2,1000,800176,0.006788505001168232,gm_battery,none,0.0
2-2-4,none,mixture,0.2,1000,800176,0.006788505001168232,gtest,none,13.897245562616646
2-2-4,none,mixture,0.2,1000,800177,0.006995205003477167,kl_plugin,none,7.063140768487602e-09
2-2-4,none,mixture,0.2,1000,800177,0.006995205003477167,kl_split,none,0.055818391209876014
2-2-4,none,mixture,0.2,1000,800177,0.006995205003477167,kl_crossfit,none,0.05596917612847331
2-2-4,none,mixture,0.2,1000,800177,0.006995205003477167,cf1_margin,none,0.0
2-2-4,none,mixture,0.2,1000,800177,0.006995205003477167,slack_plugin,none,0.0
2-2-4,none,mixture,0.2,1000,800177,0.006995205003477167,gm_battery,none,0.0
2-2-4,none,mixture,0.2,1000,800177,0.006995205003477167,gtest,none,11.10542845239771
2-2-4,none,mixture,0.2,1000,800178,0.006639655002800282,kl_plugin,none,0.0006559779248372557
2-2-4,none,mixture,0.2,1000,800178,0.006639655002800282,kl_split,none,0.03150461327850749
2-2-4,none,mixture,0.2,1000,800178,0.006639655002800282,kl_crossfit,none,0.033799308097526085
2-2-4,none,mixture,0.2,1000,800178,0.006639655002800282,cf1_margin,none,0.025609580147164968
2-2-4,none,mixture,0.2,1000,800178,0.006639655002800282,slack_plugin,none,0.051219160294329776
2-2-4,none,mixture,0.2,1000,800178,0.006639655002800282,gm_battery,none,0.0
2-2-4,none,mixture,0.2,1000,800178,0.006639655002800282,gtest,none,17.17873457209109
2-2-4,none,mixture,0.2,1000,800179,0.00678688599873567,kl_plugin,none,1.9860466167435508e-07
2-2-4,none,mixture,0.2,1000,800179,0.00678688599873567,kl_split,none,0.06289568889184582
2-2-4,none,mixture,0.2,1000,800179,0.00678688599873567,kl_crossfit,none,0.059694459301959595
2-2-4,none,mixture,0.2,1000,800179,0.00678688599873567,cf1_margin,none,0.0
2-2-4,none,mixture,0.2,1000,800179,0.00678688599873567,slack_plugin,none,0.0
2-2-4,none,mixture,0.2,1000,800179,0.00678688599873567,gm_battery,none,0.0
2-2-4,none,mixture,0.2,1000,800179,0.00678688599873567,gtest,none,5.685070131634561
2-2-4,none,mixture,0.2,1000,800180,0.007820298000297043,kl_plugin,none,0.000502547279474538
2-2-4,none,mixture,0.2,1000,800180,0.007820298000297043,kl_split,none,0.06024222837420444
2-2-4,none,mixture,0.2,1000,800180,0.007820298000297043,kl_crossfit,none,0.058562307997492916
2-2-4,none,mixture,0.2,1000,800180,0.007820298000297043,cf1_margin,none,0.022415431052106305
2-2-4,none,mixture,0.2,1000,800180,0.007820298000297043,slack_plugin,none,0.04483086210421259
2-2-4,none,mixture,0.2,1000,800180,0.007820298000297043,gm_battery,none,0.0
2-2-4,none,mixture,0.2,1000,800180,0.007820298000297043,gtest,none,16.601316446891495
2-2-4,none,mixture,0.2,1000,800181,0.006704327999614179,kl_plugin,none,9.667862034696759e-06
2-2-4,none,mixture,0.2,1000,800181,0.006704327999614179,kl_split,none,0.04618934996556323
2-2-4,none,mixture,0.2,1000,800181,0.006704327999614179,kl_crossfit,none,0.049436657984023406
2-2-4,none,mixture,0.2,1000,800181,0.006704327999614179,cf1_margin,none,0.0011521659118913785
2-2-4,none,mixture,0.2,1000,800181,0.006704327999614179,slack_plugin,none,0.002304331823782521
2-2-4,none,mixture,0.2,1000,800181,0.006704327999614179,gm_battery,none,0.0
2-2-4,none,mixture,0.2,1000,800181,0.006704327999614179,gtest,none,14.648163473990273
2-2-4,none,mixture,0.2,1000,800182,0.00954148400342092,kl_plugin,none,0.0051918297478061246
2-2-4,none,mixture,0.2,1000,800182,0.00954148400342092,kl_split,none,0.05184524434825297
2-2-4,none,mixture,0.2,1000,800182,0.00954148400342092,kl_crossfit,none,0.057193961463383146
2-2-4,none,mixture,0.2,1000,800182,0.00954148400342092,cf1_margin,none,0.06647932557205938
2-2-4,none,mixture,0.2,1000,800182,0.00954148400342092,slack_plugin,none,0.13295865114411887
2-2-4,none,mixture,0.2,1000,800182,0.00954148400342092,gm_battery,none,0.0
2-2-4,none,mixture,0.2,1000,800182,0.00954148400342092,gtest,none,9.329463988185989
2-2-4,none,mixture,0.2,1000,800183,0.006919763996847905,kl_plugin,none,0.0022384572506953943
2-2-4,none,mixture,0.2,1000,800183,0.006919763996847905,kl_split,none,0.05365798599565742
2-2-4,none,mixture,0.2,1000,800183,0.006919763996847905,kl_crossfit,none,0.048528682702027606
2-2-4,none,mixture,0.2,1000,800183,0.006919763996847905,cf1_margin,none,0.04540578761083269
2-2-4,none,mixture,0.2,1000,800183,0.006919763996847905,slack_plugin,none,0.0908115752216656
2-2-4,none,mixture,0.2,1000,800183,0.006919763996847905,gm_battery,none,0.0
2-2-4,none,mixture,0.2,1000,800183,0.006919763996847905,gtest,none,15.531041108372765
2-2-4,none,mixture,0.2,1000,800184,0.009685392004030291,kl_plugin,none,5.293917646972696e-08
2-2-4,none,mixture,0.2,1000,800184,0.009685392004030291,kl_split,none,0.05689727364834865
2-2-4,none,mixture,0.2,1000,800184,0.009685392004030291,kl_crossfit,none,0.05811097463626487
2-2-4,none,mixture,0.2,1000,800184,0.009685392004030291,cf1_margin,none,0.0
2-2-4,none,mixture,0.2,1000,800184,0.009685392004030291,slack_plugin,none,0.0
2-2-4,none,mixture,0.2,1000,800184,0.009685392004030291,gm_battery,none,0.0
2-2-4,none,mixture,0.2,1000,800184,0.009685392004030291,gtest,none,21.575597165801483
2-2-4,none,mixture,0.2,1000,800185,0.007004043996857945,kl_plugin,none,0.0001955556886514189
2-2-4,none,mixture,0.2,1000,800185,0.007004043996857945,kl_split,none,0.03913029855307805
2-2-4,none,mixture,0.2,1000,800185,0.007004043996857945,kl_crossfit,none,0.04318245215970769
2-2-4,none,mixture,0.2,1000,800185,0.007004043996857945,cf1_margin,none,0.01395205580822323
2-2-4,none,mixture,0.2,1000,800185,0.007004043996857945,slack_plugin,none,0.02790411161644639
2-2-4,none,mixture,0.2,1000,800185,0.007004043996857945,gm_battery,none,0.0
2-2-4,none,mixture,0.2,1000,800185,0.007004043996857945,gtest,none,8.834965332486568
2-2-4,none,mixture,0.2,1000,800186,0.006571170000825077,kl_plugin,none,1.3623431425978101e-08
2-2-4,none,mixture,0.2,1000,800186,0.006571170000825077,kl_split,none,0.04421609393085636
2-2-4,none,mixture,0.2,1000,800186,0.006571170000825077,kl_crossfit,none,0.04379880612817651
2-2-4,none,mixture,0.2,1000,800186,0.006571170000825077,cf1_margin,none,0.0
2-2-4,none,mixture,0.2,1000,800186,0.006571170000825077,slack_plugin,none,0.0
2-2-4,none,mixture,0.2,1000,800186,0.006571170000825077,gm_battery,none,0.0
2-2-4,none,mixture,0.2,1000,800186,0.006571170000825077,gtest,none,25.897884379761464
2-2-4,none,mixture,0.2,1000,800187,0.006766108002921101,kl_plugin,none,0.002588413799869297
2-2-4,none,mixture,0.2,1000,800187,0.006766108002921101,kl_split,none,0.04444211737234887
2-2-4,none,mixture,0.2,1000,800187,0.006766108002921101,kl_crossfit,none,0.044305728974133006
2-2-4,none,mixture,0.2,1000,800187,0.006766108002921101,cf1_margin,none,0.04850285970617929
2-2-4,none,mixture,0.2,1000,800187,0.006766108002921101,slack_plugin,none,0.09700571941235844
2-2-4,none,mixture,0.2,1000,800187,0.006766108002921101,gm_battery,none,0.0
2-2-4,none,mixture,0.2,1000,800187,0.006766108002921101,gtest,none,12.345849748346723
2-2-4,none,mixture,0.2,1000,800188,0.00703919700026745,kl_plugin,none,0.0016054684341416069
2-2-4,none,mixture,0.2,1000,800188,0.00703919700026745,kl_split,none,0.05145473513204154
2-2-4,none,mixture,0.2,1000,800188,0.00703919700026745,kl_crossfit,none,0.05363681379068703
2-2-4,none,mixture,0.2,1000,800188,0.00703919700026745,cf1_margin,none,0.039999999999999925
2-2-4,none,mixture,0.2,1000,800188,0.00703919700026745,slack_plugin,none,0.08000000000000002
2-2-4,none,mixture,0.2,1000,800188,0.00703919700026745,gm_battery,none,0.0
2-2-4,none,mixture,0.2,1000,800188,0.00703919700026745,gtest,none,28.484535628484885
2-2-4,none,mixture,0.2,1000,800189,0.006050869000318926,kl_plugin,none,5.0990618792185526e-14
2-2-4,none,mixture,0.2,1000,800189,0.006050869000318926,kl_split,none,0.05879614828733463
2-2-4,none,mixture,0.2,1000,800189,0.006050869000318926,kl_crossfit,none,0.0579400852389676
2-2-4,none,mixture,0.2,1000,800189,0.006050869000318926,cf1_margin,none,1.1102230246251565e-16
2-2-4,none,mixture,0.2,1000,800189,0.006050869000318926,slack_plugin,none,0.0
2-2-4,none,mixture,0.2,1000,800189,0.006050869000318926,gm_battery,none,0.0
2-2-4,none,mixture,0.2,1000,800189,0.006050869000318926,gtest,none,17.59292624162162
2-2-4,none,mixture,0.2,1000,800190,0.006776174996048212,kl_plugin,none,6.38551235156909e-13
2-2-4,none,mixture,0.2,1000,800190,0.006776174996048212,kl_split,none,0.06015840168839716
2-2-4,none,mixture,0.2,1000,800190,0.006776174996048212,kl_crossfit,none,0.05838850714596176
2-2-4,none,mixture,0.2,1000,800190,0.006776174996048212,cf1_margin,none,1.1102230246251565e-16
2-2-4,none,mixture,0.2,1000,800190,0.006776174996048212,slack_plugin,none,0.0
2-2-4,none,mixture,0.2,1000,800190,0.006776174996048212,gm_battery,none,0.0
2-2-4,none,mixture,0.2,1000,800190,0.006776174996048212,gtest,none,15.350624868858958
2-2-4,none,mixture,0.2,1000,800191,0.006432401998608839,kl_plugin,none,0.00026358375583563146
2-2-4,none,mixture,0.2,1000,800191,0.006432401998608839,kl_split,none,0.0461244061343222
2-2-4,none,mixture,0.2,1000,800191,0.006432401998608839,kl_crossfit,none,0.041132539413232444
2-2-4,none,mixture,0.2,1000,800191,0.006432401998608839,cf1_margin,none,0.016194721097588793
2-2-4,none,mixture,0.2,1000,800191,0.006432401998608839,slack_plugin,none,0.0323894421951776
2-2-4,none,mixture,0.2,1000,800191,0.006432401998608839,gm_battery,none,0.0
2-2-4,none,mixture,0.2,1000,800191,0.006432401998608839,gtest,none,17.437819612403246
2-2-4,none,mixture,0.2,1000,800192,0.006814478001615498,kl_plugin,none,0.0003946406354008794
2-2-4,none,mixture,0.2,1000,800192,0.006814478001615498,kl_split,none,0.03751047611003931
2-2-4,none,mixture,0.2,1000,800192,0.006814478001615498,kl_crossfit,none,0.042135485638824834
2-2-4,none,mixture,0.2,1000,800192,0.006814478001615498,cf1_margin,none,0.018680074720298756
2-2-4,none,mixture,0.2,1000,800192,0.006814478001615498,slack_plugin,none,0.037360149440597755
2-2-4,none,mixture,0.2,1000,800192,0.006814478001615498,gm_battery,none,0.0
2-2-4,none,mixture,0.2,1000,800192,0.006814478001615498,gtest,none,22.665685654093423
2-2-4,none,mixture,0.2,1000,800193,0.005543478997424245,kl_plugin,none,2.0431205970829203e-14
2-2-4,none,mixture,0.2,1000,800193,0.005543478997424245,kl_split,none,0.061989709029754106
2-2-4,none,mixture,0.2,1000,800193,0.005543478997424245,kl_crossfit,none,0.059489706098839
2-2-4,none,mixture,0.2,1000,800193,0.005543478997424245,cf1_margin,none,0.0
2-2-4,none,mixture,0.2,1000,800193,0.005543478997424245,slack_plugin,none,0.0
2-2-4,none,mixture,0.2,1000,800193,0.005543478997424245,gm_battery,none,0.0
2-2-4,none,mixture,0.2,1000,800193,0.005543478997424245,gtest,none,10.523435855543461
2-2-4,none,mixture,0.2,1000,800194,0.0065212879999307916,kl_plugin,none,0.0023484071422655156
2-2-4,none,mixture,0.2,1000,800194,0.0065212879999307916,kl_split,none,0.05960222751695546
2-2-4,none,mixture,0.2,1000,800194,0.0065212879999307916,kl_crossfit,none,0.05053461936583806
2-2-4,none,mixture,0.2,1000,800194,0.0065212879999307916,cf1_margin,none,0.04623125232657288
2-2-4,none,mixture,0.2,1000,800194,0.0065212879999307916,slack_plugin,none,0.09246250465314547
2-2-4,none,mixture,0.2,1000,800194,0.0065212879999307916,gm_battery,none,0.0
2-2-4,none,mixture,0.2,1000,800194,0.0065212879999307916,gtest,none,25.907797141222062
2-2-4,none,mixture,0.2,1000,800195,0.0068855799981975,kl_plugin,none,0.0018277364674311875
2-2-4,none,mixture,0.2,1000,800195,0.0068855799981975,kl_split,none,0.04390528497549708
2-2-4,none,mixture,0.2,1000,800195,0.0068855799981975,kl_crossfit,none,0.04550902382983801
2-2-4,none,mixture,0.2,1000,800195,0.0068855799981975,cf1_margin,none,0.042603626113139614
2-2-4,none,mixture,0.2,1000,800195,0.0068855799981975,slack_plugin,none,0.08520725222627969
2-2-4,none,mixture,0.2,1000,800195,0.0068855799981975,gm_battery,none,0.0
2-2-4,none,mixture,0.2,1000,800195,0.0068855799981975,gtest,none,39.48429005974236
2-2-4,none,mixture,0.2,1000,800196,0.007212946999061387,kl_plugin,none,0.0018404894545141146
2-2-4,none,mixture,0.2,1000,800196,0.007212946999061387,kl_split,none,0.04980943970274374
2-2-4,none,mixture,0.2,1000,800196,0.007212946999061387,kl_crossfit,none,0.045828299799422684
2-2-4,none,mixture,0.2,1000,800196,0.007212946999061387,cf1_margin,none,0.04130413041304126
2-2-4,none,mixture,0.2,1000,800196,0.007212946999061387,slack_plugin,none,0.08260826082608261
2-2-4,none,mixture,0.2,1000,800196,0.007212946999061387,gm_battery,none,0.0
2-2-4,none,mixture,0.2,1000,800196,0.007212946999061387,gtest,none,28.944644177883905
2-2-4,none,mixture,0.2,1000,800197,0.006559362998814322,kl_plugin,none,0.0010826685529144661
2-2-4,none,mixture,0.2,1000,800197,0.006559362998814322,kl_split,none,0.03961857075665401
2-2-4,none,mixture,0.2,1000,800197,0.006559362998814322,kl_crossfit,none,0.0418733432183307
2-2-4,none,mixture,0.2,1000,800197,0.006559362998814322,cf1_margin,none,0.031881454872025095
2-2-4,none,mixture,0.2,1000,800197,0.006559362998814322,slack_plugin,none,0.06376290974405023
2-2-4,none,mixture,0.2,1000,800197,0.006559362998814322,gm_battery,none,0.0
2-2-4,none,mixture,0.2,1000,800197,0.006559362998814322,gtest,none,13.203006510916566
2-2-4,none,mixture,0.2,1000,800198,0.006825911004852969,kl_plugin,none,1.693428620006311e-14
2-2-4,none,mixture,0.2,1000,800198,0.006825911004852969,kl_split,none,0.03876258456727159
2-2-4,none,mixture,0.2,1000,800198,0.006825911004852969,kl_crossfit,none,0.039265530257824005
2-2-4,none,mixture,0.2,1000,800198,0.006825911004852969,cf1_margin,none,0.0
2-2-4,none,mixture,0.2,1000,800198,0.006825911004852969,slack_plugin,none,0.0
2-2-4,none,mixture,0.2,1000,800198,0.006825911004852969,gm_battery,none,0.0
2-2-4,none,mixture,0.2,1000,800198,0.006825911004852969,gtest,none,18.342802982471582
2-2-4,none,mixture,0.2,1000,800199,0.008197703005862422,kl_plugin,none,0.0013716445206612797
2-2-4,none,mixture,0.2,1000,800199,0.008197703005862422,kl_split,none,0.04823930172463876
2-2-4,none,mixture,0.2,1000,800199,0.008197703005862422,kl_crossfit,none,0.053444789870007975
2-2-4,none,mixture,0.2,1000,800199,0.008197703005862422,cf1_margin,none,0.034813925570228
2-2-4,none,mixture,0.2,1000,800199,0.008197703005862422,slack_plugin,none,0.06962785114045607
2-2-4,none,mixture,0.2,1000,800199,0.008197703005862422,gm_battery,none,0.0
2-2-4,none,mixture,0.2,1000,800199,0.008197703005862422,gtest,none,25.189542517700204
