cell,tail,family,rho,n,seed,dt_stats_s,stat,engine,stat_obs
2-2-8,none,mixture,0.2,1000,800000,0.006911404998390935,kl_plugin,none,0.0
2-2-8,none,mixture,0.2,1000,800000,0.006911404998390935,kl_split,none,0.10485322531406638
2-2-8,none,mixture,0.2,1000,800000,0.006911404998390935,kl_crossfit,none,1.0805420551730425
2-2-8,none,mixture,0.2,1000,800000,0.006911404998390935,cf1_margin,none,0.0
2-2-8,none,mixture,0.2,1000,800000,0.006911404998390935,slack_plugin,none,0.0
2-2-8,none,mixture,0.2,1000,800000,0.006911404998390935,gm_battery,none,0.0
2-2-8,none,mixture,0.2,1000,800000,0.006911404998390935,gtest,none,153.73915094996653
2-2-8,none,mixture,0.2,1000,800001,0.006869267999718431,kl_plugin,none,0.0
2-2-8,none,mixture,0.2,1000,800001,0.006869267999718431,kl_split,none,0.08923102818814832
2-2-8,none,mixture,0.2,1000,800001,0.006869267999718431,kl_crossfit,none,0.10364182368760157
2-2-8,none,mixture,0.2,1000,800001,0.006869267999718431,cf1_margin,none,0.0
2-2-8,none,mixture,0.2,1000,800001,0.006869267999718431,slack_plugin,none,0.0
2-2-8,none,mixture,0.2,1000,800001,0.006869267999718431,gm_battery,none,0.0
2-2-8,none,mixture,0.2,1000,800001,0.006869267999718431,gtest,none,156.98948581059062
2-2-8,none,mixture,0.2,1000,800002,0.007175842001743149,kl_plugin,none,1.0012475375265439e-16
2-2-8,none,mixture,0.2,1000,800002,0.007175842001743149,kl_split,none,0.1586314823701927
2-2-8,none,mixture,0.2,1000,800002,0.007175842001743149,kl_crossfit,none,0.15748362191333398
2-2-8,none,mixture,0.2,1000,800002,0.007175842001743149,cf1_margin,none,0.0
2-2-8,none,mixture,0.2,1000,800002,0.007175842001743149,slack_plugin,none,0.0
2-2-8,none,mixture,0.2,1000,800002,0.007175842001743149,gm_battery,none,0.0
2-2-8,none,mixture,0.2,1000,800002,0.007175842001743149,gtest,none,148.70122398265906
2-2-8,none,mixture,0.2,1000,800003,0.010169822999159805,kl_plugin,none,0.0
2-2-8,none,mixture,0.2,1000,800003,0.010169822999159805,kl_split,none,0.14704890273659654
2-2-8,none,mixture,0.2,1000,800003,0.010169822999159805,kl_crossfit,none,0.13328611547486255
2-2-8,none,mixture,0.2,1000,800003,0.010169822999159805,cf1_margin,none,1.1102230246251565e-16
2-2-8,none,mixture,0.2,1000,800003,0.010169822999159805,slack_plugin,none,0.0
2-2-8,none,mixture,0.2,1000,800003,0.010169822999159805,gm_battery,none,0.0
2-2-8,none,mixture,0.2,1000,800003,0.010169822999159805,gtest,none,146.3900883055819
2-2-8,none,mixture,0.2,1000,800004,0.008249291000538506,kl_plugin,none,2.2714993613610383e-16
2-2-8,none,mixture,0.2,1000,800004,0.008249291000538506,kl_split,none,0.14411878582625642
2-2-8,none,mixture,0.2,1000,800004,0.008249291000538506,kl_crossfit,none,0.1417367536131954
2-2-8,none,mixture,0.2,1000,800004,0.008249291000538506,cf1_margin,none,0.0
2-2-8,none,mixture,0.2,1000,800004,0.008249291000538506,slack_plugin,none,0.0
2-2-8,none,mixture,0.2,1000,800004,0.008249291000538506,gm_battery,none,0.0
2-2-8,none,mixture,0.2,1000,800004,0.008249291000538506,gtest,none,177.60097887707934
2-2-8,none,mixture,0.2,1000,800005,0.006515750996186398,kl_plugin,none,2.5443166314728933e-16
2-2-8,none,mixture,0.2,1000,800005,0.006515750996186398,kl_split,none,0.11506607700664753
2-2-8,none,mixture,0.2,1000,800005,0.006515750996186398,kl_crossfit,none,0.9283329680872188
2-2-8,none,mixture,0.2,1000,800005,0.006515750996186398,cf1_margin,none,0.0
2-2-8,none,mixture,0.2,1000,800005,0.006515750996186398,slack_plugin,none,0.0
2-2-8,none,mixture,0.2,1000,800005,0.006515750996186398,gm_battery,none,0.0
2-2-8,none,mixture,0.2,1000,800005,0.006515750996186398,gtest,none,140.81097217381765
2-2-8,none,mixture,0.2,1000,800006,0.006742443001712672,kl_plugin,none,0.0
2-2-8,none,mixture,0.2,1000,800006,0.006742443001712672,kl_split,none,0.08920162566892331
2-2-8,none,mixture,0.2,1000,800006,0.006742443001712672,kl_crossfit,none,0.08973061118474635
2-2-8,none,mixture,0.2,1000,800006,0.006742443001712672,cf1_margin,none,0.0
2-2-8,none,mixture,0.2,1000,800006,0.006742443001712672,slack_plugin,none,0.0
2-2-8,none,mixture,0.2,1000,800006,0.006742443001712672,gm_battery,none,0.0
2-2-8,none,mixture,0.2,1000,800006,0.006742443001712672,gtest,none,124.36291765295746
2-2-8,none,mixture,0.2,1000,800007,0.006173884998133872,kl_plugin,none,0.0
2-2-8,none,mixture,0.2,1000,800007,0.006173884998133872,kl_split,none,1.9114931519034597
2-2-8,none,mixture,0.2,1000,800007,0.006173884998133872,kl_crossfit,none,1.0219434984817615
2-2-8,none,mixture,0.2,1000,800007,0.006173884998133872,cf1_margin,none,0.0
2-2-8,none,mixture,0.2,1000,800007,0.006173884998133872,slack_plugin,none,0.0
2-2-8,none,mixture,0.2,1000,800007,0.006173884998133872,gm_battery,none,0.0
2-2-8,none,mixture,0.2,1000,800007,0.006173884998133872,gtest,none,120.93632860126766
2-2-8,none,mixture,0.2,1000,800008,0.006460190001234878,kl_plugin,none,4.610641437088387e-16
2-2-8,none,mixture,0.2,1000,800008,0.006460190001234878,kl_split,none,0.16475522492596756
2-2-8,none,mixture,0.2,1000,800008,0.006460190001234878,kl_crossfit,none,0.1492020287083197
2-2-8,none,mixture,0.2,1000,800008,0.006460190001234878,cf1_margin,none,1.1102230246251565e-16
2-2-8,none,mixture,0.2,1000,800008,0.006460190001234878,slack_plugin,none,0.0
2-2-8,none,mixture,0.2,1000,800008,0.006460190001234878,gm_battery,none,0.0
2-2-8,none,mixture,0.2,1000,800008,0.006460190001234878,gtest,none,137.2426648059602
2-2-8,none,mixture,0.2,1000,800009,0.007136893997085281,kl_plugin,none,0.0
2-2-8,none,mixture,0.2,1000,800009,0.007136893997085281,kl_split,none,0.12634578765226015
2-2-8,none,mixture,0.2,1000,800009,0.007136893997085281,kl_crossfit,none,0.1224388990239143
2-2-8,none,mixture,0.2,1000,800009,0.007136893997085281,cf1_margin,none,0.0
2-2-8,none,mixture,0.2,1000,800009,0.007136893997085281,slack_plugin,none,0.0
2-2-8,none,mixture,0.2,1000,800009,0.007136893997085281,gm_battery,none,0.0
2-2-8,none,mixture,0.2,1000,800009,0.007136893997085281,gtest,none,128.24150331002954
2-2-8,none,mixture,0.2,1000,800010,0.007514414006436709,kl_plugin,none,0.0
2-2-8,none,mixture,0.2,1000,800010,0.007514414006436709,kl_split,none,0.12738729027942203
2-2-8,none,mixture,0.2,1000,800010,0.007514414006436709,kl_crossfit,none,0.12176186511999727
2-2-8,none,mixture,0.2,1000,800010,0.007514414006436709,cf1_margin,none,0.0
2-2-8,none,mixture,0.2,1000,800010,0.007514414006436709,slack_plugin,none,0.0
2-2-8,none,mixture,0.2,1000,800010,0.007514414006436709,gm_battery,none,0.0
2-2-8,none,mixture,0.2,1000,800010,0.007514414006436709,gtest,none,189.29272903201377
2-2-8,none,mixture,0.2,1000,800011,0.006872663005196955,kl_plugin,none,0.0
2-2-8,none,mixture,0.2,1000,800011,0.006872663005196955,kl_split,none,0.1657402798423831
2-2-8,none,mixture,0.2,1000,800011,0.006872663005196955,kl_crossfit,none,0.16870439320757813
2-2-8,none,mixture,0.2,1000,800011,0.006872663005196955,cf1_margin,none,0.0
2-2-8,none,mixture,0.2,1000,800011,0.006872663005196955,slack_plugin,none,0.0
2-2-8,none,mixture,0.2,1000,800011,0.006872663005196955,gm_battery,none,0.0
2-2-8,none,mixture,0.2,1000,800011,0.006872663005196955,gtest,none,172.20277822102238
2-2-8,none,mixture,0.2,1000,800012,0.006480716998339631,kl_plugin,none,9.347825233183459e-17
2-2-8,none,mixture,0.2,1000,800012,0.006480716998339631,kl_split,none,0.14675036327316007
2-2-8,none,mixture,0.2,1000,800012,0.006480716998339631,kl_crossfit,none,0.13116420743852858
2-2-8,none,mixture,0.2,1000,800012,0.006480716998339631,cf1_margin,none,0.0
2-2-8,none,mixture,0.2,1000,800012,0.006480716998339631,slack_plugin,none,0.0
2-2-8,none,mixture,0.2,1000,800012,0.006480716998339631,gm_battery,none,0.0
2-2-8,none,mixture,0.2,1000,800012,0.006480716998339631,gtest,none,109.12308579786026
2-2-8,none,mixture,0.2,1000,800013,0.006265872994845267,kl_plugin,none,0.0
2-2-8,none,mixture,0.2,1000,800013,0.006265872994845267,kl_split,none,0.11972761470764755
2-2-8,none,mixture,0.2,1000,800013,0.006265872994845267,kl_crossfit,none,0.12613117786314998
2-2-8,none,mixture,0.2,1000,800013,0.006265872994845267,cf1_margin,none,0.0
2-2-8,none,mixture,0.2,1000,800013,0.006265872994845267,slack_plugin,none,0.0
2-2-8,none,mixture,0.2,1000,800013,0.006265872994845267,gm_battery,none,0.0
2-2-8,none,mixture,0.2,1000,800013,0.006265872994845267,gtest,none,159.93636223231834
2-2-8,none,mixture,0.2,1000,800014,0.006259433001105208,kl_plugin,none,0.0
2-2-8,none,mixture,0.2,1000,800014,0.006259433001105208,kl_split,none,1.8510928890782372
2-2-8,none,mixture,0.2,1000,800014,0.006259433001105208,kl_crossfit,none,0.9985443754013049
2-2-8,none,mixture,0.2,1000,800014,0.006259433001105208,cf1_margin,none,0.0
2-2-8,none,mixture,0.2,1000,800014,0.006259433001105208,slack_plugin,none,0.0
2-2-8,none,mixture,0.2,1000,800014,0.006259433001105208,gm_battery,none,0.0
2-2-8,none,mixture,0.2,1000,800014,0.006259433001105208,gtest,none,126.37803016325677
2-2-8,none,mixture,0.2,1000,800015,0.006500046998553444,kl_plugin,none,0.0
2-2-8,none,mixture,0.2,1000,800015,0.006500046998553444,kl_split,none,0.08946188096161413
2-2-8,none,mixture,0.2,1000,800015,0.006500046998553444,kl_crossfit,none,0.10408336329046136
2-2-8,none,mixture,0.2,1000,800015,0.006500046998553444,cf1_margin,none,0.0
2-2-8,none,mixture,0.2,1000,800015,0.006500046998553444,slack_plugin,none,0.0
2-2-8,none,mixture,0.2,1000,800015,0.006500046998553444,gm_battery,none,0.0
2-2-8,none,mixture,0.2,1000,800015,0.006500046998553444,gtest,none,182.42435814949138
2-2-8,none,mixture,0.2,1000,800016,0.007374499000434298,kl_plugin,none,0.0
2-2-8,none,mixture,0.2,1000,800016,0.007374499000434298,kl_split,none,1.1177664757242058
2-2-8,none,mixture,0.2,1000,800016,0.007374499000434298,kl_crossfit,none,0.6161007649720727
2-2-8,none,mixture,0.2,1000,800016,0.007374499000434298,cf1_margin,none,2.220446049250313e-16
2-2-8,none,mixture,0.2,1000,800016,0.007374499000434298,slack_plugin,none,0.0
2-2-8,none,mixture,0.2,1000,800016,0.007374499000434298,gm_battery,none,0.0
2-2-8,none,mixture,0.2,1000,800016,0.007374499000434298,gtest,none,167.03643176107184
2-2-8,none,mixture,0.2,1000,800017,0.007430890997056849,kl_plugin,none,0.0
2-2-8,none,mixture,0.2,1000,800017,0.007430890997056849,kl_split,none,0.07695556813550156
2-2-8,none,mixture,0.2,1000,800017,0.007430890997056849,kl_crossfit,none,0.07563874097585979
2-2-8,none,mixture,0.2,1000,800017,0.007430890997056849,cf1_margin,none,0.0
2-2-8,none,mixture,0.2,1000,800017,0.007430890997056849,slack_plugin,none,0.0
2-2-8,none,mixture,0.2,1000,800017,0.007430890997056849,gm_battery,none,0.0
2-2-8,none,mixture,0.2,1000,800017,0.007430890997056849,gtest,none,158.92589673190867
2-2-8,none,mixture,0.2,1000,800018,0.007103534000634681,kl_plugin,none,0.0
2-2-8,none,mixture,0.2,1000,800018,0.007103534000634681,kl_split,none,0.15012115355453032
2-2-8,none,mixture,0.2,1000,800018,0.007103534000634681,kl_crossfit,none,0.14095601116406536
2-2-8,none,mixture,0.2,1000,800018,0.007103534000634681,cf1_margin,none,1.1102230246251565e-16
2-2-8,none,mixture,0.2,1000,800018,0.007103534000634681,slack_plugin,none,0.0
2-2-8,none,mixture,0.2,1000,800018,0.007103534000634681,gm_battery,none,0.0
2-2-8,none,mixture,0.2,1000,800018,0.007103534000634681,gtest,none,209.42346867891993
2-2-8,none,mixture,0.2,1000,800019,0.007426702999509871,kl_plugin,none,3.5544018930826373e-16
2-2-8,none,mixture,0.2,1000,800019,0.007426702999509871,kl_split,none,0.10429188792153399
2-2-8,none,mixture,0.2,1000,800019,0.007426702999509871,kl_crossfit,none,1.2308904804359353
2-2-8,none,mixture,0.2,1000,800019,0.007426702999509871,cf1_margin,none,0.0
2-2-8,none,mixture,0.2,1000,800019,0.007426702999509871,slack_plugin,none,0.0
2-2-8,none,mixture,0.2,1000,800019,0.007426702999509871,gm_battery,none,0.0
2-2-8,none,mixture,0.2,1000,800019,0.007426702999509871,gtest,none,138.67470531501482
2-2-8,none,mixture,0.2,1000,800020,0.006511668005259708,kl_plugin,none,0.0
2-2-8,none,mixture,0.2,1000,800020,0.006511668005259708,kl_split,none,0.16479342383280537
2-2-8,none,mixture,0.2,1000,800020,0.006511668005259708,kl_crossfit,none,0.15032875504505852
2-2-8,none,mixture,0.2,1000,800020,0.006511668005259708,cf1_margin,none,2.220446049250313e-16
2-2-8,none,mixture,0.2,1000,800020,0.006511668005259708,slack_plugin,none,0.0
2-2-8,none,mixture,0.2,1000,800020,0.006511668005259708,gm_battery,none,0.0
2-2-8,none,mixture,0.2,1000,800020,0.006511668005259708,gtest,none,167.5571197363053
2-2-8,none,mixture,0.2,1000,800021,0.006931701005669311,kl_plugin,none,0.0
2-2-8,none,mixture,0.2,1000,800021,0.006931701005669311,kl_split,none,0.08276172262843898
2-2-8,none,mixture,0.2,1000,800021,0.006931701005669311,kl_crossfit,none,0.08226052844877343
2-2-8,none,mixture,0.2,1000,800021,0.006931701005669311,cf1_margin,none,0.0
2-2-8,none,mixture,0.2,1000,800021,0.006931701005669311,slack_plugin,none,0.0
2-2-8,none,mixture,0.2,1000,800021,0.006931701005669311,gm_battery,none,0.0
2-2-8,none,mixture,0.2,1000,800021,0.006931701005669311,gtest,none,174.46488935645948
2-2-8,none,mixture,0.2,1000,800022,0.0063080980035010725,kl_plugin,none,2.9319701485968123e-18
2-2-8,none,mixture,0.2,1000,800022,0.0063080980035010725,kl_split,none,0.13262668780603276
2-2-8,none,mixture,0.2,1000,800022,0.0063080980035010725,kl_crossfit,none,0.12651307666257802
2-2-8,none,mixture,0.2,1000,800022,0.0063080980035010725,cf1_margin,none,2.220446049250313e-16
2-2-8,none,mixture,0.2,1000,800022,0.0063080980035010725,slack_plugin,none,0.0
2-2-8,none,mixture,0.2,1000,800022,0.0063080980035010725,gm_battery,none,0.0
2-2-8,none,mixture,0.2,1000,800022,0.0063080980035010725,gtest,none,160.0954281471847
2-2-8,none,mixture,0.2,1000,800023,0.0067994109995197505,kl_plugin,none,7.26593193656809e-18
2-2-8,none,mixture,0.2,1000,800023,0.0067994109995197505,kl_split,none,2.236624447552271
2-2-8,none,mixture,0.2,1000,800023,0.0067994109995197505,kl_crossfit,none,1.178792713980316
2-2-8,none,mixture,0.2,1000,800023,0.0067994109995197505,cf1_margin,none,2.220446049250313e-16
2-2-8,none,mixture,0.2,1000,800023,0.0067994109995197505,slack_plugin,none,0.0
2-2-8,none,mixture,0.2,1000,800023,0.0067994109995197505,gm_battery,none,0.0
2-2-8,none,mixture,0.2,1000,800023,0.0067994109995197505,gtest,none,149.22643832330814
2-2-8,none,mixture,0.2,1000,800024,0.0063010579979163595,kl_plugin,none,3.661526416575555e-16
2-2-8,none,mixture,0.2,1000,800024,0.0063010579979163595,kl_split,none,0.14057953964008213
2-2-8,none,mixture,0.2,1000,800024,0.0063010579979163595,kl_crossfit,none,0.1512257539547939
2-2-8,none,mixture,0.2,1000,800024,0.0063010579979163595,cf1_margin,none,0.0
2-2-8,none,mixture,0.2,1000,800024,0.0063010579979163595,slack_plugin,none,0.0
2-2-8,none,mixture,0.2,1000,800024,0.0063010579979163595,gm_battery,none,0.0
2-2-8,none,mixture,0.2,1000,800024,0.0063010579979163595,gtest,none,173.55200122829882
2-2-8,none,mixture,0.2,1000,800025,0.006558662003953941,kl_plugin,none,0.0
2-2-8,none,mixture,0.2,1000,800025,0.006558662003953941,kl_split,none,0.10525024354944967
2-2-8,none,mixture,0.2,1000,800025,0.006558662003953941,kl_crossfit,none,0.10370538649027018
2-2-8,none,mixture,0.2,1000,800025,0.006558662003953941,cf1_margin,none,1.1102230246251565e-16
2-2-8,none,mixture,0.2,1000,800025,0.006558662003953941,slack_plugin,none,0.0
2-2-8,none,mixture,0.2,1000,800025,0.006558662003953941,gm_battery,none,0.0
2-2-8,none,mixture,0.2,1000,800025,0.006558662003953941,gtest,none,175.46736645737892
2-2-8,none,mixture,0.2,1000,800026,0.00657951200264506,kl_plugin,none,0.0
2-2-8,none,mixture,0.2,1000,800026,0.00657951200264506,kl_split,none,0.15177558517016476
2-2-8,none,mixture,0.2,1000,800026,0.00657951200264506,kl_crossfit,none,0.1549656287493958
2-2-8,none,mixture,0.2,1000,800026,0.00657951200264506,cf1_margin,none,1.1102230246251565e-16
2-2-8,none,mixture,0.2,1000,800026,0.00657951200264506,slack_plugin,none,0.0
2-2-8,none,mixture,0.2,1000,800026,0.00657951200264506,gm_battery,none,0.0
2-2-8,none,mixture,0.2,1000,800026,0.00657951200264506,gtest,none,136.83248942658565
2-2-8,none,mixture,0.2,1000,800027,0.00634536100551486,kl_plugin,none,0.0
2-2-8,none,mixture,0.2,1000,800027,0.00634536100551486,kl_split,none,0.1323557546463183
2-2-8,none,mixture,0.2,1000,800027,0.00634536100551486,kl_crossfit,none,0.15485158749837374
2-2-8,none,mixture,0.2,1000,800027,0.00634536100551486,cf1_margin,none,2.220446049250313e-16
2-2-8,none,mixture,0.2,1000,800027,0.00634536100551486,slack_plugin,none,0.0
2-2-8,none,mixture,0.2,1000,800027,0.00634536100551486,gm_battery,none,0.0
2-2-8,none,mixture,0.2,1000,800027,0.00634536100551486,gtest,none,172.43272667055697
2-2-8,none,mixture,0.2,1000,800028,0.006412310998712201,kl_plugin,none,2.172114632508563e-17
2-2-8,none,mixture,0.2,1000,800028,0.006412310998712201,kl_split,none,0.09357949327187146
2-2-8,none,mixture,0.2,1000,800028,0.006412310998712201,kl_crossfit,none,0.09376356621849
2-2-8,none,mixture,0.2,1000,800028,0.006412310998712201,cf1_margin,none,0.0
2-2-8,none,mixture,0.2,1000,800028,0.006412310998712201,slack_plugin,none,0.0
2-2-8,none,mixture,0.2,1000,800028,0.006412310998712201,gm_battery,none,0.0
2-2-8,none,mixture,0.2,1000,800028,0.006412310998712201,gtest,none,174.73975229656907
2-2-8,none,mixture,0.2,1000,800029,0.007551362999947742,kl_plugin,none,0.0
2-2-8,none,mixture,0.2,1000,800029,0.007551362999947742,kl_split,none,0.09808223510720038
2-2-8,none,mixture,0.2,1000,800029,0.007551362999947742,kl_crossfit,none,0.09861059513244715
2-2-8,none,mixture,0.2,1000,800029,0.007551362999947742,cf1_margin,none,1.1102230246251565e-16
2-2-8,none,mixture,0.2,1000,800029,0.007551362999947742,slack_plugin,none,0.0
2-2-8,none,mixture,0.2,1000,800029,0.007551362999947742,gm_battery,none,0.0
2-2-8,none,mixture,0.2,1000,800029,0.007551362999947742,gtest,none,188.23243272242624
2-2-8,none,mixture,0.2,1000,800030,0.010445276995596942,kl_plugin,none,8.095020927172581e-17
2-2-8,none,mixture,0.2,1000,800030,0.010445276995596942,kl_split,none,0.08846167345931434
2-2-8,none,mixture,0.2,1000,800030,0.010445276995596942,kl_crossfit,none,0.09015876143891349
2-2-8,none,mixture,0.2,1000,800030,0.010445276995596942,cf1_margin,none,1.1102230246251565e-16
2-2-8,none,mixture,0.2,1000,800030,0.010445276995596942,slack_plugin,none,0.0
2-2-8,none,mixture,0.2,1000,800030,0.010445276995596942,gm_battery,none,0.0
2-2-8,none,mixture,0.2,1000,800030,0.010445276995596942,gtest,none,150.32274272250427
2-2-8,none,mixture,0.2,1000,800031,0.0066759469991666265,kl_plugin,none,0.0
2-2-8,none,mixture,0.2,1000,800031,0.0066759469991666265,kl_split,none,0.1496868894267325
2-2-8,none,mixture,0.2,1000,800031,0.0066759469991666265,kl_crossfit,none,0.1492834977845497
2-2-8,none,mixture,0.2,1000,800031,0.0066759469991666265,cf1_margin,none,3.3306690738754696e-16
2-2-8,none,mixture,0.2,1000,800031,0.0066759469991666265,slack_plugin,none,0.0
2-2-8,none,mixture,0.2,1000,800031,0.0066759469991666265,gm_battery,none,0.0
2-2-8,none,mixture,0.2,1000,800031,0.0066759469991666265,gtest,none,156.15137691543697
2-2-8,none,mixture,0.2,1000,800032,0.006537706998642534,kl_plugin,none,0.0
2-2-8,none,mixture,0.2,1000,800032,0.006537706998642534,kl_split,none,0.12705551840566814
2-2-8,none,mixture,0.2,1000,800032,0.006537706998642534,kl_crossfit,none,0.11461671764263728
2-2-8,none,mixture,0.2,1000,800032,0.006537706998642534,cf1_margin,none,0.0
2-2-8,none,mixture,0.2,1000,800032,0.006537706998642534,slack_plugin,none,0.0
2-2-8,none,mixture,0.2,1000,800032,0.006537706998642534,gm_battery,none,0.0
2-2-8,none,mixture,0.2,1000,800032,0.006537706998642534,gtest,none,162.53346698131108
2-2-8,none,mixture,0.2,1000,800033,0.00919963500200538,kl_plugin,none,1.2168568774700832e-16
2-2-8,none,mixture,0.2,1000,800033,0.00919963500200538,kl_split,none,0.08317389782047335
2-2-8,none,mixture,0.2,1000,800033,0.00919963500200538,kl_crossfit,none,0.08276373649716473
2-2-8,none,mixture,0.2,1000,800033,0.00919963500200538,cf1_margin,none,2.220446049250313e-16
2-2-8,none,mixture,0.2,1000,800033,0.00919963500200538,slack_plugin,none,0.0
2-2-8,none,mixture,0.2,1000,800033,0.00919963500200538,gm_battery,none,0.0
2-2-8,none,mixture,0.2,1000,800033,0.00919963500200538,gtest,none,156.06845906180124
2-2-8,none,mixture,0.2,1000,800034,0.00849220000236528,kl_plugin,none,0.0
2-2-8,none,mixture,0.2,1000,800034,0.00849220000236528,kl_split,none,0.1521587853799235
2-2-8,none,mixture,0.2,1000,800034,0.00849220000236528,kl_crossfit,none,0.1346686017575869
2-2-8,none,mixture,0.2,1000,800034,0.00849220000236528,cf1_margin,none,0.0
2-2-8,none,mixture,0.2,1000,800034,0.00849220000236528,slack_plugin,none,0.0
2-2-8,none,mixture,0.2,1000,800034,0.00849220000236528,gm_battery,none,0.0
2-2-8,none,mixture,0.2,1000,800034,0.00849220000236528,gtest,none,146.19456233009558
2-2-8,none,mixture,0.2,1000,800035,0.006602444002055563,kl_plugin,none,0.0
2-2-8,none,mixture,0.2,1000,800035,0.006602444002055563,kl_split,none,0.13685540568657847
2-2-8,none,mixture,0.2,1000,800035,0.006602444002055563,kl_crossfit,none,0.12721672020051245
2-2-8,none,mixture,0.2,1000,800035,0.006602444002055563,cf1_margin,none,1.1102230246251565e-16
2-2-8,none,mixture,0.2,1000,800035,0.006602444002055563,slack_plugin,none,0.0
2-2-8,none,mixture,0.2,1000,800035,0.006602444002055563,gm_battery,none,0.0
2-2-8,none,mixture,0.2,1000,800035,0.006602444002055563,gtest,none,158.21930708189285
2-2-8,none,mixture,0.2,1000,800036,0.006705606996547431,kl_plugin,none,0.0
2-2-8,none,mixture,0.2,1000,800036,0.006705606996547431,kl_split,none,0.1627304724862176
2-2-8,none,mixture,0.2,1000,800036,0.006705606996547431,kl_crossfit,none,0.8423562602037715
2-2-8,none,mixture,0.2,1000,800036,0.006705606996547431,cf1_margin,none,0.0
2-2-8,none,mixture,0.2,1000,800036,0.006705606996547431,slack_plugin,none,0.0
2-2-8,none,mixture,0.2,1000,800036,0.006705606996547431,gm_battery,none,0.0
2-2-8,none,mixture,0.2,1000,800036,0.006705606996547431,gtest,none,138.3202343743961
2-2-8,none,mixture,0.2,1000,800037,0.009746923999045976,kl_plugin,none,0.0
2-2-8,none,mixture,0.2,1000,800037,0.009746923999045976,kl_split,none,0.12208609147810788
2-2-8,none,mixture,0.2,1000,800037,0.009746923999045976,kl_crossfit,none,0.1159314094702914
2-2-8,none,mixture,0.2,1000,800037,0.009746923999045976,cf1_margin,none,0.0
2-2-8,none,mixture,0.2,1000,800037,0.009746923999045976,slack_plugin,none,0.0
2-2-8,none,mixture,0.2,1000,800037,0.009746923999045976,gm_battery,none,0.0
2-2-8,none,mixture,0.2,1000,800037,0.009746923999045976,gtest,none,125.56771204694597
2-2-8,none,mixture,0.2,1000,800038,0.0065125969995278865,kl_plugin,none,0.0
2-2-8,none,mixture,0.2,1000,800038,0.0065125969995278865,kl_split,none,0.12459430734462393
2-2-8,none,mixture,0.2,1000,800038,0.0065125969995278865,kl_crossfit,none,0.14104157417791205
2-2-8,none,mixture,0.2,1000,800038,0.0065125969995278865,cf1_margin,none,0.0
2-2-8,none,mixture,0.2,1000,800038,0.0065125969995278865,slack_plugin,none,0.0
2-2-8,none,mixture,0.2,1000,800038,0.0065125969995278865,gm_battery,none,0.0
2-2-8,none,mixture,0.2,1000,800038,0.0065125969995278865,gtest,none,193.55480616043116
2-2-8,none,mixture,0.2,1000,800039,0.007740023000224028,kl_plugin,none,0.0
2-2-8,none,mixture,0.2,1000,800039,0.007740023000224028,kl_split,none,0.09050584954661303
2-2-8,none,mixture,0.2,1000,800039,0.007740023000224028,kl_crossfit,none,0.08582125383272818
2-2-8,none,mixture,0.2,1000,800039,0.007740023000224028,cf1_margin,none,0.0
2-2-8,none,mixture,0.2,1000,800039,0.007740023000224028,slack_plugin,none,0.0
2-2-8,none,mixture,0.2,1000,800039,0.007740023000224028,gm_battery,none,0.0
2-2-8,none,mixture,0.2,1000,800039,0.007740023000224028,gtest,none,153.37215276200584
2-2-8,none,mixture,0.2,1000,800040,0.009390854997036513,kl_plugin,none,1.72686749052103e-16
2-2-8,none,mixture,0.2,1000,800040,0.009390854997036513,kl_split,none,0.11408888750481444
2-2-8,none,mixture,0.2,1000,800040,0.009390854997036513,kl_crossfit,none,0.12962731342038575
2-2-8,none,mixture,0.2,1000,800040,0.009390854997036513,cf1_margin,none,0.0
2-2-8,none,mixture,0.2,1000,800040,0.009390854997036513,slack_plugin,none,0.0
2-2-8,none,mixture,0.2,1000,800040,0.009390854997036513,gm_battery,none,0.0
2-2-8,none,mixture,0.2,1000,800040,0.009390854997036513,gtest,none,133.28269492479092
2-2-8,none,mixture,0.2,1000,800041,0.00969590699969558,kl_plugin,none,3.4825284982370257e-16
2-2-8,none,mixture,0.2,1000,800041,0.00969590699969558,kl_split,none,0.11764214755371344
2-2-8,none,mixture,0.2,1000,800041,0.00969590699969558,kl_crossfit,none,0.13377677374987168
2-2-8,none,mixture,0.2,1000,800041,0.00969590699969558,cf1_margin,none,0.0
2-2-8,none,mixture,0.2,1000,800041,0.00969590699969558,slack_plugin,none,0.0
2-2-8,none,mixture,0.2,1000,800041,0.00969590699969558,gm_battery,none,0.0
2-2-8,none,mixture,0.2,1000,800041,0.00969590699969558,gtest,none,186.27059955504217
2-2-8,none,mixture,0.2,1000,800042,0.0063763120051589794,kl_plugin,none,0.0
2-2-8,none,mixture,0.2,1000,800042,0.0063763120051589794,kl_split,none,0.14632096254755256
2-2-8,none,mixture,0.2,1000,800042,0.0063763120051589794,kl_crossfit,none,0.14612909143752378
2-2-8,none,mixture,0.2,1000,800042,0.0063763120051589794,cf1_margin,none,0.0
2-2-8,none,mixture,0.2,1000,800042,0.0063763120051589794,slack_plugin,none,0.0
2-2-8,none,mixture,0.2,1000,800042,0.0063763120051589794,gm_battery,none,0.0
2-2-8,none,mixture,0.2,1000,800042,0.0063763120051589794,gtest,none,103.09290276816634
2-2-8,none,mixture,0.2,1000,800043,0.007987878998392262,kl_plugin,none,0.0
2-2-8,none,mixture,0.2,1000,800043,0.007987878998392262,kl_split,none,0.16981805125682034
2-2-8,none,mixture,0.2,1000,800043,0.007987878998392262,kl_crossfit,none,0.15771806601950256
2-2-8,none,mixture,0.2,1000,800043,0.007987878998392262,cf1_margin,none,0.0
2-2-8,none,mixture,0.2,1000,800043,0.007987878998392262,slack_plugin,none,0.0
2-2-8,none,mixture,0.2,1000,800043,0.007987878998392262,gm_battery,none,0.0
2-2-8,none,mixture,0.2,1000,800043,0.007987878998392262,gtest,none,132.62698034009964
2-2-8,none,mixture,0.2,1000,800044,0.006507319005322643,kl_plugin,none,0.0
2-2-8,none,mixture,0.2,1000,800044,0.006507319005322643,kl_split,none,0.12569277319188804
2-2-8,none,mixture,0.2,1000,800044,0.006507319005322643,kl_crossfit,none,1.0133477318341886
2-2-8,none,mixture,0.2,1000,800044,0.006507319005322643,cf1_margin,none,0.0
2-2-8,none,mixture,0.2,1000,800044,0.006507319005322643,slack_plugin,none,0.0
2-2-8,none,mixture,0.2,1000,800044,0.006507319005322643,gm_battery,none,0.0
2-2-8,none,mixture,0.2,1000,800044,0.006507319005322643,gtest,none,171.38168004832835
2-2-8,none,mixture,0.2,1000,800045,0.007954332999361213,kl_plugin,none,6.27176890771053e-18
2-2-8,none,mixture,0.2,1000,800045,0.007954332999361213,kl_split,none,1.765169815431012
2-2-8,none,mixture,0.2,1000,800045,0.007954332999361213,kl_crossfit,none,0.9522580446587415
2-2-8,none,mixture,0.2,1000,800045,0.007954332999361213,cf1_margin,none,0.0
2-2-8,none,mixture,0.2,1000,800045,0.007954332999361213,slack_plugin,none,0.0
2-2-8,none,mixture,0.2,1000,800045,0.007954332999361213,gm_battery,none,0.0
2-2-8,none,mixture,0.2,1000,800045,0.007954332999361213,gtest,none,187.765778708793
2-2-8,none,mixture,0.2,1000,800046,0.006539719004649669,kl_plugin,none,2.81923308722483e-16
2-2-8,none,mixture,0.2,1000,800046,0.006539719004649669,kl_split,none,0.12103520640462054
2-2-8,none,mixture,0.2,1000,800046,0.006539719004649669,kl_crossfit,none,0.11539916414726664
2-2-8,none,mixture,0.2,1000,800046,0.006539719004649669,cf1_margin,none,0.0
2-2-8,none,mixture,0.2,1000,800046,0.006539719004649669,slack_plugin,none,0.0
2-2-8,none,mixture,0.2,1000,800046,0.006539719004649669,gm_battery,none,0.0
2-2-8,none,mixture,0.2,1000,800046,0.006539719004649669,gtest,none,138.23309907794308
2-2-8,none,mixture,0.2,1000,800047,0.009627858002204448,kl_plugin,none,0.0
2-2-8,none,mixture,0.2,1000,800047,0.009627858002204448,kl_split,none,0.0947447909428625
2-2-8,none,mixture,0.2,1000,800047,0.009627858002204448,kl_crossfit,none,0.09268978225806498
2-2-8,none,mixture,0.2,1000,800047,0.009627858002204448,cf1_margin,none,0.0
2-2-8,none,mixture,0.2,1000,800047,0.009627858002204448,slack_plugin,none,0.0
2-2-8,none,mixture,0.2,1000,800047,0.009627858002204448,gm_battery,none,0.0
2-2-8,none,mixture,0.2,1000,800047,0.009627858002204448,gtest,none,132.30312705510698
2-2-8,none,mixture,0.2,1000,800048,0.0064353139969171025,kl_plugin,none,0.0
2-2-8,none,mixture,0.2,1000,800048,0.0064353139969171025,kl_split,none,0.14658291717927505
2-2-8,none,mixture,0.2,1000,800048,0.0064353139969171025,kl_crossfit,none,0.12371553145299449
2-2-8,none,mixture,0.2,1000,800048,0.0064353139969171025,cf1_margin,none,0.0
2-2-8,none,mixture,0.2,1000,800048,0.0064353139969171025,slack_plugin,none,0.0
2-2-8,none,mixture,0.2,1000,800048,0.0064353139969171025,gm_battery,none,0.0
2-2-8,none,mixture,0.2,1000,800048,0.0064353139969171025,gtest,none,176.882834209451
2-2-8,none,mixture,0.2,1000,800049,0.006932541997230146,kl_plugin,none,2.9437125899923514e-17
2-2-8,none,mixture,0.2,1000,800049,0.006932541997230146,kl_split,none,0.1434987202728064
2-2-8,none,mixture,0.2,1000,800049,0.006932541997230146,kl_crossfit,none,0.1433016940302443
2-2-8,none,mixture,0.2,1000,800049,0.006932541997230146,cf1_margin,none,0.0
2-2-8,none,mixture,0.2,1000,800049,0.006932541997230146,slack_plugin,none,0.0
2-2-8,none,mixture,0.2,1000,800049,0.006932541997230146,gm_battery,none,0.0
2-2-8,none,mixture,0.2,1000,800049,0.006932541997230146,gtest,none,164.66611483374788
2-2-8,none,mixture,0.2,1000,800050,0.006709726003464311,kl_plugin,none,3.730349362793679e-17
2-2-8,none,mixture,0.2,1000,800050,0.006709726003464311,kl_split,none,0.10347503474082953
2-2-8,none,mixture,0.2,1000,800050,0.006709726003464311,kl_crossfit,none,0.10674450149111422
2-2-8,none,mixture,0.2,1000,800050,0.006709726003464311,cf1_margin,none,0.0
2-2-8,none,mixture,0.2,1000,800050,0.006709726003464311,slack_plugin,none,0.0
2-2-8,none,mixture,0.2,1000,800050,0.006709726003464311,gm_battery,none,0.0
2-2-8,none,mixture,0.2,1000,800050,0.006709726003464311,gtest,none,184.45980631688036
2-2-8,none,mixture,0.2,1000,800051,0.007306822000828106,kl_plugin,none,0.0
2-2-8,none,mixture,0.2,1000,800051,0.007306822000828106,kl_split,none,0.06527053630000516
2-2-8,none,mixture,0.2,1000,800051,0.007306822000828106,kl_crossfit,none,0.06486383500148213
2-2-8,none,mixture,0.2,1000,800051,0.007306822000828106,cf1_margin,none,0.0
2-2-8,none,mixture,0.2,1000,800051,0.007306822000828106,slack_plugin,none,0.0
2-2-8,none,mixture,0.2,1000,800051,0.007306822000828106,gm_battery,none,0.0
2-2-8,none,mixture,0.2,1000,800051,0.007306822000828106,gtest,none,115.87644518013026
2-2-8,none,mixture,0.2,1000,800052,0.006311199998890515,kl_plugin,none,1.7476658075692555e-16
2-2-8,none,mixture,0.2,1000,800052,0.006311199998890515,kl_split,none,0.13889547718108525
2-2-8,none,mixture,0.2,1000,800052,0.006311199998890515,kl_crossfit,none,0.14577562047443038
2-2-8,none,mixture,0.2,1000,800052,0.006311199998890515,cf1_margin,none,2.220446049250313e-16
2-2-8,none,mixture,0.2,1000,800052,0.006311199998890515,slack_plugin,none,0.0
2-2-8,none,mixture,0.2,1000,800052,0.006311199998890515,gm_battery,none,0.0
2-2-8,none,mixture,0.2,1000,800052,0.006311199998890515,gtest,none,125.41414540421874
2-2-8,none,mixture,0.2,1000,800053,0.0067533850015024655,kl_plugin,none,0.0
2-2-8,none,mixture,0.2,1000,800053,0.0067533850015024655,kl_split,none,0.11172237965294288
2-2-8,none,mixture,0.2,1000,800053,0.0067533850015024655,kl_crossfit,none,0.10724800400574996
2-2-8,none,mixture,0.2,1000,800053,0.0067533850015024655,cf1_margin,none,0.0
2-2-8,none,mixture,0.2,1000,800053,0.0067533850015024655,slack_plugin,none,0.0
2-2-8,none,mixture,0.2,1000,800053,0.0067533850015024655,gm_battery,none,0.0
2-2-8,none,mixture,0.2,1000,800053,0.0067533850015024655,gtest,none,126.66536161800609
2-2-8,none,mixture,0.2,1000,800054,0.006675192002148833,kl_plugin,none,0.0
2-2-8,none,mixture,0.2,1000,800054,0.006675192002148833,kl_split,none,0.10054280368408473
2-2-8,none,mixture,0.2,1000,800054,0.006675192002148833,kl_crossfit,none,0.1026095559249004
2-2-8,none,mixture,0.2,1000,800054,0.006675192002148833,cf1_margin,none,1.1102230246251565e-16
2-2-8,none,mixture,0.2,1000,800054,0.006675192002148833,slack_plugin,none,0.0
2-2-8,none,mixture,0.2,1000,800054,0.006675192002148833,gm_battery,none,0.0
2-2-8,none,mixture,0.2,1000,800054,0.006675192002148833,gtest,none,169.46555116729195
2-2-8,none,mixture,0.2,1000,800055,0.006610953001654707,kl_plugin,none,0.0
2-2-8,none,mixture,0.2,1000,800055,0.006610953001654707,kl_split,none,0.14528870144215447
2-2-8,none,mixture,0.2,1000,800055,0.006610953001654707,kl_crossfit,none,0.13868316449036328
2-2-8,none,mixture,0.2,1000,800055,0.006610953001654707,cf1_margin,none,1.1102230246251565e-16
2-2-8,none,mixture,0.2,1000,800055,0.006610953001654707,slack_plugin,none,0.0
2-2-8,none,mixture,0.2,1000,800055,0.006610953001654707,gm_battery,none,0.0
2-2-8,none,mixture,0.2,1000,800055,0.006610953001654707,gtest,none,162.18519009422386
2-2-8,none,mixture,0.2,1000,800056,0.006391710994648747,kl_plugin,none,1.804843514951077e-16
2-2-8,none,mixture,0.2,1000,800056,0.006391710994648747,kl_split,none,0.09286211618335374
2-2-8,none,mixture,0.2,1000,800056,0.006391710994648747,kl_crossfit,none,0.10361077707970143
2-2-8,none,mixture,0.2,1000,800056,0.006391710994648747,cf1_margin,none,0.0
2-2-8,none,mixture,0.2,1000,800056,0.006391710994648747,slack_plugin,none,0.0
2-2-8,none,mixture,0.2,1000,800056,0.006391710994648747,gm_battery,none,0.0
2-2-8,none,mixture,0.2,1000,800056,0.006391710994648747,gtest,none,171.30151745604445
2-2-8,none,mixture,0.2,1000,800057,0.006857141001091804,kl_plugin,none,0.0
2-2-8,none,mixture,0.2,1000,800057,0.006857141001091804,kl_split,none,0.12665649993702113
2-2-8,none,mixture,0.2,1000,800057,0.006857141001091804,kl_crossfit,none,0.1317615810535085
2-2-8,none,mixture,0.2,1000,800057,0.006857141001091804,cf1_margin,none,1.1102230246251565e-16
2-2-8,none,mixture,0.2,1000,800057,0.006857141001091804,slack_plugin,none,0.0
2-2-8,none,mixture,0.2,1000,800057,0.006857141001091804,gm_battery,none,0.0
2-2-8,none,mixture,0.2,1000,800057,0.006857141001091804,gtest,none,143.20071221258812
2-2-8,none,mixture,0.2,1000,800058,0.0071006779980962165,kl_plugin,none,0.0
2-2-8,none,mixture,0.2,1000,800058,0.0071006779980962165,kl_split,none,0.07255765182799953
2-2-8,none,mixture,0.2,1000,800058,0.0071006779980962165,kl_crossfit,none,0.07443437533723832
2-2-8,none,mixture,0.2,1000,800058,0.0071006779980962165,cf1_margin,none,1.1102230246251565e-16
2-2-8,none,mixture,0.2,1000,800058,0.0071006779980962165,slack_plugin,none,0.0
2-2-8,none,mixture,0.2,1000,800058,0.0071006779980962165,gm_battery,none,0.0
2-2-8,none,mixture,0.2,1000,800058,0.0071006779980962165,gtest,none,146.36467468184094
2-2-8,none,mixture,0.2,1000,800059,0.006632245997025166,kl_plugin,none,0.0
2-2-8,none,mixture,0.2,1000,800059,0.006632245997025166,kl_split,none,0.13909983697063538
2-2-8,none,mixture,0.2,1000,800059,0.006632245997025166,kl_crossfit,none,0.130120707463636
2-2-8,none,mixture,0.2,1000,800059,0.006632245997025166,cf1_margin,none,0.0
2-2-8,none,mixture,0.2,1000,800059,0.006632245997025166,slack_plugin,none,0.0
2-2-8,none,mixture,0.2,1000,800059,0.006632245997025166,gm_battery,none,0.0
2-2-8,none,mixture,0.2,1000,800059,0.006632245997025166,gtest,none,183.21732191159194
2-2-8,none,mixture,0.2,1000,800060,0.006483710996690206,kl_plugin,none,7.77690375784075e-17
2-2-8,none,mixture,0.2,1000,800060,0.006483710996690206,kl_split,none,0.15194825834354087
2-2-8,none,mixture,0.2,1000,800060,0.006483710996690206,kl_crossfit,none,0.1547630017044632
2-2-8,none,mixture,0.2,1000,800060,0.006483710996690206,cf1_margin,none,0.0
2-2-8,none,mixture,0.2,1000,800060,0.006483710996690206,slack_plugin,none,0.0
2-2-8,none,mixture,0.2,1000,800060,0.006483710996690206,gm_battery,none,0.0
2-2-8,none,mixture,0.2,1000,800060,0.006483710996690206,gtest,none,171.7747397884856
2-2-8,none,mixture,0.2,1000,800061,0.006471663000411354,kl_plugin,none,1.0132285014580133e-16
2-2-8,none,mixture,0.2,1000,800061,0.006471663000411354,kl_split,none,0.07606182067754187
2-2-8,none,mixture,0.2,1000,800061,0.006471663000411354,kl_crossfit,none,0.0802166947634588
2-2-8,none,mixture,0.2,1000,800061,0.006471663000411354,cf1_margin,none,1.1102230246251565e-16
2-2-8,none,mixture,0.2,1000,800061,0.006471663000411354,slack_plugin,none,0.0
2-2-8,none,mixture,0.2,1000,800061,0.006471663000411354,gm_battery,none,0.0
2-2-8,none,mixture,0.2,1000,800061,0.006471663000411354,gtest,none,188.90735769393422
2-2-8,none,mixture,0.2,1000,800062,0.006604667003557552,kl_plugin,none,4.023057058300623e-17
2-2-8,none,mixture,0.2,1000,800062,0.006604667003557552,kl_split,none,0.09311256618755884
2-2-8,none,mixture,0.2,1000,800062,0.006604667003557552,kl_crossfit,none,0.0936272066063005
2-2-8,none,mixture,0.2,1000,800062,0.006604667003557552,cf1_margin,none,1.1102230246251565e-16
2-2-8,none,mixture,0.2,1000,800062,0.006604667003557552,slack_plugin,none,0.0
2-2-8,none,mixture,0.2,1000,800062,0.006604667003557552,gm_battery,none,0.0
2-2-8,none,mixture,0.2,1000,800062,0.006604667003557552,gtest,none,153.48398464357354
2-2-8,none,mixture,0.2,1000,800063,0.008010338999156374,kl_plugin,none,1.0691477396668049e-16
2-2-8,none,mixture,0.2,1000,800063,0.008010338999156374,kl_split,none,0.13158565901818786
2-2-8,none,mixture,0.2,1000,800063,0.008010338999156374,kl_crossfit,none,0.1363280309296558
2-2-8,none,mixture,0.2,1000,800063,0.008010338999156374,cf1_margin,none,0.0
2-2-8,none,mixture,0.2,1000,800063,0.008010338999156374,slack_plugin,none,0.0
2-2-8,none,mixture,0.2,1000,800063,0.008010338999156374,gm_battery,none,0.0
2-2-8,none,mixture,0.2,1000,800063,0.008010338999156374,gtest,none,174.97043454858812
2-2-8,none,mixture,0.2,1000,800064,0.0068947459949413314,kl_plugin,none,0.0
2-2-8,none,mixture,0.2,1000,800064,0.0068947459949413314,kl_split,none,0.13627035632383352
2-2-8,none,mixture,0.2,1000,800064,0.0068947459949413314,kl_crossfit,none,0.12925387699289365
2-2-8,none,mixture,0.2,1000,800064,0.0068947459949413314,cf1_margin,none,0.0
2-2-8,none,mixture,0.2,1000,800064,0.0068947459949413314,slack_plugin,none,0.0
2-2-8,none,mixture,0.2,1000,800064,0.0068947459949413314,gm_battery,none,0.0
2-2-8,none,mixture,0.2,1000,800064,0.0068947459949413314,gtest,none,141.82302925244824
2-2-8,none,mixture,0.2,1000,800065,0.007847023996873759,kl_plugin,none,3.4683094283647795e-16
2-2-8,none,mixture,0.2,1000,800065,0.007847023996873759,kl_split,none,1.6792019653143808
2-2-8,none,mixture,0.2,1000,800065,0.007847023996873759,kl_crossfit,none,0.9058711657893904
2-2-8,none,mixture,0.2,1000,800065,0.007847023996873759,cf1_margin,none,2.220446049250313e-16
2-2-8,none,mixture,0.2,1000,800065,0.007847023996873759,slack_plugin,none,0.0
2-2-8,none,mixture,0.2,1000,800065,0.007847023996873759,gm_battery,none,0.0
2-2-8,none,mixture,0.2,1000,800065,0.007847023996873759,gtest,none,97.40563544281748
2-2-8,none,mixture,0.2,1000,800066,0.008341701999597717,kl_plugin,none,0.0
2-2-8,none,mixture,0.2,1000,800066,0.008341701999597717,kl_split,none,0.10960981971110503
2-2-8,none,mixture,0.2,1000,800066,0.008341701999597717,kl_crossfit,none,0.708102169473935
2-2-8,none,mixture,0.2,1000,800066,0.008341701999597717,cf1_margin,none,0.0
2-2-8,none,mixture,0.2,1000,800066,0.008341701999597717,slack_plugin,none,0.0
2-2-8,none,mixture,0.2,1000,800066,0.008341701999597717,gm_battery,none,0.0
2-2-8,none,mixture,0.2,1000,800066,0.008341701999597717,gtest,none,180.232380842974
2-2-8,none,mixture,0.2,1000,800067,0.006732162000844255,kl_plugin,none,0.0
2-2-8,none,mixture,0.2,1000,800067,0.006732162000844255,kl_split,none,0.08583084589680354
2-2-8,none,mixture,0.2,1000,800067,0.006732162000844255,kl_crossfit,none,0.09024024238181305
2-2-8,none,mixture,0.2,1000,800067,0.006732162000844255,cf1_margin,none,0.0
2-2-8,none,mixture,0.2,1000,800067,0.006732162000844255,slack_plugin,none,0.0
2-2-8,none,mixture,0.2,1000,800067,0.006732162000844255,gm_battery,none,0.0
2-2-8,none,mixture,0.2,1000,800067,0.006732162000844255,gtest,none,165.30077438807504
2-2-8,none,mixture,0.2,1000,800068,0.010703952000767458,kl_plugin,none,0.0
2-2-8,none,mixture,0.2,1000,800068,0.010703952000767458,kl_split,none,0.10059160560921351
2-2-8,none,mixture,0.2,1000,800068,0.010703952000767458,kl_crossfit,none,0.9371293832385112
2-2-8,none,mixture,0.2,1000,800068,0.010703952000767458,cf1_margin,none,0.0
2-2-8,none,mixture,0.2,1000,800068,0.010703952000767458,slack_plugin,none,0.0
2-2-8,none,mixture,0.2,1000,800068,0.010703952000767458,gm_battery,none,0.0
2-2-8,none,mixture,0.2,1000,800068,0.010703952000767458,gtest,none,174.8652536930016
2-2-8,none,mixture,0.2,1000,800069,0.008400480001000687,kl_plugin,none,0.0
2-2-8,none,mixture,0.2,1000,800069,0.008400480001000687,kl_split,none,0.12164878055683351
2-2-8,none,mixture,0.2,1000,800069,0.008400480001000687,kl_crossfit,none,0.14705571447808266
2-2-8,none,mixture,0.2,1000,800069,0.008400480001000687,cf1_margin,none,3.3306690738754696e-16
2-2-8,none,mixture,0.2,1000,800069,0.008400480001000687,slack_plugin,none,0.0
2-2-8,none,mixture,0.2,1000,800069,0.008400480001000687,gm_battery,none,0.0
2-2-8,none,mixture,0.2,1000,800069,0.008400480001000687,gtest,none,112.78791575511138
2-2-8,none,mixture,0.2,1000,800070,0.007210736002889462,kl_plugin,none,0.0
2-2-8,none,mixture,0.2,1000,800070,0.007210736002889462,kl_split,none,0.15446038570211415
2-2-8,none,mixture,0.2,1000,800070,0.007210736002889462,kl_crossfit,none,0.14112327937902974
2-2-8,none,mixture,0.2,1000,800070,0.007210736002889462,cf1_margin,none,0.0
2-2-8,none,mixture,0.2,1000,800070,0.007210736002889462,slack_plugin,none,0.0
2-2-8,none,mixture,0.2,1000,800070,0.007210736002889462,gm_battery,none,0.0
2-2-8,none,mixture,0.2,1000,800070,0.007210736002889462,gtest,none,176.08133866309362
2-2-8,none,mixture,0.2,1000,800071,0.00643960199522553,kl_plugin,none,2.682922391099628e-16
2-2-8,none,mixture,0.2,1000,800071,0.00643960199522553,kl_split,none,0.09634382279029992
2-2-8,none,mixture,0.2,1000,800071,0.00643960199522553,kl_crossfit,none,0.09958338713691808
2-2-8,none,mixture,0.2,1000,800071,0.00643960199522553,cf1_margin,none,0.0
2-2-8,none,mixture,0.2,1000,800071,0.00643960199522553,slack_plugin,none,0.0
2-2-8,none,mixture,0.2,1000,800071,0.00643960199522553,gm_battery,none,0.0
2-2-8,none,mixture,0.2,1000,800071,0.00643960199522553,gtest,none,135.13100210637688
2-2-8,none,mixture,0.2,1000,800072,0.006584510003449395,kl_plugin,none,1.288860413583557e-17
2-2-8,none,mixture,0.2,1000,800072,0.006584510003449395,kl_split,none,0.08574282473672326
2-2-8,none,mixture,0.2,1000,800072,0.006584510003449395,kl_crossfit,none,0.08516971564006547
2-2-8,none,mixture,0.2,1000,800072,0.006584510003449395,cf1_margin,none,0.0
2-2-8,none,mixture,0.2,1000,800072,0.006584510003449395,slack_plugin,none,0.0
2-2-8,none,mixture,0.2,1000,800072,0.006584510003449395,gm_battery,none,0.0
2-2-8,none,mixture,0.2,1000,800072,0.006584510003449395,gtest,none,160.2876620636211
2-2-8,none,mixture,0.2,1000,800073,0.006525736003823113,kl_plugin,none,2.1830263948082928e-16
2-2-8,none,mixture,0.2,1000,800073,0.006525736003823113,kl_split,none,0.1536414270451483
2-2-8,none,mixture,0.2,1000,800073,0.006525736003823113,kl_crossfit,none,0.1582456422783899
2-2-8,none,mixture,0.2,1000,800073,0.006525736003823113,cf1_margin,none,0.0
2-2-8,none,mixture,0.2,1000,800073,0.006525736003823113,slack_plugin,none,0.0
2-2-8,none,mixture,0.2,1000,800073,0.006525736003823113,gm_battery,none,0.0
2-2-8,none,mixture,0.2,1000,800073,0.006525736003823113,gtest,none,187.96864584148193
2-2-8,none,mixture,0.2,1000,800074,0.007833739997295197,kl_plugin,none,0.0
2-2-8,none,mixture,0.2,1000,800074,0.007833739997295197,kl_split,none,0.09864195033695433
2-2-8,none,mixture,0.2,1000,800074,0.007833739997295197,kl_crossfit,none,0.09879141832573848
2-2-8,none,mixture,0.2,1000,800074,0.007833739997295197,cf1_margin,none,0.0
2-2-8,none,mixture,0.2,1000,800074,0.007833739997295197,slack_plugin,none,0.0
2-2-8,none,mixture,0.2,1000,800074,0.007833739997295197,gm_battery,none,0.0
2-2-8,none,mixture,0.2,1000,800074,0.007833739997295197,gtest,none,191.80155944566457
2-2-8,none,mixture,0.2,1000,800075,0.006988517001445871,kl_plugin,none,6.981585122005225e-17
2-2-8,none,mixture,0.2,1000,800075,0.006988517001445871,kl_split,none,0.07351618742590053
2-2-8,none,mixture,0.2,1000,800075,0.006988517001445871,kl_crossfit,none,0.07493182265334253
2-2-8,none,mixture,0.2,1000,800075,0.006988517001445871,cf1_margin,none,1.1102230246251565e-16
2-2-8,none,mixture,0.2,1000,800075,0.006988517001445871,slack_plugin,none,0.0
2-2-8,none,mixture,0.2,1000,800075,0.006988517001445871,gm_battery,none,0.0
2-2-8,none,mixture,0.2,1000,800075,0.006988517001445871,gtest,none,130.57864484535466
2-2-8,none,mixture,0.2,1000,800076,0.009050056003616191,kl_plugin,none,0.0
2-2-8,none,mixture,0.2,1000,800076,0.009050056003616191,kl_split,none,0.0899960007920467
2-2-8,none,mixture,0.2,1000,800076,0.009050056003616191,kl_crossfit,none,0.08651355682916574
2-2-8,none,mixture,0.2,1000,800076,0.009050056003616191,cf1_margin,none,0.0
2-2-8,none,mixture,0.2,1000,800076,0.009050056003616191,slack_plugin,none,0.0
2-2-8,none,mixture,0.2,1000,800076,0.009050056003616191,gm_battery,none,0.0
2-2-8,none,mixture,0.2,1000,800076,0.009050056003616191,gtest,none,145.08059049741888
2-2-8,none,mixture,0.2,1000,800077,0.006726252002408728,kl_plugin,none,0.0
2-2-8,none,mixture,0.2,1000,800077,0.006726252002408728,kl_split,none,0.07754119882568354
2-2-8,none,mixture,0.2,1000,800077,0.006726252002408728,kl_crossfit,none,0.07513125408191915
2-2-8,none,mixture,0.2,1000,800077,0.006726252002408728,cf1_margin,none,0.0
2-2-8,none,mixture,0.2,1000,800077,0.006726252002408728,slack_plugin,none,0.0
2-2-8,none,mixture,0.2,1000,800077,0.006726252002408728,gm_battery,none,0.0
2-2-8,none,mixture,0.2,1000,800077,0.006726252002408728,gtest,none,147.85315765457392
2-2-8,none,mixture,0.2,1000,800078,0.007483818997570779,kl_plugin,none,0.0
2-2-8,none,mixture,0.2,1000,800078,0.007483818997570779,kl_split,none,0.1441048628282933
2-2-8,none,mixture,0.2,1000,800078,0.007483818997570779,kl_crossfit,none,0.14734245432045623
2-2-8,none,mixture,0.2,1000,800078,0.007483818997570779,cf1_margin,none,0.0
2-2-8,none,mixture,0.2,1000,800078,0.007483818997570779,slack_plugin,none,0.0
2-2-8,none,mixture,0.2,1000,800078,0.007483818997570779,gm_battery,none,0.0
2-2-8,none,mixture,0.2,1000,800078,0.007483818997570779,gtest,none,111.82940794770764
2-2-8,none,mixture,0.2,1000,800079,0.008604568996815942,kl_plugin,none,0.0
2-2-8,none,mixture,0.2,1000,800079,0.008604568996815942,kl_split,none,0.11420494915035045
2-2-8,none,mixture,0.2,1000,800079,0.008604568996815942,kl_crossfit,none,0.11856538117054266
2-2-8,none,mixture,0.2,1000,800079,0.008604568996815942,cf1_margin,none,0.0
2-2-8,none,mixture,0.2,1000,800079,0.008604568996815942,slack_plugin,none,0.0
2-2-8,none,mixture,0.2,1000,800079,0.008604568996815942,gm_battery,none,0.0
2-2-8,none,mixture,0.2,1000,800079,0.008604568996815942,gtest,none,166.2942094329528
2-2-8,none,mixture,0.2,1000,800080,0.0068194289997336455,kl_plugin,none,0.0
2-2-8,none,mixture,0.2,1000,800080,0.0068194289997336455,kl_split,none,0.14066784679532268
2-2-8,none,mixture,0.2,1000,800080,0.0068194289997336455,kl_crossfit,none,0.1537032971116355
2-2-8,none,mixture,0.2,1000,800080,0.0068194289997336455,cf1_margin,none,0.0
2-2-8,none,mixture,0.2,1000,800080,0.0068194289997336455,slack_plugin,none,0.0
2-2-8,none,mixture,0.2,1000,800080,0.0068194289997336455,gm_battery,none,0.0
2-2-8,none,mixture,0.2,1000,800080,0.0068194289997336455,gtest,none,136.1843639071434
2-2-8,none,mixture,0.2,1000,800081,0.007958485002745874,kl_plugin,none,2.2067525921687523e-16
2-2-8,none,mixture,0.2,1000,800081,0.007958485002745874,kl_split,none,0.12084540740130414
2-2-8,none,mixture,0.2,1000,800081,0.007958485002745874,kl_crossfit,none,0.1381961854404628
2-2-8,none,mixture,0.2,1000,800081,0.007958485002745874,cf1_margin,none,1.1102230246251565e-16
2-2-8,none,mixture,0.2,1000,800081,0.007958485002745874,slack_plugin,none,0.0
2-2-8,none,mixture,0.2,1000,800081,0.007958485002745874,gm_battery,none,0.0
2-2-8,none,mixture,0.2,1000,800081,0.007958485002745874,gtest,none,203.75860311590765
2-2-8,none,mixture,0.2,1000,800082,0.007707714998105075,kl_plugin,none,0.0
2-2-8,none,mixture,0.2,1000,800082,0.007707714998105075,kl_split,none,0.10855595036983744
2-2-8,none,mixture,0.2,1000,800082,0.007707714998105075,kl_crossfit,none,0.10861640568116152
2-2-8,none,mixture,0.2,1000,800082,0.007707714998105075,cf1_margin,none,0.0
2-2-8,none,mixture,0.2,1000,800082,0.007707714998105075,slack_plugin,none,0.0
2-2-8,none,mixture,0.2,1000,800082,0.007707714998105075,gm_battery,none,0.0
2-2-8,none,mixture,0.2,1000,800082,0.007707714998105075,gtest,none,182.6931252815357
2-2-8,none,mixture,0.2,1000,800083,0.006784486002288759,kl_plugin,none,4.440892097789768e-18
2-2-8,none,mixture,0.2,1000,800083,0.006784486002288759,kl_split,none,0.1750022192514212
2-2-8,none,mixture,0.2,1000,800083,0.006784486002288759,kl_crossfit,none,0.8622681169908741
2-2-8,none,mixture,0.2,1000,800083,0.006784486002288759,cf1_margin,none,0.0
2-2-8,none,mixture,0.2,1000,800083,0.006784486002288759,slack_plugin,none,0.0
2-2-8,none,mixture,0.2,1000,800083,0.006784486002288759,gm_battery,none,0.0
2-2-8,none,mixture,0.2,1000,800083,0.006784486002288759,gtest,none,187.26172205067616
2-2-8,none,mixture,0.2,1000,800084,0.007859728000767063,kl_plugin,none,0.0
2-2-8,none,mixture,0.2,1000,800084,0.007859728000767063,kl_split,none,0.09383862385095904
2-2-8,none,mixture,0.2,1000,800084,0.007859728000767063,kl_crossfit,none,0.09531420196878028
2-2-8,none,mixture,0.2,1000,800084,0.007859728000767063,cf1_margin,none,0.0
2-2-8,none,mixture,0.2,1000,800084,0.007859728000767063,slack_plugin,none,0.0
2-2-8,none,mixture,0.2,1000,800084,0.007859728000767063,gm_battery,none,0.0
2-2-8,none,mixture,0.2,1000,800084,0.007859728000767063,gtest,none,142.17875132806824
2-2-8,none,mixture,0.2,1000,800085,0.006602869994821958,kl_plugin,none,2.110430814975623e-18
2-2-8,none,mixture,0.2,1000,800085,0.006602869994821958,kl_split,none,0.0948870855584744
2-2-8,none,mixture,0.2,1000,800085,0.006602869994821958,kl_crossfit,none,0.09495928676834348
2-2-8,none,mixture,0.2,1000,800085,0.006602869994821958,cf1_margin,none,1.1102230246251565e-16
2-2-8,none,mixture,0.2,1000,800085,0.006602869994821958,slack_plugin,none,0.0
2-2-8,none,mixture,0.2,1000,800085,0.006602869994821958,gm_battery,none,0.0
2-2-8,none,mixture,0.2,1000,800085,0.006602869994821958,gtest,none,160.5740802498901
2-2-8,none,mixture,0.2,1000,800086,0.008160286000929773,kl_plugin,none,2.1807696794433768e-16
2-2-8,none,mixture,0.2,1000,800086,0.008160286000929773,kl_split,none,0.14320287780875346
2-2-8,none,mixture,0.2,1000,800086,0.008160286000929773,kl_crossfit,none,0.1382125110463595
2-2-8,none,mixture,0.2,1000,800086,0.008160286000929773,cf1_margin,none,1.1102230246251565e-16
2-2-8,none,mixture,0.2,1000,800086,0.008160286000929773,slack_plugin,none,0.0
2-2-8,none,mixture,0.2,1000,800086,0.008160286000929773,gm_battery,none,0.0
2-2-8,none,mixture,0.2,1000,800086,0.008160286000929773,gtest,none,120.60631232272509
2-2-8,none,mixture,0.2,1000,800087,0.007093382999300957,kl_plugin,none,0.0
2-2-8,none,mixture,0.2,1000,800087,0.007093382999300957,kl_split,none,0.680979920935205
2-2-8,none,mixture,0.2,1000,800087,0.007093382999300957,kl_crossfit,none,0.3858566841248277
2-2-8,none,mixture,0.2,1000,800087,0.007093382999300957,cf1_margin,none,0.0
2-2-8,none,mixture,0.2,1000,800087,0.007093382999300957,slack_plugin,none,0.0
2-2-8,none,mixture,0.2,1000,800087,0.007093382999300957,gm_battery,none,0.0
2-2-8,none,mixture,0.2,1000,800087,0.007093382999300957,gtest,none,198.07521949903116
2-2-8,none,mixture,0.2,1000,800088,0.006883615998958703,kl_plugin,none,0.0
2-2-8,none,mixture,0.2,1000,800088,0.006883615998958703,kl_split,none,0.14701905608756743
2-2-8,none,mixture,0.2,1000,800088,0.006883615998958703,kl_crossfit,none,0.13440536705884443
2-2-8,none,mixture,0.2,1000,800088,0.006883615998958703,cf1_margin,none,0.0
2-2-8,none,mixture,0.2,1000,800088,0.006883615998958703,slack_plugin,none,0.0
2-2-8,none,mixture,0.2,1000,800088,0.006883615998958703,gm_battery,none,0.0
2-2-8,none,mixture,0.2,1000,800088,0.006883615998958703,gtest,none,173.55312937670786
2-2-8,none,mixture,0.2,1000,800089,0.00673243200435536,kl_plugin,none,0.0
2-2-8,none,mixture,0.2,1000,800089,0.00673243200435536,kl_split,none,0.08299719378006068
2-2-8,none,mixture,0.2,1000,800089,0.00673243200435536,kl_crossfit,none,0.08553079643000544
2-2-8,none,mixture,0.2,1000,800089,0.00673243200435536,cf1_margin,none,0.0
2-2-8,none,mixture,0.2,1000,800089,0.00673243200435536,slack_plugin,none,0.0
2-2-8,none,mixture,0.2,1000,800089,0.00673243200435536,gm_battery,none,0.0
2-2-8,none,mixture,0.2,1000,800089,0.00673243200435536,gtest,none,134.63275010191865
2-2-8,none,mixture,0.2,1000,800090,0.006771950000256766,kl_plugin,none,1.6869083276863498e-16
2-2-8,none,mixture,0.2,1000,800090,0.006771950000256766,kl_split,none,0.08368576314918512
2-2-8,none,mixture,0.2,1000,800090,0.006771950000256766,kl_crossfit,none,0.07854777591852022
2-2-8,none,mixture,0.2,1000,800090,0.006771950000256766,cf1_margin,none,0.0
2-2-8,none,mixture,0.2,1000,800090,0.006771950000256766,slack_plugin,none,0.0
2-2-8,none,mixture,0.2,1000,800090,0.006771950000256766,gm_battery,none,0.0
2-2-8,none,mixture,0.2,1000,800090,0.006771950000256766,gtest,none,129.32531490689894
2-2-8,none,mixture,0.2,1000,800091,0.007739783002762124,kl_plugin,none,0.0
2-2-8,none,mixture,0.2,1000,800091,0.007739783002762124,kl_split,none,0.1316336144327122
2-2-8,none,mixture,0.2,1000,800091,0.007739783002762124,kl_crossfit,none,0.13401776900856688
2-2-8,none,mixture,0.2,1000,800091,0.007739783002762124,cf1_margin,none,0.0
2-2-8,none,mixture,0.2,1000,800091,0.007739783002762124,slack_plugin,none,0.0
2-2-8,none,mixture,0.2,1000,800091,0.007739783002762124,gm_battery,none,0.0
2-2-8,none,mixture,0.2,1000,800091,0.007739783002762124,gtest,none,127.36591289136322
2-2-8,none,mixture,0.2,1000,800092,0.00818328199966345,kl_plugin,none,0.0
2-2-8,none,mixture,0.2,1000,800092,0.00818328199966345,kl_split,none,0.09492169448943724
2-2-8,none,mixture,0.2,1000,800092,0.00818328199966345,kl_crossfit,none,0.1075880128554313
2-2-8,none,mixture,0.2,1000,800092,0.00818328199966345,cf1_margin,none,0.0
2-2-8,none,mixture,0.2,1000,800092,0.00818328199966345,slack_plugin,none,0.0
2-2-8,none,mixture,0.2,1000,800092,0.00818328199966345,gm_battery,none,0.0
2-2-8,none,mixture,0.2,1000,800092,0.00818328199966345,gtest,none,191.4707371811193
2-2-8,none,mixture,0.2,1000,800093,0.0070390140026574954,kl_plugin,none,0.0
2-2-8,none,mixture,0.2,1000,800093,0.0070390140026574954,kl_split,none,0.13102307058992999
2-2-8,none,mixture,0.2,1000,800093,0.0070390140026574954,kl_crossfit,none,0.1265513374589557
2-2-8,none,mixture,0.2,1000,800093,0.0070390140026574954,cf1_margin,none,3.3306690738754696e-16
2-2-8,none,mixture,0.2,1000,800093,0.0070390140026574954,slack_plugin,none,0.0
2-2-8,none,mixture,0.2,1000,800093,0.0070390140026574954,gm_battery,none,0.0
2-2-8,none,mixture,0.2,1000,800093,0.0070390140026574954,gtest,none,178.20746126979776
2-2-8,none,mixture,0.2,1000,800094,0.006816779001383111,kl_plugin,none,0.0
2-2-8,none,mixture,0.2,1000,800094,0.006816779001383111,kl_split,none,0.14507205426181227
2-2-8,none,mixture,0.2,1000,800094,0.006816779001383111,kl_crossfit,none,0.1470277937934992
2-2-8,none,mixture,0.2,1000,800094,0.006816779001383111,cf1_margin,none,0.0
2-2-8,none,mixture,0.2,1000,800094,0.006816779001383111,slack_plugin,none,0.0
2-2-8,none,mixture,0.2,1000,800094,0.006816779001383111,gm_battery,none,0.0
2-2-8,none,mixture,0.2,1000,800094,0.006816779001383111,gtest,none,153.04062020059735
2-2-8,none,mixture,0.2,1000,800095,0.010661314998287708,kl_plugin,none,8.030357399570541e-17
2-2-8,none,mixture,0.2,1000,800095,0.010661314998287708,kl_split,none,0.13653264675039212
2-2-8,none,mixture,0.2,1000,800095,0.010661314998287708,kl_crossfit,none,0.13550202087941216
2-2-8,none,mixture,0.2,1000,800095,0.010661314998287708,cf1_margin,none,1.1102230246251565e-16
2-2-8,none,mixture,0.2,1000,800095,0.010661314998287708,slack_plugin,none,0.0
2-2-8,none,mixture,0.2,1000,800095,0.010661314998287708,gm_battery,none,0.0
2-2-8,none,mixture,0.2,1000,800095,0.010661314998287708,gtest,none,169.80340226519675
2-2-8,none,mixture,0.2,1000,800096,0.010695714001485612,kl_plugin,none,0.0
2-2-8,none,mixture,0.2,1000,800096,0.010695714001485612,kl_split,none,0.11130897052371001
2-2-8,none,mixture,0.2,1000,800096,0.010695714001485612,kl_crossfit,none,0.11529391767072862
2-2-8,none,mixture,0.2,1000,800096,0.010695714001485612,cf1_margin,none,0.0
2-2-8,none,mixture,0.2,1000,800096,0.010695714001485612,slack_plugin,none,0.0
2-2-8,none,mixture,0.2,1000,800096,0.010695714001485612,gm_battery,none,0.0
2-2-8,none,mixture,0.2,1000,800096,0.010695714001485612,gtest,none,152.34732396070888
2-2-8,none,mixture,0.2,1000,800097,0.009716027998365462,kl_plugin,none,2.3210867282745733e-16
2-2-8,none,mixture,0.2,1000,800097,0.009716027998365462,kl_split,none,0.12303440136046974
2-2-8,none,mixture,0.2,1000,800097,0.009716027998365462,kl_crossfit,none,0.12634527720887273
2-2-8,none,mixture,0.2,1000,800097,0.009716027998365462,cf1_margin,none,0.0
2-2-8,none,mixture,0.2,1000,800097,0.009716027998365462,slack_plugin,none,0.0
2-2-8,none,mixture,0.2,1000,800097,0.009716027998365462,gm_battery,none,0.0
2-2-8,none,mixture,0.2,1000,800097,0.009716027998365462,gtest,none,176.6568964561095
2-2-8,none,mixture,0.2,1000,800098,0.00870966499496717,kl_plugin,none,1.3105198249436405e-17
2-2-8,none,mixture,0.2,1000,800098,0.00870966499496717,kl_split,none,0.12318922793946814
2-2-8,none,mixture,0.2,1000,800098,0.00870966499496717,kl_crossfit,none,0.1256177143974524
2-2-8,none,mixture,0.2,1000,800098,0.00870966499496717,cf1_margin,none,0.0
2-2-8,none,mixture,0.2,1000,800098,0.00870966499496717,slack_plugin,none,0.0
2-2-8,none,mixture,0.2,1000,800098,0.00870966499496717,gm_battery,none,0.0
2-2-8,none,mixture,0.2,1000,800098,0.00870966499496717,gtest,none,148.64717464442646
2-2-8,none,mixture,0.2,1000,800099,0.00649481599975843,kl_plugin,none,0.0
2-2-8,none,mixture,0.2,1000,800099,0.00649481599975843,kl_split,none,0.09675285893158862
2-2-8,none,mixture,0.2,1000,800099,0.00649481599975843,kl_crossfit,none,0.09954387402924628
2-2-8,none,mixture,0.2,1000,800099,0.00649481599975843,cf1_margin,none,3.3306690738754696e-16
2-2-8,none,mixture,0.2,1000,800099,0.00649481599975843,slack_plugin,none,0.0
2-2-8,none,mixture,0.2,1000,800099,0.00649481599975843,gm_battery,none,0.0
2-2-8,none,mixture,0.2,1000,800099,0.00649481599975843,gtest,none,136.47028539512087
2-2-8,none,mixture,0.2,1000,800100,0.006390870003087912,kl_plugin,none,0.0
2-2-8,none,mixture,0.2,1000,800100,0.006390870003087912,kl_split,none,0.1475527955141255
2-2-8,none,mixture,0.2,1000,800100,0.006390870003087912,kl_crossfit,none,0.13973340799053985
2-2-8,none,mixture,0.2,1000,800100,0.006390870003087912,cf1_margin,none,0.0
2-2-8,none,mixture,0.2,1000,800100,0.006390870003087912,slack_plugin,none,0.0
2-2-8,none,mixture,0.2,1000,800100,0.006390870003087912,gm_battery,none,0.0
2-2-8,none,mixture,0.2,1000,800100,0.006390870003087912,gtest,none,147.93244783604183
2-2-8,none,mixture,0.2,1000,800101,0.0067358040032559074,kl_plugin,none,1.3750389206109126e-16
2-2-8,none,mixture,0.2,1000,800101,0.0067358040032559074,kl_split,none,0.13425489506024346
2-2-8,none,mixture,0.2,1000,800101,0.0067358040032559074,kl_crossfit,none,1.3533746614672317
2-2-8,none,mixture,0.2,1000,800101,0.0067358040032559074,cf1_margin,none,0.0
2-2-8,none,mixture,0.2,1000,800101,0.0067358040032559074,slack_plugin,none,0.0
2-2-8,none,mixture,0.2,1000,800101,0.0067358040032559074,gm_battery,none,0.0
2-2-8,none,mixture,0.2,1000,800101,0.0067358040032559074,gtest,none,144.25107741836752
2-2-8,none,mixture,0.2,1000,800102,0.023815651002223603,kl_plugin,none,0.0
2-2-8,none,mixture,0.2,1000,800102,0.023815651002223603,kl_split,none,1.5349755468867463
2-2-8,none,mixture,0.2,1000,800102,0.023815651002223603,kl_crossfit,none,0.8260394789782737
2-2-8,none,mixture,0.2,1000,800102,0.023815651002223603,cf1_margin,none,0.0
2-2-8,none,mixture,0.2,1000,800102,0.023815651002223603,slack_plugin,none,0.0
2-2-8,none,mixture,0.2,1000,800102,0.023815651002223603,gm_battery,none,0.0
2-2-8,none,mixture,0.2,1000,800102,0.023815651002223603,gtest,none,137.5780738539297
2-2-8,none,mixture,0.2,1000,800103,0.04927921399939805,kl_plugin,none,0.0
2-2-8,none,mixture,0.2,1000,800103,0.04927921399939805,kl_split,none,0.08487015455475327
2-2-8,none,mixture,0.2,1000,800103,0.04927921399939805,kl_crossfit,none,0.08551078361391161
2-2-8,none,mixture,0.2,1000,800103,0.04927921399939805,cf1_margin,none,0.0
2-2-8,none,mixture,0.2,1000,800103,0.04927921399939805,slack_plugin,none,0.0
2-2-8,none,mixture,0.2,1000,800103,0.04927921399939805,gm_battery,none,0.0
2-2-8,none,mixture,0.2,1000,800103,0.04927921399939805,gtest,none,176.72794145871484
2-2-8,none,mixture,0.2,1000,800104,0.010180343997490127,kl_plugin,none,2.930465791941077e-17
2-2-8,none,mixture,0.2,1000,800104,0.010180343997490127,kl_split,none,0.09834280011949617
2-2-8,none,mixture,0.2,1000,800104,0.010180343997490127,kl_crossfit,none,0.09743601083921398
2-2-8,none,mixture,0.2,1000,800104,0.010180343997490127,cf1_margin,none,2.220446049250313e-16
2-2-8,none,mixture,0.2,1000,800104,0.010180343997490127,slack_plugin,none,0.0
2-2-8,none,mixture,0.2,1000,800104,0.010180343997490127,gm_battery,none,0.0
2-2-8,none,mixture,0.2,1000,800104,0.010180343997490127,gtest,none,151.5026147581922
2-2-8,none,mixture,0.2,1000,800105,0.008398475998546928,kl_plugin,none,2.942248245462348e-16
2-2-8,none,mixture,0.2,1000,800105,0.008398475998546928,kl_split,none,0.1450523349898613
2-2-8,none,mixture,0.2,1000,800105,0.008398475998546928,kl_crossfit,none,0.151856049489832
2-2-8,none,mixture,0.2,1000,800105,0.008398475998546928,cf1_margin,none,0.0
2-2-8,none,mixture,0.2,1000,800105,0.008398475998546928,slack_plugin,none,0.0
2-2-8,none,mixture,0.2,1000,800105,0.008398475998546928,gm_battery,none,0.0
2-2-8,none,mixture,0.2,1000,800105,0.008398475998546928,gtest,none,169.0763075646789
2-2-8,none,mixture,0.2,1000,800106,0.007208238996099681,kl_plugin,none,1.2835358484666511e-16
2-2-8,none,mixture,0.2,1000,800106,0.007208238996099681,kl_split,none,0.12946965539458505
2-2-8,none,mixture,0.2,1000,800106,0.007208238996099681,kl_crossfit,none,0.1392166805079416
2-2-8,none,mixture,0.2,1000,800106,0.007208238996099681,cf1_margin,none,0.0
2-2-8,none,mixture,0.2,1000,800106,0.007208238996099681,slack_plugin,none,0.0
2-2-8,none,mixture,0.2,1000,800106,0.007208238996099681,gm_battery,none,0.0
2-2-8,none,mixture,0.2,1000,800106,0.007208238996099681,gtest,none,136.42315942024683
2-2-8,none,mixture,0.2,1000,800107,0.007025225997494999,kl_plugin,none,0.0
2-2-8,none,mixture,0.2,1000,800107,0.007025225997494999,kl_split,none,0.1464220029743689
2-2-8,none,mixture,0.2,1000,800107,0.007025225997494999,kl_crossfit,none,0.12245771938311574
2-2-8,none,mixture,0.2,1000,800107,0.007025225997494999,cf1_margin,none,0.0
2-2-8,none,mixture,0.2,1000,800107,0.007025225997494999,slack_plugin,none,0.0
2-2-8,none,mixture,0.2,1000,800107,0.007025225997494999,gm_battery,none,0.0
2-2-8,none,mixture,0.2,1000,800107,0.007025225997494999,gtest,none,126.75577800579988
2-2-8,none,mixture,0.2,1000,800108,0.02061492099892348,kl_plugin,none,8.664392777288104e-17
2-2-8,none,mixture,0.2,1000,800108,0.02061492099892348,kl_split,none,0.14084646664360007
2-2-8,none,mixture,0.2,1000,800108,0.02061492099892348,kl_crossfit,none,0.1466039026989063
2-2-8,none,mixture,0.2,1000,800108,0.02061492099892348,cf1_margin,none,1.1102230246251565e-16
2-2-8,none,mixture,0.2,1000,800108,0.02061492099892348,slack_plugin,none,0.0
2-2-8,none,mixture,0.2,1000,800108,0.02061492099892348,gm_battery,none,0.0
2-2-8,none,mixture,0.2,1000,800108,0.02061492099892348,gtest,none,157.24926749974037
2-2-8,none,mixture,0.2,1000,800109,0.011199136002687737,kl_plugin,none,0.0
2-2-8,none,mixture,0.2,1000,800109,0.011199136002687737,kl_split,none,0.1219398759814047
2-2-8,none,mixture,0.2,1000,800109,0.011199136002687737,kl_crossfit,none,0.12775241986200453
2-2-8,none,mixture,0.2,1000,800109,0.011199136002687737,cf1_margin,none,0.0
2-2-8,none,mixture,0.2,1000,800109,0.011199136002687737,slack_plugin,none,0.0
2-2-8,none,mixture,0.2,1000,800109,0.011199136002687737,gm_battery,none,0.0
2-2-8,none,mixture,0.2,1000,800109,0.011199136002687737,gtest,none,143.24609154927646
2-2-8,none,mixture,0.2,1000,800110,0.007244355998409446,kl_plugin,none,0.0
2-2-8,none,mixture,0.2,1000,800110,0.007244355998409446,kl_split,none,0.11961695639669688
2-2-8,none,mixture,0.2,1000,800110,0.007244355998409446,kl_crossfit,none,1.1068904038863607
2-2-8,none,mixture,0.2,1000,800110,0.007244355998409446,cf1_margin,none,0.0
2-2-8,none,mixture,0.2,1000,800110,0.007244355998409446,slack_plugin,none,0.0
2-2-8,none,mixture,0.2,1000,800110,0.007244355998409446,gm_battery,none,0.0
2-2-8,none,mixture,0.2,1000,800110,0.007244355998409446,gtest,none,117.26298464841112
2-2-8,none,mixture,0.2,1000,800111,0.008510616004059557,kl_plugin,none,0.0
2-2-8,none,mixture,0.2,1000,800111,0.008510616004059557,kl_split,none,0.09933689280778017
2-2-8,none,mixture,0.2,1000,800111,0.008510616004059557,kl_crossfit,none,0.11159246196663447
2-2-8,none,mixture,0.2,1000,800111,0.008510616004059557,cf1_margin,none,0.0
2-2-8,none,mixture,0.2,1000,800111,0.008510616004059557,slack_plugin,none,0.0
2-2-8,none,mixture,0.2,1000,800111,0.008510616004059557,gm_battery,none,0.0
2-2-8,none,mixture,0.2,1000,800111,0.008510616004059557,gtest,none,132.7554539227743
2-2-8,none,mixture,0.2,1000,800112,0.007586615000036545,kl_plugin,none,0.0
2-2-8,none,mixture,0.2,1000,800112,0.007586615000036545,kl_split,none,1.365458501568429
2-2-8,none,mixture,0.2,1000,800112,0.007586615000036545,kl_crossfit,none,0.7452419508745558
2-2-8,none,mixture,0.2,1000,800112,0.007586615000036545,cf1_margin,none,0.0
2-2-8,none,mixture,0.2,1000,800112,0.007586615000036545,slack_plugin,none,0.0
2-2-8,none,mixture,0.2,1000,800112,0.007586615000036545,gm_battery,none,0.0
2-2-8,none,mixture,0.2,1000,800112,0.007586615000036545,gtest,none,123.63866728565321
2-2-8,none,mixture,0.2,1000,800113,0.00684306299808668,kl_plugin,none,0.0
2-2-8,none,mixture,0.2,1000,800113,0.00684306299808668,kl_split,none,0.09002622164681488
2-2-8,none,mixture,0.2,1000,800113,0.00684306299808668,kl_crossfit,none,0.08813100969142057
2-2-8,none,mixture,0.2,1000,800113,0.00684306299808668,cf1_margin,none,0.0
2-2-8,none,mixture,0.2,1000,800113,0.00684306299808668,slack_plugin,none,0.0
2-2-8,none,mixture,0.2,1000,800113,0.00684306299808668,gm_battery,none,0.0
2-2-8,none,mixture,0.2,1000,800113,0.00684306299808668,gtest,none,142.3248228383864
2-2-8,none,mixture,0.2,1000,800114,0.006634271994698793,kl_plugin,none,1.4114992169642442e-17
2-2-8,none,mixture,0.2,1000,800114,0.006634271994698793,kl_split,none,0.07372679274255237
2-2-8,none,mixture,0.2,1000,800114,0.006634271994698793,kl_crossfit,none,0.07368197572127869
2-2-8,none,mixture,0.2,1000,800114,0.006634271994698793,cf1_margin,none,0.0
2-2-8,none,mixture,0.2,1000,800114,0.006634271994698793,slack_plugin,none,0.0
2-2-8,none,mixture,0.2,1000,800114,0.006634271994698793,gm_battery,none,0.0
2-2-8,none,mixture,0.2,1000,800114,0.006634271994698793,gtest,none,130.122627220239
2-2-8,none,mixture,0.2,1000,800115,0.006398536999768112,kl_plugin,none,0.0
2-2-8,none,mixture,0.2,1000,800115,0.006398536999768112,kl_split,none,0.11979210158126198
2-2-8,none,mixture,0.2,1000,800115,0.006398536999768112,kl_crossfit,none,0.10675524334262981
2-2-8,none,mixture,0.2,1000,800115,0.006398536999768112,cf1_margin,none,0.0
2-2-8,none,mixture,0.2,1000,800115,0.006398536999768112,slack_plugin,none,0.0
2-2-8,none,mixture,0.2,1000,800115,0.006398536999768112,gm_battery,none,0.0
2-2-8,none,mixture,0.2,1000,800115,0.006398536999768112,gtest,none,143.9319689658554
2-2-8,none,mixture,0.2,1000,800116,0.00664982099988265,kl_plugin,none,3.3738100620656807e-17
2-2-8,none,mixture,0.2,1000,800116,0.00664982099988265,kl_split,none,0.10167166490870215
2-2-8,none,mixture,0.2,1000,800116,0.00664982099988265,kl_crossfit,none,0.10849847180010277
2-2-8,none,mixture,0.2,1000,800116,0.00664982099988265,cf1_margin,none,1.1102230246251565e-16
2-2-8,none,mixture,0.2,1000,800116,0.00664982099988265,slack_plugin,none,0.0
2-2-8,none,mixture,0.2,1000,800116,0.00664982099988265,gm_battery,none,0.0
2-2-8,none,mixture,0.2,1000,800116,0.00664982099988265,gtest,none,175.48782322358772
2-2-8,none,mixture,0.2,1000,800117,0.007890211993071716,kl_plugin,none,0.0
2-2-8,none,mixture,0.2,1000,800117,0.007890211993071716,kl_split,none,0.08269135670014775
2-2-8,none,mixture,0.2,1000,800117,0.007890211993071716,kl_crossfit,none,0.08696848213161087
2-2-8,none,mixture,0.2,1000,800117,0.007890211993071716,cf1_margin,none,2.220446049250313e-16
2-2-8,none,mixture,0.2,1000,800117,0.007890211993071716,slack_plugin,none,0.0
2-2-8,none,mixture,0.2,1000,800117,0.007890211993071716,gm_battery,none,0.0
2-2-8,none,mixture,0.2,1000,800117,0.007890211993071716,gtest,none,145.0819580747372
2-2-8,none,mixture,0.2,1000,800118,0.009185794995573815,kl_plugin,none,6.463195102905571e-17
2-2-8,none,mixture,0.2,1000,800118,0.009185794995573815,kl_split,none,1.0714837940496036
2-2-8,none,mixture,0.2,1000,800118,0.009185794995573815,kl_crossfit,none,0.5915641363006062
2-2-8,none,mixture,0.2,1000,800118,0.009185794995573815,cf1_margin,none,1.1102230246251565e-16
2-2-8,none,mixture,0.2,1000,800118,0.009185794995573815,slack_plugin,none,0.0
2-2-8,none,mixture,0.2,1000,800118,0.009185794995573815,gm_battery,none,0.0
2-2-8,none,mixture,0.2,1000,800118,0.009185794995573815,gtest,none,180.98186793767718
2-2-8,none,mixture,0.2,1000,800119,0.008198725998227019,kl_plugin,none,0.0
2-2-8,none,mixture,0.2,1000,800119,0.008198725998227019,kl_split,none,0.07785257266097581
2-2-8,none,mixture,0.2,1000,800119,0.008198725998227019,kl_crossfit,none,0.07540902556802562
2-2-8,none,mixture,0.2,1000,800119,0.008198725998227019,cf1_margin,none,1.1102230246251565e-16
2-2-8,none,mixture,0.2,1000,800119,0.008198725998227019,slack_plugin,none,0.0
2-2-8,none,mixture,0.2,1000,800119,0.008198725998227019,gm_battery,none,0.0
2-2-8,none,mixture,0.2,1000,800119,0.008198725998227019,gtest,none,157.71744560905665
2-2-8,none,mixture,0.2,1000,800120,0.011302735001663677,kl_plugin,none,1.493289704775107e-16
2-2-8,none,mixture,0.2,1000,800120,0.011302735001663677,kl_split,none,0.13539831416405176
2-2-8,none,mixture,0.2,1000,800120,0.011302735001663677,kl_crossfit,none,0.13415745271393534
2-2-8,none,mixture,0.2,1000,800120,0.011302735001663677,cf1_margin,none,1.1102230246251565e-16
2-2-8,none,mixture,0.2,1000,800120,0.011302735001663677,slack_plugin,none,0.0
2-2-8,none,mixture,0.2,1000,800120,0.011302735001663677,gm_battery,none,0.0
2-2-8,none,mixture,0.2,1000,800120,0.011302735001663677,gtest,none,164.01638197593593
2-2-8,none,mixture,0.2,1000,800121,0.009565127998939715,kl_plugin,none,0.0
2-2-8,none,mixture,0.2,1000,800121,0.009565127998939715,kl_split,none,0.11876450004631309
2-2-8,none,mixture,0.2,1000,800121,0.009565127998939715,kl_crossfit,none,0.13017008489844845
2-2-8,none,mixture,0.2,1000,800121,0.009565127998939715,cf1_margin,none,0.0
2-2-8,none,mixture,0.2,1000,800121,0.009565127998939715,slack_plugin,none,0.0
2-2-8,none,mixture,0.2,1000,800121,0.009565127998939715,gm_battery,none,0.0
2-2-8,none,mixture,0.2,1000,800121,0.009565127998939715,gtest,none,163.8058563850214
2-2-8,none,mixture,0.2,1000,800122,0.010911582001426723,kl_plugin,none,2.7520720744977963e-16
2-2-8,none,mixture,0.2,1000,800122,0.010911582001426723,kl_split,none,0.10961713009273
2-2-8,none,mixture,0.2,1000,800122,0.010911582001426723,kl_crossfit,none,1.253230497667166
2-2-8,none,mixture,0.2,1000,800122,0.010911582001426723,cf1_margin,none,0.0
2-2-8,none,mixture,0.2,1000,800122,0.010911582001426723,slack_plugin,none,0.0
2-2-8,none,mixture,0.2,1000,800122,0.010911582001426723,gm_battery,none,0.0
2-2-8,none,mixture,0.2,1000,800122,0.010911582001426723,gtest,none,145.4083826867515
2-2-8,none,mixture,0.2,1000,800123,0.010119973005203065,kl_plugin,none,0.0
2-2-8,none,mixture,0.2,1000,800123,0.010119973005203065,kl_split,none,0.0855713658669808
2-2-8,none,mixture,0.2,1000,800123,0.010119973005203065,kl_crossfit,none,0.08341975995257303
2-2-8,none,mixture,0.2,1000,800123,0.010119973005203065,cf1_margin,none,0.0
2-2-8,none,mixture,0.2,1000,800123,0.010119973005203065,slack_plugin,none,0.0
2-2-8,none,mixture,0.2,1000,800123,0.010119973005203065,gm_battery,none,0.0
2-2-8,none,mixture,0.2,1000,800123,0.010119973005203065,gtest,none,186.15711915851784
2-2-8,none,mixture,0.2,1000,800124,0.010177142998145428,kl_plugin,none,0.0
2-2-8,none,mixture,0.2,1000,800124,0.010177142998145428,kl_split,none,0.10398465369332868
2-2-8,none,mixture,0.2,1000,800124,0.010177142998145428,kl_crossfit,none,0.10704963540308116
2-2-8,none,mixture,0.2,1000,800124,0.010177142998145428,cf1_margin,none,0.0
2-2-8,none,mixture,0.2,1000,800124,0.010177142998145428,slack_plugin,none,0.0
2-2-8,none,mixture,0.2,1000,800124,0.010177142998145428,gm_battery,none,0.0
2-2-8,none,mixture,0.2,1000,800124,0.010177142998145428,gtest,none,129.33560367260316
2-2-8,none,mixture,0.2,1000,800125,0.010623854999721516,kl_plugin,none,0.0
2-2-8,none,mixture,0.2,1000,800125,0.010623854999721516,kl_split,none,0.09752178782837345
2-2-8,none,mixture,0.2,1000,800125,0.010623854999721516,kl_crossfit,none,0.09923576383823349
2-2-8,none,mixture,0.2,1000,800125,0.010623854999721516,cf1_margin,none,0.0
2-2-8,none,mixture,0.2,1000,800125,0.010623854999721516,slack_plugin,none,0.0
2-2-8,none,mixture,0.2,1000,800125,0.010623854999721516,gm_battery,none,0.0
2-2-8,none,mixture,0.2,1000,800125,0.010623854999721516,gtest,none,160.566696751003
2-2-8,none,mixture,0.2,1000,800126,0.009049701002368238,kl_plugin,none,0.0
2-2-8,none,mixture,0.2,1000,800126,0.009049701002368238,kl_split,none,1.801167802440569
2-2-8,none,mixture,0.2,1000,800126,0.009049701002368238,kl_crossfit,none,0.9521209617467787
2-2-8,none,mixture,0.2,1000,800126,0.009049701002368238,cf1_margin,none,2.220446049250313e-16
2-2-8,none,mixture,0.2,1000,800126,0.009049701002368238,slack_plugin,none,0.0
2-2-8,none,mixture,0.2,1000,800126,0.009049701002368238,gm_battery,none,0.0
2-2-8,none,mixture,0.2,1000,800126,0.009049701002368238,gtest,none,146.1778188611894
2-2-8,none,mixture,0.2,1000,800127,0.0073673579972819425,kl_plugin,none,0.0
2-2-8,none,mixture,0.2,1000,800127,0.0073673579972819425,kl_split,none,0.15455659564763477
2-2-8,none,mixture,0.2,1000,800127,0.0073673579972819425,kl_crossfit,none,0.1384184709638301
2-2-8,none,mixture,0.2,1000,800127,0.0073673579972819425,cf1_margin,none,0.0
2-2-8,none,mixture,0.2,1000,800127,0.0073673579972819425,slack_plugin,none,0.0
2-2-8,none,mixture,0.2,1000,800127,0.0073673579972819425,gm_battery,none,0.0
2-2-8,none,mixture,0.2,1000,800127,0.0073673579972819425,gtest,none,149.18882739749512
2-2-8,none,mixture,0.2,1000,800128,0.009349335996375885,kl_plugin,none,0.0
2-2-8,none,mixture,0.2,1000,800128,0.009349335996375885,kl_split,none,0.15335240673099534
2-2-8,none,mixture,0.2,1000,800128,0.009349335996375885,kl_crossfit,none,0.15513634523145337
2-2-8,none,mixture,0.2,1000,800128,0.009349335996375885,cf1_margin,none,0.0
2-2-8,none,mixture,0.2,1000,800128,0.009349335996375885,slack_plugin,none,0.0
2-2-8,none,mixture,0.2,1000,800128,0.009349335996375885,gm_battery,none,0.0
2-2-8,none,mixture,0.2,1000,800128,0.009349335996375885,gtest,none,149.46304693115587
2-2-8,none,mixture,0.2,1000,800129,0.007997999993676785,kl_plugin,none,5.4120595770273046e-17
2-2-8,none,mixture,0.2,1000,800129,0.007997999993676785,kl_split,none,0.14309406537851996
2-2-8,none,mixture,0.2,1000,800129,0.007997999993676785,kl_crossfit,none,0.13336200476017193
2-2-8,none,mixture,0.2,1000,800129,0.007997999993676785,cf1_margin,none,0.0
2-2-8,none,mixture,0.2,1000,800129,0.007997999993676785,slack_plugin,none,0.0
2-2-8,none,mixture,0.2,1000,800129,0.007997999993676785,gm_battery,none,0.0
2-2-8,none,mixture,0.2,1000,800129,0.007997999993676785,gtest,none,154.20534575528197
2-2-8,none,mixture,0.2,1000,800130,0.007572520000394434,kl_plugin,none,0.0
2-2-8,none,mixture,0.2,1000,800130,0.007572520000394434,kl_split,none,0.08603710863535423
2-2-8,none,mixture,0.2,1000,800130,0.007572520000394434,kl_crossfit,none,0.0861138216053803
2-2-8,none,mixture,0.2,1000,800130,0.007572520000394434,cf1_margin,none,0.0
2-2-8,none,mixture,0.2,1000,800130,0.007572520000394434,slack_plugin,none,0.0
2-2-8,none,mixture,0.2,1000,800130,0.007572520000394434,gm_battery,none,0.0
2-2-8,none,mixture,0.2,1000,800130,0.007572520000394434,gtest,none,148.78876621161385
2-2-8,none,mixture,0.2,1000,800131,0.009594475995982066,kl_plugin,none,0.0
2-2-8,none,mixture,0.2,1000,800131,0.009594475995982066,kl_split,none,0.07527553168088452
2-2-8,none,mixture,0.2,1000,800131,0.009594475995982066,kl_crossfit,none,0.07389838718290015
2-2-8,none,mixture,0.2,1000,800131,0.009594475995982066,cf1_margin,none,0.0
2-2-8,none,mixture,0.2,1000,800131,0.009594475995982066,slack_plugin,none,0.0
2-2-8,none,mixture,0.2,1000,800131,0.009594475995982066,gm_battery,none,0.0
2-2-8,none,mixture,0.2,1000,800131,0.009594475995982066,gtest,none,161.37526928677235
2-2-8,none,mixture,0.2,1000,800132,0.011467476993857417,kl_plugin,none,7.07593687870101e-17
2-2-8,none,mixture,0.2,1000,800132,0.011467476993857417,kl_split,none,0.13474117449998813
2-2-8,none,mixture,0.2,1000,800132,0.011467476993857417,kl_crossfit,none,0.1385601998172302
2-2-8,none,mixture,0.2,1000,800132,0.011467476993857417,cf1_margin,none,0.0
2-2-8,none,mixture,0.2,1000,800132,0.011467476993857417,slack_plugin,none,0.0
2-2-8,none,mixture,0.2,1000,800132,0.011467476993857417,gm_battery,none,0.0
2-2-8,none,mixture,0.2,1000,800132,0.011467476993857417,gtest,none,146.41748944400854
2-2-8,none,mixture,0.2,1000,800133,0.007931515996460803,kl_plugin,none,0.0
2-2-8,none,mixture,0.2,1000,800133,0.007931515996460803,kl_split,none,0.15056410199780887
2-2-8,none,mixture,0.2,1000,800133,0.007931515996460803,kl_crossfit,none,1.123218442907968
2-2-8,none,mixture,0.2,1000,800133,0.007931515996460803,cf1_margin,none,2.220446049250313e-16
2-2-8,none,mixture,0.2,1000,800133,0.007931515996460803,slack_plugin,none,0.0
2-2-8,none,mixture,0.2,1000,800133,0.007931515996460803,gm_battery,none,0.0
2-2-8,none,mixture,0.2,1000,800133,0.007931515996460803,gtest,none,122.7761807099219
2-2-8,none,mixture,0.2,1000,800134,0.013413419997959863,kl_plugin,none,9.472586222648794e-17
2-2-8,none,mixture,0.2,1000,800134,0.013413419997959863,kl_split,none,0.12812690954674968
2-2-8,none,mixture,0.2,1000,800134,0.013413419997959863,kl_crossfit,none,0.14517351150900515
2-2-8,none,mixture,0.2,1000,800134,0.013413419997959863,cf1_margin,none,1.1102230246251565e-16
2-2-8,none,mixture,0.2,1000,800134,0.013413419997959863,slack_plugin,none,0.0
2-2-8,none,mixture,0.2,1000,800134,0.013413419997959863,gm_battery,none,0.0
2-2-8,none,mixture,0.2,1000,800134,0.013413419997959863,gtest,none,161.5643233929167
2-2-8,none,mixture,0.2,1000,800135,0.010225981000985485,kl_plugin,none,0.0
2-2-8,none,mixture,0.2,1000,800135,0.010225981000985485,kl_split,none,0.08649354046544265
2-2-8,none,mixture,0.2,1000,800135,0.010225981000985485,kl_crossfit,none,0.08765017845127102
2-2-8,none,mixture,0.2,1000,800135,0.010225981000985485,cf1_margin,none,0.0
2-2-8,none,mixture,0.2,1000,800135,0.010225981000985485,slack_plugin,none,0.0
2-2-8,none,mixture,0.2,1000,800135,0.010225981000985485,gm_battery,none,0.0
2-2-8,none,mixture,0.2,1000,800135,0.010225981000985485,gtest,none,143.60489263439436
2-2-8,none,mixture,0.2,1000,800136,0.007728076998319011,kl_plugin,none,3.250761225639053e-17
2-2-8,none,mixture,0.2,1000,800136,0.007728076998319011,kl_split,none,0.13463025776494375
2-2-8,none,mixture,0.2,1000,800136,0.007728076998319011,kl_crossfit,none,0.1445999383323816
2-2-8,none,mixture,0.2,1000,800136,0.007728076998319011,cf1_margin,none,2.220446049250313e-16
2-2-8,none,mixture,0.2,1000,800136,0.007728076998319011,slack_plugin,none,0.0
2-2-8,none,mixture,0.2,1000,800136,0.007728076998319011,gm_battery,none,0.0
2-2-8,none,mixture,0.2,1000,800136,0.007728076998319011,gtest,none,175.94776510939843
2-2-8,none,mixture,0.2,1000,800137,0.010316473002603743,kl_plugin,none,1.2034959615330335e-17
2-2-8,none,mixture,0.2,1000,800137,0.010316473002603743,kl_split,none,0.11549875389907377
2-2-8,none,mixture,0.2,1000,800137,0.010316473002603743,kl_crossfit,none,0.12142827397428148
2-2-8,none,mixture,0.2,1000,800137,0.010316473002603743,cf1_margin,none,0.0
2-2-8,none,mixture,0.2,1000,800137,0.010316473002603743,slack_plugin,none,0.0
2-2-8,none,mixture,0.2,1000,800137,0.010316473002603743,gm_battery,none,0.0
2-2-8,none,mixture,0.2,1000,800137,0.010316473002603743,gtest,none,181.30931159693807
2-2-8,none,mixture,0.2,1000,800138,0.011406723999243695,kl_plugin,none,1.9801219753492942e-16
2-2-8,none,mixture,0.2,1000,800138,0.011406723999243695,kl_split,none,0.10632959905764905
2-2-8,none,mixture,0.2,1000,800138,0.011406723999243695,kl_crossfit,none,0.10528619068287293
2-2-8,none,mixture,0.2,1000,800138,0.011406723999243695,cf1_margin,none,1.1102230246251565e-16
2-2-8,none,mixture,0.2,1000,800138,0.011406723999243695,slack_plugin,none,0.0
2-2-8,none,mixture,0.2,1000,800138,0.011406723999243695,gm_battery,none,0.0
2-2-8,none,mixture,0.2,1000,800138,0.011406723999243695,gtest,none,117.0072969867248
2-2-8,none,mixture,0.2,1000,800139,0.007581921003293246,kl_plugin,none,0.0
2-2-8,none,mixture,0.2,1000,800139,0.007581921003293246,kl_split,none,0.0794113716005314
2-2-8,none,mixture,0.2,1000,800139,0.007581921003293246,kl_crossfit,none,0.08063542595046438
2-2-8,none,mixture,0.2,1000,800139,0.007581921003293246,cf1_margin,none,0.0
2-2-8,none,mixture,0.2,1000,800139,0.007581921003293246,slack_plugin,none,0.0
2-2-8,none,mixture,0.2,1000,800139,0.007581921003293246,gm_battery,none,0.0
2-2-8,none,mixture,0.2,1000,800139,0.007581921003293246,gtest,none,134.28315720873783
2-2-8,none,mixture,0.2,1000,800140,0.0068463559946394525,kl_plugin,none,0.0
2-2-8,none,mixture,0.2,1000,800140,0.0068463559946394525,kl_split,none,0.14262864084125762
2-2-8,none,mixture,0.2,1000,800140,0.0068463559946394525,kl_crossfit,none,0.13477801842859832
2-2-8,none,mixture,0.2,1000,800140,0.0068463559946394525,cf1_margin,none,2.220446049250313e-16
2-2-8,none,mixture,0.2,1000,800140,0.0068463559946394525,slack_plugin,none,0.0
2-2-8,none,mixture,0.2,1000,800140,0.0068463559946394525,gm_battery,none,0.0
2-2-8,none,mixture,0.2,1000,800140,0.0068463559946394525,gtest,none,112.28153010522266
2-2-8,none,mixture,0.2,1000,800141,0.007808465998095926,kl_plugin,none,0.0
2-2-8,none,mixture,0.2,1000,800141,0.007808465998095926,kl_split,none,0.11059687935226606
2-2-8,none,mixture,0.2,1000,800141,0.007808465998095926,kl_crossfit,none,0.10677497192843127
2-2-8,none,mixture,0.2,1000,800141,0.007808465998095926,cf1_margin,none,0.0
2-2-8,none,mixture,0.2,1000,800141,0.007808465998095926,slack_plugin,none,0.0
2-2-8,none,mixture,0.2,1000,800141,0.007808465998095926,gm_battery,none,0.0
2-2-8,none,mixture,0.2,1000,800141,0.007808465998095926,gtest,none,144.3368521671063
2-2-8,none,mixture,0.2,1000,800142,0.006796608999138698,kl_plugin,none,0.0
2-2-8,none,mixture,0.2,1000,800142,0.006796608999138698,kl_split,none,0.0918870930108737
2-2-8,none,mixture,0.2,1000,800142,0.006796608999138698,kl_crossfit,none,0.08906394050487831
2-2-8,none,mixture,0.2,1000,800142,0.006796608999138698,cf1_margin,none,0.0
2-2-8,none,mixture,0.2,1000,800142,0.006796608999138698,slack_plugin,none,0.0
2-2-8,none,mixture,0.2,1000,800142,0.006796608999138698,gm_battery,none,0.0
2-2-8,none,mixture,0.2,1000,800142,0.006796608999138698,gtest,none,159.5218160992692
2-2-8,none,mixture,0.2,1000,800143,0.006646308000199497,kl_plugin,none,1.649906836706773e-18
2-2-8,none,mixture,0.2,1000,800143,0.006646308000199497,kl_split,none,0.08771438754199154
2-2-8,none,mixture,0.2,1000,800143,0.006646308000199497,kl_crossfit,none,0.09395207624638247
2-2-8,none,mixture,0.2,1000,800143,0.006646308000199497,cf1_margin,none,1.1102230246251565e-16
2-2-8,none,mixture,0.2,1000,800143,0.006646308000199497,slack_plugin,none,0.0
2-2-8,none,mixture,0.2,1000,800143,0.006646308000199497,gm_battery,none,0.0
2-2-8,none,mixture,0.2,1000,800143,0.006646308000199497,gtest,none,115.02546849278761
2-2-8,none,mixture,0.2,1000,800144,0.010165772997424938,kl_plugin,none,1.5763528912567469e-16
2-2-8,none,mixture,0.2,1000,800144,0.010165772997424938,kl_split,none,0.12455765632338406
2-2-8,none,mixture,0.2,1000,800144,0.010165772997424938,kl_crossfit,none,0.11993381217202
2-2-8,none,mixture,0.2,1000,800144,0.010165772997424938,cf1_margin,none,0.0
2-2-8,none,mixture,0.2,1000,800144,0.010165772997424938,slack_plugin,none,0.0
2-2-8,none,mixture,0.2,1000,800144,0.010165772997424938,gm_battery,none,0.0
2-2-8,none,mixture,0.2,1000,800144,0.010165772997424938,gtest,none,184.60494300085958
2-2-8,none,mixture,0.2,1000,800145,0.00881424800172681,kl_plugin,none,1.0756590585063289e-16
2-2-8,none,mixture,0.2,1000,800145,0.00881424800172681,kl_split,none,0.12684597812951676
2-2-8,none,mixture,0.2,1000,800145,0.00881424800172681,kl_crossfit,none,0.11678751533292461
2-2-8,none,mixture,0.2,1000,800145,0.00881424800172681,cf1_margin,none,1.1102230246251565e-16
2-2-8,none,mixture,0.2,1000,800145,0.00881424800172681,slack_plugin,none,0.0
2-2-8,none,mixture,0.2,1000,800145,0.00881424800172681,gm_battery,none,0.0
2-2-8,none,mixture,0.2,1000,800145,0.00881424800172681,gtest,none,143.1905521401395
2-2-8,none,mixture,0.2,1000,800146,0.0074382260063430294,kl_plugin,none,0.0
2-2-8,none,mixture,0.2,1000,800146,0.0074382260063430294,kl_split,none,0.14051554817017914
2-2-8,none,mixture,0.2,1000,800146,0.0074382260063430294,kl_crossfit,none,0.14076942232939926
2-2-8,none,mixture,0.2,1000,800146,0.0074382260063430294,cf1_margin,none,0.0
2-2-8,none,mixture,0.2,1000,800146,0.0074382260063430294,slack_plugin,none,0.0
2-2-8,none,mixture,0.2,1000,800146,0.0074382260063430294,gm_battery,none,0.0
2-2-8,none,mixture,0.2,1000,800146,0.0074382260063430294,gtest,none,177.8042298366813
2-2-8,none,mixture,0.2,1000,800147,0.006557503998919856,kl_plugin,none,2.878350057177992e-16
2-2-8,none,mixture,0.2,1000,800147,0.006557503998919856,kl_split,none,0.18343032573587761
2-2-8,none,mixture,0.2,1000,800147,0.006557503998919856,kl_crossfit,none,0.18215899774131478
2-2-8,none,mixture,0.2,1000,800147,0.006557503998919856,cf1_margin,none,0.0
2-2-8,none,mixture,0.2,1000,800147,0.006557503998919856,slack_plugin,none,0.0
2-2-8,none,mixture,0.2,1000,800147,0.006557503998919856,gm_battery,none,0.0
2-2-8,none,mixture,0.2,1000,800147,0.006557503998919856,gtest,none,202.2880776226163
2-2-8,none,mixture,0.2,1000,800148,0.006359341001370922,kl_plugin,none,0.0
2-2-8,none,mixture,0.2,1000,800148,0.006359341001370922,kl_split,none,0.14432775117449959
2-2-8,none,mixture,0.2,1000,800148,0.006359341001370922,kl_crossfit,none,0.1403843601714276
2-2-8,none,mixture,0.2,1000,800148,0.006359341001370922,cf1_margin,none,0.0
2-2-8,none,mixture,0.2,1000,800148,0.006359341001370922,slack_plugin,none,0.0
2-2-8,none,mixture,0.2,1000,800148,0.006359341001370922,gm_battery,none,0.0
2-2-8,none,mixture,0.2,1000,800148,0.006359341001370922,gtest,none,209.0972258435885
2-2-8,none,mixture,0.2,1000,800149,0.007285765001142863,kl_plugin,none,0.0
2-2-8,none,mixture,0.2,1000,800149,0.007285765001142863,kl_split,none,1.1798471892073246
2-2-8,none,mixture,0.2,1000,800149,0.007285765001142863,kl_crossfit,none,0.6677474724964727
2-2-8,none,mixture,0.2,1000,800149,0.007285765001142863,cf1_margin,none,0.0
2-2-8,none,mixture,0.2,1000,800149,0.007285765001142863,slack_plugin,none,0.0
2-2-8,none,mixture,0.2,1000,800149,0.007285765001142863,gm_battery,none,0.0
2-2-8,none,mixture,0.2,1000,800149,0.007285765001142863,gtest,none,128.05899176517678
2-2-8,none,mixture,0.2,1000,800150,0.006845609001175035,kl_plugin,none,2.4344336976800947e-16
2-2-8,none,mixture,0.2,1000,800150,0.006845609001175035,kl_split,none,0.12280227735824356
2-2-8,none,mixture,0.2,1000,800150,0.006845609001175035,kl_crossfit,none,0.9085182221989218
2-2-8,none,mixture,0.2,1000,800150,0.006845609001175035,cf1_margin,none,2.220446049250313e-16
2-2-8,none,mixture,0.2,1000,800150,0.006845609001175035,slack_plugin,none,0.0
2-2-8,none,mixture,0.2,1000,800150,0.006845609001175035,gm_battery,none,0.0
2-2-8,none,mixture,0.2,1000,800150,0.006845609001175035,gtest,none,124.37689752889031
2-2-8,none,mixture,0.2,1000,800151,0.0067056440020678565,kl_plugin,none,0.0
2-2-8,none,mixture,0.2,1000,800151,0.0067056440020678565,kl_split,none,0.12313143757514387
2-2-8,none,mixture,0.2,1000,800151,0.0067056440020678565,kl_crossfit,none,0.12659126849649752
2-2-8,none,mixture,0.2,1000,800151,0.0067056440020678565,cf1_margin,none,0.0
2-2-8,none,mixture,0.2,1000,800151,0.0067056440020678565,slack_plugin,none,0.0
2-2-8,none,mixture,0.2,1000,800151,0.0067056440020678565,gm_battery,none,0.0
2-2-8,none,mixture,0.2,1000,800151,0.0067056440020678565,gtest,none,146.9199862086202
2-2-8,none,mixture,0.2,1000,800152,0.00637420699786162,kl_plugin,none,0.0
2-2-8,none,mixture,0.2,1000,800152,0.00637420699786162,kl_split,none,0.10428930365001006
2-2-8,none,mixture,0.2,1000,800152,0.00637420699786162,kl_crossfit,none,0.11823772982515834
2-2-8,none,mixture,0.2,1000,800152,0.00637420699786162,cf1_margin,none,1.1102230246251565e-16
2-2-8,none,mixture,0.2,1000,800152,0.00637420699786162,slack_plugin,none,0.0
2-2-8,none,mixture,0.2,1000,800152,0.00637420699786162,gm_battery,none,0.0
2-2-8,none,mixture,0.2,1000,800152,0.00637420699786162,gtest,none,174.33251090625686
2-2-8,none,mixture,0.2,1000,800153,0.006437005002226215,kl_plugin,none,1.1990408666173026e-17
2-2-8,none,mixture,0.2,1000,800153,0.006437005002226215,kl_split,none,0.09135671512716925
2-2-8,none,mixture,0.2,1000,800153,0.006437005002226215,kl_crossfit,none,0.09251511407149274
2-2-8,none,mixture,0.2,1000,800153,0.006437005002226215,cf1_margin,none,0.0
2-2-8,none,mixture,0.2,1000,800153,0.006437005002226215,slack_plugin,none,0.0
2-2-8,none,mixture,0.2,1000,800153,0.006437005002226215,gm_battery,none,0.0
2-2-8,none,mixture,0.2,1000,800153,0.006437005002226215,gtest,none,163.1635291577672
2-2-8,none,mixture,0.2,1000,800154,0.006558434994076379,kl_plugin,none,0.0
2-2-8,none,mixture,0.2,1000,800154,0.006558434994076379,kl_split,none,0.1294394815815291
2-2-8,none,mixture,0.2,1000,800154,0.006558434994076379,kl_crossfit,none,0.7492124743405634
2-2-8,none,mixture,0.2,1000,800154,0.006558434994076379,cf1_margin,none,1.1102230246251565e-16
2-2-8,none,mixture,0.2,1000,800154,0.006558434994076379,slack_plugin,none,0.0
2-2-8,none,mixture,0.2,1000,800154,0.006558434994076379,gm_battery,none,0.0
2-2-8,none,mixture,0.2,1000,800154,0.006558434994076379,gtest,none,165.28813504632564
2-2-8,none,mixture,0.2,1000,800155,0.0069654339968110435,kl_plugin,none,0.0
2-2-8,none,mixture,0.2,1000,800155,0.0069654339968110435,kl_split,none,0.1298758996249387
2-2-8,none,mixture,0.2,1000,800155,0.0069654339968110435,kl_crossfit,none,0.12841728194411248
2-2-8,none,mixture,0.2,1000,800155,0.0069654339968110435,cf1_margin,none,0.0
2-2-8,none,mixture,0.2,1000,800155,0.0069654339968110435,slack_plugin,none,0.0
2-2-8,none,mixture,0.2,1000,800155,0.0069654339968110435,gm_battery,none,0.0
2-2-8,none,mixture,0.2,1000,800155,0.0069654339968110435,gtest,none,160.1238410962395
2-2-8,none,mixture,0.2,1000,800156,0.00695705899852328,kl_plugin,none,2.242075356700823e-16
2-2-8,none,mixture,0.2,1000,800156,0.00695705899852328,kl_split,none,0.10131162298096794
2-2-8,none,mixture,0.2,1000,800156,0.00695705899852328,kl_crossfit,none,0.9852586487637829
2-2-8,none,mixture,0.2,1000,800156,0.00695705899852328,cf1_margin,none,0.0
2-2-8,none,mixture,0.2,1000,800156,0.00695705899852328,slack_plugin,none,0.0
2-2-8,none,mixture,0.2,1000,800156,0.00695705899852328,gm_battery,none,0.0
2-2-8,none,mixture,0.2,1000,800156,0.00695705899852328,gtest,none,136.4897500032497
2-2-8,none,mixture,0.2,1000,800157,0.008333165998919867,kl_plugin,none,0.0
2-2-8,none,mixture,0.2,1000,800157,0.008333165998919867,kl_split,none,0.13361707890369826
2-2-8,none,mixture,0.2,1000,800157,0.008333165998919867,kl_crossfit,none,0.14464968757065194
2-2-8,none,mixture,0.2,1000,800157,0.008333165998919867,cf1_margin,none,0.0
2-2-8,none,mixture,0.2,1000,800157,0.008333165998919867,slack_plugin,none,0.0
2-2-8,none,mixture,0.2,1000,800157,0.008333165998919867,gm_battery,none,0.0
2-2-8,none,mixture,0.2,1000,800157,0.008333165998919867,gtest,none,187.63628450038203
2-2-8,none,mixture,0.2,1000,800158,0.008209134997741785,kl_plugin,none,0.0
2-2-8,none,mixture,0.2,1000,800158,0.008209134997741785,kl_split,none,1.4976478050871878
2-2-8,none,mixture,0.2,1000,800158,0.008209134997741785,kl_crossfit,none,0.8046392237252787
2-2-8,none,mixture,0.2,1000,800158,0.008209134997741785,cf1_margin,none,0.0
2-2-8,none,mixture,0.2,1000,800158,0.008209134997741785,slack_plugin,none,0.0
2-2-8,none,mixture,0.2,1000,800158,0.008209134997741785,gm_battery,none,0.0
2-2-8,none,mixture,0.2,1000,800158,0.008209134997741785,gtest,none,183.25782873705924
2-2-8,none,mixture,0.2,1000,800159,0.007123875002434943,kl_plugin,none,0.0
2-2-8,none,mixture,0.2,1000,800159,0.007123875002434943,kl_split,none,0.12202409320998452
2-2-8,none,mixture,0.2,1000,800159,0.007123875002434943,kl_crossfit,none,0.1101217367980607
2-2-8,none,mixture,0.2,1000,800159,0.007123875002434943,cf1_margin,none,0.0
2-2-8,none,mixture,0.2,1000,800159,0.007123875002434943,slack_plugin,none,0.0
2-2-8,none,mixture,0.2,1000,800159,0.007123875002434943,gm_battery,none,0.0
2-2-8,none,mixture,0.2,1000,800159,0.007123875002434943,gtest,none,151.71435859303733
2-2-8,none,mixture,0.2,1000,800160,0.007099331000063103,kl_plugin,none,7.429744581275877e-17
2-2-8,none,mixture,0.2,1000,800160,0.007099331000063103,kl_split,none,0.14604555135325203
2-2-8,none,mixture,0.2,1000,800160,0.007099331000063103,kl_crossfit,none,0.135664587511085
2-2-8,none,mixture,0.2,1000,800160,0.007099331000063103,cf1_margin,none,0.0
2-2-8,none,mixture,0.2,1000,800160,0.007099331000063103,slack_plugin,none,0.0
2-2-8,none,mixture,0.2,1000,800160,0.007099331000063103,gm_battery,none,0.0
2-2-8,none,mixture,0.2,1000,800160,0.007099331000063103,gtest,none,126.72667926156998
2-2-8,none,mixture,0.2,1000,800161,0.006760282005416229,kl_plugin,none,1.0446386357646364e-16
2-2-8,none,mixture,0.2,1000,800161,0.006760282005416229,kl_split,none,0.7383522852498491
2-2-8,none,mixture,0.2,1000,800161,0.006760282005416229,kl_crossfit,none,0.4379338991174285
2-2-8,none,mixture,0.2,1000,800161,0.006760282005416229,cf1_margin,none,0.0
2-2-8,none,mixture,0.2,1000,800161,0.006760282005416229,slack_plugin,none,0.0
2-2-8,none,mixture,0.2,1000,800161,0.006760282005416229,gm_battery,none,0.0
2-2-8,none,mixture,0.2,1000,800161,0.006760282005416229,gtest,none,174.6955263674879
2-2-8,none,mixture,0.2,1000,800162,0.0074754919987753965,kl_plugin,none,2.1354393029859726e-16
2-2-8,none,mixture,0.2,1000,800162,0.0074754919987753965,kl_split,none,0.7117634393388647
2-2-8,none,mixture,0.2,1000,800162,0.0074754919987753965,kl_crossfit,none,0.4040197686986806
2-2-8,none,mixture,0.2,1000,800162,0.0074754919987753965,cf1_margin,none,0.0
2-2-8,none,mixture,0.2,1000,800162,0.0074754919987753965,slack_plugin,none,0.0
2-2-8,none,mixture,0.2,1000,800162,0.0074754919987753965,gm_battery,none,0.0
2-2-8,none,mixture,0.2,1000,800162,0.0074754919987753965,gtest,none,166.88076143631406
2-2-8,none,mixture,0.2,1000,800163,0.008853799001371954,kl_plugin,none,0.0
2-2-8,none,mixture,0.2,1000,800163,0.008853799001371954,kl_split,none,0.07424670138385657
2-2-8,none,mixture,0.2,1000,800163,0.008853799001371954,kl_crossfit,none,0.07179187195552139
2-2-8,none,mixture,0.2,1000,800163,0.008853799001371954,cf1_margin,none,1.1102230246251565e-16
2-2-8,none,mixture,0.2,1000,800163,0.008853799001371954,slack_plugin,none,0.0
2-2-8,none,mixture,0.2,1000,800163,0.008853799001371954,gm_battery,none,0.0
2-2-8,none,mixture,0.2,1000,800163,0.008853799001371954,gtest,none,190.67400283243163
2-2-8,none,mixture,0.2,1000,800164,0.009261728999263141,kl_plugin,none,0.0
2-2-8,none,mixture,0.2,1000,800164,0.009261728999263141,kl_split,none,0.12247554302154401
2-2-8,none,mixture,0.2,1000,800164,0.009261728999263141,kl_crossfit,none,0.11929467539628472
2-2-8,none,mixture,0.2,1000,800164,0.009261728999263141,cf1_margin,none,0.0
2-2-8,none,mixture,0.2,1000,800164,0.009261728999263141,slack_plugin,none,0.0
2-2-8,none,mixture,0.2,1000,800164,0.009261728999263141,gm_battery,none,0.0
2-2-8,none,mixture,0.2,1000,800164,0.009261728999263141,gtest,none,161.23042999754708
2-2-8,none,mixture,0.2,1000,800165,0.009909277003316674,kl_plugin,none,0.0
2-2-8,none,mixture,0.2,1000,800165,0.009909277003316674,kl_split,none,0.06733661355218826
2-2-8,none,mixture,0.2,1000,800165,0.009909277003316674,kl_crossfit,none,0.06513149860699462
2-2-8,none,mixture,0.2,1000,800165,0.009909277003316674,cf1_margin,none,1.1102230246251565e-16
2-2-8,none,mixture,0.2,1000,800165,0.009909277003316674,slack_plugin,none,0.0
2-2-8,none,mixture,0.2,1000,800165,0.009909277003316674,gm_battery,none,0.0
2-2-8,none,mixture,0.2,1000,800165,0.009909277003316674,gtest,none,139.28877964271732
2-2-8,none,mixture,0.2,1000,800166,0.008005875002709217,kl_plugin,none,1.3102386018399747e-16
2-2-8,none,mixture,0.2,1000,800166,0.008005875002709217,kl_split,none,0.13308631535255994
2-2-8,none,mixture,0.2,1000,800166,0.008005875002709217,kl_crossfit,none,0.13462594916189122
2-2-8,none,mixture,0.2,1000,800166,0.008005875002709217,cf1_margin,none,0.0
2-2-8,none,mixture,0.2,1000,800166,0.008005875002709217,slack_plugin,none,0.0
2-2-8,none,mixture,0.2,1000,800166,0.008005875002709217,gm_battery,none,0.0
2-2-8,none,mixture,0.2,1000,800166,0.008005875002709217,gtest,none,168.29399483610658
2-2-8,none,mixture,0.2,1000,800167,0.006454577000113204,kl_plugin,none,3.830199258731575e-17
2-2-8,none,mixture,0.2,1000,800167,0.006454577000113204,kl_split,none,0.16512247970655392
2-2-8,none,mixture,0.2,1000,800167,0.006454577000113204,kl_crossfit,none,0.1612145082886595
2-2-8,none,mixture,0.2,1000,800167,0.006454577000113204,cf1_margin,none,0.0
2-2-8,none,mixture,0.2,1000,800167,0.006454577000113204,slack_plugin,none,0.0
2-2-8,none,mixture,0.2,1000,800167,0.006454577000113204,gm_battery,none,0.0
2-2-8,none,mixture,0.2,1000,800167,0.006454577000113204,gtest,none,166.69830467188302
2-2-8,none,mixture,0.2,1000,800168,0.009463072994549293,kl_plugin,none,4.874592133867388e-16
2-2-8,none,mixture,0.2,1000,800168,0.009463072994549293,kl_split,none,0.09698256905000394
2-2-8,none,mixture,0.2,1000,800168,0.009463072994549293,kl_crossfit,none,0.10545687684826793
2-2-8,none,mixture,0.2,1000,800168,0.009463072994549293,cf1_margin,none,1.1102230246251565e-16
2-2-8,none,mixture,0.2,1000,800168,0.009463072994549293,slack_plugin,none,0.0
2-2-8,none,mixture,0.2,1000,800168,0.009463072994549293,gm_battery,none,0.0
2-2-8,none,mixture,0.2,1000,800168,0.009463072994549293,gtest,none,130.80027877057336
2-2-8,none,mixture,0.2,1000,800169,0.006276831001741812,kl_plugin,none,0.0
2-2-8,none,mixture,0.2,1000,800169,0.006276831001741812,kl_split,none,0.10913743562641437
2-2-8,none,mixture,0.2,1000,800169,0.006276831001741812,kl_crossfit,none,0.11219609743783701
2-2-8,none,mixture,0.2,1000,800169,0.006276831001741812,cf1_margin,none,0.0
2-2-8,none,mixture,0.2,1000,800169,0.006276831001741812,slack_plugin,none,0.0
2-2-8,none,mixture,0.2,1000,800169,0.006276831001741812,gm_battery,none,0.0
2-2-8,none,mixture,0.2,1000,800169,0.006276831001741812,gtest,none,182.80963836993635
2-2-8,none,mixture,0.2,1000,800170,0.0067306609998922795,kl_plugin,none,0.0
2-2-8,none,mixture,0.2,1000,800170,0.0067306609998922795,kl_split,none,0.1416366905261892
2-2-8,none,mixture,0.2,1000,800170,0.0067306609998922795,kl_crossfit,none,1.1069426892022634
2-2-8,none,mixture,0.2,1000,800170,0.0067306609998922795,cf1_margin,none,0.0
2-2-8,none,mixture,0.2,1000,800170,0.0067306609998922795,slack_plugin,none,0.0
2-2-8,none,mixture,0.2,1000,800170,0.0067306609998922795,gm_battery,none,0.0
2-2-8,none,mixture,0.2,1000,800170,0.0067306609998922795,gtest,none,156.58321436343022
2-2-8,none,mixture,0.2,1000,800171,0.0068990069994470105,kl_plugin,none,0.0
2-2-8,none,mixture,0.2,1000,800171,0.0068990069994470105,kl_split,none,0.13980394172976837
2-2-8,none,mixture,0.2,1000,800171,0.0068990069994470105,kl_crossfit,none,0.13631987777189175
2-2-8,none,mixture,0.2,1000,800171,0.0068990069994470105,cf1_margin,none,3.3306690738754696e-16
2-2-8,none,mixture,0.2,1000,800171,0.0068990069994470105,slack_plugin,none,0.0
2-2-8,none,mixture,0.2,1000,800171,0.0068990069994470105,gm_battery,none,0.0
2-2-8,none,mixture,0.2,1000,800171,0.0068990069994470105,gtest,none,193.95613805171485
2-2-8,none,mixture,0.2,1000,800172,0.007128060999093577,kl_plugin,none,0.0
2-2-8,none,mixture,0.2,1000,800172,0.007128060999093577,kl_split,none,0.13937357481082152
2-2-8,none,mixture,0.2,1000,800172,0.007128060999093577,kl_crossfit,none,0.13894518712940282
2-2-8,none,mixture,0.2,1000,800172,0.007128060999093577,cf1_margin,none,1.1102230246251565e-16
2-2-8,none,mixture,0.2,1000,800172,0.007128060999093577,slack_plugin,none,0.0
2-2-8,none,mixture,0.2,1000,800172,0.007128060999093577,gm_battery,none,0.0
2-2-8,none,mixture,0.2,1000,800172,0.007128060999093577,gtest,none,158.3510204825647
2-2-8,none,mixture,0.2,1000,800173,0.0063678520018584095,kl_plugin,none,0.0
2-2-8,none,mixture,0.2,1000,800173,0.0063678520018584095,kl_split,none,0.1279110124966033
2-2-8,none,mixture,0.2,1000,800173,0.0063678520018584095,kl_crossfit,none,0.12105586859125074
2-2-8,none,mixture,0.2,1000,800173,0.0063678520018584095,cf1_margin,none,0.0
2-2-8,none,mixture,0.2,1000,800173,0.0063678520018584095,slack_plugin,none,0.0
2-2-8,none,mixture,0.2,1000,800173,0.0063678520018584095,gm_battery,none,0.0
2-2-8,none,mixture,0.2,1000,800173,0.0063678520018584095,gtest,none,146.12551034934296
2-2-8,none,mixture,0.2,1000,800174,0.006511596999189351,kl_plugin,none,0.0
2-2-8,none,mixture,0.2,1000,800174,0.006511596999189351,kl_split,none,0.15962869495574514
2-2-8,none,mixture,0.2,1000,800174,0.006511596999189351,kl_crossfit,none,0.1625853449622247
2-2-8,none,mixture,0.2,1000,800174,0.006511596999189351,cf1_margin,none,0.0
2-2-8,none,mixture,0.2,1000,800174,0.006511596999189351,slack_plugin,none,0.0
2-2-8,none,mixture,0.2,1000,800174,0.006511596999189351,gm_battery,none,0.0
2-2-8,none,mixture,0.2,1000,800174,0.006511596999189351,gtest,none,169.9924916495463
2-2-8,none,mixture,0.2,1000,800175,0.006456293005612679,kl_plugin,none,0.0
2-2-8,none,mixture,0.2,1000,800175,0.006456293005612679,kl_split,none,0.1426190911830286
2-2-8,none,mixture,0.2,1000,800175,0.006456293005612679,kl_crossfit,none,0.1253257694767171
2-2-8,none,mixture,0.2,1000,800175,0.006456293005612679,cf1_margin,none,0.0
2-2-8,none,mixture,0.2,1000,800175,0.006456293005612679,slack_plugin,none,0.0
2-2-8,none,mixture,0.2,1000,800175,0.006456293005612679,gm_battery,none,0.0
2-2-8,none,mixture,0.2,1000,800175,0.006456293005612679,gtest,none,130.79700227087707
2-2-8,none,mixture,0.2,1000,800176,0.008924984002078418,kl_plugin,none,0.0
2-2-8,none,mixture,0.2,1000,800176,0.008924984002078418,kl_split,none,1.5784799839161288
2-2-8,none,mixture,0.2,1000,800176,0.008924984002078418,kl_crossfit,none,0.84892753368182
2-2-8,none,mixture,0.2,1000,800176,0.008924984002078418,cf1_margin,none,1.1102230246251565e-16
2-2-8,none,mixture,0.2,1000,800176,0.008924984002078418,slack_plugin,none,0.0
2-2-8,none,mixture,0.2,1000,800176,0.008924984002078418,gm_battery,none,0.0
2-2-8,none,mixture,0.2,1000,800176,0.008924984002078418,gtest,none,134.98329742045058
2-2-8,none,mixture,0.2,1000,800177,0.00769426300394116,kl_plugin,none,0.0
2-2-8,none,mixture,0.2,1000,800177,0.00769426300394116,kl_split,none,0.11676180176976723
2-2-8,none,mixture,0.2,1000,800177,0.00769426300394116,kl_crossfit,none,0.11326042722791446
2-2-8,none,mixture,0.2,1000,800177,0.00769426300394116,cf1_margin,none,0.0
2-2-8,none,mixture,0.2,1000,800177,0.00769426300394116,slack_plugin,none,0.0
2-2-8,none,mixture,0.2,1000,800177,0.00769426300394116,gm_battery,none,0.0
2-2-8,none,mixture,0.2,1000,800177,0.00769426300394116,gtest,none,129.69300341222893
2-2-8,none,mixture,0.2,1000,800178,0.008608329997514375,kl_plugin,none,0.0
2-2-8,none,mixture,0.2,1000,800178,0.008608329997514375,kl_split,none,0.12344299161094441
2-2-8,none,mixture,0.2,1000,800178,0.008608329997514375,kl_crossfit,none,0.12360819689625435
2-2-8,none,mixture,0.2,1000,800178,0.008608329997514375,cf1_margin,none,0.0
2-2-8,none,mixture,0.2,1000,800178,0.008608329997514375,slack_plugin,none,0.0
2-2-8,none,mixture,0.2,1000,800178,0.008608329997514375,gm_battery,none,0.0
2-2-8,none,mixture,0.2,1000,800178,0.008608329997514375,gtest,none,133.6916301143923
2-2-8,none,mixture,0.2,1000,800179,0.009678458998678252,kl_plugin,none,0.0
2-2-8,none,mixture,0.2,1000,800179,0.009678458998678252,kl_split,none,0.10603832243910108
2-2-8,none,mixture,0.2,1000,800179,0.009678458998678252,kl_crossfit,none,0.975135195283567
2-2-8,none,mixture,0.2,1000,800179,0.009678458998678252,cf1_margin,none,1.1102230246251565e-16
2-2-8,none,mixture,0.2,1000,800179,0.009678458998678252,slack_plugin,none,0.0
2-2-8,none,mixture,0.2,1000,800179,0.009678458998678252,gm_battery,none,0.0
2-2-8,none,mixture,0.2,1000,800179,0.009678458998678252,gtest,none,139.9018094183992
2-2-8,none,mixture,0.2,1000,800180,0.00764052799786441,kl_plugin,none,1.9851226124518985e-16
2-2-8,none,mixture,0.2,1000,800180,0.00764052799786441,kl_split,none,0.14032524732603124
2-2-8,none,mixture,0.2,1000,800180,0.00764052799786441,kl_crossfit,none,0.14173840643046476
2-2-8,none,mixture,0.2,1000,800180,0.00764052799786441,cf1_margin,none,2.220446049250313e-16
2-2-8,none,mixture,0.2,1000,800180,0.00764052799786441,slack_plugin,none,0.0
2-2-8,none,mixture,0.2,1000,800180,0.00764052799786441,gm_battery,none,0.0
2-2-8,none,mixture,0.2,1000,800180,0.00764052799786441,gtest,none,153.25337670931535
2-2-8,none,mixture,0.2,1000,800181,0.007770540003548376,kl_plugin,none,6.478951090417906e-17
2-2-8,none,mixture,0.2,1000,800181,0.007770540003548376,kl_split,none,0.09097515256764277
2-2-8,none,mixture,0.2,1000,800181,0.007770540003548376,kl_crossfit,none,0.08938222729785539
2-2-8,none,mixture,0.2,1000,800181,0.007770540003548376,cf1_margin,none,2.220446049250313e-16
2-2-8,none,mixture,0.2,1000,800181,0.007770540003548376,slack_plugin,none,0.0
2-2-8,none,mixture,0.2,1000,800181,0.007770540003548376,gm_battery,none,0.0
2-2-8,none,mixture,0.2,1000,800181,0.007770540003548376,gtest,none,154.14293811831035
2-2-8,none,mixture,0.2,1000,800182,0.006430430999898817,kl_plugin,none,1.9093518420201196e-16
2-2-8,none,mixture,0.2,1000,800182,0.006430430999898817,kl_split,none,0.15344554466170557
2-2-8,none,mixture,0.2,1000,800182,0.006430430999898817,kl_crossfit,none,0.14687565958370677
2-2-8,none,mixture,0.2,1000,800182,0.006430430999898817,cf1_margin,none,1.1102230246251565e-16
2-2-8,none,mixture,0.2,1000,800182,0.006430430999898817,slack_plugin,none,0.0
2-2-8,none,mixture,0.2,1000,800182,0.006430430999898817,gm_battery,none,0.0
2-2-8,none,mixture,0.2,1000,800182,0.006430430999898817,gtest,none,120.9303526563932
2-2-8,none,mixture,0.2,1000,800183,0.008585433999542147,kl_plugin,none,0.0
2-2-8,none,mixture,0.2,1000,800183,0.008585433999542147,kl_split,none,0.14751651526585413
2-2-8,none,mixture,0.2,1000,800183,0.008585433999542147,kl_crossfit,none,0.1401982375884976
2-2-8,none,mixture,0.2,1000,800183,0.008585433999542147,cf1_margin,none,0.0
2-2-8,none,mixture,0.2,1000,800183,0.008585433999542147,slack_plugin,none,0.0
2-2-8,none,mixture,0.2,1000,800183,0.008585433999542147,gm_battery,none,0.0
2-2-8,none,mixture,0.2,1000,800183,0.008585433999542147,gtest,none,129.62958638992546
2-2-8,none,mixture,0.2,1000,800184,0.007095091998053249,kl_plugin,none,1.9036875026923054e-16
2-2-8,none,mixture,0.2,1000,800184,0.007095091998053249,kl_split,none,0.10185866064310056
2-2-8,none,mixture,0.2,1000,800184,0.007095091998053249,kl_crossfit,none,0.10429949041059874
2-2-8,none,mixture,0.2,1000,800184,0.007095091998053249,cf1_margin,none,1.1102230246251565e-16
2-2-8,none,mixture,0.2,1000,800184,0.007095091998053249,slack_plugin,none,0.0
2-2-8,none,mixture,0.2,1000,800184,0.007095091998053249,gm_battery,none,0.0
2-2-8,none,mixture,0.2,1000,800184,0.007095091998053249,gtest,none,184.12896614530305
2-2-8,none,mixture,0.2,1000,800185,0.007210085001133848,kl_plugin,none,9.68349277260433e-17
2-2-8,none,mixture,0.2,1000,800185,0.007210085001133848,kl_split,none,0.09179489338706218
2-2-8,none,mixture,0.2,1000,800185,0.007210085001133848,kl_crossfit,none,0.09618655722627284
2-2-8,none,mixture,0.2,1000,800185,0.007210085001133848,cf1_margin,none,0.0
2-2-8,none,mixture,0.2,1000,800185,0.007210085001133848,slack_plugin,none,0.0
2-2-8,none,mixture,0.2,1000,800185,0.007210085001133848,gm_battery,none,0.0
2-2-8,none,mixture,0.2,1000,800185,0.007210085001133848,gtest,none,131.51918320979183
2-2-8,none,mixture,0.2,1000,800186,0.00779501299984986,kl_plugin,none,0.0
2-2-8,none,mixture,0.2,1000,800186,0.00779501299984986,kl_split,none,0.06830688974262075
2-2-8,none,mixture,0.2,1000,800186,0.00779501299984986,kl_crossfit,none,0.07099516018467122
2-2-8,none,mixture,0.2,1000,800186,0.00779501299984986,cf1_margin,none,0.0
2-2-8,none,mixture,0.2,1000,800186,0.00779501299984986,slack_plugin,none,0.0
2-2-8,none,mixture,0.2,1000,800186,0.00779501299984986,gm_battery,none,0.0
2-2-8,none,mixture,0.2,1000,800186,0.00779501299984986,gtest,none,176.7778578347725
2-2-8,none,mixture,0.2,1000,800187,0.008592969999881461,kl_plugin,none,3.2337319956765747e-16
2-2-8,none,mixture,0.2,1000,800187,0.008592969999881461,kl_split,none,0.13968096968181656
2-2-8,none,mixture,0.2,1000,800187,0.008592969999881461,kl_crossfit,none,0.14076368586183696
2-2-8,none,mixture,0.2,1000,800187,0.008592969999881461,cf1_margin,none,4.440892098500626e-16
2-2-8,none,mixture,0.2,1000,800187,0.008592969999881461,slack_plugin,none,0.0
2-2-8,none,mixture,0.2,1000,800187,0.008592969999881461,gm_battery,none,0.0
2-2-8,none,mixture,0.2,1000,800187,0.008592969999881461,gtest,none,164.70658928255128
2-2-8,none,mixture,0.2,1000,800188,0.008027174000744708,kl_plugin,none,0.0
2-2-8,none,mixture,0.2,1000,800188,0.008027174000744708,kl_split,none,0.12476939085373474
2-2-8,none,mixture,0.2,1000,800188,0.008027174000744708,kl_crossfit,none,0.12750490563865977
2-2-8,none,mixture,0.2,1000,800188,0.008027174000744708,cf1_margin,none,0.0
2-2-8,none,mixture,0.2,1000,800188,0.008027174000744708,slack_plugin,none,0.0
2-2-8,none,mixture,0.2,1000,800188,0.008027174000744708,gm_battery,none,0.0
2-2-8,none,mixture,0.2,1000,800188,0.008027174000744708,gtest,none,180.7425890955893
2-2-8,none,mixture,0.2,1000,800189,0.009464365000894759,kl_plugin,none,0.0
2-2-8,none,mixture,0.2,1000,800189,0.009464365000894759,kl_split,none,0.0781098525577294
2-2-8,none,mixture,0.2,1000,800189,0.009464365000894759,kl_crossfit,none,0.07669385117799
2-2-8,none,mixture,0.2,1000,800189,0.009464365000894759,cf1_margin,none,1.1102230246251565e-16
2-2-8,none,mixture,0.2,1000,800189,0.009464365000894759,slack_plugin,none,0.0
2-2-8,none,mixture,0.2,1000,800189,0.009464365000894759,gm_battery,none,0.0
2-2-8,none,mixture,0.2,1000,800189,0.009464365000894759,gtest,none,143.13409910261169
2-2-8,none,mixture,0.2,1000,800190,0.010688686998037156,kl_plugin,none,0.0
2-2-8,none,mixture,0.2,1000,800190,0.010688686998037156,kl_split,none,0.11607657306097575
2-2-8,none,mixture,0.2,1000,800190,0.010688686998037156,kl_crossfit,none,0.12448705884248468
2-2-8,none,mixture,0.2,1000,800190,0.010688686998037156,cf1_margin,none,0.0
2-2-8,none,mixture,0.2,1000,800190,0.010688686998037156,slack_plugin,none,0.0
2-2-8,none,mixture,0.2,1000,800190,0.010688686998037156,gm_battery,none,0.0
2-2-8,none,mixture,0.2,1000,800190,0.010688686998037156,gtest,none,157.4770359551391
2-2-8,none,mixture,0.2,1000,800191,0.011027576998458244,kl_plugin,none,0.0
2-2-8,none,mixture,0.2,1000,800191,0.011027576998458244,kl_split,none,0.1448825379868337
2-2-8,none,mixture,0.2,1000,800191,0.011027576998458244,kl_crossfit,none,0.15863242540617387
2-2-8,none,mixture,0.2,1000,800191,0.011027576998458244,cf1_margin,none,1.1102230246251565e-16
2-2-8,none,mixture,0.2,1000,800191,0.011027576998458244,slack_plugin,none,0.0
2-2-8,none,mixture,0.2,1000,800191,0.011027576998458244,gm_battery,none,0.0
2-2-8,none,mixture,0.2,1000,800191,0.011027576998458244,gtest,none,140.0769425357941
2-2-8,none,mixture,0.2,1000,800192,0.007013759000983555,kl_plugin,none,0.0
2-2-8,none,mixture,0.2,1000,800192,0.007013759000983555,kl_split,none,0.11147246405398947
2-2-8,none,mixture,0.2,1000,800192,0.007013759000983555,kl_crossfit,none,0.7034162777204259
2-2-8,none,mixture,0.2,1000,800192,0.007013759000983555,cf1_margin,none,0.0
2-2-8,none,mixture,0.2,1000,800192,0.007013759000983555,slack_plugin,none,0.0
2-2-8,none,mixture,0.2,1000,800192,0.007013759000983555,gm_battery,none,0.0
2-2-8,none,mixture,0.2,1000,800192,0.007013759000983555,gtest,none,131.57146551919828
2-2-8,none,mixture,0.2,1000,800193,0.009321372002887074,kl_plugin,none,0.0
2-2-8,none,mixture,0.2,1000,800193,0.009321372002887074,kl_split,none,0.10483531255748957
2-2-8,none,mixture,0.2,1000,800193,0.009321372002887074,kl_crossfit,none,0.12165867775569031
2-2-8,none,mixture,0.2,1000,800193,0.009321372002887074,cf1_margin,none,1.1102230246251565e-16
2-2-8,none,mixture,0.2,1000,800193,0.009321372002887074,slack_plugin,none,0.0
2-2-8,none,mixture,0.2,1000,800193,0.009321372002887074,gm_battery,none,0.0
2-2-8,none,mixture,0.2,1000,800193,0.009321372002887074,gtest,none,174.25063865560787
2-2-8,none,mixture,0.2,1000,800194,0.01226260200201068,kl_plugin,none,0.0
2-2-8,none,mixture,0.2,1000,800194,0.01226260200201068,kl_split,none,0.09355266208048765
2-2-8,none,mixture,0.2,1000,800194,0.01226260200201068,kl_crossfit,none,0.08697008569307471
2-2-8,none,mixture,0.2,1000,800194,0.01226260200201068,cf1_margin,none,3.3306690738754696e-16
2-2-8,none,mixture,0.2,1000,800194,0.01226260200201068,slack_plugin,none,0.0
2-2-8,none,mixture,0.2,1000,800194,0.01226260200201068,gm_battery,none,0.0
2-2-8,none,mixture,0.2,1000,800194,0.01226260200201068,gtest,none,170.78724774858847
2-2-8,none,mixture,0.2,1000,800195,0.010852448001969606,kl_plugin,none,0.0
2-2-8,none,mixture,0.2,1000,800195,0.010852448001969606,kl_split,none,0.19410177454128444
2-2-8,none,mixture,0.2,1000,800195,0.010852448001969606,kl_crossfit,none,0.9031312831731018
2-2-8,none,mixture,0.2,1000,800195,0.010852448001969606,cf1_margin,none,0.0
2-2-8,none,mixture,0.2,1000,800195,0.010852448001969606,slack_plugin,none,0.0
2-2-8,none,mixture,0.2,1000,800195,0.010852448001969606,gm_battery,none,0.0
2-2-8,none,mixture,0.2,1000,800195,0.010852448001969606,gtest,none,235.3265445461177
2-2-8,none,mixture,0.2,1000,800196,0.010375582998676691,kl_plugin,none,4.7389057599158967e-17
2-2-8,none,mixture,0.2,1000,800196,0.010375582998676691,kl_split,none,0.13949294942453333
2-2-8,none,mixture,0.2,1000,800196,0.010375582998676691,kl_crossfit,none,0.12473839692365034
2-2-8,none,mixture,0.2,1000,800196,0.010375582998676691,cf1_margin,none,0.0
2-2-8,none,mixture,0.2,1000,800196,0.010375582998676691,slack_plugin,none,0.0
2-2-8,none,mixture,0.2,1000,800196,0.010375582998676691,gm_battery,none,0.0
2-2-8,none,mixture,0.2,1000,800196,0.010375582998676691,gtest,none,139.61384079316775
2-2-8,none,mixture,0.2,1000,800197,0.007176275001256727,kl_plugin,none,1.6871629645573787e-17
2-2-8,none,mixture,0.2,1000,800197,0.007176275001256727,kl_split,none,0.1381171371968113
2-2-8,none,mixture,0.2,1000,800197,0.007176275001256727,kl_crossfit,none,0.13033236795766115
2-2-8,none,mixture,0.2,1000,800197,0.007176275001256727,cf1_margin,none,2.220446049250313e-16
2-2-8,none,mixture,0.2,1000,800197,0.007176275001256727,slack_plugin,none,0.0
2-2-8,none,mixture,0.2,1000,800197,0.007176275001256727,gm_battery,none,0.0
2-2-8,none,mixture,0.2,1000,800197,0.007176275001256727,gtest,none,180.44221722579462
2-2-8,none,mixture,0.2,1000,800198,0.008138037999742664,kl_plugin,none,0.0
2-2-8,none,mixture,0.2,1000,800198,0.008138037999742664,kl_split,none,0.15603019541486673
2-2-8,none,mixture,0.2,1000,800198,0.008138037999742664,kl_crossfit,none,0.12637836127997767
2-2-8,none,mixture,0.2,1000,800198,0.008138037999742664,cf1_margin,none,1.1102230246251565e-16
2-2-8,none,mixture,0.2,1000,800198,0.008138037999742664,slack_plugin,none,0.0
2-2-8,none,mixture,0.2,1000,800198,0.008138037999742664,gm_battery,none,0.0
2-2-8,none,mixture,0.2,1000,800198,0.008138037999742664,gtest,none,197.00149016196463
2-2-8,none,mixture,0.2,1000,800199,0.0076651750059681945,kl_plugin,none,0.0
2-2-8,none,mixture,0.2,1000,800199,0.0076651750059681945,kl_split,none,0.7577286761273598
2-2-8,none,mixture,0.2,1000,800199,0.0076651750059681945,kl_crossfit,none,0.46272207041226715
2-2-8,none,mixture,0.2,1000,800199,0.0076651750059681945,cf1_margin,none,1.1102230246251565e-16
2-2-8,none,mixture,0.2,1000,800199,0.0076651750059681945,slack_plugin,none,0.0
2-2-8,none,mixture,0.2,1000,800199,0.0076651750059681945,gm_battery,none,0.0
2-2-8,none,mixture,0.2,1000,800199,0.0076651750059681945,gtest,none,133.4078009693564
