cell,tail,family,rho,n,seed,dt_stats_s,stat,engine,stat_obs
2-2-8,none,mixture,0.4,2000,800000,0.01031608899938874,kl_plugin,none,4.238596647620142e-13
2-2-8,none,mixture,0.4,2000,800000,0.01031608899938874,kl_split,none,0.06782387894371489
2-2-8,none,mixture,0.4,2000,800000,0.01031608899938874,kl_crossfit,none,0.07009465875057855
2-2-8,none,mixture,0.4,2000,800000,0.01031608899938874,cf1_margin,none,1.1102230246251565e-16
2-2-8,none,mixture,0.4,2000,800000,0.01031608899938874,slack_plugin,none,0.0
2-2-8,none,mixture,0.4,2000,800000,0.01031608899938874,gm_battery,none,0.0
2-2-8,none,mixture,0.4,2000,800000,0.01031608899938874,gtest,none,646.1571015970776
2-2-8,none,mixture,0.4,2000,800001,0.016300079005304724,kl_plugin,none,1.0905898528168432e-13
2-2-8,none,mixture,0.4,2000,800001,0.016300079005304724,kl_split,none,0.05613956133857553
2-2-8,none,mixture,0.4,2000,800001,0.016300079005304724,kl_crossfit,none,0.05965797192078862
2-2-8,none,mixture,0.4,2000,800001,0.016300079005304724,cf1_margin,none,0.0
2-2-8,none,mixture,0.4,2000,800001,0.016300079005304724,slack_plugin,none,0.0
2-2-8,none,mixture,0.4,2000,800001,0.016300079005304724,gm_battery,none,0.0
2-2-8,none,mixture,0.4,2000,800001,0.016300079005304724,gtest,none,591.8024306988826
2-2-8,none,mixture,0.4,2000,800002,0.01135634099773597,kl_plugin,none,7.609750070925185e-09
2-2-8,none,mixture,0.4,2000,800002,0.01135634099773597,kl_split,none,0.04984704439084494
2-2-8,none,mixture,0.4,2000,800002,0.01135634099773597,kl_crossfit,none,0.054730449052066615
2-2-8,none,mixture,0.4,2000,800002,0.01135634099773597,cf1_margin,none,2.220446049250313e-16
2-2-8,none,mixture,0.4,2000,800002,0.01135634099773597,slack_plugin,none,0.0
2-2-8,none,mixture,0.4,2000,800002,0.01135634099773597,gm_battery,none,0.0
2-2-8,none,mixture,0.4,2000,800002,0.01135634099773597,gtest,none,642.7973256300763
2-2-8,none,mixture,0.4,2000,800003,0.01003799500176683,kl_plugin,none,1.5184308729423605e-14
2-2-8,none,mixture,0.4,2000,800003,0.01003799500176683,kl_split,none,0.0501350267033316
2-2-8,none,mixture,0.4,2000,800003,0.01003799500176683,kl_crossfit,none,0.06197953239515296
2-2-8,none,mixture,0.4,2000,800003,0.01003799500176683,cf1_margin,none,0.0
2-2-8,none,mixture,0.4,2000,800003,0.01003799500176683,slack_plugin,none,0.0
2-2-8,none,mixture,0.4,2000,800003,0.01003799500176683,gm_battery,none,0.0
2-2-8,none,mixture,0.4,2000,800003,0.01003799500176683,gtest,none,716.5550994050902
2-2-8,none,mixture,0.4,2000,800004,0.012550081999506801,kl_plugin,none,1.0558052199487943e-13
2-2-8,none,mixture,0.4,2000,800004,0.012550081999506801,kl_split,none,0.03899519376802045
2-2-8,none,mixture,0.4,2000,800004,0.012550081999506801,kl_crossfit,none,0.03970119224676387
2-2-8,none,mixture,0.4,2000,800004,0.012550081999506801,cf1_margin,none,2.220446049250313e-16
2-2-8,none,mixture,0.4,2000,800004,0.012550081999506801,slack_plugin,none,0.0
2-2-8,none,mixture,0.4,2000,800004,0.012550081999506801,gm_battery,none,0.0
2-2-8,none,mixture,0.4,2000,800004,0.012550081999506801,gtest,none,641.0128600530193
2-2-8,none,mixture,0.4,2000,800005,0.010140635997231584,kl_plugin,none,1.1788107436188924e-14
2-2-8,none,mixture,0.4,2000,800005,0.010140635997231584,kl_split,none,0.04839171579412467
2-2-8,none,mixture,0.4,2000,800005,0.010140635997231584,kl_crossfit,none,0.050295325381670516
2-2-8,none,mixture,0.4,2000,800005,0.010140635997231584,cf1_margin,none,0.0
2-2-8,none,mixture,0.4,2000,800005,0.010140635997231584,slack_plugin,none,0.0
2-2-8,none,mixture,0.4,2000,800005,0.010140635997231584,gm_battery,none,0.0
2-2-8,none,mixture,0.4,2000,800005,0.010140635997231584,gtest,none,618.8920798652783
2-2-8,none,mixture,0.4,2000,800006,0.014368004005518742,kl_plugin,none,2.4462829159714085e-14
2-2-8,none,mixture,0.4,2000,800006,0.014368004005518742,kl_split,none,0.06412767235269606
2-2-8,none,mixture,0.4,2000,800006,0.014368004005518742,kl_crossfit,none,0.07461294597686795
2-2-8,none,mixture,0.4,2000,800006,0.014368004005518742,cf1_margin,none,0.0
2-2-8,none,mixture,0.4,2000,800006,0.014368004005518742,slack_plugin,none,0.0
2-2-8,none,mixture,0.4,2000,800006,0.014368004005518742,gm_battery,none,0.0
2-2-8,none,mixture,0.4,2000,800006,0.014368004005518742,gtest,none,534.1954337404248
2-2-8,none,mixture,0.4,2000,800007,0.013441694994980935,kl_plugin,none,1.1005127413558803e-12
2-2-8,none,mixture,0.4,2000,800007,0.013441694994980935,kl_split,none,0.07210262529695158
2-2-8,none,mixture,0.4,2000,800007,0.013441694994980935,kl_crossfit,none,0.07325229519234275
2-2-8,none,mixture,0.4,2000,800007,0.013441694994980935,cf1_margin,none,1.1102230246251565e-16
2-2-8,none,mixture,0.4,2000,800007,0.013441694994980935,slack_plugin,none,0.0
2-2-8,none,mixture,0.4,2000,800007,0.013441694994980935,gm_battery,none,0.0
2-2-8,none,mixture,0.4,2000,800007,0.013441694994980935,gtest,none,616.3292883721418
2-2-8,none,mixture,0.4,2000,800008,0.013776059997326229,kl_plugin,none,8.919903145594715e-11
2-2-8,none,mixture,0.4,2000,800008,0.013776059997326229,kl_split,none,0.06827084088717655
2-2-8,none,mixture,0.4,2000,800008,0.013776059997326229,kl_crossfit,none,0.07607743711359843
2-2-8,none,mixture,0.4,2000,800008,0.013776059997326229,cf1_margin,none,0.0
2-2-8,none,mixture,0.4,2000,800008,0.013776059997326229,slack_plugin,none,0.0
2-2-8,none,mixture,0.4,2000,800008,0.013776059997326229,gm_battery,none,0.0
2-2-8,none,mixture,0.4,2000,800008,0.013776059997326229,gtest,none,604.6851973280062
2-2-8,none,mixture,0.4,2000,800009,0.010673613993276376,kl_plugin,none,7.455762406829257e-12
2-2-8,none,mixture,0.4,2000,800009,0.010673613993276376,kl_split,none,0.05617844797331724
2-2-8,none,mixture,0.4,2000,800009,0.010673613993276376,kl_crossfit,none,0.06263235268829598
2-2-8,none,mixture,0.4,2000,800009,0.010673613993276376,cf1_margin,none,0.0
2-2-8,none,mixture,0.4,2000,800009,0.010673613993276376,slack_plugin,none,0.0
2-2-8,none,mixture,0.4,2000,800009,0.010673613993276376,gm_battery,none,0.0
2-2-8,none,mixture,0.4,2000,800009,0.010673613993276376,gtest,none,670.2417725756966
2-2-8,none,mixture,0.4,2000,800010,0.010052129997347947,kl_plugin,none,8.865583595374394e-14
2-2-8,none,mixture,0.4,2000,800010,0.010052129997347947,kl_split,none,0.06286524591036975
2-2-8,none,mixture,0.4,2000,800010,0.010052129997347947,kl_crossfit,none,0.06289861728649315
2-2-8,none,mixture,0.4,2000,800010,0.010052129997347947,cf1_margin,none,1.1102230246251565e-16
2-2-8,none,mixture,0.4,2000,800010,0.010052129997347947,slack_plugin,none,0.0
2-2-8,none,mixture,0.4,2000,800010,0.010052129997347947,gm_battery,none,0.0
2-2-8,none,mixture,0.4,2000,800010,0.010052129997347947,gtest,none,646.8918439885658
2-2-8,none,mixture,0.4,2000,800011,0.010529407001740765,kl_plugin,none,1.626083432568795e-13
2-2-8,none,mixture,0.4,2000,800011,0.010529407001740765,kl_split,none,0.08021031552170022
2-2-8,none,mixture,0.4,2000,800011,0.010529407001740765,kl_crossfit,none,0.07157260622126337
2-2-8,none,mixture,0.4,2000,800011,0.010529407001740765,cf1_margin,none,0.0
2-2-8,none,mixture,0.4,2000,800011,0.010529407001740765,slack_plugin,none,0.0
2-2-8,none,mixture,0.4,2000,800011,0.010529407001740765,gm_battery,none,0.0
2-2-8,none,mixture,0.4,2000,800011,0.010529407001740765,gtest,none,598.556272400257
2-2-8,none,mixture,0.4,2000,800012,0.010895129998971242,kl_plugin,none,3.533950650979298e-11
2-2-8,none,mixture,0.4,2000,800012,0.010895129998971242,kl_split,none,0.0694861629693136
2-2-8,none,mixture,0.4,2000,800012,0.010895129998971242,kl_crossfit,none,1.1442562643492014
2-2-8,none,mixture,0.4,2000,800012,0.010895129998971242,cf1_margin,none,0.0
2-2-8,none,mixture,0.4,2000,800012,0.010895129998971242,slack_plugin,none,0.0
2-2-8,none,mixture,0.4,2000,800012,0.010895129998971242,gm_battery,none,0.0
2-2-8,none,mixture,0.4,2000,800012,0.010895129998971242,gtest,none,657.7233050921825
2-2-8,none,mixture,0.4,2000,800013,0.009967450001568068,kl_plugin,none,3.2930547166814976e-14
2-2-8,none,mixture,0.4,2000,800013,0.009967450001568068,kl_split,none,0.07691606670116827
2-2-8,none,mixture,0.4,2000,800013,0.009967450001568068,kl_crossfit,none,0.07043000732222601
2-2-8,none,mixture,0.4,2000,800013,0.009967450001568068,cf1_margin,none,0.0
2-2-8,none,mixture,0.4,2000,800013,0.009967450001568068,slack_plugin,none,0.0
2-2-8,none,mixture,0.4,2000,800013,0.009967450001568068,gm_battery,none,0.0
2-2-8,none,mixture,0.4,2000,800013,0.009967450001568068,gtest,none,606.0750538498032
2-2-8,none,mixture,0.4,2000,800014,0.009335741997347213,kl_plugin,none,5.58538263311511e-14
2-2-8,none,mixture,0.4,2000,800014,0.009335741997347213,kl_split,none,0.06170011197134562
2-2-8,none,mixture,0.4,2000,800014,0.009335741997347213,kl_crossfit,none,0.061972525554776434
2-2-8,none,mixture,0.4,2000,800014,0.009335741997347213,cf1_margin,none,2.220446049250313e-16
2-2-8,none,mixture,0.4,2000,800014,0.009335741997347213,slack_plugin,none,0.0
2-2-8,none,mixture,0.4,2000,800014,0.009335741997347213,gm_battery,none,0.0
2-2-8,none,mixture,0.4,2000,800014,0.009335741997347213,gtest,none,624.2074781435665
2-2-8,none,mixture,0.4,2000,800015,0.01436963900050614,kl_plugin,none,6.196800568613934e-14
2-2-8,none,mixture,0.4,2000,800015,0.01436963900050614,kl_split,none,0.06473795479770808
2-2-8,none,mixture,0.4,2000,800015,0.01436963900050614,kl_crossfit,none,0.05855368091407372
2-2-8,none,mixture,0.4,2000,800015,0.01436963900050614,cf1_margin,none,2.220446049250313e-16
2-2-8,none,mixture,0.4,2000,800015,0.01436963900050614,slack_plugin,none,0.0
2-2-8,none,mixture,0.4,2000,800015,0.01436963900050614,gm_battery,none,0.0
2-2-8,none,mixture,0.4,2000,800015,0.01436963900050614,gtest,none,638.8933099507682
2-2-8,none,mixture,0.4,2000,800016,0.01198234999901615,kl_plugin,none,0.0004613626759011227
2-2-8,none,mixture,0.4,2000,800016,0.01198234999901615,kl_split,none,0.041326978683690604
2-2-8,none,mixture,0.4,2000,800016,0.01198234999901615,kl_crossfit,none,0.04163219768921507
2-2-8,none,mixture,0.4,2000,800016,0.01198234999901615,cf1_margin,none,0.02123672017433409
2-2-8,none,mixture,0.4,2000,800016,0.01198234999901615,slack_plugin,none,0.04247344034866826
2-2-8,none,mixture,0.4,2000,800016,0.01198234999901615,gm_battery,none,0.0
2-2-8,none,mixture,0.4,2000,800016,0.01198234999901615,gtest,none,665.7952018747361
2-2-8,none,mixture,0.4,2000,800017,0.01074727999366587,kl_plugin,none,2.448441792284465e-07
2-2-8,none,mixture,0.4,2000,800017,0.01074727999366587,kl_split,none,0.08163051172920899
2-2-8,none,mixture,0.4,2000,800017,0.01074727999366587,kl_crossfit,none,0.08456944601434543
2-2-8,none,mixture,0.4,2000,800017,0.01074727999366587,cf1_margin,none,0.0
2-2-8,none,mixture,0.4,2000,800017,0.01074727999366587,slack_plugin,none,0.0
2-2-8,none,mixture,0.4,2000,800017,0.01074727999366587,gm_battery,none,0.0
2-2-8,none,mixture,0.4,2000,800017,0.01074727999366587,gtest,none,628.0640100498912
2-2-8,none,mixture,0.4,2000,800018,0.010769264001282863,kl_plugin,none,5.689728760322832e-09
2-2-8,none,mixture,0.4,2000,800018,0.010769264001282863,kl_split,none,0.07003907419774351
2-2-8,none,mixture,0.4,2000,800018,0.010769264001282863,kl_crossfit,none,0.07571138221264402
2-2-8,none,mixture,0.4,2000,800018,0.010769264001282863,cf1_margin,none,1.1102230246251565e-16
2-2-8,none,mixture,0.4,2000,800018,0.010769264001282863,slack_plugin,none,0.0
2-2-8,none,mixture,0.4,2000,800018,0.010769264001282863,gm_battery,none,0.0
2-2-8,none,mixture,0.4,2000,800018,0.010769264001282863,gtest,none,684.4173562690509
2-2-8,none,mixture,0.4,2000,800019,0.015137760994548444,kl_plugin,none,1.755094842358783e-14
2-2-8,none,mixture,0.4,2000,800019,0.015137760994548444,kl_split,none,0.04897718102945918
2-2-8,none,mixture,0.4,2000,800019,0.015137760994548444,kl_crossfit,none,0.04882229140025249
2-2-8,none,mixture,0.4,2000,800019,0.015137760994548444,cf1_margin,none,0.0
2-2-8,none,mixture,0.4,2000,800019,0.015137760994548444,slack_plugin,none,0.0
2-2-8,none,mixture,0.4,2000,800019,0.015137760994548444,gm_battery,none,0.0
2-2-8,none,mixture,0.4,2000,800019,0.015137760994548444,gtest,none,648.3102233882778
2-2-8,none,mixture,0.4,2000,800020,0.01338832599867601,kl_plugin,none,4.467970239002609e-14
2-2-8,none,mixture,0.4,2000,800020,0.01338832599867601,kl_split,none,0.05900844264340403
2-2-8,none,mixture,0.4,2000,800020,0.01338832599867601,kl_crossfit,none,0.05255534422702168
2-2-8,none,mixture,0.4,2000,800020,0.01338832599867601,cf1_margin,none,0.0
2-2-8,none,mixture,0.4,2000,800020,0.01338832599867601,slack_plugin,none,0.0
2-2-8,none,mixture,0.4,2000,800020,0.01338832599867601,gm_battery,none,0.0
2-2-8,none,mixture,0.4,2000,800020,0.01338832599867601,gtest,none,604.2572477728695
2-2-8,none,mixture,0.4,2000,800021,0.010211305998382159,kl_plugin,none,1.2337887259248596e-13
2-2-8,none,mixture,0.4,2000,800021,0.010211305998382159,kl_split,none,0.06791668106551588
2-2-8,none,mixture,0.4,2000,800021,0.010211305998382159,kl_crossfit,none,0.06147754032957737
2-2-8,none,mixture,0.4,2000,800021,0.010211305998382159,cf1_margin,none,0.0
2-2-8,none,mixture,0.4,2000,800021,0.010211305998382159,slack_plugin,none,0.0
2-2-8,none,mixture,0.4,2000,800021,0.010211305998382159,gm_battery,none,0.0
2-2-8,none,mixture,0.4,2000,800021,0.010211305998382159,gtest,none,596.190873728631
2-2-8,none,mixture,0.4,2000,800022,0.014462150000326801,kl_plugin,none,6.620654588078702e-11
2-2-8,none,mixture,0.4,2000,800022,0.014462150000326801,kl_split,none,0.09494446660043752
2-2-8,none,mixture,0.4,2000,800022,0.014462150000326801,kl_crossfit,none,0.08492191787856776
2-2-8,none,mixture,0.4,2000,800022,0.014462150000326801,cf1_margin,none,1.1102230246251565e-16
2-2-8,none,mixture,0.4,2000,800022,0.014462150000326801,slack_plugin,none,0.0
2-2-8,none,mixture,0.4,2000,800022,0.014462150000326801,gm_battery,none,0.0
2-2-8,none,mixture,0.4,2000,800022,0.014462150000326801,gtest,none,665.6854757430765
2-2-8,none,mixture,0.4,2000,800023,0.012225638995005284,kl_plugin,none,2.576204496809237e-14
2-2-8,none,mixture,0.4,2000,800023,0.012225638995005284,kl_split,none,0.08980044239979662
2-2-8,none,mixture,0.4,2000,800023,0.012225638995005284,kl_crossfit,none,0.0838799569886958
2-2-8,none,mixture,0.4,2000,800023,0.012225638995005284,cf1_margin,none,0.0
2-2-8,none,mixture,0.4,2000,800023,0.012225638995005284,slack_plugin,none,0.0
2-2-8,none,mixture,0.4,2000,800023,0.012225638995005284,gm_battery,none,0.0
2-2-8,none,mixture,0.4,2000,800023,0.012225638995005284,gtest,none,707.6911956312233
2-2-8,none,mixture,0.4,2000,800024,0.012040437999530695,kl_plugin,none,2.974982774333062e-14
2-2-8,none,mixture,0.4,2000,800024,0.012040437999530695,kl_split,none,0.0516443760137401
2-2-8,none,mixture,0.4,2000,800024,0.012040437999530695,kl_crossfit,none,0.05413008563247362
2-2-8,none,mixture,0.4,2000,800024,0.012040437999530695,cf1_margin,none,0.0
2-2-8,none,mixture,0.4,2000,800024,0.012040437999530695,slack_plugin,none,0.0
2-2-8,none,mixture,0.4,2000,800024,0.012040437999530695,gm_battery,none,0.0
2-2-8,none,mixture,0.4,2000,800024,0.012040437999530695,gtest,none,640.1734580229835
2-2-8,none,mixture,0.4,2000,800025,0.014830806998361368,kl_plugin,none,8.966960254903975e-06
2-2-8,none,mixture,0.4,2000,800025,0.014830806998361368,kl_split,none,1.9780006017059455
2-2-8,none,mixture,0.4,2000,800025,0.014830806998361368,kl_crossfit,none,1.0304965688388195
2-2-8,none,mixture,0.4,2000,800025,0.014830806998361368,cf1_margin,none,0.001092017472279716
2-2-8,none,mixture,0.4,2000,800025,0.014830806998361368,slack_plugin,none,0.002184034944559288
2-2-8,none,mixture,0.4,2000,800025,0.014830806998361368,gm_battery,none,0.0
2-2-8,none,mixture,0.4,2000,800025,0.014830806998361368,gtest,none,599.7891863453947
2-2-8,none,mixture,0.4,2000,800026,0.012973607001185883,kl_plugin,none,4.136505034686613e-08
2-2-8,none,mixture,0.4,2000,800026,0.012973607001185883,kl_split,none,0.06648552682504358
2-2-8,none,mixture,0.4,2000,800026,0.012973607001185883,kl_crossfit,none,0.062115781156284335
2-2-8,none,mixture,0.4,2000,800026,0.012973607001185883,cf1_margin,none,0.0
2-2-8,none,mixture,0.4,2000,800026,0.012973607001185883,slack_plugin,none,0.0
2-2-8,none,mixture,0.4,2000,800026,0.012973607001185883,gm_battery,none,0.0
2-2-8,none,mixture,0.4,2000,800026,0.012973607001185883,gtest,none,670.308167787568
2-2-8,none,mixture,0.4,2000,800027,0.013444381998851895,kl_plugin,none,1.0566639684559656e-07
2-2-8,none,mixture,0.4,2000,800027,0.013444381998851895,kl_split,none,0.059267915825580775
2-2-8,none,mixture,0.4,2000,800027,0.013444381998851895,kl_crossfit,none,0.05871037937389842
2-2-8,none,mixture,0.4,2000,800027,0.013444381998851895,cf1_margin,none,0.0
2-2-8,none,mixture,0.4,2000,800027,0.013444381998851895,slack_plugin,none,0.0
2-2-8,none,mixture,0.4,2000,800027,0.013444381998851895,gm_battery,none,0.0
2-2-8,none,mixture,0.4,2000,800027,0.013444381998851895,gtest,none,553.568316247821
2-2-8,none,mixture,0.4,2000,800028,0.014217240001016762,kl_plugin,none,8.795422691021273e-14
2-2-8,none,mixture,0.4,2000,800028,0.014217240001016762,kl_split,none,0.06069240942669296
2-2-8,none,mixture,0.4,2000,800028,0.014217240001016762,kl_crossfit,none,0.06121146484915729
2-2-8,none,mixture,0.4,2000,800028,0.014217240001016762,cf1_margin,none,0.0
2-2-8,none,mixture,0.4,2000,800028,0.014217240001016762,slack_plugin,none,0.0
2-2-8,none,mixture,0.4,2000,800028,0.014217240001016762,gm_battery,none,0.0
2-2-8,none,mixture,0.4,2000,800028,0.014217240001016762,gtest,none,611.5214676249432
2-2-8,none,mixture,0.4,2000,800029,0.012698096004896797,kl_plugin,none,1.4823628344037571e-05
2-2-8,none,mixture,0.4,2000,800029,0.012698096004896797,kl_split,none,0.05595008809930009
2-2-8,none,mixture,0.4,2000,800029,0.012698096004896797,kl_crossfit,none,0.05533671785278163
2-2-8,none,mixture,0.4,2000,800029,0.012698096004896797,cf1_margin,none,0.002711134070986221
2-2-8,none,mixture,0.4,2000,800029,0.012698096004896797,slack_plugin,none,0.005422268141972338
2-2-8,none,mixture,0.4,2000,800029,0.012698096004896797,gm_battery,none,0.0
2-2-8,none,mixture,0.4,2000,800029,0.012698096004896797,gtest,none,602.4308178629838
2-2-8,none,mixture,0.4,2000,800030,0.012658416999329347,kl_plugin,none,1.707840833828954e-11
2-2-8,none,mixture,0.4,2000,800030,0.012658416999329347,kl_split,none,0.06167961949243688
2-2-8,none,mixture,0.4,2000,800030,0.012658416999329347,kl_crossfit,none,0.05877115173287764
2-2-8,none,mixture,0.4,2000,800030,0.012658416999329347,cf1_margin,none,0.0
2-2-8,none,mixture,0.4,2000,800030,0.012658416999329347,slack_plugin,none,0.0
2-2-8,none,mixture,0.4,2000,800030,0.012658416999329347,gm_battery,none,0.0
2-2-8,none,mixture,0.4,2000,800030,0.012658416999329347,gtest,none,687.7524147667423
2-2-8,none,mixture,0.4,2000,800031,0.013747306002187543,kl_plugin,none,3.6867852735634923e-06
2-2-8,none,mixture,0.4,2000,800031,0.013747306002187543,kl_split,none,0.04377728359892054
2-2-8,none,mixture,0.4,2000,800031,0.013747306002187543,kl_crossfit,none,0.043156055421641935
2-2-8,none,mixture,0.4,2000,800031,0.013747306002187543,cf1_margin,none,0.0
2-2-8,none,mixture,0.4,2000,800031,0.013747306002187543,slack_plugin,none,0.0
2-2-8,none,mixture,0.4,2000,800031,0.013747306002187543,gm_battery,none,0.0
2-2-8,none,mixture,0.4,2000,800031,0.013747306002187543,gtest,none,598.0521248931243
2-2-8,none,mixture,0.4,2000,800032,0.013132730004144832,kl_plugin,none,5.769114871092488e-08
2-2-8,none,mixture,0.4,2000,800032,0.013132730004144832,kl_split,none,0.05585488901097767
2-2-8,none,mixture,0.4,2000,800032,0.013132730004144832,kl_crossfit,none,0.05502365268806923
2-2-8,none,mixture,0.4,2000,800032,0.013132730004144832,cf1_margin,none,1.1102230246251565e-16
2-2-8,none,mixture,0.4,2000,800032,0.013132730004144832,slack_plugin,none,0.0
2-2-8,none,mixture,0.4,2000,800032,0.013132730004144832,gm_battery,none,0.0
2-2-8,none,mixture,0.4,2000,800032,0.013132730004144832,gtest,none,576.5787042504896
2-2-8,none,mixture,0.4,2000,800033,0.01285945300332969,kl_plugin,none,1.0428974080162356e-13
2-2-8,none,mixture,0.4,2000,800033,0.01285945300332969,kl_split,none,1.9853584358394436
2-2-8,none,mixture,0.4,2000,800033,0.01285945300332969,kl_crossfit,none,1.031498091567471
2-2-8,none,mixture,0.4,2000,800033,0.01285945300332969,cf1_margin,none,2.220446049250313e-16
2-2-8,none,mixture,0.4,2000,800033,0.01285945300332969,slack_plugin,none,0.0
2-2-8,none,mixture,0.4,2000,800033,0.01285945300332969,gm_battery,none,0.0
2-2-8,none,mixture,0.4,2000,800033,0.01285945300332969,gtest,none,615.7145975937012
2-2-8,none,mixture,0.4,2000,800034,0.012788793006620836,kl_plugin,none,2.6990824471266133e-14
2-2-8,none,mixture,0.4,2000,800034,0.012788793006620836,kl_split,none,0.09064102692252839
2-2-8,none,mixture,0.4,2000,800034,0.012788793006620836,kl_crossfit,none,0.08416513098736692
2-2-8,none,mixture,0.4,2000,800034,0.012788793006620836,cf1_margin,none,0.0
2-2-8,none,mixture,0.4,2000,800034,0.012788793006620836,slack_plugin,none,0.0
2-2-8,none,mixture,0.4,2000,800034,0.012788793006620836,gm_battery,none,0.0
2-2-8,none,mixture,0.4,2000,800034,0.012788793006620836,gtest,none,635.4861247863552
2-2-8,none,mixture,0.4,2000,800035,0.015661092002119403,kl_plugin,none,0.00010757980467615016
2-2-8,none,mixture,0.4,2000,800035,0.015661092002119403,kl_split,none,0.05779083262667212
2-2-8,none,mixture,0.4,2000,800035,0.015661092002119403,kl_crossfit,none,0.05709691315530785
2-2-8,none,mixture,0.4,2000,800035,0.015661092002119403,cf1_margin,none,0.010228368221256057
2-2-8,none,mixture,0.4,2000,800035,0.015661092002119403,slack_plugin,none,0.020456736442511975
2-2-8,none,mixture,0.4,2000,800035,0.015661092002119403,gm_battery,none,0.0
2-2-8,none,mixture,0.4,2000,800035,0.015661092002119403,gtest,none,649.2486936314516
2-2-8,none,mixture,0.4,2000,800036,0.010042713001894299,kl_plugin,none,3.796226183226821e-14
2-2-8,none,mixture,0.4,2000,800036,0.010042713001894299,kl_split,none,0.047971469248004245
2-2-8,none,mixture,0.4,2000,800036,0.010042713001894299,kl_crossfit,none,0.05024707317376195
2-2-8,none,mixture,0.4,2000,800036,0.010042713001894299,cf1_margin,none,1.1102230246251565e-16
2-2-8,none,mixture,0.4,2000,800036,0.010042713001894299,slack_plugin,none,0.0
2-2-8,none,mixture,0.4,2000,800036,0.010042713001894299,gm_battery,none,0.0
2-2-8,none,mixture,0.4,2000,800036,0.010042713001894299,gtest,none,665.971106026165
2-2-8,none,mixture,0.4,2000,800037,0.01085283999418607,kl_plugin,none,1.608706569059753e-13
2-2-8,none,mixture,0.4,2000,800037,0.01085283999418607,kl_split,none,0.04755335894072414
2-2-8,none,mixture,0.4,2000,800037,0.01085283999418607,kl_crossfit,none,0.046455722826035745
2-2-8,none,mixture,0.4,2000,800037,0.01085283999418607,cf1_margin,none,0.0
2-2-8,none,mixture,0.4,2000,800037,0.01085283999418607,slack_plugin,none,0.0
2-2-8,none,mixture,0.4,2000,800037,0.01085283999418607,gm_battery,none,0.0
2-2-8,none,mixture,0.4,2000,800037,0.01085283999418607,gtest,none,618.1878130147277
2-2-8,none,mixture,0.4,2000,800038,0.014541133998136502,kl_plugin,none,2.848395210797705e-14
2-2-8,none,mixture,0.4,2000,800038,0.014541133998136502,kl_split,none,0.06424782177893437
2-2-8,none,mixture,0.4,2000,800038,0.014541133998136502,kl_crossfit,none,0.06303420658363137
2-2-8,none,mixture,0.4,2000,800038,0.014541133998136502,cf1_margin,none,2.220446049250313e-16
2-2-8,none,mixture,0.4,2000,800038,0.014541133998136502,slack_plugin,none,0.0
2-2-8,none,mixture,0.4,2000,800038,0.014541133998136502,gm_battery,none,0.0
2-2-8,none,mixture,0.4,2000,800038,0.014541133998136502,gtest,none,581.9446092803405
2-2-8,none,mixture,0.4,2000,800039,0.01276005099498434,kl_plugin,none,6.698265005690189e-14
2-2-8,none,mixture,0.4,2000,800039,0.01276005099498434,kl_split,none,0.06894130464989141
2-2-8,none,mixture,0.4,2000,800039,0.01276005099498434,kl_crossfit,none,0.06968454702850463
2-2-8,none,mixture,0.4,2000,800039,0.01276005099498434,cf1_margin,none,0.0
2-2-8,none,mixture,0.4,2000,800039,0.01276005099498434,slack_plugin,none,0.0
2-2-8,none,mixture,0.4,2000,800039,0.01276005099498434,gm_battery,none,0.0
2-2-8,none,mixture,0.4,2000,800039,0.01276005099498434,gtest,none,561.4643445277952
2-2-8,none,mixture,0.4,2000,800040,0.01659903300605947,kl_plugin,none,7.8992710719754e-07
2-2-8,none,mixture,0.4,2000,800040,0.01659903300605947,kl_split,none,0.05358892360964726
2-2-8,none,mixture,0.4,2000,800040,0.01659903300605947,kl_crossfit,none,0.05678384519183724
2-2-8,none,mixture,0.4,2000,800040,0.01659903300605947,cf1_margin,none,1.1102230246251565e-16
2-2-8,none,mixture,0.4,2000,800040,0.01659903300605947,slack_plugin,none,0.0
2-2-8,none,mixture,0.4,2000,800040,0.01659903300605947,gm_battery,none,0.0
2-2-8,none,mixture,0.4,2000,800040,0.01659903300605947,gtest,none,571.0929361349516
2-2-8,none,mixture,0.4,2000,800041,0.014898451998305973,kl_plugin,none,8.86410377243978e-09
2-2-8,none,mixture,0.4,2000,800041,0.014898451998305973,kl_split,none,0.05213086237521432
2-2-8,none,mixture,0.4,2000,800041,0.014898451998305973,kl_crossfit,none,0.06451323048576263
2-2-8,none,mixture,0.4,2000,800041,0.014898451998305973,cf1_margin,none,0.0
2-2-8,none,mixture,0.4,2000,800041,0.014898451998305973,slack_plugin,none,0.0
2-2-8,none,mixture,0.4,2000,800041,0.014898451998305973,gm_battery,none,0.0
2-2-8,none,mixture,0.4,2000,800041,0.014898451998305973,gtest,none,595.5079436361294
2-2-8,none,mixture,0.4,2000,800042,0.01617919999989681,kl_plugin,none,2.456891771062544e-09
2-2-8,none,mixture,0.4,2000,800042,0.01617919999989681,kl_split,none,0.04287499424931614
2-2-8,none,mixture,0.4,2000,800042,0.01617919999989681,kl_crossfit,none,0.04171380211315754
2-2-8,none,mixture,0.4,2000,800042,0.01617919999989681,cf1_margin,none,0.0
2-2-8,none,mixture,0.4,2000,800042,0.01617919999989681,slack_plugin,none,0.0
2-2-8,none,mixture,0.4,2000,800042,0.01617919999989681,gm_battery,none,0.0
2-2-8,none,mixture,0.4,2000,800042,0.01617919999989681,gtest,none,640.1969134352303
2-2-8,none,mixture,0.4,2000,800043,0.009996960005082656,kl_plugin,none,6.4618074089030475e-15
2-2-8,none,mixture,0.4,2000,800043,0.009996960005082656,kl_split,none,0.056587403780030236
2-2-8,none,mixture,0.4,2000,800043,0.009996960005082656,kl_crossfit,none,0.05522296807616875
2-2-8,none,mixture,0.4,2000,800043,0.009996960005082656,cf1_margin,none,0.0
2-2-8,none,mixture,0.4,2000,800043,0.009996960005082656,slack_plugin,none,0.0
2-2-8,none,mixture,0.4,2000,800043,0.009996960005082656,gm_battery,none,0.0
2-2-8,none,mixture,0.4,2000,800043,0.009996960005082656,gtest,none,585.0392145448742
2-2-8,none,mixture,0.4,2000,800044,0.01060313999914797,kl_plugin,none,1.0880065715026965e-14
2-2-8,none,mixture,0.4,2000,800044,0.01060313999914797,kl_split,none,0.06611581833083893
2-2-8,none,mixture,0.4,2000,800044,0.01060313999914797,kl_crossfit,none,0.06730198355355684
2-2-8,none,mixture,0.4,2000,800044,0.01060313999914797,cf1_margin,none,0.0
2-2-8,none,mixture,0.4,2000,800044,0.01060313999914797,slack_plugin,none,0.0
2-2-8,none,mixture,0.4,2000,800044,0.01060313999914797,gm_battery,none,0.0
2-2-8,none,mixture,0.4,2000,800044,0.01060313999914797,gtest,none,643.1952626242365
2-2-8,none,mixture,0.4,2000,800045,0.010872191996895708,kl_plugin,none,1.243979829828925e-13
2-2-8,none,mixture,0.4,2000,800045,0.010872191996895708,kl_split,none,0.06706597615905378
2-2-8,none,mixture,0.4,2000,800045,0.010872191996895708,kl_crossfit,none,0.07570440840883866
2-2-8,none,mixture,0.4,2000,800045,0.010872191996895708,cf1_margin,none,0.0
2-2-8,none,mixture,0.4,2000,800045,0.010872191996895708,slack_plugin,none,0.0
2-2-8,none,mixture,0.4,2000,800045,0.010872191996895708,gm_battery,none,0.0
2-2-8,none,mixture,0.4,2000,800045,0.010872191996895708,gtest,none,633.9574747501797
2-2-8,none,mixture,0.4,2000,800046,0.011316987001919188,kl_plugin,none,4.572236321201252e-13
2-2-8,none,mixture,0.4,2000,800046,0.011316987001919188,kl_split,none,2.032284318628351
2-2-8,none,mixture,0.4,2000,800046,0.011316987001919188,kl_crossfit,none,1.0547489979196523
2-2-8,none,mixture,0.4,2000,800046,0.011316987001919188,cf1_margin,none,1.1102230246251565e-16
2-2-8,none,mixture,0.4,2000,800046,0.011316987001919188,slack_plugin,none,0.0
2-2-8,none,mixture,0.4,2000,800046,0.011316987001919188,gm_battery,none,0.0
2-2-8,none,mixture,0.4,2000,800046,0.011316987001919188,gtest,none,555.0105001429029
2-2-8,none,mixture,0.4,2000,800047,0.011277884004812222,kl_plugin,none,0.00013096744374252803
2-2-8,none,mixture,0.4,2000,800047,0.011277884004812222,kl_split,none,0.037543726047164
2-2-8,none,mixture,0.4,2000,800047,0.011277884004812222,kl_crossfit,none,0.03581172856589743
2-2-8,none,mixture,0.4,2000,800047,0.011277884004812222,cf1_margin,none,0.011354408758715184
2-2-8,none,mixture,0.4,2000,800047,0.011277884004812222,slack_plugin,none,0.022708817517430847
2-2-8,none,mixture,0.4,2000,800047,0.011277884004812222,gm_battery,none,0.0
2-2-8,none,mixture,0.4,2000,800047,0.011277884004812222,gtest,none,609.7963396773171
2-2-8,none,mixture,0.4,2000,800048,0.012668440998822916,kl_plugin,none,2.7393531487710857e-11
2-2-8,none,mixture,0.4,2000,800048,0.012668440998822916,kl_split,none,0.04306396746284678
2-2-8,none,mixture,0.4,2000,800048,0.012668440998822916,kl_crossfit,none,0.05208417109438423
2-2-8,none,mixture,0.4,2000,800048,0.012668440998822916,cf1_margin,none,0.0
2-2-8,none,mixture,0.4,2000,800048,0.012668440998822916,slack_plugin,none,0.0
2-2-8,none,mixture,0.4,2000,800048,0.012668440998822916,gm_battery,none,0.0
2-2-8,none,mixture,0.4,2000,800048,0.012668440998822916,gtest,none,567.4560253751281
2-2-8,none,mixture,0.4,2000,800049,0.012067802003002726,kl_plugin,none,1.0299342937163263e-09
2-2-8,none,mixture,0.4,2000,800049,0.012067802003002726,kl_split,none,0.0530827005373223
2-2-8,none,mixture,0.4,2000,800049,0.012067802003002726,kl_crossfit,none,0.05403485331281968
2-2-8,none,mixture,0.4,2000,800049,0.012067802003002726,cf1_margin,none,2.220446049250313e-16
2-2-8,none,mixture,0.4,2000,800049,0.012067802003002726,slack_plugin,none,0.0
2-2-8,none,mixture,0.4,2000,800049,0.012067802003002726,gm_battery,none,0.0
2-2-8,none,mixture,0.4,2000,800049,0.012067802003002726,gtest,none,597.3851821562489
2-2-8,none,mixture,0.4,2000,800050,0.00993996799661545,kl_plugin,none,2.1548663662675536e-14
2-2-8,none,mixture,0.4,2000,800050,0.00993996799661545,kl_split,none,0.06949762542818569
2-2-8,none,mixture,0.4,2000,800050,0.00993996799661545,kl_crossfit,none,0.0696745114870087
2-2-8,none,mixture,0.4,2000,800050,0.00993996799661545,cf1_margin,none,0.0
2-2-8,none,mixture,0.4,2000,800050,0.00993996799661545,slack_plugin,none,0.0
2-2-8,none,mixture,0.4,2000,800050,0.00993996799661545,gm_battery,none,0.0
2-2-8,none,mixture,0.4,2000,800050,0.00993996799661545,gtest,none,638.3188383403358
2-2-8,none,mixture,0.4,2000,800051,0.010906053998041898,kl_plugin,none,1.0052272179289555e-09
2-2-8,none,mixture,0.4,2000,800051,0.010906053998041898,kl_split,none,0.08989656674456023
2-2-8,none,mixture,0.4,2000,800051,0.010906053998041898,kl_crossfit,none,0.08360437480848157
2-2-8,none,mixture,0.4,2000,800051,0.010906053998041898,cf1_margin,none,0.0
2-2-8,none,mixture,0.4,2000,800051,0.010906053998041898,slack_plugin,none,0.0
2-2-8,none,mixture,0.4,2000,800051,0.010906053998041898,gm_battery,none,0.0
2-2-8,none,mixture,0.4,2000,800051,0.010906053998041898,gtest,none,542.3371483188498
2-2-8,none,mixture,0.4,2000,800052,0.009951565996743739,kl_plugin,none,8.033034606453932e-14
2-2-8,none,mixture,0.4,2000,800052,0.009951565996743739,kl_split,none,0.0613203388179772
2-2-8,none,mixture,0.4,2000,800052,0.009951565996743739,kl_crossfit,none,0.05466927016392816
2-2-8,none,mixture,0.4,2000,800052,0.009951565996743739,cf1_margin,none,1.1102230246251565e-16
2-2-8,none,mixture,0.4,2000,800052,0.009951565996743739,slack_plugin,none,0.0
2-2-8,none,mixture,0.4,2000,800052,0.009951565996743739,gm_battery,none,0.0
2-2-8,none,mixture,0.4,2000,800052,0.009951565996743739,gtest,none,621.4214245152083
2-2-8,none,mixture,0.4,2000,800053,0.013590554000984412,kl_plugin,none,0.00034278667804600376
2-2-8,none,mixture,0.4,2000,800053,0.013590554000984412,kl_split,none,0.08148947053319597
2-2-8,none,mixture,0.4,2000,800053,0.013590554000984412,kl_crossfit,none,0.09034189106284336
2-2-8,none,mixture,0.4,2000,800053,0.013590554000984412,cf1_margin,none,0.01845490429031027
2-2-8,none,mixture,0.4,2000,800053,0.013590554000984412,slack_plugin,none,0.03690980858062048
2-2-8,none,mixture,0.4,2000,800053,0.013590554000984412,gm_battery,none,0.0
2-2-8,none,mixture,0.4,2000,800053,0.013590554000984412,gtest,none,578.8784086877621
2-2-8,none,mixture,0.4,2000,800054,0.009201178996590897,kl_plugin,none,2.863702022596876e-14
2-2-8,none,mixture,0.4,2000,800054,0.009201178996590897,kl_split,none,0.06792947232124948
2-2-8,none,mixture,0.4,2000,800054,0.009201178996590897,kl_crossfit,none,0.05883842456678741
2-2-8,none,mixture,0.4,2000,800054,0.009201178996590897,cf1_margin,none,0.0
2-2-8,none,mixture,0.4,2000,800054,0.009201178996590897,slack_plugin,none,0.0
2-2-8,none,mixture,0.4,2000,800054,0.009201178996590897,gm_battery,none,0.0
2-2-8,none,mixture,0.4,2000,800054,0.009201178996590897,gtest,none,628.5052347882497
2-2-8,none,mixture,0.4,2000,800055,0.015851440002734307,kl_plugin,none,9.50834468475844e-14
2-2-8,none,mixture,0.4,2000,800055,0.015851440002734307,kl_split,none,0.07114407284571556
2-2-8,none,mixture,0.4,2000,800055,0.015851440002734307,kl_crossfit,none,0.07306314704880171
2-2-8,none,mixture,0.4,2000,800055,0.015851440002734307,cf1_margin,none,0.0
2-2-8,none,mixture,0.4,2000,800055,0.015851440002734307,slack_plugin,none,0.0
2-2-8,none,mixture,0.4,2000,800055,0.015851440002734307,gm_battery,none,0.0
2-2-8,none,mixture,0.4,2000,800055,0.015851440002734307,gtest,none,570.8842682586348
2-2-8,none,mixture,0.4,2000,800056,0.023138374999689404,kl_plugin,none,7.0482533767701175e-09
2-2-8,none,mixture,0.4,2000,800056,0.023138374999689404,kl_split,none,2.127453871593726
2-2-8,none,mixture,0.4,2000,800056,0.023138374999689404,kl_crossfit,none,1.0958678732758704
2-2-8,none,mixture,0.4,2000,800056,0.023138374999689404,cf1_margin,none,0.0
2-2-8,none,mixture,0.4,2000,800056,0.023138374999689404,slack_plugin,none,0.0
2-2-8,none,mixture,0.4,2000,800056,0.023138374999689404,gm_battery,none,0.0
2-2-8,none,mixture,0.4,2000,800056,0.023138374999689404,gtest,none,655.466858938805
2-2-8,none,mixture,0.4,2000,800057,0.01574244099901989,kl_plugin,none,2.1167373253608898e-05
2-2-8,none,mixture,0.4,2000,800057,0.01574244099901989,kl_split,none,0.07503423587165406
2-2-8,none,mixture,0.4,2000,800057,0.01574244099901989,kl_crossfit,none,0.06853225218903086
2-2-8,none,mixture,0.4,2000,800057,0.01574244099901989,cf1_margin,none,0.003571432143289477
2-2-8,none,mixture,0.4,2000,800057,0.01574244099901989,slack_plugin,none,0.007142864286578558
2-2-8,none,mixture,0.4,2000,800057,0.01574244099901989,gm_battery,none,0.0
2-2-8,none,mixture,0.4,2000,800057,0.01574244099901989,gtest,none,606.6317113134742
2-2-8,none,mixture,0.4,2000,800058,0.011761021996790078,kl_plugin,none,1.455563107381503e-12
2-2-8,none,mixture,0.4,2000,800058,0.011761021996790078,kl_split,none,0.050508737732235694
2-2-8,none,mixture,0.4,2000,800058,0.011761021996790078,kl_crossfit,none,0.05008300224613339
2-2-8,none,mixture,0.4,2000,800058,0.011761021996790078,cf1_margin,none,1.1102230246251565e-16
2-2-8,none,mixture,0.4,2000,800058,0.011761021996790078,slack_plugin,none,0.0
2-2-8,none,mixture,0.4,2000,800058,0.011761021996790078,gm_battery,none,0.0
2-2-8,none,mixture,0.4,2000,800058,0.011761021996790078,gtest,none,643.1151098735402
2-2-8,none,mixture,0.4,2000,800059,0.01000435199966887,kl_plugin,none,2.632523760485567e-14
2-2-8,none,mixture,0.4,2000,800059,0.01000435199966887,kl_split,none,0.0702419079798399
2-2-8,none,mixture,0.4,2000,800059,0.01000435199966887,kl_crossfit,none,0.07112770759623563
2-2-8,none,mixture,0.4,2000,800059,0.01000435199966887,cf1_margin,none,0.0
2-2-8,none,mixture,0.4,2000,800059,0.01000435199966887,slack_plugin,none,0.0
2-2-8,none,mixture,0.4,2000,800059,0.01000435199966887,gm_battery,none,0.0
2-2-8,none,mixture,0.4,2000,800059,0.01000435199966887,gtest,none,616.0091849754571
2-2-8,none,mixture,0.4,2000,800060,0.012961264001205564,kl_plugin,none,7.650611102464767e-14
2-2-8,none,mixture,0.4,2000,800060,0.012961264001205564,kl_split,none,0.04386472108714309
2-2-8,none,mixture,0.4,2000,800060,0.012961264001205564,kl_crossfit,none,0.045584068006301603
2-2-8,none,mixture,0.4,2000,800060,0.012961264001205564,cf1_margin,none,0.0
2-2-8,none,mixture,0.4,2000,800060,0.012961264001205564,slack_plugin,none,0.0
2-2-8,none,mixture,0.4,2000,800060,0.012961264001205564,gm_battery,none,0.0
2-2-8,none,mixture,0.4,2000,800060,0.012961264001205564,gtest,none,698.2591351191792
2-2-8,none,mixture,0.4,2000,800061,0.01647520999540575,kl_plugin,none,8.021964973079516e-15
2-2-8,none,mixture,0.4,2000,800061,0.01647520999540575,kl_split,none,0.07161372731816712
2-2-8,none,mixture,0.4,2000,800061,0.01647520999540575,kl_crossfit,none,0.07034976073831405
2-2-8,none,mixture,0.4,2000,800061,0.01647520999540575,cf1_margin,none,1.1102230246251565e-16
2-2-8,none,mixture,0.4,2000,800061,0.01647520999540575,slack_plugin,none,0.0
2-2-8,none,mixture,0.4,2000,800061,0.01647520999540575,gm_battery,none,0.0
2-2-8,none,mixture,0.4,2000,800061,0.01647520999540575,gtest,none,607.0495450157869
2-2-8,none,mixture,0.4,2000,800062,0.01771406899933936,kl_plugin,none,2.636242673198866e-14
2-2-8,none,mixture,0.4,2000,800062,0.01771406899933936,kl_split,none,0.07415972987059012
2-2-8,none,mixture,0.4,2000,800062,0.01771406899933936,kl_crossfit,none,0.08081914266150199
2-2-8,none,mixture,0.4,2000,800062,0.01771406899933936,cf1_margin,none,0.0
2-2-8,none,mixture,0.4,2000,800062,0.01771406899933936,slack_plugin,none,0.0
2-2-8,none,mixture,0.4,2000,800062,0.01771406899933936,gm_battery,none,0.0
2-2-8,none,mixture,0.4,2000,800062,0.01771406899933936,gtest,none,588.5804933995657
2-2-8,none,mixture,0.4,2000,800063,0.01178648800123483,kl_plugin,none,2.3174368492626558e-14
2-2-8,none,mixture,0.4,2000,800063,0.01178648800123483,kl_split,none,0.040369298917766944
2-2-8,none,mixture,0.4,2000,800063,0.01178648800123483,kl_crossfit,none,0.04051344380773151
2-2-8,none,mixture,0.4,2000,800063,0.01178648800123483,cf1_margin,none,0.0
2-2-8,none,mixture,0.4,2000,800063,0.01178648800123483,slack_plugin,none,0.0
2-2-8,none,mixture,0.4,2000,800063,0.01178648800123483,gm_battery,none,0.0
2-2-8,none,mixture,0.4,2000,800063,0.01178648800123483,gtest,none,538.5740924420685
2-2-8,none,mixture,0.4,2000,800064,0.011375499001587741,kl_plugin,none,4.678182105961941e-08
2-2-8,none,mixture,0.4,2000,800064,0.011375499001587741,kl_split,none,0.09779877364945279
2-2-8,none,mixture,0.4,2000,800064,0.011375499001587741,kl_crossfit,none,0.08503238433778335
2-2-8,none,mixture,0.4,2000,800064,0.011375499001587741,cf1_margin,none,0.0
2-2-8,none,mixture,0.4,2000,800064,0.011375499001587741,slack_plugin,none,0.0
2-2-8,none,mixture,0.4,2000,800064,0.011375499001587741,gm_battery,none,0.0
2-2-8,none,mixture,0.4,2000,800064,0.011375499001587741,gtest,none,747.9704492602343
2-2-8,none,mixture,0.4,2000,800065,0.011685511002724525,kl_plugin,none,1.6600159628602868e-09
2-2-8,none,mixture,0.4,2000,800065,0.011685511002724525,kl_split,none,0.053010619198565444
2-2-8,none,mixture,0.4,2000,800065,0.011685511002724525,kl_crossfit,none,0.05476095765435813
2-2-8,none,mixture,0.4,2000,800065,0.011685511002724525,cf1_margin,none,1.1102230246251565e-16
2-2-8,none,mixture,0.4,2000,800065,0.011685511002724525,slack_plugin,none,0.0
2-2-8,none,mixture,0.4,2000,800065,0.011685511002724525,gm_battery,none,0.0
2-2-8,none,mixture,0.4,2000,800065,0.011685511002724525,gtest,none,634.6776674135255
2-2-8,none,mixture,0.4,2000,800066,0.010470616005477495,kl_plugin,none,3.4480309395069174e-14
2-2-8,none,mixture,0.4,2000,800066,0.010470616005477495,kl_split,none,0.04867324422186707
2-2-8,none,mixture,0.4,2000,800066,0.010470616005477495,kl_crossfit,none,0.05522046544155919
2-2-8,none,mixture,0.4,2000,800066,0.010470616005477495,cf1_margin,none,0.0
2-2-8,none,mixture,0.4,2000,800066,0.010470616005477495,slack_plugin,none,0.0
2-2-8,none,mixture,0.4,2000,800066,0.010470616005477495,gm_battery,none,0.0
2-2-8,none,mixture,0.4,2000,800066,0.010470616005477495,gtest,none,627.1797119605378
2-2-8,none,mixture,0.4,2000,800067,0.011993177002295852,kl_plugin,none,5.425743511054238e-13
2-2-8,none,mixture,0.4,2000,800067,0.011993177002295852,kl_split,none,0.03838634530928872
2-2-8,none,mixture,0.4,2000,800067,0.011993177002295852,kl_crossfit,none,0.038093754658170595
2-2-8,none,mixture,0.4,2000,800067,0.011993177002295852,cf1_margin,none,2.220446049250313e-16
2-2-8,none,mixture,0.4,2000,800067,0.011993177002295852,slack_plugin,none,0.0
2-2-8,none,mixture,0.4,2000,800067,0.011993177002295852,gm_battery,none,0.0
2-2-8,none,mixture,0.4,2000,800067,0.011993177002295852,gtest,none,550.8471364759808
2-2-8,none,mixture,0.4,2000,800068,0.00967664600466378,kl_plugin,none,4.135930133408737e-14
2-2-8,none,mixture,0.4,2000,800068,0.00967664600466378,kl_split,none,0.056429522903221466
2-2-8,none,mixture,0.4,2000,800068,0.00967664600466378,kl_crossfit,none,0.05605162368379997
2-2-8,none,mixture,0.4,2000,800068,0.00967664600466378,cf1_margin,none,0.0
2-2-8,none,mixture,0.4,2000,800068,0.00967664600466378,slack_plugin,none,0.0
2-2-8,none,mixture,0.4,2000,800068,0.00967664600466378,gm_battery,none,0.0
2-2-8,none,mixture,0.4,2000,800068,0.00967664600466378,gtest,none,618.9447912535938
2-2-8,none,mixture,0.4,2000,800069,0.010532865999266505,kl_plugin,none,4.581049068110236e-13
2-2-8,none,mixture,0.4,2000,800069,0.010532865999266505,kl_split,none,0.05554796357399384
2-2-8,none,mixture,0.4,2000,800069,0.010532865999266505,kl_crossfit,none,0.06743549300157065
2-2-8,none,mixture,0.4,2000,800069,0.010532865999266505,cf1_margin,none,2.220446049250313e-16
2-2-8,none,mixture,0.4,2000,800069,0.010532865999266505,slack_plugin,none,0.0
2-2-8,none,mixture,0.4,2000,800069,0.010532865999266505,gm_battery,none,0.0
2-2-8,none,mixture,0.4,2000,800069,0.010532865999266505,gtest,none,615.900113030829
2-2-8,none,mixture,0.4,2000,800070,0.010214542999165133,kl_plugin,none,7.279379476207303e-07
2-2-8,none,mixture,0.4,2000,800070,0.010214542999165133,kl_split,none,0.04037090042126621
2-2-8,none,mixture,0.4,2000,800070,0.010214542999165133,kl_crossfit,none,0.04072051292669067
2-2-8,none,mixture,0.4,2000,800070,0.010214542999165133,cf1_margin,none,0.0
2-2-8,none,mixture,0.4,2000,800070,0.010214542999165133,slack_plugin,none,0.0
2-2-8,none,mixture,0.4,2000,800070,0.010214542999165133,gm_battery,none,0.0
2-2-8,none,mixture,0.4,2000,800070,0.010214542999165133,gtest,none,627.6099461313166
2-2-8,none,mixture,0.4,2000,800071,0.008861221998813562,kl_plugin,none,3.5062349782149584e-14
2-2-8,none,mixture,0.4,2000,800071,0.008861221998813562,kl_split,none,0.05149769037209238
2-2-8,none,mixture,0.4,2000,800071,0.008861221998813562,kl_crossfit,none,0.05390229504137886
2-2-8,none,mixture,0.4,2000,800071,0.008861221998813562,cf1_margin,none,1.1102230246251565e-16
2-2-8,none,mixture,0.4,2000,800071,0.008861221998813562,slack_plugin,none,0.0
2-2-8,none,mixture,0.4,2000,800071,0.008861221998813562,gm_battery,none,0.0
2-2-8,none,mixture,0.4,2000,800071,0.008861221998813562,gtest,none,618.7654362010928
2-2-8,none,mixture,0.4,2000,800072,0.009837322002567817,kl_plugin,none,5.732067682208137e-14
2-2-8,none,mixture,0.4,2000,800072,0.009837322002567817,kl_split,none,0.03236656012941997
2-2-8,none,mixture,0.4,2000,800072,0.009837322002567817,kl_crossfit,none,0.0327585460457112
2-2-8,none,mixture,0.4,2000,800072,0.009837322002567817,cf1_margin,none,0.0
2-2-8,none,mixture,0.4,2000,800072,0.009837322002567817,slack_plugin,none,0.0
2-2-8,none,mixture,0.4,2000,800072,0.009837322002567817,gm_battery,none,0.0
2-2-8,none,mixture,0.4,2000,800072,0.009837322002567817,gtest,none,603.3066120462469
2-2-8,none,mixture,0.4,2000,800073,0.011323717000777833,kl_plugin,none,6.594751482221982e-14
2-2-8,none,mixture,0.4,2000,800073,0.011323717000777833,kl_split,none,0.0790366009273921
2-2-8,none,mixture,0.4,2000,800073,0.011323717000777833,kl_crossfit,none,0.0696768668823545
2-2-8,none,mixture,0.4,2000,800073,0.011323717000777833,cf1_margin,none,1.1102230246251565e-16
2-2-8,none,mixture,0.4,2000,800073,0.011323717000777833,slack_plugin,none,0.0
2-2-8,none,mixture,0.4,2000,800073,0.011323717000777833,gm_battery,none,0.0
2-2-8,none,mixture,0.4,2000,800073,0.011323717000777833,gtest,none,609.7600933975834
2-2-8,none,mixture,0.4,2000,800074,0.01488337900082115,kl_plugin,none,5.243315842506053e-14
2-2-8,none,mixture,0.4,2000,800074,0.01488337900082115,kl_split,none,0.06309487143592604
2-2-8,none,mixture,0.4,2000,800074,0.01488337900082115,kl_crossfit,none,0.06547158988690885
2-2-8,none,mixture,0.4,2000,800074,0.01488337900082115,cf1_margin,none,0.0
2-2-8,none,mixture,0.4,2000,800074,0.01488337900082115,slack_plugin,none,0.0
2-2-8,none,mixture,0.4,2000,800074,0.01488337900082115,gm_battery,none,0.0
2-2-8,none,mixture,0.4,2000,800074,0.01488337900082115,gtest,none,554.3069534632644
2-2-8,none,mixture,0.4,2000,800075,0.010800249998283107,kl_plugin,none,1.975414223910835e-07
2-2-8,none,mixture,0.4,2000,800075,0.010800249998283107,kl_split,none,0.06513475853048749
2-2-8,none,mixture,0.4,2000,800075,0.010800249998283107,kl_crossfit,none,0.07414318971027498
2-2-8,none,mixture,0.4,2000,800075,0.010800249998283107,cf1_margin,none,0.0
2-2-8,none,mixture,0.4,2000,800075,0.010800249998283107,slack_plugin,none,0.0
2-2-8,none,mixture,0.4,2000,800075,0.010800249998283107,gm_battery,none,0.0
2-2-8,none,mixture,0.4,2000,800075,0.010800249998283107,gtest,none,668.4275489011561
2-2-8,none,mixture,0.4,2000,800076,0.01144309800292831,kl_plugin,none,3.243177867480592e-14
2-2-8,none,mixture,0.4,2000,800076,0.01144309800292831,kl_split,none,0.052872158498833206
2-2-8,none,mixture,0.4,2000,800076,0.01144309800292831,kl_crossfit,none,0.05284573279139097
2-2-8,none,mixture,0.4,2000,800076,0.01144309800292831,cf1_margin,none,0.0
2-2-8,none,mixture,0.4,2000,800076,0.01144309800292831,slack_plugin,none,0.0
2-2-8,none,mixture,0.4,2000,800076,0.01144309800292831,gm_battery,none,0.0
2-2-8,none,mixture,0.4,2000,800076,0.01144309800292831,gtest,none,598.2651625539945
2-2-8,none,mixture,0.4,2000,800077,0.010158883000258356,kl_plugin,none,1.2111961202706777e-09
2-2-8,none,mixture,0.4,2000,800077,0.010158883000258356,kl_split,none,0.06202541320482104
2-2-8,none,mixture,0.4,2000,800077,0.010158883000258356,kl_crossfit,none,0.060790426877125915
2-2-8,none,mixture,0.4,2000,800077,0.010158883000258356,cf1_margin,none,0.0
2-2-8,none,mixture,0.4,2000,800077,0.010158883000258356,slack_plugin,none,0.0
2-2-8,none,mixture,0.4,2000,800077,0.010158883000258356,gm_battery,none,0.0
2-2-8,none,mixture,0.4,2000,800077,0.010158883000258356,gtest,none,621.6232330746669
2-2-8,none,mixture,0.4,2000,800078,0.01138090399763314,kl_plugin,none,6.939649874195208e-14
2-2-8,none,mixture,0.4,2000,800078,0.01138090399763314,kl_split,none,0.05113706625274438
2-2-8,none,mixture,0.4,2000,800078,0.01138090399763314,kl_crossfit,none,0.04918239310291071
2-2-8,none,mixture,0.4,2000,800078,0.01138090399763314,cf1_margin,none,0.0
2-2-8,none,mixture,0.4,2000,800078,0.01138090399763314,slack_plugin,none,0.0
2-2-8,none,mixture,0.4,2000,800078,0.01138090399763314,gm_battery,none,0.0
2-2-8,none,mixture,0.4,2000,800078,0.01138090399763314,gtest,none,609.6091556007328
2-2-8,none,mixture,0.4,2000,800079,0.010240102004900109,kl_plugin,none,4.929746586022772e-15
2-2-8,none,mixture,0.4,2000,800079,0.010240102004900109,kl_split,none,0.06079503270887825
2-2-8,none,mixture,0.4,2000,800079,0.010240102004900109,kl_crossfit,none,0.05883313301290142
2-2-8,none,mixture,0.4,2000,800079,0.010240102004900109,cf1_margin,none,0.0
2-2-8,none,mixture,0.4,2000,800079,0.010240102004900109,slack_plugin,none,0.0
2-2-8,none,mixture,0.4,2000,800079,0.010240102004900109,gm_battery,none,0.0
2-2-8,none,mixture,0.4,2000,800079,0.010240102004900109,gtest,none,650.4661496002514
2-2-8,none,mixture,0.4,2000,800080,0.017154401997686364,kl_plugin,none,2.4810493192625467e-09
2-2-8,none,mixture,0.4,2000,800080,0.017154401997686364,kl_split,none,0.06054728847927764
2-2-8,none,mixture,0.4,2000,800080,0.017154401997686364,kl_crossfit,none,0.06173487606404955
2-2-8,none,mixture,0.4,2000,800080,0.017154401997686364,cf1_margin,none,2.220446049250313e-16
2-2-8,none,mixture,0.4,2000,800080,0.017154401997686364,slack_plugin,none,0.0
2-2-8,none,mixture,0.4,2000,800080,0.017154401997686364,gm_battery,none,0.0
2-2-8,none,mixture,0.4,2000,800080,0.017154401997686364,gtest,none,632.0323453580984
2-2-8,none,mixture,0.4,2000,800081,0.01491777000046568,kl_plugin,none,5.06030587612902e-14
2-2-8,none,mixture,0.4,2000,800081,0.01491777000046568,kl_split,none,0.05998895008780775
2-2-8,none,mixture,0.4,2000,800081,0.01491777000046568,kl_crossfit,none,0.06673317425382608
2-2-8,none,mixture,0.4,2000,800081,0.01491777000046568,cf1_margin,none,0.0
2-2-8,none,mixture,0.4,2000,800081,0.01491777000046568,slack_plugin,none,0.0
2-2-8,none,mixture,0.4,2000,800081,0.01491777000046568,gm_battery,none,0.0
2-2-8,none,mixture,0.4,2000,800081,0.01491777000046568,gtest,none,735.2257911532056
2-2-8,none,mixture,0.4,2000,800082,0.009582564998709131,kl_plugin,none,1.5595203508855437e-14
2-2-8,none,mixture,0.4,2000,800082,0.009582564998709131,kl_split,none,0.06971612721243696
2-2-8,none,mixture,0.4,2000,800082,0.009582564998709131,kl_crossfit,none,0.06937711033596541
2-2-8,none,mixture,0.4,2000,800082,0.009582564998709131,cf1_margin,none,0.0
2-2-8,none,mixture,0.4,2000,800082,0.009582564998709131,slack_plugin,none,0.0
2-2-8,none,mixture,0.4,2000,800082,0.009582564998709131,gm_battery,none,0.0
2-2-8,none,mixture,0.4,2000,800082,0.009582564998709131,gtest,none,665.1358170320391
2-2-8,none,mixture,0.4,2000,800083,0.010322773996449541,kl_plugin,none,9.831654411838795e-14
2-2-8,none,mixture,0.4,2000,800083,0.010322773996449541,kl_split,none,0.0638307647097595
2-2-8,none,mixture,0.4,2000,800083,0.010322773996449541,kl_crossfit,none,0.07389029845745365
2-2-8,none,mixture,0.4,2000,800083,0.010322773996449541,cf1_margin,none,1.1102230246251565e-16
2-2-8,none,mixture,0.4,2000,800083,0.010322773996449541,slack_plugin,none,0.0
2-2-8,none,mixture,0.4,2000,800083,0.010322773996449541,gm_battery,none,0.0
2-2-8,none,mixture,0.4,2000,800083,0.010322773996449541,gtest,none,620.3539723623551
2-2-8,none,mixture,0.4,2000,800084,0.008945315996243153,kl_plugin,none,4.049887909219036e-14
2-2-8,none,mixture,0.4,2000,800084,0.008945315996243153,kl_split,none,0.06256440195227878
2-2-8,none,mixture,0.4,2000,800084,0.008945315996243153,kl_crossfit,none,0.6856704538725751
2-2-8,none,mixture,0.4,2000,800084,0.008945315996243153,cf1_margin,none,0.0
2-2-8,none,mixture,0.4,2000,800084,0.008945315996243153,slack_plugin,none,0.0
2-2-8,none,mixture,0.4,2000,800084,0.008945315996243153,gm_battery,none,0.0
2-2-8,none,mixture,0.4,2000,800084,0.008945315996243153,gtest,none,719.0110371863027
2-2-8,none,mixture,0.4,2000,800085,0.011644252001133282,kl_plugin,none,7.520835065180683e-13
2-2-8,none,mixture,0.4,2000,800085,0.011644252001133282,kl_split,none,0.052761841139688695
2-2-8,none,mixture,0.4,2000,800085,0.011644252001133282,kl_crossfit,none,0.05319839387081379
2-2-8,none,mixture,0.4,2000,800085,0.011644252001133282,cf1_margin,none,0.0
2-2-8,none,mixture,0.4,2000,800085,0.011644252001133282,slack_plugin,none,0.0
2-2-8,none,mixture,0.4,2000,800085,0.011644252001133282,gm_battery,none,0.0
2-2-8,none,mixture,0.4,2000,800085,0.011644252001133282,gtest,none,529.8983441832102
2-2-8,none,mixture,0.4,2000,800086,0.010703892003220972,kl_plugin,none,7.983775719073247e-14
2-2-8,none,mixture,0.4,2000,800086,0.010703892003220972,kl_split,none,0.05395872249029918
2-2-8,none,mixture,0.4,2000,800086,0.010703892003220972,kl_crossfit,none,0.05160112342221025
2-2-8,none,mixture,0.4,2000,800086,0.010703892003220972,cf1_margin,none,0.0
2-2-8,none,mixture,0.4,2000,800086,0.010703892003220972,slack_plugin,none,0.0
2-2-8,none,mixture,0.4,2000,800086,0.010703892003220972,gm_battery,none,0.0
2-2-8,none,mixture,0.4,2000,800086,0.010703892003220972,gtest,none,601.9104006794299
2-2-8,none,mixture,0.4,2000,800087,0.009388903999933973,kl_plugin,none,2.092890608297653e-14
2-2-8,none,mixture,0.4,2000,800087,0.009388903999933973,kl_split,none,0.04844540692545855
2-2-8,none,mixture,0.4,2000,800087,0.009388903999933973,kl_crossfit,none,0.0497778791333459
2-2-8,none,mixture,0.4,2000,800087,0.009388903999933973,cf1_margin,none,0.0
2-2-8,none,mixture,0.4,2000,800087,0.009388903999933973,slack_plugin,none,0.0
2-2-8,none,mixture,0.4,2000,800087,0.009388903999933973,gm_battery,none,0.0
2-2-8,none,mixture,0.4,2000,800087,0.009388903999933973,gtest,none,661.8407524747902
2-2-8,none,mixture,0.4,2000,800088,0.012627483003598172,kl_plugin,none,8.19306346178385e-09
2-2-8,none,mixture,0.4,2000,800088,0.012627483003598172,kl_split,none,0.06383702342141397
2-2-8,none,mixture,0.4,2000,800088,0.012627483003598172,kl_crossfit,none,0.061951689905388345
2-2-8,none,mixture,0.4,2000,800088,0.012627483003598172,cf1_margin,none,0.0
2-2-8,none,mixture,0.4,2000,800088,0.012627483003598172,slack_plugin,none,0.0
2-2-8,none,mixture,0.4,2000,800088,0.012627483003598172,gm_battery,none,0.0
2-2-8,none,mixture,0.4,2000,800088,0.012627483003598172,gtest,none,667.4408536635424
2-2-8,none,mixture,0.4,2000,800089,0.010333922997233458,kl_plugin,none,1.76043514974047e-11
2-2-8,none,mixture,0.4,2000,800089,0.010333922997233458,kl_split,none,0.056781478916109074
2-2-8,none,mixture,0.4,2000,800089,0.010333922997233458,kl_crossfit,none,0.05598154284313403
2-2-8,none,mixture,0.4,2000,800089,0.010333922997233458,cf1_margin,none,0.0
2-2-8,none,mixture,0.4,2000,800089,0.010333922997233458,slack_plugin,none,0.0
2-2-8,none,mixture,0.4,2000,800089,0.010333922997233458,gm_battery,none,0.0
2-2-8,none,mixture,0.4,2000,800089,0.010333922997233458,gtest,none,610.8637343589619
2-2-8,none,mixture,0.4,2000,800090,0.011402873999031726,kl_plugin,none,1.3709309425906e-05
2-2-8,none,mixture,0.4,2000,800090,0.011402873999031726,kl_split,none,0.04262422016355066
2-2-8,none,mixture,0.4,2000,800090,0.011402873999031726,kl_crossfit,none,0.043796658524782914
2-2-8,none,mixture,0.4,2000,800090,0.011402873999031726,cf1_margin,none,0.002111018999170877
2-2-8,none,mixture,0.4,2000,800090,0.011402873999031726,slack_plugin,none,0.004222037998341841
2-2-8,none,mixture,0.4,2000,800090,0.011402873999031726,gm_battery,none,0.0
2-2-8,none,mixture,0.4,2000,800090,0.011402873999031726,gtest,none,599.3480081130817
2-2-8,none,mixture,0.4,2000,800091,0.013501647001248784,kl_plugin,none,1.0815483719789278e-06
2-2-8,none,mixture,0.4,2000,800091,0.013501647001248784,kl_split,none,0.05098471756681442
2-2-8,none,mixture,0.4,2000,800091,0.013501647001248784,kl_crossfit,none,0.04987700394052912
2-2-8,none,mixture,0.4,2000,800091,0.013501647001248784,cf1_margin,none,0.0
2-2-8,none,mixture,0.4,2000,800091,0.013501647001248784,slack_plugin,none,0.0
2-2-8,none,mixture,0.4,2000,800091,0.013501647001248784,gm_battery,none,0.0
2-2-8,none,mixture,0.4,2000,800091,0.013501647001248784,gtest,none,635.9242816742332
2-2-8,none,mixture,0.4,2000,800092,0.0090581039985409,kl_plugin,none,3.645198434925274e-14
2-2-8,none,mixture,0.4,2000,800092,0.0090581039985409,kl_split,none,0.042993306085174814
2-2-8,none,mixture,0.4,2000,800092,0.0090581039985409,kl_crossfit,none,0.04233255265861145
2-2-8,none,mixture,0.4,2000,800092,0.0090581039985409,cf1_margin,none,1.1102230246251565e-16
2-2-8,none,mixture,0.4,2000,800092,0.0090581039985409,slack_plugin,none,0.0
2-2-8,none,mixture,0.4,2000,800092,0.0090581039985409,gm_battery,none,0.0
2-2-8,none,mixture,0.4,2000,800092,0.0090581039985409,gtest,none,598.6745223423893
2-2-8,none,mixture,0.4,2000,800093,0.010757743002614006,kl_plugin,none,0.00012070188270456392
2-2-8,none,mixture,0.4,2000,800093,0.010757743002614006,kl_split,none,0.06626546150104595
2-2-8,none,mixture,0.4,2000,800093,0.010757743002614006,kl_crossfit,none,0.06672961858033351
2-2-8,none,mixture,0.4,2000,800093,0.010757743002614006,cf1_margin,none,0.010760301996541877
2-2-8,none,mixture,0.4,2000,800093,0.010757743002614006,slack_plugin,none,0.021520603993083025
2-2-8,none,mixture,0.4,2000,800093,0.010757743002614006,gm_battery,none,0.0
2-2-8,none,mixture,0.4,2000,800093,0.010757743002614006,gtest,none,646.3903010357659
2-2-8,none,mixture,0.4,2000,800094,0.010561859999143053,kl_plugin,none,2.516642825151539e-11
2-2-8,none,mixture,0.4,2000,800094,0.010561859999143053,kl_split,none,0.05070785228578855
2-2-8,none,mixture,0.4,2000,800094,0.010561859999143053,kl_crossfit,none,0.04884549498529073
2-2-8,none,mixture,0.4,2000,800094,0.010561859999143053,cf1_margin,none,1.1102230246251565e-16
2-2-8,none,mixture,0.4,2000,800094,0.010561859999143053,slack_plugin,none,0.0
2-2-8,none,mixture,0.4,2000,800094,0.010561859999143053,gm_battery,none,0.0
2-2-8,none,mixture,0.4,2000,800094,0.010561859999143053,gtest,none,651.1556372879136
2-2-8,none,mixture,0.4,2000,800095,0.01053849900199566,kl_plugin,none,2.6006810917498864e-14
2-2-8,none,mixture,0.4,2000,800095,0.01053849900199566,kl_split,none,0.08443526061279602
2-2-8,none,mixture,0.4,2000,800095,0.01053849900199566,kl_crossfit,none,0.07424017804612748
2-2-8,none,mixture,0.4,2000,800095,0.01053849900199566,cf1_margin,none,0.0
2-2-8,none,mixture,0.4,2000,800095,0.01053849900199566,slack_plugin,none,0.0
2-2-8,none,mixture,0.4,2000,800095,0.01053849900199566,gm_battery,none,0.0
2-2-8,none,mixture,0.4,2000,800095,0.01053849900199566,gtest,none,584.5009149650311
2-2-8,none,mixture,0.4,2000,800096,0.014572011998097878,kl_plugin,none,4.728437209801443e-10
2-2-8,none,mixture,0.4,2000,800096,0.014572011998097878,kl_split,none,0.07010722989403023
2-2-8,none,mixture,0.4,2000,800096,0.014572011998097878,kl_crossfit,none,0.07082691584099708
2-2-8,none,mixture,0.4,2000,800096,0.014572011998097878,cf1_margin,none,0.0
2-2-8,none,mixture,0.4,2000,800096,0.014572011998097878,slack_plugin,none,0.0
2-2-8,none,mixture,0.4,2000,800096,0.014572011998097878,gm_battery,none,0.0
2-2-8,none,mixture,0.4,2000,800096,0.014572011998097878,gtest,none,574.5051371163332
2-2-8,none,mixture,0.4,2000,800097,0.013129234001098666,kl_plugin,none,5.190929518901691e-13
2-2-8,none,mixture,0.4,2000,800097,0.013129234001098666,kl_split,none,0.07898003588394208
2-2-8,none,mixture,0.4,2000,800097,0.013129234001098666,kl_crossfit,none,0.08199626442031543
2-2-8,none,mixture,0.4,2000,800097,0.013129234001098666,cf1_margin,none,1.1102230246251565e-16
2-2-8,none,mixture,0.4,2000,800097,0.013129234001098666,slack_plugin,none,0.0
2-2-8,none,mixture,0.4,2000,800097,0.013129234001098666,gm_battery,none,0.0
2-2-8,none,mixture,0.4,2000,800097,0.013129234001098666,gtest,none,567.0020751399585
2-2-8,none,mixture,0.4,2000,800098,0.01176664299418917,kl_plugin,none,1.2762305230384558e-09
2-2-8,none,mixture,0.4,2000,800098,0.01176664299418917,kl_split,none,0.04676579843557889
2-2-8,none,mixture,0.4,2000,800098,0.01176664299418917,kl_crossfit,none,0.04556790942130719
2-2-8,none,mixture,0.4,2000,800098,0.01176664299418917,cf1_margin,none,0.0
2-2-8,none,mixture,0.4,2000,800098,0.01176664299418917,slack_plugin,none,0.0
2-2-8,none,mixture,0.4,2000,800098,0.01176664299418917,gm_battery,none,0.0
2-2-8,none,mixture,0.4,2000,800098,0.01176664299418917,gtest,none,676.4400042158284
2-2-8,none,mixture,0.4,2000,800099,0.010695459997805301,kl_plugin,none,5.470393723006206e-14
2-2-8,none,mixture,0.4,2000,800099,0.010695459997805301,kl_split,none,0.05546342119959353
2-2-8,none,mixture,0.4,2000,800099,0.010695459997805301,kl_crossfit,none,0.05594399964487462
2-2-8,none,mixture,0.4,2000,800099,0.010695459997805301,cf1_margin,none,0.0
2-2-8,none,mixture,0.4,2000,800099,0.010695459997805301,slack_plugin,none,0.0
2-2-8,none,mixture,0.4,2000,800099,0.010695459997805301,gm_battery,none,0.0
2-2-8,none,mixture,0.4,2000,800099,0.010695459997805301,gtest,none,544.5153037895093
2-2-8,none,mixture,0.4,2000,800100,0.009149079000053462,kl_plugin,none,5.565787565150103e-15
2-2-8,none,mixture,0.4,2000,800100,0.009149079000053462,kl_split,none,0.053638674872606096
2-2-8,none,mixture,0.4,2000,800100,0.009149079000053462,kl_crossfit,none,0.054348376947176105
2-2-8,none,mixture,0.4,2000,800100,0.009149079000053462,cf1_margin,none,0.0
2-2-8,none,mixture,0.4,2000,800100,0.009149079000053462,slack_plugin,none,0.0
2-2-8,none,mixture,0.4,2000,800100,0.009149079000053462,gm_battery,none,0.0
2-2-8,none,mixture,0.4,2000,800100,0.009149079000053462,gtest,none,690.3380922060269
2-2-8,none,mixture,0.4,2000,800101,0.010282704999553971,kl_plugin,none,7.850642129080681e-14
2-2-8,none,mixture,0.4,2000,800101,0.010282704999553971,kl_split,none,0.05795633809970274
2-2-8,none,mixture,0.4,2000,800101,0.010282704999553971,kl_crossfit,none,0.0616120134906059
2-2-8,none,mixture,0.4,2000,800101,0.010282704999553971,cf1_margin,none,0.0
2-2-8,none,mixture,0.4,2000,800101,0.010282704999553971,slack_plugin,none,0.0
2-2-8,none,mixture,0.4,2000,800101,0.010282704999553971,gm_battery,none,0.0
2-2-8,none,mixture,0.4,2000,800101,0.010282704999553971,gtest,none,540.1348594104101
2-2-8,none,mixture,0.4,2000,800102,0.014370823002536781,kl_plugin,none,3.9555967216618565e-14
2-2-8,none,mixture,0.4,2000,800102,0.014370823002536781,kl_split,none,0.06737931438852035
2-2-8,none,mixture,0.4,2000,800102,0.014370823002536781,kl_crossfit,none,0.06178082805821848
2-2-8,none,mixture,0.4,2000,800102,0.014370823002536781,cf1_margin,none,1.1102230246251565e-16
2-2-8,none,mixture,0.4,2000,800102,0.014370823002536781,slack_plugin,none,0.0
2-2-8,none,mixture,0.4,2000,800102,0.014370823002536781,gm_battery,none,0.0
2-2-8,none,mixture,0.4,2000,800102,0.014370823002536781,gtest,none,656.2798124619421
2-2-8,none,mixture,0.4,2000,800103,0.020648561003326904,kl_plugin,none,1.0077673771134478e-10
2-2-8,none,mixture,0.4,2000,800103,0.020648561003326904,kl_split,none,0.0756054556598008
2-2-8,none,mixture,0.4,2000,800103,0.020648561003326904,kl_crossfit,none,0.06407704782447059
2-2-8,none,mixture,0.4,2000,800103,0.020648561003326904,cf1_margin,none,0.0
2-2-8,none,mixture,0.4,2000,800103,0.020648561003326904,slack_plugin,none,0.0
2-2-8,none,mixture,0.4,2000,800103,0.020648561003326904,gm_battery,none,0.0
2-2-8,none,mixture,0.4,2000,800103,0.020648561003326904,gtest,none,574.7705623740512
2-2-8,none,mixture,0.4,2000,800104,0.018141771004593465,kl_plugin,none,1.3156629748605267e-07
2-2-8,none,mixture,0.4,2000,800104,0.018141771004593465,kl_split,none,0.05014359279528263
2-2-8,none,mixture,0.4,2000,800104,0.018141771004593465,kl_crossfit,none,0.050353098879106974
2-2-8,none,mixture,0.4,2000,800104,0.018141771004593465,cf1_margin,none,0.0
2-2-8,none,mixture,0.4,2000,800104,0.018141771004593465,slack_plugin,none,0.0
2-2-8,none,mixture,0.4,2000,800104,0.018141771004593465,gm_battery,none,0.0
2-2-8,none,mixture,0.4,2000,800104,0.018141771004593465,gtest,none,574.1526214833871
2-2-8,none,mixture,0.4,2000,800105,0.011749315999622922,kl_plugin,none,4.2753083871164065e-15
2-2-8,none,mixture,0.4,2000,800105,0.011749315999622922,kl_split,none,0.06281855951560486
2-2-8,none,mixture,0.4,2000,800105,0.011749315999622922,kl_crossfit,none,0.06288546262842372
2-2-8,none,mixture,0.4,2000,800105,0.011749315999622922,cf1_margin,none,1.1102230246251565e-16
2-2-8,none,mixture,0.4,2000,800105,0.011749315999622922,slack_plugin,none,0.0
2-2-8,none,mixture,0.4,2000,800105,0.011749315999622922,gm_battery,none,0.0
2-2-8,none,mixture,0.4,2000,800105,0.011749315999622922,gtest,none,553.8105574164988
2-2-8,none,mixture,0.4,2000,800106,0.014667224997538142,kl_plugin,none,1.3986196825699258e-13
2-2-8,none,mixture,0.4,2000,800106,0.014667224997538142,kl_split,none,0.055277648184624516
2-2-8,none,mixture,0.4,2000,800106,0.014667224997538142,kl_crossfit,none,0.055575222350294766
2-2-8,none,mixture,0.4,2000,800106,0.014667224997538142,cf1_margin,none,0.0
2-2-8,none,mixture,0.4,2000,800106,0.014667224997538142,slack_plugin,none,0.0
2-2-8,none,mixture,0.4,2000,800106,0.014667224997538142,gm_battery,none,0.0
2-2-8,none,mixture,0.4,2000,800106,0.014667224997538142,gtest,none,641.0393843757679
2-2-8,none,mixture,0.4,2000,800107,0.011612982001679484,kl_plugin,none,1.201919039815927e-08
2-2-8,none,mixture,0.4,2000,800107,0.011612982001679484,kl_split,none,0.06151086639582051
2-2-8,none,mixture,0.4,2000,800107,0.011612982001679484,kl_crossfit,none,0.062223706786808164
2-2-8,none,mixture,0.4,2000,800107,0.011612982001679484,cf1_margin,none,0.0
2-2-8,none,mixture,0.4,2000,800107,0.011612982001679484,slack_plugin,none,0.0
2-2-8,none,mixture,0.4,2000,800107,0.011612982001679484,gm_battery,none,0.0
2-2-8,none,mixture,0.4,2000,800107,0.011612982001679484,gtest,none,587.927647612201
2-2-8,none,mixture,0.4,2000,800108,0.014600354996218812,kl_plugin,none,1.504572056517124e-07
2-2-8,none,mixture,0.4,2000,800108,0.014600354996218812,kl_split,none,0.04795916367783082
2-2-8,none,mixture,0.4,2000,800108,0.014600354996218812,kl_crossfit,none,0.049220582268202376
2-2-8,none,mixture,0.4,2000,800108,0.014600354996218812,cf1_margin,none,3.3306690738754696e-16
2-2-8,none,mixture,0.4,2000,800108,0.014600354996218812,slack_plugin,none,0.0
2-2-8,none,mixture,0.4,2000,800108,0.014600354996218812,gm_battery,none,0.0
2-2-8,none,mixture,0.4,2000,800108,0.014600354996218812,gtest,none,714.8854484365345
2-2-8,none,mixture,0.4,2000,800109,0.01742350599670317,kl_plugin,none,4.168619890623391e-05
2-2-8,none,mixture,0.4,2000,800109,0.01742350599670317,kl_split,none,0.03995919755934045
2-2-8,none,mixture,0.4,2000,800109,0.01742350599670317,kl_crossfit,none,0.0442720219258112
2-2-8,none,mixture,0.4,2000,800109,0.01742350599670317,cf1_margin,none,0.0060349764327561894
2-2-8,none,mixture,0.4,2000,800109,0.01742350599670317,slack_plugin,none,0.01206995286551233
2-2-8,none,mixture,0.4,2000,800109,0.01742350599670317,gm_battery,none,0.0
2-2-8,none,mixture,0.4,2000,800109,0.01742350599670317,gtest,none,584.5986679651284
2-2-8,none,mixture,0.4,2000,800110,0.012208528001792729,kl_plugin,none,1.853938835181181e-11
2-2-8,none,mixture,0.4,2000,800110,0.012208528001792729,kl_split,none,0.06842134832387703
2-2-8,none,mixture,0.4,2000,800110,0.012208528001792729,kl_crossfit,none,0.07095220015315473
2-2-8,none,mixture,0.4,2000,800110,0.012208528001792729,cf1_margin,none,1.1102230246251565e-16
2-2-8,none,mixture,0.4,2000,800110,0.012208528001792729,slack_plugin,none,0.0
2-2-8,none,mixture,0.4,2000,800110,0.012208528001792729,gm_battery,none,0.0
2-2-8,none,mixture,0.4,2000,800110,0.012208528001792729,gtest,none,672.6607260445676
2-2-8,none,mixture,0.4,2000,800111,0.01412327400612412,kl_plugin,none,8.324348750536208e-15
2-2-8,none,mixture,0.4,2000,800111,0.01412327400612412,kl_split,none,0.06646979607654853
2-2-8,none,mixture,0.4,2000,800111,0.01412327400612412,kl_crossfit,none,0.06524288590934404
2-2-8,none,mixture,0.4,2000,800111,0.01412327400612412,cf1_margin,none,0.0
2-2-8,none,mixture,0.4,2000,800111,0.01412327400612412,slack_plugin,none,0.0
2-2-8,none,mixture,0.4,2000,800111,0.01412327400612412,gm_battery,none,0.0
2-2-8,none,mixture,0.4,2000,800111,0.01412327400612412,gtest,none,620.7641725567116
2-2-8,none,mixture,0.4,2000,800112,0.010902688001806382,kl_plugin,none,2.9504755005869816e-13
2-2-8,none,mixture,0.4,2000,800112,0.010902688001806382,kl_split,none,0.03757977861690169
2-2-8,none,mixture,0.4,2000,800112,0.010902688001806382,kl_crossfit,none,0.03819475446175657
2-2-8,none,mixture,0.4,2000,800112,0.010902688001806382,cf1_margin,none,0.0
2-2-8,none,mixture,0.4,2000,800112,0.010902688001806382,slack_plugin,none,0.0
2-2-8,none,mixture,0.4,2000,800112,0.010902688001806382,gm_battery,none,0.0
2-2-8,none,mixture,0.4,2000,800112,0.010902688001806382,gtest,none,598.388292488159
2-2-8,none,mixture,0.4,2000,800113,0.015997132002667058,kl_plugin,none,2.905035006951341e-10
2-2-8,none,mixture,0.4,2000,800113,0.015997132002667058,kl_split,none,0.05248092839727023
2-2-8,none,mixture,0.4,2000,800113,0.015997132002667058,kl_crossfit,none,0.051896151059202394
2-2-8,none,mixture,0.4,2000,800113,0.015997132002667058,cf1_margin,none,1.1102230246251565e-16
2-2-8,none,mixture,0.4,2000,800113,0.015997132002667058,slack_plugin,none,0.0
2-2-8,none,mixture,0.4,2000,800113,0.015997132002667058,gm_battery,none,0.0
2-2-8,none,mixture,0.4,2000,800113,0.015997132002667058,gtest,none,525.239914892414
2-2-8,none,mixture,0.4,2000,800114,0.01393393299804302,kl_plugin,none,2.572116497224277e-09
2-2-8,none,mixture,0.4,2000,800114,0.01393393299804302,kl_split,none,0.03831358051502877
2-2-8,none,mixture,0.4,2000,800114,0.01393393299804302,kl_crossfit,none,0.03862879959320673
2-2-8,none,mixture,0.4,2000,800114,0.01393393299804302,cf1_margin,none,1.1102230246251565e-16
2-2-8,none,mixture,0.4,2000,800114,0.01393393299804302,slack_plugin,none,0.0
2-2-8,none,mixture,0.4,2000,800114,0.01393393299804302,gm_battery,none,0.0
2-2-8,none,mixture,0.4,2000,800114,0.01393393299804302,gtest,none,642.6361455496867
2-2-8,none,mixture,0.4,2000,800115,0.01255675099673681,kl_plugin,none,3.796726770389227e-11
2-2-8,none,mixture,0.4,2000,800115,0.01255675099673681,kl_split,none,0.049578332788615426
2-2-8,none,mixture,0.4,2000,800115,0.01255675099673681,kl_crossfit,none,0.05417063707829442
2-2-8,none,mixture,0.4,2000,800115,0.01255675099673681,cf1_margin,none,0.0
2-2-8,none,mixture,0.4,2000,800115,0.01255675099673681,slack_plugin,none,0.0
2-2-8,none,mixture,0.4,2000,800115,0.01255675099673681,gm_battery,none,0.0
2-2-8,none,mixture,0.4,2000,800115,0.01255675099673681,gtest,none,553.149571853638
2-2-8,none,mixture,0.4,2000,800116,0.01293511499534361,kl_plugin,none,8.698442986450165e-07
2-2-8,none,mixture,0.4,2000,800116,0.01293511499534361,kl_split,none,0.052104462636742274
2-2-8,none,mixture,0.4,2000,800116,0.01293511499534361,kl_crossfit,none,0.048530193653556354
2-2-8,none,mixture,0.4,2000,800116,0.01293511499534361,cf1_margin,none,1.1102230246251565e-16
2-2-8,none,mixture,0.4,2000,800116,0.01293511499534361,slack_plugin,none,0.0
2-2-8,none,mixture,0.4,2000,800116,0.01293511499534361,gm_battery,none,0.0
2-2-8,none,mixture,0.4,2000,800116,0.01293511499534361,gtest,none,623.8003565520175
2-2-8,none,mixture,0.4,2000,800117,0.01303926800028421,kl_plugin,none,1.4455005920520862e-13
2-2-8,none,mixture,0.4,2000,800117,0.01303926800028421,kl_split,none,0.053626626165971844
2-2-8,none,mixture,0.4,2000,800117,0.01303926800028421,kl_crossfit,none,0.053395479175418335
2-2-8,none,mixture,0.4,2000,800117,0.01303926800028421,cf1_margin,none,1.1102230246251565e-16
2-2-8,none,mixture,0.4,2000,800117,0.01303926800028421,slack_plugin,none,0.0
2-2-8,none,mixture,0.4,2000,800117,0.01303926800028421,gm_battery,none,0.0
2-2-8,none,mixture,0.4,2000,800117,0.01303926800028421,gtest,none,568.8054495550982
2-2-8,none,mixture,0.4,2000,800118,0.009692729996459093,kl_plugin,none,2.6575166855350392e-14
2-2-8,none,mixture,0.4,2000,800118,0.009692729996459093,kl_split,none,0.07473375232837427
2-2-8,none,mixture,0.4,2000,800118,0.009692729996459093,kl_crossfit,none,0.08289783979449256
2-2-8,none,mixture,0.4,2000,800118,0.009692729996459093,cf1_margin,none,1.1102230246251565e-16
2-2-8,none,mixture,0.4,2000,800118,0.009692729996459093,slack_plugin,none,0.0
2-2-8,none,mixture,0.4,2000,800118,0.009692729996459093,gm_battery,none,0.0
2-2-8,none,mixture,0.4,2000,800118,0.009692729996459093,gtest,none,632.3104970136992
2-2-8,none,mixture,0.4,2000,800119,0.008685959001013543,kl_plugin,none,9.09901048478433e-15
2-2-8,none,mixture,0.4,2000,800119,0.008685959001013543,kl_split,none,0.050860571880142806
2-2-8,none,mixture,0.4,2000,800119,0.008685959001013543,kl_crossfit,none,0.053919189883286964
2-2-8,none,mixture,0.4,2000,800119,0.008685959001013543,cf1_margin,none,2.220446049250313e-16
2-2-8,none,mixture,0.4,2000,800119,0.008685959001013543,slack_plugin,none,0.0
2-2-8,none,mixture,0.4,2000,800119,0.008685959001013543,gm_battery,none,0.0
2-2-8,none,mixture,0.4,2000,800119,0.008685959001013543,gtest,none,621.1852333172417
2-2-8,none,mixture,0.4,2000,800120,0.013071125002170447,kl_plugin,none,5.1037090637375026e-09
2-2-8,none,mixture,0.4,2000,800120,0.013071125002170447,kl_split,none,0.05289702739007076
2-2-8,none,mixture,0.4,2000,800120,0.013071125002170447,kl_crossfit,none,0.052216983486305824
2-2-8,none,mixture,0.4,2000,800120,0.013071125002170447,cf1_margin,none,1.1102230246251565e-16
2-2-8,none,mixture,0.4,2000,800120,0.013071125002170447,slack_plugin,none,0.0
2-2-8,none,mixture,0.4,2000,800120,0.013071125002170447,gm_battery,none,0.0
2-2-8,none,mixture,0.4,2000,800120,0.013071125002170447,gtest,none,646.2357633747779
2-2-8,none,mixture,0.4,2000,800121,0.01526516299782088,kl_plugin,none,8.76239913163305e-15
2-2-8,none,mixture,0.4,2000,800121,0.01526516299782088,kl_split,none,0.04541689362999965
2-2-8,none,mixture,0.4,2000,800121,0.01526516299782088,kl_crossfit,none,0.04491926204358307
2-2-8,none,mixture,0.4,2000,800121,0.01526516299782088,cf1_margin,none,0.0
2-2-8,none,mixture,0.4,2000,800121,0.01526516299782088,slack_plugin,none,0.0
2-2-8,none,mixture,0.4,2000,800121,0.01526516299782088,gm_battery,none,0.0
2-2-8,none,mixture,0.4,2000,800121,0.01526516299782088,gtest,none,676.7931259277868
2-2-8,none,mixture,0.4,2000,800122,0.01052138399973046,kl_plugin,none,1.1425002967016506e-14
2-2-8,none,mixture,0.4,2000,800122,0.01052138399973046,kl_split,none,0.07198334177461765
2-2-8,none,mixture,0.4,2000,800122,0.01052138399973046,kl_crossfit,none,0.07052891831923966
2-2-8,none,mixture,0.4,2000,800122,0.01052138399973046,cf1_margin,none,0.0
2-2-8,none,mixture,0.4,2000,800122,0.01052138399973046,slack_plugin,none,0.0
2-2-8,none,mixture,0.4,2000,800122,0.01052138399973046,gm_battery,none,0.0
2-2-8,none,mixture,0.4,2000,800122,0.01052138399973046,gtest,none,631.9896106797341
2-2-8,none,mixture,0.4,2000,800123,0.011823030006780755,kl_plugin,none,5.432371207690086e-07
2-2-8,none,mixture,0.4,2000,800123,0.011823030006780755,kl_split,none,0.06929218800402917
2-2-8,none,mixture,0.4,2000,800123,0.011823030006780755,kl_crossfit,none,0.0733167273874674
2-2-8,none,mixture,0.4,2000,800123,0.011823030006780755,cf1_margin,none,2.220446049250313e-16
2-2-8,none,mixture,0.4,2000,800123,0.011823030006780755,slack_plugin,none,0.0
2-2-8,none,mixture,0.4,2000,800123,0.011823030006780755,gm_battery,none,0.0
2-2-8,none,mixture,0.4,2000,800123,0.011823030006780755,gtest,none,679.4362724976003
2-2-8,none,mixture,0.4,2000,800124,0.009187297000607941,kl_plugin,none,7.118409295570532e-15
2-2-8,none,mixture,0.4,2000,800124,0.009187297000607941,kl_split,none,0.07336104089072507
2-2-8,none,mixture,0.4,2000,800124,0.009187297000607941,kl_crossfit,none,0.06790283151967276
2-2-8,none,mixture,0.4,2000,800124,0.009187297000607941,cf1_margin,none,0.0
2-2-8,none,mixture,0.4,2000,800124,0.009187297000607941,slack_plugin,none,0.0
2-2-8,none,mixture,0.4,2000,800124,0.009187297000607941,gm_battery,none,0.0
2-2-8,none,mixture,0.4,2000,800124,0.009187297000607941,gtest,none,607.1640805630853
2-2-8,none,mixture,0.4,2000,800125,0.010972525000397582,kl_plugin,none,3.297496155777994e-14
2-2-8,none,mixture,0.4,2000,800125,0.010972525000397582,kl_split,none,0.054979931070214164
2-2-8,none,mixture,0.4,2000,800125,0.010972525000397582,kl_crossfit,none,0.05475620248294716
2-2-8,none,mixture,0.4,2000,800125,0.010972525000397582,cf1_margin,none,0.0
2-2-8,none,mixture,0.4,2000,800125,0.010972525000397582,slack_plugin,none,0.0
2-2-8,none,mixture,0.4,2000,800125,0.010972525000397582,gm_battery,none,0.0
2-2-8,none,mixture,0.4,2000,800125,0.010972525000397582,gtest,none,653.2440547425833
2-2-8,none,mixture,0.4,2000,800126,0.010189855995122343,kl_plugin,none,2.507164675551014e-05
2-2-8,none,mixture,0.4,2000,800126,0.010189855995122343,kl_split,none,0.07403787263625855
2-2-8,none,mixture,0.4,2000,800126,0.010189855995122343,kl_crossfit,none,0.07266182886501286
2-2-8,none,mixture,0.4,2000,800126,0.010189855995122343,cf1_margin,none,0.004110275689223064
2-2-8,none,mixture,0.4,2000,800126,0.010189855995122343,slack_plugin,none,0.008220551378445934
2-2-8,none,mixture,0.4,2000,800126,0.010189855995122343,gm_battery,none,0.0
2-2-8,none,mixture,0.4,2000,800126,0.010189855995122343,gtest,none,686.5386511759446
2-2-8,none,mixture,0.4,2000,800127,0.01025394300086191,kl_plugin,none,5.387689367817639e-06
2-2-8,none,mixture,0.4,2000,800127,0.01025394300086191,kl_split,none,0.06834275026939339
2-2-8,none,mixture,0.4,2000,800127,0.01025394300086191,kl_crossfit,none,0.07075215698484949
2-2-8,none,mixture,0.4,2000,800127,0.01025394300086191,cf1_margin,none,0.00017209103615800636
2-2-8,none,mixture,0.4,2000,800127,0.01025394300086191,slack_plugin,none,0.00034418207231632497
2-2-8,none,mixture,0.4,2000,800127,0.01025394300086191,gm_battery,none,0.0
2-2-8,none,mixture,0.4,2000,800127,0.01025394300086191,gtest,none,547.7581797066456
2-2-8,none,mixture,0.4,2000,800128,0.011806322996562812,kl_plugin,none,1.425873747923996e-12
2-2-8,none,mixture,0.4,2000,800128,0.011806322996562812,kl_split,none,0.06055610316429232
2-2-8,none,mixture,0.4,2000,800128,0.011806322996562812,kl_crossfit,none,0.06093610266147481
2-2-8,none,mixture,0.4,2000,800128,0.011806322996562812,cf1_margin,none,2.220446049250313e-16
2-2-8,none,mixture,0.4,2000,800128,0.011806322996562812,slack_plugin,none,0.0
2-2-8,none,mixture,0.4,2000,800128,0.011806322996562812,gm_battery,none,0.0
2-2-8,none,mixture,0.4,2000,800128,0.011806322996562812,gtest,none,548.4462120701437
2-2-8,none,mixture,0.4,2000,800129,0.008926949005399365,kl_plugin,none,1.8751442151534375e-14
2-2-8,none,mixture,0.4,2000,800129,0.008926949005399365,kl_split,none,2.0778093422531594
2-2-8,none,mixture,0.4,2000,800129,0.008926949005399365,kl_crossfit,none,1.0752111787175453
2-2-8,none,mixture,0.4,2000,800129,0.008926949005399365,cf1_margin,none,1.1102230246251565e-16
2-2-8,none,mixture,0.4,2000,800129,0.008926949005399365,slack_plugin,none,0.0
2-2-8,none,mixture,0.4,2000,800129,0.008926949005399365,gm_battery,none,0.0
2-2-8,none,mixture,0.4,2000,800129,0.008926949005399365,gtest,none,610.9987776862254
2-2-8,none,mixture,0.4,2000,800130,0.009933023000485264,kl_plugin,none,1.185218606396436e-10
2-2-8,none,mixture,0.4,2000,800130,0.009933023000485264,kl_split,none,0.04434013410241741
2-2-8,none,mixture,0.4,2000,800130,0.009933023000485264,kl_crossfit,none,0.046579495447153854
2-2-8,none,mixture,0.4,2000,800130,0.009933023000485264,cf1_margin,none,0.0
2-2-8,none,mixture,0.4,2000,800130,0.009933023000485264,slack_plugin,none,0.0
2-2-8,none,mixture,0.4,2000,800130,0.009933023000485264,gm_battery,none,0.0
2-2-8,none,mixture,0.4,2000,800130,0.009933023000485264,gtest,none,606.7710847226149
2-2-8,none,mixture,0.4,2000,800131,0.00975094900059048,kl_plugin,none,6.469172227037909e-14
2-2-8,none,mixture,0.4,2000,800131,0.00975094900059048,kl_split,none,0.04667181262845961
2-2-8,none,mixture,0.4,2000,800131,0.00975094900059048,kl_crossfit,none,0.046022788707521536
2-2-8,none,mixture,0.4,2000,800131,0.00975094900059048,cf1_margin,none,0.0
2-2-8,none,mixture,0.4,2000,800131,0.00975094900059048,slack_plugin,none,0.0
2-2-8,none,mixture,0.4,2000,800131,0.00975094900059048,gm_battery,none,0.0
2-2-8,none,mixture,0.4,2000,800131,0.00975094900059048,gtest,none,601.883300662459
2-2-8,none,mixture,0.4,2000,800132,0.010189961001742631,kl_plugin,none,1.9822392879918283e-08
2-2-8,none,mixture,0.4,2000,800132,0.010189961001742631,kl_split,none,0.06268539053593966
2-2-8,none,mixture,0.4,2000,800132,0.010189961001742631,kl_crossfit,none,0.06881548455162635
2-2-8,none,mixture,0.4,2000,800132,0.010189961001742631,cf1_margin,none,0.0
2-2-8,none,mixture,0.4,2000,800132,0.010189961001742631,slack_plugin,none,0.0
2-2-8,none,mixture,0.4,2000,800132,0.010189961001742631,gm_battery,none,0.0
2-2-8,none,mixture,0.4,2000,800132,0.010189961001742631,gtest,none,617.7090028492814
2-2-8,none,mixture,0.4,2000,800133,0.010628575000737328,kl_plugin,none,3.569946441358787e-14
2-2-8,none,mixture,0.4,2000,800133,0.010628575000737328,kl_split,none,0.06163069737336343
2-2-8,none,mixture,0.4,2000,800133,0.010628575000737328,kl_crossfit,none,0.07105020738016182
2-2-8,none,mixture,0.4,2000,800133,0.010628575000737328,cf1_margin,none,0.0
2-2-8,none,mixture,0.4,2000,800133,0.010628575000737328,slack_plugin,none,0.0
2-2-8,none,mixture,0.4,2000,800133,0.010628575000737328,gm_battery,none,0.0
2-2-8,none,mixture,0.4,2000,800133,0.010628575000737328,gtest,none,568.3635607818022
2-2-8,none,mixture,0.4,2000,800134,0.010093409997352865,kl_plugin,none,7.3357878980211556e-06
2-2-8,none,mixture,0.4,2000,800134,0.010093409997352865,kl_split,none,0.06643301388494502
2-2-8,none,mixture,0.4,2000,800134,0.010093409997352865,kl_crossfit,none,0.9918088729759281
2-2-8,none,mixture,0.4,2000,800134,0.010093409997352865,cf1_margin,none,0.0008323670738793476
2-2-8,none,mixture,0.4,2000,800134,0.010093409997352865,slack_plugin,none,0.0016647341477591133
2-2-8,none,mixture,0.4,2000,800134,0.010093409997352865,gm_battery,none,0.0
2-2-8,none,mixture,0.4,2000,800134,0.010093409997352865,gtest,none,597.5305498261181
2-2-8,none,mixture,0.4,2000,800135,0.00925479600118706,kl_plugin,none,3.5549311905423335e-14
2-2-8,none,mixture,0.4,2000,800135,0.00925479600118706,kl_split,none,0.06447048656802253
2-2-8,none,mixture,0.4,2000,800135,0.00925479600118706,kl_crossfit,none,0.058225333584723954
2-2-8,none,mixture,0.4,2000,800135,0.00925479600118706,cf1_margin,none,0.0
2-2-8,none,mixture,0.4,2000,800135,0.00925479600118706,slack_plugin,none,0.0
2-2-8,none,mixture,0.4,2000,800135,0.00925479600118706,gm_battery,none,0.0
2-2-8,none,mixture,0.4,2000,800135,0.00925479600118706,gtest,none,687.4876931505523
2-2-8,none,mixture,0.4,2000,800136,0.011528875002113637,kl_plugin,none,1.3714966470056325e-13
2-2-8,none,mixture,0.4,2000,800136,0.011528875002113637,kl_split,none,0.06377858609380056
2-2-8,none,mixture,0.4,2000,800136,0.011528875002113637,kl_crossfit,none,0.062268322727712246
2-2-8,none,mixture,0.4,2000,800136,0.011528875002113637,cf1_margin,none,1.1102230246251565e-16
2-2-8,none,mixture,0.4,2000,800136,0.011528875002113637,slack_plugin,none,0.0
2-2-8,none,mixture,0.4,2000,800136,0.011528875002113637,gm_battery,none,0.0
2-2-8,none,mixture,0.4,2000,800136,0.011528875002113637,gtest,none,630.3799147537836
2-2-8,none,mixture,0.4,2000,800137,0.009891732996038627,kl_plugin,none,4.45433873793561e-14
2-2-8,none,mixture,0.4,2000,800137,0.009891732996038627,kl_split,none,0.06384215370489979
2-2-8,none,mixture,0.4,2000,800137,0.009891732996038627,kl_crossfit,none,0.07225977887069604
2-2-8,none,mixture,0.4,2000,800137,0.009891732996038627,cf1_margin,none,1.1102230246251565e-16
2-2-8,none,mixture,0.4,2000,800137,0.009891732996038627,slack_plugin,none,0.0
2-2-8,none,mixture,0.4,2000,800137,0.009891732996038627,gm_battery,none,0.0
2-2-8,none,mixture,0.4,2000,800137,0.009891732996038627,gtest,none,669.5377167195725
2-2-8,none,mixture,0.4,2000,800138,0.012211952998768538,kl_plugin,none,5.933534090660592e-11
2-2-8,none,mixture,0.4,2000,800138,0.012211952998768538,kl_split,none,0.04858966544177461
2-2-8,none,mixture,0.4,2000,800138,0.012211952998768538,kl_crossfit,none,0.061344938531547474
2-2-8,none,mixture,0.4,2000,800138,0.012211952998768538,cf1_margin,none,1.1102230246251565e-16
2-2-8,none,mixture,0.4,2000,800138,0.012211952998768538,slack_plugin,none,0.0
2-2-8,none,mixture,0.4,2000,800138,0.012211952998768538,gm_battery,none,0.0
2-2-8,none,mixture,0.4,2000,800138,0.012211952998768538,gtest,none,641.9366889540246
2-2-8,none,mixture,0.4,2000,800139,0.009974024003895465,kl_plugin,none,1.408495416156132e-14
2-2-8,none,mixture,0.4,2000,800139,0.009974024003895465,kl_split,none,1.4875216624216803
2-2-8,none,mixture,0.4,2000,800139,0.009974024003895465,kl_crossfit,none,0.7710011490180102
2-2-8,none,mixture,0.4,2000,800139,0.009974024003895465,cf1_margin,none,0.0
2-2-8,none,mixture,0.4,2000,800139,0.009974024003895465,slack_plugin,none,0.0
2-2-8,none,mixture,0.4,2000,800139,0.009974024003895465,gm_battery,none,0.0
2-2-8,none,mixture,0.4,2000,800139,0.009974024003895465,gtest,none,691.0052375109908
2-2-8,none,mixture,0.4,2000,800140,0.00914944499527337,kl_plugin,none,1.9813946605620283e-14
2-2-8,none,mixture,0.4,2000,800140,0.00914944499527337,kl_split,none,0.05842778753896409
2-2-8,none,mixture,0.4,2000,800140,0.00914944499527337,kl_crossfit,none,0.05570760525528592
2-2-8,none,mixture,0.4,2000,800140,0.00914944499527337,cf1_margin,none,2.220446049250313e-16
2-2-8,none,mixture,0.4,2000,800140,0.00914944499527337,slack_plugin,none,0.0
2-2-8,none,mixture,0.4,2000,800140,0.00914944499527337,gm_battery,none,0.0
2-2-8,none,mixture,0.4,2000,800140,0.00914944499527337,gtest,none,631.9045897492595
2-2-8,none,mixture,0.4,2000,800141,0.010508956002013292,kl_plugin,none,3.2560045627823405e-05
2-2-8,none,mixture,0.4,2000,800141,0.010508956002013292,kl_split,none,0.07245682385103464
2-2-8,none,mixture,0.4,2000,800141,0.010508956002013292,kl_crossfit,none,0.061866834359159836
2-2-8,none,mixture,0.4,2000,800141,0.010508956002013292,cf1_margin,none,0.004488577948293604
2-2-8,none,mixture,0.4,2000,800141,0.010508956002013292,slack_plugin,none,0.00897715589658734
2-2-8,none,mixture,0.4,2000,800141,0.010508956002013292,gm_battery,none,0.0
2-2-8,none,mixture,0.4,2000,800141,0.010508956002013292,gtest,none,676.8130100597987
2-2-8,none,mixture,0.4,2000,800142,0.015820339998754207,kl_plugin,none,1.0577440699488977e-08
2-2-8,none,mixture,0.4,2000,800142,0.015820339998754207,kl_split,none,0.07475906041319216
2-2-8,none,mixture,0.4,2000,800142,0.015820339998754207,kl_crossfit,none,0.07269097288559934
2-2-8,none,mixture,0.4,2000,800142,0.015820339998754207,cf1_margin,none,2.220446049250313e-16
2-2-8,none,mixture,0.4,2000,800142,0.015820339998754207,slack_plugin,none,0.0
2-2-8,none,mixture,0.4,2000,800142,0.015820339998754207,gm_battery,none,0.0
2-2-8,none,mixture,0.4,2000,800142,0.015820339998754207,gtest,none,572.4768096522198
2-2-8,none,mixture,0.4,2000,800143,0.009699624999484513,kl_plugin,none,3.390112584497906e-14
2-2-8,none,mixture,0.4,2000,800143,0.009699624999484513,kl_split,none,0.04773295594474539
2-2-8,none,mixture,0.4,2000,800143,0.009699624999484513,kl_crossfit,none,0.04694030932513386
2-2-8,none,mixture,0.4,2000,800143,0.009699624999484513,cf1_margin,none,1.1102230246251565e-16
2-2-8,none,mixture,0.4,2000,800143,0.009699624999484513,slack_plugin,none,0.0
2-2-8,none,mixture,0.4,2000,800143,0.009699624999484513,gm_battery,none,0.0
2-2-8,none,mixture,0.4,2000,800143,0.009699624999484513,gtest,none,622.7856670580625
2-2-8,none,mixture,0.4,2000,800144,0.013365132996113971,kl_plugin,none,1.0803835072497238e-14
2-2-8,none,mixture,0.4,2000,800144,0.013365132996113971,kl_split,none,0.05802166040587976
2-2-8,none,mixture,0.4,2000,800144,0.013365132996113971,kl_crossfit,none,0.05730914825132584
2-2-8,none,mixture,0.4,2000,800144,0.013365132996113971,cf1_margin,none,1.1102230246251565e-16
2-2-8,none,mixture,0.4,2000,800144,0.013365132996113971,slack_plugin,none,0.0
2-2-8,none,mixture,0.4,2000,800144,0.013365132996113971,gm_battery,none,0.0
2-2-8,none,mixture,0.4,2000,800144,0.013365132996113971,gtest,none,598.5218432189325
2-2-8,none,mixture,0.4,2000,800145,0.010618275999149773,kl_plugin,none,7.986566205590505e-15
2-2-8,none,mixture,0.4,2000,800145,0.010618275999149773,kl_split,none,0.07013467096214804
2-2-8,none,mixture,0.4,2000,800145,0.010618275999149773,kl_crossfit,none,0.06921677561239858
2-2-8,none,mixture,0.4,2000,800145,0.010618275999149773,cf1_margin,none,0.0
2-2-8,none,mixture,0.4,2000,800145,0.010618275999149773,slack_plugin,none,0.0
2-2-8,none,mixture,0.4,2000,800145,0.010618275999149773,gm_battery,none,0.0
2-2-8,none,mixture,0.4,2000,800145,0.010618275999149773,gtest,none,595.6774439276439
2-2-8,none,mixture,0.4,2000,800146,0.01066954700218048,kl_plugin,none,2.4177365331908662e-14
2-2-8,none,mixture,0.4,2000,800146,0.01066954700218048,kl_split,none,0.04544120011836994
2-2-8,none,mixture,0.4,2000,800146,0.01066954700218048,kl_crossfit,none,0.046319496618380335
2-2-8,none,mixture,0.4,2000,800146,0.01066954700218048,cf1_margin,none,1.1102230246251565e-16
2-2-8,none,mixture,0.4,2000,800146,0.01066954700218048,slack_plugin,none,0.0
2-2-8,none,mixture,0.4,2000,800146,0.01066954700218048,gm_battery,none,0.0
2-2-8,none,mixture,0.4,2000,800146,0.01066954700218048,gtest,none,597.2960888127584
2-2-8,none,mixture,0.4,2000,800147,0.022818465004093014,kl_plugin,none,3.7030272509416985e-14
2-2-8,none,mixture,0.4,2000,800147,0.022818465004093014,kl_split,none,0.03869881662854499
2-2-8,none,mixture,0.4,2000,800147,0.022818465004093014,kl_crossfit,none,0.03850572580586441
2-2-8,none,mixture,0.4,2000,800147,0.022818465004093014,cf1_margin,none,0.0
2-2-8,none,mixture,0.4,2000,800147,0.022818465004093014,slack_plugin,none,0.0
2-2-8,none,mixture,0.4,2000,800147,0.022818465004093014,gm_battery,none,0.0
2-2-8,none,mixture,0.4,2000,800147,0.022818465004093014,gtest,none,645.5680516002894
2-2-8,none,mixture,0.4,2000,800148,0.01868058899708558,kl_plugin,none,1.8692752722727956e-07
2-2-8,none,mixture,0.4,2000,800148,0.01868058899708558,kl_split,none,0.05761813844191677
2-2-8,none,mixture,0.4,2000,800148,0.01868058899708558,kl_crossfit,none,0.05791291074030104
2-2-8,none,mixture,0.4,2000,800148,0.01868058899708558,cf1_margin,none,0.0
2-2-8,none,mixture,0.4,2000,800148,0.01868058899708558,slack_plugin,none,0.0
2-2-8,none,mixture,0.4,2000,800148,0.01868058899708558,gm_battery,none,0.0
2-2-8,none,mixture,0.4,2000,800148,0.01868058899708558,gtest,none,628.5367667154671
2-2-8,none,mixture,0.4,2000,800149,0.014527475002978463,kl_plugin,none,1.123913273316574e-13
2-2-8,none,mixture,0.4,2000,800149,0.014527475002978463,kl_split,none,0.04860690604715004
2-2-8,none,mixture,0.4,2000,800149,0.014527475002978463,kl_crossfit,none,0.04800370991475747
2-2-8,none,mixture,0.4,2000,800149,0.014527475002978463,cf1_margin,none,0.0
2-2-8,none,mixture,0.4,2000,800149,0.014527475002978463,slack_plugin,none,0.0
2-2-8,none,mixture,0.4,2000,800149,0.014527475002978463,gm_battery,none,0.0
2-2-8,none,mixture,0.4,2000,800149,0.014527475002978463,gtest,none,546.8058228637856
2-2-8,none,mixture,0.4,2000,800150,0.010839354996278416,kl_plugin,none,3.582311579200549e-14
2-2-8,none,mixture,0.4,2000,800150,0.010839354996278416,kl_split,none,0.05350769102591657
2-2-8,none,mixture,0.4,2000,800150,0.010839354996278416,kl_crossfit,none,0.052774292658574126
2-2-8,none,mixture,0.4,2000,800150,0.010839354996278416,cf1_margin,none,0.0
2-2-8,none,mixture,0.4,2000,800150,0.010839354996278416,slack_plugin,none,0.0
2-2-8,none,mixture,0.4,2000,800150,0.010839354996278416,gm_battery,none,0.0
2-2-8,none,mixture,0.4,2000,800150,0.010839354996278416,gtest,none,591.9250662580497
2-2-8,none,mixture,0.4,2000,800151,0.01165864499489544,kl_plugin,none,5.298148691143317e-07
2-2-8,none,mixture,0.4,2000,800151,0.01165864499489544,kl_split,none,0.06332120420099588
2-2-8,none,mixture,0.4,2000,800151,0.01165864499489544,kl_crossfit,none,0.06294769856771368
2-2-8,none,mixture,0.4,2000,800151,0.01165864499489544,cf1_margin,none,0.0
2-2-8,none,mixture,0.4,2000,800151,0.01165864499489544,slack_plugin,none,0.0
2-2-8,none,mixture,0.4,2000,800151,0.01165864499489544,gm_battery,none,0.0
2-2-8,none,mixture,0.4,2000,800151,0.01165864499489544,gtest,none,588.8995016201632
2-2-8,none,mixture,0.4,2000,800152,0.012486439001804683,kl_plugin,none,5.311470732626826e-13
2-2-8,none,mixture,0.4,2000,800152,0.012486439001804683,kl_split,none,0.07070638926241472
2-2-8,none,mixture,0.4,2000,800152,0.012486439001804683,kl_crossfit,none,0.07733831109471255
2-2-8,none,mixture,0.4,2000,800152,0.012486439001804683,cf1_margin,none,0.0
2-2-8,none,mixture,0.4,2000,800152,0.012486439001804683,slack_plugin,none,0.0
2-2-8,none,mixture,0.4,2000,800152,0.012486439001804683,gm_battery,none,0.0
2-2-8,none,mixture,0.4,2000,800152,0.012486439001804683,gtest,none,641.8071215496245
2-2-8,none,mixture,0.4,2000,800153,0.016589668004598934,kl_plugin,none,3.321931941691919e-10
2-2-8,none,mixture,0.4,2000,800153,0.016589668004598934,kl_split,none,0.03923345665378943
2-2-8,none,mixture,0.4,2000,800153,0.016589668004598934,kl_crossfit,none,0.04000191255106676
2-2-8,none,mixture,0.4,2000,800153,0.016589668004598934,cf1_margin,none,2.220446049250313e-16
2-2-8,none,mixture,0.4,2000,800153,0.016589668004598934,slack_plugin,none,0.0
2-2-8,none,mixture,0.4,2000,800153,0.016589668004598934,gm_battery,none,0.0
2-2-8,none,mixture,0.4,2000,800153,0.016589668004598934,gtest,none,640.8091248776348
2-2-8,none,mixture,0.4,2000,800154,0.010563679003098514,kl_plugin,none,3.3841667202576243e-14
2-2-8,none,mixture,0.4,2000,800154,0.010563679003098514,kl_split,none,0.06927265449058584
2-2-8,none,mixture,0.4,2000,800154,0.010563679003098514,kl_crossfit,none,0.06847091550293824
2-2-8,none,mixture,0.4,2000,800154,0.010563679003098514,cf1_margin,none,1.1102230246251565e-16
2-2-8,none,mixture,0.4,2000,800154,0.010563679003098514,slack_plugin,none,0.0
2-2-8,none,mixture,0.4,2000,800154,0.010563679003098514,gm_battery,none,0.0
2-2-8,none,mixture,0.4,2000,800154,0.010563679003098514,gtest,none,620.5732847684427
2-2-8,none,mixture,0.4,2000,800155,0.010603162998449989,kl_plugin,none,9.13403057428287e-14
2-2-8,none,mixture,0.4,2000,800155,0.010603162998449989,kl_split,none,0.052193602751140246
2-2-8,none,mixture,0.4,2000,800155,0.010603162998449989,kl_crossfit,none,0.0544075297136274
2-2-8,none,mixture,0.4,2000,800155,0.010603162998449989,cf1_margin,none,0.0
2-2-8,none,mixture,0.4,2000,800155,0.010603162998449989,slack_plugin,none,0.0
2-2-8,none,mixture,0.4,2000,800155,0.010603162998449989,gm_battery,none,0.0
2-2-8,none,mixture,0.4,2000,800155,0.010603162998449989,gtest,none,694.7275056742754
2-2-8,none,mixture,0.4,2000,800156,0.01090525299514411,kl_plugin,none,3.569636526561765e-14
2-2-8,none,mixture,0.4,2000,800156,0.01090525299514411,kl_split,none,0.059697139282464964
2-2-8,none,mixture,0.4,2000,800156,0.01090525299514411,kl_crossfit,none,0.058585249497815586
2-2-8,none,mixture,0.4,2000,800156,0.01090525299514411,cf1_margin,none,0.0
2-2-8,none,mixture,0.4,2000,800156,0.01090525299514411,slack_plugin,none,0.0
2-2-8,none,mixture,0.4,2000,800156,0.01090525299514411,gm_battery,none,0.0
2-2-8,none,mixture,0.4,2000,800156,0.01090525299514411,gtest,none,592.3638173757363
2-2-8,none,mixture,0.4,2000,800157,0.011836124998808373,kl_plugin,none,4.1886569894041854e-14
2-2-8,none,mixture,0.4,2000,800157,0.011836124998808373,kl_split,none,0.045103898460522575
2-2-8,none,mixture,0.4,2000,800157,0.011836124998808373,kl_crossfit,none,0.04482408712051822
2-2-8,none,mixture,0.4,2000,800157,0.011836124998808373,cf1_margin,none,0.0
2-2-8,none,mixture,0.4,2000,800157,0.011836124998808373,slack_plugin,none,0.0
2-2-8,none,mixture,0.4,2000,800157,0.011836124998808373,gm_battery,none,0.0
2-2-8,none,mixture,0.4,2000,800157,0.011836124998808373,gtest,none,627.0415164607707
2-2-8,none,mixture,0.4,2000,800158,0.01144811300036963,kl_plugin,none,7.7206942650068e-09
2-2-8,none,mixture,0.4,2000,800158,0.01144811300036963,kl_split,none,0.05634446420488924
2-2-8,none,mixture,0.4,2000,800158,0.01144811300036963,kl_crossfit,none,0.05648960516417138
2-2-8,none,mixture,0.4,2000,800158,0.01144811300036963,cf1_margin,none,0.0
2-2-8,none,mixture,0.4,2000,800158,0.01144811300036963,slack_plugin,none,0.0
2-2-8,none,mixture,0.4,2000,800158,0.01144811300036963,gm_battery,none,0.0
2-2-8,none,mixture,0.4,2000,800158,0.01144811300036963,gtest,none,598.5238738727091
2-2-8,none,mixture,0.4,2000,800159,0.012620501998753753,kl_plugin,none,3.5490531614377113e-09
2-2-8,none,mixture,0.4,2000,800159,0.012620501998753753,kl_split,none,0.03578563104474143
2-2-8,none,mixture,0.4,2000,800159,0.012620501998753753,kl_crossfit,none,0.03672292705820923
2-2-8,none,mixture,0.4,2000,800159,0.012620501998753753,cf1_margin,none,0.0
2-2-8,none,mixture,0.4,2000,800159,0.012620501998753753,slack_plugin,none,0.0
2-2-8,none,mixture,0.4,2000,800159,0.012620501998753753,gm_battery,none,0.0
2-2-8,none,mixture,0.4,2000,800159,0.012620501998753753,gtest,none,540.5875583636681
2-2-8,none,mixture,0.4,2000,800160,0.011819002997071948,kl_plugin,none,1.93319144208046e-08
2-2-8,none,mixture,0.4,2000,800160,0.011819002997071948,kl_split,none,0.05539044104614535
2-2-8,none,mixture,0.4,2000,800160,0.011819002997071948,kl_crossfit,none,0.054719967941004775
2-2-8,none,mixture,0.4,2000,800160,0.011819002997071948,cf1_margin,none,0.0
2-2-8,none,mixture,0.4,2000,800160,0.011819002997071948,slack_plugin,none,0.0
2-2-8,none,mixture,0.4,2000,800160,0.011819002997071948,gm_battery,none,0.0
2-2-8,none,mixture,0.4,2000,800160,0.011819002997071948,gtest,none,633.7994883123014
2-2-8,none,mixture,0.4,2000,800161,0.010791198001243174,kl_plugin,none,0.00019091466399646278
2-2-8,none,mixture,0.4,2000,800161,0.010791198001243174,kl_split,none,0.046216739839720695
2-2-8,none,mixture,0.4,2000,800161,0.010791198001243174,kl_crossfit,none,0.046537521647920355
2-2-8,none,mixture,0.4,2000,800161,0.010791198001243174,cf1_margin,none,0.013785985181866245
2-2-8,none,mixture,0.4,2000,800161,0.010791198001243174,slack_plugin,none,0.027571970363732157
2-2-8,none,mixture,0.4,2000,800161,0.010791198001243174,gm_battery,none,0.0
2-2-8,none,mixture,0.4,2000,800161,0.010791198001243174,gtest,none,572.5791678590676
2-2-8,none,mixture,0.4,2000,800162,0.009170350000204053,kl_plugin,none,5.509356053395522e-14
2-2-8,none,mixture,0.4,2000,800162,0.009170350000204053,kl_split,none,0.06045490501868201
2-2-8,none,mixture,0.4,2000,800162,0.009170350000204053,kl_crossfit,none,0.058412853334031664
2-2-8,none,mixture,0.4,2000,800162,0.009170350000204053,cf1_margin,none,0.0
2-2-8,none,mixture,0.4,2000,800162,0.009170350000204053,slack_plugin,none,0.0
2-2-8,none,mixture,0.4,2000,800162,0.009170350000204053,gm_battery,none,0.0
2-2-8,none,mixture,0.4,2000,800162,0.009170350000204053,gtest,none,550.2181327641101
2-2-8,none,mixture,0.4,2000,800163,0.010638998006470501,kl_plugin,none,1.1278196403106262e-13
2-2-8,none,mixture,0.4,2000,800163,0.010638998006470501,kl_split,none,0.0450712778838507
2-2-8,none,mixture,0.4,2000,800163,0.010638998006470501,kl_crossfit,none,0.04652730644188653
2-2-8,none,mixture,0.4,2000,800163,0.010638998006470501,cf1_margin,none,0.0
2-2-8,none,mixture,0.4,2000,800163,0.010638998006470501,slack_plugin,none,0.0
2-2-8,none,mixture,0.4,2000,800163,0.010638998006470501,gm_battery,none,0.0
2-2-8,none,mixture,0.4,2000,800163,0.010638998006470501,gtest,none,577.41117515628
2-2-8,none,mixture,0.4,2000,800164,0.011105420002422761,kl_plugin,none,9.409145793598825e-14
2-2-8,none,mixture,0.4,2000,800164,0.011105420002422761,kl_split,none,0.06324318758310377
2-2-8,none,mixture,0.4,2000,800164,0.011105420002422761,kl_crossfit,none,0.06153224776633194
2-2-8,none,mixture,0.4,2000,800164,0.011105420002422761,cf1_margin,none,2.220446049250313e-16
2-2-8,none,mixture,0.4,2000,800164,0.011105420002422761,slack_plugin,none,0.0
2-2-8,none,mixture,0.4,2000,800164,0.011105420002422761,gm_battery,none,0.0
2-2-8,none,mixture,0.4,2000,800164,0.011105420002422761,gtest,none,681.4738071319558
2-2-8,none,mixture,0.4,2000,800165,0.010744688996055629,kl_plugin,none,5.5201494984425964e-14
2-2-8,none,mixture,0.4,2000,800165,0.010744688996055629,kl_split,none,0.08109272966065706
2-2-8,none,mixture,0.4,2000,800165,0.010744688996055629,kl_crossfit,none,0.08259310615827162
2-2-8,none,mixture,0.4,2000,800165,0.010744688996055629,cf1_margin,none,2.220446049250313e-16
2-2-8,none,mixture,0.4,2000,800165,0.010744688996055629,slack_plugin,none,0.0
2-2-8,none,mixture,0.4,2000,800165,0.010744688996055629,gm_battery,none,0.0
2-2-8,none,mixture,0.4,2000,800165,0.010744688996055629,gtest,none,670.9364157065039
2-2-8,none,mixture,0.4,2000,800166,0.016870252999069635,kl_plugin,none,7.357004285039735e-14
2-2-8,none,mixture,0.4,2000,800166,0.016870252999069635,kl_split,none,0.061643367875465385
2-2-8,none,mixture,0.4,2000,800166,0.016870252999069635,kl_crossfit,none,0.05935559125304832
2-2-8,none,mixture,0.4,2000,800166,0.016870252999069635,cf1_margin,none,1.1102230246251565e-16
2-2-8,none,mixture,0.4,2000,800166,0.016870252999069635,slack_plugin,none,0.0
2-2-8,none,mixture,0.4,2000,800166,0.016870252999069635,gm_battery,none,0.0
2-2-8,none,mixture,0.4,2000,800166,0.016870252999069635,gtest,none,632.769028923714
2-2-8,none,mixture,0.4,2000,800167,0.017308283000602387,kl_plugin,none,9.152198769918729e-14
2-2-8,none,mixture,0.4,2000,800167,0.017308283000602387,kl_split,none,0.05532565991650058
2-2-8,none,mixture,0.4,2000,800167,0.017308283000602387,kl_crossfit,none,0.05131907127489173
2-2-8,none,mixture,0.4,2000,800167,0.017308283000602387,cf1_margin,none,0.0
2-2-8,none,mixture,0.4,2000,800167,0.017308283000602387,slack_plugin,none,0.0
2-2-8,none,mixture,0.4,2000,800167,0.017308283000602387,gm_battery,none,0.0
2-2-8,none,mixture,0.4,2000,800167,0.017308283000602387,gtest,none,682.110704602795
2-2-8,none,mixture,0.4,2000,800168,0.012875820000772364,kl_plugin,none,3.28652485048531e-11
2-2-8,none,mixture,0.4,2000,800168,0.012875820000772364,kl_split,none,0.06564550645989142
2-2-8,none,mixture,0.4,2000,800168,0.012875820000772364,kl_crossfit,none,0.06379453886577828
2-2-8,none,mixture,0.4,2000,800168,0.012875820000772364,cf1_margin,none,1.1102230246251565e-16
2-2-8,none,mixture,0.4,2000,800168,0.012875820000772364,slack_plugin,none,0.0
2-2-8,none,mixture,0.4,2000,800168,0.012875820000772364,gm_battery,none,0.0
2-2-8,none,mixture,0.4,2000,800168,0.012875820000772364,gtest,none,567.3414250457881
2-2-8,none,mixture,0.4,2000,800169,0.010517775001062546,kl_plugin,none,6.193009988488674e-07
2-2-8,none,mixture,0.4,2000,800169,0.010517775001062546,kl_split,none,0.04426916426926461
2-2-8,none,mixture,0.4,2000,800169,0.010517775001062546,kl_crossfit,none,0.04528911988630986
2-2-8,none,mixture,0.4,2000,800169,0.010517775001062546,cf1_margin,none,2.220446049250313e-16
2-2-8,none,mixture,0.4,2000,800169,0.010517775001062546,slack_plugin,none,0.0
2-2-8,none,mixture,0.4,2000,800169,0.010517775001062546,gm_battery,none,0.0
2-2-8,none,mixture,0.4,2000,800169,0.010517775001062546,gtest,none,629.999639390682
2-2-8,none,mixture,0.4,2000,800170,0.015408146005938761,kl_plugin,none,1.2737220819808905e-13
2-2-8,none,mixture,0.4,2000,800170,0.015408146005938761,kl_split,none,0.06324586497192038
2-2-8,none,mixture,0.4,2000,800170,0.015408146005938761,kl_crossfit,none,0.06222896776465277
2-2-8,none,mixture,0.4,2000,800170,0.015408146005938761,cf1_margin,none,0.0
2-2-8,none,mixture,0.4,2000,800170,0.015408146005938761,slack_plugin,none,0.0
2-2-8,none,mixture,0.4,2000,800170,0.015408146005938761,gm_battery,none,0.0
2-2-8,none,mixture,0.4,2000,800170,0.015408146005938761,gtest,none,546.3854525260853
2-2-8,none,mixture,0.4,2000,800171,0.02215045699995244,kl_plugin,none,2.493659676860863e-05
2-2-8,none,mixture,0.4,2000,800171,0.02215045699995244,kl_split,none,0.069058233290236
2-2-8,none,mixture,0.4,2000,800171,0.02215045699995244,kl_crossfit,none,0.06892236856190913
2-2-8,none,mixture,0.4,2000,800171,0.02215045699995244,cf1_margin,none,0.003985896826786073
2-2-8,none,mixture,0.4,2000,800171,0.02215045699995244,slack_plugin,none,0.00797179365357207
2-2-8,none,mixture,0.4,2000,800171,0.02215045699995244,gm_battery,none,0.0
2-2-8,none,mixture,0.4,2000,800171,0.02215045699995244,gtest,none,589.5688122792358
2-2-8,none,mixture,0.4,2000,800172,0.011227442999370396,kl_plugin,none,7.556295636825737e-14
2-2-8,none,mixture,0.4,2000,800172,0.011227442999370396,kl_split,none,0.03582142143859651
2-2-8,none,mixture,0.4,2000,800172,0.011227442999370396,kl_crossfit,none,0.036283366814112844
2-2-8,none,mixture,0.4,2000,800172,0.011227442999370396,cf1_margin,none,0.0
2-2-8,none,mixture,0.4,2000,800172,0.011227442999370396,slack_plugin,none,0.0
2-2-8,none,mixture,0.4,2000,800172,0.011227442999370396,gm_battery,none,0.0
2-2-8,none,mixture,0.4,2000,800172,0.011227442999370396,gtest,none,639.8704182636311
2-2-8,none,mixture,0.4,2000,800173,0.011285111999313813,kl_plugin,none,3.4102735784549655e-05
2-2-8,none,mixture,0.4,2000,800173,0.011285111999313813,kl_split,none,0.05472476362743006
2-2-8,none,mixture,0.4,2000,800173,0.011285111999313813,kl_crossfit,none,0.06218750591887278
2-2-8,none,mixture,0.4,2000,800173,0.011285111999313813,cf1_margin,none,0.005315132878321749
2-2-8,none,mixture,0.4,2000,800173,0.011285111999313813,slack_plugin,none,0.010630265756643971
2-2-8,none,mixture,0.4,2000,800173,0.011285111999313813,gm_battery,none,0.0
2-2-8,none,mixture,0.4,2000,800173,0.011285111999313813,gtest,none,587.2236723731573
2-2-8,none,mixture,0.4,2000,800174,0.010907748001045547,kl_plugin,none,7.586249127069828e-05
2-2-8,none,mixture,0.4,2000,800174,0.010907748001045547,kl_split,none,0.03648409462545293
2-2-8,none,mixture,0.4,2000,800174,0.010907748001045547,kl_crossfit,none,0.03821008211924256
2-2-8,none,mixture,0.4,2000,800174,0.010907748001045547,cf1_margin,none,0.008021008021007803
2-2-8,none,mixture,0.4,2000,800174,0.010907748001045547,slack_plugin,none,0.01604201604201605
2-2-8,none,mixture,0.4,2000,800174,0.010907748001045547,gm_battery,none,0.0
2-2-8,none,mixture,0.4,2000,800174,0.010907748001045547,gtest,none,724.7262616141927
2-2-8,none,mixture,0.4,2000,800175,0.010947276998194866,kl_plugin,none,1.5578862499091386e-06
2-2-8,none,mixture,0.4,2000,800175,0.010947276998194866,kl_split,none,0.056913478069195104
2-2-8,none,mixture,0.4,2000,800175,0.010947276998194866,kl_crossfit,none,0.05559053543782297
2-2-8,none,mixture,0.4,2000,800175,0.010947276998194866,cf1_margin,none,1.1102230246251565e-16
2-2-8,none,mixture,0.4,2000,800175,0.010947276998194866,slack_plugin,none,0.0
2-2-8,none,mixture,0.4,2000,800175,0.010947276998194866,gm_battery,none,0.0
2-2-8,none,mixture,0.4,2000,800175,0.010947276998194866,gtest,none,638.7580569606921
2-2-8,none,mixture,0.4,2000,800176,0.011126525001600385,kl_plugin,none,2.5681122431396788e-14
2-2-8,none,mixture,0.4,2000,800176,0.011126525001600385,kl_split,none,0.049014905245975564
2-2-8,none,mixture,0.4,2000,800176,0.011126525001600385,kl_crossfit,none,0.05074976632760235
2-2-8,none,mixture,0.4,2000,800176,0.011126525001600385,cf1_margin,none,0.0
2-2-8,none,mixture,0.4,2000,800176,0.011126525001600385,slack_plugin,none,0.0
2-2-8,none,mixture,0.4,2000,800176,0.011126525001600385,gm_battery,none,0.0
2-2-8,none,mixture,0.4,2000,800176,0.011126525001600385,gtest,none,590.525392155223
2-2-8,none,mixture,0.4,2000,800177,0.01179903199954424,kl_plugin,none,7.708763845812022e-10
2-2-8,none,mixture,0.4,2000,800177,0.01179903199954424,kl_split,none,0.07395717371924666
2-2-8,none,mixture,0.4,2000,800177,0.01179903199954424,kl_crossfit,none,0.07511848056118463
2-2-8,none,mixture,0.4,2000,800177,0.01179903199954424,cf1_margin,none,0.0
2-2-8,none,mixture,0.4,2000,800177,0.01179903199954424,slack_plugin,none,0.0
2-2-8,none,mixture,0.4,2000,800177,0.01179903199954424,gm_battery,none,0.0
2-2-8,none,mixture,0.4,2000,800177,0.01179903199954424,gtest,none,535.4118776347167
2-2-8,none,mixture,0.4,2000,800178,0.011304867999569979,kl_plugin,none,3.700595990129528e-05
2-2-8,none,mixture,0.4,2000,800178,0.011304867999569979,kl_split,none,0.0561712537623641
2-2-8,none,mixture,0.4,2000,800178,0.011304867999569979,kl_crossfit,none,0.05522645780841061
2-2-8,none,mixture,0.4,2000,800178,0.011304867999569979,cf1_margin,none,0.005573273090381359
2-2-8,none,mixture,0.4,2000,800178,0.011304867999569979,slack_plugin,none,0.011146546180762771
2-2-8,none,mixture,0.4,2000,800178,0.011304867999569979,gm_battery,none,0.0
2-2-8,none,mixture,0.4,2000,800178,0.011304867999569979,gtest,none,649.6331718398486
2-2-8,none,mixture,0.4,2000,800179,0.010899097003857605,kl_plugin,none,3.0453539026944988e-06
2-2-8,none,mixture,0.4,2000,800179,0.010899097003857605,kl_split,none,0.053073019958442845
2-2-8,none,mixture,0.4,2000,800179,0.010899097003857605,kl_crossfit,none,0.06372059198474644
2-2-8,none,mixture,0.4,2000,800179,0.010899097003857605,cf1_margin,none,0.0
2-2-8,none,mixture,0.4,2000,800179,0.010899097003857605,slack_plugin,none,0.0
2-2-8,none,mixture,0.4,2000,800179,0.010899097003857605,gm_battery,none,0.0
2-2-8,none,mixture,0.4,2000,800179,0.010899097003857605,gtest,none,650.087318172868
2-2-8,none,mixture,0.4,2000,800180,0.013243047003925312,kl_plugin,none,5.274073558981869e-14
2-2-8,none,mixture,0.4,2000,800180,0.013243047003925312,kl_split,none,0.050954144792638045
2-2-8,none,mixture,0.4,2000,800180,0.013243047003925312,kl_crossfit,none,0.050789268260116496
2-2-8,none,mixture,0.4,2000,800180,0.013243047003925312,cf1_margin,none,2.220446049250313e-16
2-2-8,none,mixture,0.4,2000,800180,0.013243047003925312,slack_plugin,none,0.0
2-2-8,none,mixture,0.4,2000,800180,0.013243047003925312,gm_battery,none,0.0
2-2-8,none,mixture,0.4,2000,800180,0.013243047003925312,gtest,none,666.69750551173
2-2-8,none,mixture,0.4,2000,800181,0.010382708998804446,kl_plugin,none,1.190747136609986e-13
2-2-8,none,mixture,0.4,2000,800181,0.010382708998804446,kl_split,none,0.053744358950386324
2-2-8,none,mixture,0.4,2000,800181,0.010382708998804446,kl_crossfit,none,0.06300647440605332
2-2-8,none,mixture,0.4,2000,800181,0.010382708998804446,cf1_margin,none,1.1102230246251565e-16
2-2-8,none,mixture,0.4,2000,800181,0.010382708998804446,slack_plugin,none,0.0
2-2-8,none,mixture,0.4,2000,800181,0.010382708998804446,gm_battery,none,0.0
2-2-8,none,mixture,0.4,2000,800181,0.010382708998804446,gtest,none,603.7218516836557
2-2-8,none,mixture,0.4,2000,800182,0.009486677998211235,kl_plugin,none,6.741761406500589e-15
2-2-8,none,mixture,0.4,2000,800182,0.009486677998211235,kl_split,none,0.06883494561016273
2-2-8,none,mixture,0.4,2000,800182,0.009486677998211235,kl_crossfit,none,1.0975119498725163
2-2-8,none,mixture,0.4,2000,800182,0.009486677998211235,cf1_margin,none,1.1102230246251565e-16
2-2-8,none,mixture,0.4,2000,800182,0.009486677998211235,slack_plugin,none,0.0
2-2-8,none,mixture,0.4,2000,800182,0.009486677998211235,gm_battery,none,0.0
2-2-8,none,mixture,0.4,2000,800182,0.009486677998211235,gtest,none,647.7100701894251
2-2-8,none,mixture,0.4,2000,800183,0.01166349900449859,kl_plugin,none,8.155801830705384e-14
2-2-8,none,mixture,0.4,2000,800183,0.01166349900449859,kl_split,none,0.040369181740610875
2-2-8,none,mixture,0.4,2000,800183,0.01166349900449859,kl_crossfit,none,0.03985453555108752
2-2-8,none,mixture,0.4,2000,800183,0.01166349900449859,cf1_margin,none,1.1102230246251565e-16
2-2-8,none,mixture,0.4,2000,800183,0.01166349900449859,slack_plugin,none,0.0
2-2-8,none,mixture,0.4,2000,800183,0.01166349900449859,gm_battery,none,0.0
2-2-8,none,mixture,0.4,2000,800183,0.01166349900449859,gtest,none,531.8280100914534
2-2-8,none,mixture,0.4,2000,800184,0.0104506260031485,kl_plugin,none,1.1537277254981724e-13
2-2-8,none,mixture,0.4,2000,800184,0.0104506260031485,kl_split,none,0.06779241145587092
2-2-8,none,mixture,0.4,2000,800184,0.0104506260031485,kl_crossfit,none,0.06728307893474755
2-2-8,none,mixture,0.4,2000,800184,0.0104506260031485,cf1_margin,none,0.0
2-2-8,none,mixture,0.4,2000,800184,0.0104506260031485,slack_plugin,none,0.0
2-2-8,none,mixture,0.4,2000,800184,0.0104506260031485,gm_battery,none,0.0
2-2-8,none,mixture,0.4,2000,800184,0.0104506260031485,gtest,none,668.2983556564129
2-2-8,none,mixture,0.4,2000,800185,0.013521528999262955,kl_plugin,none,1.2368961365029524e-13
2-2-8,none,mixture,0.4,2000,800185,0.013521528999262955,kl_split,none,0.07893358346115521
2-2-8,none,mixture,0.4,2000,800185,0.013521528999262955,kl_crossfit,none,0.07307972027143309
2-2-8,none,mixture,0.4,2000,800185,0.013521528999262955,cf1_margin,none,2.220446049250313e-16
2-2-8,none,mixture,0.4,2000,800185,0.013521528999262955,slack_plugin,none,0.0
2-2-8,none,mixture,0.4,2000,800185,0.013521528999262955,gm_battery,none,0.0
2-2-8,none,mixture,0.4,2000,800185,0.013521528999262955,gtest,none,563.6963908753694
2-2-8,none,mixture,0.4,2000,800186,0.011727482000424061,kl_plugin,none,5.4196229828921716e-11
2-2-8,none,mixture,0.4,2000,800186,0.011727482000424061,kl_split,none,0.06270699033478513
2-2-8,none,mixture,0.4,2000,800186,0.011727482000424061,kl_crossfit,none,0.05634311584792093
2-2-8,none,mixture,0.4,2000,800186,0.011727482000424061,cf1_margin,none,0.0
2-2-8,none,mixture,0.4,2000,800186,0.011727482000424061,slack_plugin,none,0.0
2-2-8,none,mixture,0.4,2000,800186,0.011727482000424061,gm_battery,none,0.0
2-2-8,none,mixture,0.4,2000,800186,0.011727482000424061,gtest,none,634.5185718985495
2-2-8,none,mixture,0.4,2000,800187,0.010073628996906336,kl_plugin,none,4.5414666280766083e-14
2-2-8,none,mixture,0.4,2000,800187,0.010073628996906336,kl_split,none,0.06538848221731519
2-2-8,none,mixture,0.4,2000,800187,0.010073628996906336,kl_crossfit,none,0.06343837568296726
2-2-8,none,mixture,0.4,2000,800187,0.010073628996906336,cf1_margin,none,2.220446049250313e-16
2-2-8,none,mixture,0.4,2000,800187,0.010073628996906336,slack_plugin,none,0.0
2-2-8,none,mixture,0.4,2000,800187,0.010073628996906336,gm_battery,none,0.0
2-2-8,none,mixture,0.4,2000,800187,0.010073628996906336,gtest,none,608.0139301048295
2-2-8,none,mixture,0.4,2000,800188,0.012504723003075924,kl_plugin,none,1.3915869753995965e-14
2-2-8,none,mixture,0.4,2000,800188,0.012504723003075924,kl_split,none,0.049490690854181264
2-2-8,none,mixture,0.4,2000,800188,0.012504723003075924,kl_crossfit,none,0.0507527488150652
2-2-8,none,mixture,0.4,2000,800188,0.012504723003075924,cf1_margin,none,0.0
2-2-8,none,mixture,0.4,2000,800188,0.012504723003075924,slack_plugin,none,0.0
2-2-8,none,mixture,0.4,2000,800188,0.012504723003075924,gm_battery,none,0.0
2-2-8,none,mixture,0.4,2000,800188,0.012504723003075924,gtest,none,643.5347855152032
2-2-8,none,mixture,0.4,2000,800189,0.010657163002179004,kl_plugin,none,9.480956528212528e-14
2-2-8,none,mixture,0.4,2000,800189,0.010657163002179004,kl_split,none,0.045539219858529045
2-2-8,none,mixture,0.4,2000,800189,0.010657163002179004,kl_crossfit,none,0.0452957450630732
2-2-8,none,mixture,0.4,2000,800189,0.010657163002179004,cf1_margin,none,0.0
2-2-8,none,mixture,0.4,2000,800189,0.010657163002179004,slack_plugin,none,0.0
2-2-8,none,mixture,0.4,2000,800189,0.010657163002179004,gm_battery,none,0.0
2-2-8,none,mixture,0.4,2000,800189,0.010657163002179004,gtest,none,593.8247235247752
2-2-8,none,mixture,0.4,2000,800190,0.03356367099331692,kl_plugin,none,1.349734063585753e-05
2-2-8,none,mixture,0.4,2000,800190,0.03356367099331692,kl_split,none,0.07559986786827246
2-2-8,none,mixture,0.4,2000,800190,0.03356367099331692,kl_crossfit,none,0.06756952442800901
2-2-8,none,mixture,0.4,2000,800190,0.03356367099331692,cf1_margin,none,0.0022527298844827737
2-2-8,none,mixture,0.4,2000,800190,0.03356367099331692,slack_plugin,none,0.004505459768965242
2-2-8,none,mixture,0.4,2000,800190,0.03356367099331692,gm_battery,none,0.0
2-2-8,none,mixture,0.4,2000,800190,0.03356367099331692,gtest,none,626.2454035000128
2-2-8,none,mixture,0.4,2000,800191,0.012397333004628308,kl_plugin,none,9.592551964269147e-14
2-2-8,none,mixture,0.4,2000,800191,0.012397333004628308,kl_split,none,0.05498760529431974
2-2-8,none,mixture,0.4,2000,800191,0.012397333004628308,kl_crossfit,none,0.055627255469315934
2-2-8,none,mixture,0.4,2000,800191,0.012397333004628308,cf1_margin,none,0.0
2-2-8,none,mixture,0.4,2000,800191,0.012397333004628308,slack_plugin,none,0.0
2-2-8,none,mixture,0.4,2000,800191,0.012397333004628308,gm_battery,none,0.0
2-2-8,none,mixture,0.4,2000,800191,0.012397333004628308,gtest,none,571.9170160678661
2-2-8,none,mixture,0.4,2000,800192,0.015603660001943354,kl_plugin,none,6.352277906380196e-07
2-2-8,none,mixture,0.4,2000,800192,0.015603660001943354,kl_split,none,0.06704724120038538
2-2-8,none,mixture,0.4,2000,800192,0.015603660001943354,kl_crossfit,none,0.06874471719818417
2-2-8,none,mixture,0.4,2000,800192,0.015603660001943354,cf1_margin,none,0.0
2-2-8,none,mixture,0.4,2000,800192,0.015603660001943354,slack_plugin,none,0.0
2-2-8,none,mixture,0.4,2000,800192,0.015603660001943354,gm_battery,none,0.0
2-2-8,none,mixture,0.4,2000,800192,0.015603660001943354,gtest,none,582.3974637822554
2-2-8,none,mixture,0.4,2000,800193,0.013702532996830996,kl_plugin,none,1.0540603975054517e-11
2-2-8,none,mixture,0.4,2000,800193,0.013702532996830996,kl_split,none,0.07658528812295973
2-2-8,none,mixture,0.4,2000,800193,0.013702532996830996,kl_crossfit,none,0.07859044824912387
2-2-8,none,mixture,0.4,2000,800193,0.013702532996830996,cf1_margin,none,0.0
2-2-8,none,mixture,0.4,2000,800193,0.013702532996830996,slack_plugin,none,0.0
2-2-8,none,mixture,0.4,2000,800193,0.013702532996830996,gm_battery,none,0.0
2-2-8,none,mixture,0.4,2000,800193,0.013702532996830996,gtest,none,676.0388410377171
2-2-8,none,mixture,0.4,2000,800194,0.0105357109932811,kl_plugin,none,1.5256231696564564e-13
2-2-8,none,mixture,0.4,2000,800194,0.0105357109932811,kl_split,none,0.07543663340178625
2-2-8,none,mixture,0.4,2000,800194,0.0105357109932811,kl_crossfit,none,0.06350672045268102
2-2-8,none,mixture,0.4,2000,800194,0.0105357109932811,cf1_margin,none,1.1102230246251565e-16
2-2-8,none,mixture,0.4,2000,800194,0.0105357109932811,slack_plugin,none,0.0
2-2-8,none,mixture,0.4,2000,800194,0.0105357109932811,gm_battery,none,0.0
2-2-8,none,mixture,0.4,2000,800194,0.0105357109932811,gtest,none,665.5875097551105
2-2-8,none,mixture,0.4,2000,800195,0.009532386997307185,kl_plugin,none,4.6503172128394913e-14
2-2-8,none,mixture,0.4,2000,800195,0.009532386997307185,kl_split,none,0.07015503582966114
2-2-8,none,mixture,0.4,2000,800195,0.009532386997307185,kl_crossfit,none,0.06559597299389497
2-2-8,none,mixture,0.4,2000,800195,0.009532386997307185,cf1_margin,none,0.0
2-2-8,none,mixture,0.4,2000,800195,0.009532386997307185,slack_plugin,none,0.0
2-2-8,none,mixture,0.4,2000,800195,0.009532386997307185,gm_battery,none,0.0
2-2-8,none,mixture,0.4,2000,800195,0.009532386997307185,gtest,none,635.6026169853476
2-2-8,none,mixture,0.4,2000,800196,0.011675027999444865,kl_plugin,none,5.745795325485117e-14
2-2-8,none,mixture,0.4,2000,800196,0.011675027999444865,kl_split,none,0.061483079702607
2-2-8,none,mixture,0.4,2000,800196,0.011675027999444865,kl_crossfit,none,0.06739918340025311
2-2-8,none,mixture,0.4,2000,800196,0.011675027999444865,cf1_margin,none,0.0
2-2-8,none,mixture,0.4,2000,800196,0.011675027999444865,slack_plugin,none,0.0
2-2-8,none,mixture,0.4,2000,800196,0.011675027999444865,gm_battery,none,0.0
2-2-8,none,mixture,0.4,2000,800196,0.011675027999444865,gtest,none,744.6749154054515
2-2-8,none,mixture,0.4,2000,800197,0.013044154999079183,kl_plugin,none,8.201071706418227e-14
2-2-8,none,mixture,0.4,2000,800197,0.013044154999079183,kl_split,none,0.05790090701158073
2-2-8,none,mixture,0.4,2000,800197,0.013044154999079183,kl_crossfit,none,0.06063716484040704
2-2-8,none,mixture,0.4,2000,800197,0.013044154999079183,cf1_margin,none,3.3306690738754696e-16
2-2-8,none,mixture,0.4,2000,800197,0.013044154999079183,slack_plugin,none,0.0
2-2-8,none,mixture,0.4,2000,800197,0.013044154999079183,gm_battery,none,0.0
2-2-8,none,mixture,0.4,2000,800197,0.013044154999079183,gtest,none,554.6597061581526
2-2-8,none,mixture,0.4,2000,800198,0.011875051997776609,kl_plugin,none,2.206813149586334e-14
2-2-8,none,mixture,0.4,2000,800198,0.011875051997776609,kl_split,none,0.047964025512434956
2-2-8,none,mixture,0.4,2000,800198,0.011875051997776609,kl_crossfit,none,0.04561487807794378
2-2-8,none,mixture,0.4,2000,800198,0.011875051997776609,cf1_margin,none,1.1102230246251565e-16
2-2-8,none,mixture,0.4,2000,800198,0.011875051997776609,slack_plugin,none,0.0
2-2-8,none,mixture,0.4,2000,800198,0.011875051997776609,gm_battery,none,0.0
2-2-8,none,mixture,0.4,2000,800198,0.011875051997776609,gtest,none,587.8525872270784
2-2-8,none,mixture,0.4,2000,800199,0.010351200005970895,kl_plugin,none,1.8494161055412904e-14
2-2-8,none,mixture,0.4,2000,800199,0.010351200005970895,kl_split,none,0.05502066624105892
2-2-8,none,mixture,0.4,2000,800199,0.010351200005970895,kl_crossfit,none,0.0541835933028465
2-2-8,none,mixture,0.4,2000,800199,0.010351200005970895,cf1_margin,none,0.0
2-2-8,none,mixture,0.4,2000,800199,0.010351200005970895,slack_plugin,none,0.0
2-2-8,none,mixture,0.4,2000,800199,0.010351200005970895,gm_battery,none,0.0
2-2-8,none,mixture,0.4,2000,800199,0.010351200005970895,gtest,none,631.5305772620293
