cell,tail,family,rho,n,seed,dt_stats_s,stat,engine,stat_obs
2-2-8,none,mixture,0.4,500,800000,0.012583893003466073,kl_plugin,none,5.2568845589101984e-14
2-2-8,none,mixture,0.4,500,800000,0.012583893003466073,kl_split,none,0.37837313229985325
2-2-8,none,mixture,0.4,500,800000,0.012583893003466073,kl_crossfit,none,1.471381116411331
2-2-8,none,mixture,0.4,500,800000,0.012583893003466073,cf1_margin,none,1.1102230246251565e-16
2-2-8,none,mixture,0.4,500,800000,0.012583893003466073,slack_plugin,none,0.0
2-2-8,none,mixture,0.4,500,800000,0.012583893003466073,gm_battery,none,0.0
2-2-8,none,mixture,0.4,500,800000,0.012583893003466073,gtest,none,149.93910791187153
2-2-8,none,mixture,0.4,500,800001,0.010205286998825613,kl_plugin,none,6.0890128995191015e-06
2-2-8,none,mixture,0.4,500,800001,0.010205286998825613,kl_split,none,0.11095876559305771
2-2-8,none,mixture,0.4,500,800001,0.010205286998825613,kl_crossfit,none,0.44752893951967226
2-2-8,none,mixture,0.4,500,800001,0.010205286998825613,cf1_margin,none,0.0006410256410255277
2-2-8,none,mixture,0.4,500,800001,0.010205286998825613,slack_plugin,none,0.001282051282051281
2-2-8,none,mixture,0.4,500,800001,0.010205286998825613,gm_battery,none,0.0
2-2-8,none,mixture,0.4,500,800001,0.010205286998825613,gtest,none,129.88656719824527
2-2-8,none,mixture,0.4,500,800002,0.007937738002510741,kl_plugin,none,8.935802317005354e-16
2-2-8,none,mixture,0.4,500,800002,0.007937738002510741,kl_split,none,2.8537405641895828
2-2-8,none,mixture,0.4,500,800002,0.007937738002510741,kl_crossfit,none,5.62200100251189
2-2-8,none,mixture,0.4,500,800002,0.007937738002510741,cf1_margin,none,0.0
2-2-8,none,mixture,0.4,500,800002,0.007937738002510741,slack_plugin,none,0.0
2-2-8,none,mixture,0.4,500,800002,0.007937738002510741,gm_battery,none,0.0
2-2-8,none,mixture,0.4,500,800002,0.007937738002510741,gtest,none,118.76262019191338
2-2-8,none,mixture,0.4,500,800003,0.012460295998607762,kl_plugin,none,0.00019195805961064833
2-2-8,none,mixture,0.4,500,800003,0.012460295998607762,kl_split,none,2.6073420354780796
2-2-8,none,mixture,0.4,500,800003,0.012460295998607762,kl_crossfit,none,1.4508324543774354
2-2-8,none,mixture,0.4,500,800003,0.012460295998607762,cf1_margin,none,0.013703893442623016
2-2-8,none,mixture,0.4,500,800003,0.012460295998607762,slack_plugin,none,0.027407786885245946
2-2-8,none,mixture,0.4,500,800003,0.012460295998607762,gm_battery,none,0.0
2-2-8,none,mixture,0.4,500,800003,0.012460295998607762,gtest,none,172.63417547039427
2-2-8,none,mixture,0.4,500,800004,0.010560597002040595,kl_plugin,none,0.0006051113564749973
2-2-8,none,mixture,0.4,500,800004,0.010560597002040595,kl_split,none,0.8751146837613044
2-2-8,none,mixture,0.4,500,800004,0.010560597002040595,kl_crossfit,none,0.5250414672962787
2-2-8,none,mixture,0.4,500,800004,0.010560597002040595,cf1_margin,none,0.024590163934426368
2-2-8,none,mixture,0.4,500,800004,0.010560597002040595,slack_plugin,none,0.049180327868852375
2-2-8,none,mixture,0.4,500,800004,0.010560597002040595,gm_battery,none,0.0
2-2-8,none,mixture,0.4,500,800004,0.010560597002040595,gtest,none,155.7312082965345
2-2-8,none,mixture,0.4,500,800005,0.01642696400085697,kl_plugin,none,2.336044529134338e-13
2-2-8,none,mixture,0.4,500,800005,0.01642696400085697,kl_split,none,0.18242497306298186
2-2-8,none,mixture,0.4,500,800005,0.01642696400085697,kl_crossfit,none,1.4468929568308087
2-2-8,none,mixture,0.4,500,800005,0.01642696400085697,cf1_margin,none,1.1102230246251565e-16
2-2-8,none,mixture,0.4,500,800005,0.01642696400085697,slack_plugin,none,0.0
2-2-8,none,mixture,0.4,500,800005,0.01642696400085697,gm_battery,none,0.0
2-2-8,none,mixture,0.4,500,800005,0.01642696400085697,gtest,none,175.30170082174266
2-2-8,none,mixture,0.4,500,800006,0.012173989998700563,kl_plugin,none,5.981116661572474e-07
2-2-8,none,mixture,0.4,500,800006,0.012173989998700563,kl_split,none,1.8291611884920609
2-2-8,none,mixture,0.4,500,800006,0.012173989998700563,kl_crossfit,none,1.3998297100739872
2-2-8,none,mixture,0.4,500,800006,0.012173989998700563,cf1_margin,none,0.0
2-2-8,none,mixture,0.4,500,800006,0.012173989998700563,slack_plugin,none,0.0
2-2-8,none,mixture,0.4,500,800006,0.012173989998700563,gm_battery,none,0.0
2-2-8,none,mixture,0.4,500,800006,0.012173989998700563,gtest,none,153.6208809583448
2-2-8,none,mixture,0.4,500,800007,0.013830748001055326,kl_plugin,none,1.3282346666000259e-13
2-2-8,none,mixture,0.4,500,800007,0.013830748001055326,kl_split,none,0.28437635761404706
2-2-8,none,mixture,0.4,500,800007,0.013830748001055326,kl_crossfit,none,3.8572152947193987
2-2-8,none,mixture,0.4,500,800007,0.013830748001055326,cf1_margin,none,1.1102230246251565e-16
2-2-8,none,mixture,0.4,500,800007,0.013830748001055326,slack_plugin,none,0.0
2-2-8,none,mixture,0.4,500,800007,0.013830748001055326,gm_battery,none,0.0
2-2-8,none,mixture,0.4,500,800007,0.013830748001055326,gtest,none,165.6123381941631
2-2-8,none,mixture,0.4,500,800008,0.014096241000515874,kl_plugin,none,6.089036139423341e-05
2-2-8,none,mixture,0.4,500,800008,0.014096241000515874,kl_split,none,1.0033975102448272
2-2-8,none,mixture,0.4,500,800008,0.014096241000515874,kl_crossfit,none,1.0545987021777052
2-2-8,none,mixture,0.4,500,800008,0.014096241000515874,cf1_margin,none,0.0075690899489528896
2-2-8,none,mixture,0.4,500,800008,0.014096241000515874,slack_plugin,none,0.015138179897905307
2-2-8,none,mixture,0.4,500,800008,0.014096241000515874,gm_battery,none,0.0
2-2-8,none,mixture,0.4,500,800008,0.014096241000515874,gtest,none,180.11205895887855
2-2-8,none,mixture,0.4,500,800009,0.017148008999356534,kl_plugin,none,2.192103717475703e-05
2-2-8,none,mixture,0.4,500,800009,0.017148008999356534,kl_split,none,5.718216077330434
2-2-8,none,mixture,0.4,500,800009,0.017148008999356534,kl_crossfit,none,6.1607778004004405
2-2-8,none,mixture,0.4,500,800009,0.017148008999356534,cf1_margin,none,0.0034244931270104306
2-2-8,none,mixture,0.4,500,800009,0.017148008999356534,slack_plugin,none,0.006848986254020712
2-2-8,none,mixture,0.4,500,800009,0.017148008999356534,gm_battery,none,0.0
2-2-8,none,mixture,0.4,500,800009,0.017148008999356534,gtest,none,218.46809209749506
2-2-8,none,mixture,0.4,500,800010,0.017764060998160858,kl_plugin,none,0.0016442675243300174
2-2-8,none,mixture,0.4,500,800010,0.017764060998160858,kl_split,none,3.9914308890575754
2-2-8,none,mixture,0.4,500,800010,0.017764060998160858,kl_crossfit,none,6.454205417049607
2-2-8,none,mixture,0.4,500,800010,0.017764060998160858,cf1_margin,none,0.04052237372767442
2-2-8,none,mixture,0.4,500,800010,0.017764060998160858,slack_plugin,none,0.08104474745534856
2-2-8,none,mixture,0.4,500,800010,0.017764060998160858,gm_battery,none,0.0
2-2-8,none,mixture,0.4,500,800010,0.017764060998160858,gtest,none,173.39514968246573
2-2-8,none,mixture,0.4,500,800011,0.01338047299941536,kl_plugin,none,1.069108587168734e-14
2-2-8,none,mixture,0.4,500,800011,0.01338047299941536,kl_split,none,2.761332104993477
2-2-8,none,mixture,0.4,500,800011,0.01338047299941536,kl_crossfit,none,2.3342071475368424
2-2-8,none,mixture,0.4,500,800011,0.01338047299941536,cf1_margin,none,0.0
2-2-8,none,mixture,0.4,500,800011,0.01338047299941536,slack_plugin,none,0.0
2-2-8,none,mixture,0.4,500,800011,0.01338047299941536,gm_battery,none,0.0
2-2-8,none,mixture,0.4,500,800011,0.01338047299941536,gtest,none,156.20720927834645
2-2-8,none,mixture,0.4,500,800012,0.011354210000718012,kl_plugin,none,4.675423778939366e-14
2-2-8,none,mixture,0.4,500,800012,0.011354210000718012,kl_split,none,5.2081903684073465
2-2-8,none,mixture,0.4,500,800012,0.011354210000718012,kl_crossfit,none,2.7311388190341472
2-2-8,none,mixture,0.4,500,800012,0.011354210000718012,cf1_margin,none,0.0
2-2-8,none,mixture,0.4,500,800012,0.011354210000718012,slack_plugin,none,0.0
2-2-8,none,mixture,0.4,500,800012,0.011354210000718012,gm_battery,none,0.0
2-2-8,none,mixture,0.4,500,800012,0.011354210000718012,gtest,none,187.71745647326253
2-2-8,none,mixture,0.4,500,800013,0.014032181999937166,kl_plugin,none,2.4201349310492377e-07
2-2-8,none,mixture,0.4,500,800013,0.014032181999937166,kl_split,none,5.117889025872486
2-2-8,none,mixture,0.4,500,800013,0.014032181999937166,kl_crossfit,none,5.794653984009149
2-2-8,none,mixture,0.4,500,800013,0.014032181999937166,cf1_margin,none,0.0
2-2-8,none,mixture,0.4,500,800013,0.014032181999937166,slack_plugin,none,0.0
2-2-8,none,mixture,0.4,500,800013,0.014032181999937166,gm_battery,none,0.0
2-2-8,none,mixture,0.4,500,800013,0.014032181999937166,gtest,none,178.3999905125561
2-2-8,none,mixture,0.4,500,800014,0.00948131299810484,kl_plugin,none,2.3684594385722816e-14
2-2-8,none,mixture,0.4,500,800014,0.00948131299810484,kl_split,none,11.768115282783047
2-2-8,none,mixture,0.4,500,800014,0.00948131299810484,kl_crossfit,none,7.218367912714582
2-2-8,none,mixture,0.4,500,800014,0.00948131299810484,cf1_margin,none,2.220446049250313e-16
2-2-8,none,mixture,0.4,500,800014,0.00948131299810484,slack_plugin,none,0.0
2-2-8,none,mixture,0.4,500,800014,0.00948131299810484,gm_battery,none,0.0
2-2-8,none,mixture,0.4,500,800014,0.00948131299810484,gtest,none,145.20762866168
2-2-8,none,mixture,0.4,500,800015,0.009785807000298519,kl_plugin,none,9.090459224622399e-14
2-2-8,none,mixture,0.4,500,800015,0.009785807000298519,kl_split,none,7.931141946876858
2-2-8,none,mixture,0.4,500,800015,0.009785807000298519,kl_crossfit,none,5.5915844412887195
2-2-8,none,mixture,0.4,500,800015,0.009785807000298519,cf1_margin,none,1.1102230246251565e-16
2-2-8,none,mixture,0.4,500,800015,0.009785807000298519,slack_plugin,none,0.0
2-2-8,none,mixture,0.4,500,800015,0.009785807000298519,gm_battery,none,0.0
2-2-8,none,mixture,0.4,500,800015,0.009785807000298519,gtest,none,162.3669944234198
2-2-8,none,mixture,0.4,500,800016,0.008507749997079372,kl_plugin,none,1.2289724784549726e-14
2-2-8,none,mixture,0.4,500,800016,0.008507749997079372,kl_split,none,1.117432857843815
2-2-8,none,mixture,0.4,500,800016,0.008507749997079372,kl_crossfit,none,2.1870033735998633
2-2-8,none,mixture,0.4,500,800016,0.008507749997079372,cf1_margin,none,0.0
2-2-8,none,mixture,0.4,500,800016,0.008507749997079372,slack_plugin,none,0.0
2-2-8,none,mixture,0.4,500,800016,0.008507749997079372,gm_battery,none,0.0
2-2-8,none,mixture,0.4,500,800016,0.008507749997079372,gtest,none,155.9532263205578
2-2-8,none,mixture,0.4,500,800017,0.009306667998316698,kl_plugin,none,4.8523848381945946e-14
2-2-8,none,mixture,0.4,500,800017,0.009306667998316698,kl_split,none,3.169652370329434
2-2-8,none,mixture,0.4,500,800017,0.009306667998316698,kl_crossfit,none,3.3675917382391436
2-2-8,none,mixture,0.4,500,800017,0.009306667998316698,cf1_margin,none,0.0
2-2-8,none,mixture,0.4,500,800017,0.009306667998316698,slack_plugin,none,0.0
2-2-8,none,mixture,0.4,500,800017,0.009306667998316698,gm_battery,none,0.0
2-2-8,none,mixture,0.4,500,800017,0.009306667998316698,gtest,none,170.9513573832482
2-2-8,none,mixture,0.4,500,800018,0.01006445999519201,kl_plugin,none,1.062921127724461e-13
2-2-8,none,mixture,0.4,500,800018,0.01006445999519201,kl_split,none,1.9338366441706971
2-2-8,none,mixture,0.4,500,800018,0.01006445999519201,kl_crossfit,none,1.8997219165174777
2-2-8,none,mixture,0.4,500,800018,0.01006445999519201,cf1_margin,none,0.0
2-2-8,none,mixture,0.4,500,800018,0.01006445999519201,slack_plugin,none,0.0
2-2-8,none,mixture,0.4,500,800018,0.01006445999519201,gm_battery,none,0.0
2-2-8,none,mixture,0.4,500,800018,0.01006445999519201,gtest,none,179.8934064398207
2-2-8,none,mixture,0.4,500,800019,0.009097579997614957,kl_plugin,none,1.1000074626778265e-14
2-2-8,none,mixture,0.4,500,800019,0.009097579997614957,kl_split,none,4.550884767060777
2-2-8,none,mixture,0.4,500,800019,0.009097579997614957,kl_crossfit,none,3.9781592443359175
2-2-8,none,mixture,0.4,500,800019,0.009097579997614957,cf1_margin,none,0.0
2-2-8,none,mixture,0.4,500,800019,0.009097579997614957,slack_plugin,none,0.0
2-2-8,none,mixture,0.4,500,800019,0.009097579997614957,gm_battery,none,0.0
2-2-8,none,mixture,0.4,500,800019,0.009097579997614957,gtest,none,151.2410978434151
2-2-8,none,mixture,0.4,500,800020,0.009739648005052004,kl_plugin,none,0.00023820921078870124
2-2-8,none,mixture,0.4,500,800020,0.009739648005052004,kl_split,none,6.2367927355593205
2-2-8,none,mixture,0.4,500,800020,0.009739648005052004,kl_crossfit,none,5.155758791631808
2-2-8,none,mixture,0.4,500,800020,0.009739648005052004,cf1_margin,none,0.015417689432224768
2-2-8,none,mixture,0.4,500,800020,0.009739648005052004,slack_plugin,none,0.030835378864449585
2-2-8,none,mixture,0.4,500,800020,0.009739648005052004,gm_battery,none,0.0
2-2-8,none,mixture,0.4,500,800020,0.009739648005052004,gtest,none,195.77928641586382
2-2-8,none,mixture,0.4,500,800021,0.008740834004129283,kl_plugin,none,4.3955479671150674e-14
2-2-8,none,mixture,0.4,500,800021,0.008740834004129283,kl_split,none,4.286405061486971
2-2-8,none,mixture,0.4,500,800021,0.008740834004129283,kl_crossfit,none,2.758665738015843
2-2-8,none,mixture,0.4,500,800021,0.008740834004129283,cf1_margin,none,0.0
2-2-8,none,mixture,0.4,500,800021,0.008740834004129283,slack_plugin,none,0.0
2-2-8,none,mixture,0.4,500,800021,0.008740834004129283,gm_battery,none,0.0
2-2-8,none,mixture,0.4,500,800021,0.008740834004129283,gtest,none,163.8696635402062
2-2-8,none,mixture,0.4,500,800022,0.010924658003204968,kl_plugin,none,0.0006081584204233334
2-2-8,none,mixture,0.4,500,800022,0.010924658003204968,kl_split,none,1.022890281870715
2-2-8,none,mixture,0.4,500,800022,0.010924658003204968,kl_crossfit,none,2.92884366613612
2-2-8,none,mixture,0.4,500,800022,0.010924658003204968,cf1_margin,none,0.024637681159420555
2-2-8,none,mixture,0.4,500,800022,0.010924658003204968,slack_plugin,none,0.049275362318840533
2-2-8,none,mixture,0.4,500,800022,0.010924658003204968,gm_battery,none,0.0
2-2-8,none,mixture,0.4,500,800022,0.010924658003204968,gtest,none,175.904706428257
2-2-8,none,mixture,0.4,500,800023,0.010227206999843474,kl_plugin,none,1.0513669176558593e-09
2-2-8,none,mixture,0.4,500,800023,0.010227206999843474,kl_split,none,0.9784660744891858
2-2-8,none,mixture,0.4,500,800023,0.010227206999843474,kl_crossfit,none,3.7725822803775433
2-2-8,none,mixture,0.4,500,800023,0.010227206999843474,cf1_margin,none,0.0
2-2-8,none,mixture,0.4,500,800023,0.010227206999843474,slack_plugin,none,0.0
2-2-8,none,mixture,0.4,500,800023,0.010227206999843474,gm_battery,none,0.0
2-2-8,none,mixture,0.4,500,800023,0.010227206999843474,gtest,none,182.22702949052024
2-2-8,none,mixture,0.4,500,800024,0.010184205006225966,kl_plugin,none,7.599032056289175e-09
2-2-8,none,mixture,0.4,500,800024,0.010184205006225966,kl_split,none,2.6599942784091786
2-2-8,none,mixture,0.4,500,800024,0.010184205006225966,kl_crossfit,none,2.8162121518981147
2-2-8,none,mixture,0.4,500,800024,0.010184205006225966,cf1_margin,none,2.220446049250313e-16
2-2-8,none,mixture,0.4,500,800024,0.010184205006225966,slack_plugin,none,0.0
2-2-8,none,mixture,0.4,500,800024,0.010184205006225966,gm_battery,none,0.0
2-2-8,none,mixture,0.4,500,800024,0.010184205006225966,gtest,none,146.30440779897717
2-2-8,none,mixture,0.4,500,800025,0.008117191995552275,kl_plugin,none,3.2064511544932283e-15
2-2-8,none,mixture,0.4,500,800025,0.008117191995552275,kl_split,none,0.19471823202611338
2-2-8,none,mixture,0.4,500,800025,0.008117191995552275,kl_crossfit,none,0.2011638827606433
2-2-8,none,mixture,0.4,500,800025,0.008117191995552275,cf1_margin,none,0.0
2-2-8,none,mixture,0.4,500,800025,0.008117191995552275,slack_plugin,none,0.0
2-2-8,none,mixture,0.4,500,800025,0.008117191995552275,gm_battery,none,0.0
2-2-8,none,mixture,0.4,500,800025,0.008117191995552275,gtest,none,135.05027706129715
2-2-8,none,mixture,0.4,500,800026,0.010587798999040388,kl_plugin,none,3.7631138868803334e-14
2-2-8,none,mixture,0.4,500,800026,0.010587798999040388,kl_split,none,5.604255365512213
2-2-8,none,mixture,0.4,500,800026,0.010587798999040388,kl_crossfit,none,2.932231432975458
2-2-8,none,mixture,0.4,500,800026,0.010587798999040388,cf1_margin,none,0.0
2-2-8,none,mixture,0.4,500,800026,0.010587798999040388,slack_plugin,none,0.0
2-2-8,none,mixture,0.4,500,800026,0.010587798999040388,gm_battery,none,0.0
2-2-8,none,mixture,0.4,500,800026,0.010587798999040388,gtest,none,128.80321546980974
2-2-8,none,mixture,0.4,500,800027,0.01076722600555513,kl_plugin,none,1.7949997939325513e-12
2-2-8,none,mixture,0.4,500,800027,0.01076722600555513,kl_split,none,0.16873053752005374
2-2-8,none,mixture,0.4,500,800027,0.01076722600555513,kl_crossfit,none,0.1845215767964853
2-2-8,none,mixture,0.4,500,800027,0.01076722600555513,cf1_margin,none,0.0
2-2-8,none,mixture,0.4,500,800027,0.01076722600555513,slack_plugin,none,0.0
2-2-8,none,mixture,0.4,500,800027,0.01076722600555513,gm_battery,none,0.0
2-2-8,none,mixture,0.4,500,800027,0.01076722600555513,gtest,none,171.64229329029456
2-2-8,none,mixture,0.4,500,800028,0.008888885997293983,kl_plugin,none,3.0027627739452013e-14
2-2-8,none,mixture,0.4,500,800028,0.008888885997293983,kl_split,none,9.19927208254769
2-2-8,none,mixture,0.4,500,800028,0.008888885997293983,kl_crossfit,none,6.317647181689573
2-2-8,none,mixture,0.4,500,800028,0.008888885997293983,cf1_margin,none,0.0
2-2-8,none,mixture,0.4,500,800028,0.008888885997293983,slack_plugin,none,0.0
2-2-8,none,mixture,0.4,500,800028,0.008888885997293983,gm_battery,none,0.0
2-2-8,none,mixture,0.4,500,800028,0.008888885997293983,gtest,none,154.4502334554947
2-2-8,none,mixture,0.4,500,800029,0.014411850999749731,kl_plugin,none,0.001856334931599776
2-2-8,none,mixture,0.4,500,800029,0.014411850999749731,kl_split,none,1.0068580858033638
2-2-8,none,mixture,0.4,500,800029,0.014411850999749731,kl_crossfit,none,3.686934037245527
2-2-8,none,mixture,0.4,500,800029,0.014411850999749731,cf1_margin,none,0.0430204767133906
2-2-8,none,mixture,0.4,500,800029,0.014411850999749731,slack_plugin,none,0.08604095342678117
2-2-8,none,mixture,0.4,500,800029,0.014411850999749731,gm_battery,none,0.0
2-2-8,none,mixture,0.4,500,800029,0.014411850999749731,gtest,none,175.88275106112678
2-2-8,none,mixture,0.4,500,800030,0.011018650002370123,kl_plugin,none,0.00014045563443059535
2-2-8,none,mixture,0.4,500,800030,0.011018650002370123,kl_split,none,3.4228553363751453
2-2-8,none,mixture,0.4,500,800030,0.011018650002370123,kl_crossfit,none,1.8520065195478004
2-2-8,none,mixture,0.4,500,800030,0.011018650002370123,cf1_margin,none,0.011813045711351
2-2-8,none,mixture,0.4,500,800030,0.011018650002370123,slack_plugin,none,0.02362609142270157
2-2-8,none,mixture,0.4,500,800030,0.011018650002370123,gm_battery,none,0.0
2-2-8,none,mixture,0.4,500,800030,0.011018650002370123,gtest,none,139.0720855774057
2-2-8,none,mixture,0.4,500,800031,0.009222191001754254,kl_plugin,none,1.119419807603573e-14
2-2-8,none,mixture,0.4,500,800031,0.009222191001754254,kl_split,none,0.15169382067566023
2-2-8,none,mixture,0.4,500,800031,0.009222191001754254,kl_crossfit,none,0.15810238976716065
2-2-8,none,mixture,0.4,500,800031,0.009222191001754254,cf1_margin,none,2.220446049250313e-16
2-2-8,none,mixture,0.4,500,800031,0.009222191001754254,slack_plugin,none,0.0
2-2-8,none,mixture,0.4,500,800031,0.009222191001754254,gm_battery,none,0.0
2-2-8,none,mixture,0.4,500,800031,0.009222191001754254,gtest,none,170.02678638592158
2-2-8,none,mixture,0.4,500,800032,0.010198680000030436,kl_plugin,none,8.259412729187087e-11
2-2-8,none,mixture,0.4,500,800032,0.010198680000030436,kl_split,none,0.12853007404828728
2-2-8,none,mixture,0.4,500,800032,0.010198680000030436,kl_crossfit,none,0.12828479517155544
2-2-8,none,mixture,0.4,500,800032,0.010198680000030436,cf1_margin,none,1.1102230246251565e-16
2-2-8,none,mixture,0.4,500,800032,0.010198680000030436,slack_plugin,none,0.0
2-2-8,none,mixture,0.4,500,800032,0.010198680000030436,gm_battery,none,0.0
2-2-8,none,mixture,0.4,500,800032,0.010198680000030436,gtest,none,214.27393076337796
2-2-8,none,mixture,0.4,500,800033,0.009463726004469208,kl_plugin,none,7.893777029794956e-14
2-2-8,none,mixture,0.4,500,800033,0.009463726004469208,kl_split,none,8.314168354548675
2-2-8,none,mixture,0.4,500,800033,0.009463726004469208,kl_crossfit,none,5.906436690005082
2-2-8,none,mixture,0.4,500,800033,0.009463726004469208,cf1_margin,none,0.0
2-2-8,none,mixture,0.4,500,800033,0.009463726004469208,slack_plugin,none,0.0
2-2-8,none,mixture,0.4,500,800033,0.009463726004469208,gm_battery,none,0.0
2-2-8,none,mixture,0.4,500,800033,0.009463726004469208,gtest,none,146.1523557743174
2-2-8,none,mixture,0.4,500,800034,0.012082180997822434,kl_plugin,none,1.1665395562231852e-13
2-2-8,none,mixture,0.4,500,800034,0.012082180997822434,kl_split,none,5.195118917473033
2-2-8,none,mixture,0.4,500,800034,0.012082180997822434,kl_crossfit,none,6.106900547852384
2-2-8,none,mixture,0.4,500,800034,0.012082180997822434,cf1_margin,none,1.1102230246251565e-16
2-2-8,none,mixture,0.4,500,800034,0.012082180997822434,slack_plugin,none,0.0
2-2-8,none,mixture,0.4,500,800034,0.012082180997822434,gm_battery,none,0.0
2-2-8,none,mixture,0.4,500,800034,0.012082180997822434,gtest,none,188.06807464333406
2-2-8,none,mixture,0.4,500,800035,0.015478883993637282,kl_plugin,none,6.747024492345026e-05
2-2-8,none,mixture,0.4,500,800035,0.015478883993637282,kl_split,none,3.1651656489780553
2-2-8,none,mixture,0.4,500,800035,0.015478883993637282,kl_crossfit,none,1.6710459297158182
2-2-8,none,mixture,0.4,500,800035,0.015478883993637282,cf1_margin,none,0.008008200397206622
2-2-8,none,mixture,0.4,500,800035,0.015478883993637282,slack_plugin,none,0.01601640079441332
2-2-8,none,mixture,0.4,500,800035,0.015478883993637282,gm_battery,none,0.0
2-2-8,none,mixture,0.4,500,800035,0.015478883993637282,gtest,none,134.1829952668033
2-2-8,none,mixture,0.4,500,800036,0.010101811996719334,kl_plugin,none,0.002515195499856373
2-2-8,none,mixture,0.4,500,800036,0.010101811996719334,kl_split,none,1.2024575951566525
2-2-8,none,mixture,0.4,500,800036,0.010101811996719334,kl_crossfit,none,1.8481007802582319
2-2-8,none,mixture,0.4,500,800036,0.010101811996719334,cf1_margin,none,0.049948240165631375
2-2-8,none,mixture,0.4,500,800036,0.010101811996719334,slack_plugin,none,0.09989648033126286
2-2-8,none,mixture,0.4,500,800036,0.010101811996719334,gm_battery,none,0.0
2-2-8,none,mixture,0.4,500,800036,0.010101811996719334,gtest,none,148.82135166407846
2-2-8,none,mixture,0.4,500,800037,0.010881963004067075,kl_plugin,none,0.00417219655305146
2-2-8,none,mixture,0.4,500,800037,0.010881963004067075,kl_split,none,6.46026342036927
2-2-8,none,mixture,0.4,500,800037,0.010881963004067075,kl_crossfit,none,4.634906469106179
2-2-8,none,mixture,0.4,500,800037,0.010881963004067075,cf1_margin,none,0.06406810035842303
2-2-8,none,mixture,0.4,500,800037,0.010881963004067075,slack_plugin,none,0.12813620071684584
2-2-8,none,mixture,0.4,500,800037,0.010881963004067075,gm_battery,none,0.0
2-2-8,none,mixture,0.4,500,800037,0.010881963004067075,gtest,none,172.62172739128528
2-2-8,none,mixture,0.4,500,800038,0.009786488000827376,kl_plugin,none,3.774830778496161e-14
2-2-8,none,mixture,0.4,500,800038,0.009786488000827376,kl_split,none,2.61866150041497
2-2-8,none,mixture,0.4,500,800038,0.009786488000827376,kl_crossfit,none,1.4254584166023478
2-2-8,none,mixture,0.4,500,800038,0.009786488000827376,cf1_margin,none,2.220446049250313e-16
2-2-8,none,mixture,0.4,500,800038,0.009786488000827376,slack_plugin,none,0.0
2-2-8,none,mixture,0.4,500,800038,0.009786488000827376,gm_battery,none,0.0
2-2-8,none,mixture,0.4,500,800038,0.009786488000827376,gtest,none,122.7658678848258
2-2-8,none,mixture,0.4,500,800039,0.010221939002803992,kl_plugin,none,7.878080565008733e-09
2-2-8,none,mixture,0.4,500,800039,0.010221939002803992,kl_split,none,4.418245991164877
2-2-8,none,mixture,0.4,500,800039,0.010221939002803992,kl_crossfit,none,6.704280657626593
2-2-8,none,mixture,0.4,500,800039,0.010221939002803992,cf1_margin,none,1.1102230246251565e-16
2-2-8,none,mixture,0.4,500,800039,0.010221939002803992,slack_plugin,none,0.0
2-2-8,none,mixture,0.4,500,800039,0.010221939002803992,gm_battery,none,0.0
2-2-8,none,mixture,0.4,500,800039,0.010221939002803992,gtest,none,160.20377753291956
2-2-8,none,mixture,0.4,500,800040,0.01111967999895569,kl_plugin,none,6.1990256944143385e-12
2-2-8,none,mixture,0.4,500,800040,0.01111967999895569,kl_split,none,2.564431881285871
2-2-8,none,mixture,0.4,500,800040,0.01111967999895569,kl_crossfit,none,7.190310367698332
2-2-8,none,mixture,0.4,500,800040,0.01111967999895569,cf1_margin,none,0.0
2-2-8,none,mixture,0.4,500,800040,0.01111967999895569,slack_plugin,none,0.0
2-2-8,none,mixture,0.4,500,800040,0.01111967999895569,gm_battery,none,0.0
2-2-8,none,mixture,0.4,500,800040,0.01111967999895569,gtest,none,177.44727074396906
2-2-8,none,mixture,0.4,500,800041,0.013783880000119098,kl_plugin,none,8.856983970783445e-06
2-2-8,none,mixture,0.4,500,800041,0.013783880000119098,kl_split,none,0.20245365418118957
2-2-8,none,mixture,0.4,500,800041,0.013783880000119098,kl_crossfit,none,1.8917071454956709
2-2-8,none,mixture,0.4,500,800041,0.013783880000119098,cf1_margin,none,0.00033604839096812444
2-2-8,none,mixture,0.4,500,800041,0.013783880000119098,slack_plugin,none,0.0006720967819366479
2-2-8,none,mixture,0.4,500,800041,0.013783880000119098,gm_battery,none,0.0
2-2-8,none,mixture,0.4,500,800041,0.013783880000119098,gtest,none,169.08638255393697
2-2-8,none,mixture,0.4,500,800042,0.010006544995121658,kl_plugin,none,0.0010429514948243953
2-2-8,none,mixture,0.4,500,800042,0.010006544995121658,kl_split,none,0.20148795950954912
2-2-8,none,mixture,0.4,500,800042,0.010006544995121658,kl_crossfit,none,0.9455779526223389
2-2-8,none,mixture,0.4,500,800042,0.010006544995121658,cf1_margin,none,0.0320660522273426
2-2-8,none,mixture,0.4,500,800042,0.010006544995121658,slack_plugin,none,0.06413210445468506
2-2-8,none,mixture,0.4,500,800042,0.010006544995121658,gm_battery,none,0.0
2-2-8,none,mixture,0.4,500,800042,0.010006544995121658,gtest,none,144.2931791420925
2-2-8,none,mixture,0.4,500,800043,0.011240938001719769,kl_plugin,none,3.9438389452892825e-07
2-2-8,none,mixture,0.4,500,800043,0.011240938001719769,kl_split,none,0.9524699337612307
2-2-8,none,mixture,0.4,500,800043,0.011240938001719769,kl_crossfit,none,1.9925806382980913
2-2-8,none,mixture,0.4,500,800043,0.011240938001719769,cf1_margin,none,0.0
2-2-8,none,mixture,0.4,500,800043,0.011240938001719769,slack_plugin,none,0.0
2-2-8,none,mixture,0.4,500,800043,0.011240938001719769,gm_battery,none,0.0
2-2-8,none,mixture,0.4,500,800043,0.011240938001719769,gtest,none,171.68890300595697
2-2-8,none,mixture,0.4,500,800044,0.014349742996273562,kl_plugin,none,5.426911315815263e-09
2-2-8,none,mixture,0.4,500,800044,0.014349742996273562,kl_split,none,0.25540063464113755
2-2-8,none,mixture,0.4,500,800044,0.014349742996273562,kl_crossfit,none,1.8112795271051767
2-2-8,none,mixture,0.4,500,800044,0.014349742996273562,cf1_margin,none,0.0
2-2-8,none,mixture,0.4,500,800044,0.014349742996273562,slack_plugin,none,0.0
2-2-8,none,mixture,0.4,500,800044,0.014349742996273562,gm_battery,none,0.0
2-2-8,none,mixture,0.4,500,800044,0.014349742996273562,gtest,none,112.77544216119425
2-2-8,none,mixture,0.4,500,800045,0.01009536899800878,kl_plugin,none,3.888315157614484e-06
2-2-8,none,mixture,0.4,500,800045,0.01009536899800878,kl_split,none,2.0086424751956167
2-2-8,none,mixture,0.4,500,800045,0.01009536899800878,kl_crossfit,none,3.44890450547508
2-2-8,none,mixture,0.4,500,800045,0.01009536899800878,cf1_margin,none,2.220446049250313e-16
2-2-8,none,mixture,0.4,500,800045,0.01009536899800878,slack_plugin,none,0.0
2-2-8,none,mixture,0.4,500,800045,0.01009536899800878,gm_battery,none,0.0
2-2-8,none,mixture,0.4,500,800045,0.01009536899800878,gtest,none,212.76318142131078
2-2-8,none,mixture,0.4,500,800046,0.009291413996834308,kl_plugin,none,7.185363418550387e-15
2-2-8,none,mixture,0.4,500,800046,0.009291413996834308,kl_split,none,0.20536081808604428
2-2-8,none,mixture,0.4,500,800046,0.009291413996834308,kl_crossfit,none,2.265183598386757
2-2-8,none,mixture,0.4,500,800046,0.009291413996834308,cf1_margin,none,0.0
2-2-8,none,mixture,0.4,500,800046,0.009291413996834308,slack_plugin,none,0.0
2-2-8,none,mixture,0.4,500,800046,0.009291413996834308,gm_battery,none,0.0
2-2-8,none,mixture,0.4,500,800046,0.009291413996834308,gtest,none,119.27077855992923
2-2-8,none,mixture,0.4,500,800047,0.013034337003773544,kl_plugin,none,6.009616818934292e-14
2-2-8,none,mixture,0.4,500,800047,0.013034337003773544,kl_split,none,2.5693520486288746
2-2-8,none,mixture,0.4,500,800047,0.013034337003773544,kl_crossfit,none,4.649918920088329
2-2-8,none,mixture,0.4,500,800047,0.013034337003773544,cf1_margin,none,0.0
2-2-8,none,mixture,0.4,500,800047,0.013034337003773544,slack_plugin,none,0.0
2-2-8,none,mixture,0.4,500,800047,0.013034337003773544,gm_battery,none,0.0
2-2-8,none,mixture,0.4,500,800047,0.013034337003773544,gtest,none,156.554996185751
2-2-8,none,mixture,0.4,500,800048,0.012849918995925691,kl_plugin,none,0.0005867093222491392
2-2-8,none,mixture,0.4,500,800048,0.012849918995925691,kl_split,none,3.8883618848617765
2-2-8,none,mixture,0.4,500,800048,0.012849918995925691,kl_crossfit,none,3.6215415732858496
2-2-8,none,mixture,0.4,500,800048,0.012849918995925691,cf1_margin,none,0.024205942622950838
2-2-8,none,mixture,0.4,500,800048,0.012849918995925691,slack_plugin,none,0.0484118852459016
2-2-8,none,mixture,0.4,500,800048,0.012849918995925691,gm_battery,none,0.0
2-2-8,none,mixture,0.4,500,800048,0.012849918995925691,gtest,none,135.3453961588158
2-2-8,none,mixture,0.4,500,800049,0.010596307998639531,kl_plugin,none,6.452782081013502e-10
2-2-8,none,mixture,0.4,500,800049,0.010596307998639531,kl_split,none,0.1770908043167708
2-2-8,none,mixture,0.4,500,800049,0.010596307998639531,kl_crossfit,none,2.186474154261815
2-2-8,none,mixture,0.4,500,800049,0.010596307998639531,cf1_margin,none,3.3306690738754696e-16
2-2-8,none,mixture,0.4,500,800049,0.010596307998639531,slack_plugin,none,0.0
2-2-8,none,mixture,0.4,500,800049,0.010596307998639531,gm_battery,none,0.0
2-2-8,none,mixture,0.4,500,800049,0.010596307998639531,gtest,none,160.81329840330378
2-2-8,none,mixture,0.4,500,800050,0.01031677200080594,kl_plugin,none,7.312999388577374e-09
2-2-8,none,mixture,0.4,500,800050,0.01031677200080594,kl_split,none,0.3324338452321618
2-2-8,none,mixture,0.4,500,800050,0.01031677200080594,kl_crossfit,none,3.1348434586962783
2-2-8,none,mixture,0.4,500,800050,0.01031677200080594,cf1_margin,none,1.1102230246251565e-16
2-2-8,none,mixture,0.4,500,800050,0.01031677200080594,slack_plugin,none,0.0
2-2-8,none,mixture,0.4,500,800050,0.01031677200080594,gm_battery,none,0.0
2-2-8,none,mixture,0.4,500,800050,0.01031677200080594,gtest,none,188.1702057448021
2-2-8,none,mixture,0.4,500,800051,0.011963801996898837,kl_plugin,none,0.0015715016401664271
2-2-8,none,mixture,0.4,500,800051,0.011963801996898837,kl_split,none,0.2968496925319804
2-2-8,none,mixture,0.4,500,800051,0.011963801996898837,kl_crossfit,none,0.27794238188445275
2-2-8,none,mixture,0.4,500,800051,0.011963801996898837,cf1_margin,none,0.03962614429293898
2-2-8,none,mixture,0.4,500,800051,0.011963801996898837,slack_plugin,none,0.079252288585878
2-2-8,none,mixture,0.4,500,800051,0.011963801996898837,gm_battery,none,0.0
2-2-8,none,mixture,0.4,500,800051,0.011963801996898837,gtest,none,156.6278884373548
2-2-8,none,mixture,0.4,500,800052,0.011072674999013543,kl_plugin,none,0.0023912615359334465
2-2-8,none,mixture,0.4,500,800052,0.011072674999013543,kl_split,none,3.3309346401324005
2-2-8,none,mixture,0.4,500,800052,0.011072674999013543,kl_crossfit,none,3.5538793868683074
2-2-8,none,mixture,0.4,500,800052,0.011072674999013543,cf1_margin,none,0.04888062095067025
2-2-8,none,mixture,0.4,500,800052,0.011072674999013543,slack_plugin,none,0.0977612419013408
2-2-8,none,mixture,0.4,500,800052,0.011072674999013543,gm_battery,none,0.0
2-2-8,none,mixture,0.4,500,800052,0.011072674999013543,gtest,none,164.79341308044218
2-2-8,none,mixture,0.4,500,800053,0.00936488000297686,kl_plugin,none,3.541096981256166e-14
2-2-8,none,mixture,0.4,500,800053,0.00936488000297686,kl_split,none,0.3141404440809841
2-2-8,none,mixture,0.4,500,800053,0.00936488000297686,kl_crossfit,none,1.9249744860606925
2-2-8,none,mixture,0.4,500,800053,0.00936488000297686,cf1_margin,none,2.220446049250313e-16
2-2-8,none,mixture,0.4,500,800053,0.00936488000297686,slack_plugin,none,0.0
2-2-8,none,mixture,0.4,500,800053,0.00936488000297686,gm_battery,none,0.0
2-2-8,none,mixture,0.4,500,800053,0.00936488000297686,gtest,none,206.09470338499722
2-2-8,none,mixture,0.4,500,800054,0.009988190999138169,kl_plugin,none,0.0019339888617461174
2-2-8,none,mixture,0.4,500,800054,0.009988190999138169,kl_split,none,2.7417101608659866
2-2-8,none,mixture,0.4,500,800054,0.009988190999138169,kl_crossfit,none,4.952740139383802
2-2-8,none,mixture,0.4,500,800054,0.009988190999138169,cf1_margin,none,0.043968703499255746
2-2-8,none,mixture,0.4,500,800054,0.009988190999138169,slack_plugin,none,0.08793740699851231
2-2-8,none,mixture,0.4,500,800054,0.009988190999138169,gm_battery,none,0.0
2-2-8,none,mixture,0.4,500,800054,0.009988190999138169,gtest,none,182.62812047599456
2-2-8,none,mixture,0.4,500,800055,0.01147659699927317,kl_plugin,none,2.945273764386158e-14
2-2-8,none,mixture,0.4,500,800055,0.01147659699927317,kl_split,none,2.7656617623037354
2-2-8,none,mixture,0.4,500,800055,0.01147659699927317,kl_crossfit,none,2.224271753096611
2-2-8,none,mixture,0.4,500,800055,0.01147659699927317,cf1_margin,none,0.0
2-2-8,none,mixture,0.4,500,800055,0.01147659699927317,slack_plugin,none,0.0
2-2-8,none,mixture,0.4,500,800055,0.01147659699927317,gm_battery,none,0.0
2-2-8,none,mixture,0.4,500,800055,0.01147659699927317,gtest,none,184.34280052508205
2-2-8,none,mixture,0.4,500,800056,0.01572877100261394,kl_plugin,none,5.367791887849488e-11
2-2-8,none,mixture,0.4,500,800056,0.01572877100261394,kl_split,none,0.2561989073758433
2-2-8,none,mixture,0.4,500,800056,0.01572877100261394,kl_crossfit,none,1.0914737340976413
2-2-8,none,mixture,0.4,500,800056,0.01572877100261394,cf1_margin,none,1.1102230246251565e-16
2-2-8,none,mixture,0.4,500,800056,0.01572877100261394,slack_plugin,none,0.0
2-2-8,none,mixture,0.4,500,800056,0.01572877100261394,gm_battery,none,0.0
2-2-8,none,mixture,0.4,500,800056,0.01572877100261394,gtest,none,198.0892565822164
2-2-8,none,mixture,0.4,500,800057,0.011905441999260802,kl_plugin,none,0.00016122547308629136
2-2-8,none,mixture,0.4,500,800057,0.011905441999260802,kl_split,none,0.9649234617341129
2-2-8,none,mixture,0.4,500,800057,0.011905441999260802,kl_crossfit,none,1.7073681897028197
2-2-8,none,mixture,0.4,500,800057,0.011905441999260802,cf1_margin,none,0.012579220280392045
2-2-8,none,mixture,0.4,500,800057,0.011905441999260802,slack_plugin,none,0.025158440560783722
2-2-8,none,mixture,0.4,500,800057,0.011905441999260802,gm_battery,none,0.0
2-2-8,none,mixture,0.4,500,800057,0.011905441999260802,gtest,none,130.01980981571086
2-2-8,none,mixture,0.4,500,800058,0.012211654000566341,kl_plugin,none,0.0012949341499947052
2-2-8,none,mixture,0.4,500,800058,0.012211654000566341,kl_split,none,3.504000603685923
2-2-8,none,mixture,0.4,500,800058,0.012211654000566341,kl_crossfit,none,4.497110466183887
2-2-8,none,mixture,0.4,500,800058,0.012211654000566341,cf1_margin,none,0.03571714326863085
2-2-8,none,mixture,0.4,500,800058,0.012211654000566341,slack_plugin,none,0.07143428653726142
2-2-8,none,mixture,0.4,500,800058,0.012211654000566341,gm_battery,none,0.0
2-2-8,none,mixture,0.4,500,800058,0.012211654000566341,gtest,none,193.02588276280704
2-2-8,none,mixture,0.4,500,800059,0.01691761099937139,kl_plugin,none,0.0027074030787477884
2-2-8,none,mixture,0.4,500,800059,0.01691761099937139,kl_split,none,2.027624601082847
2-2-8,none,mixture,0.4,500,800059,0.01691761099937139,kl_crossfit,none,2.215392958054961
2-2-8,none,mixture,0.4,500,800059,0.01691761099937139,cf1_margin,none,0.05178643115214776
2-2-8,none,mixture,0.4,500,800059,0.01691761099937139,slack_plugin,none,0.10357286230429563
2-2-8,none,mixture,0.4,500,800059,0.01691761099937139,gm_battery,none,0.0
2-2-8,none,mixture,0.4,500,800059,0.01691761099937139,gtest,none,132.23791537056115
2-2-8,none,mixture,0.4,500,800060,0.017260922999412287,kl_plugin,none,1.2189867953401491e-12
2-2-8,none,mixture,0.4,500,800060,0.017260922999412287,kl_split,none,1.9308169108819195
2-2-8,none,mixture,0.4,500,800060,0.017260922999412287,kl_crossfit,none,2.6422482990774716
2-2-8,none,mixture,0.4,500,800060,0.017260922999412287,cf1_margin,none,0.0
2-2-8,none,mixture,0.4,500,800060,0.017260922999412287,slack_plugin,none,0.0
2-2-8,none,mixture,0.4,500,800060,0.017260922999412287,gm_battery,none,0.0
2-2-8,none,mixture,0.4,500,800060,0.017260922999412287,gtest,none,167.36164896837602
2-2-8,none,mixture,0.4,500,800061,0.01874163899628911,kl_plugin,none,0.0010603370435461916
2-2-8,none,mixture,0.4,500,800061,0.01874163899628911,kl_split,none,0.14853806037196346
2-2-8,none,mixture,0.4,500,800061,0.01874163899628911,kl_crossfit,none,1.0506924754192386
2-2-8,none,mixture,0.4,500,800061,0.01874163899628911,cf1_margin,none,0.03252373877656467
2-2-8,none,mixture,0.4,500,800061,0.01874163899628911,slack_plugin,none,0.06504747755312947
2-2-8,none,mixture,0.4,500,800061,0.01874163899628911,gm_battery,none,0.0
2-2-8,none,mixture,0.4,500,800061,0.01874163899628911,gtest,none,173.3071175770388
2-2-8,none,mixture,0.4,500,800062,0.009327886000392027,kl_plugin,none,9.506187044349344e-15
2-2-8,none,mixture,0.4,500,800062,0.009327886000392027,kl_split,none,0.18266955623483405
2-2-8,none,mixture,0.4,500,800062,0.009327886000392027,kl_crossfit,none,0.1890764569014623
2-2-8,none,mixture,0.4,500,800062,0.009327886000392027,cf1_margin,none,0.0
2-2-8,none,mixture,0.4,500,800062,0.009327886000392027,slack_plugin,none,0.0
2-2-8,none,mixture,0.4,500,800062,0.009327886000392027,gm_battery,none,0.0
2-2-8,none,mixture,0.4,500,800062,0.009327886000392027,gtest,none,175.13735328786024
2-2-8,none,mixture,0.4,500,800063,0.00930899300146848,kl_plugin,none,3.091202507355877e-14
2-2-8,none,mixture,0.4,500,800063,0.00930899300146848,kl_split,none,3.39077499739688
2-2-8,none,mixture,0.4,500,800063,0.00930899300146848,kl_crossfit,none,2.9200291082221077
2-2-8,none,mixture,0.4,500,800063,0.00930899300146848,cf1_margin,none,0.0
2-2-8,none,mixture,0.4,500,800063,0.00930899300146848,slack_plugin,none,0.0
2-2-8,none,mixture,0.4,500,800063,0.00930899300146848,gm_battery,none,0.0
2-2-8,none,mixture,0.4,500,800063,0.00930899300146848,gtest,none,130.29847867321135
2-2-8,none,mixture,0.4,500,800064,0.010222368997347075,kl_plugin,none,1.408633077307296e-13
2-2-8,none,mixture,0.4,500,800064,0.010222368997347075,kl_split,none,1.9385849531526815
2-2-8,none,mixture,0.4,500,800064,0.010222368997347075,kl_crossfit,none,1.117651915268919
2-2-8,none,mixture,0.4,500,800064,0.010222368997347075,cf1_margin,none,2.220446049250313e-16
2-2-8,none,mixture,0.4,500,800064,0.010222368997347075,slack_plugin,none,0.0
2-2-8,none,mixture,0.4,500,800064,0.010222368997347075,gm_battery,none,0.0
2-2-8,none,mixture,0.4,500,800064,0.010222368997347075,gtest,none,110.70014008891063
2-2-8,none,mixture,0.4,500,800065,0.011181438996572979,kl_plugin,none,0.0024772992716793237
2-2-8,none,mixture,0.4,500,800065,0.011181438996572979,kl_split,none,2.160171128381187
2-2-8,none,mixture,0.4,500,800065,0.011181438996572979,kl_crossfit,none,2.87551394064639
2-2-8,none,mixture,0.4,500,800065,0.011181438996572979,cf1_margin,none,0.04957486669548927
2-2-8,none,mixture,0.4,500,800065,0.011181438996572979,slack_plugin,none,0.09914973339097849
2-2-8,none,mixture,0.4,500,800065,0.011181438996572979,gm_battery,none,0.0
2-2-8,none,mixture,0.4,500,800065,0.011181438996572979,gtest,none,167.9656492806738
2-2-8,none,mixture,0.4,500,800066,0.01497716800076887,kl_plugin,none,1.7030838820270369e-12
2-2-8,none,mixture,0.4,500,800066,0.01497716800076887,kl_split,none,6.675741164331684
2-2-8,none,mixture,0.4,500,800066,0.01497716800076887,kl_crossfit,none,3.481892378814055
2-2-8,none,mixture,0.4,500,800066,0.01497716800076887,cf1_margin,none,1.1102230246251565e-16
2-2-8,none,mixture,0.4,500,800066,0.01497716800076887,slack_plugin,none,0.0
2-2-8,none,mixture,0.4,500,800066,0.01497716800076887,gm_battery,none,0.0
2-2-8,none,mixture,0.4,500,800066,0.01497716800076887,gtest,none,146.24932113200217
2-2-8,none,mixture,0.4,500,800067,0.015569249000691343,kl_plugin,none,0.001340248027793426
2-2-8,none,mixture,0.4,500,800067,0.015569249000691343,kl_split,none,4.1554274239938565
2-2-8,none,mixture,0.4,500,800067,0.015569249000691343,kl_crossfit,none,3.3493725957082243
2-2-8,none,mixture,0.4,500,800067,0.015569249000691343,cf1_margin,none,0.03617235912955752
2-2-8,none,mixture,0.4,500,800067,0.015569249000691343,slack_plugin,none,0.07234471825911493
2-2-8,none,mixture,0.4,500,800067,0.015569249000691343,gm_battery,none,0.0
2-2-8,none,mixture,0.4,500,800067,0.015569249000691343,gtest,none,168.28447650916956
2-2-8,none,mixture,0.4,500,800068,0.00999210400186712,kl_plugin,none,0.0004606412314822816
2-2-8,none,mixture,0.4,500,800068,0.00999210400186712,kl_split,none,0.2894302584264289
2-2-8,none,mixture,0.4,500,800068,0.00999210400186712,kl_crossfit,none,1.124745356381665
2-2-8,none,mixture,0.4,500,800068,0.00999210400186712,cf1_margin,none,0.021449526282883657
2-2-8,none,mixture,0.4,500,800068,0.00999210400186712,slack_plugin,none,0.04289905256576737
2-2-8,none,mixture,0.4,500,800068,0.00999210400186712,gm_battery,none,0.0
2-2-8,none,mixture,0.4,500,800068,0.00999210400186712,gtest,none,137.21643956834805
2-2-8,none,mixture,0.4,500,800069,0.009211703996697906,kl_plugin,none,7.222208433916341e-14
2-2-8,none,mixture,0.4,500,800069,0.009211703996697906,kl_split,none,0.22200765672502817
2-2-8,none,mixture,0.4,500,800069,0.009211703996697906,kl_crossfit,none,1.7988704704764464
2-2-8,none,mixture,0.4,500,800069,0.009211703996697906,cf1_margin,none,3.3306690738754696e-16
2-2-8,none,mixture,0.4,500,800069,0.009211703996697906,slack_plugin,none,0.0
2-2-8,none,mixture,0.4,500,800069,0.009211703996697906,gm_battery,none,0.0
2-2-8,none,mixture,0.4,500,800069,0.009211703996697906,gtest,none,151.2785658313192
2-2-8,none,mixture,0.4,500,800070,0.008565090000047348,kl_plugin,none,3.483349459226854e-15
2-2-8,none,mixture,0.4,500,800070,0.008565090000047348,kl_split,none,4.125027037811346
2-2-8,none,mixture,0.4,500,800070,0.008565090000047348,kl_crossfit,none,3.298470710035872
2-2-8,none,mixture,0.4,500,800070,0.008565090000047348,cf1_margin,none,0.0
2-2-8,none,mixture,0.4,500,800070,0.008565090000047348,slack_plugin,none,0.0
2-2-8,none,mixture,0.4,500,800070,0.008565090000047348,gm_battery,none,0.0
2-2-8,none,mixture,0.4,500,800070,0.008565090000047348,gtest,none,146.60088802419386
2-2-8,none,mixture,0.4,500,800071,0.008782478995271958,kl_plugin,none,4.6123683831796e-14
2-2-8,none,mixture,0.4,500,800071,0.008782478995271958,kl_split,none,2.773491811952525
2-2-8,none,mixture,0.4,500,800071,0.008782478995271958,kl_crossfit,none,2.204271783893258
2-2-8,none,mixture,0.4,500,800071,0.008782478995271958,cf1_margin,none,0.0
2-2-8,none,mixture,0.4,500,800071,0.008782478995271958,slack_plugin,none,0.0
2-2-8,none,mixture,0.4,500,800071,0.008782478995271958,gm_battery,none,0.0
2-2-8,none,mixture,0.4,500,800071,0.008782478995271958,gtest,none,145.76408773120593
2-2-8,none,mixture,0.4,500,800072,0.007920205003756564,kl_plugin,none,3.9984798955992995e-16
2-2-8,none,mixture,0.4,500,800072,0.007920205003756564,kl_split,none,0.9435146185894123
2-2-8,none,mixture,0.4,500,800072,0.007920205003756564,kl_crossfit,none,1.3144275157454526
2-2-8,none,mixture,0.4,500,800072,0.007920205003756564,cf1_margin,none,1.1102230246251565e-16
2-2-8,none,mixture,0.4,500,800072,0.007920205003756564,slack_plugin,none,0.0
2-2-8,none,mixture,0.4,500,800072,0.007920205003756564,gm_battery,none,0.0
2-2-8,none,mixture,0.4,500,800072,0.007920205003756564,gtest,none,157.5819138427184
2-2-8,none,mixture,0.4,500,800073,0.009947530998033471,kl_plugin,none,7.152492710227963e-14
2-2-8,none,mixture,0.4,500,800073,0.009947530998033471,kl_split,none,3.688336555416078
2-2-8,none,mixture,0.4,500,800073,0.009947530998033471,kl_crossfit,none,2.6790100347779155
2-2-8,none,mixture,0.4,500,800073,0.009947530998033471,cf1_margin,none,0.0
2-2-8,none,mixture,0.4,500,800073,0.009947530998033471,slack_plugin,none,0.0
2-2-8,none,mixture,0.4,500,800073,0.009947530998033471,gm_battery,none,0.0
2-2-8,none,mixture,0.4,500,800073,0.009947530998033471,gtest,none,158.91944110460975
2-2-8,none,mixture,0.4,500,800074,0.01059175499540288,kl_plugin,none,1.3393334316187566e-08
2-2-8,none,mixture,0.4,500,800074,0.01059175499540288,kl_split,none,0.19796295126172397
2-2-8,none,mixture,0.4,500,800074,0.01059175499540288,kl_crossfit,none,0.8796580952674747
2-2-8,none,mixture,0.4,500,800074,0.01059175499540288,cf1_margin,none,0.0
2-2-8,none,mixture,0.4,500,800074,0.01059175499540288,slack_plugin,none,0.0
2-2-8,none,mixture,0.4,500,800074,0.01059175499540288,gm_battery,none,0.0
2-2-8,none,mixture,0.4,500,800074,0.01059175499540288,gtest,none,166.9508478950018
2-2-8,none,mixture,0.4,500,800075,0.012023483999655582,kl_plugin,none,4.8187731582877555e-12
2-2-8,none,mixture,0.4,500,800075,0.012023483999655582,kl_split,none,0.20812724722117792
2-2-8,none,mixture,0.4,500,800075,0.012023483999655582,kl_crossfit,none,3.3326452292595494
2-2-8,none,mixture,0.4,500,800075,0.012023483999655582,cf1_margin,none,2.220446049250313e-16
2-2-8,none,mixture,0.4,500,800075,0.012023483999655582,slack_plugin,none,0.0
2-2-8,none,mixture,0.4,500,800075,0.012023483999655582,gm_battery,none,0.0
2-2-8,none,mixture,0.4,500,800075,0.012023483999655582,gtest,none,177.09746185530804
2-2-8,none,mixture,0.4,500,800076,0.01009083300596103,kl_plugin,none,4.730591969850299e-06
2-2-8,none,mixture,0.4,500,800076,0.01009083300596103,kl_split,none,0.1842039919930012
2-2-8,none,mixture,0.4,500,800076,0.01009083300596103,kl_crossfit,none,2.4642162133574095
2-2-8,none,mixture,0.4,500,800076,0.01009083300596103,cf1_margin,none,0.0
2-2-8,none,mixture,0.4,500,800076,0.01009083300596103,slack_plugin,none,0.0
2-2-8,none,mixture,0.4,500,800076,0.01009083300596103,gm_battery,none,0.0
2-2-8,none,mixture,0.4,500,800076,0.01009083300596103,gtest,none,129.9214686713886
2-2-8,none,mixture,0.4,500,800077,0.010249562001263257,kl_plugin,none,0.00039311740340366953
2-2-8,none,mixture,0.4,500,800077,0.010249562001263257,kl_split,none,4.809572733027518
2-2-8,none,mixture,0.4,500,800077,0.010249562001263257,kl_crossfit,none,3.221033487328449
2-2-8,none,mixture,0.4,500,800077,0.010249562001263257,cf1_margin,none,0.019825204035730626
2-2-8,none,mixture,0.4,500,800077,0.010249562001263257,slack_plugin,none,0.03965040807146079
2-2-8,none,mixture,0.4,500,800077,0.010249562001263257,gm_battery,none,0.0
2-2-8,none,mixture,0.4,500,800077,0.010249562001263257,gtest,none,145.81933918623133
2-2-8,none,mixture,0.4,500,800078,0.008846842996717896,kl_plugin,none,6.942642707950015e-15
2-2-8,none,mixture,0.4,500,800078,0.008846842996717896,kl_split,none,0.16076425970558625
2-2-8,none,mixture,0.4,500,800078,0.008846842996717896,kl_crossfit,none,0.5138621191189141
2-2-8,none,mixture,0.4,500,800078,0.008846842996717896,cf1_margin,none,0.0
2-2-8,none,mixture,0.4,500,800078,0.008846842996717896,slack_plugin,none,0.0
2-2-8,none,mixture,0.4,500,800078,0.008846842996717896,gm_battery,none,0.0
2-2-8,none,mixture,0.4,500,800078,0.008846842996717896,gtest,none,161.39223365112116
2-2-8,none,mixture,0.4,500,800079,0.01499443499778863,kl_plugin,none,6.814739962313157e-14
2-2-8,none,mixture,0.4,500,800079,0.01499443499778863,kl_split,none,0.18256410449824623
2-2-8,none,mixture,0.4,500,800079,0.01499443499778863,kl_crossfit,none,0.17895443786480345
2-2-8,none,mixture,0.4,500,800079,0.01499443499778863,cf1_margin,none,1.1102230246251565e-16
2-2-8,none,mixture,0.4,500,800079,0.01499443499778863,slack_plugin,none,0.0
2-2-8,none,mixture,0.4,500,800079,0.01499443499778863,gm_battery,none,0.0
2-2-8,none,mixture,0.4,500,800079,0.01499443499778863,gtest,none,157.60449856240297
2-2-8,none,mixture,0.4,500,800080,0.011178198998095468,kl_plugin,none,4.158811695536424e-06
2-2-8,none,mixture,0.4,500,800080,0.011178198998095468,kl_split,none,0.17811290858422055
2-2-8,none,mixture,0.4,500,800080,0.011178198998095468,kl_crossfit,none,0.5448501112530111
2-2-8,none,mixture,0.4,500,800080,0.011178198998095468,cf1_margin,none,2.220446049250313e-16
2-2-8,none,mixture,0.4,500,800080,0.011178198998095468,slack_plugin,none,0.0
2-2-8,none,mixture,0.4,500,800080,0.011178198998095468,gm_battery,none,0.0
2-2-8,none,mixture,0.4,500,800080,0.011178198998095468,gtest,none,159.80494052351082
2-2-8,none,mixture,0.4,500,800081,0.009671460000390653,kl_plugin,none,0.0009142459413638135
2-2-8,none,mixture,0.4,500,800081,0.009671460000390653,kl_split,none,0.2638602145588038
2-2-8,none,mixture,0.4,500,800081,0.009671460000390653,kl_crossfit,none,1.0984288312102861
2-2-8,none,mixture,0.4,500,800081,0.009671460000390653,cf1_margin,none,0.029863645093143876
2-2-8,none,mixture,0.4,500,800081,0.009671460000390653,slack_plugin,none,0.05972729018628767
2-2-8,none,mixture,0.4,500,800081,0.009671460000390653,gm_battery,none,0.0
2-2-8,none,mixture,0.4,500,800081,0.009671460000390653,gtest,none,184.81947119286406
2-2-8,none,mixture,0.4,500,800082,0.011202021996723488,kl_plugin,none,1.1065366744439183e-09
2-2-8,none,mixture,0.4,500,800082,0.011202021996723488,kl_split,none,4.964799153441399
2-2-8,none,mixture,0.4,500,800082,0.011202021996723488,kl_crossfit,none,3.4810767721720453
2-2-8,none,mixture,0.4,500,800082,0.011202021996723488,cf1_margin,none,0.0
2-2-8,none,mixture,0.4,500,800082,0.011202021996723488,slack_plugin,none,0.0
2-2-8,none,mixture,0.4,500,800082,0.011202021996723488,gm_battery,none,0.0
2-2-8,none,mixture,0.4,500,800082,0.011202021996723488,gtest,none,193.65081887198374
2-2-8,none,mixture,0.4,500,800083,0.012756682001054287,kl_plugin,none,8.22090186218858e-10
2-2-8,none,mixture,0.4,500,800083,0.012756682001054287,kl_split,none,2.782029557569681
2-2-8,none,mixture,0.4,500,800083,0.012756682001054287,kl_crossfit,none,1.58220788123578
2-2-8,none,mixture,0.4,500,800083,0.012756682001054287,cf1_margin,none,0.0
2-2-8,none,mixture,0.4,500,800083,0.012756682001054287,slack_plugin,none,0.0
2-2-8,none,mixture,0.4,500,800083,0.012756682001054287,gm_battery,none,0.0
2-2-8,none,mixture,0.4,500,800083,0.012756682001054287,gtest,none,136.14909813393223
2-2-8,none,mixture,0.4,500,800084,0.012129048998758662,kl_plugin,none,0.00013528470267105833
2-2-8,none,mixture,0.4,500,800084,0.012129048998758662,kl_split,none,3.1457261363641797
2-2-8,none,mixture,0.4,500,800084,0.012129048998758662,kl_crossfit,none,4.349271154148535
2-2-8,none,mixture,0.4,500,800084,0.012129048998758662,cf1_margin,none,0.011524609843937772
2-2-8,none,mixture,0.4,500,800084,0.012129048998758662,slack_plugin,none,0.023049219687875204
2-2-8,none,mixture,0.4,500,800084,0.012129048998758662,gm_battery,none,0.0
2-2-8,none,mixture,0.4,500,800084,0.012129048998758662,gtest,none,139.36453452981107
2-2-8,none,mixture,0.4,500,800085,0.010088800001540221,kl_plugin,none,9.306379138123137e-14
2-2-8,none,mixture,0.4,500,800085,0.010088800001540221,kl_split,none,1.0868766990721102
2-2-8,none,mixture,0.4,500,800085,0.010088800001540221,kl_crossfit,none,1.0761151157081574
2-2-8,none,mixture,0.4,500,800085,0.010088800001540221,cf1_margin,none,0.0
2-2-8,none,mixture,0.4,500,800085,0.010088800001540221,slack_plugin,none,0.0
2-2-8,none,mixture,0.4,500,800085,0.010088800001540221,gm_battery,none,0.0
2-2-8,none,mixture,0.4,500,800085,0.010088800001540221,gtest,none,166.64539008919726
2-2-8,none,mixture,0.4,500,800086,0.010836661997018382,kl_plugin,none,5.143658344103504e-06
2-2-8,none,mixture,0.4,500,800086,0.010836661997018382,kl_split,none,1.713617474600644
2-2-8,none,mixture,0.4,500,800086,0.010836661997018382,kl_crossfit,none,1.3170350068000747
2-2-8,none,mixture,0.4,500,800086,0.010836661997018382,cf1_margin,none,0.000256262412710484
2-2-8,none,mixture,0.4,500,800086,0.010836661997018382,slack_plugin,none,0.0005125248254211276
2-2-8,none,mixture,0.4,500,800086,0.010836661997018382,gm_battery,none,0.0
2-2-8,none,mixture,0.4,500,800086,0.010836661997018382,gtest,none,165.37605003657387
2-2-8,none,mixture,0.4,500,800087,0.011638636002317071,kl_plugin,none,4.481736708152309e-14
2-2-8,none,mixture,0.4,500,800087,0.011638636002317071,kl_split,none,8.552108954531985
2-2-8,none,mixture,0.4,500,800087,0.011638636002317071,kl_crossfit,none,5.45588737797986
2-2-8,none,mixture,0.4,500,800087,0.011638636002317071,cf1_margin,none,0.0
2-2-8,none,mixture,0.4,500,800087,0.011638636002317071,slack_plugin,none,0.0
2-2-8,none,mixture,0.4,500,800087,0.011638636002317071,gm_battery,none,0.0
2-2-8,none,mixture,0.4,500,800087,0.011638636002317071,gtest,none,182.9668122562785
2-2-8,none,mixture,0.4,500,800088,0.010156855998502579,kl_plugin,none,4.2176463105282654e-14
2-2-8,none,mixture,0.4,500,800088,0.010156855998502579,kl_split,none,4.472356010725347
2-2-8,none,mixture,0.4,500,800088,0.010156855998502579,kl_crossfit,none,4.983595008373724
2-2-8,none,mixture,0.4,500,800088,0.010156855998502579,cf1_margin,none,1.1102230246251565e-16
2-2-8,none,mixture,0.4,500,800088,0.010156855998502579,slack_plugin,none,0.0
2-2-8,none,mixture,0.4,500,800088,0.010156855998502579,gm_battery,none,0.0
2-2-8,none,mixture,0.4,500,800088,0.010156855998502579,gtest,none,163.8544353578838
2-2-8,none,mixture,0.4,500,800089,0.010185381004703231,kl_plugin,none,0.0013352974674893706
2-2-8,none,mixture,0.4,500,800089,0.010185381004703231,kl_split,none,1.0282740745535812
2-2-8,none,mixture,0.4,500,800089,0.010185381004703231,kl_crossfit,none,5.266578083051068
2-2-8,none,mixture,0.4,500,800089,0.010185381004703231,cf1_margin,none,0.03647659765255984
2-2-8,none,mixture,0.4,500,800089,0.010185381004703231,slack_plugin,none,0.07295319530511911
2-2-8,none,mixture,0.4,500,800089,0.010185381004703231,gm_battery,none,0.0
2-2-8,none,mixture,0.4,500,800089,0.010185381004703231,gtest,none,126.69681924822994
2-2-8,none,mixture,0.4,500,800090,0.01169696400029352,kl_plugin,none,6.334044742001586e-14
2-2-8,none,mixture,0.4,500,800090,0.01169696400029352,kl_split,none,3.4659554614280834
2-2-8,none,mixture,0.4,500,800090,0.01169696400029352,kl_crossfit,none,2.224433134280349
2-2-8,none,mixture,0.4,500,800090,0.01169696400029352,cf1_margin,none,2.220446049250313e-16
2-2-8,none,mixture,0.4,500,800090,0.01169696400029352,slack_plugin,none,0.0
2-2-8,none,mixture,0.4,500,800090,0.01169696400029352,gm_battery,none,0.0
2-2-8,none,mixture,0.4,500,800090,0.01169696400029352,gtest,none,110.54518859798125
2-2-8,none,mixture,0.4,500,800091,0.012178934004623443,kl_plugin,none,5.9611432902452615e-15
2-2-8,none,mixture,0.4,500,800091,0.012178934004623443,kl_split,none,3.2432822249392754
2-2-8,none,mixture,0.4,500,800091,0.012178934004623443,kl_crossfit,none,2.4848801977583346
2-2-8,none,mixture,0.4,500,800091,0.012178934004623443,cf1_margin,none,0.0
2-2-8,none,mixture,0.4,500,800091,0.012178934004623443,slack_plugin,none,0.0
2-2-8,none,mixture,0.4,500,800091,0.012178934004623443,gm_battery,none,0.0
2-2-8,none,mixture,0.4,500,800091,0.012178934004623443,gtest,none,147.00972649505206
2-2-8,none,mixture,0.4,500,800092,0.013562754000304267,kl_plugin,none,3.333653226565204e-05
2-2-8,none,mixture,0.4,500,800092,0.013562754000304267,kl_split,none,1.6940818751444684
2-2-8,none,mixture,0.4,500,800092,0.013562754000304267,kl_crossfit,none,0.9195407273820212
2-2-8,none,mixture,0.4,500,800092,0.013562754000304267,cf1_margin,none,0.0046224961479198745
2-2-8,none,mixture,0.4,500,800092,0.013562754000304267,slack_plugin,none,0.009244992295839758
2-2-8,none,mixture,0.4,500,800092,0.013562754000304267,gm_battery,none,0.0
2-2-8,none,mixture,0.4,500,800092,0.013562754000304267,gtest,none,158.16854760246042
2-2-8,none,mixture,0.4,500,800093,0.015033425996080041,kl_plugin,none,0.0017679476626005384
2-2-8,none,mixture,0.4,500,800093,0.015033425996080041,kl_split,none,1.8888903489677806
2-2-8,none,mixture,0.4,500,800093,0.015033425996080041,kl_crossfit,none,4.420480220880937
2-2-8,none,mixture,0.4,500,800093,0.015033425996080041,cf1_margin,none,0.04198717948717956
2-2-8,none,mixture,0.4,500,800093,0.015033425996080041,slack_plugin,none,0.08397435897435893
2-2-8,none,mixture,0.4,500,800093,0.015033425996080041,gm_battery,none,0.0
2-2-8,none,mixture,0.4,500,800093,0.015033425996080041,gtest,none,124.81775986599342
2-2-8,none,mixture,0.4,500,800094,0.012841986004787032,kl_plugin,none,3.8195921115528344e-08
2-2-8,none,mixture,0.4,500,800094,0.012841986004787032,kl_split,none,2.68562082579204
2-2-8,none,mixture,0.4,500,800094,0.012841986004787032,kl_crossfit,none,1.4374093773525982
2-2-8,none,mixture,0.4,500,800094,0.012841986004787032,cf1_margin,none,0.0
2-2-8,none,mixture,0.4,500,800094,0.012841986004787032,slack_plugin,none,0.0
2-2-8,none,mixture,0.4,500,800094,0.012841986004787032,gm_battery,none,0.0
2-2-8,none,mixture,0.4,500,800094,0.012841986004787032,gtest,none,207.7311845671594
2-2-8,none,mixture,0.4,500,800095,0.009671715000877157,kl_plugin,none,9.095424488084067e-15
2-2-8,none,mixture,0.4,500,800095,0.009671715000877157,kl_split,none,3.380262588527124
2-2-8,none,mixture,0.4,500,800095,0.009671715000877157,kl_crossfit,none,3.02713534224797
2-2-8,none,mixture,0.4,500,800095,0.009671715000877157,cf1_margin,none,0.0
2-2-8,none,mixture,0.4,500,800095,0.009671715000877157,slack_plugin,none,0.0
2-2-8,none,mixture,0.4,500,800095,0.009671715000877157,gm_battery,none,0.0
2-2-8,none,mixture,0.4,500,800095,0.009671715000877157,gtest,none,136.92483260519012
2-2-8,none,mixture,0.4,500,800096,0.009643167999456637,kl_plugin,none,0.005911313072327715
2-2-8,none,mixture,0.4,500,800096,0.009643167999456637,kl_split,none,1.6798809178229759
2-2-8,none,mixture,0.4,500,800096,0.009643167999456637,kl_crossfit,none,2.5823728626347378
2-2-8,none,mixture,0.4,500,800096,0.009643167999456637,cf1_margin,none,0.07675632276194289
2-2-8,none,mixture,0.4,500,800096,0.009643167999456637,slack_plugin,none,0.15351264552388605
2-2-8,none,mixture,0.4,500,800096,0.009643167999456637,gm_battery,none,0.0
2-2-8,none,mixture,0.4,500,800096,0.009643167999456637,gtest,none,210.48355171561985
2-2-8,none,mixture,0.4,500,800097,0.008642745000543073,kl_plugin,none,4.4697107520811294e-14
2-2-8,none,mixture,0.4,500,800097,0.008642745000543073,kl_split,none,5.863730638626665
2-2-8,none,mixture,0.4,500,800097,0.008642745000543073,kl_crossfit,none,3.869812346436005
2-2-8,none,mixture,0.4,500,800097,0.008642745000543073,cf1_margin,none,2.220446049250313e-16
2-2-8,none,mixture,0.4,500,800097,0.008642745000543073,slack_plugin,none,0.0
2-2-8,none,mixture,0.4,500,800097,0.008642745000543073,gm_battery,none,0.0
2-2-8,none,mixture,0.4,500,800097,0.008642745000543073,gtest,none,154.60368074029694
2-2-8,none,mixture,0.4,500,800098,0.010363406996475533,kl_plugin,none,0.000157427476015076
2-2-8,none,mixture,0.4,500,800098,0.010363406996475533,kl_split,none,0.33302237597718576
2-2-8,none,mixture,0.4,500,800098,0.010363406996475533,kl_crossfit,none,0.3099121204948483
2-2-8,none,mixture,0.4,500,800098,0.010363406996475533,cf1_margin,none,0.01219219507512126
2-2-8,none,mixture,0.4,500,800098,0.010363406996475533,slack_plugin,none,0.024384390150242345
2-2-8,none,mixture,0.4,500,800098,0.010363406996475533,gm_battery,none,0.0
2-2-8,none,mixture,0.4,500,800098,0.010363406996475533,gtest,none,147.68145530003815
2-2-8,none,mixture,0.4,500,800099,0.010751563000667375,kl_plugin,none,0.00011538265314356595
2-2-8,none,mixture,0.4,500,800099,0.010751563000667375,kl_split,none,3.5813701440694343
2-2-8,none,mixture,0.4,500,800099,0.010751563000667375,kl_crossfit,none,3.5809931721046007
2-2-8,none,mixture,0.4,500,800099,0.010751563000667375,cf1_margin,none,0.010664360858913535
2-2-8,none,mixture,0.4,500,800099,0.010751563000667375,slack_plugin,none,0.02132872171782682
2-2-8,none,mixture,0.4,500,800099,0.010751563000667375,gm_battery,none,0.0
2-2-8,none,mixture,0.4,500,800099,0.010751563000667375,gtest,none,155.79676820544006
2-2-8,none,mixture,0.4,500,800100,0.010607967000396457,kl_plugin,none,5.276891667375886e-15
2-2-8,none,mixture,0.4,500,800100,0.010607967000396457,kl_split,none,7.013467034859128
2-2-8,none,mixture,0.4,500,800100,0.010607967000396457,kl_crossfit,none,3.6717491996508325
2-2-8,none,mixture,0.4,500,800100,0.010607967000396457,cf1_margin,none,0.0
2-2-8,none,mixture,0.4,500,800100,0.010607967000396457,slack_plugin,none,0.0
2-2-8,none,mixture,0.4,500,800100,0.010607967000396457,gm_battery,none,0.0
2-2-8,none,mixture,0.4,500,800100,0.010607967000396457,gtest,none,161.62591444903148
2-2-8,none,mixture,0.4,500,800101,0.011604871993768029,kl_plugin,none,1.5308375968929542e-08
2-2-8,none,mixture,0.4,500,800101,0.011604871993768029,kl_split,none,1.906858295911087
2-2-8,none,mixture,0.4,500,800101,0.011604871993768029,kl_crossfit,none,3.458344976434933
2-2-8,none,mixture,0.4,500,800101,0.011604871993768029,cf1_margin,none,0.0
2-2-8,none,mixture,0.4,500,800101,0.011604871993768029,slack_plugin,none,0.0
2-2-8,none,mixture,0.4,500,800101,0.011604871993768029,gm_battery,none,0.0
2-2-8,none,mixture,0.4,500,800101,0.011604871993768029,gtest,none,150.30240131433783
2-2-8,none,mixture,0.4,500,800102,0.010188519998337142,kl_plugin,none,6.11022045354688e-05
2-2-8,none,mixture,0.4,500,800102,0.010188519998337142,kl_split,none,5.037152842408739
2-2-8,none,mixture,0.4,500,800102,0.010188519998337142,kl_crossfit,none,4.380330091288291
2-2-8,none,mixture,0.4,500,800102,0.010188519998337142,cf1_margin,none,0.007568121089937541
2-2-8,none,mixture,0.4,500,800102,0.010188519998337142,slack_plugin,none,0.015136242179875057
2-2-8,none,mixture,0.4,500,800102,0.010188519998337142,gm_battery,none,0.0
2-2-8,none,mixture,0.4,500,800102,0.010188519998337142,gtest,none,185.52269564406646
2-2-8,none,mixture,0.4,500,800103,0.010291728001902811,kl_plugin,none,5.953441882392985e-14
2-2-8,none,mixture,0.4,500,800103,0.010291728001902811,kl_split,none,2.010785678970554
2-2-8,none,mixture,0.4,500,800103,0.010291728001902811,kl_crossfit,none,4.3398664740497725
2-2-8,none,mixture,0.4,500,800103,0.010291728001902811,cf1_margin,none,0.0
2-2-8,none,mixture,0.4,500,800103,0.010291728001902811,slack_plugin,none,0.0
2-2-8,none,mixture,0.4,500,800103,0.010291728001902811,gm_battery,none,0.0
2-2-8,none,mixture,0.4,500,800103,0.010291728001902811,gtest,none,135.98095206766587
2-2-8,none,mixture,0.4,500,800104,0.011956820002524182,kl_plugin,none,3.4770889073462686e-06
2-2-8,none,mixture,0.4,500,800104,0.011956820002524182,kl_split,none,6.292492916785296
2-2-8,none,mixture,0.4,500,800104,0.011956820002524182,kl_crossfit,none,3.703850148361196
2-2-8,none,mixture,0.4,500,800104,0.011956820002524182,cf1_margin,none,1.1102230246251565e-16
2-2-8,none,mixture,0.4,500,800104,0.011956820002524182,slack_plugin,none,0.0
2-2-8,none,mixture,0.4,500,800104,0.011956820002524182,gm_battery,none,0.0
2-2-8,none,mixture,0.4,500,800104,0.011956820002524182,gtest,none,123.20517928482045
2-2-8,none,mixture,0.4,500,800105,0.01093348999711452,kl_plugin,none,0.0002483333756188983
2-2-8,none,mixture,0.4,500,800105,0.01093348999711452,kl_split,none,1.046162994838513
2-2-8,none,mixture,0.4,500,800105,0.01093348999711452,kl_crossfit,none,0.6466015201338038
2-2-8,none,mixture,0.4,500,800105,0.01093348999711452,cf1_margin,none,0.01556096311475419
2-2-8,none,mixture,0.4,500,800105,0.01093348999711452,slack_plugin,none,0.031121926229508295
2-2-8,none,mixture,0.4,500,800105,0.01093348999711452,gm_battery,none,0.0
2-2-8,none,mixture,0.4,500,800105,0.01093348999711452,gtest,none,140.5295749426844
2-2-8,none,mixture,0.4,500,800106,0.01408422899839934,kl_plugin,none,0.006501371418121097
2-2-8,none,mixture,0.4,500,800106,0.01408422899839934,kl_split,none,5.2199344548511375
2-2-8,none,mixture,0.4,500,800106,0.01408422899839934,kl_crossfit,none,3.669759265640468
2-2-8,none,mixture,0.4,500,800106,0.01408422899839934,cf1_margin,none,0.07999999999999985
2-2-8,none,mixture,0.4,500,800106,0.01408422899839934,slack_plugin,none,0.15999999999999964
2-2-8,none,mixture,0.4,500,800106,0.01408422899839934,gm_battery,none,0.0
2-2-8,none,mixture,0.4,500,800106,0.01408422899839934,gtest,none,183.0186043488223
2-2-8,none,mixture,0.4,500,800107,0.012078776999260299,kl_plugin,none,1.8727557129991188e-05
2-2-8,none,mixture,0.4,500,800107,0.012078776999260299,kl_split,none,3.153131678640354
2-2-8,none,mixture,0.4,500,800107,0.012078776999260299,kl_crossfit,none,1.6917358577944783
2-2-8,none,mixture,0.4,500,800107,0.012078776999260299,cf1_margin,none,0.003456221198156917
2-2-8,none,mixture,0.4,500,800107,0.012078776999260299,slack_plugin,none,0.0069124423963135215
2-2-8,none,mixture,0.4,500,800107,0.012078776999260299,gm_battery,none,0.0
2-2-8,none,mixture,0.4,500,800107,0.012078776999260299,gtest,none,161.77481949602625
2-2-8,none,mixture,0.4,500,800108,0.010539579001488164,kl_plugin,none,2.73818066972481e-14
2-2-8,none,mixture,0.4,500,800108,0.010539579001488164,kl_split,none,0.1732501478690223
2-2-8,none,mixture,0.4,500,800108,0.010539579001488164,kl_crossfit,none,1.7433220485916672
2-2-8,none,mixture,0.4,500,800108,0.010539579001488164,cf1_margin,none,0.0
2-2-8,none,mixture,0.4,500,800108,0.010539579001488164,slack_plugin,none,0.0
2-2-8,none,mixture,0.4,500,800108,0.010539579001488164,gm_battery,none,0.0
2-2-8,none,mixture,0.4,500,800108,0.010539579001488164,gtest,none,155.6253896855289
2-2-8,none,mixture,0.4,500,800109,0.01290303299902007,kl_plugin,none,7.119899200716717e-14
2-2-8,none,mixture,0.4,500,800109,0.01290303299902007,kl_split,none,3.3019542669830475
2-2-8,none,mixture,0.4,500,800109,0.01290303299902007,kl_crossfit,none,4.229297251589479
2-2-8,none,mixture,0.4,500,800109,0.01290303299902007,cf1_margin,none,2.220446049250313e-16
2-2-8,none,mixture,0.4,500,800109,0.01290303299902007,slack_plugin,none,0.0
2-2-8,none,mixture,0.4,500,800109,0.01290303299902007,gm_battery,none,0.0
2-2-8,none,mixture,0.4,500,800109,0.01290303299902007,gtest,none,181.1613579994612
2-2-8,none,mixture,0.4,500,800110,0.019542397996701766,kl_plugin,none,3.8617990171541085e-15
2-2-8,none,mixture,0.4,500,800110,0.019542397996701766,kl_split,none,4.739460785201604
2-2-8,none,mixture,0.4,500,800110,0.019542397996701766,kl_crossfit,none,3.6000416506529325
2-2-8,none,mixture,0.4,500,800110,0.019542397996701766,cf1_margin,none,0.0
2-2-8,none,mixture,0.4,500,800110,0.019542397996701766,slack_plugin,none,0.0
2-2-8,none,mixture,0.4,500,800110,0.019542397996701766,gm_battery,none,0.0
2-2-8,none,mixture,0.4,500,800110,0.019542397996701766,gtest,none,176.77125313371408
2-2-8,none,mixture,0.4,500,800111,0.018520721001550555,kl_plugin,none,2.5457787240466823e-05
2-2-8,none,mixture,0.4,500,800111,0.018520721001550555,kl_split,none,4.080265226007913
2-2-8,none,mixture,0.4,500,800111,0.018520721001550555,kl_crossfit,none,4.766917289255155
2-2-8,none,mixture,0.4,500,800111,0.018520721001550555,cf1_margin,none,0.003906250000000111
2-2-8,none,mixture,0.4,500,800111,0.018520721001550555,slack_plugin,none,0.007812499999999934
2-2-8,none,mixture,0.4,500,800111,0.018520721001550555,gm_battery,none,0.0
2-2-8,none,mixture,0.4,500,800111,0.018520721001550555,gtest,none,177.90054693083232
2-2-8,none,mixture,0.4,500,800112,0.016368800999771338,kl_plugin,none,1.0031220080379267e-08
2-2-8,none,mixture,0.4,500,800112,0.016368800999771338,kl_split,none,2.0322520776017012
2-2-8,none,mixture,0.4,500,800112,0.016368800999771338,kl_crossfit,none,4.071935555869126
2-2-8,none,mixture,0.4,500,800112,0.016368800999771338,cf1_margin,none,0.0
2-2-8,none,mixture,0.4,500,800112,0.016368800999771338,slack_plugin,none,0.0
2-2-8,none,mixture,0.4,500,800112,0.016368800999771338,gm_battery,none,0.0
2-2-8,none,mixture,0.4,500,800112,0.016368800999771338,gtest,none,172.56153108421472
2-2-8,none,mixture,0.4,500,800113,0.015463624993572012,kl_plugin,none,0.0005873705945023296
2-2-8,none,mixture,0.4,500,800113,0.015463624993572012,kl_split,none,1.74900820475623
2-2-8,none,mixture,0.4,500,800113,0.015463624993572012,kl_crossfit,none,1.014344038658834
2-2-8,none,mixture,0.4,500,800113,0.015463624993572012,cf1_margin,none,0.02386773031394751
2-2-8,none,mixture,0.4,500,800113,0.015463624993572012,slack_plugin,none,0.04773546062789505
2-2-8,none,mixture,0.4,500,800113,0.015463624993572012,gm_battery,none,0.0
2-2-8,none,mixture,0.4,500,800113,0.015463624993572012,gtest,none,122.70398629408008
2-2-8,none,mixture,0.4,500,800114,0.014610330006689765,kl_plugin,none,0.0030546917974282233
2-2-8,none,mixture,0.4,500,800114,0.014610330006689765,kl_split,none,0.1636644263318946
2-2-8,none,mixture,0.4,500,800114,0.014610330006689765,kl_crossfit,none,1.8814571115686272
2-2-8,none,mixture,0.4,500,800114,0.014610330006689765,cf1_margin,none,0.05509593381446909
2-2-8,none,mixture,0.4,500,800114,0.014610330006689765,slack_plugin,none,0.1101918676289386
2-2-8,none,mixture,0.4,500,800114,0.014610330006689765,gm_battery,none,0.0
2-2-8,none,mixture,0.4,500,800114,0.014610330006689765,gtest,none,191.61823862288975
2-2-8,none,mixture,0.4,500,800115,0.02251013099885313,kl_plugin,none,6.965606206247081e-14
2-2-8,none,mixture,0.4,500,800115,0.02251013099885313,kl_split,none,0.15668204383280018
2-2-8,none,mixture,0.4,500,800115,0.02251013099885313,kl_crossfit,none,0.1666275833765089
2-2-8,none,mixture,0.4,500,800115,0.02251013099885313,cf1_margin,none,0.0
2-2-8,none,mixture,0.4,500,800115,0.02251013099885313,slack_plugin,none,0.0
2-2-8,none,mixture,0.4,500,800115,0.02251013099885313,gm_battery,none,0.0
2-2-8,none,mixture,0.4,500,800115,0.02251013099885313,gtest,none,176.6732185517036
2-2-8,none,mixture,0.4,500,800116,0.008754153001063969,kl_plugin,none,2.857033234926703e-14
2-2-8,none,mixture,0.4,500,800116,0.008754153001063969,kl_split,none,0.17841353995057674
2-2-8,none,mixture,0.4,500,800116,0.008754153001063969,kl_crossfit,none,0.16924171603351912
2-2-8,none,mixture,0.4,500,800116,0.008754153001063969,cf1_margin,none,0.0
2-2-8,none,mixture,0.4,500,800116,0.008754153001063969,slack_plugin,none,0.0
2-2-8,none,mixture,0.4,500,800116,0.008754153001063969,gm_battery,none,0.0
2-2-8,none,mixture,0.4,500,800116,0.008754153001063969,gtest,none,146.08768655207137
2-2-8,none,mixture,0.4,500,800117,0.010344410999095999,kl_plugin,none,1.525699415856599e-14
2-2-8,none,mixture,0.4,500,800117,0.010344410999095999,kl_split,none,0.32069570017303184
2-2-8,none,mixture,0.4,500,800117,0.010344410999095999,kl_crossfit,none,2.4133528483824005
2-2-8,none,mixture,0.4,500,800117,0.010344410999095999,cf1_margin,none,1.1102230246251565e-16
2-2-8,none,mixture,0.4,500,800117,0.010344410999095999,slack_plugin,none,0.0
2-2-8,none,mixture,0.4,500,800117,0.010344410999095999,gm_battery,none,0.0
2-2-8,none,mixture,0.4,500,800117,0.010344410999095999,gtest,none,190.6978117633453
2-2-8,none,mixture,0.4,500,800118,0.013103983998007607,kl_plugin,none,8.329677742348958e-06
2-2-8,none,mixture,0.4,500,800118,0.013103983998007607,kl_split,none,0.30166080911281723
2-2-8,none,mixture,0.4,500,800118,0.013103983998007607,kl_crossfit,none,0.7299902671404598
2-2-8,none,mixture,0.4,500,800118,0.013103983998007607,cf1_margin,none,0.0008803521408562442
2-2-8,none,mixture,0.4,500,800118,0.013103983998007607,slack_plugin,none,0.0017607042817125648
2-2-8,none,mixture,0.4,500,800118,0.013103983998007607,gm_battery,none,0.0
2-2-8,none,mixture,0.4,500,800118,0.013103983998007607,gtest,none,167.9899574120982
2-2-8,none,mixture,0.4,500,800119,0.013871770999685396,kl_plugin,none,4.5985305882365675e-07
2-2-8,none,mixture,0.4,500,800119,0.013871770999685396,kl_split,none,3.5473379544896098
2-2-8,none,mixture,0.4,500,800119,0.013871770999685396,kl_crossfit,none,3.739820120854379
2-2-8,none,mixture,0.4,500,800119,0.013871770999685396,cf1_margin,none,0.0
2-2-8,none,mixture,0.4,500,800119,0.013871770999685396,slack_plugin,none,0.0
2-2-8,none,mixture,0.4,500,800119,0.013871770999685396,gm_battery,none,0.0
2-2-8,none,mixture,0.4,500,800119,0.013871770999685396,gtest,none,156.96615910732214
2-2-8,none,mixture,0.4,500,800120,0.010491663997527212,kl_plugin,none,0.0009295364203618563
2-2-8,none,mixture,0.4,500,800120,0.010491663997527212,kl_split,none,0.22795091609463985
2-2-8,none,mixture,0.4,500,800120,0.010491663997527212,kl_crossfit,none,3.243379216167844
2-2-8,none,mixture,0.4,500,800120,0.010491663997527212,cf1_margin,none,0.030455470289495135
2-2-8,none,mixture,0.4,500,800120,0.010491663997527212,slack_plugin,none,0.06091094057899047
2-2-8,none,mixture,0.4,500,800120,0.010491663997527212,gm_battery,none,0.0
2-2-8,none,mixture,0.4,500,800120,0.010491663997527212,gtest,none,170.52465312674013
2-2-8,none,mixture,0.4,500,800121,0.010665585999959148,kl_plugin,none,1.3981367233669296e-05
2-2-8,none,mixture,0.4,500,800121,0.010665585999959148,kl_split,none,0.21882862336201636
2-2-8,none,mixture,0.4,500,800121,0.010665585999959148,kl_crossfit,none,1.7669317050917677
2-2-8,none,mixture,0.4,500,800121,0.010665585999959148,cf1_margin,none,0.0023693647540983243
2-2-8,none,mixture,0.4,500,800121,0.010665585999959148,slack_plugin,none,0.004738729508196603
2-2-8,none,mixture,0.4,500,800121,0.010665585999959148,gm_battery,none,0.0
2-2-8,none,mixture,0.4,500,800121,0.010665585999959148,gtest,none,151.47596627625234
2-2-8,none,mixture,0.4,500,800122,0.01231089200155111,kl_plugin,none,7.907025001490279e-12
2-2-8,none,mixture,0.4,500,800122,0.01231089200155111,kl_split,none,2.0212525567953583
2-2-8,none,mixture,0.4,500,800122,0.01231089200155111,kl_crossfit,none,2.528832852034804
2-2-8,none,mixture,0.4,500,800122,0.01231089200155111,cf1_margin,none,0.0
2-2-8,none,mixture,0.4,500,800122,0.01231089200155111,slack_plugin,none,0.0
2-2-8,none,mixture,0.4,500,800122,0.01231089200155111,gm_battery,none,0.0
2-2-8,none,mixture,0.4,500,800122,0.01231089200155111,gtest,none,177.56875227650033
2-2-8,none,mixture,0.4,500,800123,0.00992086400219705,kl_plugin,none,0.00013500797852538543
2-2-8,none,mixture,0.4,500,800123,0.00992086400219705,kl_split,none,0.2561784097147934
2-2-8,none,mixture,0.4,500,800123,0.00992086400219705,kl_crossfit,none,1.7337934669748578
2-2-8,none,mixture,0.4,500,800123,0.00992086400219705,cf1_margin,none,0.011526639344262235
2-2-8,none,mixture,0.4,500,800123,0.00992086400219705,slack_plugin,none,0.023053278688524474
2-2-8,none,mixture,0.4,500,800123,0.00992086400219705,gm_battery,none,0.0
2-2-8,none,mixture,0.4,500,800123,0.00992086400219705,gtest,none,124.49960716158026
2-2-8,none,mixture,0.4,500,800124,0.010153474002436269,kl_plugin,none,3.188393576737431e-05
2-2-8,none,mixture,0.4,500,800124,0.010153474002436269,kl_split,none,4.516946194029696
2-2-8,none,mixture,0.4,500,800124,0.010153474002436269,kl_crossfit,none,3.116983546362592
2-2-8,none,mixture,0.4,500,800124,0.010153474002436269,cf1_margin,none,0.005157281055801155
2-2-8,none,mixture,0.4,500,800124,0.010153474002436269,slack_plugin,none,0.01031456211160206
2-2-8,none,mixture,0.4,500,800124,0.010153474002436269,gm_battery,none,0.0
2-2-8,none,mixture,0.4,500,800124,0.010153474002436269,gtest,none,198.346595657936
2-2-8,none,mixture,0.4,500,800125,0.009953970002243295,kl_plugin,none,6.035127953777811e-14
2-2-8,none,mixture,0.4,500,800125,0.009953970002243295,kl_split,none,3.513174011064072
2-2-8,none,mixture,0.4,500,800125,0.009953970002243295,kl_crossfit,none,3.0470486179756966
2-2-8,none,mixture,0.4,500,800125,0.009953970002243295,cf1_margin,none,0.0
2-2-8,none,mixture,0.4,500,800125,0.009953970002243295,slack_plugin,none,0.0
2-2-8,none,mixture,0.4,500,800125,0.009953970002243295,gm_battery,none,0.0
2-2-8,none,mixture,0.4,500,800125,0.009953970002243295,gtest,none,184.48396038543558
2-2-8,none,mixture,0.4,500,800126,0.00964904400461819,kl_plugin,none,8.756342699152905e-14
2-2-8,none,mixture,0.4,500,800126,0.00964904400461819,kl_split,none,0.15074462527462731
2-2-8,none,mixture,0.4,500,800126,0.00964904400461819,kl_crossfit,none,0.1504491793342308
2-2-8,none,mixture,0.4,500,800126,0.00964904400461819,cf1_margin,none,0.0
2-2-8,none,mixture,0.4,500,800126,0.00964904400461819,slack_plugin,none,0.0
2-2-8,none,mixture,0.4,500,800126,0.00964904400461819,gm_battery,none,0.0
2-2-8,none,mixture,0.4,500,800126,0.00964904400461819,gtest,none,168.14515952930424
2-2-8,none,mixture,0.4,500,800127,0.009395246997883078,kl_plugin,none,9.574662888488721e-16
2-2-8,none,mixture,0.4,500,800127,0.009395246997883078,kl_split,none,5.140701056127184
2-2-8,none,mixture,0.4,500,800127,0.009395246997883078,kl_crossfit,none,2.7283077733780914
2-2-8,none,mixture,0.4,500,800127,0.009395246997883078,cf1_margin,none,0.0
2-2-8,none,mixture,0.4,500,800127,0.009395246997883078,slack_plugin,none,0.0
2-2-8,none,mixture,0.4,500,800127,0.009395246997883078,gm_battery,none,0.0
2-2-8,none,mixture,0.4,500,800127,0.009395246997883078,gtest,none,138.2523659275004
2-2-8,none,mixture,0.4,500,800128,0.016314458000124432,kl_plugin,none,7.600168681093174e-14
2-2-8,none,mixture,0.4,500,800128,0.016314458000124432,kl_split,none,6.695009343059251
2-2-8,none,mixture,0.4,500,800128,0.016314458000124432,kl_crossfit,none,5.05177014931113
2-2-8,none,mixture,0.4,500,800128,0.016314458000124432,cf1_margin,none,3.3306690738754696e-16
2-2-8,none,mixture,0.4,500,800128,0.016314458000124432,slack_plugin,none,0.0
2-2-8,none,mixture,0.4,500,800128,0.016314458000124432,gm_battery,none,0.0
2-2-8,none,mixture,0.4,500,800128,0.016314458000124432,gtest,none,143.76995196401134
2-2-8,none,mixture,0.4,500,800129,0.010588904995529447,kl_plugin,none,4.728801256018999e-09
2-2-8,none,mixture,0.4,500,800129,0.010588904995529447,kl_split,none,2.5308816026221135
2-2-8,none,mixture,0.4,500,800129,0.010588904995529447,kl_crossfit,none,1.7729635335112284
2-2-8,none,mixture,0.4,500,800129,0.010588904995529447,cf1_margin,none,2.220446049250313e-16
2-2-8,none,mixture,0.4,500,800129,0.010588904995529447,slack_plugin,none,0.0
2-2-8,none,mixture,0.4,500,800129,0.010588904995529447,gm_battery,none,0.0
2-2-8,none,mixture,0.4,500,800129,0.010588904995529447,gtest,none,210.05717664192497
2-2-8,none,mixture,0.4,500,800130,0.011934305999602657,kl_plugin,none,0.0009995915975789709
2-2-8,none,mixture,0.4,500,800130,0.011934305999602657,kl_split,none,0.1508790970018878
2-2-8,none,mixture,0.4,500,800130,0.011934305999602657,kl_crossfit,none,1.714740194715197
2-2-8,none,mixture,0.4,500,800130,0.011934305999602657,cf1_margin,none,0.03160896521892376
2-2-8,none,mixture,0.4,500,800130,0.011934305999602657,slack_plugin,none,0.06321793043784729
2-2-8,none,mixture,0.4,500,800130,0.011934305999602657,gm_battery,none,0.0
2-2-8,none,mixture,0.4,500,800130,0.011934305999602657,gtest,none,115.92438507386868
2-2-8,none,mixture,0.4,500,800131,0.011480540000775363,kl_plugin,none,1.3549246201740884e-13
2-2-8,none,mixture,0.4,500,800131,0.011480540000775363,kl_split,none,1.848455694292611
2-2-8,none,mixture,0.4,500,800131,0.011480540000775363,kl_crossfit,none,4.219309589180443
2-2-8,none,mixture,0.4,500,800131,0.011480540000775363,cf1_margin,none,0.0
2-2-8,none,mixture,0.4,500,800131,0.011480540000775363,slack_plugin,none,0.0
2-2-8,none,mixture,0.4,500,800131,0.011480540000775363,gm_battery,none,0.0
2-2-8,none,mixture,0.4,500,800131,0.011480540000775363,gtest,none,192.39153753347318
2-2-8,none,mixture,0.4,500,800132,0.010352063000027556,kl_plugin,none,9.545809442683227e-07
2-2-8,none,mixture,0.4,500,800132,0.010352063000027556,kl_split,none,1.7558824459200895
2-2-8,none,mixture,0.4,500,800132,0.010352063000027556,kl_crossfit,none,2.558570370541733
2-2-8,none,mixture,0.4,500,800132,0.010352063000027556,cf1_margin,none,3.3306690738754696e-16
2-2-8,none,mixture,0.4,500,800132,0.010352063000027556,slack_plugin,none,0.0
2-2-8,none,mixture,0.4,500,800132,0.010352063000027556,gm_battery,none,0.0
2-2-8,none,mixture,0.4,500,800132,0.010352063000027556,gtest,none,207.3800350021961
2-2-8,none,mixture,0.4,500,800133,0.015476950000447687,kl_plugin,none,2.1256565664377704e-14
2-2-8,none,mixture,0.4,500,800133,0.015476950000447687,kl_split,none,3.329418013181162
2-2-8,none,mixture,0.4,500,800133,0.015476950000447687,kl_crossfit,none,2.550448254151605
2-2-8,none,mixture,0.4,500,800133,0.015476950000447687,cf1_margin,none,0.0
2-2-8,none,mixture,0.4,500,800133,0.015476950000447687,slack_plugin,none,0.0
2-2-8,none,mixture,0.4,500,800133,0.015476950000447687,gm_battery,none,0.0
2-2-8,none,mixture,0.4,500,800133,0.015476950000447687,gtest,none,196.83973198173308
2-2-8,none,mixture,0.4,500,800134,0.014071842000703327,kl_plugin,none,2.7083482034023546e-14
2-2-8,none,mixture,0.4,500,800134,0.014071842000703327,kl_split,none,11.840016882130442
2-2-8,none,mixture,0.4,500,800134,0.014071842000703327,kl_crossfit,none,6.087923466932415
2-2-8,none,mixture,0.4,500,800134,0.014071842000703327,cf1_margin,none,1.1102230246251565e-16
2-2-8,none,mixture,0.4,500,800134,0.014071842000703327,slack_plugin,none,0.0
2-2-8,none,mixture,0.4,500,800134,0.014071842000703327,gm_battery,none,0.0
2-2-8,none,mixture,0.4,500,800134,0.014071842000703327,gtest,none,142.56096788193992
2-2-8,none,mixture,0.4,500,800135,0.010449210996739566,kl_plugin,none,0.0009104262380593428
2-2-8,none,mixture,0.4,500,800135,0.010449210996739566,kl_split,none,0.28575699626968276
2-2-8,none,mixture,0.4,500,800135,0.010449210996739566,kl_crossfit,none,1.8350922755522405
2-2-8,none,mixture,0.4,500,800135,0.010449210996739566,cf1_margin,none,0.030128205128205132
2-2-8,none,mixture,0.4,500,800135,0.010449210996739566,slack_plugin,none,0.06025641025641035
2-2-8,none,mixture,0.4,500,800135,0.010449210996739566,gm_battery,none,0.0
2-2-8,none,mixture,0.4,500,800135,0.010449210996739566,gtest,none,187.9913799266592
2-2-8,none,mixture,0.4,500,800136,0.013493742000719067,kl_plugin,none,1.109468067137119e-14
2-2-8,none,mixture,0.4,500,800136,0.013493742000719067,kl_split,none,1.7479753882011715
2-2-8,none,mixture,0.4,500,800136,0.013493742000719067,kl_crossfit,none,2.5719747819944123
2-2-8,none,mixture,0.4,500,800136,0.013493742000719067,cf1_margin,none,0.0
2-2-8,none,mixture,0.4,500,800136,0.013493742000719067,slack_plugin,none,0.0
2-2-8,none,mixture,0.4,500,800136,0.013493742000719067,gm_battery,none,0.0
2-2-8,none,mixture,0.4,500,800136,0.013493742000719067,gtest,none,144.41551107726747
2-2-8,none,mixture,0.4,500,800137,0.012295508997340221,kl_plugin,none,1.0021500787750562e-13
2-2-8,none,mixture,0.4,500,800137,0.012295508997340221,kl_split,none,4.231216111216817
2-2-8,none,mixture,0.4,500,800137,0.012295508997340221,kl_crossfit,none,2.6334523989265675
2-2-8,none,mixture,0.4,500,800137,0.012295508997340221,cf1_margin,none,1.1102230246251565e-16
2-2-8,none,mixture,0.4,500,800137,0.012295508997340221,slack_plugin,none,0.0
2-2-8,none,mixture,0.4,500,800137,0.012295508997340221,gm_battery,none,0.0
2-2-8,none,mixture,0.4,500,800137,0.012295508997340221,gtest,none,151.862275993742
2-2-8,none,mixture,0.4,500,800138,0.010357851002481766,kl_plugin,none,6.33221807376093e-14
2-2-8,none,mixture,0.4,500,800138,0.010357851002481766,kl_split,none,6.014679595197918
2-2-8,none,mixture,0.4,500,800138,0.010357851002481766,kl_crossfit,none,7.949405959504
2-2-8,none,mixture,0.4,500,800138,0.010357851002481766,cf1_margin,none,2.220446049250313e-16
2-2-8,none,mixture,0.4,500,800138,0.010357851002481766,slack_plugin,none,0.0
2-2-8,none,mixture,0.4,500,800138,0.010357851002481766,gm_battery,none,0.0
2-2-8,none,mixture,0.4,500,800138,0.010357851002481766,gtest,none,153.24387100017526
2-2-8,none,mixture,0.4,500,800139,0.014728629001183435,kl_plugin,none,0.000333470437398647
2-2-8,none,mixture,0.4,500,800139,0.014728629001183435,kl_split,none,3.374331487129168
2-2-8,none,mixture,0.4,500,800139,0.014728629001183435,kl_crossfit,none,1.799503744581163
2-2-8,none,mixture,0.4,500,800139,0.014728629001183435,cf1_margin,none,0.0181864754098362
2-2-8,none,mixture,0.4,500,800139,0.014728629001183435,slack_plugin,none,0.03637295081967204
2-2-8,none,mixture,0.4,500,800139,0.014728629001183435,gm_battery,none,0.0
2-2-8,none,mixture,0.4,500,800139,0.014728629001183435,gtest,none,166.1601718064626
2-2-8,none,mixture,0.4,500,800140,0.016022183997847605,kl_plugin,none,8.394960212889797e-15
2-2-8,none,mixture,0.4,500,800140,0.016022183997847605,kl_split,none,1.7308046332627922
2-2-8,none,mixture,0.4,500,800140,0.016022183997847605,kl_crossfit,none,1.3225476836443697
2-2-8,none,mixture,0.4,500,800140,0.016022183997847605,cf1_margin,none,1.1102230246251565e-16
2-2-8,none,mixture,0.4,500,800140,0.016022183997847605,slack_plugin,none,0.0
2-2-8,none,mixture,0.4,500,800140,0.016022183997847605,gm_battery,none,0.0
2-2-8,none,mixture,0.4,500,800140,0.016022183997847605,gtest,none,118.7764779169816
2-2-8,none,mixture,0.4,500,800141,0.015133836997847538,kl_plugin,none,5.385422976542419e-11
2-2-8,none,mixture,0.4,500,800141,0.015133836997847538,kl_split,none,2.7682598577284594
2-2-8,none,mixture,0.4,500,800141,0.015133836997847538,kl_crossfit,none,1.527553542680125
2-2-8,none,mixture,0.4,500,800141,0.015133836997847538,cf1_margin,none,0.0
2-2-8,none,mixture,0.4,500,800141,0.015133836997847538,slack_plugin,none,0.0
2-2-8,none,mixture,0.4,500,800141,0.015133836997847538,gm_battery,none,0.0
2-2-8,none,mixture,0.4,500,800141,0.015133836997847538,gtest,none,159.44473298963229
2-2-8,none,mixture,0.4,500,800142,0.013733469997532666,kl_plugin,none,4.5229384239167036e-14
2-2-8,none,mixture,0.4,500,800142,0.013733469997532666,kl_split,none,4.539100851397223
2-2-8,none,mixture,0.4,500,800142,0.013733469997532666,kl_crossfit,none,3.5735766335480705
2-2-8,none,mixture,0.4,500,800142,0.013733469997532666,cf1_margin,none,0.0
2-2-8,none,mixture,0.4,500,800142,0.013733469997532666,slack_plugin,none,0.0
2-2-8,none,mixture,0.4,500,800142,0.013733469997532666,gm_battery,none,0.0
2-2-8,none,mixture,0.4,500,800142,0.013733469997532666,gtest,none,126.79224351550738
2-2-8,none,mixture,0.4,500,800143,0.011238507999223657,kl_plugin,none,1.3285431983841505e-15
2-2-8,none,mixture,0.4,500,800143,0.011238507999223657,kl_split,none,1.925639255343103
2-2-8,none,mixture,0.4,500,800143,0.011238507999223657,kl_crossfit,none,2.225382145035856
2-2-8,none,mixture,0.4,500,800143,0.011238507999223657,cf1_margin,none,0.0
2-2-8,none,mixture,0.4,500,800143,0.011238507999223657,slack_plugin,none,0.0
2-2-8,none,mixture,0.4,500,800143,0.011238507999223657,gm_battery,none,0.0
2-2-8,none,mixture,0.4,500,800143,0.011238507999223657,gtest,none,139.48437270102283
2-2-8,none,mixture,0.4,500,800144,0.0099743109967676,kl_plugin,none,7.675776465833131e-12
2-2-8,none,mixture,0.4,500,800144,0.0099743109967676,kl_split,none,4.244698608081775
2-2-8,none,mixture,0.4,500,800144,0.0099743109967676,kl_crossfit,none,2.2639993493781385
2-2-8,none,mixture,0.4,500,800144,0.0099743109967676,cf1_margin,none,0.0
2-2-8,none,mixture,0.4,500,800144,0.0099743109967676,slack_plugin,none,0.0
2-2-8,none,mixture,0.4,500,800144,0.0099743109967676,gm_battery,none,0.0
2-2-8,none,mixture,0.4,500,800144,0.0099743109967676,gtest,none,158.25618331213013
2-2-8,none,mixture,0.4,500,800145,0.012258659000508487,kl_plugin,none,0.003364043881733454
2-2-8,none,mixture,0.4,500,800145,0.012258659000508487,kl_split,none,5.371493194652527
2-2-8,none,mixture,0.4,500,800145,0.012258659000508487,kl_crossfit,none,3.6515816308646327
2-2-8,none,mixture,0.4,500,800145,0.012258659000508487,cf1_margin,none,0.057805319370386576
2-2-8,none,mixture,0.4,500,800145,0.012258659000508487,slack_plugin,none,0.11561063874077275
2-2-8,none,mixture,0.4,500,800145,0.012258659000508487,gm_battery,none,0.0
2-2-8,none,mixture,0.4,500,800145,0.012258659000508487,gtest,none,164.23419831118187
2-2-8,none,mixture,0.4,500,800146,0.011521437001647428,kl_plugin,none,1.6402953393473106e-05
2-2-8,none,mixture,0.4,500,800146,0.011521437001647428,kl_split,none,10.755425591446329
2-2-8,none,mixture,0.4,500,800146,0.011521437001647428,kl_crossfit,none,6.854810011940655
2-2-8,none,mixture,0.4,500,800146,0.011521437001647428,cf1_margin,none,0.0026621335557124315
2-2-8,none,mixture,0.4,500,800146,0.011521437001647428,slack_plugin,none,0.005324267111424776
2-2-8,none,mixture,0.4,500,800146,0.011521437001647428,gm_battery,none,0.0
2-2-8,none,mixture,0.4,500,800146,0.011521437001647428,gtest,none,168.3010110910722
2-2-8,none,mixture,0.4,500,800147,0.013303261999681126,kl_plugin,none,0.00016123882988710106
2-2-8,none,mixture,0.4,500,800147,0.013303261999681126,kl_split,none,5.506018184264715
2-2-8,none,mixture,0.4,500,800147,0.013303261999681126,kl_crossfit,none,3.732982307100812
2-2-8,none,mixture,0.4,500,800147,0.013303261999681126,cf1_margin,none,0.012416198659178646
2-2-8,none,mixture,0.4,500,800147,0.013303261999681126,slack_plugin,none,0.02483239731835709
2-2-8,none,mixture,0.4,500,800147,0.013303261999681126,gm_battery,none,0.0
2-2-8,none,mixture,0.4,500,800147,0.013303261999681126,gtest,none,131.47209138728772
2-2-8,none,mixture,0.4,500,800148,0.013299214995640796,kl_plugin,none,6.058012125123261e-14
2-2-8,none,mixture,0.4,500,800148,0.013299214995640796,kl_split,none,0.3032687293043609
2-2-8,none,mixture,0.4,500,800148,0.013299214995640796,kl_crossfit,none,1.8545566167975525
2-2-8,none,mixture,0.4,500,800148,0.013299214995640796,cf1_margin,none,1.1102230246251565e-16
2-2-8,none,mixture,0.4,500,800148,0.013299214995640796,slack_plugin,none,0.0
2-2-8,none,mixture,0.4,500,800148,0.013299214995640796,gm_battery,none,0.0
2-2-8,none,mixture,0.4,500,800148,0.013299214995640796,gtest,none,126.47169815286203
2-2-8,none,mixture,0.4,500,800149,0.013490509998518974,kl_plugin,none,8.710679250242866e-15
2-2-8,none,mixture,0.4,500,800149,0.013490509998518974,kl_split,none,1.0343714799504349
2-2-8,none,mixture,0.4,500,800149,0.013490509998518974,kl_crossfit,none,1.8383783764207786
2-2-8,none,mixture,0.4,500,800149,0.013490509998518974,cf1_margin,none,3.3306690738754696e-16
2-2-8,none,mixture,0.4,500,800149,0.013490509998518974,slack_plugin,none,0.0
2-2-8,none,mixture,0.4,500,800149,0.013490509998518974,gm_battery,none,0.0
2-2-8,none,mixture,0.4,500,800149,0.013490509998518974,gtest,none,188.7107420617102
2-2-8,none,mixture,0.4,500,800150,0.014548093000485096,kl_plugin,none,0.002401251868846787
2-2-8,none,mixture,0.4,500,800150,0.014548093000485096,kl_split,none,0.19201663281191944
2-2-8,none,mixture,0.4,500,800150,0.014548093000485096,kl_crossfit,none,0.544413394594659
2-2-8,none,mixture,0.4,500,800150,0.014548093000485096,cf1_margin,none,0.04897481524230907
2-2-8,none,mixture,0.4,500,800150,0.014548093000485096,slack_plugin,none,0.09794963048461823
2-2-8,none,mixture,0.4,500,800150,0.014548093000485096,gm_battery,none,0.0
2-2-8,none,mixture,0.4,500,800150,0.014548093000485096,gtest,none,181.10944642814493
2-2-8,none,mixture,0.4,500,800151,0.010088079005072359,kl_plugin,none,4.4659779652328524e-14
2-2-8,none,mixture,0.4,500,800151,0.010088079005072359,kl_split,none,0.22673164623952502
2-2-8,none,mixture,0.4,500,800151,0.010088079005072359,kl_crossfit,none,0.2610057250585165
2-2-8,none,mixture,0.4,500,800151,0.010088079005072359,cf1_margin,none,4.440892098500626e-16
2-2-8,none,mixture,0.4,500,800151,0.010088079005072359,slack_plugin,none,0.0
2-2-8,none,mixture,0.4,500,800151,0.010088079005072359,gm_battery,none,0.0
2-2-8,none,mixture,0.4,500,800151,0.010088079005072359,gtest,none,161.81875279272936
2-2-8,none,mixture,0.4,500,800152,0.011758082000596914,kl_plugin,none,6.162829667592818e-13
2-2-8,none,mixture,0.4,500,800152,0.011758082000596914,kl_split,none,6.816504623222337
2-2-8,none,mixture,0.4,500,800152,0.011758082000596914,kl_crossfit,none,4.592017101547076
2-2-8,none,mixture,0.4,500,800152,0.011758082000596914,cf1_margin,none,1.1102230246251565e-16
2-2-8,none,mixture,0.4,500,800152,0.011758082000596914,slack_plugin,none,0.0
2-2-8,none,mixture,0.4,500,800152,0.011758082000596914,gm_battery,none,0.0
2-2-8,none,mixture,0.4,500,800152,0.011758082000596914,gtest,none,155.86715704900848
2-2-8,none,mixture,0.4,500,800153,0.012050380995788146,kl_plugin,none,0.0001624721029093593
2-2-8,none,mixture,0.4,500,800153,0.012050380995788146,kl_split,none,3.4277853725826097
2-2-8,none,mixture,0.4,500,800153,0.012050380995788146,kl_crossfit,none,3.23830195410614
2-2-8,none,mixture,0.4,500,800153,0.012050380995788146,cf1_margin,none,0.012681942643032018
2-2-8,none,mixture,0.4,500,800153,0.012050380995788146,slack_plugin,none,0.02536388528606417
2-2-8,none,mixture,0.4,500,800153,0.012050380995788146,gm_battery,none,0.0
2-2-8,none,mixture,0.4,500,800153,0.012050380995788146,gtest,none,178.87843599619652
2-2-8,none,mixture,0.4,500,800154,0.009370350999233779,kl_plugin,none,8.679623442358832e-15
2-2-8,none,mixture,0.4,500,800154,0.009370350999233779,kl_split,none,4.215394948457069
2-2-8,none,mixture,0.4,500,800154,0.009370350999233779,kl_crossfit,none,5.885462448395887
2-2-8,none,mixture,0.4,500,800154,0.009370350999233779,cf1_margin,none,0.0
2-2-8,none,mixture,0.4,500,800154,0.009370350999233779,slack_plugin,none,0.0
2-2-8,none,mixture,0.4,500,800154,0.009370350999233779,gm_battery,none,0.0
2-2-8,none,mixture,0.4,500,800154,0.009370350999233779,gtest,none,170.56868034308405
2-2-8,none,mixture,0.4,500,800155,0.01192658199579455,kl_plugin,none,1.549406508496192e-14
2-2-8,none,mixture,0.4,500,800155,0.01192658199579455,kl_split,none,0.9555831242955088
2-2-8,none,mixture,0.4,500,800155,0.01192658199579455,kl_crossfit,none,0.569833132771172
2-2-8,none,mixture,0.4,500,800155,0.01192658199579455,cf1_margin,none,0.0
2-2-8,none,mixture,0.4,500,800155,0.01192658199579455,slack_plugin,none,0.0
2-2-8,none,mixture,0.4,500,800155,0.01192658199579455,gm_battery,none,0.0
2-2-8,none,mixture,0.4,500,800155,0.01192658199579455,gtest,none,118.04296621041009
2-2-8,none,mixture,0.4,500,800156,0.010296913002093788,kl_plugin,none,0.00023475826927436762
2-2-8,none,mixture,0.4,500,800156,0.010296913002093788,kl_split,none,0.13321451847507876
2-2-8,none,mixture,0.4,500,800156,0.010296913002093788,kl_crossfit,none,0.13212889117124238
2-2-8,none,mixture,0.4,500,800156,0.010296913002093788,cf1_margin,none,0.015104966717869983
2-2-8,none,mixture,0.4,500,800156,0.010296913002093788,slack_plugin,none,0.030209933435739942
2-2-8,none,mixture,0.4,500,800156,0.010296913002093788,gm_battery,none,0.0
2-2-8,none,mixture,0.4,500,800156,0.010296913002093788,gtest,none,130.31882310553385
2-2-8,none,mixture,0.4,500,800157,0.010931600001640618,kl_plugin,none,0.0018638765304213253
2-2-8,none,mixture,0.4,500,800157,0.010931600001640618,kl_split,none,2.6160430199627815
2-2-8,none,mixture,0.4,500,800157,0.010931600001640618,kl_crossfit,none,1.7412493072425574
2-2-8,none,mixture,0.4,500,800157,0.010931600001640618,cf1_margin,none,0.0430572228891557
2-2-8,none,mixture,0.4,500,800157,0.010931600001640618,slack_plugin,none,0.08611444577831147
2-2-8,none,mixture,0.4,500,800157,0.010931600001640618,gm_battery,none,0.0
2-2-8,none,mixture,0.4,500,800157,0.010931600001640618,gtest,none,202.91080507392417
2-2-8,none,mixture,0.4,500,800158,0.01056881100521423,kl_plugin,none,1.8188012440666752e-07
2-2-8,none,mixture,0.4,500,800158,0.01056881100521423,kl_split,none,1.7860425962326452
2-2-8,none,mixture,0.4,500,800158,0.01056881100521423,kl_crossfit,none,3.8375359802087434
2-2-8,none,mixture,0.4,500,800158,0.01056881100521423,cf1_margin,none,1.1102230246251565e-16
2-2-8,none,mixture,0.4,500,800158,0.01056881100521423,slack_plugin,none,0.0
2-2-8,none,mixture,0.4,500,800158,0.01056881100521423,gm_battery,none,0.0
2-2-8,none,mixture,0.4,500,800158,0.01056881100521423,gtest,none,165.73174734277637
2-2-8,none,mixture,0.4,500,800159,0.013484848001098726,kl_plugin,none,0.000132038088160391
2-2-8,none,mixture,0.4,500,800159,0.013484848001098726,kl_split,none,3.22342195235222
2-2-8,none,mixture,0.4,500,800159,0.013484848001098726,kl_crossfit,none,5.398508734172793
2-2-8,none,mixture,0.4,500,800159,0.013484848001098726,cf1_margin,none,0.011425645292921893
2-2-8,none,mixture,0.4,500,800159,0.013484848001098726,slack_plugin,none,0.022851290585844473
2-2-8,none,mixture,0.4,500,800159,0.013484848001098726,gm_battery,none,0.0
2-2-8,none,mixture,0.4,500,800159,0.013484848001098726,gtest,none,203.42824528528627
2-2-8,none,mixture,0.4,500,800160,0.008056883998506237,kl_plugin,none,4.908812429774817e-15
2-2-8,none,mixture,0.4,500,800160,0.008056883998506237,kl_split,none,1.881985246627434
2-2-8,none,mixture,0.4,500,800160,0.008056883998506237,kl_crossfit,none,2.5765578468245107
2-2-8,none,mixture,0.4,500,800160,0.008056883998506237,cf1_margin,none,0.0
2-2-8,none,mixture,0.4,500,800160,0.008056883998506237,slack_plugin,none,0.0
2-2-8,none,mixture,0.4,500,800160,0.008056883998506237,gm_battery,none,0.0
2-2-8,none,mixture,0.4,500,800160,0.008056883998506237,gtest,none,156.12696302841925
2-2-8,none,mixture,0.4,500,800161,0.014978443003201392,kl_plugin,none,0.00041807787840819274
2-2-8,none,mixture,0.4,500,800161,0.014978443003201392,kl_split,none,1.6949944027843082
2-2-8,none,mixture,0.4,500,800161,0.014978443003201392,kl_crossfit,none,0.9289961999369999
2-2-8,none,mixture,0.4,500,800161,0.014978443003201392,cf1_margin,none,0.020417306707629423
2-2-8,none,mixture,0.4,500,800161,0.014978443003201392,slack_plugin,none,0.04083461341525875
2-2-8,none,mixture,0.4,500,800161,0.014978443003201392,gm_battery,none,0.0
2-2-8,none,mixture,0.4,500,800161,0.014978443003201392,gtest,none,134.25547608173767
2-2-8,none,mixture,0.4,500,800162,0.011116587003925815,kl_plugin,none,4.9024579105186654e-14
2-2-8,none,mixture,0.4,500,800162,0.011116587003925815,kl_split,none,7.980063530668579
2-2-8,none,mixture,0.4,500,800162,0.011116587003925815,kl_crossfit,none,5.436933116817926
2-2-8,none,mixture,0.4,500,800162,0.011116587003925815,cf1_margin,none,2.220446049250313e-16
2-2-8,none,mixture,0.4,500,800162,0.011116587003925815,slack_plugin,none,0.0
2-2-8,none,mixture,0.4,500,800162,0.011116587003925815,gm_battery,none,0.0
2-2-8,none,mixture,0.4,500,800162,0.011116587003925815,gtest,none,148.13087428790072
2-2-8,none,mixture,0.4,500,800163,0.010390777999418788,kl_plugin,none,3.339609605082413e-07
2-2-8,none,mixture,0.4,500,800163,0.010390777999418788,kl_split,none,1.0867500660754583
2-2-8,none,mixture,0.4,500,800163,0.010390777999418788,kl_crossfit,none,1.5372016697624824
2-2-8,none,mixture,0.4,500,800163,0.010390777999418788,cf1_margin,none,1.1102230246251565e-16
2-2-8,none,mixture,0.4,500,800163,0.010390777999418788,slack_plugin,none,0.0
2-2-8,none,mixture,0.4,500,800163,0.010390777999418788,gm_battery,none,0.0
2-2-8,none,mixture,0.4,500,800163,0.010390777999418788,gtest,none,168.25612829911992
2-2-8,none,mixture,0.4,500,800164,0.01045406999764964,kl_plugin,none,3.5257162707885486e-09
2-2-8,none,mixture,0.4,500,800164,0.01045406999764964,kl_split,none,4.083135348584194
2-2-8,none,mixture,0.4,500,800164,0.01045406999764964,kl_crossfit,none,4.405371841748849
2-2-8,none,mixture,0.4,500,800164,0.01045406999764964,cf1_margin,none,2.220446049250313e-16
2-2-8,none,mixture,0.4,500,800164,0.01045406999764964,slack_plugin,none,0.0
2-2-8,none,mixture,0.4,500,800164,0.01045406999764964,gm_battery,none,0.0
2-2-8,none,mixture,0.4,500,800164,0.01045406999764964,gtest,none,135.07317876762252
2-2-8,none,mixture,0.4,500,800165,0.011765027993533295,kl_plugin,none,7.389697707619293e-12
2-2-8,none,mixture,0.4,500,800165,0.011765027993533295,kl_split,none,0.20629027453922122
2-2-8,none,mixture,0.4,500,800165,0.011765027993533295,kl_crossfit,none,0.2199503455684696
2-2-8,none,mixture,0.4,500,800165,0.011765027993533295,cf1_margin,none,0.0
2-2-8,none,mixture,0.4,500,800165,0.011765027993533295,slack_plugin,none,0.0
2-2-8,none,mixture,0.4,500,800165,0.011765027993533295,gm_battery,none,0.0
2-2-8,none,mixture,0.4,500,800165,0.011765027993533295,gtest,none,117.9187802276542
2-2-8,none,mixture,0.4,500,800166,0.008596088002377655,kl_plugin,none,2.4311334023264454e-15
2-2-8,none,mixture,0.4,500,800166,0.008596088002377655,kl_split,none,0.16526871964181597
2-2-8,none,mixture,0.4,500,800166,0.008596088002377655,kl_crossfit,none,0.5195676449072129
2-2-8,none,mixture,0.4,500,800166,0.008596088002377655,cf1_margin,none,0.0
2-2-8,none,mixture,0.4,500,800166,0.008596088002377655,slack_plugin,none,0.0
2-2-8,none,mixture,0.4,500,800166,0.008596088002377655,gm_battery,none,0.0
2-2-8,none,mixture,0.4,500,800166,0.008596088002377655,gtest,none,147.91329095663403
2-2-8,none,mixture,0.4,500,800167,0.01101226000173483,kl_plugin,none,1.2032179209669664e-13
2-2-8,none,mixture,0.4,500,800167,0.01101226000173483,kl_split,none,4.336778528360099
2-2-8,none,mixture,0.4,500,800167,0.01101226000173483,kl_crossfit,none,4.028279059823542
2-2-8,none,mixture,0.4,500,800167,0.01101226000173483,cf1_margin,none,0.0
2-2-8,none,mixture,0.4,500,800167,0.01101226000173483,slack_plugin,none,0.0
2-2-8,none,mixture,0.4,500,800167,0.01101226000173483,gm_battery,none,0.0
2-2-8,none,mixture,0.4,500,800167,0.01101226000173483,gtest,none,123.12836273918222
2-2-8,none,mixture,0.4,500,800168,0.011559984006453305,kl_plugin,none,0.0009806099786281372
2-2-8,none,mixture,0.4,500,800168,0.011559984006453305,kl_split,none,2.5480370430006287
2-2-8,none,mixture,0.4,500,800168,0.011559984006453305,kl_crossfit,none,1.3576008384202891
2-2-8,none,mixture,0.4,500,800168,0.011559984006453305,cf1_margin,none,0.03129251700680258
2-2-8,none,mixture,0.4,500,800168,0.011559984006453305,slack_plugin,none,0.06258503401360543
2-2-8,none,mixture,0.4,500,800168,0.011559984006453305,gm_battery,none,0.0
2-2-8,none,mixture,0.4,500,800168,0.011559984006453305,gtest,none,171.6031650568648
2-2-8,none,mixture,0.4,500,800169,0.015283339998859446,kl_plugin,none,0.0031554783004015584
2-2-8,none,mixture,0.4,500,800169,0.015283339998859446,kl_split,none,4.181881923511493
2-2-8,none,mixture,0.4,500,800169,0.015283339998859446,kl_crossfit,none,2.9649089519018155
2-2-8,none,mixture,0.4,500,800169,0.015283339998859446,cf1_margin,none,0.055991400747621656
2-2-8,none,mixture,0.4,500,800169,0.015283339998859446,slack_plugin,none,0.11198280149524312
2-2-8,none,mixture,0.4,500,800169,0.015283339998859446,gm_battery,none,0.0
2-2-8,none,mixture,0.4,500,800169,0.015283339998859446,gtest,none,166.38077961589622
2-2-8,none,mixture,0.4,500,800170,0.019184441000106744,kl_plugin,none,7.931894243167446e-07
2-2-8,none,mixture,0.4,500,800170,0.019184441000106744,kl_split,none,9.411889123212042
2-2-8,none,mixture,0.4,500,800170,0.019184441000106744,kl_crossfit,none,4.875828320194709
2-2-8,none,mixture,0.4,500,800170,0.019184441000106744,cf1_margin,none,2.220446049250313e-16
2-2-8,none,mixture,0.4,500,800170,0.019184441000106744,slack_plugin,none,0.0
2-2-8,none,mixture,0.4,500,800170,0.019184441000106744,gm_battery,none,0.0
2-2-8,none,mixture,0.4,500,800170,0.019184441000106744,gtest,none,164.10587246287497
2-2-8,none,mixture,0.4,500,800171,0.02029883800423704,kl_plugin,none,4.4722310135815176e-14
2-2-8,none,mixture,0.4,500,800171,0.02029883800423704,kl_split,none,1.7995150343921962
2-2-8,none,mixture,0.4,500,800171,0.02029883800423704,kl_crossfit,none,1.3946601927999454
2-2-8,none,mixture,0.4,500,800171,0.02029883800423704,cf1_margin,none,1.1102230246251565e-16
2-2-8,none,mixture,0.4,500,800171,0.02029883800423704,slack_plugin,none,0.0
2-2-8,none,mixture,0.4,500,800171,0.02029883800423704,gm_battery,none,0.0
2-2-8,none,mixture,0.4,500,800171,0.02029883800423704,gtest,none,165.47887036035988
2-2-8,none,mixture,0.4,500,800172,0.015374350994534325,kl_plugin,none,0.00023322063525011393
2-2-8,none,mixture,0.4,500,800172,0.015374350994534325,kl_split,none,2.8570941382414308
2-2-8,none,mixture,0.4,500,800172,0.015374350994534325,kl_crossfit,none,6.39592151067411
2-2-8,none,mixture,0.4,500,800172,0.015374350994534325,cf1_margin,none,0.015254536978990707
2-2-8,none,mixture,0.4,500,800172,0.015374350994534325,slack_plugin,none,0.030509073957981643
2-2-8,none,mixture,0.4,500,800172,0.015374350994534325,gm_battery,none,0.0
2-2-8,none,mixture,0.4,500,800172,0.015374350994534325,gtest,none,162.51077873075715
2-2-8,none,mixture,0.4,500,800173,0.0217590440006461,kl_plugin,none,0.0016029951677082746
2-2-8,none,mixture,0.4,500,800173,0.0217590440006461,kl_split,none,14.000990702617159
2-2-8,none,mixture,0.4,500,800173,0.0217590440006461,kl_crossfit,none,8.456097191579838
2-2-8,none,mixture,0.4,500,800173,0.0217590440006461,cf1_margin,none,0.0399999999999997
2-2-8,none,mixture,0.4,500,800173,0.0217590440006461,slack_plugin,none,0.08
2-2-8,none,mixture,0.4,500,800173,0.0217590440006461,gm_battery,none,0.0
2-2-8,none,mixture,0.4,500,800173,0.0217590440006461,gtest,none,137.5992324483369
2-2-8,none,mixture,0.4,500,800174,0.019385674000659492,kl_plugin,none,1.0508915484579422e-06
2-2-8,none,mixture,0.4,500,800174,0.019385674000659492,kl_split,none,3.3806641576178373
2-2-8,none,mixture,0.4,500,800174,0.019385674000659492,kl_crossfit,none,1.7942029911105168
2-2-8,none,mixture,0.4,500,800174,0.019385674000659492,cf1_margin,none,0.0
2-2-8,none,mixture,0.4,500,800174,0.019385674000659492,slack_plugin,none,0.0
2-2-8,none,mixture,0.4,500,800174,0.019385674000659492,gm_battery,none,0.0
2-2-8,none,mixture,0.4,500,800174,0.019385674000659492,gtest,none,138.76603105747563
2-2-8,none,mixture,0.4,500,800175,0.012298152003495488,kl_plugin,none,8.5217425589438e-12
2-2-8,none,mixture,0.4,500,800175,0.012298152003495488,kl_split,none,0.19226507398593198
2-2-8,none,mixture,0.4,500,800175,0.012298152003495488,kl_crossfit,none,0.19399700358869376
2-2-8,none,mixture,0.4,500,800175,0.012298152003495488,cf1_margin,none,1.1102230246251565e-16
2-2-8,none,mixture,0.4,500,800175,0.012298152003495488,slack_plugin,none,0.0
2-2-8,none,mixture,0.4,500,800175,0.012298152003495488,gm_battery,none,0.0
2-2-8,none,mixture,0.4,500,800175,0.012298152003495488,gtest,none,132.3701753488042
2-2-8,none,mixture,0.4,500,800176,0.008511899002769496,kl_plugin,none,6.0533687652835405e-15
2-2-8,none,mixture,0.4,500,800176,0.008511899002769496,kl_split,none,3.6340079917078087
2-2-8,none,mixture,0.4,500,800176,0.008511899002769496,kl_crossfit,none,6.761932120998937
2-2-8,none,mixture,0.4,500,800176,0.008511899002769496,cf1_margin,none,1.1102230246251565e-16
2-2-8,none,mixture,0.4,500,800176,0.008511899002769496,slack_plugin,none,0.0
2-2-8,none,mixture,0.4,500,800176,0.008511899002769496,gm_battery,none,0.0
2-2-8,none,mixture,0.4,500,800176,0.008511899002769496,gtest,none,174.43480465136668
2-2-8,none,mixture,0.4,500,800177,0.012473652001062874,kl_plugin,none,4.661341341059843e-06
2-2-8,none,mixture,0.4,500,800177,0.012473652001062874,kl_split,none,2.5208980470465705
2-2-8,none,mixture,0.4,500,800177,0.012473652001062874,kl_crossfit,none,4.327845298489872
2-2-8,none,mixture,0.4,500,800177,0.012473652001062874,cf1_margin,none,0.0001280327763906186
2-2-8,none,mixture,0.4,500,800177,0.012473652001062874,slack_plugin,none,0.00025606555278138293
2-2-8,none,mixture,0.4,500,800177,0.012473652001062874,gm_battery,none,0.0
2-2-8,none,mixture,0.4,500,800177,0.012473652001062874,gtest,none,189.98108176141835
2-2-8,none,mixture,0.4,500,800178,0.01300974300102098,kl_plugin,none,2.0566112693271436e-14
2-2-8,none,mixture,0.4,500,800178,0.01300974300102098,kl_split,none,0.23027350587360967
2-2-8,none,mixture,0.4,500,800178,0.01300974300102098,kl_crossfit,none,0.23020636729754404
2-2-8,none,mixture,0.4,500,800178,0.01300974300102098,cf1_margin,none,0.0
2-2-8,none,mixture,0.4,500,800178,0.01300974300102098,slack_plugin,none,0.0
2-2-8,none,mixture,0.4,500,800178,0.01300974300102098,gm_battery,none,0.0
2-2-8,none,mixture,0.4,500,800178,0.01300974300102098,gtest,none,139.30228151837306
2-2-8,none,mixture,0.4,500,800179,0.010731944006693084,kl_plugin,none,5.5218883170264404e-06
2-2-8,none,mixture,0.4,500,800179,0.010731944006693084,kl_split,none,4.015995860200807
2-2-8,none,mixture,0.4,500,800179,0.010731944006693084,kl_crossfit,none,4.676033696615207
2-2-8,none,mixture,0.4,500,800179,0.010731944006693084,cf1_margin,none,0.0
2-2-8,none,mixture,0.4,500,800179,0.010731944006693084,slack_plugin,none,0.0
2-2-8,none,mixture,0.4,500,800179,0.010731944006693084,gm_battery,none,0.0
2-2-8,none,mixture,0.4,500,800179,0.010731944006693084,gtest,none,145.4947461800133
2-2-8,none,mixture,0.4,500,800180,0.014057387998036575,kl_plugin,none,1.0861843767540541e-13
2-2-8,none,mixture,0.4,500,800180,0.014057387998036575,kl_split,none,3.5706208747863233
2-2-8,none,mixture,0.4,500,800180,0.014057387998036575,kl_crossfit,none,3.3783770819868684
2-2-8,none,mixture,0.4,500,800180,0.014057387998036575,cf1_margin,none,0.0
2-2-8,none,mixture,0.4,500,800180,0.014057387998036575,slack_plugin,none,0.0
2-2-8,none,mixture,0.4,500,800180,0.014057387998036575,gm_battery,none,0.0
2-2-8,none,mixture,0.4,500,800180,0.014057387998036575,gtest,none,175.4110326176157
2-2-8,none,mixture,0.4,500,800181,0.01045545899978606,kl_plugin,none,8.447219710515664e-14
2-2-8,none,mixture,0.4,500,800181,0.01045545899978606,kl_split,none,7.690264029437328
2-2-8,none,mixture,0.4,500,800181,0.01045545899978606,kl_crossfit,none,5.401633935306897
2-2-8,none,mixture,0.4,500,800181,0.01045545899978606,cf1_margin,none,0.0
2-2-8,none,mixture,0.4,500,800181,0.01045545899978606,slack_plugin,none,0.0
2-2-8,none,mixture,0.4,500,800181,0.01045545899978606,gm_battery,none,0.0
2-2-8,none,mixture,0.4,500,800181,0.01045545899978606,gtest,none,136.2613059648222
2-2-8,none,mixture,0.4,500,800182,0.01159602300322149,kl_plugin,none,0.0009376036505400411
2-2-8,none,mixture,0.4,500,800182,0.01159602300322149,kl_split,none,3.796418436880187
2-2-8,none,mixture,0.4,500,800182,0.01159602300322149,kl_crossfit,none,1.9976427646419652
2-2-8,none,mixture,0.4,500,800182,0.01159602300322149,cf1_margin,none,0.03057868476360104
2-2-8,none,mixture,0.4,500,800182,0.01159602300322149,slack_plugin,none,0.061157369527201494
2-2-8,none,mixture,0.4,500,800182,0.01159602300322149,gm_battery,none,0.0
2-2-8,none,mixture,0.4,500,800182,0.01159602300322149,gtest,none,178.38811338527591
2-2-8,none,mixture,0.4,500,800183,0.010414855998533312,kl_plugin,none,1.9164988077183557e-08
2-2-8,none,mixture,0.4,500,800183,0.010414855998533312,kl_split,none,1.9140425625601545
2-2-8,none,mixture,0.4,500,800183,0.010414855998533312,kl_crossfit,none,1.8314978199932685
2-2-8,none,mixture,0.4,500,800183,0.010414855998533312,cf1_margin,none,0.0
2-2-8,none,mixture,0.4,500,800183,0.010414855998533312,slack_plugin,none,0.0
2-2-8,none,mixture,0.4,500,800183,0.010414855998533312,gm_battery,none,0.0
2-2-8,none,mixture,0.4,500,800183,0.010414855998533312,gtest,none,144.96492949250018
2-2-8,none,mixture,0.4,500,800184,0.010452157999679912,kl_plugin,none,8.458137367650498e-13
2-2-8,none,mixture,0.4,500,800184,0.010452157999679912,kl_split,none,5.714467958164447
2-2-8,none,mixture,0.4,500,800184,0.010452157999679912,kl_crossfit,none,2.9886510990413466
2-2-8,none,mixture,0.4,500,800184,0.010452157999679912,cf1_margin,none,0.0
2-2-8,none,mixture,0.4,500,800184,0.010452157999679912,slack_plugin,none,0.0
2-2-8,none,mixture,0.4,500,800184,0.010452157999679912,gm_battery,none,0.0
2-2-8,none,mixture,0.4,500,800184,0.010452157999679912,gtest,none,172.97490558176315
2-2-8,none,mixture,0.4,500,800185,0.009081174997845665,kl_plugin,none,4.699348161337965e-14
2-2-8,none,mixture,0.4,500,800185,0.009081174997845665,kl_split,none,0.23428218677130747
2-2-8,none,mixture,0.4,500,800185,0.009081174997845665,kl_crossfit,none,2.6048766108527976
2-2-8,none,mixture,0.4,500,800185,0.009081174997845665,cf1_margin,none,2.220446049250313e-16
2-2-8,none,mixture,0.4,500,800185,0.009081174997845665,slack_plugin,none,0.0
2-2-8,none,mixture,0.4,500,800185,0.009081174997845665,gm_battery,none,0.0
2-2-8,none,mixture,0.4,500,800185,0.009081174997845665,gtest,none,163.26398742223142
2-2-8,none,mixture,0.4,500,800186,0.009574220006470568,kl_plugin,none,2.7887475182511214e-14
2-2-8,none,mixture,0.4,500,800186,0.009574220006470568,kl_split,none,0.3266073024998586
2-2-8,none,mixture,0.4,500,800186,0.009574220006470568,kl_crossfit,none,1.3652096614963218
2-2-8,none,mixture,0.4,500,800186,0.009574220006470568,cf1_margin,none,2.220446049250313e-16
2-2-8,none,mixture,0.4,500,800186,0.009574220006470568,slack_plugin,none,0.0
2-2-8,none,mixture,0.4,500,800186,0.009574220006470568,gm_battery,none,0.0
2-2-8,none,mixture,0.4,500,800186,0.009574220006470568,gtest,none,157.92455131968956
2-2-8,none,mixture,0.4,500,800187,0.01029740500234766,kl_plugin,none,8.144355562145738e-14
2-2-8,none,mixture,0.4,500,800187,0.01029740500234766,kl_split,none,1.966000396732139
2-2-8,none,mixture,0.4,500,800187,0.01029740500234766,kl_crossfit,none,2.2594982282965663
2-2-8,none,mixture,0.4,500,800187,0.01029740500234766,cf1_margin,none,0.0
2-2-8,none,mixture,0.4,500,800187,0.01029740500234766,slack_plugin,none,0.0
2-2-8,none,mixture,0.4,500,800187,0.01029740500234766,gm_battery,none,0.0
2-2-8,none,mixture,0.4,500,800187,0.01029740500234766,gtest,none,168.76278724570147
2-2-8,none,mixture,0.4,500,800188,0.012301699003728572,kl_plugin,none,4.98135264924769e-05
2-2-8,none,mixture,0.4,500,800188,0.012301699003728572,kl_split,none,2.487604718562642
2-2-8,none,mixture,0.4,500,800188,0.012301699003728572,kl_crossfit,none,3.396884350369029
2-2-8,none,mixture,0.4,500,800188,0.012301699003728572,cf1_margin,none,0.006016866428765533
2-2-8,none,mixture,0.4,500,800188,0.012301699003728572,slack_plugin,none,0.012033732857531537
2-2-8,none,mixture,0.4,500,800188,0.012301699003728572,gm_battery,none,0.0
2-2-8,none,mixture,0.4,500,800188,0.012301699003728572,gtest,none,160.21551821864963
2-2-8,none,mixture,0.4,500,800189,0.011859120000735857,kl_plugin,none,0.003691808279971194
2-2-8,none,mixture,0.4,500,800189,0.011859120000735857,kl_split,none,0.22584596295328477
2-2-8,none,mixture,0.4,500,800189,0.011859120000735857,kl_crossfit,none,0.9412955934751592
2-2-8,none,mixture,0.4,500,800189,0.011859120000735857,cf1_margin,none,0.060606060606060774
2-2-8,none,mixture,0.4,500,800189,0.011859120000735857,slack_plugin,none,0.12121212121212131
2-2-8,none,mixture,0.4,500,800189,0.011859120000735857,gm_battery,none,0.0
2-2-8,none,mixture,0.4,500,800189,0.011859120000735857,gtest,none,188.4820393551576
2-2-8,none,mixture,0.4,500,800190,0.010572832994512282,kl_plugin,none,8.84166565406192e-06
2-2-8,none,mixture,0.4,500,800190,0.010572832994512282,kl_split,none,5.050045441134156
2-2-8,none,mixture,0.4,500,800190,0.010572832994512282,kl_crossfit,none,2.6622049827105005
2-2-8,none,mixture,0.4,500,800190,0.010572832994512282,cf1_margin,none,0.0002560163850486852
2-2-8,none,mixture,0.4,500,800190,0.010572832994512282,slack_plugin,none,0.0005120327700974918
2-2-8,none,mixture,0.4,500,800190,0.010572832994512282,gm_battery,none,0.0
2-2-8,none,mixture,0.4,500,800190,0.010572832994512282,gtest,none,171.6672909478325
2-2-8,none,mixture,0.4,500,800191,0.010229092004010454,kl_plugin,none,1.7800843357442664e-11
2-2-8,none,mixture,0.4,500,800191,0.010229092004010454,kl_split,none,4.353737138975637
2-2-8,none,mixture,0.4,500,800191,0.010229092004010454,kl_crossfit,none,4.208717341601009
2-2-8,none,mixture,0.4,500,800191,0.010229092004010454,cf1_margin,none,2.220446049250313e-16
2-2-8,none,mixture,0.4,500,800191,0.010229092004010454,slack_plugin,none,0.0
2-2-8,none,mixture,0.4,500,800191,0.010229092004010454,gm_battery,none,0.0
2-2-8,none,mixture,0.4,500,800191,0.010229092004010454,gtest,none,151.89159162377356
2-2-8,none,mixture,0.4,500,800192,0.00991951900505228,kl_plugin,none,1.306239863239406e-13
2-2-8,none,mixture,0.4,500,800192,0.00991951900505228,kl_split,none,0.23166631329894713
2-2-8,none,mixture,0.4,500,800192,0.00991951900505228,kl_crossfit,none,0.2174574867746364
2-2-8,none,mixture,0.4,500,800192,0.00991951900505228,cf1_margin,none,1.1102230246251565e-16
2-2-8,none,mixture,0.4,500,800192,0.00991951900505228,slack_plugin,none,0.0
2-2-8,none,mixture,0.4,500,800192,0.00991951900505228,gm_battery,none,0.0
2-2-8,none,mixture,0.4,500,800192,0.00991951900505228,gtest,none,110.62831284674563
2-2-8,none,mixture,0.4,500,800193,0.01271720600198023,kl_plugin,none,7.714982338896583e-05
2-2-8,none,mixture,0.4,500,800193,0.01271720600198023,kl_split,none,2.8547446526551683
2-2-8,none,mixture,0.4,500,800193,0.01271720600198023,kl_crossfit,none,2.0028336689020723
2-2-8,none,mixture,0.4,500,800193,0.01271720600198023,cf1_margin,none,0.008304132866125968
2-2-8,none,mixture,0.4,500,800193,0.01271720600198023,slack_plugin,none,0.016608265732252
2-2-8,none,mixture,0.4,500,800193,0.01271720600198023,gm_battery,none,0.0
2-2-8,none,mixture,0.4,500,800193,0.01271720600198023,gtest,none,164.17778939279893
2-2-8,none,mixture,0.4,500,800194,0.010266329001751728,kl_plugin,none,2.1520591002047672e-08
2-2-8,none,mixture,0.4,500,800194,0.010266329001751728,kl_split,none,3.4750805720871263
2-2-8,none,mixture,0.4,500,800194,0.010266329001751728,kl_crossfit,none,2.8135732167687206
2-2-8,none,mixture,0.4,500,800194,0.010266329001751728,cf1_margin,none,0.0
2-2-8,none,mixture,0.4,500,800194,0.010266329001751728,slack_plugin,none,0.0
2-2-8,none,mixture,0.4,500,800194,0.010266329001751728,gm_battery,none,0.0
2-2-8,none,mixture,0.4,500,800194,0.010266329001751728,gtest,none,214.084750018787
2-2-8,none,mixture,0.4,500,800195,0.008378040001844056,kl_plugin,none,1.4002211819246316e-15
2-2-8,none,mixture,0.4,500,800195,0.008378040001844056,kl_split,none,0.9774482001417828
2-2-8,none,mixture,0.4,500,800195,0.008378040001844056,kl_crossfit,none,0.5864805281192089
2-2-8,none,mixture,0.4,500,800195,0.008378040001844056,cf1_margin,none,0.0
2-2-8,none,mixture,0.4,500,800195,0.008378040001844056,slack_plugin,none,0.0
2-2-8,none,mixture,0.4,500,800195,0.008378040001844056,gm_battery,none,0.0
2-2-8,none,mixture,0.4,500,800195,0.008378040001844056,gtest,none,166.2258878896567
2-2-8,none,mixture,0.4,500,800196,0.01282088099833345,kl_plugin,none,1.5834261117280184e-13
2-2-8,none,mixture,0.4,500,800196,0.01282088099833345,kl_split,none,0.159230266989189
2-2-8,none,mixture,0.4,500,800196,0.01282088099833345,kl_crossfit,none,0.1604887120861958
2-2-8,none,mixture,0.4,500,800196,0.01282088099833345,cf1_margin,none,0.0
2-2-8,none,mixture,0.4,500,800196,0.01282088099833345,slack_plugin,none,0.0
2-2-8,none,mixture,0.4,500,800196,0.01282088099833345,gm_battery,none,0.0
2-2-8,none,mixture,0.4,500,800196,0.01282088099833345,gtest,none,125.38574522642146
2-2-8,none,mixture,0.4,500,800197,0.012000310998701025,kl_plugin,none,1.0746871251489633e-13
2-2-8,none,mixture,0.4,500,800197,0.012000310998701025,kl_split,none,5.061207398551439
2-2-8,none,mixture,0.4,500,800197,0.012000310998701025,kl_crossfit,none,4.9785595647052325
2-2-8,none,mixture,0.4,500,800197,0.012000310998701025,cf1_margin,none,0.0
2-2-8,none,mixture,0.4,500,800197,0.012000310998701025,slack_plugin,none,0.0
2-2-8,none,mixture,0.4,500,800197,0.012000310998701025,gm_battery,none,0.0
2-2-8,none,mixture,0.4,500,800197,0.012000310998701025,gtest,none,158.64945678012376
2-2-8,none,mixture,0.4,500,800198,0.011234826997679193,kl_plugin,none,8.323072422100695e-14
2-2-8,none,mixture,0.4,500,800198,0.011234826997679193,kl_split,none,10.025934537153717
2-2-8,none,mixture,0.4,500,800198,0.011234826997679193,kl_crossfit,none,6.178333129402272
2-2-8,none,mixture,0.4,500,800198,0.011234826997679193,cf1_margin,none,1.1102230246251565e-16
2-2-8,none,mixture,0.4,500,800198,0.011234826997679193,slack_plugin,none,0.0
2-2-8,none,mixture,0.4,500,800198,0.011234826997679193,gm_battery,none,0.0
2-2-8,none,mixture,0.4,500,800198,0.011234826997679193,gtest,none,146.89648194921202
2-2-8,none,mixture,0.4,500,800199,0.012232811997819226,kl_plugin,none,2.6080785531581064e-11
2-2-8,none,mixture,0.4,500,800199,0.012232811997819226,kl_split,none,0.9386441406519318
2-2-8,none,mixture,0.4,500,800199,0.012232811997819226,kl_crossfit,none,2.2014632991157628
2-2-8,none,mixture,0.4,500,800199,0.012232811997819226,cf1_margin,none,0.0
2-2-8,none,mixture,0.4,500,800199,0.012232811997819226,slack_plugin,none,0.0
2-2-8,none,mixture,0.4,500,800199,0.012232811997819226,gm_battery,none,0.0
2-2-8,none,mixture,0.4,500,800199,0.012232811997819226,gtest,none,208.81348799750552
