cell,tail,family,rho,n,seed,dt_stats_s,stat,engine,stat_obs
2-2-5,t3,mixture,0.6,500,800000,0.012245598001754843,kl_plugin,none,0.07391439215754043
2-2-5,t3,mixture,0.6,500,800000,0.012245598001754843,kl_split,none,1.1381495259439292
2-2-5,t3,mixture,0.6,500,800000,0.012245598001754843,kl_crossfit,none,1.4623179181306614
2-2-5,t3,mixture,0.6,500,800000,0.012245598001754843,cf1_margin,none,0.269978020567615
2-2-5,t3,mixture,0.6,500,800000,0.012245598001754843,slack_plugin,none,0.5399560411352295
2-2-5,t3,mixture,0.6,500,800000,0.012245598001754843,gm_battery,none,0.0
2-2-5,t3,mixture,0.6,500,800000,0.012245598001754843,gtest,none,330.1877076193057
2-2-5,t3,mixture,0.6,500,800001,0.00965109500248218,kl_plugin,none,0.04363843711696011
2-2-5,t3,mixture,0.6,500,800001,0.00965109500248218,kl_split,none,1.1255906560247861
2-2-5,t3,mixture,0.6,500,800001,0.00965109500248218,kl_crossfit,none,0.6980211068811897
2-2-5,t3,mixture,0.6,500,800001,0.00965109500248218,cf1_margin,none,0.2073717948717947
2-2-5,t3,mixture,0.6,500,800001,0.00965109500248218,slack_plugin,none,0.4147435897435897
2-2-5,t3,mixture,0.6,500,800001,0.00965109500248218,gm_battery,none,0.0
2-2-5,t3,mixture,0.6,500,800001,0.00965109500248218,gtest,none,279.49551033855124
2-2-5,t3,mixture,0.6,500,800002,0.0047807079972699285,kl_plugin,none,0.08485716046027367
2-2-5,t3,mixture,0.6,500,800002,0.0047807079972699285,kl_split,none,2.5848328032534837
2-2-5,t3,mixture,0.6,500,800002,0.0047807079972699285,kl_crossfit,none,1.3561340365831673
2-2-5,t3,mixture,0.6,500,800002,0.0047807079972699285,cf1_margin,none,0.28839823364110806
2-2-5,t3,mixture,0.6,500,800002,0.0047807079972699285,slack_plugin,none,0.576796467282216
2-2-5,t3,mixture,0.6,500,800002,0.0047807079972699285,gm_battery,none,0.0
2-2-5,t3,mixture,0.6,500,800002,0.0047807079972699285,gtest,none,268.96897537205484
2-2-5,t3,mixture,0.6,500,800003,0.005266739004582632,kl_plugin,none,0.05572138259931038
2-2-5,t3,mixture,0.6,500,800003,0.005266739004582632,kl_split,none,1.103681047796039
2-2-5,t3,mixture,0.6,500,800003,0.005266739004582632,kl_crossfit,none,3.3884353529494042
2-2-5,t3,mixture,0.6,500,800003,0.005266739004582632,cf1_margin,none,0.2340548155737705
2-2-5,t3,mixture,0.6,500,800003,0.005266739004582632,slack_plugin,none,0.4681096311475409
2-2-5,t3,mixture,0.6,500,800003,0.005266739004582632,gm_battery,none,0.0
2-2-5,t3,mixture,0.6,500,800003,0.005266739004582632,gtest,none,317.64977339639285
2-2-5,t3,mixture,0.6,500,800004,0.0051038609963143244,kl_plugin,none,0.029170028989368366
2-2-5,t3,mixture,0.6,500,800004,0.0051038609963143244,kl_split,none,0.6114221998320077
2-2-5,t3,mixture,0.6,500,800004,0.0051038609963143244,kl_crossfit,none,2.8824832286149533
2-2-5,t3,mixture,0.6,500,800004,0.0051038609963143244,cf1_margin,none,0.16912141393442637
2-2-5,t3,mixture,0.6,500,800004,0.0051038609963143244,slack_plugin,none,0.3382428278688524
2-2-5,t3,mixture,0.6,500,800004,0.0051038609963143244,gm_battery,none,0.0
2-2-5,t3,mixture,0.6,500,800004,0.0051038609963143244,gtest,none,304.80248217277057
2-2-5,t3,mixture,0.6,500,800005,0.0045575650001410395,kl_plugin,none,0.07979789250198827
2-2-5,t3,mixture,0.6,500,800005,0.0045575650001410395,kl_split,none,0.138519067678954
2-2-5,t3,mixture,0.6,500,800005,0.0045575650001410395,kl_crossfit,none,1.8703168886862143
2-2-5,t3,mixture,0.6,500,800005,0.0045575650001410395,cf1_margin,none,0.27972521828454033
2-2-5,t3,mixture,0.6,500,800005,0.0045575650001410395,slack_plugin,none,0.5594504365690804
2-2-5,t3,mixture,0.6,500,800005,0.0045575650001410395,gm_battery,none,0.0
2-2-5,t3,mixture,0.6,500,800005,0.0045575650001410395,gtest,none,319.1362367848816
2-2-5,t3,mixture,0.6,500,800006,0.004503395997744519,kl_plugin,none,0.07376667424824347
2-2-5,t3,mixture,0.6,500,800006,0.004503395997744519,kl_split,none,0.47117299291369047
2-2-5,t3,mixture,0.6,500,800006,0.004503395997744519,kl_crossfit,none,1.0876231329152202
2-2-5,t3,mixture,0.6,500,800006,0.004503395997744519,cf1_margin,none,0.2679999999999999
2-2-5,t3,mixture,0.6,500,800006,0.004503395997744519,slack_plugin,none,0.5359999999999999
2-2-5,t3,mixture,0.6,500,800006,0.004503395997744519,gm_battery,none,0.0
2-2-5,t3,mixture,0.6,500,800006,0.004503395997744519,gtest,none,317.06890565263495
2-2-5,t3,mixture,0.6,500,800007,0.004839074994379189,kl_plugin,none,0.04745265487026607
2-2-5,t3,mixture,0.6,500,800007,0.004839074994379189,kl_split,none,1.0665346160236424
2-2-5,t3,mixture,0.6,500,800007,0.004839074994379189,kl_crossfit,none,1.3680393901582226
2-2-5,t3,mixture,0.6,500,800007,0.004839074994379189,cf1_margin,none,0.2163074609193747
2-2-5,t3,mixture,0.6,500,800007,0.004839074994379189,slack_plugin,none,0.4326149218387495
2-2-5,t3,mixture,0.6,500,800007,0.004839074994379189,gm_battery,none,0.0
2-2-5,t3,mixture,0.6,500,800007,0.004839074994379189,gtest,none,325.7178537769794
2-2-5,t3,mixture,0.6,500,800008,0.004578674997901544,kl_plugin,none,0.07414309096510241
2-2-5,t3,mixture,0.6,500,800008,0.004578674997901544,kl_split,none,0.1656843832554744
2-2-5,t3,mixture,0.6,500,800008,0.004578674997901544,kl_crossfit,none,0.5404662816863643
2-2-5,t3,mixture,0.6,500,800008,0.004578674997901544,cf1_margin,none,0.26919076346993964
2-2-5,t3,mixture,0.6,500,800008,0.004578674997901544,slack_plugin,none,0.5383815269398792
2-2-5,t3,mixture,0.6,500,800008,0.004578674997901544,gm_battery,none,0.0
2-2-5,t3,mixture,0.6,500,800008,0.004578674997901544,gtest,none,335.6129583236834
2-2-5,t3,mixture,0.6,500,800009,0.0047343019978143275,kl_plugin,none,0.04353743120560766
2-2-5,t3,mixture,0.6,500,800009,0.0047343019978143275,kl_split,none,0.18950564018140387
2-2-5,t3,mixture,0.6,500,800009,0.0047343019978143275,kl_crossfit,none,2.7955277948301824
2-2-5,t3,mixture,0.6,500,800009,0.0047343019978143275,cf1_margin,none,0.2078859355747228
2-2-5,t3,mixture,0.6,500,800009,0.0047343019978143275,slack_plugin,none,0.4157718711494455
2-2-5,t3,mixture,0.6,500,800009,0.0047343019978143275,gm_battery,none,0.0
2-2-5,t3,mixture,0.6,500,800009,0.0047343019978143275,gtest,none,309.8883979258603
2-2-5,t3,mixture,0.6,500,800010,0.004624579996743705,kl_plugin,none,0.06954198988651746
2-2-5,t3,mixture,0.6,500,800010,0.004624579996743705,kl_split,none,2.974355178473936
2-2-5,t3,mixture,0.6,500,800010,0.004624579996743705,kl_crossfit,none,1.7208497957608884
2-2-5,t3,mixture,0.6,500,800010,0.004624579996743705,cf1_margin,none,0.26128288841943537
2-2-5,t3,mixture,0.6,500,800010,0.004624579996743705,slack_plugin,none,0.5225657768388706
2-2-5,t3,mixture,0.6,500,800010,0.004624579996743705,gm_battery,none,0.0
2-2-5,t3,mixture,0.6,500,800010,0.004624579996743705,gtest,none,363.35507996359047
2-2-5,t3,mixture,0.6,500,800011,0.004612495999026578,kl_plugin,none,0.06848184727625727
2-2-5,t3,mixture,0.6,500,800011,0.004612495999026578,kl_split,none,0.5714651965651645
2-2-5,t3,mixture,0.6,500,800011,0.004612495999026578,kl_crossfit,none,4.25285904970536
2-2-5,t3,mixture,0.6,500,800011,0.004612495999026578,cf1_margin,none,0.26010016160258564
2-2-5,t3,mixture,0.6,500,800011,0.004612495999026578,slack_plugin,none,0.5202003232051713
2-2-5,t3,mixture,0.6,500,800011,0.004612495999026578,gm_battery,none,0.0
2-2-5,t3,mixture,0.6,500,800011,0.004612495999026578,gtest,none,322.62237362154264
2-2-5,t3,mixture,0.6,500,800012,0.004653582000173628,kl_plugin,none,0.07196865357745336
2-2-5,t3,mixture,0.6,500,800012,0.004653582000173628,kl_split,none,0.5712785487768889
2-2-5,t3,mixture,0.6,500,800012,0.004653582000173628,kl_crossfit,none,1.1959791196127507
2-2-5,t3,mixture,0.6,500,800012,0.004653582000173628,cf1_margin,none,0.2660644499967968
2-2-5,t3,mixture,0.6,500,800012,0.004653582000173628,slack_plugin,none,0.5321288999935931
2-2-5,t3,mixture,0.6,500,800012,0.004653582000173628,gm_battery,none,0.0
2-2-5,t3,mixture,0.6,500,800012,0.004653582000173628,gtest,none,327.3971909560859
2-2-5,t3,mixture,0.6,500,800013,0.004712195994216017,kl_plugin,none,0.10498257855835297
2-2-5,t3,mixture,0.6,500,800013,0.004712195994216017,kl_split,none,0.6590719621993766
2-2-5,t3,mixture,0.6,500,800013,0.004712195994216017,kl_crossfit,none,2.5763833278896104
2-2-5,t3,mixture,0.6,500,800013,0.004712195994216017,cf1_margin,none,0.317204301075269
2-2-5,t3,mixture,0.6,500,800013,0.004712195994216017,slack_plugin,none,0.6344086021505377
2-2-5,t3,mixture,0.6,500,800013,0.004712195994216017,gm_battery,none,0.0
2-2-5,t3,mixture,0.6,500,800013,0.004712195994216017,gtest,none,331.28168156826166
2-2-5,t3,mixture,0.6,500,800014,0.004579085994919296,kl_plugin,none,0.10237182121425153
2-2-5,t3,mixture,0.6,500,800014,0.004579085994919296,kl_split,none,0.23725848275311212
2-2-5,t3,mixture,0.6,500,800014,0.004579085994919296,kl_crossfit,none,0.19948182841300127
2-2-5,t3,mixture,0.6,500,800014,0.004579085994919296,cf1_margin,none,0.31678509698482815
2-2-5,t3,mixture,0.6,500,800014,0.004579085994919296,slack_plugin,none,0.6335701939696564
2-2-5,t3,mixture,0.6,500,800014,0.004579085994919296,gm_battery,none,0.0
2-2-5,t3,mixture,0.6,500,800014,0.004579085994919296,gtest,none,334.96272885845127
2-2-5,t3,mixture,0.6,500,800015,0.004620973006240092,kl_plugin,none,0.06936899221874576
2-2-5,t3,mixture,0.6,500,800015,0.004620973006240092,kl_split,none,0.22736442008579308
2-2-5,t3,mixture,0.6,500,800015,0.004620973006240092,kl_crossfit,none,4.1189357946624945
2-2-5,t3,mixture,0.6,500,800015,0.004620973006240092,cf1_margin,none,0.2617543521242224
2-2-5,t3,mixture,0.6,500,800015,0.004620973006240092,slack_plugin,none,0.5235087042484446
2-2-5,t3,mixture,0.6,500,800015,0.004620973006240092,gm_battery,none,0.0
2-2-5,t3,mixture,0.6,500,800015,0.004620973006240092,gtest,none,292.03815255129325
2-2-5,t3,mixture,0.6,500,800016,0.004863516995101236,kl_plugin,none,0.08663995840602469
2-2-5,t3,mixture,0.6,500,800016,0.004863516995101236,kl_split,none,0.152666638895891
2-2-5,t3,mixture,0.6,500,800016,0.004863516995101236,kl_crossfit,none,3.1419559241643347
2-2-5,t3,mixture,0.6,500,800016,0.004863516995101236,cf1_margin,none,0.29200000000000004
2-2-5,t3,mixture,0.6,500,800016,0.004863516995101236,slack_plugin,none,0.584
2-2-5,t3,mixture,0.6,500,800016,0.004863516995101236,gm_battery,none,0.0
2-2-5,t3,mixture,0.6,500,800016,0.004863516995101236,gtest,none,326.96471172228934
2-2-5,t3,mixture,0.6,500,800017,0.004374775999167468,kl_plugin,none,0.12929969249165296
2-2-5,t3,mixture,0.6,500,800017,0.004374775999167468,kl_split,none,0.2146247175767621
2-2-5,t3,mixture,0.6,500,800017,0.004374775999167468,kl_crossfit,none,3.38831123146304
2-2-5,t3,mixture,0.6,500,800017,0.004374775999167468,cf1_margin,none,0.35461958698473217
2-2-5,t3,mixture,0.6,500,800017,0.004374775999167468,slack_plugin,none,0.7092391739694643
2-2-5,t3,mixture,0.6,500,800017,0.004374775999167468,gm_battery,none,0.0
2-2-5,t3,mixture,0.6,500,800017,0.004374775999167468,gtest,none,325.6735155995403
2-2-5,t3,mixture,0.6,500,800018,0.004484371995204128,kl_plugin,none,0.08051941804045241
2-2-5,t3,mixture,0.6,500,800018,0.004484371995204128,kl_split,none,0.17326938857578955
2-2-5,t3,mixture,0.6,500,800018,0.004484371995204128,kl_crossfit,none,0.5344039607112216
2-2-5,t3,mixture,0.6,500,800018,0.004484371995204128,cf1_margin,none,0.2794661881798811
2-2-5,t3,mixture,0.6,500,800018,0.004484371995204128,slack_plugin,none,0.5589323763597621
2-2-5,t3,mixture,0.6,500,800018,0.004484371995204128,gm_battery,none,0.0
2-2-5,t3,mixture,0.6,500,800018,0.004484371995204128,gtest,none,367.2695328741598
2-2-5,t3,mixture,0.6,500,800019,0.0045127909979783,kl_plugin,none,0.06987551488890609
2-2-5,t3,mixture,0.6,500,800019,0.0045127909979783,kl_split,none,0.21840863612164566
2-2-5,t3,mixture,0.6,500,800019,0.0045127909979783,kl_crossfit,none,3.1426918566551425
2-2-5,t3,mixture,0.6,500,800019,0.0045127909979783,cf1_margin,none,0.26268522676246076
2-2-5,t3,mixture,0.6,500,800019,0.0045127909979783,slack_plugin,none,0.5253704535249214
2-2-5,t3,mixture,0.6,500,800019,0.0045127909979783,gm_battery,none,0.0
2-2-5,t3,mixture,0.6,500,800019,0.0045127909979783,gtest,none,327.2075329903789
2-2-5,t3,mixture,0.6,500,800020,0.004853557002206799,kl_plugin,none,0.06817322302534147
2-2-5,t3,mixture,0.6,500,800020,0.004853557002206799,kl_split,none,3.573368330777334
2-2-5,t3,mixture,0.6,500,800020,0.004853557002206799,kl_crossfit,none,2.0559752541855696
2-2-5,t3,mixture,0.6,500,800020,0.004853557002206799,cf1_margin,none,0.25741605300733195
2-2-5,t3,mixture,0.6,500,800020,0.004853557002206799,slack_plugin,none,0.5148321060146636
2-2-5,t3,mixture,0.6,500,800020,0.004853557002206799,gm_battery,none,0.0
2-2-5,t3,mixture,0.6,500,800020,0.004853557002206799,gtest,none,320.0847383206216
2-2-5,t3,mixture,0.6,500,800021,0.0054199040023377165,kl_plugin,none,0.058081089992515156
2-2-5,t3,mixture,0.6,500,800021,0.0054199040023377165,kl_split,none,0.15864407767400127
2-2-5,t3,mixture,0.6,500,800021,0.0054199040023377165,kl_crossfit,none,2.052279243291372
2-2-5,t3,mixture,0.6,500,800021,0.0054199040023377165,cf1_margin,none,0.23961558307533548
2-2-5,t3,mixture,0.6,500,800021,0.0054199040023377165,slack_plugin,none,0.47923116615067074
2-2-5,t3,mixture,0.6,500,800021,0.0054199040023377165,gm_battery,none,0.0
2-2-5,t3,mixture,0.6,500,800021,0.0054199040023377165,gtest,none,321.8968817795342
2-2-5,t3,mixture,0.6,500,800022,0.0050835250003729016,kl_plugin,none,0.04600942485559026
2-2-5,t3,mixture,0.6,500,800022,0.0050835250003729016,kl_split,none,0.5706660814754324
2-2-5,t3,mixture,0.6,500,800022,0.0050835250003729016,kl_crossfit,none,0.5695797569015709
2-2-5,t3,mixture,0.6,500,800022,0.0050835250003729016,cf1_margin,none,0.21320450885668296
2-2-5,t3,mixture,0.6,500,800022,0.0050835250003729016,slack_plugin,none,0.4264090177133656
2-2-5,t3,mixture,0.6,500,800022,0.0050835250003729016,gm_battery,none,0.0
2-2-5,t3,mixture,0.6,500,800022,0.0050835250003729016,gtest,none,358.1404188262181
2-2-5,t3,mixture,0.6,500,800023,0.004511888000706676,kl_plugin,none,0.0975851567470316
2-2-5,t3,mixture,0.6,500,800023,0.004511888000706676,kl_split,none,0.5098158292764285
2-2-5,t3,mixture,0.6,500,800023,0.004511888000706676,kl_crossfit,none,1.883426552394445
2-2-5,t3,mixture,0.6,500,800023,0.004511888000706676,cf1_margin,none,0.3094688961496572
2-2-5,t3,mixture,0.6,500,800023,0.004511888000706676,slack_plugin,none,0.6189377922993146
2-2-5,t3,mixture,0.6,500,800023,0.004511888000706676,gm_battery,none,0.0
2-2-5,t3,mixture,0.6,500,800023,0.004511888000706676,gtest,none,332.14517140544507
2-2-5,t3,mixture,0.6,500,800024,0.004520479000348132,kl_plugin,none,0.08202187337645152
2-2-5,t3,mixture,0.6,500,800024,0.004520479000348132,kl_split,none,1.940615089090134
2-2-5,t3,mixture,0.6,500,800024,0.004520479000348132,kl_crossfit,none,1.4312485709206406
2-2-5,t3,mixture,0.6,500,800024,0.004520479000348132,cf1_margin,none,0.28416454663274626
2-2-5,t3,mixture,0.6,500,800024,0.004520479000348132,slack_plugin,none,0.5683290932654923
2-2-5,t3,mixture,0.6,500,800024,0.004520479000348132,gm_battery,none,0.0
2-2-5,t3,mixture,0.6,500,800024,0.004520479000348132,gtest,none,331.49459096342684
2-2-5,t3,mixture,0.6,500,800025,0.004649472997698467,kl_plugin,none,0.07487794533236224
2-2-5,t3,mixture,0.6,500,800025,0.004649472997698467,kl_split,none,1.2198385822306355
2-2-5,t3,mixture,0.6,500,800025,0.004649472997698467,kl_crossfit,none,2.2787261086933484
2-2-5,t3,mixture,0.6,500,800025,0.004649472997698467,cf1_margin,none,0.27188940092165925
2-2-5,t3,mixture,0.6,500,800025,0.004649472997698467,slack_plugin,none,0.5437788018433178
2-2-5,t3,mixture,0.6,500,800025,0.004649472997698467,gm_battery,none,0.0
2-2-5,t3,mixture,0.6,500,800025,0.004649472997698467,gtest,none,278.33394393832015
2-2-5,t3,mixture,0.6,500,800026,0.0047013160001370125,kl_plugin,none,0.053313619209559654
2-2-5,t3,mixture,0.6,500,800026,0.0047013160001370125,kl_split,none,0.1948668764285303
2-2-5,t3,mixture,0.6,500,800026,0.0047013160001370125,kl_crossfit,none,2.317017678392159
2-2-5,t3,mixture,0.6,500,800026,0.0047013160001370125,cf1_margin,none,0.2292810541954654
2-2-5,t3,mixture,0.6,500,800026,0.0047013160001370125,slack_plugin,none,0.4585621083909307
2-2-5,t3,mixture,0.6,500,800026,0.0047013160001370125,gm_battery,none,0.0
2-2-5,t3,mixture,0.6,500,800026,0.0047013160001370125,gtest,none,297.94951015634115
2-2-5,t3,mixture,0.6,500,800027,0.004803363997780252,kl_plugin,none,0.05572076340415135
2-2-5,t3,mixture,0.6,500,800027,0.004803363997780252,kl_split,none,0.6207599139299541
2-2-5,t3,mixture,0.6,500,800027,0.004803363997780252,kl_crossfit,none,1.7815665283177242
2-2-5,t3,mixture,0.6,500,800027,0.004803363997780252,cf1_margin,none,0.23347974937019567
2-2-5,t3,mixture,0.6,500,800027,0.004803363997780252,slack_plugin,none,0.46695949874039144
2-2-5,t3,mixture,0.6,500,800027,0.004803363997780252,gm_battery,none,0.0
2-2-5,t3,mixture,0.6,500,800027,0.004803363997780252,gtest,none,315.04023207692325
2-2-5,t3,mixture,0.6,500,800028,0.004616580001311377,kl_plugin,none,0.06613098102454196
2-2-5,t3,mixture,0.6,500,800028,0.004616580001311377,kl_split,none,0.7258397920637436
2-2-5,t3,mixture,0.6,500,800028,0.004616580001311377,kl_crossfit,none,0.4361339702124928
2-2-5,t3,mixture,0.6,500,800028,0.004616580001311377,cf1_margin,none,0.255702280912365
2-2-5,t3,mixture,0.6,500,800028,0.004616580001311377,slack_plugin,none,0.51140456182473
2-2-5,t3,mixture,0.6,500,800028,0.004616580001311377,gm_battery,none,0.0
2-2-5,t3,mixture,0.6,500,800028,0.004616580001311377,gtest,none,336.6370390436982
2-2-5,t3,mixture,0.6,500,800029,0.0048502889985684305,kl_plugin,none,0.07297446272338955
2-2-5,t3,mixture,0.6,500,800029,0.0048502889985684305,kl_split,none,1.7942131522418172
2-2-5,t3,mixture,0.6,500,800029,0.0048502889985684305,kl_crossfit,none,1.5374412131391804
2-2-5,t3,mixture,0.6,500,800029,0.0048502889985684305,cf1_margin,none,0.2673276920095601
2-2-5,t3,mixture,0.6,500,800029,0.0048502889985684305,slack_plugin,none,0.5346553840191203
2-2-5,t3,mixture,0.6,500,800029,0.0048502889985684305,gm_battery,none,0.0
2-2-5,t3,mixture,0.6,500,800029,0.0048502889985684305,gtest,none,366.2186266827722
2-2-5,t3,mixture,0.6,500,800030,0.004994789000193123,kl_plugin,none,0.03518195500871205
2-2-5,t3,mixture,0.6,500,800030,0.004994789000193123,kl_split,none,1.825661835314267
2-2-5,t3,mixture,0.6,500,800030,0.004994789000193123,kl_crossfit,none,2.878557057439475
2-2-5,t3,mixture,0.6,500,800030,0.004994789000193123,cf1_margin,none,0.1858628659476117
2-2-5,t3,mixture,0.6,500,800030,0.004994789000193123,slack_plugin,none,0.37172573189522357
2-2-5,t3,mixture,0.6,500,800030,0.004994789000193123,gm_battery,none,0.0
2-2-5,t3,mixture,0.6,500,800030,0.004994789000193123,gtest,none,351.87921812038365
2-2-5,t3,mixture,0.6,500,800031,0.004440539996721782,kl_plugin,none,0.10793968901132842
2-2-5,t3,mixture,0.6,500,800031,0.004440539996721782,kl_split,none,0.5346721274551431
2-2-5,t3,mixture,0.6,500,800031,0.004440539996721782,kl_crossfit,none,2.137155775566223
2-2-5,t3,mixture,0.6,500,800031,0.004440539996721782,cf1_margin,none,0.32420296362819934
2-2-5,t3,mixture,0.6,500,800031,0.004440539996721782,slack_plugin,none,0.6484059272563987
2-2-5,t3,mixture,0.6,500,800031,0.004440539996721782,gm_battery,none,0.0
2-2-5,t3,mixture,0.6,500,800031,0.004440539996721782,gtest,none,323.1018750227446
2-2-5,t3,mixture,0.6,500,800032,0.004821120004635304,kl_plugin,none,0.09095692688042555
2-2-5,t3,mixture,0.6,500,800032,0.004821120004635304,kl_split,none,0.2057054148075549
2-2-5,t3,mixture,0.6,500,800032,0.004821120004635304,kl_crossfit,none,1.69130925458258
2-2-5,t3,mixture,0.6,500,800032,0.004821120004635304,cf1_margin,none,0.29738729508196715
2-2-5,t3,mixture,0.6,500,800032,0.004821120004635304,slack_plugin,none,0.5947745901639345
2-2-5,t3,mixture,0.6,500,800032,0.004821120004635304,gm_battery,none,0.0
2-2-5,t3,mixture,0.6,500,800032,0.004821120004635304,gtest,none,312.25350783158433
2-2-5,t3,mixture,0.6,500,800033,0.0046923100017011166,kl_plugin,none,0.09141743163047567
2-2-5,t3,mixture,0.6,500,800033,0.0046923100017011166,kl_split,none,0.1347563349356932
2-2-5,t3,mixture,0.6,500,800033,0.0046923100017011166,kl_crossfit,none,0.8479586962101668
2-2-5,t3,mixture,0.6,500,800033,0.0046923100017011166,cf1_margin,none,0.29908103592314106
2-2-5,t3,mixture,0.6,500,800033,0.0046923100017011166,slack_plugin,none,0.5981620718462825
2-2-5,t3,mixture,0.6,500,800033,0.0046923100017011166,gm_battery,none,0.0
2-2-5,t3,mixture,0.6,500,800033,0.0046923100017011166,gtest,none,367.2372256865932
2-2-5,t3,mixture,0.6,500,800034,0.00510534799832385,kl_plugin,none,0.1180420967489638
2-2-5,t3,mixture,0.6,500,800034,0.00510534799832385,kl_split,none,0.4367119948342928
2-2-5,t3,mixture,0.6,500,800034,0.00510534799832385,kl_crossfit,none,3.0664385384998436
2-2-5,t3,mixture,0.6,500,800034,0.00510534799832385,cf1_margin,none,0.339541730670763
2-2-5,t3,mixture,0.6,500,800034,0.00510534799832385,slack_plugin,none,0.6790834613415259
2-2-5,t3,mixture,0.6,500,800034,0.00510534799832385,gm_battery,none,0.0
2-2-5,t3,mixture,0.6,500,800034,0.00510534799832385,gtest,none,332.088397469025
2-2-5,t3,mixture,0.6,500,800035,0.004712654001195915,kl_plugin,none,0.07846195167032205
2-2-5,t3,mixture,0.6,500,800035,0.004712654001195915,kl_split,none,1.5183568927478852
2-2-5,t3,mixture,0.6,500,800035,0.004712654001195915,kl_crossfit,none,1.656518368416975
2-2-5,t3,mixture,0.6,500,800035,0.004712654001195915,cf1_margin,none,0.2764430777115767
2-2-5,t3,mixture,0.6,500,800035,0.004712654001195915,slack_plugin,none,0.5528861554231532
2-2-5,t3,mixture,0.6,500,800035,0.004712654001195915,gm_battery,none,0.0
2-2-5,t3,mixture,0.6,500,800035,0.004712654001195915,gtest,none,369.1793680822362
2-2-5,t3,mixture,0.6,500,800036,0.005400346002716105,kl_plugin,none,0.01638715426252653
2-2-5,t3,mixture,0.6,500,800036,0.005400346002716105,kl_split,none,0.09902035456058135
2-2-5,t3,mixture,0.6,500,800036,0.005400346002716105,kl_crossfit,none,3.3661579295198782
2-2-5,t3,mixture,0.6,500,800036,0.005400346002716105,cf1_margin,none,0.12739389233954457
2-2-5,t3,mixture,0.6,500,800036,0.005400346002716105,slack_plugin,none,0.25478778467908914
2-2-5,t3,mixture,0.6,500,800036,0.005400346002716105,gm_battery,none,0.0
2-2-5,t3,mixture,0.6,500,800036,0.005400346002716105,gtest,none,360.5893339234001
2-2-5,t3,mixture,0.6,500,800037,0.005208757000218611,kl_plugin,none,0.042051210890771754
2-2-5,t3,mixture,0.6,500,800037,0.005208757000218611,kl_split,none,0.9484933191602067
2-2-5,t3,mixture,0.6,500,800037,0.005208757000218611,kl_crossfit,none,0.7510422098578121
2-2-5,t3,mixture,0.6,500,800037,0.005208757000218611,cf1_margin,none,0.20314900153609827
2-2-5,t3,mixture,0.6,500,800037,0.005208757000218611,slack_plugin,none,0.40629800307219666
2-2-5,t3,mixture,0.6,500,800037,0.005208757000218611,gm_battery,none,0.0
2-2-5,t3,mixture,0.6,500,800037,0.005208757000218611,gtest,none,359.6196848123994
2-2-5,t3,mixture,0.6,500,800038,0.004748043997096829,kl_plugin,none,0.09170803367167182
2-2-5,t3,mixture,0.6,500,800038,0.004748043997096829,kl_split,none,0.15759847067958557
2-2-5,t3,mixture,0.6,500,800038,0.004748043997096829,kl_crossfit,none,1.1109975771532903
2-2-5,t3,mixture,0.6,500,800038,0.004748043997096829,cf1_margin,none,0.30039690160681143
2-2-5,t3,mixture,0.6,500,800038,0.004748043997096829,slack_plugin,none,0.6007938032136226
2-2-5,t3,mixture,0.6,500,800038,0.004748043997096829,gm_battery,none,0.0
2-2-5,t3,mixture,0.6,500,800038,0.004748043997096829,gtest,none,355.3108082183435
2-2-5,t3,mixture,0.6,500,800039,0.004806104996532667,kl_plugin,none,0.05683563147286916
2-2-5,t3,mixture,0.6,500,800039,0.004806104996532667,kl_split,none,1.9687643430355086
2-2-5,t3,mixture,0.6,500,800039,0.004806104996532667,kl_crossfit,none,1.0452837825930332
2-2-5,t3,mixture,0.6,500,800039,0.004806104996532667,cf1_margin,none,0.2370818721877953
2-2-5,t3,mixture,0.6,500,800039,0.004806104996532667,slack_plugin,none,0.4741637443755906
2-2-5,t3,mixture,0.6,500,800039,0.004806104996532667,gm_battery,none,0.0
2-2-5,t3,mixture,0.6,500,800039,0.004806104996532667,gtest,none,333.09969706460924
2-2-5,t3,mixture,0.6,500,800040,0.004823101997317281,kl_plugin,none,0.0734569335606993
2-2-5,t3,mixture,0.6,500,800040,0.004823101997317281,kl_split,none,1.6411441311772204
2-2-5,t3,mixture,0.6,500,800040,0.004823101997317281,kl_crossfit,none,0.9100461260466604
2-2-5,t3,mixture,0.6,500,800040,0.004823101997317281,cf1_margin,none,0.2650641025641026
2-2-5,t3,mixture,0.6,500,800040,0.004823101997317281,slack_plugin,none,0.530128205128205
2-2-5,t3,mixture,0.6,500,800040,0.004823101997317281,gm_battery,none,0.0
2-2-5,t3,mixture,0.6,500,800040,0.004823101997317281,gtest,none,298.0439430138071
2-2-5,t3,mixture,0.6,500,800041,0.006606947994441725,kl_plugin,none,0.08818100868781617
2-2-5,t3,mixture,0.6,500,800041,0.006606947994441725,kl_split,none,0.14576365436795935
2-2-5,t3,mixture,0.6,500,800041,0.006606947994441725,kl_crossfit,none,0.6834218705268507
2-2-5,t3,mixture,0.6,500,800041,0.006606947994441725,cf1_margin,none,0.29319421996767536
2-2-5,t3,mixture,0.6,500,800041,0.006606947994441725,slack_plugin,none,0.5863884399353506
2-2-5,t3,mixture,0.6,500,800041,0.006606947994441725,gm_battery,none,0.0
2-2-5,t3,mixture,0.6,500,800041,0.006606947994441725,gtest,none,373.8506487904888
2-2-5,t3,mixture,0.6,500,800042,0.006925565001438372,kl_plugin,none,0.03703087846867687
2-2-5,t3,mixture,0.6,500,800042,0.006925565001438372,kl_split,none,0.6493054897251109
2-2-5,t3,mixture,0.6,500,800042,0.006925565001438372,kl_crossfit,none,4.668695287116736
2-2-5,t3,mixture,0.6,500,800042,0.006925565001438372,cf1_margin,none,0.1916922683051716
2-2-5,t3,mixture,0.6,500,800042,0.006925565001438372,slack_plugin,none,0.3833845366103432
2-2-5,t3,mixture,0.6,500,800042,0.006925565001438372,gm_battery,none,0.0
2-2-5,t3,mixture,0.6,500,800042,0.006925565001438372,gtest,none,340.2261542095159
2-2-5,t3,mixture,0.6,500,800043,0.00527426599728642,kl_plugin,none,0.06744408936192142
2-2-5,t3,mixture,0.6,500,800043,0.00527426599728642,kl_split,none,0.1847045221092584
2-2-5,t3,mixture,0.6,500,800043,0.00527426599728642,kl_crossfit,none,1.4578017086285298
2-2-5,t3,mixture,0.6,500,800043,0.00527426599728642,cf1_margin,none,0.25777777777777766
2-2-5,t3,mixture,0.6,500,800043,0.00527426599728642,slack_plugin,none,0.5155555555555558
2-2-5,t3,mixture,0.6,500,800043,0.00527426599728642,gm_battery,none,0.0
2-2-5,t3,mixture,0.6,500,800043,0.00527426599728642,gtest,none,317.1784719895765
2-2-5,t3,mixture,0.6,500,800044,0.006281100999331102,kl_plugin,none,0.07561393117082486
2-2-5,t3,mixture,0.6,500,800044,0.006281100999331102,kl_split,none,0.13974134076742756
2-2-5,t3,mixture,0.6,500,800044,0.006281100999331102,kl_crossfit,none,3.8286895872504654
2-2-5,t3,mixture,0.6,500,800044,0.006281100999331102,cf1_margin,none,0.272837846488701
2-2-5,t3,mixture,0.6,500,800044,0.006281100999331102,slack_plugin,none,0.5456756929774023
2-2-5,t3,mixture,0.6,500,800044,0.006281100999331102,gm_battery,none,0.0
2-2-5,t3,mixture,0.6,500,800044,0.006281100999331102,gtest,none,396.8369739122741
2-2-5,t3,mixture,0.6,500,800045,0.004611074000422377,kl_plugin,none,0.0838703069524901
2-2-5,t3,mixture,0.6,500,800045,0.004611074000422377,kl_split,none,2.102173037167443
2-2-5,t3,mixture,0.6,500,800045,0.004611074000422377,kl_crossfit,none,2.9020248212917483
2-2-5,t3,mixture,0.6,500,800045,0.004611074000422377,cf1_margin,none,0.2855033384694403
2-2-5,t3,mixture,0.6,500,800045,0.004611074000422377,slack_plugin,none,0.5710066769388804
2-2-5,t3,mixture,0.6,500,800045,0.004611074000422377,gm_battery,none,0.0
2-2-5,t3,mixture,0.6,500,800045,0.004611074000422377,gtest,none,343.8001125047333
2-2-5,t3,mixture,0.6,500,800046,0.004406547996040899,kl_plugin,none,0.10160401403710068
2-2-5,t3,mixture,0.6,500,800046,0.004406547996040899,kl_split,none,0.1852195965063154
2-2-5,t3,mixture,0.6,500,800046,0.004406547996040899,kl_crossfit,none,3.079068709157762
2-2-5,t3,mixture,0.6,500,800046,0.004406547996040899,cf1_margin,none,0.31600000000000006
2-2-5,t3,mixture,0.6,500,800046,0.004406547996040899,slack_plugin,none,0.6319999999999998
2-2-5,t3,mixture,0.6,500,800046,0.004406547996040899,gm_battery,none,0.0
2-2-5,t3,mixture,0.6,500,800046,0.004406547996040899,gtest,none,296.2664651838904
2-2-5,t3,mixture,0.6,500,800047,0.004634039003576618,kl_plugin,none,0.08415366788349282
2-2-5,t3,mixture,0.6,500,800047,0.004634039003576618,kl_split,none,0.793823310636479
2-2-5,t3,mixture,0.6,500,800047,0.004634039003576618,kl_crossfit,none,2.2064701384381835
2-2-5,t3,mixture,0.6,500,800047,0.004634039003576618,cf1_margin,none,0.2880389518867321
2-2-5,t3,mixture,0.6,500,800047,0.004634039003576618,slack_plugin,none,0.576077903773464
2-2-5,t3,mixture,0.6,500,800047,0.004634039003576618,gm_battery,none,0.0
2-2-5,t3,mixture,0.6,500,800047,0.004634039003576618,gtest,none,332.9725805875377
2-2-5,t3,mixture,0.6,500,800048,0.004450333995919209,kl_plugin,none,0.07894764214897948
2-2-5,t3,mixture,0.6,500,800048,0.004450333995919209,kl_split,none,0.8646892863107376
2-2-5,t3,mixture,0.6,500,800048,0.004450333995919209,kl_crossfit,none,0.4989025759913974
2-2-5,t3,mixture,0.6,500,800048,0.004450333995919209,cf1_margin,none,0.27747182377049184
2-2-5,t3,mixture,0.6,500,800048,0.004450333995919209,slack_plugin,none,0.5549436475409835
2-2-5,t3,mixture,0.6,500,800048,0.004450333995919209,gm_battery,none,0.0
2-2-5,t3,mixture,0.6,500,800048,0.004450333995919209,gtest,none,330.0041561478782
2-2-5,t3,mixture,0.6,500,800049,0.004562894995615352,kl_plugin,none,0.10130750268459524
2-2-5,t3,mixture,0.6,500,800049,0.004562894995615352,kl_split,none,3.1641878151768896
2-2-5,t3,mixture,0.6,500,800049,0.004562894995615352,kl_crossfit,none,2.068300150577336
2-2-5,t3,mixture,0.6,500,800049,0.004562894995615352,cf1_margin,none,0.31420568227290935
2-2-5,t3,mixture,0.6,500,800049,0.004562894995615352,slack_plugin,none,0.6284113645458183
2-2-5,t3,mixture,0.6,500,800049,0.004562894995615352,gm_battery,none,0.0
2-2-5,t3,mixture,0.6,500,800049,0.004562894995615352,gtest,none,292.6334354891339
2-2-5,t3,mixture,0.6,500,800050,0.005622987002425361,kl_plugin,none,0.06231383054432168
2-2-5,t3,mixture,0.6,500,800050,0.005622987002425361,kl_split,none,0.8474459736614186
2-2-5,t3,mixture,0.6,500,800050,0.005622987002425361,kl_crossfit,none,2.3240885620374385
2-2-5,t3,mixture,0.6,500,800050,0.005622987002425361,cf1_margin,none,0.24830667243118598
2-2-5,t3,mixture,0.6,500,800050,0.005622987002425361,slack_plugin,none,0.4966133448623722
2-2-5,t3,mixture,0.6,500,800050,0.005622987002425361,gm_battery,none,0.0
2-2-5,t3,mixture,0.6,500,800050,0.005622987002425361,gtest,none,343.12680526511593
2-2-5,t3,mixture,0.6,500,800051,0.004986231004295405,kl_plugin,none,0.0570877824777911
2-2-5,t3,mixture,0.6,500,800051,0.004986231004295405,kl_split,none,0.5268563666448862
2-2-5,t3,mixture,0.6,500,800051,0.004986231004295405,kl_crossfit,none,3.397068775908175
2-2-5,t3,mixture,0.6,500,800051,0.004986231004295405,cf1_margin,none,0.2371487100697779
2-2-5,t3,mixture,0.6,500,800051,0.004986231004295405,slack_plugin,none,0.47429742013955567
2-2-5,t3,mixture,0.6,500,800051,0.004986231004295405,gm_battery,none,0.0
2-2-5,t3,mixture,0.6,500,800051,0.004986231004295405,gtest,none,349.8454904927703
2-2-5,t3,mixture,0.6,500,800052,0.005223692998697516,kl_plugin,none,0.06733363265282898
2-2-5,t3,mixture,0.6,500,800052,0.005223692998697516,kl_split,none,0.7643899514458639
2-2-5,t3,mixture,0.6,500,800052,0.005223692998697516,kl_crossfit,none,2.461379486108752
2-2-5,t3,mixture,0.6,500,800052,0.005223692998697516,cf1_margin,none,0.2577137725319135
2-2-5,t3,mixture,0.6,500,800052,0.005223692998697516,slack_plugin,none,0.5154275450638269
2-2-5,t3,mixture,0.6,500,800052,0.005223692998697516,gm_battery,none,0.0
2-2-5,t3,mixture,0.6,500,800052,0.005223692998697516,gtest,none,332.4494883991384
2-2-5,t3,mixture,0.6,500,800053,0.004702152997197118,kl_plugin,none,0.06837983727605473
2-2-5,t3,mixture,0.6,500,800053,0.004702152997197118,kl_split,none,0.1614283085152843
2-2-5,t3,mixture,0.6,500,800053,0.004702152997197118,kl_crossfit,none,0.9205733878216338
2-2-5,t3,mixture,0.6,500,800053,0.004702152997197118,cf1_margin,none,0.25953661034306197
2-2-5,t3,mixture,0.6,500,800053,0.004702152997197118,slack_plugin,none,0.5190732206861238
2-2-5,t3,mixture,0.6,500,800053,0.004702152997197118,gm_battery,none,0.0
2-2-5,t3,mixture,0.6,500,800053,0.004702152997197118,gtest,none,350.4499214092887
2-2-5,t3,mixture,0.6,500,800054,0.005282561003696173,kl_plugin,none,0.04940345009562837
2-2-5,t3,mixture,0.6,500,800054,0.005282561003696173,kl_split,none,2.0891441000085504
2-2-5,t3,mixture,0.6,500,800054,0.005282561003696173,kl_crossfit,none,2.273202804110007
2-2-5,t3,mixture,0.6,500,800054,0.005282561003696173,cf1_margin,none,0.2194915118641898
2-2-5,t3,mixture,0.6,500,800054,0.005282561003696173,slack_plugin,none,0.4389830237283796
2-2-5,t3,mixture,0.6,500,800054,0.005282561003696173,gm_battery,none,0.0
2-2-5,t3,mixture,0.6,500,800054,0.005282561003696173,gtest,none,348.75030263711534
2-2-5,t3,mixture,0.6,500,800055,0.004440081997017842,kl_plugin,none,0.07539155600436283
2-2-5,t3,mixture,0.6,500,800055,0.004440081997017842,kl_split,none,1.0035115164580666
2-2-5,t3,mixture,0.6,500,800055,0.004440081997017842,kl_crossfit,none,2.2715850475390127
2-2-5,t3,mixture,0.6,500,800055,0.004440081997017842,cf1_margin,none,0.2718904355635384
2-2-5,t3,mixture,0.6,500,800055,0.004440081997017842,slack_plugin,none,0.5437808711270768
2-2-5,t3,mixture,0.6,500,800055,0.004440081997017842,gm_battery,none,0.0
2-2-5,t3,mixture,0.6,500,800055,0.004440081997017842,gtest,none,355.41831183297825
2-2-5,t3,mixture,0.6,500,800056,0.004975657997420058,kl_plugin,none,0.09774851629341395
2-2-5,t3,mixture,0.6,500,800056,0.004975657997420058,kl_split,none,5.566994402902654
2-2-5,t3,mixture,0.6,500,800056,0.004975657997420058,kl_crossfit,none,2.890998477930774
2-2-5,t3,mixture,0.6,500,800056,0.004975657997420058,cf1_margin,none,0.3085118313334081
2-2-5,t3,mixture,0.6,500,800056,0.004975657997420058,slack_plugin,none,0.6170236626668162
2-2-5,t3,mixture,0.6,500,800056,0.004975657997420058,gm_battery,none,0.0
2-2-5,t3,mixture,0.6,500,800056,0.004975657997420058,gtest,none,269.16027427624965
2-2-5,t3,mixture,0.6,500,800057,0.005738403000577819,kl_plugin,none,0.06301008710225872
2-2-5,t3,mixture,0.6,500,800057,0.005738403000577819,kl_split,none,0.14355352342847338
2-2-5,t3,mixture,0.6,500,800057,0.005738403000577819,kl_crossfit,none,1.0438154801620303
2-2-5,t3,mixture,0.6,500,800057,0.005738403000577819,cf1_margin,none,0.24908776646821584
2-2-5,t3,mixture,0.6,500,800057,0.005738403000577819,slack_plugin,none,0.4981755329364318
2-2-5,t3,mixture,0.6,500,800057,0.005738403000577819,gm_battery,none,0.0
2-2-5,t3,mixture,0.6,500,800057,0.005738403000577819,gtest,none,309.22324400448684
2-2-5,t3,mixture,0.6,500,800058,0.004722347999631893,kl_plugin,none,0.0580922533146041
2-2-5,t3,mixture,0.6,500,800058,0.004722347999631893,kl_split,none,0.135520930907083
2-2-5,t3,mixture,0.6,500,800058,0.004722347999631893,kl_crossfit,none,1.5891168485331577
2-2-5,t3,mixture,0.6,500,800058,0.004722347999631893,cf1_margin,none,0.23902641980445183
2-2-5,t3,mixture,0.6,500,800058,0.004722347999631893,slack_plugin,none,0.4780528396089037
2-2-5,t3,mixture,0.6,500,800058,0.004722347999631893,gm_battery,none,0.0
2-2-5,t3,mixture,0.6,500,800058,0.004722347999631893,gtest,none,330.99758387744623
2-2-5,t3,mixture,0.6,500,800059,0.005677638997440226,kl_plugin,none,0.052304274502010806
2-2-5,t3,mixture,0.6,500,800059,0.005677638997440226,kl_split,none,0.13452947421918027
2-2-5,t3,mixture,0.6,500,800059,0.005677638997440226,kl_crossfit,none,2.0753557557242615
2-2-5,t3,mixture,0.6,500,800059,0.005677638997440226,cf1_margin,none,0.22681653954235248
2-2-5,t3,mixture,0.6,500,800059,0.005677638997440226,slack_plugin,none,0.45363307908470507
2-2-5,t3,mixture,0.6,500,800059,0.005677638997440226,gm_battery,none,0.0
2-2-5,t3,mixture,0.6,500,800059,0.005677638997440226,gtest,none,378.1318655296987
2-2-5,t3,mixture,0.6,500,800060,0.004888982999545988,kl_plugin,none,0.09843743132434937
2-2-5,t3,mixture,0.6,500,800060,0.004888982999545988,kl_split,none,0.8525335001849916
2-2-5,t3,mixture,0.6,500,800060,0.004888982999545988,kl_crossfit,none,2.5803670407207013
2-2-5,t3,mixture,0.6,500,800060,0.004888982999545988,cf1_margin,none,0.3104508196721312
2-2-5,t3,mixture,0.6,500,800060,0.004888982999545988,slack_plugin,none,0.6209016393442623
2-2-5,t3,mixture,0.6,500,800060,0.004888982999545988,gm_battery,none,0.0
2-2-5,t3,mixture,0.6,500,800060,0.004888982999545988,gtest,none,297.69699349380426
2-2-5,t3,mixture,0.6,500,800061,0.005103251998662017,kl_plugin,none,0.05789041182985211
2-2-5,t3,mixture,0.6,500,800061,0.005103251998662017,kl_split,none,1.0734238918700545
2-2-5,t3,mixture,0.6,500,800061,0.005103251998662017,kl_crossfit,none,1.0125385309818065
2-2-5,t3,mixture,0.6,500,800061,0.005103251998662017,cf1_margin,none,0.23880886247658428
2-2-5,t3,mixture,0.6,500,800061,0.005103251998662017,slack_plugin,none,0.47761772495316845
2-2-5,t3,mixture,0.6,500,800061,0.005103251998662017,gm_battery,none,0.0
2-2-5,t3,mixture,0.6,500,800061,0.005103251998662017,gtest,none,325.6035764024899
2-2-5,t3,mixture,0.6,500,800062,0.008761283002968412,kl_plugin,none,0.06359249818222554
2-2-5,t3,mixture,0.6,500,800062,0.008761283002968412,kl_split,none,0.6442416435652671
2-2-5,t3,mixture,0.6,500,800062,0.008761283002968412,kl_crossfit,none,2.2395084205789497
2-2-5,t3,mixture,0.6,500,800062,0.008761283002968412,cf1_margin,none,0.24864224034348525
2-2-5,t3,mixture,0.6,500,800062,0.008761283002968412,slack_plugin,none,0.4972844806869702
2-2-5,t3,mixture,0.6,500,800062,0.008761283002968412,gm_battery,none,0.0
2-2-5,t3,mixture,0.6,500,800062,0.008761283002968412,gtest,none,325.8282331250173
2-2-5,t3,mixture,0.6,500,800063,0.004600062995450571,kl_plugin,none,0.07375230452301033
2-2-5,t3,mixture,0.6,500,800063,0.004600062995450571,kl_split,none,0.46468319722599033
2-2-5,t3,mixture,0.6,500,800063,0.004600062995450571,kl_crossfit,none,1.6765207383769314
2-2-5,t3,mixture,0.6,500,800063,0.004600062995450571,cf1_margin,none,0.2682692307692307
2-2-5,t3,mixture,0.6,500,800063,0.004600062995450571,slack_plugin,none,0.5365384615384615
2-2-5,t3,mixture,0.6,500,800063,0.004600062995450571,gm_battery,none,0.0
2-2-5,t3,mixture,0.6,500,800063,0.004600062995450571,gtest,none,290.21702300712536
2-2-5,t3,mixture,0.6,500,800064,0.00600179799948819,kl_plugin,none,0.05159252611602036
2-2-5,t3,mixture,0.6,500,800064,0.00600179799948819,kl_split,none,0.141336701739039
2-2-5,t3,mixture,0.6,500,800064,0.00600179799948819,kl_crossfit,none,4.305675331926598
2-2-5,t3,mixture,0.6,500,800064,0.00600179799948819,cf1_margin,none,0.22533768644773056
2-2-5,t3,mixture,0.6,500,800064,0.00600179799948819,slack_plugin,none,0.45067537289546133
2-2-5,t3,mixture,0.6,500,800064,0.00600179799948819,gm_battery,none,0.0
2-2-5,t3,mixture,0.6,500,800064,0.00600179799948819,gtest,none,317.4672357879561
2-2-5,t3,mixture,0.6,500,800065,0.008105599001282826,kl_plugin,none,0.046253912687176775
2-2-5,t3,mixture,0.6,500,800065,0.008105599001282826,kl_split,none,0.21278982317151013
2-2-5,t3,mixture,0.6,500,800065,0.008105599001282826,kl_crossfit,none,4.314794590308698
2-2-5,t3,mixture,0.6,500,800065,0.008105599001282826,cf1_margin,none,0.21247057693231497
2-2-5,t3,mixture,0.6,500,800065,0.008105599001282826,slack_plugin,none,0.42494115386463
2-2-5,t3,mixture,0.6,500,800065,0.008105599001282826,gm_battery,none,0.0
2-2-5,t3,mixture,0.6,500,800065,0.008105599001282826,gtest,none,338.4430031904518
2-2-5,t3,mixture,0.6,500,800066,0.004560193003271706,kl_plugin,none,0.06992172225600501
2-2-5,t3,mixture,0.6,500,800066,0.004560193003271706,kl_split,none,0.8439295059369227
2-2-5,t3,mixture,0.6,500,800066,0.004560193003271706,kl_crossfit,none,1.281876253048162
2-2-5,t3,mixture,0.6,500,800066,0.004560193003271706,cf1_margin,none,0.2609447004608295
2-2-5,t3,mixture,0.6,500,800066,0.004560193003271706,slack_plugin,none,0.521889400921659
2-2-5,t3,mixture,0.6,500,800066,0.004560193003271706,gm_battery,none,0.0
2-2-5,t3,mixture,0.6,500,800066,0.004560193003271706,gtest,none,335.2274761242556
2-2-5,t3,mixture,0.6,500,800067,0.005481719003000762,kl_plugin,none,0.04280965296967805
2-2-5,t3,mixture,0.6,500,800067,0.005481719003000762,kl_split,none,1.0212788693434756
2-2-5,t3,mixture,0.6,500,800067,0.005481719003000762,kl_crossfit,none,4.544900243040167
2-2-5,t3,mixture,0.6,500,800067,0.005481719003000762,cf1_margin,none,0.20446430001120897
2-2-5,t3,mixture,0.6,500,800067,0.005481719003000762,slack_plugin,none,0.40892860002241754
2-2-5,t3,mixture,0.6,500,800067,0.005481719003000762,gm_battery,none,0.0
2-2-5,t3,mixture,0.6,500,800067,0.005481719003000762,gtest,none,320.3230298298689
2-2-5,t3,mixture,0.6,500,800068,0.006538403002195992,kl_plugin,none,0.06669565305863079
2-2-5,t3,mixture,0.6,500,800068,0.006538403002195992,kl_split,none,0.7724883408753234
2-2-5,t3,mixture,0.6,500,800068,0.006538403002195992,kl_crossfit,none,2.793028916308865
2-2-5,t3,mixture,0.6,500,800068,0.006538403002195992,cf1_margin,none,0.2552140944869268
2-2-5,t3,mixture,0.6,500,800068,0.006538403002195992,slack_plugin,none,0.5104281889738534
2-2-5,t3,mixture,0.6,500,800068,0.006538403002195992,gm_battery,none,0.0
2-2-5,t3,mixture,0.6,500,800068,0.006538403002195992,gtest,none,331.1215139522183
2-2-5,t3,mixture,0.6,500,800069,0.004962212995451409,kl_plugin,none,0.053236808790011546
2-2-5,t3,mixture,0.6,500,800069,0.004962212995451409,kl_split,none,1.367273324854348
2-2-5,t3,mixture,0.6,500,800069,0.004962212995451409,kl_crossfit,none,0.77431503390265
2-2-5,t3,mixture,0.6,500,800069,0.004962212995451409,cf1_margin,none,0.22869639052211665
2-2-5,t3,mixture,0.6,500,800069,0.004962212995451409,slack_plugin,none,0.4573927810442333
2-2-5,t3,mixture,0.6,500,800069,0.004962212995451409,gm_battery,none,0.0
2-2-5,t3,mixture,0.6,500,800069,0.004962212995451409,gtest,none,285.96726118674854
2-2-5,t3,mixture,0.6,500,800070,0.004879589003394358,kl_plugin,none,0.10257828427350717
2-2-5,t3,mixture,0.6,500,800070,0.004879589003394358,kl_split,none,5.854950243898946
2-2-5,t3,mixture,0.6,500,800070,0.004879589003394358,kl_crossfit,none,3.023377114940565
2-2-5,t3,mixture,0.6,500,800070,0.004879589003394358,cf1_margin,none,0.31690491087901695
2-2-5,t3,mixture,0.6,500,800070,0.004879589003394358,slack_plugin,none,0.6338098217580337
2-2-5,t3,mixture,0.6,500,800070,0.004879589003394358,gm_battery,none,0.0
2-2-5,t3,mixture,0.6,500,800070,0.004879589003394358,gtest,none,321.91574620581366
2-2-5,t3,mixture,0.6,500,800071,0.004619655999704264,kl_plugin,none,0.11104274522223496
2-2-5,t3,mixture,0.6,500,800071,0.004619655999704264,kl_split,none,0.20382692945040085
2-2-5,t3,mixture,0.6,500,800071,0.004619655999704264,kl_crossfit,none,1.9884003645918134
2-2-5,t3,mixture,0.6,500,800071,0.004619655999704264,cf1_margin,none,0.32777161595216286
2-2-5,t3,mixture,0.6,500,800071,0.004619655999704264,slack_plugin,none,0.6555432319043257
2-2-5,t3,mixture,0.6,500,800071,0.004619655999704264,gm_battery,none,0.0
2-2-5,t3,mixture,0.6,500,800071,0.004619655999704264,gtest,none,315.7792693751105
2-2-5,t3,mixture,0.6,500,800072,0.0046645580005133525,kl_plugin,none,0.08199896117335403
2-2-5,t3,mixture,0.6,500,800072,0.0046645580005133525,kl_split,none,0.4441012932040951
2-2-5,t3,mixture,0.6,500,800072,0.0046645580005133525,kl_crossfit,none,3.114447712181576
2-2-5,t3,mixture,0.6,500,800072,0.0046645580005133525,cf1_margin,none,0.2842421915002561
2-2-5,t3,mixture,0.6,500,800072,0.0046645580005133525,slack_plugin,none,0.568484383000512
2-2-5,t3,mixture,0.6,500,800072,0.0046645580005133525,gm_battery,none,0.0
2-2-5,t3,mixture,0.6,500,800072,0.0046645580005133525,gtest,none,260.35635439151883
2-2-5,t3,mixture,0.6,500,800073,0.004558332002488896,kl_plugin,none,0.0716351020860147
2-2-5,t3,mixture,0.6,500,800073,0.004558332002488896,kl_split,none,3.111794196957675
2-2-5,t3,mixture,0.6,500,800073,0.004558332002488896,kl_crossfit,none,1.6410538599973379
2-2-5,t3,mixture,0.6,500,800073,0.004558332002488896,cf1_margin,none,0.2651756676652942
2-2-5,t3,mixture,0.6,500,800073,0.004558332002488896,slack_plugin,none,0.5303513353305884
2-2-5,t3,mixture,0.6,500,800073,0.004558332002488896,gm_battery,none,0.0
2-2-5,t3,mixture,0.6,500,800073,0.004558332002488896,gtest,none,284.3257699635293
2-2-5,t3,mixture,0.6,500,800074,0.004634338998585008,kl_plugin,none,0.09167159525267979
2-2-5,t3,mixture,0.6,500,800074,0.004634338998585008,kl_split,none,0.18902286807720056
2-2-5,t3,mixture,0.6,500,800074,0.004634338998585008,kl_crossfit,none,3.351577889772146
2-2-5,t3,mixture,0.6,500,800074,0.004634338998585008,cf1_margin,none,0.29955841027699726
2-2-5,t3,mixture,0.6,500,800074,0.004634338998585008,slack_plugin,none,0.5991168205539943
2-2-5,t3,mixture,0.6,500,800074,0.004634338998585008,gm_battery,none,0.0
2-2-5,t3,mixture,0.6,500,800074,0.004634338998585008,gtest,none,328.7151508198389
2-2-5,t3,mixture,0.6,500,800075,0.004638996004359797,kl_plugin,none,0.14030901464910506
2-2-5,t3,mixture,0.6,500,800075,0.004638996004359797,kl_split,none,1.6326235564580611
2-2-5,t3,mixture,0.6,500,800075,0.004638996004359797,kl_crossfit,none,2.7888988319085204
2-2-5,t3,mixture,0.6,500,800075,0.004638996004359797,cf1_margin,none,0.36730769230769245
2-2-5,t3,mixture,0.6,500,800075,0.004638996004359797,slack_plugin,none,0.7346153846153847
2-2-5,t3,mixture,0.6,500,800075,0.004638996004359797,gm_battery,none,0.0
2-2-5,t3,mixture,0.6,500,800075,0.004638996004359797,gtest,none,320.7519471253182
2-2-5,t3,mixture,0.6,500,800076,0.005402353999670595,kl_plugin,none,0.070766262558198
2-2-5,t3,mixture,0.6,500,800076,0.005402353999670595,kl_split,none,4.405087301262196
2-2-5,t3,mixture,0.6,500,800076,0.005402353999670595,kl_crossfit,none,2.788890985075746
2-2-5,t3,mixture,0.6,500,800076,0.005402353999670595,cf1_margin,none,0.26330397394554883
2-2-5,t3,mixture,0.6,500,800076,0.005402353999670595,slack_plugin,none,0.5266079478910977
2-2-5,t3,mixture,0.6,500,800076,0.005402353999670595,gm_battery,none,0.0
2-2-5,t3,mixture,0.6,500,800076,0.005402353999670595,gtest,none,305.5931786124616
2-2-5,t3,mixture,0.6,500,800077,0.0048451809998368844,kl_plugin,none,0.060806849829330566
2-2-5,t3,mixture,0.6,500,800077,0.0048451809998368844,kl_split,none,0.15249072974771744
2-2-5,t3,mixture,0.6,500,800077,0.0048451809998368844,kl_crossfit,none,0.9812767404611757
2-2-5,t3,mixture,0.6,500,800077,0.0048451809998368844,cf1_margin,none,0.24249726881305844
2-2-5,t3,mixture,0.6,500,800077,0.0048451809998368844,slack_plugin,none,0.48499453762611655
2-2-5,t3,mixture,0.6,500,800077,0.0048451809998368844,gm_battery,none,0.0
2-2-5,t3,mixture,0.6,500,800077,0.0048451809998368844,gtest,none,282.6588806169444
2-2-5,t3,mixture,0.6,500,800078,0.00756690699927276,kl_plugin,none,0.10374277810248449
2-2-5,t3,mixture,0.6,500,800078,0.00756690699927276,kl_split,none,0.46736460964099513
2-2-5,t3,mixture,0.6,500,800078,0.00756690699927276,kl_crossfit,none,3.42156241781222
2-2-5,t3,mixture,0.6,500,800078,0.00756690699927276,cf1_margin,none,0.3191558441558442
2-2-5,t3,mixture,0.6,500,800078,0.00756690699927276,slack_plugin,none,0.6383116883116886
2-2-5,t3,mixture,0.6,500,800078,0.00756690699927276,gm_battery,none,0.0
2-2-5,t3,mixture,0.6,500,800078,0.00756690699927276,gtest,none,336.7819181448959
2-2-5,t3,mixture,0.6,500,800079,0.004437588999280706,kl_plugin,none,0.10388587679587918
2-2-5,t3,mixture,0.6,500,800079,0.004437588999280706,kl_split,none,5.721854021128361
2-2-5,t3,mixture,0.6,500,800079,0.004437588999280706,kl_crossfit,none,2.9648313653791485
2-2-5,t3,mixture,0.6,500,800079,0.004437588999280706,cf1_margin,none,0.3192476990796318
2-2-5,t3,mixture,0.6,500,800079,0.004437588999280706,slack_plugin,none,0.638495398159264
2-2-5,t3,mixture,0.6,500,800079,0.004437588999280706,gm_battery,none,0.0
2-2-5,t3,mixture,0.6,500,800079,0.004437588999280706,gtest,none,308.7518092650573
2-2-5,t3,mixture,0.6,500,800080,0.006244711003091652,kl_plugin,none,0.06764077310339035
2-2-5,t3,mixture,0.6,500,800080,0.006244711003091652,kl_split,none,0.1358226459749392
2-2-5,t3,mixture,0.6,500,800080,0.006244711003091652,kl_crossfit,none,1.1701592788280513
2-2-5,t3,mixture,0.6,500,800080,0.006244711003091652,cf1_margin,none,0.2566171878752942
2-2-5,t3,mixture,0.6,500,800080,0.006244711003091652,slack_plugin,none,0.5132343757505884
2-2-5,t3,mixture,0.6,500,800080,0.006244711003091652,gm_battery,none,0.0
2-2-5,t3,mixture,0.6,500,800080,0.006244711003091652,gtest,none,309.6192815309933
2-2-5,t3,mixture,0.6,500,800081,0.005453633006254677,kl_plugin,none,0.052522111881
2-2-5,t3,mixture,0.6,500,800081,0.005453633006254677,kl_split,none,0.10759131360921007
2-2-5,t3,mixture,0.6,500,800081,0.005453633006254677,kl_crossfit,none,0.7826234311859577
2-2-5,t3,mixture,0.6,500,800081,0.005453633006254677,cf1_margin,none,0.2256897765828052
2-2-5,t3,mixture,0.6,500,800081,0.005453633006254677,slack_plugin,none,0.4513795531656105
2-2-5,t3,mixture,0.6,500,800081,0.005453633006254677,gm_battery,none,0.0
2-2-5,t3,mixture,0.6,500,800081,0.005453633006254677,gtest,none,363.6781756046539
2-2-5,t3,mixture,0.6,500,800082,0.004863395995926112,kl_plugin,none,0.08586896738954741
2-2-5,t3,mixture,0.6,500,800082,0.004863395995926112,kl_split,none,0.14650067165215175
2-2-5,t3,mixture,0.6,500,800082,0.004863395995926112,kl_crossfit,none,0.6594449270566043
2-2-5,t3,mixture,0.6,500,800082,0.004863395995926112,cf1_margin,none,0.2908029945975409
2-2-5,t3,mixture,0.6,500,800082,0.004863395995926112,slack_plugin,none,0.5816059891950818
2-2-5,t3,mixture,0.6,500,800082,0.004863395995926112,gm_battery,none,0.0
2-2-5,t3,mixture,0.6,500,800082,0.004863395995926112,gtest,none,310.2060266604283
2-2-5,t3,mixture,0.6,500,800083,0.005374508000386413,kl_plugin,none,0.10148053046909507
2-2-5,t3,mixture,0.6,500,800083,0.005374508000386413,kl_split,none,0.20081721565146735
2-2-5,t3,mixture,0.6,500,800083,0.005374508000386413,kl_crossfit,none,1.5581674064690736
2-2-5,t3,mixture,0.6,500,800083,0.005374508000386413,cf1_margin,none,0.3153734137715831
2-2-5,t3,mixture,0.6,500,800083,0.005374508000386413,slack_plugin,none,0.630746827543166
2-2-5,t3,mixture,0.6,500,800083,0.005374508000386413,gm_battery,none,0.0
2-2-5,t3,mixture,0.6,500,800083,0.005374508000386413,gtest,none,304.9669890654322
2-2-5,t3,mixture,0.6,500,800084,0.0068133980021229945,kl_plugin,none,0.0770218723064349
2-2-5,t3,mixture,0.6,500,800084,0.0068133980021229945,kl_split,none,0.4630104056114458
2-2-5,t3,mixture,0.6,500,800084,0.0068133980021229945,kl_crossfit,none,1.9100822882696997
2-2-5,t3,mixture,0.6,500,800084,0.0068133980021229945,cf1_margin,none,0.2741096438575431
2-2-5,t3,mixture,0.6,500,800084,0.0068133980021229945,slack_plugin,none,0.5482192877150862
2-2-5,t3,mixture,0.6,500,800084,0.0068133980021229945,gm_battery,none,0.0
2-2-5,t3,mixture,0.6,500,800084,0.0068133980021229945,gtest,none,284.57272077538596
2-2-5,t3,mixture,0.6,500,800085,0.005148872995050624,kl_plugin,none,0.09515083031036373
2-2-5,t3,mixture,0.6,500,800085,0.005148872995050624,kl_split,none,1.1183421920541405
2-2-5,t3,mixture,0.6,500,800085,0.005148872995050624,kl_crossfit,none,0.6512745684990956
2-2-5,t3,mixture,0.6,500,800085,0.005148872995050624,cf1_margin,none,0.3053183229813665
2-2-5,t3,mixture,0.6,500,800085,0.005148872995050624,slack_plugin,none,0.610636645962733
2-2-5,t3,mixture,0.6,500,800085,0.005148872995050624,gm_battery,none,0.0
2-2-5,t3,mixture,0.6,500,800085,0.005148872995050624,gtest,none,296.90179068064805
2-2-5,t3,mixture,0.6,500,800086,0.004846067997277714,kl_plugin,none,0.07400766575334376
2-2-5,t3,mixture,0.6,500,800086,0.004846067997277714,kl_split,none,1.4824723546942236
2-2-5,t3,mixture,0.6,500,800086,0.004846067997277714,kl_crossfit,none,1.9251836188584304
2-2-5,t3,mixture,0.6,500,800086,0.004846067997277714,cf1_margin,none,0.2674098276635275
2-2-5,t3,mixture,0.6,500,800086,0.004846067997277714,slack_plugin,none,0.534819655327055
2-2-5,t3,mixture,0.6,500,800086,0.004846067997277714,gm_battery,none,0.0
2-2-5,t3,mixture,0.6,500,800086,0.004846067997277714,gtest,none,321.323473135983
2-2-5,t3,mixture,0.6,500,800087,0.004582750996632967,kl_plugin,none,0.06919335462320272
2-2-5,t3,mixture,0.6,500,800087,0.004582750996632967,kl_split,none,0.4942851664133866
2-2-5,t3,mixture,0.6,500,800087,0.004582750996632967,kl_crossfit,none,2.0858240847854512
2-2-5,t3,mixture,0.6,500,800087,0.004582750996632967,cf1_margin,none,0.25889656938044037
2-2-5,t3,mixture,0.6,500,800087,0.004582750996632967,slack_plugin,none,0.5177931387608805
2-2-5,t3,mixture,0.6,500,800087,0.004582750996632967,gm_battery,none,0.0
2-2-5,t3,mixture,0.6,500,800087,0.004582750996632967,gtest,none,318.6451848653203
2-2-5,t3,mixture,0.6,500,800088,0.0042364799955976196,kl_plugin,none,0.12207895675562863
2-2-5,t3,mixture,0.6,500,800088,0.0042364799955976196,kl_split,none,0.14732616354580383
2-2-5,t3,mixture,0.6,500,800088,0.0042364799955976196,kl_crossfit,none,0.37287434000475367
2-2-5,t3,mixture,0.6,500,800088,0.0042364799955976196,cf1_margin,none,0.3433431500345997
2-2-5,t3,mixture,0.6,500,800088,0.0042364799955976196,slack_plugin,none,0.6866863000691996
2-2-5,t3,mixture,0.6,500,800088,0.0042364799955976196,gm_battery,none,0.0
2-2-5,t3,mixture,0.6,500,800088,0.0042364799955976196,gtest,none,310.26988504917483
2-2-5,t3,mixture,0.6,500,800089,0.00462264999805484,kl_plugin,none,0.06976894453425324
2-2-5,t3,mixture,0.6,500,800089,0.00462264999805484,kl_split,none,0.8155635034638513
2-2-5,t3,mixture,0.6,500,800089,0.00462264999805484,kl_crossfit,none,0.5915619147721566
2-2-5,t3,mixture,0.6,500,800089,0.00462264999805484,cf1_margin,none,0.26140494147411575
2-2-5,t3,mixture,0.6,500,800089,0.00462264999805484,slack_plugin,none,0.5228098829482314
2-2-5,t3,mixture,0.6,500,800089,0.00462264999805484,gm_battery,none,0.0
2-2-5,t3,mixture,0.6,500,800089,0.00462264999805484,gtest,none,323.08598250148987
2-2-5,t3,mixture,0.6,500,800090,0.004573261998302769,kl_plugin,none,0.07515550304314604
2-2-5,t3,mixture,0.6,500,800090,0.004573261998302769,kl_split,none,1.149196168441517
2-2-5,t3,mixture,0.6,500,800090,0.004573261998302769,kl_crossfit,none,3.918406680450036
2-2-5,t3,mixture,0.6,500,800090,0.004573261998302769,cf1_margin,none,0.272406266050334
2-2-5,t3,mixture,0.6,500,800090,0.004573261998302769,slack_plugin,none,0.5448125321006679
2-2-5,t3,mixture,0.6,500,800090,0.004573261998302769,gm_battery,none,0.0
2-2-5,t3,mixture,0.6,500,800090,0.004573261998302769,gtest,none,313.36630727912984
2-2-5,t3,mixture,0.6,500,800091,0.006112513001426123,kl_plugin,none,0.07272766795399868
2-2-5,t3,mixture,0.6,500,800091,0.006112513001426123,kl_split,none,0.1790728063667219
2-2-5,t3,mixture,0.6,500,800091,0.006112513001426123,kl_crossfit,none,1.9867785924192916
2-2-5,t3,mixture,0.6,500,800091,0.006112513001426123,cf1_margin,none,0.26667309639774317
2-2-5,t3,mixture,0.6,500,800091,0.006112513001426123,slack_plugin,none,0.5333461927954862
2-2-5,t3,mixture,0.6,500,800091,0.006112513001426123,gm_battery,none,0.0
2-2-5,t3,mixture,0.6,500,800091,0.006112513001426123,gtest,none,339.71544418744037
2-2-5,t3,mixture,0.6,500,800092,0.009303677994466852,kl_plugin,none,0.08012939193499483
2-2-5,t3,mixture,0.6,500,800092,0.009303677994466852,kl_split,none,0.18348984038605348
2-2-5,t3,mixture,0.6,500,800092,0.009303677994466852,kl_crossfit,none,2.5123314467930142
2-2-5,t3,mixture,0.6,500,800092,0.009303677994466852,cf1_margin,none,0.2806240369799693
2-2-5,t3,mixture,0.6,500,800092,0.009303677994466852,slack_plugin,none,0.5612480739599384
2-2-5,t3,mixture,0.6,500,800092,0.009303677994466852,gm_battery,none,0.0
2-2-5,t3,mixture,0.6,500,800092,0.009303677994466852,gtest,none,303.2145189902084
2-2-5,t3,mixture,0.6,500,800093,0.006678327001282014,kl_plugin,none,0.0514490623399652
2-2-5,t3,mixture,0.6,500,800093,0.006678327001282014,kl_split,none,0.18672961579888228
2-2-5,t3,mixture,0.6,500,800093,0.006678327001282014,kl_crossfit,none,3.5242327173723207
2-2-5,t3,mixture,0.6,500,800093,0.006678327001282014,cf1_margin,none,0.2253205128205128
2-2-5,t3,mixture,0.6,500,800093,0.006678327001282014,slack_plugin,none,0.4506410256410257
2-2-5,t3,mixture,0.6,500,800093,0.006678327001282014,gm_battery,none,0.0
2-2-5,t3,mixture,0.6,500,800093,0.006678327001282014,gtest,none,332.9833383463
2-2-5,t3,mixture,0.6,500,800094,0.006250931997783482,kl_plugin,none,0.08273308503136827
2-2-5,t3,mixture,0.6,500,800094,0.006250931997783482,kl_split,none,0.14726744960509686
2-2-5,t3,mixture,0.6,500,800094,0.006250931997783482,kl_crossfit,none,0.30545038018846243
2-2-5,t3,mixture,0.6,500,800094,0.006250931997783482,cf1_margin,none,0.28275310124049624
2-2-5,t3,mixture,0.6,500,800094,0.006250931997783482,slack_plugin,none,0.5655062024809925
2-2-5,t3,mixture,0.6,500,800094,0.006250931997783482,gm_battery,none,0.0
2-2-5,t3,mixture,0.6,500,800094,0.006250931997783482,gtest,none,340.3595561305421
2-2-5,t3,mixture,0.6,500,800095,0.008542291005142033,kl_plugin,none,0.05438312612587165
2-2-5,t3,mixture,0.6,500,800095,0.008542291005142033,kl_split,none,1.4584828479976808
2-2-5,t3,mixture,0.6,500,800095,0.008542291005142033,kl_crossfit,none,1.3474811992653941
2-2-5,t3,mixture,0.6,500,800095,0.008542291005142033,cf1_margin,none,0.22975481723321167
2-2-5,t3,mixture,0.6,500,800095,0.008542291005142033,slack_plugin,none,0.4595096344664233
2-2-5,t3,mixture,0.6,500,800095,0.008542291005142033,gm_battery,none,0.0
2-2-5,t3,mixture,0.6,500,800095,0.008542291005142033,gtest,none,319.69497532927284
2-2-5,t3,mixture,0.6,500,800096,0.005094993000966497,kl_plugin,none,0.03210429826764943
2-2-5,t3,mixture,0.6,500,800096,0.005094993000966497,kl_split,none,0.6029968731312935
2-2-5,t3,mixture,0.6,500,800096,0.005094993000966497,kl_crossfit,none,1.9681910333624653
2-2-5,t3,mixture,0.6,500,800096,0.005094993000966497,cf1_margin,none,0.17767964672822167
2-2-5,t3,mixture,0.6,500,800096,0.005094993000966497,slack_plugin,none,0.3553592934564434
2-2-5,t3,mixture,0.6,500,800096,0.005094993000966497,gm_battery,none,0.0
2-2-5,t3,mixture,0.6,500,800096,0.005094993000966497,gtest,none,316.8718378783793
2-2-5,t3,mixture,0.6,500,800097,0.00517413999477867,kl_plugin,none,0.05243931245172331
2-2-5,t3,mixture,0.6,500,800097,0.00517413999477867,kl_split,none,3.868424043816364
2-2-5,t3,mixture,0.6,500,800097,0.00517413999477867,kl_crossfit,none,2.242607354916749
2-2-5,t3,mixture,0.6,500,800097,0.00517413999477867,cf1_margin,none,0.22787564601033616
2-2-5,t3,mixture,0.6,500,800097,0.00517413999477867,slack_plugin,none,0.4557512920206723
2-2-5,t3,mixture,0.6,500,800097,0.00517413999477867,gm_battery,none,0.0
2-2-5,t3,mixture,0.6,500,800097,0.00517413999477867,gtest,none,310.7090189363136
2-2-5,t3,mixture,0.6,500,800098,0.0054198809957597405,kl_plugin,none,0.09990038769682827
2-2-5,t3,mixture,0.6,500,800098,0.0054198809957597405,kl_split,none,3.412334136355316
2-2-5,t3,mixture,0.6,500,800098,0.0054198809957597405,kl_crossfit,none,1.947450370911194
2-2-5,t3,mixture,0.6,500,800098,0.0054198809957597405,cf1_margin,none,0.3072369157906527
2-2-5,t3,mixture,0.6,500,800098,0.0054198809957597405,slack_plugin,none,0.6144738315813054
2-2-5,t3,mixture,0.6,500,800098,0.0054198809957597405,gm_battery,none,0.0
2-2-5,t3,mixture,0.6,500,800098,0.0054198809957597405,gtest,none,354.22338677089976
2-2-5,t3,mixture,0.6,500,800099,0.004705325001850724,kl_plugin,none,0.07419689738523219
2-2-5,t3,mixture,0.6,500,800099,0.004705325001850724,kl_split,none,1.3396680347819843
2-2-5,t3,mixture,0.6,500,800099,0.004705325001850724,kl_crossfit,none,2.9210611565221494
2-2-5,t3,mixture,0.6,500,800099,0.004705325001850724,cf1_margin,none,0.2698595699028038
2-2-5,t3,mixture,0.6,500,800099,0.004705325001850724,slack_plugin,none,0.5397191398056076
2-2-5,t3,mixture,0.6,500,800099,0.004705325001850724,gm_battery,none,0.0
2-2-5,t3,mixture,0.6,500,800099,0.004705325001850724,gtest,none,305.9378631010797
2-2-5,t3,mixture,0.6,500,800100,0.0046010730002308264,kl_plugin,none,0.10369278129103542
2-2-5,t3,mixture,0.6,500,800100,0.0046010730002308264,kl_split,none,1.5552790630568893
2-2-5,t3,mixture,0.6,500,800100,0.0046010730002308264,kl_crossfit,none,1.6253980224765616
2-2-5,t3,mixture,0.6,500,800100,0.0046010730002308264,cf1_margin,none,0.31904670382471656
2-2-5,t3,mixture,0.6,500,800100,0.0046010730002308264,slack_plugin,none,0.638093407649433
2-2-5,t3,mixture,0.6,500,800100,0.0046010730002308264,gm_battery,none,0.0
2-2-5,t3,mixture,0.6,500,800100,0.0046010730002308264,gtest,none,309.61788048488177
2-2-5,t3,mixture,0.6,500,800101,0.008841278999170754,kl_plugin,none,0.07028183427947202
2-2-5,t3,mixture,0.6,500,800101,0.008841278999170754,kl_split,none,1.3110922388156496
2-2-5,t3,mixture,0.6,500,800101,0.008841278999170754,kl_crossfit,none,2.029958506838208
2-2-5,t3,mixture,0.6,500,800101,0.008841278999170754,cf1_margin,none,0.263171371871199
2-2-5,t3,mixture,0.6,500,800101,0.008841278999170754,slack_plugin,none,0.5263427437423982
2-2-5,t3,mixture,0.6,500,800101,0.008841278999170754,gm_battery,none,0.0
2-2-5,t3,mixture,0.6,500,800101,0.008841278999170754,gtest,none,323.8798568309476
2-2-5,t3,mixture,0.6,500,800102,0.004744022000522818,kl_plugin,none,0.10446200273300785
2-2-5,t3,mixture,0.6,500,800102,0.004744022000522818,kl_split,none,3.7964313608436635
2-2-5,t3,mixture,0.6,500,800102,0.004744022000522818,kl_crossfit,none,1.998915598207504
2-2-5,t3,mixture,0.6,500,800102,0.004744022000522818,cf1_margin,none,0.31976511624186
2-2-5,t3,mixture,0.6,500,800102,0.004744022000522818,slack_plugin,none,0.6395302324837198
2-2-5,t3,mixture,0.6,500,800102,0.004744022000522818,gm_battery,none,0.0
2-2-5,t3,mixture,0.6,500,800102,0.004744022000522818,gtest,none,331.89998328273515
2-2-5,t3,mixture,0.6,500,800103,0.007670437000342645,kl_plugin,none,0.059643525992692466
2-2-5,t3,mixture,0.6,500,800103,0.007670437000342645,kl_split,none,1.573111022370367
2-2-5,t3,mixture,0.6,500,800103,0.007670437000342645,kl_crossfit,none,0.855739346347395
2-2-5,t3,mixture,0.6,500,800103,0.007670437000342645,cf1_margin,none,0.2428747656963426
2-2-5,t3,mixture,0.6,500,800103,0.007670437000342645,slack_plugin,none,0.48574953139268495
2-2-5,t3,mixture,0.6,500,800103,0.007670437000342645,gm_battery,none,0.0
2-2-5,t3,mixture,0.6,500,800103,0.007670437000342645,gtest,none,336.59764259984183
2-2-5,t3,mixture,0.6,500,800104,0.008865014999173582,kl_plugin,none,0.04413335623022219
2-2-5,t3,mixture,0.6,500,800104,0.008865014999173582,kl_split,none,0.13078600507275134
2-2-5,t3,mixture,0.6,500,800104,0.008865014999173582,kl_crossfit,none,0.3806119736188054
2-2-5,t3,mixture,0.6,500,800104,0.008865014999173582,cf1_margin,none,0.20883315158124305
2-2-5,t3,mixture,0.6,500,800104,0.008865014999173582,slack_plugin,none,0.4176663031624862
2-2-5,t3,mixture,0.6,500,800104,0.008865014999173582,gm_battery,none,0.0
2-2-5,t3,mixture,0.6,500,800104,0.008865014999173582,gtest,none,297.81459406827906
2-2-5,t3,mixture,0.6,500,800105,0.005290102999424562,kl_plugin,none,0.0564476324315607
2-2-5,t3,mixture,0.6,500,800105,0.005290102999424562,kl_split,none,1.2321399215659041
2-2-5,t3,mixture,0.6,500,800105,0.005290102999424562,kl_crossfit,none,1.4191762118528213
2-2-5,t3,mixture,0.6,500,800105,0.005290102999424562,cf1_margin,none,0.23642418032786883
2-2-5,t3,mixture,0.6,500,800105,0.005290102999424562,slack_plugin,none,0.47284836065573776
2-2-5,t3,mixture,0.6,500,800105,0.005290102999424562,gm_battery,none,0.0
2-2-5,t3,mixture,0.6,500,800105,0.005290102999424562,gtest,none,349.9937901498139
2-2-5,t3,mixture,0.6,500,800106,0.009932898996339645,kl_plugin,none,0.09933408264324364
2-2-5,t3,mixture,0.6,500,800106,0.009932898996339645,kl_split,none,0.9659195134233208
2-2-5,t3,mixture,0.6,500,800106,0.009932898996339645,kl_crossfit,none,1.2583199200676667
2-2-5,t3,mixture,0.6,500,800106,0.009932898996339645,cf1_margin,none,0.30799999999999994
2-2-5,t3,mixture,0.6,500,800106,0.009932898996339645,slack_plugin,none,0.6159999999999999
2-2-5,t3,mixture,0.6,500,800106,0.009932898996339645,gm_battery,none,0.0
2-2-5,t3,mixture,0.6,500,800106,0.009932898996339645,gtest,none,368.9262954369012
2-2-5,t3,mixture,0.6,500,800107,0.0049558769969735295,kl_plugin,none,0.09637092372045937
2-2-5,t3,mixture,0.6,500,800107,0.0049558769969735295,kl_split,none,0.5478684717076598
2-2-5,t3,mixture,0.6,500,800107,0.0049558769969735295,kl_crossfit,none,2.477839239592757
2-2-5,t3,mixture,0.6,500,800107,0.0049558769969735295,cf1_margin,none,0.30773169482846896
2-2-5,t3,mixture,0.6,500,800107,0.0049558769969735295,slack_plugin,none,0.6154633896569379
2-2-5,t3,mixture,0.6,500,800107,0.0049558769969735295,gm_battery,none,0.0
2-2-5,t3,mixture,0.6,500,800107,0.0049558769969735295,gtest,none,318.8789128942485
2-2-5,t3,mixture,0.6,500,800108,0.005519603000720963,kl_plugin,none,0.10179108618912673
2-2-5,t3,mixture,0.6,500,800108,0.005519603000720963,kl_split,none,0.6878760974454032
2-2-5,t3,mixture,0.6,500,800108,0.005519603000720963,kl_crossfit,none,2.997530567102416
2-2-5,t3,mixture,0.6,500,800108,0.005519603000720963,cf1_margin,none,0.3144851434426229
2-2-5,t3,mixture,0.6,500,800108,0.005519603000720963,slack_plugin,none,0.6289702868852461
2-2-5,t3,mixture,0.6,500,800108,0.005519603000720963,gm_battery,none,0.0
2-2-5,t3,mixture,0.6,500,800108,0.005519603000720963,gtest,none,296.3271194710456
2-2-5,t3,mixture,0.6,500,800109,0.004678016004618257,kl_plugin,none,0.12076152335247557
2-2-5,t3,mixture,0.6,500,800109,0.004678016004618257,kl_split,none,0.4307946508648601
2-2-5,t3,mixture,0.6,500,800109,0.004678016004618257,kl_crossfit,none,1.2929379349657675
2-2-5,t3,mixture,0.6,500,800109,0.004678016004618257,cf1_margin,none,0.34395801331285203
2-2-5,t3,mixture,0.6,500,800109,0.004678016004618257,slack_plugin,none,0.6879160266257038
2-2-5,t3,mixture,0.6,500,800109,0.004678016004618257,gm_battery,none,0.0
2-2-5,t3,mixture,0.6,500,800109,0.004678016004618257,gtest,none,302.9031406730342
2-2-5,t3,mixture,0.6,500,800110,0.004954957999871112,kl_plugin,none,0.059709719087229975
2-2-5,t3,mixture,0.6,500,800110,0.004954957999871112,kl_split,none,1.709832795142548
2-2-5,t3,mixture,0.6,500,800110,0.004954957999871112,kl_crossfit,none,0.932647344120065
2-2-5,t3,mixture,0.6,500,800110,0.004954957999871112,cf1_margin,none,0.24300755765131454
2-2-5,t3,mixture,0.6,500,800110,0.004954957999871112,slack_plugin,none,0.4860151153026291
2-2-5,t3,mixture,0.6,500,800110,0.004954957999871112,gm_battery,none,0.0
2-2-5,t3,mixture,0.6,500,800110,0.004954957999871112,gtest,none,318.38573047293875
2-2-5,t3,mixture,0.6,500,800111,0.004595881000568625,kl_plugin,none,0.09869190250717357
2-2-5,t3,mixture,0.6,500,800111,0.004595881000568625,kl_split,none,0.9534102955702664
2-2-5,t3,mixture,0.6,500,800111,0.004595881000568625,kl_crossfit,none,0.5469685966391948
2-2-5,t3,mixture,0.6,500,800111,0.004595881000568625,cf1_margin,none,0.30910604508196726
2-2-5,t3,mixture,0.6,500,800111,0.004595881000568625,slack_plugin,none,0.6182120901639345
2-2-5,t3,mixture,0.6,500,800111,0.004595881000568625,gm_battery,none,0.0
2-2-5,t3,mixture,0.6,500,800111,0.004595881000568625,gtest,none,344.85952983528773
2-2-5,t3,mixture,0.6,500,800112,0.004728594998596236,kl_plugin,none,0.057494895879788135
2-2-5,t3,mixture,0.6,500,800112,0.004728594998596236,kl_split,none,0.1424640948640281
2-2-5,t3,mixture,0.6,500,800112,0.004728594998596236,kl_crossfit,none,0.9928254944517544
2-2-5,t3,mixture,0.6,500,800112,0.004728594998596236,cf1_margin,none,0.23748211731044355
2-2-5,t3,mixture,0.6,500,800112,0.004728594998596236,slack_plugin,none,0.4749642346208868
2-2-5,t3,mixture,0.6,500,800112,0.004728594998596236,gm_battery,none,0.0
2-2-5,t3,mixture,0.6,500,800112,0.004728594998596236,gtest,none,368.4260770413698
2-2-5,t3,mixture,0.6,500,800113,0.0055716940041747876,kl_plugin,none,0.05642305326019519
2-2-5,t3,mixture,0.6,500,800113,0.0055716940041747876,kl_split,none,0.44151198872245345
2-2-5,t3,mixture,0.6,500,800113,0.0055716940041747876,kl_crossfit,none,0.9475677184095387
2-2-5,t3,mixture,0.6,500,800113,0.0055716940041747876,cf1_margin,none,0.2360396294390119
2-2-5,t3,mixture,0.6,500,800113,0.0055716940041747876,slack_plugin,none,0.47207925887802377
2-2-5,t3,mixture,0.6,500,800113,0.0055716940041747876,gm_battery,none,0.0
2-2-5,t3,mixture,0.6,500,800113,0.0055716940041747876,gtest,none,338.8767465051098
2-2-5,t3,mixture,0.6,500,800114,0.007290126995940227,kl_plugin,none,0.07067558709758251
2-2-5,t3,mixture,0.6,500,800114,0.007290126995940227,kl_split,none,0.4688247938971104
2-2-5,t3,mixture,0.6,500,800114,0.007290126995940227,kl_crossfit,none,2.48883033786841
2-2-5,t3,mixture,0.6,500,800114,0.007290126995940227,cf1_margin,none,0.26274183482421454
2-2-5,t3,mixture,0.6,500,800114,0.007290126995940227,slack_plugin,none,0.5254836696484294
2-2-5,t3,mixture,0.6,500,800114,0.007290126995940227,gm_battery,none,0.0
2-2-5,t3,mixture,0.6,500,800114,0.007290126995940227,gtest,none,331.951483029139
2-2-5,t3,mixture,0.6,500,800115,0.00448799500009045,kl_plugin,none,0.11619884752980271
2-2-5,t3,mixture,0.6,500,800115,0.00448799500009045,kl_split,none,7.222775491759174
2-2-5,t3,mixture,0.6,500,800115,0.00448799500009045,kl_crossfit,none,3.716920628476581
2-2-5,t3,mixture,0.6,500,800115,0.00448799500009045,cf1_margin,none,0.3351747770251877
2-2-5,t3,mixture,0.6,500,800115,0.00448799500009045,slack_plugin,none,0.6703495540503754
2-2-5,t3,mixture,0.6,500,800115,0.00448799500009045,gm_battery,none,0.0
2-2-5,t3,mixture,0.6,500,800115,0.00448799500009045,gtest,none,289.12749587715075
2-2-5,t3,mixture,0.6,500,800116,0.005467324001074303,kl_plugin,none,0.07110966661589162
2-2-5,t3,mixture,0.6,500,800116,0.005467324001074303,kl_split,none,0.4142198745693215
2-2-5,t3,mixture,0.6,500,800116,0.005467324001074303,kl_crossfit,none,0.27519397226549225
2-2-5,t3,mixture,0.6,500,800116,0.005467324001074303,cf1_margin,none,0.26456814560903774
2-2-5,t3,mixture,0.6,500,800116,0.005467324001074303,slack_plugin,none,0.5291362912180756
2-2-5,t3,mixture,0.6,500,800116,0.005467324001074303,gm_battery,none,0.0
2-2-5,t3,mixture,0.6,500,800116,0.005467324001074303,gtest,none,332.1315082878549
2-2-5,t3,mixture,0.6,500,800117,0.005816722004965413,kl_plugin,none,0.10901049313548962
2-2-5,t3,mixture,0.6,500,800117,0.005816722004965413,kl_split,none,0.18965642093076424
2-2-5,t3,mixture,0.6,500,800117,0.005816722004965413,kl_crossfit,none,0.5058475182463521
2-2-5,t3,mixture,0.6,500,800117,0.005816722004965413,cf1_margin,none,0.3270491671876754
2-2-5,t3,mixture,0.6,500,800117,0.005816722004965413,slack_plugin,none,0.6540983343753505
2-2-5,t3,mixture,0.6,500,800117,0.005816722004965413,gm_battery,none,0.0
2-2-5,t3,mixture,0.6,500,800117,0.005816722004965413,gtest,none,319.80655056379516
2-2-5,t3,mixture,0.6,500,800118,0.004860187997110188,kl_plugin,none,0.09191761582151568
2-2-5,t3,mixture,0.6,500,800118,0.004860187997110188,kl_split,none,0.7810920368105474
2-2-5,t3,mixture,0.6,500,800118,0.004860187997110188,kl_crossfit,none,1.2522626963138954
2-2-5,t3,mixture,0.6,500,800118,0.004860187997110188,cf1_margin,none,0.2984393757503001
2-2-5,t3,mixture,0.6,500,800118,0.004860187997110188,slack_plugin,none,0.5968787515006005
2-2-5,t3,mixture,0.6,500,800118,0.004860187997110188,gm_battery,none,0.0
2-2-5,t3,mixture,0.6,500,800118,0.004860187997110188,gtest,none,303.6269755338283
2-2-5,t3,mixture,0.6,500,800119,0.0047358619995065965,kl_plugin,none,0.078567174397272
2-2-5,t3,mixture,0.6,500,800119,0.0047358619995065965,kl_split,none,0.18657004710974906
2-2-5,t3,mixture,0.6,500,800119,0.0047358619995065965,kl_crossfit,none,1.8507790605444379
2-2-5,t3,mixture,0.6,500,800119,0.0047358619995065965,cf1_margin,none,0.2754180280607341
2-2-5,t3,mixture,0.6,500,800119,0.0047358619995065965,slack_plugin,none,0.5508360561214684
2-2-5,t3,mixture,0.6,500,800119,0.0047358619995065965,gm_battery,none,0.0
2-2-5,t3,mixture,0.6,500,800119,0.0047358619995065965,gtest,none,321.13968688905925
2-2-5,t3,mixture,0.6,500,800120,0.007949853999889456,kl_plugin,none,0.03300516696032368
2-2-5,t3,mixture,0.6,500,800120,0.007949853999889456,kl_split,none,1.5464908195075557
2-2-5,t3,mixture,0.6,500,800120,0.007949853999889456,kl_crossfit,none,1.5804414654132488
2-2-5,t3,mixture,0.6,500,800120,0.007949853999889456,cf1_margin,none,0.18005735433121328
2-2-5,t3,mixture,0.6,500,800120,0.007949853999889456,slack_plugin,none,0.3601147086624264
2-2-5,t3,mixture,0.6,500,800120,0.007949853999889456,gm_battery,none,0.0
2-2-5,t3,mixture,0.6,500,800120,0.007949853999889456,gtest,none,386.6547761869598
2-2-5,t3,mixture,0.6,500,800121,0.0048122650041477755,kl_plugin,none,0.06502555485852321
2-2-5,t3,mixture,0.6,500,800121,0.0048122650041477755,kl_split,none,0.8542106528911081
2-2-5,t3,mixture,0.6,500,800121,0.0048122650041477755,kl_crossfit,none,0.48474611201862333
2-2-5,t3,mixture,0.6,500,800121,0.0048122650041477755,cf1_margin,none,0.2512167008196723
2-2-5,t3,mixture,0.6,500,800121,0.0048122650041477755,slack_plugin,none,0.5024334016393445
2-2-5,t3,mixture,0.6,500,800121,0.0048122650041477755,gm_battery,none,0.0
2-2-5,t3,mixture,0.6,500,800121,0.0048122650041477755,gtest,none,343.9110970919849
2-2-5,t3,mixture,0.6,500,800122,0.004862579000473488,kl_plugin,none,0.0964833184423716
2-2-5,t3,mixture,0.6,500,800122,0.004862579000473488,kl_split,none,6.4776436420809915
2-2-5,t3,mixture,0.6,500,800122,0.004862579000473488,kl_crossfit,none,3.6327542981082726
2-2-5,t3,mixture,0.6,500,800122,0.004862579000473488,cf1_margin,none,0.3055461969164621
2-2-5,t3,mixture,0.6,500,800122,0.004862579000473488,slack_plugin,none,0.6110923938329241
2-2-5,t3,mixture,0.6,500,800122,0.004862579000473488,gm_battery,none,0.0
2-2-5,t3,mixture,0.6,500,800122,0.004862579000473488,gtest,none,305.81742747816037
2-2-5,t3,mixture,0.6,500,800123,0.005692396000085864,kl_plugin,none,0.07898410838125659
2-2-5,t3,mixture,0.6,500,800123,0.005692396000085864,kl_split,none,0.15918156854156643
2-2-5,t3,mixture,0.6,500,800123,0.005692396000085864,kl_crossfit,none,1.2729229191224907
2-2-5,t3,mixture,0.6,500,800123,0.005692396000085864,cf1_margin,none,0.27881659836065564
2-2-5,t3,mixture,0.6,500,800123,0.005692396000085864,slack_plugin,none,0.5576331967213115
2-2-5,t3,mixture,0.6,500,800123,0.005692396000085864,gm_battery,none,0.0
2-2-5,t3,mixture,0.6,500,800123,0.005692396000085864,gtest,none,252.92294771408686
2-2-5,t3,mixture,0.6,500,800124,0.00456856800155947,kl_plugin,none,0.08818498673486798
2-2-5,t3,mixture,0.6,500,800124,0.00456856800155947,kl_split,none,0.4390869092298067
2-2-5,t3,mixture,0.6,500,800124,0.00456856800155947,kl_crossfit,none,1.5183962850735682
2-2-5,t3,mixture,0.6,500,800124,0.00456856800155947,cf1_margin,none,0.2911781664424371
2-2-5,t3,mixture,0.6,500,800124,0.00456856800155947,slack_plugin,none,0.5823563328848739
2-2-5,t3,mixture,0.6,500,800124,0.00456856800155947,gm_battery,none,0.0
2-2-5,t3,mixture,0.6,500,800124,0.00456856800155947,gtest,none,336.1365805573983
2-2-5,t3,mixture,0.6,500,800125,0.004659459002141375,kl_plugin,none,0.06744159849820412
2-2-5,t3,mixture,0.6,500,800125,0.004659459002141375,kl_split,none,0.1712470874061718
2-2-5,t3,mixture,0.6,500,800125,0.004659459002141375,kl_crossfit,none,2.020721612722021
2-2-5,t3,mixture,0.6,500,800125,0.004659459002141375,cf1_margin,none,0.256
2-2-5,t3,mixture,0.6,500,800125,0.004659459002141375,slack_plugin,none,0.512
2-2-5,t3,mixture,0.6,500,800125,0.004659459002141375,gm_battery,none,0.0
2-2-5,t3,mixture,0.6,500,800125,0.004659459002141375,gtest,none,328.8670078304649
2-2-5,t3,mixture,0.6,500,800126,0.004590905999066308,kl_plugin,none,0.08536426032566374
2-2-5,t3,mixture,0.6,500,800126,0.004590905999066308,kl_split,none,2.7431816617606324
2-2-5,t3,mixture,0.6,500,800126,0.004590905999066308,kl_crossfit,none,1.7764109544841118
2-2-5,t3,mixture,0.6,500,800126,0.004590905999066308,cf1_margin,none,0.28931910716297327
2-2-5,t3,mixture,0.6,500,800126,0.004590905999066308,slack_plugin,none,0.5786382143259466
2-2-5,t3,mixture,0.6,500,800126,0.004590905999066308,gm_battery,none,0.0
2-2-5,t3,mixture,0.6,500,800126,0.004590905999066308,gtest,none,295.0916859882616
2-2-5,t3,mixture,0.6,500,800127,0.004491011000936851,kl_plugin,none,0.1065401202218273
2-2-5,t3,mixture,0.6,500,800127,0.004491011000936851,kl_split,none,0.7563166846913404
2-2-5,t3,mixture,0.6,500,800127,0.004491011000936851,kl_crossfit,none,0.8833673857759876
2-2-5,t3,mixture,0.6,500,800127,0.004491011000936851,cf1_margin,none,0.32252901160464176
2-2-5,t3,mixture,0.6,500,800127,0.004491011000936851,slack_plugin,none,0.6450580232092838
2-2-5,t3,mixture,0.6,500,800127,0.004491011000936851,gm_battery,none,0.0
2-2-5,t3,mixture,0.6,500,800127,0.004491011000936851,gtest,none,334.64209630566853
2-2-5,t3,mixture,0.6,500,800128,0.004496727997320704,kl_plugin,none,0.08434731457010358
2-2-5,t3,mixture,0.6,500,800128,0.004496727997320704,kl_split,none,0.7609191223955825
2-2-5,t3,mixture,0.6,500,800128,0.004496727997320704,kl_crossfit,none,3.587972031406192
2-2-5,t3,mixture,0.6,500,800128,0.004496727997320704,cf1_margin,none,0.28828151253780543
2-2-5,t3,mixture,0.6,500,800128,0.004496727997320704,slack_plugin,none,0.5765630250756107
2-2-5,t3,mixture,0.6,500,800128,0.004496727997320704,gm_battery,none,0.0
2-2-5,t3,mixture,0.6,500,800128,0.004496727997320704,gtest,none,339.9384937251936
2-2-5,t3,mixture,0.6,500,800129,0.004675206997490022,kl_plugin,none,0.07455325157906592
2-2-5,t3,mixture,0.6,500,800129,0.004675206997490022,kl_split,none,4.169561059587125
2-2-5,t3,mixture,0.6,500,800129,0.004675206997490022,kl_crossfit,none,2.5286676533977093
2-2-5,t3,mixture,0.6,500,800129,0.004675206997490022,cf1_margin,none,0.2709083633453381
2-2-5,t3,mixture,0.6,500,800129,0.004675206997490022,slack_plugin,none,0.541816726690676
2-2-5,t3,mixture,0.6,500,800129,0.004675206997490022,gm_battery,none,0.0
2-2-5,t3,mixture,0.6,500,800129,0.004675206997490022,gtest,none,313.10580849741854
2-2-5,t3,mixture,0.6,500,800130,0.004411215995787643,kl_plugin,none,0.09743531345654036
2-2-5,t3,mixture,0.6,500,800130,0.004411215995787643,kl_split,none,0.7804262459770669
2-2-5,t3,mixture,0.6,500,800130,0.004411215995787643,kl_crossfit,none,2.690867435864081
2-2-5,t3,mixture,0.6,500,800130,0.004411215995787643,cf1_margin,none,0.3055800317211106
2-2-5,t3,mixture,0.6,500,800130,0.004411215995787643,slack_plugin,none,0.6111600634422213
2-2-5,t3,mixture,0.6,500,800130,0.004411215995787643,gm_battery,none,0.0
2-2-5,t3,mixture,0.6,500,800130,0.004411215995787643,gtest,none,294.2932846171359
2-2-5,t3,mixture,0.6,500,800131,0.006542055998579599,kl_plugin,none,0.08864511334223905
2-2-5,t3,mixture,0.6,500,800131,0.006542055998579599,kl_split,none,5.7835082440611
2-2-5,t3,mixture,0.6,500,800131,0.006542055998579599,kl_crossfit,none,3.109611100077326
2-2-5,t3,mixture,0.6,500,800131,0.006542055998579599,cf1_margin,none,0.2941176470588236
2-2-5,t3,mixture,0.6,500,800131,0.006542055998579599,slack_plugin,none,0.588235294117647
2-2-5,t3,mixture,0.6,500,800131,0.006542055998579599,gm_battery,none,0.0
2-2-5,t3,mixture,0.6,500,800131,0.006542055998579599,gtest,none,350.2501877644512
2-2-5,t3,mixture,0.6,500,800132,0.0049037089993362315,kl_plugin,none,0.06942409957137366
2-2-5,t3,mixture,0.6,500,800132,0.0049037089993362315,kl_split,none,6.831205761363976
2-2-5,t3,mixture,0.6,500,800132,0.0049037089993362315,kl_crossfit,none,3.504632350740262
2-2-5,t3,mixture,0.6,500,800132,0.0049037089993362315,cf1_margin,none,0.26099758365204595
2-2-5,t3,mixture,0.6,500,800132,0.0049037089993362315,slack_plugin,none,0.5219951673040919
2-2-5,t3,mixture,0.6,500,800132,0.0049037089993362315,gm_battery,none,0.0
2-2-5,t3,mixture,0.6,500,800132,0.0049037089993362315,gtest,none,333.75764600061706
2-2-5,t3,mixture,0.6,500,800133,0.004779730006703176,kl_plugin,none,0.0825737549773565
2-2-5,t3,mixture,0.6,500,800133,0.004779730006703176,kl_split,none,0.5103290731288767
2-2-5,t3,mixture,0.6,500,800133,0.004779730006703176,kl_crossfit,none,1.3200928304916117
2-2-5,t3,mixture,0.6,500,800133,0.004779730006703176,cf1_margin,none,0.2851195337144322
2-2-5,t3,mixture,0.6,500,800133,0.004779730006703176,slack_plugin,none,0.5702390674288643
2-2-5,t3,mixture,0.6,500,800133,0.004779730006703176,gm_battery,none,0.0
2-2-5,t3,mixture,0.6,500,800133,0.004779730006703176,gtest,none,358.4650928061332
2-2-5,t3,mixture,0.6,500,800134,0.00593467999715358,kl_plugin,none,0.07061355957452002
2-2-5,t3,mixture,0.6,500,800134,0.00593467999715358,kl_split,none,0.11977926650384907
2-2-5,t3,mixture,0.6,500,800134,0.00593467999715358,kl_crossfit,none,0.5781963092434546
2-2-5,t3,mixture,0.6,500,800134,0.00593467999715358,cf1_margin,none,0.2637962207395319
2-2-5,t3,mixture,0.6,500,800134,0.00593467999715358,slack_plugin,none,0.5275924414790638
2-2-5,t3,mixture,0.6,500,800134,0.00593467999715358,gm_battery,none,0.0
2-2-5,t3,mixture,0.6,500,800134,0.00593467999715358,gtest,none,357.6259780350422
2-2-5,t3,mixture,0.6,500,800135,0.004919927996525075,kl_plugin,none,0.0725848672400151
2-2-5,t3,mixture,0.6,500,800135,0.004919927996525075,kl_split,none,0.22880318736473373
2-2-5,t3,mixture,0.6,500,800135,0.004919927996525075,kl_crossfit,none,3.389097321317249
2-2-5,t3,mixture,0.6,500,800135,0.004919927996525075,cf1_margin,none,0.26698717948717965
2-2-5,t3,mixture,0.6,500,800135,0.004919927996525075,slack_plugin,none,0.533974358974359
2-2-5,t3,mixture,0.6,500,800135,0.004919927996525075,gm_battery,none,0.0
2-2-5,t3,mixture,0.6,500,800135,0.004919927996525075,gtest,none,324.12022653903006
2-2-5,t3,mixture,0.6,500,800136,0.004891049997240771,kl_plugin,none,0.1259144309727111
2-2-5,t3,mixture,0.6,500,800136,0.004891049997240771,kl_split,none,1.075565597807654
2-2-5,t3,mixture,0.6,500,800136,0.004891049997240771,kl_crossfit,none,0.9701335258902305
2-2-5,t3,mixture,0.6,500,800136,0.004891049997240771,cf1_margin,none,0.34843026248069986
2-2-5,t3,mixture,0.6,500,800136,0.004891049997240771,slack_plugin,none,0.6968605249613997
2-2-5,t3,mixture,0.6,500,800136,0.004891049997240771,gm_battery,none,0.0
2-2-5,t3,mixture,0.6,500,800136,0.004891049997240771,gtest,none,334.0346059027458
2-2-5,t3,mixture,0.6,500,800137,0.00645084900315851,kl_plugin,none,0.036286026738687804
2-2-5,t3,mixture,0.6,500,800137,0.00645084900315851,kl_split,none,0.08990873195849
2-2-5,t3,mixture,0.6,500,800137,0.00645084900315851,kl_crossfit,none,1.0578359389788865
2-2-5,t3,mixture,0.6,500,800137,0.00645084900315851,cf1_margin,none,0.18912166058043445
2-2-5,t3,mixture,0.6,500,800137,0.00645084900315851,slack_plugin,none,0.3782433211608687
2-2-5,t3,mixture,0.6,500,800137,0.00645084900315851,gm_battery,none,0.0
2-2-5,t3,mixture,0.6,500,800137,0.00645084900315851,gtest,none,350.96163674249743
2-2-5,t3,mixture,0.6,500,800138,0.004742470999190118,kl_plugin,none,0.07749799085594342
2-2-5,t3,mixture,0.6,500,800138,0.004742470999190118,kl_split,none,0.5002740674719725
2-2-5,t3,mixture,0.6,500,800138,0.004742470999190118,kl_crossfit,none,2.2177967848083733
2-2-5,t3,mixture,0.6,500,800138,0.004742470999190118,cf1_margin,none,0.2744183031952817
2-2-5,t3,mixture,0.6,500,800138,0.004742470999190118,slack_plugin,none,0.5488366063905632
2-2-5,t3,mixture,0.6,500,800138,0.004742470999190118,gm_battery,none,0.0
2-2-5,t3,mixture,0.6,500,800138,0.004742470999190118,gtest,none,312.93168611761786
2-2-5,t3,mixture,0.6,500,800139,0.0051664610000443645,kl_plugin,none,0.08121923680842996
2-2-5,t3,mixture,0.6,500,800139,0.0051664610000443645,kl_split,none,0.12199938517248414
2-2-5,t3,mixture,0.6,500,800139,0.0051664610000443645,kl_crossfit,none,1.6556337642101293
2-2-5,t3,mixture,0.6,500,800139,0.0051664610000443645,cf1_margin,none,0.2819544057377049
2-2-5,t3,mixture,0.6,500,800139,0.0051664610000443645,slack_plugin,none,0.5639088114754098
2-2-5,t3,mixture,0.6,500,800139,0.0051664610000443645,gm_battery,none,0.0
2-2-5,t3,mixture,0.6,500,800139,0.0051664610000443645,gtest,none,331.6009894369192
2-2-5,t3,mixture,0.6,500,800140,0.004841583002416883,kl_plugin,none,0.11864134063154741
2-2-5,t3,mixture,0.6,500,800140,0.004841583002416883,kl_split,none,0.2327438782454946
2-2-5,t3,mixture,0.6,500,800140,0.004841583002416883,kl_crossfit,none,1.4075696022269475
2-2-5,t3,mixture,0.6,500,800140,0.004841583002416883,cf1_margin,none,0.3404377880184333
2-2-5,t3,mixture,0.6,500,800140,0.004841583002416883,slack_plugin,none,0.6808755760368663
2-2-5,t3,mixture,0.6,500,800140,0.004841583002416883,gm_battery,none,0.0
2-2-5,t3,mixture,0.6,500,800140,0.004841583002416883,gtest,none,302.1559068991284
2-2-5,t3,mixture,0.6,500,800141,0.004850742006965447,kl_plugin,none,0.08073553618718422
2-2-5,t3,mixture,0.6,500,800141,0.004850742006965447,kl_split,none,0.7329297141160467
2-2-5,t3,mixture,0.6,500,800141,0.004850742006965447,kl_crossfit,none,1.8899094152726876
2-2-5,t3,mixture,0.6,500,800141,0.004850742006965447,cf1_margin,none,0.28173076923076923
2-2-5,t3,mixture,0.6,500,800141,0.004850742006965447,slack_plugin,none,0.5634615384615385
2-2-5,t3,mixture,0.6,500,800141,0.004850742006965447,gm_battery,none,0.0
2-2-5,t3,mixture,0.6,500,800141,0.004850742006965447,gtest,none,294.26901753476125
2-2-5,t3,mixture,0.6,500,800142,0.004820441004994791,kl_plugin,none,0.10963688098178567
2-2-5,t3,mixture,0.6,500,800142,0.004820441004994791,kl_split,none,0.20015847142847398
2-2-5,t3,mixture,0.6,500,800142,0.004820441004994791,kl_crossfit,none,0.19202154066930086
2-2-5,t3,mixture,0.6,500,800142,0.004820441004994791,cf1_margin,none,0.32805122048819535
2-2-5,t3,mixture,0.6,500,800142,0.004820441004994791,slack_plugin,none,0.6561024409763907
2-2-5,t3,mixture,0.6,500,800142,0.004820441004994791,gm_battery,none,0.0
2-2-5,t3,mixture,0.6,500,800142,0.004820441004994791,gtest,none,266.3737100120638
2-2-5,t3,mixture,0.6,500,800143,0.00457028100208845,kl_plugin,none,0.08243505104350171
2-2-5,t3,mixture,0.6,500,800143,0.00457028100208845,kl_split,none,0.5216705840836064
2-2-5,t3,mixture,0.6,500,800143,0.00457028100208845,kl_crossfit,none,0.33487769502202136
2-2-5,t3,mixture,0.6,500,800143,0.00457028100208845,cf1_margin,none,0.2844010203590509
2-2-5,t3,mixture,0.6,500,800143,0.00457028100208845,slack_plugin,none,0.5688020407181016
2-2-5,t3,mixture,0.6,500,800143,0.00457028100208845,gm_battery,none,0.0
2-2-5,t3,mixture,0.6,500,800143,0.00457028100208845,gtest,none,315.29874351971233
2-2-5,t3,mixture,0.6,500,800144,0.0044598449967452325,kl_plugin,none,0.09284254635374302
2-2-5,t3,mixture,0.6,500,800144,0.0044598449967452325,kl_split,none,1.5699726959147202
2-2-5,t3,mixture,0.6,500,800144,0.0044598449967452325,kl_crossfit,none,1.6991006331619702
2-2-5,t3,mixture,0.6,500,800144,0.0044598449967452325,cf1_margin,none,0.3020647831737018
2-2-5,t3,mixture,0.6,500,800144,0.0044598449967452325,slack_plugin,none,0.6041295663474034
2-2-5,t3,mixture,0.6,500,800144,0.0044598449967452325,gm_battery,none,0.0
2-2-5,t3,mixture,0.6,500,800144,0.0044598449967452325,gtest,none,285.9632765628623
2-2-5,t3,mixture,0.6,500,800145,0.004662801999074873,kl_plugin,none,0.06976792629916755
2-2-5,t3,mixture,0.6,500,800145,0.004662801999074873,kl_split,none,0.1790704297449836
2-2-5,t3,mixture,0.6,500,800145,0.004662801999074873,kl_crossfit,none,2.1649882558488773
2-2-5,t3,mixture,0.6,500,800145,0.004662801999074873,cf1_margin,none,0.2609565899665338
2-2-5,t3,mixture,0.6,500,800145,0.004662801999074873,slack_plugin,none,0.5219131799330674
2-2-5,t3,mixture,0.6,500,800145,0.004662801999074873,gm_battery,none,0.0
2-2-5,t3,mixture,0.6,500,800145,0.004662801999074873,gtest,none,318.06802643371884
2-2-5,t3,mixture,0.6,500,800146,0.004797416004294064,kl_plugin,none,0.05899780930435384
2-2-5,t3,mixture,0.6,500,800146,0.004797416004294064,kl_split,none,1.4922477439022281
2-2-5,t3,mixture,0.6,500,800146,0.004797416004294064,kl_crossfit,none,0.8433625084772434
2-2-5,t3,mixture,0.6,500,800146,0.004797416004294064,cf1_margin,none,0.241291936621977
2-2-5,t3,mixture,0.6,500,800146,0.004797416004294064,slack_plugin,none,0.48258387324395435
2-2-5,t3,mixture,0.6,500,800146,0.004797416004294064,gm_battery,none,0.0
2-2-5,t3,mixture,0.6,500,800146,0.004797416004294064,gtest,none,341.21750425578364
2-2-5,t3,mixture,0.6,500,800147,0.005031624001276214,kl_plugin,none,0.028589656918993917
2-2-5,t3,mixture,0.6,500,800147,0.005031624001276214,kl_split,none,0.09844645891314238
2-2-5,t3,mixture,0.6,500,800147,0.005031624001276214,kl_crossfit,none,0.6069991986763802
2-2-5,t3,mixture,0.6,500,800147,0.005031624001276214,cf1_margin,none,0.1682746923950783
2-2-5,t3,mixture,0.6,500,800147,0.005031624001276214,slack_plugin,none,0.3365493847901567
2-2-5,t3,mixture,0.6,500,800147,0.005031624001276214,gm_battery,none,0.0
2-2-5,t3,mixture,0.6,500,800147,0.005031624001276214,gtest,none,333.8440822364812
2-2-5,t3,mixture,0.6,500,800148,0.006499403003545012,kl_plugin,none,0.0672576852720366
2-2-5,t3,mixture,0.6,500,800148,0.006499403003545012,kl_split,none,0.53155168119173
2-2-5,t3,mixture,0.6,500,800148,0.006499403003545012,kl_crossfit,none,1.9809121553386142
2-2-5,t3,mixture,0.6,500,800148,0.006499403003545012,cf1_margin,none,0.2573029211684673
2-2-5,t3,mixture,0.6,500,800148,0.006499403003545012,slack_plugin,none,0.5146058423369346
2-2-5,t3,mixture,0.6,500,800148,0.006499403003545012,gm_battery,none,0.0
2-2-5,t3,mixture,0.6,500,800148,0.006499403003545012,gtest,none,356.0515829237127
2-2-5,t3,mixture,0.6,500,800149,0.005027357001381461,kl_plugin,none,0.12881533037589488
2-2-5,t3,mixture,0.6,500,800149,0.005027357001381461,kl_split,none,0.491674003496434
2-2-5,t3,mixture,0.6,500,800149,0.005027357001381461,kl_crossfit,none,1.704572322822043
2-2-5,t3,mixture,0.6,500,800149,0.005027357001381461,cf1_margin,none,0.35381338969752285
2-2-5,t3,mixture,0.6,500,800149,0.005027357001381461,slack_plugin,none,0.7076267793950457
2-2-5,t3,mixture,0.6,500,800149,0.005027357001381461,gm_battery,none,0.0
2-2-5,t3,mixture,0.6,500,800149,0.005027357001381461,gtest,none,328.9371621310637
2-2-5,t3,mixture,0.6,500,800150,0.004617901999154128,kl_plugin,none,0.06077573152349297
2-2-5,t3,mixture,0.6,500,800150,0.004617901999154128,kl_split,none,0.14735345188471294
2-2-5,t3,mixture,0.6,500,800150,0.004617901999154128,kl_crossfit,none,0.8771855145804996
2-2-5,t3,mixture,0.6,500,800150,0.004617901999154128,cf1_margin,none,0.24442520720114136
2-2-5,t3,mixture,0.6,500,800150,0.004617901999154128,slack_plugin,none,0.48885041440228283
2-2-5,t3,mixture,0.6,500,800150,0.004617901999154128,gm_battery,none,0.0
2-2-5,t3,mixture,0.6,500,800150,0.004617901999154128,gtest,none,321.6705416777945
2-2-5,t3,mixture,0.6,500,800151,0.0062554050018661655,kl_plugin,none,0.10531155798213822
2-2-5,t3,mixture,0.6,500,800151,0.0062554050018661655,kl_split,none,0.2830111210700178
2-2-5,t3,mixture,0.6,500,800151,0.0062554050018661655,kl_crossfit,none,4.524643219321959
2-2-5,t3,mixture,0.6,500,800151,0.0062554050018661655,cf1_margin,none,0.32149331793168723
2-2-5,t3,mixture,0.6,500,800151,0.0062554050018661655,slack_plugin,none,0.6429866358633745
2-2-5,t3,mixture,0.6,500,800151,0.0062554050018661655,gm_battery,none,0.0
2-2-5,t3,mixture,0.6,500,800151,0.0062554050018661655,gtest,none,300.3308459088612
2-2-5,t3,mixture,0.6,500,800152,0.005832990995259024,kl_plugin,none,0.06138115011902137
2-2-5,t3,mixture,0.6,500,800152,0.005832990995259024,kl_split,none,0.5046417233607943
2-2-5,t3,mixture,0.6,500,800152,0.005832990995259024,kl_crossfit,none,1.2343777016336777
2-2-5,t3,mixture,0.6,500,800152,0.005832990995259024,cf1_margin,none,0.2457735655737706
2-2-5,t3,mixture,0.6,500,800152,0.005832990995259024,slack_plugin,none,0.49154713114754095
2-2-5,t3,mixture,0.6,500,800152,0.005832990995259024,gm_battery,none,0.0
2-2-5,t3,mixture,0.6,500,800152,0.005832990995259024,gtest,none,334.75423334335784
2-2-5,t3,mixture,0.6,500,800153,0.0068033640054636635,kl_plugin,none,0.036380021311804504
2-2-5,t3,mixture,0.6,500,800153,0.0068033640054636635,kl_split,none,0.9636690587437111
2-2-5,t3,mixture,0.6,500,800153,0.0068033640054636635,kl_crossfit,none,3.4195993802607694
2-2-5,t3,mixture,0.6,500,800153,0.0068033640054636635,cf1_margin,none,0.18912427343036953
2-2-5,t3,mixture,0.6,500,800153,0.0068033640054636635,slack_plugin,none,0.3782485468607387
2-2-5,t3,mixture,0.6,500,800153,0.0068033640054636635,gm_battery,none,0.0
2-2-5,t3,mixture,0.6,500,800153,0.0068033640054636635,gtest,none,349.09093627318424
2-2-5,t3,mixture,0.6,500,800154,0.006086200002755504,kl_plugin,none,0.08646234620311126
2-2-5,t3,mixture,0.6,500,800154,0.006086200002755504,kl_split,none,0.13260154080785655
2-2-5,t3,mixture,0.6,500,800154,0.006086200002755504,kl_crossfit,none,0.13913889029205495
2-2-5,t3,mixture,0.6,500,800154,0.006086200002755504,cf1_margin,none,0.2911779296218655
2-2-5,t3,mixture,0.6,500,800154,0.006086200002755504,slack_plugin,none,0.582355859243731
2-2-5,t3,mixture,0.6,500,800154,0.006086200002755504,gm_battery,none,0.0
2-2-5,t3,mixture,0.6,500,800154,0.006086200002755504,gtest,none,371.9092928283751
2-2-5,t3,mixture,0.6,500,800155,0.006711680005537346,kl_plugin,none,0.0876930301650127
2-2-5,t3,mixture,0.6,500,800155,0.006711680005537346,kl_split,none,2.9874421793753823
2-2-5,t3,mixture,0.6,500,800155,0.006711680005537346,kl_crossfit,none,1.8879529785221605
2-2-5,t3,mixture,0.6,500,800155,0.006711680005537346,cf1_margin,none,0.2922026946923213
2-2-5,t3,mixture,0.6,500,800155,0.006711680005537346,slack_plugin,none,0.5844053893846425
2-2-5,t3,mixture,0.6,500,800155,0.006711680005537346,gm_battery,none,0.0
2-2-5,t3,mixture,0.6,500,800155,0.006711680005537346,gtest,none,290.8079620664978
2-2-5,t3,mixture,0.6,500,800156,0.005397305998485535,kl_plugin,none,0.075062217026213
2-2-5,t3,mixture,0.6,500,800156,0.005397305998485535,kl_split,none,1.2178206135619565
2-2-5,t3,mixture,0.6,500,800156,0.005397305998485535,kl_crossfit,none,3.389788181989567
2-2-5,t3,mixture,0.6,500,800156,0.005397305998485535,cf1_margin,none,0.27137736815156166
2-2-5,t3,mixture,0.6,500,800156,0.005397305998485535,slack_plugin,none,0.5427547363031235
2-2-5,t3,mixture,0.6,500,800156,0.005397305998485535,gm_battery,none,0.0
2-2-5,t3,mixture,0.6,500,800156,0.005397305998485535,gtest,none,295.8425025759133
2-2-5,t3,mixture,0.6,500,800157,0.004845853000006173,kl_plugin,none,0.0585954550746196
2-2-5,t3,mixture,0.6,500,800157,0.004845853000006173,kl_split,none,0.21577600882556208
2-2-5,t3,mixture,0.6,500,800157,0.004845853000006173,kl_crossfit,none,0.48101069345848757
2-2-5,t3,mixture,0.6,500,800157,0.004845853000006173,cf1_margin,none,0.238655462184874
2-2-5,t3,mixture,0.6,500,800157,0.004845853000006173,slack_plugin,none,0.477310924369748
2-2-5,t3,mixture,0.6,500,800157,0.004845853000006173,gm_battery,none,0.0
2-2-5,t3,mixture,0.6,500,800157,0.004845853000006173,gtest,none,334.7372914090661
2-2-5,t3,mixture,0.6,500,800158,0.004580472996167373,kl_plugin,none,0.08881312729992309
2-2-5,t3,mixture,0.6,500,800158,0.004580472996167373,kl_split,none,1.2146246303542028
2-2-5,t3,mixture,0.6,500,800158,0.004580472996167373,kl_crossfit,none,1.7882023571207721
2-2-5,t3,mixture,0.6,500,800158,0.004580472996167373,cf1_margin,none,0.29541854026979886
2-2-5,t3,mixture,0.6,500,800158,0.004580472996167373,slack_plugin,none,0.5908370805395976
2-2-5,t3,mixture,0.6,500,800158,0.004580472996167373,gm_battery,none,0.0
2-2-5,t3,mixture,0.6,500,800158,0.004580472996167373,gtest,none,301.25261329273746
2-2-5,t3,mixture,0.6,500,800159,0.00476259300194215,kl_plugin,none,0.07305565709382354
2-2-5,t3,mixture,0.6,500,800159,0.00476259300194215,kl_split,none,2.412399933372985
2-2-5,t3,mixture,0.6,500,800159,0.00476259300194215,kl_crossfit,none,1.4314485549886664
2-2-5,t3,mixture,0.6,500,800159,0.00476259300194215,cf1_margin,none,0.26571826342993377
2-2-5,t3,mixture,0.6,500,800159,0.00476259300194215,slack_plugin,none,0.5314365268598678
2-2-5,t3,mixture,0.6,500,800159,0.00476259300194215,gm_battery,none,0.0
2-2-5,t3,mixture,0.6,500,800159,0.00476259300194215,gtest,none,326.7244178485866
2-2-5,t3,mixture,0.6,500,800160,0.004384785999718588,kl_plugin,none,0.08872244065487836
2-2-5,t3,mixture,0.6,500,800160,0.004384785999718588,kl_split,none,0.2182896633431695
2-2-5,t3,mixture,0.6,500,800160,0.004384785999718588,kl_crossfit,none,3.5941270745514253
2-2-5,t3,mixture,0.6,500,800160,0.004384785999718588,cf1_margin,none,0.295594262295082
2-2-5,t3,mixture,0.6,500,800160,0.004384785999718588,slack_plugin,none,0.591188524590164
2-2-5,t3,mixture,0.6,500,800160,0.004384785999718588,gm_battery,none,0.0
2-2-5,t3,mixture,0.6,500,800160,0.004384785999718588,gtest,none,301.8041040172306
2-2-5,t3,mixture,0.6,500,800161,0.004693946997576859,kl_plugin,none,0.05664223154947761
2-2-5,t3,mixture,0.6,500,800161,0.004693946997576859,kl_split,none,1.014896248326771
2-2-5,t3,mixture,0.6,500,800161,0.004693946997576859,kl_crossfit,none,0.5742081343678902
2-2-5,t3,mixture,0.6,500,800161,0.004693946997576859,cf1_margin,none,0.23502304147465458
2-2-5,t3,mixture,0.6,500,800161,0.004693946997576859,slack_plugin,none,0.47004608294930905
2-2-5,t3,mixture,0.6,500,800161,0.004693946997576859,gm_battery,none,0.0
2-2-5,t3,mixture,0.6,500,800161,0.004693946997576859,gtest,none,346.94463835626715
2-2-5,t3,mixture,0.6,500,800162,0.004541574999166187,kl_plugin,none,0.09733807068974179
2-2-5,t3,mixture,0.6,500,800162,0.004541574999166187,kl_split,none,0.21690575611972623
2-2-5,t3,mixture,0.6,500,800162,0.004541574999166187,kl_crossfit,none,0.5994338233250726
2-2-5,t3,mixture,0.6,500,800162,0.004541574999166187,cf1_margin,none,0.3089368258859786
2-2-5,t3,mixture,0.6,500,800162,0.004541574999166187,slack_plugin,none,0.617873651771957
2-2-5,t3,mixture,0.6,500,800162,0.004541574999166187,gm_battery,none,0.0
2-2-5,t3,mixture,0.6,500,800162,0.004541574999166187,gtest,none,345.3872061047929
2-2-5,t3,mixture,0.6,500,800163,0.0043834289972437546,kl_plugin,none,0.11403405862642307
2-2-5,t3,mixture,0.6,500,800163,0.0043834289972437546,kl_split,none,1.976744008068738
2-2-5,t3,mixture,0.6,500,800163,0.0043834289972437546,kl_crossfit,none,1.0964029853482913
2-2-5,t3,mixture,0.6,500,800163,0.0043834289972437546,cf1_margin,none,0.33416795069337435
2-2-5,t3,mixture,0.6,500,800163,0.0043834289972437546,slack_plugin,none,0.668335901386749
2-2-5,t3,mixture,0.6,500,800163,0.0043834289972437546,gm_battery,none,0.0
2-2-5,t3,mixture,0.6,500,800163,0.0043834289972437546,gtest,none,353.39758838378236
2-2-5,t3,mixture,0.6,500,800164,0.005171163000341039,kl_plugin,none,0.028083375935871114
2-2-5,t3,mixture,0.6,500,800164,0.005171163000341039,kl_split,none,0.10380723909519762
2-2-5,t3,mixture,0.6,500,800164,0.005171163000341039,kl_crossfit,none,1.6706554751471137
2-2-5,t3,mixture,0.6,500,800164,0.005171163000341039,cf1_margin,none,0.16688049265507732
2-2-5,t3,mixture,0.6,500,800164,0.005171163000341039,slack_plugin,none,0.3337609853101545
2-2-5,t3,mixture,0.6,500,800164,0.005171163000341039,gm_battery,none,0.0
2-2-5,t3,mixture,0.6,500,800164,0.005171163000341039,gtest,none,336.2151188398034
2-2-5,t3,mixture,0.6,500,800165,0.005183711997233331,kl_plugin,none,0.07976350553491732
2-2-5,t3,mixture,0.6,500,800165,0.005183711997233331,kl_split,none,1.2834738513274835
2-2-5,t3,mixture,0.6,500,800165,0.005183711997233331,kl_crossfit,none,3.458476893049874
2-2-5,t3,mixture,0.6,500,800165,0.005183711997233331,cf1_margin,none,0.28027950310559
2-2-5,t3,mixture,0.6,500,800165,0.005183711997233331,slack_plugin,none,0.56055900621118
2-2-5,t3,mixture,0.6,500,800165,0.005183711997233331,gm_battery,none,0.0
2-2-5,t3,mixture,0.6,500,800165,0.005183711997233331,gtest,none,340.33477714238603
2-2-5,t3,mixture,0.6,500,800166,0.0070380930046667345,kl_plugin,none,0.08993365052279376
2-2-5,t3,mixture,0.6,500,800166,0.0070380930046667345,kl_split,none,1.1828129218097594
2-2-5,t3,mixture,0.6,500,800166,0.0070380930046667345,kl_crossfit,none,1.6452292181002464
2-2-5,t3,mixture,0.6,500,800166,0.0070380930046667345,cf1_margin,none,0.2956229605696742
2-2-5,t3,mixture,0.6,500,800166,0.0070380930046667345,slack_plugin,none,0.5912459211393484
2-2-5,t3,mixture,0.6,500,800166,0.0070380930046667345,gm_battery,none,0.0
2-2-5,t3,mixture,0.6,500,800166,0.0070380930046667345,gtest,none,324.44414951256107
2-2-5,t3,mixture,0.6,500,800167,0.006035425001755357,kl_plugin,none,0.04762496753266011
2-2-5,t3,mixture,0.6,500,800167,0.006035425001755357,kl_split,none,1.9758516646565913
2-2-5,t3,mixture,0.6,500,800167,0.006035425001755357,kl_crossfit,none,1.2966780555583866
2-2-5,t3,mixture,0.6,500,800167,0.006035425001755357,cf1_margin,none,0.21629073887045314
2-2-5,t3,mixture,0.6,500,800167,0.006035425001755357,slack_plugin,none,0.4325814777409064
2-2-5,t3,mixture,0.6,500,800167,0.006035425001755357,gm_battery,none,0.0
2-2-5,t3,mixture,0.6,500,800167,0.006035425001755357,gtest,none,354.39743273892407
2-2-5,t3,mixture,0.6,500,800168,0.004753157001687214,kl_plugin,none,0.09459931477852365
2-2-5,t3,mixture,0.6,500,800168,0.004753157001687214,kl_split,none,1.0114713296972735
2-2-5,t3,mixture,0.6,500,800168,0.004753157001687214,kl_crossfit,none,0.9252752843751411
2-2-5,t3,mixture,0.6,500,800168,0.004753157001687214,cf1_margin,none,0.30252100840336127
2-2-5,t3,mixture,0.6,500,800168,0.004753157001687214,slack_plugin,none,0.6050420168067228
2-2-5,t3,mixture,0.6,500,800168,0.004753157001687214,gm_battery,none,0.0
2-2-5,t3,mixture,0.6,500,800168,0.004753157001687214,gtest,none,323.66898289053165
2-2-5,t3,mixture,0.6,500,800169,0.0048545989993726835,kl_plugin,none,0.06751513062426537
2-2-5,t3,mixture,0.6,500,800169,0.0048545989993726835,kl_split,none,4.298345558160361
2-2-5,t3,mixture,0.6,500,800169,0.0048545989993726835,kl_crossfit,none,2.875893791958212
2-2-5,t3,mixture,0.6,500,800169,0.0048545989993726835,cf1_margin,none,0.258202178691181
2-2-5,t3,mixture,0.6,500,800169,0.0048545989993726835,slack_plugin,none,0.5164043573823622
2-2-5,t3,mixture,0.6,500,800169,0.0048545989993726835,gm_battery,none,0.0
2-2-5,t3,mixture,0.6,500,800169,0.0048545989993726835,gtest,none,339.02577774647045
2-2-5,t3,mixture,0.6,500,800170,0.004728403000626713,kl_plugin,none,0.08077695556556541
2-2-5,t3,mixture,0.6,500,800170,0.004728403000626713,kl_split,none,0.19533957342443928
2-2-5,t3,mixture,0.6,500,800170,0.004728403000626713,kl_crossfit,none,1.5419306127100276
2-2-5,t3,mixture,0.6,500,800170,0.004728403000626713,cf1_margin,none,0.28147258903561423
2-2-5,t3,mixture,0.6,500,800170,0.004728403000626713,slack_plugin,none,0.5629451780712285
2-2-5,t3,mixture,0.6,500,800170,0.004728403000626713,gm_battery,none,0.0
2-2-5,t3,mixture,0.6,500,800170,0.004728403000626713,gtest,none,382.9167744003846
2-2-5,t3,mixture,0.6,500,800171,0.004524516996752936,kl_plugin,none,0.10097995812807675
2-2-5,t3,mixture,0.6,500,800171,0.004524516996752936,kl_split,none,4.953408846842594
2-2-5,t3,mixture,0.6,500,800171,0.004524516996752936,kl_crossfit,none,2.5652568454336606
2-2-5,t3,mixture,0.6,500,800171,0.004524516996752936,cf1_margin,none,0.31324510729545063
2-2-5,t3,mixture,0.6,500,800171,0.004524516996752936,slack_plugin,none,0.626490214590901
2-2-5,t3,mixture,0.6,500,800171,0.004524516996752936,gm_battery,none,0.0
2-2-5,t3,mixture,0.6,500,800171,0.004524516996752936,gtest,none,312.9010981799157
2-2-5,t3,mixture,0.6,500,800172,0.0077891909968457185,kl_plugin,none,0.043395076217058556
2-2-5,t3,mixture,0.6,500,800172,0.0077891909968457185,kl_split,none,6.624250699152073
2-2-5,t3,mixture,0.6,500,800172,0.0077891909968457185,kl_crossfit,none,3.4044618490930705
2-2-5,t3,mixture,0.6,500,800172,0.0077891909968457185,cf1_margin,none,0.2069730433524618
2-2-5,t3,mixture,0.6,500,800172,0.0077891909968457185,slack_plugin,none,0.4139460867049235
2-2-5,t3,mixture,0.6,500,800172,0.0077891909968457185,gm_battery,none,0.0
2-2-5,t3,mixture,0.6,500,800172,0.0077891909968457185,gtest,none,294.7240457919343
2-2-5,t3,mixture,0.6,500,800173,0.009560036000038963,kl_plugin,none,0.027178493752617574
2-2-5,t3,mixture,0.6,500,800173,0.009560036000038963,kl_split,none,0.10256550273056754
2-2-5,t3,mixture,0.6,500,800173,0.009560036000038963,kl_crossfit,none,2.2132847148121395
2-2-5,t3,mixture,0.6,500,800173,0.009560036000038963,cf1_margin,none,0.16399999999999992
2-2-5,t3,mixture,0.6,500,800173,0.009560036000038963,slack_plugin,none,0.32799999999999996
2-2-5,t3,mixture,0.6,500,800173,0.009560036000038963,gm_battery,none,0.0
2-2-5,t3,mixture,0.6,500,800173,0.009560036000038963,gtest,none,324.3774117686703
2-2-5,t3,mixture,0.6,500,800174,0.00497892800194677,kl_plugin,none,0.07830052583600283
2-2-5,t3,mixture,0.6,500,800174,0.00497892800194677,kl_split,none,1.2845525024185644
2-2-5,t3,mixture,0.6,500,800174,0.00497892800194677,kl_crossfit,none,2.282422543455031
2-2-5,t3,mixture,0.6,500,800174,0.00497892800194677,cf1_margin,none,0.276
2-2-5,t3,mixture,0.6,500,800174,0.00497892800194677,slack_plugin,none,0.552
2-2-5,t3,mixture,0.6,500,800174,0.00497892800194677,gm_battery,none,0.0
2-2-5,t3,mixture,0.6,500,800174,0.00497892800194677,gtest,none,263.20825378731325
2-2-5,t3,mixture,0.6,500,800175,0.005185141999390908,kl_plugin,none,0.04396043048159859
2-2-5,t3,mixture,0.6,500,800175,0.005185141999390908,kl_split,none,0.20344409205566102
2-2-5,t3,mixture,0.6,500,800175,0.005185141999390908,kl_crossfit,none,4.357455733531785
2-2-5,t3,mixture,0.6,500,800175,0.005185141999390908,cf1_margin,none,0.20869342551693215
2-2-5,t3,mixture,0.6,500,800175,0.005185141999390908,slack_plugin,none,0.41738685103386486
2-2-5,t3,mixture,0.6,500,800175,0.005185141999390908,gm_battery,none,0.0
2-2-5,t3,mixture,0.6,500,800175,0.005185141999390908,gtest,none,346.0617104724076
2-2-5,t3,mixture,0.6,500,800176,0.0046448089997284114,kl_plugin,none,0.10613918887572094
2-2-5,t3,mixture,0.6,500,800176,0.0046448089997284114,kl_split,none,1.3110847021343548
2-2-5,t3,mixture,0.6,500,800176,0.0046448089997284114,kl_crossfit,none,0.9405231328946317
2-2-5,t3,mixture,0.6,500,800176,0.0046448089997284114,cf1_margin,none,0.3217882820130983
2-2-5,t3,mixture,0.6,500,800176,0.0046448089997284114,slack_plugin,none,0.6435765640261966
2-2-5,t3,mixture,0.6,500,800176,0.0046448089997284114,gm_battery,none,0.0
2-2-5,t3,mixture,0.6,500,800176,0.0046448089997284114,gtest,none,325.2097160778795
2-2-5,t3,mixture,0.6,500,800177,0.004828432000067551,kl_plugin,none,0.059904460969180784
2-2-5,t3,mixture,0.6,500,800177,0.004828432000067551,kl_split,none,1.0551321334854387
2-2-5,t3,mixture,0.6,500,800177,0.004828432000067551,kl_crossfit,none,1.083317790807869
2-2-5,t3,mixture,0.6,500,800177,0.004828432000067551,cf1_margin,none,0.24323026694833894
2-2-5,t3,mixture,0.6,500,800177,0.004828432000067551,slack_plugin,none,0.4864605338966775
2-2-5,t3,mixture,0.6,500,800177,0.004828432000067551,gm_battery,none,0.0
2-2-5,t3,mixture,0.6,500,800177,0.004828432000067551,gtest,none,361.3188291923581
2-2-5,t3,mixture,0.6,500,800178,0.0044261349976295605,kl_plugin,none,0.12064995234895419
2-2-5,t3,mixture,0.6,500,800178,0.0044261349976295605,kl_split,none,0.7980048311896216
2-2-5,t3,mixture,0.6,500,800178,0.0044261349976295605,kl_crossfit,none,0.7189505982834177
2-2-5,t3,mixture,0.6,500,800178,0.0044261349976295605,cf1_margin,none,0.3436174809172521
2-2-5,t3,mixture,0.6,500,800178,0.0044261349976295605,slack_plugin,none,0.6872349618345043
2-2-5,t3,mixture,0.6,500,800178,0.0044261349976295605,gm_battery,none,0.0
2-2-5,t3,mixture,0.6,500,800178,0.0044261349976295605,gtest,none,303.96036824861744
2-2-5,t3,mixture,0.6,500,800179,0.004297412000596523,kl_plugin,none,0.11071113626848947
2-2-5,t3,mixture,0.6,500,800179,0.004297412000596523,kl_split,none,0.5966080756345038
2-2-5,t3,mixture,0.6,500,800179,0.004297412000596523,kl_crossfit,none,3.7708056959088725
2-2-5,t3,mixture,0.6,500,800179,0.004297412000596523,cf1_margin,none,0.3286742497268814
2-2-5,t3,mixture,0.6,500,800179,0.004297412000596523,slack_plugin,none,0.6573484994537628
2-2-5,t3,mixture,0.6,500,800179,0.004297412000596523,gm_battery,none,0.0
2-2-5,t3,mixture,0.6,500,800179,0.004297412000596523,gtest,none,383.6768782758712
2-2-5,t3,mixture,0.6,500,800180,0.004583709000144154,kl_plugin,none,0.08086995488485839
2-2-5,t3,mixture,0.6,500,800180,0.004583709000144154,kl_split,none,1.0486067449040526
2-2-5,t3,mixture,0.6,500,800180,0.004583709000144154,kl_crossfit,none,0.7624931268973087
2-2-5,t3,mixture,0.6,500,800180,0.004583709000144154,cf1_margin,none,0.2823281071238658
2-2-5,t3,mixture,0.6,500,800180,0.004583709000144154,slack_plugin,none,0.5646562142477318
2-2-5,t3,mixture,0.6,500,800180,0.004583709000144154,gm_battery,none,0.0
2-2-5,t3,mixture,0.6,500,800180,0.004583709000144154,gtest,none,345.89234709366264
2-2-5,t3,mixture,0.6,500,800181,0.005400624999310821,kl_plugin,none,0.08241111927397234
2-2-5,t3,mixture,0.6,500,800181,0.005400624999310821,kl_split,none,0.8724718427719105
2-2-5,t3,mixture,0.6,500,800181,0.005400624999310821,kl_crossfit,none,1.4766845325971156
2-2-5,t3,mixture,0.6,500,800181,0.005400624999310821,cf1_margin,none,0.2844982078853048
2-2-5,t3,mixture,0.6,500,800181,0.005400624999310821,slack_plugin,none,0.5689964157706092
2-2-5,t3,mixture,0.6,500,800181,0.005400624999310821,gm_battery,none,0.0
2-2-5,t3,mixture,0.6,500,800181,0.005400624999310821,gtest,none,361.8120385803281
2-2-5,t3,mixture,0.6,500,800182,0.004629807001037989,kl_plugin,none,0.10206567651106524
2-2-5,t3,mixture,0.6,500,800182,0.004629807001037989,kl_split,none,0.4763440424997052
2-2-5,t3,mixture,0.6,500,800182,0.004629807001037989,kl_crossfit,none,0.32244932390465886
2-2-5,t3,mixture,0.6,500,800182,0.004629807001037989,cf1_margin,none,0.3142577529640148
2-2-5,t3,mixture,0.6,500,800182,0.004629807001037989,slack_plugin,none,0.6285155059280293
2-2-5,t3,mixture,0.6,500,800182,0.004629807001037989,gm_battery,none,0.0
2-2-5,t3,mixture,0.6,500,800182,0.004629807001037989,gtest,none,298.1047875487008
2-2-5,t3,mixture,0.6,500,800183,0.004809858000953682,kl_plugin,none,0.07554282636519405
2-2-5,t3,mixture,0.6,500,800183,0.004809858000953682,kl_split,none,0.9641647880816916
2-2-5,t3,mixture,0.6,500,800183,0.004809858000953682,kl_crossfit,none,0.9598925173843096
2-2-5,t3,mixture,0.6,500,800183,0.004809858000953682,cf1_margin,none,0.27262479871175527
2-2-5,t3,mixture,0.6,500,800183,0.004809858000953682,slack_plugin,none,0.5452495974235105
2-2-5,t3,mixture,0.6,500,800183,0.004809858000953682,gm_battery,none,0.0
2-2-5,t3,mixture,0.6,500,800183,0.004809858000953682,gtest,none,305.4963458086208
2-2-5,t3,mixture,0.6,500,800184,0.0045992800005478784,kl_plugin,none,0.11163366801755101
2-2-5,t3,mixture,0.6,500,800184,0.0045992800005478784,kl_split,none,1.175775831367964
2-2-5,t3,mixture,0.6,500,800184,0.0045992800005478784,kl_crossfit,none,2.4346836504467975
2-2-5,t3,mixture,0.6,500,800184,0.0045992800005478784,cf1_margin,none,0.3293473329444553
2-2-5,t3,mixture,0.6,500,800184,0.0045992800005478784,slack_plugin,none,0.6586946658889106
2-2-5,t3,mixture,0.6,500,800184,0.0045992800005478784,gm_battery,none,0.0
2-2-5,t3,mixture,0.6,500,800184,0.0045992800005478784,gtest,none,291.458938818068
2-2-5,t3,mixture,0.6,500,800185,0.004784197997651063,kl_plugin,none,0.11827419120692409
2-2-5,t3,mixture,0.6,500,800185,0.004784197997651063,kl_split,none,3.6554678487890992
2-2-5,t3,mixture,0.6,500,800185,0.004784197997651063,kl_crossfit,none,2.049438427107441
2-2-5,t3,mixture,0.6,500,800185,0.004784197997651063,cf1_margin,none,0.33974943599097585
2-2-5,t3,mixture,0.6,500,800185,0.004784197997651063,slack_plugin,none,0.6794988719819519
2-2-5,t3,mixture,0.6,500,800185,0.004784197997651063,gm_battery,none,0.0
2-2-5,t3,mixture,0.6,500,800185,0.004784197997651063,gtest,none,300.2985769317884
2-2-5,t3,mixture,0.6,500,800186,0.006613541001570411,kl_plugin,none,0.05138172994904164
2-2-5,t3,mixture,0.6,500,800186,0.006613541001570411,kl_split,none,1.658859350244934
2-2-5,t3,mixture,0.6,500,800186,0.006613541001570411,kl_crossfit,none,2.779143933122218
2-2-5,t3,mixture,0.6,500,800186,0.006613541001570411,cf1_margin,none,0.2256034925526451
2-2-5,t3,mixture,0.6,500,800186,0.006613541001570411,slack_plugin,none,0.4512069851052902
2-2-5,t3,mixture,0.6,500,800186,0.006613541001570411,gm_battery,none,0.0
2-2-5,t3,mixture,0.6,500,800186,0.006613541001570411,gtest,none,362.63237282181075
2-2-5,t3,mixture,0.6,500,800187,0.0051930379995610565,kl_plugin,none,0.09278696585830776
2-2-5,t3,mixture,0.6,500,800187,0.0051930379995610565,kl_split,none,3.044600978300346
2-2-5,t3,mixture,0.6,500,800187,0.0051930379995610565,kl_crossfit,none,1.750015160425506
2-2-5,t3,mixture,0.6,500,800187,0.0051930379995610565,cf1_margin,none,0.30136657107611453
2-2-5,t3,mixture,0.6,500,800187,0.0051930379995610565,slack_plugin,none,0.6027331421522293
2-2-5,t3,mixture,0.6,500,800187,0.0051930379995610565,gm_battery,none,0.0
2-2-5,t3,mixture,0.6,500,800187,0.0051930379995610565,gtest,none,327.07070256132624
2-2-5,t3,mixture,0.6,500,800188,0.004738126001029741,kl_plugin,none,0.09463273732103385
2-2-5,t3,mixture,0.6,500,800188,0.004738126001029741,kl_split,none,3.1006448836983456
2-2-5,t3,mixture,0.6,500,800188,0.004738126001029741,kl_crossfit,none,1.6357890094116883
2-2-5,t3,mixture,0.6,500,800188,0.004738126001029741,cf1_margin,none,0.30466787217359304
2-2-5,t3,mixture,0.6,500,800188,0.004738126001029741,slack_plugin,none,0.6093357443471857
2-2-5,t3,mixture,0.6,500,800188,0.004738126001029741,gm_battery,none,0.0
2-2-5,t3,mixture,0.6,500,800188,0.004738126001029741,gtest,none,335.83677768585915
2-2-5,t3,mixture,0.6,500,800189,0.004630873001588043,kl_plugin,none,0.05102295326853881
2-2-5,t3,mixture,0.6,500,800189,0.004630873001588043,kl_split,none,0.12240812860752165
2-2-5,t3,mixture,0.6,500,800189,0.004630873001588043,kl_crossfit,none,0.27902762865366904
2-2-5,t3,mixture,0.6,500,800189,0.004630873001588043,cf1_margin,none,0.22444786851566512
2-2-5,t3,mixture,0.6,500,800189,0.004630873001588043,slack_plugin,none,0.44889573703133034
2-2-5,t3,mixture,0.6,500,800189,0.004630873001588043,gm_battery,none,0.0
2-2-5,t3,mixture,0.6,500,800189,0.004630873001588043,gtest,none,355.4126140591869
2-2-5,t3,mixture,0.6,500,800190,0.004770011000800878,kl_plugin,none,0.056691226559473035
2-2-5,t3,mixture,0.6,500,800190,0.004770011000800878,kl_split,none,0.7411581099988123
2-2-5,t3,mixture,0.6,500,800190,0.004770011000800878,kl_crossfit,none,5.094300306665641
2-2-5,t3,mixture,0.6,500,800190,0.004770011000800878,cf1_margin,none,0.2364951356886842
2-2-5,t3,mixture,0.6,500,800190,0.004770011000800878,slack_plugin,none,0.4729902713773682
2-2-5,t3,mixture,0.6,500,800190,0.004770011000800878,gm_battery,none,0.0
2-2-5,t3,mixture,0.6,500,800190,0.004770011000800878,gtest,none,322.16955887319205
2-2-5,t3,mixture,0.6,500,800191,0.004641207000531722,kl_plugin,none,0.10502356491571949
2-2-5,t3,mixture,0.6,500,800191,0.004641207000531722,kl_split,none,0.1841880567422205
2-2-5,t3,mixture,0.6,500,800191,0.004641207000531722,kl_crossfit,none,0.45439738181987743
2-2-5,t3,mixture,0.6,500,800191,0.004641207000531722,cf1_margin,none,0.32000128295593044
2-2-5,t3,mixture,0.6,500,800191,0.004641207000531722,slack_plugin,none,0.6400025659118611
2-2-5,t3,mixture,0.6,500,800191,0.004641207000531722,gm_battery,none,0.0
2-2-5,t3,mixture,0.6,500,800191,0.004641207000531722,gtest,none,352.9174135019234
2-2-5,t3,mixture,0.6,500,800192,0.004506642995693255,kl_plugin,none,0.09924611257475881
2-2-5,t3,mixture,0.6,500,800192,0.004506642995693255,kl_split,none,1.0363095647627718
2-2-5,t3,mixture,0.6,500,800192,0.004506642995693255,kl_crossfit,none,3.2214880211282213
2-2-5,t3,mixture,0.6,500,800192,0.004506642995693255,cf1_margin,none,0.31084476164567687
2-2-5,t3,mixture,0.6,500,800192,0.004506642995693255,slack_plugin,none,0.6216895232913539
2-2-5,t3,mixture,0.6,500,800192,0.004506642995693255,gm_battery,none,0.0
2-2-5,t3,mixture,0.6,500,800192,0.004506642995693255,gtest,none,255.25596502898068
2-2-5,t3,mixture,0.6,500,800193,0.0045935649977764115,kl_plugin,none,0.06866255821150774
2-2-5,t3,mixture,0.6,500,800193,0.0045935649977764115,kl_split,none,0.9404703762311003
2-2-5,t3,mixture,0.6,500,800193,0.0045935649977764115,kl_crossfit,none,1.675167254039503
2-2-5,t3,mixture,0.6,500,800193,0.0045935649977764115,cf1_margin,none,0.26019616313861016
2-2-5,t3,mixture,0.6,500,800193,0.0045935649977764115,slack_plugin,none,0.5203923262772205
2-2-5,t3,mixture,0.6,500,800193,0.0045935649977764115,gm_battery,none,0.0
2-2-5,t3,mixture,0.6,500,800193,0.0045935649977764115,gtest,none,341.0847981592359
2-2-5,t3,mixture,0.6,500,800194,0.004539403002127074,kl_plugin,none,0.06688594506568941
2-2-5,t3,mixture,0.6,500,800194,0.004539403002127074,kl_split,none,0.5091129230755217
2-2-5,t3,mixture,0.6,500,800194,0.004539403002127074,kl_crossfit,none,0.3199463466551903
2-2-5,t3,mixture,0.6,500,800194,0.004539403002127074,cf1_margin,none,0.2570311999487477
2-2-5,t3,mixture,0.6,500,800194,0.004539403002127074,slack_plugin,none,0.514062399897495
2-2-5,t3,mixture,0.6,500,800194,0.004539403002127074,gm_battery,none,0.0
2-2-5,t3,mixture,0.6,500,800194,0.004539403002127074,gtest,none,303.44311457828877
2-2-5,t3,mixture,0.6,500,800195,0.004498189002333675,kl_plugin,none,0.09139341221790195
2-2-5,t3,mixture,0.6,500,800195,0.004498189002333675,kl_split,none,0.15096653416886469
2-2-5,t3,mixture,0.6,500,800195,0.004498189002333675,kl_crossfit,none,0.3042858458836297
2-2-5,t3,mixture,0.6,500,800195,0.004498189002333675,cf1_margin,none,0.2999871991807477
2-2-5,t3,mixture,0.6,500,800195,0.004498189002333675,slack_plugin,none,0.5999743983614949
2-2-5,t3,mixture,0.6,500,800195,0.004498189002333675,gm_battery,none,0.0
2-2-5,t3,mixture,0.6,500,800195,0.004498189002333675,gtest,none,270.94493528871476
2-2-5,t3,mixture,0.6,500,800196,0.00634128999809036,kl_plugin,none,0.07538824630637471
2-2-5,t3,mixture,0.6,500,800196,0.00634128999809036,kl_split,none,0.13186760273560688
2-2-5,t3,mixture,0.6,500,800196,0.00634128999809036,kl_crossfit,none,1.6817581082890485
2-2-5,t3,mixture,0.6,500,800196,0.00634128999809036,cf1_margin,none,0.2726690676270508
2-2-5,t3,mixture,0.6,500,800196,0.00634128999809036,slack_plugin,none,0.5453381352541017
2-2-5,t3,mixture,0.6,500,800196,0.00634128999809036,gm_battery,none,0.0
2-2-5,t3,mixture,0.6,500,800196,0.00634128999809036,gtest,none,298.9373148546994
2-2-5,t3,mixture,0.6,500,800197,0.004390552996483166,kl_plugin,none,0.09316576203692946
2-2-5,t3,mixture,0.6,500,800197,0.004390552996483166,kl_split,none,3.751508212469483
2-2-5,t3,mixture,0.6,500,800197,0.004390552996483166,kl_crossfit,none,2.1031006105994794
2-2-5,t3,mixture,0.6,500,800197,0.004390552996483166,cf1_margin,none,0.3012329009339183
2-2-5,t3,mixture,0.6,500,800197,0.004390552996483166,slack_plugin,none,0.6024658018678368
2-2-5,t3,mixture,0.6,500,800197,0.004390552996483166,gm_battery,none,0.0
2-2-5,t3,mixture,0.6,500,800197,0.004390552996483166,gtest,none,296.5059941869624
2-2-5,t3,mixture,0.6,500,800198,0.005662372997903731,kl_plugin,none,0.05946260034345818
2-2-5,t3,mixture,0.6,500,800198,0.005662372997903731,kl_split,none,1.0488030572288496
2-2-5,t3,mixture,0.6,500,800198,0.005662372997903731,kl_crossfit,none,0.9978785918962689
2-2-5,t3,mixture,0.6,500,800198,0.005662372997903731,cf1_margin,none,0.2418673155737705
2-2-5,t3,mixture,0.6,500,800198,0.005662372997903731,slack_plugin,none,0.483734631147541
2-2-5,t3,mixture,0.6,500,800198,0.005662372997903731,gm_battery,none,0.0
2-2-5,t3,mixture,0.6,500,800198,0.005662372997903731,gtest,none,362.8458126842074
2-2-5,t3,mixture,0.6,500,800199,0.00568886299879523,kl_plugin,none,0.06287741225467625
2-2-5,t3,mixture,0.6,500,800199,0.00568886299879523,kl_split,none,2.537818907580464
2-2-5,t3,mixture,0.6,500,800199,0.00568886299879523,kl_crossfit,none,3.824156802395573
2-2-5,t3,mixture,0.6,500,800199,0.00568886299879523,cf1_margin,none,0.2479999999999999
2-2-5,t3,mixture,0.6,500,800199,0.00568886299879523,slack_plugin,none,0.496
2-2-5,t3,mixture,0.6,500,800199,0.00568886299879523,gm_battery,none,0.0
2-2-5,t3,mixture,0.6,500,800199,0.00568886299879523,gtest,none,340.13100205849673
