cell,tail,family,rho,n,seed,dt_stats_s,stat,engine,stat_obs
2-2-4,t3,mixture,0.8,1000,800000,0.006861854002636392,kl_plugin,none,0.8544083057423996
2-2-4,t3,mixture,0.8,1000,800000,0.006861854002636392,kl_split,none,0.9139430635729179
2-2-4,t3,mixture,0.8,1000,800000,0.006861854002636392,kl_crossfit,none,0.8878799325231804
2-2-4,t3,mixture,0.8,1000,800000,0.006861854002636392,cf1_margin,none,0.798187756147541
2-2-4,t3,mixture,0.8,1000,800000,0.006861854002636392,slack_plugin,none,1.5963755122950816
2-2-4,t3,mixture,0.8,1000,800000,0.006861854002636392,gm_battery,none,0.0
2-2-4,t3,mixture,0.8,1000,800000,0.006861854002636392,gtest,none,29.621480171395923
2-2-4,t3,mixture,0.8,1000,800001,0.006662690997472964,kl_plugin,none,0.8543290931967664
2-2-4,t3,mixture,0.8,1000,800001,0.006662690997472964,kl_split,none,0.9233891969036416
2-2-4,t3,mixture,0.8,1000,800001,0.006662690997472964,kl_crossfit,none,0.8859631601761111
2-2-4,t3,mixture,0.8,1000,800001,0.006662690997472964,cf1_margin,none,0.8154247487356763
2-2-4,t3,mixture,0.8,1000,800001,0.006662690997472964,slack_plugin,none,1.6308494974713528
2-2-4,t3,mixture,0.8,1000,800001,0.006662690997472964,gm_battery,none,0.0
2-2-4,t3,mixture,0.8,1000,800001,0.006662690997472964,gtest,none,31.98100575356321
2-2-4,t3,mixture,0.8,1000,800002,0.007964058997458778,kl_plugin,none,0.8042819416484552
2-2-4,t3,mixture,0.8,1000,800002,0.007964058997458778,kl_split,none,0.8848811208323377
2-2-4,t3,mixture,0.8,1000,800002,0.007964058997458778,kl_crossfit,none,0.8419731952198108
2-2-4,t3,mixture,0.8,1000,800002,0.007964058997458778,cf1_margin,none,0.7943631774527098
2-2-4,t3,mixture,0.8,1000,800002,0.007964058997458778,slack_plugin,none,1.5887263549054196
2-2-4,t3,mixture,0.8,1000,800002,0.007964058997458778,gm_battery,none,0.0
2-2-4,t3,mixture,0.8,1000,800002,0.007964058997458778,gtest,none,29.13998922761749
2-2-4,t3,mixture,0.8,1000,800003,0.008032400997763034,kl_plugin,none,0.7988290533611907
2-2-4,t3,mixture,0.8,1000,800003,0.008032400997763034,kl_split,none,0.8482589193572101
2-2-4,t3,mixture,0.8,1000,800003,0.008032400997763034,kl_crossfit,none,0.8546009370081744
2-2-4,t3,mixture,0.8,1000,800003,0.008032400997763034,cf1_margin,none,0.7914983418751884
2-2-4,t3,mixture,0.8,1000,800003,0.008032400997763034,slack_plugin,none,1.5829966837503764
2-2-4,t3,mixture,0.8,1000,800003,0.008032400997763034,gm_battery,none,0.0
2-2-4,t3,mixture,0.8,1000,800003,0.008032400997763034,gtest,none,18.68794179239272
2-2-4,t3,mixture,0.8,1000,800004,0.006567548000020906,kl_plugin,none,0.8555442972745393
2-2-4,t3,mixture,0.8,1000,800004,0.006567548000020906,kl_split,none,0.9256094483810264
2-2-4,t3,mixture,0.8,1000,800004,0.006567548000020906,kl_crossfit,none,1.0030681128264929
2-2-4,t3,mixture,0.8,1000,800004,0.006567548000020906,cf1_margin,none,0.8092689483031729
2-2-4,t3,mixture,0.8,1000,800004,0.006567548000020906,slack_plugin,none,1.618537896606346
2-2-4,t3,mixture,0.8,1000,800004,0.006567548000020906,gm_battery,none,0.0
2-2-4,t3,mixture,0.8,1000,800004,0.006567548000020906,gtest,none,10.237966803758479
2-2-4,t3,mixture,0.8,1000,800005,0.006500723997305613,kl_plugin,none,0.808003600861046
2-2-4,t3,mixture,0.8,1000,800005,0.006500723997305613,kl_split,none,0.9659346440591391
2-2-4,t3,mixture,0.8,1000,800005,0.006500723997305613,kl_crossfit,none,0.869133899947363
2-2-4,t3,mixture,0.8,1000,800005,0.006500723997305613,cf1_margin,none,0.7839135654261704
2-2-4,t3,mixture,0.8,1000,800005,0.006500723997305613,slack_plugin,none,1.5678271308523408
2-2-4,t3,mixture,0.8,1000,800005,0.006500723997305613,gm_battery,none,0.0
2-2-4,t3,mixture,0.8,1000,800005,0.006500723997305613,gtest,none,25.806021476234434
2-2-4,t3,mixture,0.8,1000,800006,0.006479069998022169,kl_plugin,none,0.8546017736240937
2-2-4,t3,mixture,0.8,1000,800006,0.006479069998022169,kl_split,none,0.9832028849656661
2-2-4,t3,mixture,0.8,1000,800006,0.006479069998022169,kl_crossfit,none,0.9080075353782551
2-2-4,t3,mixture,0.8,1000,800006,0.006479069998022169,cf1_margin,none,0.7964349718381977
2-2-4,t3,mixture,0.8,1000,800006,0.006479069998022169,slack_plugin,none,1.5928699436763951
2-2-4,t3,mixture,0.8,1000,800006,0.006479069998022169,gm_battery,none,0.0
2-2-4,t3,mixture,0.8,1000,800006,0.006479069998022169,gtest,none,14.503494969497597
2-2-4,t3,mixture,0.8,1000,800007,0.006702605001919437,kl_plugin,none,0.8528806587910525
2-2-4,t3,mixture,0.8,1000,800007,0.006702605001919437,kl_split,none,0.9158239374157815
2-2-4,t3,mixture,0.8,1000,800007,0.006702605001919437,kl_crossfit,none,1.0517928234989735
2-2-4,t3,mixture,0.8,1000,800007,0.006702605001919437,cf1_margin,none,0.812
2-2-4,t3,mixture,0.8,1000,800007,0.006702605001919437,slack_plugin,none,1.6239999999999999
2-2-4,t3,mixture,0.8,1000,800007,0.006702605001919437,gm_battery,none,0.0
2-2-4,t3,mixture,0.8,1000,800007,0.006702605001919437,gtest,none,35.88009707884683
2-2-4,t3,mixture,0.8,1000,800008,0.006911865006259177,kl_plugin,none,0.8282912955111682
2-2-4,t3,mixture,0.8,1000,800008,0.006911865006259177,kl_split,none,1.0824515742059866
2-2-4,t3,mixture,0.8,1000,800008,0.006911865006259177,kl_crossfit,none,0.969376995723258
2-2-4,t3,mixture,0.8,1000,800008,0.006911865006259177,cf1_margin,none,0.7916151664606659
2-2-4,t3,mixture,0.8,1000,800008,0.006911865006259177,slack_plugin,none,1.5832303329213318
2-2-4,t3,mixture,0.8,1000,800008,0.006911865006259177,gm_battery,none,0.0
2-2-4,t3,mixture,0.8,1000,800008,0.006911865006259177,gtest,none,17.312708172351556
2-2-4,t3,mixture,0.8,1000,800009,0.007690279999224003,kl_plugin,none,0.8466481782645333
2-2-4,t3,mixture,0.8,1000,800009,0.007690279999224003,kl_split,none,0.8665534136794945
2-2-4,t3,mixture,0.8,1000,800009,0.007690279999224003,kl_crossfit,none,0.8965967919384277
2-2-4,t3,mixture,0.8,1000,800009,0.007690279999224003,cf1_margin,none,0.789875950380152
2-2-4,t3,mixture,0.8,1000,800009,0.007690279999224003,slack_plugin,none,1.579751900760304
2-2-4,t3,mixture,0.8,1000,800009,0.007690279999224003,gm_battery,none,0.0
2-2-4,t3,mixture,0.8,1000,800009,0.007690279999224003,gtest,none,19.61492179856571
2-2-4,t3,mixture,0.8,1000,800010,0.006589131997316144,kl_plugin,none,0.9030580256389276
2-2-4,t3,mixture,0.8,1000,800010,0.006589131997316144,kl_split,none,0.979199551162868
2-2-4,t3,mixture,0.8,1000,800010,0.006589131997316144,kl_crossfit,none,1.1802878715459382
2-2-4,t3,mixture,0.8,1000,800010,0.006589131997316144,cf1_margin,none,0.8282333904740544
2-2-4,t3,mixture,0.8,1000,800010,0.006589131997316144,slack_plugin,none,1.6564667809481088
2-2-4,t3,mixture,0.8,1000,800010,0.006589131997316144,gm_battery,none,0.0
2-2-4,t3,mixture,0.8,1000,800010,0.006589131997316144,gtest,none,11.38311157124639
2-2-4,t3,mixture,0.8,1000,800011,0.0068714620065293275,kl_plugin,none,0.8553415396004765
2-2-4,t3,mixture,0.8,1000,800011,0.0068714620065293275,kl_split,none,0.9146585537040137
2-2-4,t3,mixture,0.8,1000,800011,0.0068714620065293275,kl_crossfit,none,1.0090665721984202
2-2-4,t3,mixture,0.8,1000,800011,0.0068714620065293275,cf1_margin,none,0.814
2-2-4,t3,mixture,0.8,1000,800011,0.0068714620065293275,slack_plugin,none,1.628
2-2-4,t3,mixture,0.8,1000,800011,0.0068714620065293275,gm_battery,none,0.0
2-2-4,t3,mixture,0.8,1000,800011,0.0068714620065293275,gtest,none,7.937160377584652
2-2-4,t3,mixture,0.8,1000,800012,0.007398058005492203,kl_plugin,none,0.818014152637496
2-2-4,t3,mixture,0.8,1000,800012,0.007398058005492203,kl_split,none,0.9639643013897469
2-2-4,t3,mixture,0.8,1000,800012,0.007398058005492203,kl_crossfit,none,0.8869747476937582
2-2-4,t3,mixture,0.8,1000,800012,0.007398058005492203,cf1_margin,none,0.7739514490086572
2-2-4,t3,mixture,0.8,1000,800012,0.007398058005492203,slack_plugin,none,1.5479028980173144
2-2-4,t3,mixture,0.8,1000,800012,0.007398058005492203,gm_battery,none,0.0
2-2-4,t3,mixture,0.8,1000,800012,0.007398058005492203,gtest,none,26.332203403849572
2-2-4,t3,mixture,0.8,1000,800013,0.006593769998289645,kl_plugin,none,0.8946384304138253
2-2-4,t3,mixture,0.8,1000,800013,0.006593769998289645,kl_split,none,0.9776720641384211
2-2-4,t3,mixture,0.8,1000,800013,0.006593769998289645,kl_crossfit,none,0.9742701973194215
2-2-4,t3,mixture,0.8,1000,800013,0.006593769998289645,cf1_margin,none,0.8371661379809673
2-2-4,t3,mixture,0.8,1000,800013,0.006593769998289645,slack_plugin,none,1.6743322759619346
2-2-4,t3,mixture,0.8,1000,800013,0.006593769998289645,gm_battery,none,0.0
2-2-4,t3,mixture,0.8,1000,800013,0.006593769998289645,gtest,none,11.43721752995312
2-2-4,t3,mixture,0.8,1000,800014,0.006525364995468408,kl_plugin,none,0.8284560781016732
2-2-4,t3,mixture,0.8,1000,800014,0.006525364995468408,kl_split,none,1.199403542162375
2-2-4,t3,mixture,0.8,1000,800014,0.006525364995468408,kl_crossfit,none,1.0327350254651144
2-2-4,t3,mixture,0.8,1000,800014,0.006525364995468408,cf1_margin,none,0.7942564201073319
2-2-4,t3,mixture,0.8,1000,800014,0.006525364995468408,slack_plugin,none,1.5885128402146642
2-2-4,t3,mixture,0.8,1000,800014,0.006525364995468408,gm_battery,none,0.0
2-2-4,t3,mixture,0.8,1000,800014,0.006525364995468408,gtest,none,29.692410105948735
2-2-4,t3,mixture,0.8,1000,800015,0.007752159006486181,kl_plugin,none,0.9219858775427727
2-2-4,t3,mixture,0.8,1000,800015,0.007752159006486181,kl_split,none,0.9606160205198628
2-2-4,t3,mixture,0.8,1000,800015,0.007752159006486181,kl_crossfit,none,1.2204538813944885
2-2-4,t3,mixture,0.8,1000,800015,0.007752159006486181,cf1_margin,none,0.8399246252265444
2-2-4,t3,mixture,0.8,1000,800015,0.007752159006486181,slack_plugin,none,1.6798492504530889
2-2-4,t3,mixture,0.8,1000,800015,0.007752159006486181,gm_battery,none,0.0
2-2-4,t3,mixture,0.8,1000,800015,0.007752159006486181,gtest,none,13.543933215560234
2-2-4,t3,mixture,0.8,1000,800016,0.006956197998079006,kl_plugin,none,0.8546568675997053
2-2-4,t3,mixture,0.8,1000,800016,0.006956197998079006,kl_split,none,1.3811702263692656
2-2-4,t3,mixture,0.8,1000,800016,0.006956197998079006,kl_crossfit,none,1.1547072091894348
2-2-4,t3,mixture,0.8,1000,800016,0.006956197998079006,cf1_margin,none,0.8065380814639669
2-2-4,t3,mixture,0.8,1000,800016,0.006956197998079006,slack_plugin,none,1.6130761629279338
2-2-4,t3,mixture,0.8,1000,800016,0.006956197998079006,gm_battery,none,0.0
2-2-4,t3,mixture,0.8,1000,800016,0.006956197998079006,gtest,none,20.35045492211257
2-2-4,t3,mixture,0.8,1000,800017,0.008350686002813745,kl_plugin,none,0.8804502333596886
2-2-4,t3,mixture,0.8,1000,800017,0.008350686002813745,kl_split,none,0.9285499343358321
2-2-4,t3,mixture,0.8,1000,800017,0.008350686002813745,kl_crossfit,none,1.2664270474208992
2-2-4,t3,mixture,0.8,1000,800017,0.008350686002813745,cf1_margin,none,0.8203432813731255
2-2-4,t3,mixture,0.8,1000,800017,0.008350686002813745,slack_plugin,none,1.640686562746251
2-2-4,t3,mixture,0.8,1000,800017,0.008350686002813745,gm_battery,none,0.0
2-2-4,t3,mixture,0.8,1000,800017,0.008350686002813745,gtest,none,20.655516680123366
2-2-4,t3,mixture,0.8,1000,800018,0.0056969950019265525,kl_plugin,none,0.8794579816712437
2-2-4,t3,mixture,0.8,1000,800018,0.0056969950019265525,kl_split,none,0.9466098784900814
2-2-4,t3,mixture,0.8,1000,800018,0.0056969950019265525,kl_crossfit,none,1.0570561024575378
2-2-4,t3,mixture,0.8,1000,800018,0.0056969950019265525,cf1_margin,none,0.8072519083969466
2-2-4,t3,mixture,0.8,1000,800018,0.0056969950019265525,slack_plugin,none,1.6145038167938932
2-2-4,t3,mixture,0.8,1000,800018,0.0056969950019265525,gm_battery,none,0.0
2-2-4,t3,mixture,0.8,1000,800018,0.0056969950019265525,gtest,none,57.36316287402389
2-2-4,t3,mixture,0.8,1000,800019,0.006967681998503394,kl_plugin,none,0.7912908503953475
2-2-4,t3,mixture,0.8,1000,800019,0.006967681998503394,kl_split,none,0.962643887494705
2-2-4,t3,mixture,0.8,1000,800019,0.006967681998503394,kl_crossfit,none,0.8626746199180706
2-2-4,t3,mixture,0.8,1000,800019,0.006967681998503394,cf1_margin,none,0.7781112444977991
2-2-4,t3,mixture,0.8,1000,800019,0.006967681998503394,slack_plugin,none,1.5562224889955978
2-2-4,t3,mixture,0.8,1000,800019,0.006967681998503394,gm_battery,none,0.0
2-2-4,t3,mixture,0.8,1000,800019,0.006967681998503394,gtest,none,38.18455021937358
2-2-4,t3,mixture,0.8,1000,800020,0.008931870004744269,kl_plugin,none,0.8591196503500417
2-2-4,t3,mixture,0.8,1000,800020,0.008931870004744269,kl_split,none,0.9250097452070122
2-2-4,t3,mixture,0.8,1000,800020,0.008931870004744269,kl_crossfit,none,0.9607180898826424
2-2-4,t3,mixture,0.8,1000,800020,0.008931870004744269,cf1_margin,none,0.7972047552760844
2-2-4,t3,mixture,0.8,1000,800020,0.008931870004744269,slack_plugin,none,1.594409510552169
2-2-4,t3,mixture,0.8,1000,800020,0.008931870004744269,gm_battery,none,0.0
2-2-4,t3,mixture,0.8,1000,800020,0.008931870004744269,gtest,none,8.310643177879165
2-2-4,t3,mixture,0.8,1000,800021,0.006542460003402084,kl_plugin,none,0.8125742130362738
2-2-4,t3,mixture,0.8,1000,800021,0.006542460003402084,kl_split,none,0.8211576642684939
2-2-4,t3,mixture,0.8,1000,800021,0.006542460003402084,kl_crossfit,none,0.8348693520086305
2-2-4,t3,mixture,0.8,1000,800021,0.006542460003402084,cf1_margin,none,0.7858974358974359
2-2-4,t3,mixture,0.8,1000,800021,0.006542460003402084,slack_plugin,none,1.571794871794872
2-2-4,t3,mixture,0.8,1000,800021,0.006542460003402084,gm_battery,none,0.0
2-2-4,t3,mixture,0.8,1000,800021,0.006542460003402084,gtest,none,21.483477249656822
2-2-4,t3,mixture,0.8,1000,800022,0.007953003005241044,kl_plugin,none,0.7987215203978716
2-2-4,t3,mixture,0.8,1000,800022,0.007953003005241044,kl_split,none,1.0364388131902333
2-2-4,t3,mixture,0.8,1000,800022,0.007953003005241044,kl_crossfit,none,0.951967915287081
2-2-4,t3,mixture,0.8,1000,800022,0.007953003005241044,cf1_margin,none,0.7890824734406543
2-2-4,t3,mixture,0.8,1000,800022,0.007953003005241044,slack_plugin,none,1.5781649468813088
2-2-4,t3,mixture,0.8,1000,800022,0.007953003005241044,gm_battery,none,0.0
2-2-4,t3,mixture,0.8,1000,800022,0.007953003005241044,gtest,none,32.506092268683815
2-2-4,t3,mixture,0.8,1000,800023,0.006534612999530509,kl_plugin,none,0.8907174089032711
2-2-4,t3,mixture,0.8,1000,800023,0.006534612999530509,kl_split,none,0.9383012760572225
2-2-4,t3,mixture,0.8,1000,800023,0.006534612999530509,kl_crossfit,none,0.9416923169291023
2-2-4,t3,mixture,0.8,1000,800023,0.006534612999530509,cf1_margin,none,0.8193519467213115
2-2-4,t3,mixture,0.8,1000,800023,0.006534612999530509,slack_plugin,none,1.638703893442623
2-2-4,t3,mixture,0.8,1000,800023,0.006534612999530509,gm_battery,none,0.0
2-2-4,t3,mixture,0.8,1000,800023,0.006534612999530509,gtest,none,22.955988154864837
2-2-4,t3,mixture,0.8,1000,800024,0.006637473001319449,kl_plugin,none,0.7817757062120712
2-2-4,t3,mixture,0.8,1000,800024,0.006637473001319449,kl_split,none,0.8063870143501498
2-2-4,t3,mixture,0.8,1000,800024,0.006637473001319449,kl_crossfit,none,0.8933477159394372
2-2-4,t3,mixture,0.8,1000,800024,0.006637473001319449,cf1_margin,none,0.7681968196819682
2-2-4,t3,mixture,0.8,1000,800024,0.006637473001319449,slack_plugin,none,1.5363936393639364
2-2-4,t3,mixture,0.8,1000,800024,0.006637473001319449,gm_battery,none,0.0
2-2-4,t3,mixture,0.8,1000,800024,0.006637473001319449,gtest,none,20.908559969083335
2-2-4,t3,mixture,0.8,1000,800025,0.006478057002823334,kl_plugin,none,0.794683100854528
2-2-4,t3,mixture,0.8,1000,800025,0.006478057002823334,kl_split,none,0.7914536065166735
2-2-4,t3,mixture,0.8,1000,800025,0.006478057002823334,kl_crossfit,none,0.818444443700746
2-2-4,t3,mixture,0.8,1000,800025,0.006478057002823334,cf1_margin,none,0.781192122916425
2-2-4,t3,mixture,0.8,1000,800025,0.006478057002823334,slack_plugin,none,1.5623842458328498
2-2-4,t3,mixture,0.8,1000,800025,0.006478057002823334,gm_battery,none,0.0
2-2-4,t3,mixture,0.8,1000,800025,0.006478057002823334,gtest,none,30.561743966487704
2-2-4,t3,mixture,0.8,1000,800026,0.007747104005829897,kl_plugin,none,0.7681862859603139
2-2-4,t3,mixture,0.8,1000,800026,0.007747104005829897,kl_split,none,0.8196156401031551
2-2-4,t3,mixture,0.8,1000,800026,0.007747104005829897,kl_crossfit,none,0.81548862385488
2-2-4,t3,mixture,0.8,1000,800026,0.007747104005829897,cf1_margin,none,0.7723043108565562
2-2-4,t3,mixture,0.8,1000,800026,0.007747104005829897,slack_plugin,none,1.544608621713112
2-2-4,t3,mixture,0.8,1000,800026,0.007747104005829897,gm_battery,none,0.0
2-2-4,t3,mixture,0.8,1000,800026,0.007747104005829897,gtest,none,35.35168621868279
2-2-4,t3,mixture,0.8,1000,800027,0.006704981002258137,kl_plugin,none,0.8612030854528905
2-2-4,t3,mixture,0.8,1000,800027,0.006704981002258137,kl_split,none,1.014662795880401
2-2-4,t3,mixture,0.8,1000,800027,0.006704981002258137,kl_crossfit,none,0.9214287583542848
2-2-4,t3,mixture,0.8,1000,800027,0.006704981002258137,cf1_margin,none,0.8115872741662682
2-2-4,t3,mixture,0.8,1000,800027,0.006704981002258137,slack_plugin,none,1.6231745483325366
2-2-4,t3,mixture,0.8,1000,800027,0.006704981002258137,gm_battery,none,0.0
2-2-4,t3,mixture,0.8,1000,800027,0.006704981002258137,gtest,none,15.316285971930023
2-2-4,t3,mixture,0.8,1000,800028,0.007319707998249214,kl_plugin,none,0.8377087272755699
2-2-4,t3,mixture,0.8,1000,800028,0.007319707998249214,kl_split,none,1.179342686358381
2-2-4,t3,mixture,0.8,1000,800028,0.007319707998249214,kl_crossfit,none,1.0283122095068467
2-2-4,t3,mixture,0.8,1000,800028,0.007319707998249214,cf1_margin,none,0.7943444627199565
2-2-4,t3,mixture,0.8,1000,800028,0.007319707998249214,slack_plugin,none,1.588688925439913
2-2-4,t3,mixture,0.8,1000,800028,0.007319707998249214,gm_battery,none,0.0
2-2-4,t3,mixture,0.8,1000,800028,0.007319707998249214,gtest,none,32.69062995703283
2-2-4,t3,mixture,0.8,1000,800029,0.006478896000771783,kl_plugin,none,0.8475281859648359
2-2-4,t3,mixture,0.8,1000,800029,0.006478896000771783,kl_split,none,0.9004997918894835
2-2-4,t3,mixture,0.8,1000,800029,0.006478896000771783,kl_crossfit,none,0.913561719839062
2-2-4,t3,mixture,0.8,1000,800029,0.006478896000771783,cf1_margin,none,0.8008699274259441
2-2-4,t3,mixture,0.8,1000,800029,0.006478896000771783,slack_plugin,none,1.6017398548518882
2-2-4,t3,mixture,0.8,1000,800029,0.006478896000771783,gm_battery,none,0.0
2-2-4,t3,mixture,0.8,1000,800029,0.006478896000771783,gtest,none,19.479414906733975
2-2-4,t3,mixture,0.8,1000,800030,0.006567527998413425,kl_plugin,none,0.7643660105983053
2-2-4,t3,mixture,0.8,1000,800030,0.006567527998413425,kl_split,none,0.8340375693516385
2-2-4,t3,mixture,0.8,1000,800030,0.006567527998413425,kl_crossfit,none,0.7805970072363213
2-2-4,t3,mixture,0.8,1000,800030,0.006567527998413425,cf1_margin,none,0.7578405017921147
2-2-4,t3,mixture,0.8,1000,800030,0.006567527998413425,slack_plugin,none,1.5156810035842292
2-2-4,t3,mixture,0.8,1000,800030,0.006567527998413425,gm_battery,none,0.0
2-2-4,t3,mixture,0.8,1000,800030,0.006567527998413425,gtest,none,18.648023948827785
2-2-4,t3,mixture,0.8,1000,800031,0.006695919997582678,kl_plugin,none,0.855563791710912
2-2-4,t3,mixture,0.8,1000,800031,0.006695919997582678,kl_split,none,0.910225661246393
2-2-4,t3,mixture,0.8,1000,800031,0.006695919997582678,kl_crossfit,none,1.022772488421643
2-2-4,t3,mixture,0.8,1000,800031,0.006695919997582678,cf1_margin,none,0.8074436763952894
2-2-4,t3,mixture,0.8,1000,800031,0.006695919997582678,slack_plugin,none,1.6148873527905785
2-2-4,t3,mixture,0.8,1000,800031,0.006695919997582678,gm_battery,none,0.0
2-2-4,t3,mixture,0.8,1000,800031,0.006695919997582678,gtest,none,31.128302806886847
2-2-4,t3,mixture,0.8,1000,800032,0.006629146002524067,kl_plugin,none,0.7205834878314379
2-2-4,t3,mixture,0.8,1000,800032,0.006629146002524067,kl_split,none,0.7729913585565015
2-2-4,t3,mixture,0.8,1000,800032,0.006629146002524067,kl_crossfit,none,0.7564579515114354
2-2-4,t3,mixture,0.8,1000,800032,0.006629146002524067,cf1_margin,none,0.7348121119006465
2-2-4,t3,mixture,0.8,1000,800032,0.006629146002524067,slack_plugin,none,1.4696242238012935
2-2-4,t3,mixture,0.8,1000,800032,0.006629146002524067,gm_battery,none,0.0
2-2-4,t3,mixture,0.8,1000,800032,0.006629146002524067,gtest,none,13.981993860738887
2-2-4,t3,mixture,0.8,1000,800033,0.007694608000747394,kl_plugin,none,0.8105389540348493
2-2-4,t3,mixture,0.8,1000,800033,0.007694608000747394,kl_split,none,0.8068935675219095
2-2-4,t3,mixture,0.8,1000,800033,0.007694608000747394,kl_crossfit,none,0.8428312408808096
2-2-4,t3,mixture,0.8,1000,800033,0.007694608000747394,cf1_margin,none,0.777833896525047
2-2-4,t3,mixture,0.8,1000,800033,0.007694608000747394,slack_plugin,none,1.555667793050094
2-2-4,t3,mixture,0.8,1000,800033,0.007694608000747394,gm_battery,none,0.0
2-2-4,t3,mixture,0.8,1000,800033,0.007694608000747394,gtest,none,35.61231806621475
2-2-4,t3,mixture,0.8,1000,800034,0.0067430460039759055,kl_plugin,none,0.7759571389991157
2-2-4,t3,mixture,0.8,1000,800034,0.0067430460039759055,kl_split,none,0.8351901420754972
2-2-4,t3,mixture,0.8,1000,800034,0.0067430460039759055,kl_crossfit,none,1.0376955581268483
2-2-4,t3,mixture,0.8,1000,800034,0.0067430460039759055,cf1_margin,none,0.773646538886487
2-2-4,t3,mixture,0.8,1000,800034,0.0067430460039759055,slack_plugin,none,1.547293077772974
2-2-4,t3,mixture,0.8,1000,800034,0.0067430460039759055,gm_battery,none,0.0
2-2-4,t3,mixture,0.8,1000,800034,0.0067430460039759055,gtest,none,30.453986965371087
2-2-4,t3,mixture,0.8,1000,800035,0.0065813859982881695,kl_plugin,none,0.8077742151801726
2-2-4,t3,mixture,0.8,1000,800035,0.0065813859982881695,kl_split,none,0.845997768121458
2-2-4,t3,mixture,0.8,1000,800035,0.0065813859982881695,kl_crossfit,none,0.8271589006539982
2-2-4,t3,mixture,0.8,1000,800035,0.0065813859982881695,cf1_margin,none,0.7816500256016385
2-2-4,t3,mixture,0.8,1000,800035,0.0065813859982881695,slack_plugin,none,1.563300051203277
2-2-4,t3,mixture,0.8,1000,800035,0.0065813859982881695,gm_battery,none,0.0
2-2-4,t3,mixture,0.8,1000,800035,0.0065813859982881695,gtest,none,29.91829009852963
2-2-4,t3,mixture,0.8,1000,800036,0.006973830997594632,kl_plugin,none,0.855099385623882
2-2-4,t3,mixture,0.8,1000,800036,0.006973830997594632,kl_split,none,0.8971458487422351
2-2-4,t3,mixture,0.8,1000,800036,0.006973830997594632,kl_crossfit,none,1.2609791414583964
2-2-4,t3,mixture,0.8,1000,800036,0.006973830997594632,cf1_margin,none,0.8034754224270353
2-2-4,t3,mixture,0.8,1000,800036,0.006973830997594632,slack_plugin,none,1.606950844854071
2-2-4,t3,mixture,0.8,1000,800036,0.006973830997594632,gm_battery,none,0.0
2-2-4,t3,mixture,0.8,1000,800036,0.006973830997594632,gtest,none,21.76194523194252
2-2-4,t3,mixture,0.8,1000,800037,0.006625886999245267,kl_plugin,none,0.858584917307713
2-2-4,t3,mixture,0.8,1000,800037,0.006625886999245267,kl_split,none,0.9446550026334548
2-2-4,t3,mixture,0.8,1000,800037,0.006625886999245267,kl_crossfit,none,1.0180013014730593
2-2-4,t3,mixture,0.8,1000,800037,0.006625886999245267,cf1_margin,none,0.8041666666666667
2-2-4,t3,mixture,0.8,1000,800037,0.006625886999245267,slack_plugin,none,1.6083333333333334
2-2-4,t3,mixture,0.8,1000,800037,0.006625886999245267,gm_battery,none,0.0
2-2-4,t3,mixture,0.8,1000,800037,0.006625886999245267,gtest,none,24.352026001413336
2-2-4,t3,mixture,0.8,1000,800038,0.006635121004364919,kl_plugin,none,0.85690962874904
2-2-4,t3,mixture,0.8,1000,800038,0.006635121004364919,kl_split,none,0.8814079220920713
2-2-4,t3,mixture,0.8,1000,800038,0.006635121004364919,kl_crossfit,none,0.882375384218378
2-2-4,t3,mixture,0.8,1000,800038,0.006635121004364919,cf1_margin,none,0.803623214492858
2-2-4,t3,mixture,0.8,1000,800038,0.006635121004364919,slack_plugin,none,1.6072464289857158
2-2-4,t3,mixture,0.8,1000,800038,0.006635121004364919,gm_battery,none,0.0
2-2-4,t3,mixture,0.8,1000,800038,0.006635121004364919,gtest,none,24.994883788796844
2-2-4,t3,mixture,0.8,1000,800039,0.006438071999582462,kl_plugin,none,0.8875625963918171
2-2-4,t3,mixture,0.8,1000,800039,0.006438071999582462,kl_split,none,0.9309938459716798
2-2-4,t3,mixture,0.8,1000,800039,0.006438071999582462,kl_crossfit,none,0.9792196124008119
2-2-4,t3,mixture,0.8,1000,800039,0.006438071999582462,cf1_margin,none,0.8232347480955124
2-2-4,t3,mixture,0.8,1000,800039,0.006438071999582462,slack_plugin,none,1.646469496191025
2-2-4,t3,mixture,0.8,1000,800039,0.006438071999582462,gm_battery,none,0.0
2-2-4,t3,mixture,0.8,1000,800039,0.006438071999582462,gtest,none,14.54548913609571
2-2-4,t3,mixture,0.8,1000,800040,0.0065232909983024,kl_plugin,none,0.822124287480896
2-2-4,t3,mixture,0.8,1000,800040,0.0065232909983024,kl_split,none,0.8624027570539918
2-2-4,t3,mixture,0.8,1000,800040,0.0065232909983024,kl_crossfit,none,0.8718857900216694
2-2-4,t3,mixture,0.8,1000,800040,0.0065232909983024,cf1_margin,none,0.7991749326781877
2-2-4,t3,mixture,0.8,1000,800040,0.0065232909983024,slack_plugin,none,1.5983498653563757
2-2-4,t3,mixture,0.8,1000,800040,0.0065232909983024,gm_battery,none,0.0
2-2-4,t3,mixture,0.8,1000,800040,0.0065232909983024,gtest,none,25.206770370563408
2-2-4,t3,mixture,0.8,1000,800041,0.006641298001341056,kl_plugin,none,0.8671815508097156
2-2-4,t3,mixture,0.8,1000,800041,0.006641298001341056,kl_split,none,0.9183682805774251
2-2-4,t3,mixture,0.8,1000,800041,0.006641298001341056,kl_crossfit,none,1.0348371883020455
2-2-4,t3,mixture,0.8,1000,800041,0.006641298001341056,cf1_margin,none,0.8106748922788867
2-2-4,t3,mixture,0.8,1000,800041,0.006641298001341056,slack_plugin,none,1.6213497845577733
2-2-4,t3,mixture,0.8,1000,800041,0.006641298001341056,gm_battery,none,0.0
2-2-4,t3,mixture,0.8,1000,800041,0.006641298001341056,gtest,none,19.837521970622674
2-2-4,t3,mixture,0.8,1000,800042,0.00662421799643198,kl_plugin,none,0.7999258751932229
2-2-4,t3,mixture,0.8,1000,800042,0.00662421799643198,kl_split,none,0.8616618601640095
2-2-4,t3,mixture,0.8,1000,800042,0.00662421799643198,kl_crossfit,none,1.012127703091434
2-2-4,t3,mixture,0.8,1000,800042,0.00662421799643198,cf1_margin,none,0.7814502219074032
2-2-4,t3,mixture,0.8,1000,800042,0.00662421799643198,slack_plugin,none,1.5629004438148064
2-2-4,t3,mixture,0.8,1000,800042,0.00662421799643198,gm_battery,none,0.0
2-2-4,t3,mixture,0.8,1000,800042,0.00662421799643198,gtest,none,22.107755022840408
2-2-4,t3,mixture,0.8,1000,800043,0.009513021002931055,kl_plugin,none,0.8263465482243677
2-2-4,t3,mixture,0.8,1000,800043,0.009513021002931055,kl_split,none,0.9868818270410915
2-2-4,t3,mixture,0.8,1000,800043,0.009513021002931055,kl_crossfit,none,0.9351213273788395
2-2-4,t3,mixture,0.8,1000,800043,0.009513021002931055,cf1_margin,none,0.8071918864877644
2-2-4,t3,mixture,0.8,1000,800043,0.009513021002931055,slack_plugin,none,1.6143837729755288
2-2-4,t3,mixture,0.8,1000,800043,0.009513021002931055,gm_battery,none,0.0
2-2-4,t3,mixture,0.8,1000,800043,0.009513021002931055,gtest,none,17.072255802529746
2-2-4,t3,mixture,0.8,1000,800044,0.006915158999618143,kl_plugin,none,0.8852903922888231
2-2-4,t3,mixture,0.8,1000,800044,0.006915158999618143,kl_split,none,0.9284847119172808
2-2-4,t3,mixture,0.8,1000,800044,0.006915158999618143,kl_crossfit,none,1.0745094687304222
2-2-4,t3,mixture,0.8,1000,800044,0.006915158999618143,cf1_margin,none,0.8250217007812282
2-2-4,t3,mixture,0.8,1000,800044,0.006915158999618143,slack_plugin,none,1.6500434015624563
2-2-4,t3,mixture,0.8,1000,800044,0.006915158999618143,gm_battery,none,0.0
2-2-4,t3,mixture,0.8,1000,800044,0.006915158999618143,gtest,none,22.487883886554307
2-2-4,t3,mixture,0.8,1000,800045,0.007833558003767394,kl_plugin,none,0.7677330258780369
2-2-4,t3,mixture,0.8,1000,800045,0.007833558003767394,kl_split,none,1.007546479209255
2-2-4,t3,mixture,0.8,1000,800045,0.007833558003767394,kl_crossfit,none,0.9099689571470542
2-2-4,t3,mixture,0.8,1000,800045,0.007833558003767394,cf1_margin,none,0.7882825033706606
2-2-4,t3,mixture,0.8,1000,800045,0.007833558003767394,slack_plugin,none,1.5765650067413215
2-2-4,t3,mixture,0.8,1000,800045,0.007833558003767394,gm_battery,none,0.0
2-2-4,t3,mixture,0.8,1000,800045,0.007833558003767394,gtest,none,19.70009904781943
2-2-4,t3,mixture,0.8,1000,800046,0.008035357001062948,kl_plugin,none,0.8867685169630322
2-2-4,t3,mixture,0.8,1000,800046,0.008035357001062948,kl_split,none,1.2290774365288166
2-2-4,t3,mixture,0.8,1000,800046,0.008035357001062948,kl_crossfit,none,1.0679941198828897
2-2-4,t3,mixture,0.8,1000,800046,0.008035357001062948,cf1_margin,none,0.8170734146429272
2-2-4,t3,mixture,0.8,1000,800046,0.008035357001062948,slack_plugin,none,1.634146829285854
2-2-4,t3,mixture,0.8,1000,800046,0.008035357001062948,gm_battery,none,0.0
2-2-4,t3,mixture,0.8,1000,800046,0.008035357001062948,gtest,none,21.84392783837117
2-2-4,t3,mixture,0.8,1000,800047,0.006825219999882393,kl_plugin,none,0.8403356008573836
2-2-4,t3,mixture,0.8,1000,800047,0.006825219999882393,kl_split,none,0.9252615399766306
2-2-4,t3,mixture,0.8,1000,800047,0.006825219999882393,kl_crossfit,none,1.1336041577066416
2-2-4,t3,mixture,0.8,1000,800047,0.006825219999882393,cf1_margin,none,0.8107710040983607
2-2-4,t3,mixture,0.8,1000,800047,0.006825219999882393,slack_plugin,none,1.6215420081967213
2-2-4,t3,mixture,0.8,1000,800047,0.006825219999882393,gm_battery,none,0.0
2-2-4,t3,mixture,0.8,1000,800047,0.006825219999882393,gtest,none,31.12984515534615
2-2-4,t3,mixture,0.8,1000,800048,0.007616308001161087,kl_plugin,none,0.7434202863966634
2-2-4,t3,mixture,0.8,1000,800048,0.007616308001161087,kl_split,none,0.7782087651777441
2-2-4,t3,mixture,0.8,1000,800048,0.007616308001161087,kl_crossfit,none,0.9905501353485708
2-2-4,t3,mixture,0.8,1000,800048,0.007616308001161087,cf1_margin,none,0.7527320437126994
2-2-4,t3,mixture,0.8,1000,800048,0.007616308001161087,slack_plugin,none,1.5054640874253988
2-2-4,t3,mixture,0.8,1000,800048,0.007616308001161087,gm_battery,none,0.0
2-2-4,t3,mixture,0.8,1000,800048,0.007616308001161087,gtest,none,30.348132560737156
2-2-4,t3,mixture,0.8,1000,800049,0.00801700300507946,kl_plugin,none,0.8337994590972015
2-2-4,t3,mixture,0.8,1000,800049,0.00801700300507946,kl_split,none,0.9868965307018344
2-2-4,t3,mixture,0.8,1000,800049,0.00801700300507946,kl_crossfit,none,0.8939933640893015
2-2-4,t3,mixture,0.8,1000,800049,0.00801700300507946,cf1_margin,none,0.801640656262505
2-2-4,t3,mixture,0.8,1000,800049,0.00801700300507946,slack_plugin,none,1.60328131252501
2-2-4,t3,mixture,0.8,1000,800049,0.00801700300507946,gm_battery,none,0.0
2-2-4,t3,mixture,0.8,1000,800049,0.00801700300507946,gtest,none,19.79242397044237
2-2-4,t3,mixture,0.8,1000,800050,0.006776871996407863,kl_plugin,none,0.8199402201675045
2-2-4,t3,mixture,0.8,1000,800050,0.006776871996407863,kl_split,none,0.9095503141266472
2-2-4,t3,mixture,0.8,1000,800050,0.006776871996407863,kl_crossfit,none,0.9996736616096203
2-2-4,t3,mixture,0.8,1000,800050,0.006776871996407863,cf1_margin,none,0.79
2-2-4,t3,mixture,0.8,1000,800050,0.006776871996407863,slack_plugin,none,1.5799999999999998
2-2-4,t3,mixture,0.8,1000,800050,0.006776871996407863,gm_battery,none,0.0
2-2-4,t3,mixture,0.8,1000,800050,0.006776871996407863,gtest,none,10.37306604193598
2-2-4,t3,mixture,0.8,1000,800051,0.006574345999979414,kl_plugin,none,0.8491519111821066
2-2-4,t3,mixture,0.8,1000,800051,0.006574345999979414,kl_split,none,0.9022660775734597
2-2-4,t3,mixture,0.8,1000,800051,0.006574345999979414,kl_crossfit,none,0.892168787657718
2-2-4,t3,mixture,0.8,1000,800051,0.006574345999979414,cf1_margin,none,0.798336265171763
2-2-4,t3,mixture,0.8,1000,800051,0.006574345999979414,slack_plugin,none,1.5966725303435259
2-2-4,t3,mixture,0.8,1000,800051,0.006574345999979414,gm_battery,none,0.0
2-2-4,t3,mixture,0.8,1000,800051,0.006574345999979414,gtest,none,18.57548357822202
2-2-4,t3,mixture,0.8,1000,800052,0.006616479004151188,kl_plugin,none,0.7743035997902672
2-2-4,t3,mixture,0.8,1000,800052,0.006616479004151188,kl_split,none,1.3538664960705131
2-2-4,t3,mixture,0.8,1000,800052,0.006616479004151188,kl_crossfit,none,1.0888533033435117
2-2-4,t3,mixture,0.8,1000,800052,0.006616479004151188,cf1_margin,none,0.7760776077607761
2-2-4,t3,mixture,0.8,1000,800052,0.006616479004151188,slack_plugin,none,1.5521552155215521
2-2-4,t3,mixture,0.8,1000,800052,0.006616479004151188,gm_battery,none,0.0
2-2-4,t3,mixture,0.8,1000,800052,0.006616479004151188,gtest,none,21.73042414988531
2-2-4,t3,mixture,0.8,1000,800053,0.007296573996427469,kl_plugin,none,0.8137797944248446
2-2-4,t3,mixture,0.8,1000,800053,0.007296573996427469,kl_split,none,0.8838342074447982
2-2-4,t3,mixture,0.8,1000,800053,0.007296573996427469,kl_crossfit,none,1.0065674103501205
2-2-4,t3,mixture,0.8,1000,800053,0.007296573996427469,cf1_margin,none,0.7849641393442623
2-2-4,t3,mixture,0.8,1000,800053,0.007296573996427469,slack_plugin,none,1.5699282786885247
2-2-4,t3,mixture,0.8,1000,800053,0.007296573996427469,gm_battery,none,0.0
2-2-4,t3,mixture,0.8,1000,800053,0.007296573996427469,gtest,none,21.596628866381455
2-2-4,t3,mixture,0.8,1000,800054,0.006474127003457397,kl_plugin,none,0.8563246739754856
2-2-4,t3,mixture,0.8,1000,800054,0.006474127003457397,kl_split,none,0.9292249611963359
2-2-4,t3,mixture,0.8,1000,800054,0.006474127003457397,kl_crossfit,none,1.048112065820166
2-2-4,t3,mixture,0.8,1000,800054,0.006474127003457397,cf1_margin,none,0.8033014470836284
2-2-4,t3,mixture,0.8,1000,800054,0.006474127003457397,slack_plugin,none,1.6066028941672568
2-2-4,t3,mixture,0.8,1000,800054,0.006474127003457397,gm_battery,none,0.0
2-2-4,t3,mixture,0.8,1000,800054,0.006474127003457397,gtest,none,22.884485425665066
2-2-4,t3,mixture,0.8,1000,800055,0.006698653996863868,kl_plugin,none,0.9407827029028268
2-2-4,t3,mixture,0.8,1000,800055,0.006698653996863868,kl_split,none,1.040078980419442
2-2-4,t3,mixture,0.8,1000,800055,0.006698653996863868,kl_crossfit,none,0.9889684123698901
2-2-4,t3,mixture,0.8,1000,800055,0.006698653996863868,cf1_margin,none,0.8432219662058371
2-2-4,t3,mixture,0.8,1000,800055,0.006698653996863868,slack_plugin,none,1.6864439324116742
2-2-4,t3,mixture,0.8,1000,800055,0.006698653996863868,gm_battery,none,0.0
2-2-4,t3,mixture,0.8,1000,800055,0.006698653996863868,gtest,none,18.802499258974976
2-2-4,t3,mixture,0.8,1000,800056,0.006840095004008617,kl_plugin,none,0.9238096255507883
2-2-4,t3,mixture,0.8,1000,800056,0.006840095004008617,kl_split,none,0.9832974715069682
2-2-4,t3,mixture,0.8,1000,800056,0.006840095004008617,kl_crossfit,none,1.0249721458214207
2-2-4,t3,mixture,0.8,1000,800056,0.006840095004008617,cf1_margin,none,0.8458551504379433
2-2-4,t3,mixture,0.8,1000,800056,0.006840095004008617,slack_plugin,none,1.6917103008758867
2-2-4,t3,mixture,0.8,1000,800056,0.006840095004008617,gm_battery,none,0.0
2-2-4,t3,mixture,0.8,1000,800056,0.006840095004008617,gtest,none,26.506024262961617
2-2-4,t3,mixture,0.8,1000,800057,0.006990882000536658,kl_plugin,none,0.8177136309685065
2-2-4,t3,mixture,0.8,1000,800057,0.006990882000536658,kl_split,none,1.360595133875516
2-2-4,t3,mixture,0.8,1000,800057,0.006990882000536658,kl_crossfit,none,1.119572654922337
2-2-4,t3,mixture,0.8,1000,800057,0.006990882000536658,cf1_margin,none,0.7905841492643617
2-2-4,t3,mixture,0.8,1000,800057,0.006990882000536658,slack_plugin,none,1.5811682985287234
2-2-4,t3,mixture,0.8,1000,800057,0.006990882000536658,gm_battery,none,0.0
2-2-4,t3,mixture,0.8,1000,800057,0.006990882000536658,gtest,none,19.789847335915315
2-2-4,t3,mixture,0.8,1000,800058,0.00879217100009555,kl_plugin,none,0.8332957042040341
2-2-4,t3,mixture,0.8,1000,800058,0.00879217100009555,kl_split,none,0.8971967850388065
2-2-4,t3,mixture,0.8,1000,800058,0.00879217100009555,kl_crossfit,none,0.8710212693074101
2-2-4,t3,mixture,0.8,1000,800058,0.00879217100009555,cf1_margin,none,0.8008598741413269
2-2-4,t3,mixture,0.8,1000,800058,0.00879217100009555,slack_plugin,none,1.6017197482826535
2-2-4,t3,mixture,0.8,1000,800058,0.00879217100009555,gm_battery,none,0.0
2-2-4,t3,mixture,0.8,1000,800058,0.00879217100009555,gtest,none,24.304784912121363
2-2-4,t3,mixture,0.8,1000,800059,0.0066070859975297935,kl_plugin,none,0.8281343948441366
2-2-4,t3,mixture,0.8,1000,800059,0.0066070859975297935,kl_split,none,0.8904925853002169
2-2-4,t3,mixture,0.8,1000,800059,0.0066070859975297935,kl_crossfit,none,0.9874193008333256
2-2-4,t3,mixture,0.8,1000,800059,0.0066070859975297935,cf1_margin,none,0.7901960784313726
2-2-4,t3,mixture,0.8,1000,800059,0.0066070859975297935,slack_plugin,none,1.580392156862745
2-2-4,t3,mixture,0.8,1000,800059,0.0066070859975297935,gm_battery,none,0.0
2-2-4,t3,mixture,0.8,1000,800059,0.0066070859975297935,gtest,none,19.162473022397425
2-2-4,t3,mixture,0.8,1000,800060,0.006916833001014311,kl_plugin,none,0.8589854201984164
2-2-4,t3,mixture,0.8,1000,800060,0.006916833001014311,kl_split,none,1.2148504042137298
2-2-4,t3,mixture,0.8,1000,800060,0.006916833001014311,kl_crossfit,none,1.0610637796070184
2-2-4,t3,mixture,0.8,1000,800060,0.006916833001014311,cf1_margin,none,0.8130492697737118
2-2-4,t3,mixture,0.8,1000,800060,0.006916833001014311,slack_plugin,none,1.626098539547424
2-2-4,t3,mixture,0.8,1000,800060,0.006916833001014311,gm_battery,none,0.0
2-2-4,t3,mixture,0.8,1000,800060,0.006916833001014311,gtest,none,41.42675167822803
2-2-4,t3,mixture,0.8,1000,800061,0.007267833003425039,kl_plugin,none,0.8932679151584393
2-2-4,t3,mixture,0.8,1000,800061,0.007267833003425039,kl_split,none,0.9441965567691805
2-2-4,t3,mixture,0.8,1000,800061,0.007267833003425039,kl_crossfit,none,0.9122042322101716
2-2-4,t3,mixture,0.8,1000,800061,0.007267833003425039,cf1_margin,none,0.8357887287699434
2-2-4,t3,mixture,0.8,1000,800061,0.007267833003425039,slack_plugin,none,1.6715774575398865
2-2-4,t3,mixture,0.8,1000,800061,0.007267833003425039,gm_battery,none,0.0
2-2-4,t3,mixture,0.8,1000,800061,0.007267833003425039,gtest,none,18.790667100633442
2-2-4,t3,mixture,0.8,1000,800062,0.008661067993671168,kl_plugin,none,0.8223632382262012
2-2-4,t3,mixture,0.8,1000,800062,0.008661067993671168,kl_split,none,0.852558580963237
2-2-4,t3,mixture,0.8,1000,800062,0.008661067993671168,kl_crossfit,none,0.8392709681157162
2-2-4,t3,mixture,0.8,1000,800062,0.008661067993671168,cf1_margin,none,0.7908424556686512
2-2-4,t3,mixture,0.8,1000,800062,0.008661067993671168,slack_plugin,none,1.5816849113373026
2-2-4,t3,mixture,0.8,1000,800062,0.008661067993671168,gm_battery,none,0.0
2-2-4,t3,mixture,0.8,1000,800062,0.008661067993671168,gtest,none,53.7106785726134
2-2-4,t3,mixture,0.8,1000,800063,0.006896726998093072,kl_plugin,none,0.8972834971653212
2-2-4,t3,mixture,0.8,1000,800063,0.006896726998093072,kl_split,none,0.9305868324878368
2-2-4,t3,mixture,0.8,1000,800063,0.006896726998093072,kl_crossfit,none,1.0163318726654995
2-2-4,t3,mixture,0.8,1000,800063,0.006896726998093072,cf1_margin,none,0.82600694500008
2-2-4,t3,mixture,0.8,1000,800063,0.006896726998093072,slack_plugin,none,1.65201389000016
2-2-4,t3,mixture,0.8,1000,800063,0.006896726998093072,gm_battery,none,0.0
2-2-4,t3,mixture,0.8,1000,800063,0.006896726998093072,gtest,none,17.407047567843286
2-2-4,t3,mixture,0.8,1000,800064,0.006692105002002791,kl_plugin,none,0.8437277190266665
2-2-4,t3,mixture,0.8,1000,800064,0.006692105002002791,kl_split,none,0.8989494167881023
2-2-4,t3,mixture,0.8,1000,800064,0.006692105002002791,kl_crossfit,none,0.8539891919070159
2-2-4,t3,mixture,0.8,1000,800064,0.006692105002002791,cf1_margin,none,0.8017312069248277
2-2-4,t3,mixture,0.8,1000,800064,0.006692105002002791,slack_plugin,none,1.6034624138496554
2-2-4,t3,mixture,0.8,1000,800064,0.006692105002002791,gm_battery,none,0.0
2-2-4,t3,mixture,0.8,1000,800064,0.006692105002002791,gtest,none,20.58056302338422
2-2-4,t3,mixture,0.8,1000,800065,0.007195856000180356,kl_plugin,none,0.7263391659761395
2-2-4,t3,mixture,0.8,1000,800065,0.007195856000180356,kl_split,none,0.7502750249474461
2-2-4,t3,mixture,0.8,1000,800065,0.007195856000180356,kl_crossfit,none,0.7818704744799518
2-2-4,t3,mixture,0.8,1000,800065,0.007195856000180356,cf1_margin,none,0.7483030225409836
2-2-4,t3,mixture,0.8,1000,800065,0.007195856000180356,slack_plugin,none,1.4966060450819672
2-2-4,t3,mixture,0.8,1000,800065,0.007195856000180356,gm_battery,none,0.0
2-2-4,t3,mixture,0.8,1000,800065,0.007195856000180356,gtest,none,31.167154207050665
2-2-4,t3,mixture,0.8,1000,800066,0.006726824001816567,kl_plugin,none,0.8324093812245631
2-2-4,t3,mixture,0.8,1000,800066,0.006726824001816567,kl_split,none,1.402259116447763
2-2-4,t3,mixture,0.8,1000,800066,0.006726824001816567,kl_crossfit,none,1.1520106608640037
2-2-4,t3,mixture,0.8,1000,800066,0.006726824001816567,cf1_margin,none,0.7917791887209893
2-2-4,t3,mixture,0.8,1000,800066,0.006726824001816567,slack_plugin,none,1.5835583774419786
2-2-4,t3,mixture,0.8,1000,800066,0.006726824001816567,gm_battery,none,0.0
2-2-4,t3,mixture,0.8,1000,800066,0.006726824001816567,gtest,none,41.979815785885435
2-2-4,t3,mixture,0.8,1000,800067,0.0068079100019531325,kl_plugin,none,0.8255508503027709
2-2-4,t3,mixture,0.8,1000,800067,0.0068079100019531325,kl_split,none,0.8556441440898098
2-2-4,t3,mixture,0.8,1000,800067,0.0068079100019531325,kl_crossfit,none,1.0242419249848358
2-2-4,t3,mixture,0.8,1000,800067,0.0068079100019531325,cf1_margin,none,0.7914186031624095
2-2-4,t3,mixture,0.8,1000,800067,0.0068079100019531325,slack_plugin,none,1.582837206324819
2-2-4,t3,mixture,0.8,1000,800067,0.0068079100019531325,gm_battery,none,0.0
2-2-4,t3,mixture,0.8,1000,800067,0.0068079100019531325,gtest,none,37.79636531464405
2-2-4,t3,mixture,0.8,1000,800068,0.006741455996234436,kl_plugin,none,0.7955041471824034
2-2-4,t3,mixture,0.8,1000,800068,0.006741455996234436,kl_split,none,0.8053948745418773
2-2-4,t3,mixture,0.8,1000,800068,0.006741455996234436,kl_crossfit,none,0.9996713007541024
2-2-4,t3,mixture,0.8,1000,800068,0.006741455996234436,cf1_margin,none,0.7775244403910463
2-2-4,t3,mixture,0.8,1000,800068,0.006741455996234436,slack_plugin,none,1.5550488807820928
2-2-4,t3,mixture,0.8,1000,800068,0.006741455996234436,gm_battery,none,0.0
2-2-4,t3,mixture,0.8,1000,800068,0.006741455996234436,gtest,none,34.97346208724434
2-2-4,t3,mixture,0.8,1000,800069,0.008915420003177132,kl_plugin,none,0.7770697288493775
2-2-4,t3,mixture,0.8,1000,800069,0.008915420003177132,kl_split,none,0.8352105930168201
2-2-4,t3,mixture,0.8,1000,800069,0.008915420003177132,kl_crossfit,none,0.9867644926422985
2-2-4,t3,mixture,0.8,1000,800069,0.008915420003177132,cf1_margin,none,0.7643202609402987
2-2-4,t3,mixture,0.8,1000,800069,0.008915420003177132,slack_plugin,none,1.5286405218805976
2-2-4,t3,mixture,0.8,1000,800069,0.008915420003177132,gm_battery,none,0.0
2-2-4,t3,mixture,0.8,1000,800069,0.008915420003177132,gtest,none,23.332104259889306
2-2-4,t3,mixture,0.8,1000,800070,0.007537493002018891,kl_plugin,none,0.8624780921637923
2-2-4,t3,mixture,0.8,1000,800070,0.007537493002018891,kl_split,none,1.174853235051617
2-2-4,t3,mixture,0.8,1000,800070,0.007537493002018891,kl_crossfit,none,1.032067619735025
2-2-4,t3,mixture,0.8,1000,800070,0.007537493002018891,cf1_margin,none,0.8022232830935007
2-2-4,t3,mixture,0.8,1000,800070,0.007537493002018891,slack_plugin,none,1.604446566187001
2-2-4,t3,mixture,0.8,1000,800070,0.007537493002018891,gm_battery,none,0.0
2-2-4,t3,mixture,0.8,1000,800070,0.007537493002018891,gtest,none,28.001270376854908
2-2-4,t3,mixture,0.8,1000,800071,0.007249848997162189,kl_plugin,none,0.801149440715638
2-2-4,t3,mixture,0.8,1000,800071,0.007249848997162189,kl_split,none,1.1650245654777844
2-2-4,t3,mixture,0.8,1000,800071,0.007249848997162189,kl_crossfit,none,1.0020096394249107
2-2-4,t3,mixture,0.8,1000,800071,0.007249848997162189,cf1_margin,none,0.7759175917591759
2-2-4,t3,mixture,0.8,1000,800071,0.007249848997162189,slack_plugin,none,1.5518351835183521
2-2-4,t3,mixture,0.8,1000,800071,0.007249848997162189,gm_battery,none,0.0
2-2-4,t3,mixture,0.8,1000,800071,0.007249848997162189,gtest,none,36.0038458472778
2-2-4,t3,mixture,0.8,1000,800072,0.009587528998963535,kl_plugin,none,0.8438917611153647
2-2-4,t3,mixture,0.8,1000,800072,0.009587528998963535,kl_split,none,0.923419302801203
2-2-4,t3,mixture,0.8,1000,800072,0.009587528998963535,kl_crossfit,none,1.0174254329720038
2-2-4,t3,mixture,0.8,1000,800072,0.009587528998963535,cf1_margin,none,0.7976942355889725
2-2-4,t3,mixture,0.8,1000,800072,0.009587528998963535,slack_plugin,none,1.595388471177945
2-2-4,t3,mixture,0.8,1000,800072,0.009587528998963535,gm_battery,none,0.0
2-2-4,t3,mixture,0.8,1000,800072,0.009587528998963535,gtest,none,23.178671375572915
2-2-4,t3,mixture,0.8,1000,800073,0.009381782998389099,kl_plugin,none,0.8988131519485612
2-2-4,t3,mixture,0.8,1000,800073,0.009381782998389099,kl_split,none,0.9491490534877681
2-2-4,t3,mixture,0.8,1000,800073,0.009381782998389099,kl_crossfit,none,0.925921199568622
2-2-4,t3,mixture,0.8,1000,800073,0.009381782998389099,cf1_margin,none,0.8266436207669163
2-2-4,t3,mixture,0.8,1000,800073,0.009381782998389099,slack_plugin,none,1.6532872415338327
2-2-4,t3,mixture,0.8,1000,800073,0.009381782998389099,gm_battery,none,0.0
2-2-4,t3,mixture,0.8,1000,800073,0.009381782998389099,gtest,none,13.601204143570769
2-2-4,t3,mixture,0.8,1000,800074,0.0065865630022017285,kl_plugin,none,0.8436777708917206
2-2-4,t3,mixture,0.8,1000,800074,0.0065865630022017285,kl_split,none,1.1534270518211114
2-2-4,t3,mixture,0.8,1000,800074,0.0065865630022017285,kl_crossfit,none,0.9942138068606436
2-2-4,t3,mixture,0.8,1000,800074,0.0065865630022017285,cf1_margin,none,0.7967321595032626
2-2-4,t3,mixture,0.8,1000,800074,0.0065865630022017285,slack_plugin,none,1.5934643190065256
2-2-4,t3,mixture,0.8,1000,800074,0.0065865630022017285,gm_battery,none,0.0
2-2-4,t3,mixture,0.8,1000,800074,0.0065865630022017285,gtest,none,23.676126346803915
2-2-4,t3,mixture,0.8,1000,800075,0.006135342002380639,kl_plugin,none,0.8886221984687038
2-2-4,t3,mixture,0.8,1000,800075,0.006135342002380639,kl_split,none,0.9551151210390614
2-2-4,t3,mixture,0.8,1000,800075,0.006135342002380639,kl_crossfit,none,0.9133949862965633
2-2-4,t3,mixture,0.8,1000,800075,0.006135342002380639,cf1_margin,none,0.8232482098421616
2-2-4,t3,mixture,0.8,1000,800075,0.006135342002380639,slack_plugin,none,1.646496419684323
2-2-4,t3,mixture,0.8,1000,800075,0.006135342002380639,gm_battery,none,0.0
2-2-4,t3,mixture,0.8,1000,800075,0.006135342002380639,gtest,none,26.017135543577538
2-2-4,t3,mixture,0.8,1000,800076,0.006604180998692755,kl_plugin,none,0.8803784458721966
2-2-4,t3,mixture,0.8,1000,800076,0.006604180998692755,kl_split,none,1.5160034209447049
2-2-4,t3,mixture,0.8,1000,800076,0.006604180998692755,kl_crossfit,none,1.2205799543438438
2-2-4,t3,mixture,0.8,1000,800076,0.006604180998692755,cf1_margin,none,0.8133520168151336
2-2-4,t3,mixture,0.8,1000,800076,0.006604180998692755,slack_plugin,none,1.6267040336302672
2-2-4,t3,mixture,0.8,1000,800076,0.006604180998692755,gm_battery,none,0.0
2-2-4,t3,mixture,0.8,1000,800076,0.006604180998692755,gtest,none,23.76761393650456
2-2-4,t3,mixture,0.8,1000,800077,0.006429238004784565,kl_plugin,none,0.8711799944616245
2-2-4,t3,mixture,0.8,1000,800077,0.006429238004784565,kl_split,none,0.9135702157624915
2-2-4,t3,mixture,0.8,1000,800077,0.006429238004784565,kl_crossfit,none,1.0368716468520824
2-2-4,t3,mixture,0.8,1000,800077,0.006429238004784565,cf1_margin,none,0.816555991850491
2-2-4,t3,mixture,0.8,1000,800077,0.006429238004784565,slack_plugin,none,1.6331119837009822
2-2-4,t3,mixture,0.8,1000,800077,0.006429238004784565,gm_battery,none,0.0
2-2-4,t3,mixture,0.8,1000,800077,0.006429238004784565,gtest,none,13.946796441771621
2-2-4,t3,mixture,0.8,1000,800078,0.006594594000489451,kl_plugin,none,0.887726999320074
2-2-4,t3,mixture,0.8,1000,800078,0.006594594000489451,kl_split,none,0.977512757551558
2-2-4,t3,mixture,0.8,1000,800078,0.006594594000489451,kl_crossfit,none,0.9434620853787481
2-2-4,t3,mixture,0.8,1000,800078,0.006594594000489451,cf1_margin,none,0.818171995245699
2-2-4,t3,mixture,0.8,1000,800078,0.006594594000489451,slack_plugin,none,1.636343990491398
2-2-4,t3,mixture,0.8,1000,800078,0.006594594000489451,gm_battery,none,0.0
2-2-4,t3,mixture,0.8,1000,800078,0.006594594000489451,gtest,none,11.709814434076288
2-2-4,t3,mixture,0.8,1000,800079,0.006572762998985127,kl_plugin,none,0.8190951596948283
2-2-4,t3,mixture,0.8,1000,800079,0.006572762998985127,kl_split,none,0.8632093869138429
2-2-4,t3,mixture,0.8,1000,800079,0.006572762998985127,kl_crossfit,none,0.8363497623928797
2-2-4,t3,mixture,0.8,1000,800079,0.006572762998985127,cf1_margin,none,0.7899309378440597
2-2-4,t3,mixture,0.8,1000,800079,0.006572762998985127,slack_plugin,none,1.5798618756881193
2-2-4,t3,mixture,0.8,1000,800079,0.006572762998985127,gm_battery,none,0.0
2-2-4,t3,mixture,0.8,1000,800079,0.006572762998985127,gtest,none,26.59879942856619
2-2-4,t3,mixture,0.8,1000,800080,0.00663188499311218,kl_plugin,none,0.8156572845504871
2-2-4,t3,mixture,0.8,1000,800080,0.00663188499311218,kl_split,none,0.8667971704326873
2-2-4,t3,mixture,0.8,1000,800080,0.00663188499311218,kl_crossfit,none,0.8671148238173277
2-2-4,t3,mixture,0.8,1000,800080,0.00663188499311218,cf1_margin,none,0.79
2-2-4,t3,mixture,0.8,1000,800080,0.00663188499311218,slack_plugin,none,1.5799999999999998
2-2-4,t3,mixture,0.8,1000,800080,0.00663188499311218,gm_battery,none,0.0
2-2-4,t3,mixture,0.8,1000,800080,0.00663188499311218,gtest,none,25.762880376863464
2-2-4,t3,mixture,0.8,1000,800081,0.006492064996564295,kl_plugin,none,0.7834187751422017
2-2-4,t3,mixture,0.8,1000,800081,0.006492064996564295,kl_split,none,0.834675480662795
2-2-4,t3,mixture,0.8,1000,800081,0.006492064996564295,kl_crossfit,none,1.1172622667654828
2-2-4,t3,mixture,0.8,1000,800081,0.006492064996564295,cf1_margin,none,0.7692683258697209
2-2-4,t3,mixture,0.8,1000,800081,0.006492064996564295,slack_plugin,none,1.5385366517394417
2-2-4,t3,mixture,0.8,1000,800081,0.006492064996564295,gm_battery,none,0.0
2-2-4,t3,mixture,0.8,1000,800081,0.006492064996564295,gtest,none,20.858604173713964
2-2-4,t3,mixture,0.8,1000,800082,0.006916253005329054,kl_plugin,none,0.8022249294929539
2-2-4,t3,mixture,0.8,1000,800082,0.006916253005329054,kl_split,none,0.8163872996700048
2-2-4,t3,mixture,0.8,1000,800082,0.006916253005329054,kl_crossfit,none,1.0269805872243103
2-2-4,t3,mixture,0.8,1000,800082,0.006916253005329054,cf1_margin,none,0.7855542754736303
2-2-4,t3,mixture,0.8,1000,800082,0.006916253005329054,slack_plugin,none,1.5711085509472609
2-2-4,t3,mixture,0.8,1000,800082,0.006916253005329054,gm_battery,none,0.0
2-2-4,t3,mixture,0.8,1000,800082,0.006916253005329054,gtest,none,36.64183984655903
2-2-4,t3,mixture,0.8,1000,800083,0.007027042993286159,kl_plugin,none,0.82742620037227
2-2-4,t3,mixture,0.8,1000,800083,0.007027042993286159,kl_split,none,0.8565369643377093
2-2-4,t3,mixture,0.8,1000,800083,0.007027042993286159,kl_crossfit,none,1.1514166268950408
2-2-4,t3,mixture,0.8,1000,800083,0.007027042993286159,cf1_margin,none,0.806
2-2-4,t3,mixture,0.8,1000,800083,0.007027042993286159,slack_plugin,none,1.6119999999999999
2-2-4,t3,mixture,0.8,1000,800083,0.007027042993286159,gm_battery,none,0.0
2-2-4,t3,mixture,0.8,1000,800083,0.007027042993286159,gtest,none,19.144189465301704
2-2-4,t3,mixture,0.8,1000,800084,0.006605456997931469,kl_plugin,none,0.8240531867979046
2-2-4,t3,mixture,0.8,1000,800084,0.006605456997931469,kl_split,none,0.8349638146523888
2-2-4,t3,mixture,0.8,1000,800084,0.006605456997931469,kl_crossfit,none,0.8528217176457726
2-2-4,t3,mixture,0.8,1000,800084,0.006605456997931469,cf1_margin,none,0.7874749899959984
2-2-4,t3,mixture,0.8,1000,800084,0.006605456997931469,slack_plugin,none,1.574949979991997
2-2-4,t3,mixture,0.8,1000,800084,0.006605456997931469,gm_battery,none,0.0
2-2-4,t3,mixture,0.8,1000,800084,0.006605456997931469,gtest,none,40.44952014749428
2-2-4,t3,mixture,0.8,1000,800085,0.0066389950006850995,kl_plugin,none,0.7893563584068338
2-2-4,t3,mixture,0.8,1000,800085,0.0066389950006850995,kl_split,none,1.2022949967381096
2-2-4,t3,mixture,0.8,1000,800085,0.0066389950006850995,kl_crossfit,none,1.0006365804317383
2-2-4,t3,mixture,0.8,1000,800085,0.0066389950006850995,cf1_margin,none,0.7721601837463209
2-2-4,t3,mixture,0.8,1000,800085,0.0066389950006850995,slack_plugin,none,1.5443203674926416
2-2-4,t3,mixture,0.8,1000,800085,0.0066389950006850995,gm_battery,none,0.0
2-2-4,t3,mixture,0.8,1000,800085,0.0066389950006850995,gtest,none,39.79833418113233
2-2-4,t3,mixture,0.8,1000,800086,0.006665259999863338,kl_plugin,none,0.7868391578473015
2-2-4,t3,mixture,0.8,1000,800086,0.006665259999863338,kl_split,none,0.8436669284308993
2-2-4,t3,mixture,0.8,1000,800086,0.006665259999863338,kl_crossfit,none,0.8566101519817433
2-2-4,t3,mixture,0.8,1000,800086,0.006665259999863338,cf1_margin,none,0.7745108632578168
2-2-4,t3,mixture,0.8,1000,800086,0.006665259999863338,slack_plugin,none,1.5490217265156336
2-2-4,t3,mixture,0.8,1000,800086,0.006665259999863338,gm_battery,none,0.0
2-2-4,t3,mixture,0.8,1000,800086,0.006665259999863338,gtest,none,17.833105773426244
2-2-4,t3,mixture,0.8,1000,800087,0.007739568995020818,kl_plugin,none,0.8348450830608452
2-2-4,t3,mixture,0.8,1000,800087,0.007739568995020818,kl_split,none,1.640678345508431
2-2-4,t3,mixture,0.8,1000,800087,0.007739568995020818,kl_crossfit,none,1.2569686346167026
2-2-4,t3,mixture,0.8,1000,800087,0.007739568995020818,cf1_margin,none,0.797627190508762
2-2-4,t3,mixture,0.8,1000,800087,0.007739568995020818,slack_plugin,none,1.595254381017524
2-2-4,t3,mixture,0.8,1000,800087,0.007739568995020818,gm_battery,none,0.0
2-2-4,t3,mixture,0.8,1000,800087,0.007739568995020818,gtest,none,31.65382751817045
2-2-4,t3,mixture,0.8,1000,800088,0.0066619860008358955,kl_plugin,none,0.8886473398078282
2-2-4,t3,mixture,0.8,1000,800088,0.0066619860008358955,kl_split,none,0.9634585753400555
2-2-4,t3,mixture,0.8,1000,800088,0.0066619860008358955,kl_crossfit,none,0.933152951944225
2-2-4,t3,mixture,0.8,1000,800088,0.0066619860008358955,cf1_margin,none,0.8319339193087042
2-2-4,t3,mixture,0.8,1000,800088,0.0066619860008358955,slack_plugin,none,1.6638678386174084
2-2-4,t3,mixture,0.8,1000,800088,0.0066619860008358955,gm_battery,none,0.0
2-2-4,t3,mixture,0.8,1000,800088,0.0066619860008358955,gtest,none,28.045304221930873
2-2-4,t3,mixture,0.8,1000,800089,0.004827735996514093,kl_plugin,none,0.9173763008781565
2-2-4,t3,mixture,0.8,1000,800089,0.004827735996514093,kl_split,none,1.36789709144927
2-2-4,t3,mixture,0.8,1000,800089,0.004827735996514093,kl_crossfit,none,1.25886419247013
2-2-4,t3,mixture,0.8,1000,800089,0.004827735996514093,cf1_margin,none,0.8181818181818182
2-2-4,t3,mixture,0.8,1000,800089,0.004827735996514093,slack_plugin,none,1.6363636363636365
2-2-4,t3,mixture,0.8,1000,800089,0.004827735996514093,gm_battery,none,0.0
2-2-4,t3,mixture,0.8,1000,800089,0.004827735996514093,gtest,none,12.348517795475681
2-2-4,t3,mixture,0.8,1000,800090,0.00650181600212818,kl_plugin,none,0.8315071493833741
2-2-4,t3,mixture,0.8,1000,800090,0.00650181600212818,kl_split,none,0.8204933497627065
2-2-4,t3,mixture,0.8,1000,800090,0.00650181600212818,kl_crossfit,none,0.8585015139736989
2-2-4,t3,mixture,0.8,1000,800090,0.00650181600212818,cf1_margin,none,0.7982598259825983
2-2-4,t3,mixture,0.8,1000,800090,0.00650181600212818,slack_plugin,none,1.5965196519651963
2-2-4,t3,mixture,0.8,1000,800090,0.00650181600212818,gm_battery,none,0.0
2-2-4,t3,mixture,0.8,1000,800090,0.00650181600212818,gtest,none,14.318197372357243
2-2-4,t3,mixture,0.8,1000,800091,0.006530434999149293,kl_plugin,none,0.7638357329993256
2-2-4,t3,mixture,0.8,1000,800091,0.006530434999149293,kl_split,none,1.007667624083718
2-2-4,t3,mixture,0.8,1000,800091,0.006530434999149293,kl_crossfit,none,0.9375777840698133
2-2-4,t3,mixture,0.8,1000,800091,0.006530434999149293,cf1_margin,none,0.7595510382041528
2-2-4,t3,mixture,0.8,1000,800091,0.006530434999149293,slack_plugin,none,1.5191020764083054
2-2-4,t3,mixture,0.8,1000,800091,0.006530434999149293,gm_battery,none,0.0
2-2-4,t3,mixture,0.8,1000,800091,0.006530434999149293,gtest,none,20.555831795449073
2-2-4,t3,mixture,0.8,1000,800092,0.006545980002556462,kl_plugin,none,0.8116680064729265
2-2-4,t3,mixture,0.8,1000,800092,0.006545980002556462,kl_split,none,0.8941568978873666
2-2-4,t3,mixture,0.8,1000,800092,0.006545980002556462,kl_crossfit,none,0.850507828398563
2-2-4,t3,mixture,0.8,1000,800092,0.006545980002556462,cf1_margin,none,0.78
2-2-4,t3,mixture,0.8,1000,800092,0.006545980002556462,slack_plugin,none,1.56
2-2-4,t3,mixture,0.8,1000,800092,0.006545980002556462,gm_battery,none,0.0
2-2-4,t3,mixture,0.8,1000,800092,0.006545980002556462,gtest,none,19.364660359188058
2-2-4,t3,mixture,0.8,1000,800093,0.006416064003133215,kl_plugin,none,0.8371065646419483
2-2-4,t3,mixture,0.8,1000,800093,0.006416064003133215,kl_split,none,0.8418347011536202
2-2-4,t3,mixture,0.8,1000,800093,0.006416064003133215,kl_crossfit,none,0.9743018947182244
2-2-4,t3,mixture,0.8,1000,800093,0.006416064003133215,cf1_margin,none,0.810612969807517
2-2-4,t3,mixture,0.8,1000,800093,0.006416064003133215,slack_plugin,none,1.6212259396150337
2-2-4,t3,mixture,0.8,1000,800093,0.006416064003133215,gm_battery,none,0.0
2-2-4,t3,mixture,0.8,1000,800093,0.006416064003133215,gtest,none,25.7573821812947
2-2-4,t3,mixture,0.8,1000,800094,0.007136580003134441,kl_plugin,none,0.7585463785302013
2-2-4,t3,mixture,0.8,1000,800094,0.007136580003134441,kl_split,none,0.7138249923721073
2-2-4,t3,mixture,0.8,1000,800094,0.007136580003134441,kl_crossfit,none,0.7697338750753394
2-2-4,t3,mixture,0.8,1000,800094,0.007136580003134441,cf1_margin,none,0.7659525067653039
2-2-4,t3,mixture,0.8,1000,800094,0.007136580003134441,slack_plugin,none,1.5319050135306078
2-2-4,t3,mixture,0.8,1000,800094,0.007136580003134441,gm_battery,none,0.0
2-2-4,t3,mixture,0.8,1000,800094,0.007136580003134441,gtest,none,20.590900990616962
2-2-4,t3,mixture,0.8,1000,800095,0.006703569000819698,kl_plugin,none,0.8545896133778892
2-2-4,t3,mixture,0.8,1000,800095,0.006703569000819698,kl_split,none,0.8403818602478604
2-2-4,t3,mixture,0.8,1000,800095,0.006703569000819698,kl_crossfit,none,0.945862996136358
2-2-4,t3,mixture,0.8,1000,800095,0.006703569000819698,cf1_margin,none,0.8133000512032771
2-2-4,t3,mixture,0.8,1000,800095,0.006703569000819698,slack_plugin,none,1.626600102406554
2-2-4,t3,mixture,0.8,1000,800095,0.006703569000819698,gm_battery,none,0.0
2-2-4,t3,mixture,0.8,1000,800095,0.006703569000819698,gtest,none,24.738063291226435
2-2-4,t3,mixture,0.8,1000,800096,0.00890166699537076,kl_plugin,none,0.8459332729413938
2-2-4,t3,mixture,0.8,1000,800096,0.00890166699537076,kl_split,none,0.9300187957396703
2-2-4,t3,mixture,0.8,1000,800096,0.00890166699537076,kl_crossfit,none,1.0131917503496293
2-2-4,t3,mixture,0.8,1000,800096,0.00890166699537076,cf1_margin,none,0.809610683694004
2-2-4,t3,mixture,0.8,1000,800096,0.00890166699537076,slack_plugin,none,1.619221367388008
2-2-4,t3,mixture,0.8,1000,800096,0.00890166699537076,gm_battery,none,0.0
2-2-4,t3,mixture,0.8,1000,800096,0.00890166699537076,gtest,none,35.47352038251619
2-2-4,t3,mixture,0.8,1000,800097,0.007171555997047108,kl_plugin,none,0.8630316945741539
2-2-4,t3,mixture,0.8,1000,800097,0.007171555997047108,kl_split,none,0.9075968962531733
2-2-4,t3,mixture,0.8,1000,800097,0.007171555997047108,kl_crossfit,none,0.8769838033875916
2-2-4,t3,mixture,0.8,1000,800097,0.007171555997047108,cf1_margin,none,0.8215421542154215
2-2-4,t3,mixture,0.8,1000,800097,0.007171555997047108,slack_plugin,none,1.643084308430843
2-2-4,t3,mixture,0.8,1000,800097,0.007171555997047108,gm_battery,none,0.0
2-2-4,t3,mixture,0.8,1000,800097,0.007171555997047108,gtest,none,36.003685833953554
2-2-4,t3,mixture,0.8,1000,800098,0.006721881996782031,kl_plugin,none,0.8560498973399985
2-2-4,t3,mixture,0.8,1000,800098,0.006721881996782031,kl_split,none,0.9459291003728997
2-2-4,t3,mixture,0.8,1000,800098,0.006721881996782031,kl_crossfit,none,1.0374185483755656
2-2-4,t3,mixture,0.8,1000,800098,0.006721881996782031,cf1_margin,none,0.8082992168209413
2-2-4,t3,mixture,0.8,1000,800098,0.006721881996782031,slack_plugin,none,1.6165984336418826
2-2-4,t3,mixture,0.8,1000,800098,0.006721881996782031,gm_battery,none,0.0
2-2-4,t3,mixture,0.8,1000,800098,0.006721881996782031,gtest,none,32.59718146433655
2-2-4,t3,mixture,0.8,1000,800099,0.008390798000618815,kl_plugin,none,0.7967855695026455
2-2-4,t3,mixture,0.8,1000,800099,0.008390798000618815,kl_split,none,0.8269880290022674
2-2-4,t3,mixture,0.8,1000,800099,0.008390798000618815,kl_crossfit,none,1.0261055911324697
2-2-4,t3,mixture,0.8,1000,800099,0.008390798000618815,cf1_margin,none,0.7787884606153699
2-2-4,t3,mixture,0.8,1000,800099,0.008390798000618815,slack_plugin,none,1.5575769212307398
2-2-4,t3,mixture,0.8,1000,800099,0.008390798000618815,gm_battery,none,0.0
2-2-4,t3,mixture,0.8,1000,800099,0.008390798000618815,gtest,none,22.71528650122363
2-2-4,t3,mixture,0.8,1000,800100,0.011845988999994006,kl_plugin,none,0.8563949665432457
2-2-4,t3,mixture,0.8,1000,800100,0.011845988999994006,kl_split,none,1.0940028833507576
2-2-4,t3,mixture,0.8,1000,800100,0.011845988999994006,kl_crossfit,none,1.0200858850436672
2-2-4,t3,mixture,0.8,1000,800100,0.011845988999994006,cf1_margin,none,0.8241271547833482
2-2-4,t3,mixture,0.8,1000,800100,0.011845988999994006,slack_plugin,none,1.6482543095666964
2-2-4,t3,mixture,0.8,1000,800100,0.011845988999994006,gm_battery,none,0.0
2-2-4,t3,mixture,0.8,1000,800100,0.011845988999994006,gtest,none,35.22392169722848
2-2-4,t3,mixture,0.8,1000,800101,0.006959616999665741,kl_plugin,none,0.7840710308223978
2-2-4,t3,mixture,0.8,1000,800101,0.006959616999665741,kl_split,none,1.0955363306915369
2-2-4,t3,mixture,0.8,1000,800101,0.006959616999665741,kl_crossfit,none,0.9771955176160639
2-2-4,t3,mixture,0.8,1000,800101,0.006959616999665741,cf1_margin,none,0.7695790783163132
2-2-4,t3,mixture,0.8,1000,800101,0.006959616999665741,slack_plugin,none,1.5391581566326265
2-2-4,t3,mixture,0.8,1000,800101,0.006959616999665741,gm_battery,none,0.0
2-2-4,t3,mixture,0.8,1000,800101,0.006959616999665741,gtest,none,49.613654599905885
2-2-4,t3,mixture,0.8,1000,800102,0.008780575000855606,kl_plugin,none,0.8682458430071947
2-2-4,t3,mixture,0.8,1000,800102,0.008780575000855606,kl_split,none,0.8983044459333963
2-2-4,t3,mixture,0.8,1000,800102,0.008780575000855606,kl_crossfit,none,0.8855019984283699
2-2-4,t3,mixture,0.8,1000,800102,0.008780575000855606,cf1_margin,none,0.8137378491189736
2-2-4,t3,mixture,0.8,1000,800102,0.008780575000855606,slack_plugin,none,1.627475698237947
2-2-4,t3,mixture,0.8,1000,800102,0.008780575000855606,gm_battery,none,0.0
2-2-4,t3,mixture,0.8,1000,800102,0.008780575000855606,gtest,none,51.359450258585596
2-2-4,t3,mixture,0.8,1000,800103,0.007322950004891027,kl_plugin,none,0.8247172014160027
2-2-4,t3,mixture,0.8,1000,800103,0.007322950004891027,kl_split,none,0.8346741277602205
2-2-4,t3,mixture,0.8,1000,800103,0.007322950004891027,kl_crossfit,none,1.0005713136370273
2-2-4,t3,mixture,0.8,1000,800103,0.007322950004891027,cf1_margin,none,0.7957428406688449
2-2-4,t3,mixture,0.8,1000,800103,0.007322950004891027,slack_plugin,none,1.5914856813376899
2-2-4,t3,mixture,0.8,1000,800103,0.007322950004891027,gm_battery,none,0.0
2-2-4,t3,mixture,0.8,1000,800103,0.007322950004891027,gtest,none,42.36636491519519
2-2-4,t3,mixture,0.8,1000,800104,0.0065481829951750115,kl_plugin,none,0.8811533459602848
2-2-4,t3,mixture,0.8,1000,800104,0.0065481829951750115,kl_split,none,0.9907592080402235
2-2-4,t3,mixture,0.8,1000,800104,0.0065481829951750115,kl_crossfit,none,1.1818520707661195
2-2-4,t3,mixture,0.8,1000,800104,0.0065481829951750115,cf1_margin,none,0.8153801843317973
2-2-4,t3,mixture,0.8,1000,800104,0.0065481829951750115,slack_plugin,none,1.6307603686635943
2-2-4,t3,mixture,0.8,1000,800104,0.0065481829951750115,gm_battery,none,0.0
2-2-4,t3,mixture,0.8,1000,800104,0.0065481829951750115,gtest,none,25.320444859202276
2-2-4,t3,mixture,0.8,1000,800105,0.007571825000923127,kl_plugin,none,0.8525838647349128
2-2-4,t3,mixture,0.8,1000,800105,0.007571825000923127,kl_split,none,0.9472325973809909
2-2-4,t3,mixture,0.8,1000,800105,0.007571825000923127,kl_crossfit,none,1.146742867545997
2-2-4,t3,mixture,0.8,1000,800105,0.007571825000923127,cf1_margin,none,0.8063401129762686
2-2-4,t3,mixture,0.8,1000,800105,0.007571825000923127,slack_plugin,none,1.6126802259525375
2-2-4,t3,mixture,0.8,1000,800105,0.007571825000923127,gm_battery,none,0.0
2-2-4,t3,mixture,0.8,1000,800105,0.007571825000923127,gtest,none,15.774933056811571
2-2-4,t3,mixture,0.8,1000,800106,0.006620650005061179,kl_plugin,none,0.9198756430165802
2-2-4,t3,mixture,0.8,1000,800106,0.006620650005061179,kl_split,none,1.020866111314997
2-2-4,t3,mixture,0.8,1000,800106,0.006620650005061179,kl_crossfit,none,0.9698791147466348
2-2-4,t3,mixture,0.8,1000,800106,0.006620650005061179,cf1_margin,none,0.848203271439786
2-2-4,t3,mixture,0.8,1000,800106,0.006620650005061179,slack_plugin,none,1.696406542879572
2-2-4,t3,mixture,0.8,1000,800106,0.006620650005061179,gm_battery,none,0.0
2-2-4,t3,mixture,0.8,1000,800106,0.006620650005061179,gtest,none,35.0692525326383
2-2-4,t3,mixture,0.8,1000,800107,0.0067271579973748885,kl_plugin,none,0.8337884657128305
2-2-4,t3,mixture,0.8,1000,800107,0.0067271579973748885,kl_split,none,0.851748351213639
2-2-4,t3,mixture,0.8,1000,800107,0.0067271579973748885,kl_crossfit,none,0.9682010087361008
2-2-4,t3,mixture,0.8,1000,800107,0.0067271579973748885,cf1_margin,none,0.7855211150405659
2-2-4,t3,mixture,0.8,1000,800107,0.0067271579973748885,slack_plugin,none,1.5710422300811315
2-2-4,t3,mixture,0.8,1000,800107,0.0067271579973748885,gm_battery,none,0.0
2-2-4,t3,mixture,0.8,1000,800107,0.0067271579973748885,gtest,none,29.17080116582629
2-2-4,t3,mixture,0.8,1000,800108,0.009624861995689571,kl_plugin,none,0.8505390232146551
2-2-4,t3,mixture,0.8,1000,800108,0.009624861995689571,kl_split,none,0.8778109258464011
2-2-4,t3,mixture,0.8,1000,800108,0.009624861995689571,kl_crossfit,none,0.9483432695084129
2-2-4,t3,mixture,0.8,1000,800108,0.009624861995689571,cf1_margin,none,0.8083512334049336
2-2-4,t3,mixture,0.8,1000,800108,0.009624861995689571,slack_plugin,none,1.6167024668098673
2-2-4,t3,mixture,0.8,1000,800108,0.009624861995689571,gm_battery,none,0.0
2-2-4,t3,mixture,0.8,1000,800108,0.009624861995689571,gtest,none,33.70239211858431
2-2-4,t3,mixture,0.8,1000,800109,0.009849301000940613,kl_plugin,none,0.8342086928046478
2-2-4,t3,mixture,0.8,1000,800109,0.009849301000940613,kl_split,none,0.8796174024596211
2-2-4,t3,mixture,0.8,1000,800109,0.009849301000940613,kl_crossfit,none,0.9762424637805577
2-2-4,t3,mixture,0.8,1000,800109,0.009849301000940613,cf1_margin,none,0.8085505801922099
2-2-4,t3,mixture,0.8,1000,800109,0.009849301000940613,slack_plugin,none,1.6171011603844203
2-2-4,t3,mixture,0.8,1000,800109,0.009849301000940613,gm_battery,none,0.0
2-2-4,t3,mixture,0.8,1000,800109,0.009849301000940613,gtest,none,29.575867592457254
2-2-4,t3,mixture,0.8,1000,800110,0.006460457996581681,kl_plugin,none,0.8290641334867161
2-2-4,t3,mixture,0.8,1000,800110,0.006460457996581681,kl_split,none,0.881555933716647
2-2-4,t3,mixture,0.8,1000,800110,0.006460457996581681,kl_crossfit,none,0.8726388710618482
2-2-4,t3,mixture,0.8,1000,800110,0.006460457996581681,cf1_margin,none,0.7982598259825983
2-2-4,t3,mixture,0.8,1000,800110,0.006460457996581681,slack_plugin,none,1.5965196519651965
2-2-4,t3,mixture,0.8,1000,800110,0.006460457996581681,gm_battery,none,0.0
2-2-4,t3,mixture,0.8,1000,800110,0.006460457996581681,gtest,none,35.32992459713405
2-2-4,t3,mixture,0.8,1000,800111,0.010116937002749182,kl_plugin,none,0.7945947631393182
2-2-4,t3,mixture,0.8,1000,800111,0.010116937002749182,kl_split,none,0.8853624635232834
2-2-4,t3,mixture,0.8,1000,800111,0.010116937002749182,kl_crossfit,none,1.0242526743329559
2-2-4,t3,mixture,0.8,1000,800111,0.010116937002749182,cf1_margin,none,0.7789600425615322
2-2-4,t3,mixture,0.8,1000,800111,0.010116937002749182,slack_plugin,none,1.5579200851230643
2-2-4,t3,mixture,0.8,1000,800111,0.010116937002749182,gm_battery,none,0.0
2-2-4,t3,mixture,0.8,1000,800111,0.010116937002749182,gtest,none,26.54327874867095
2-2-4,t3,mixture,0.8,1000,800112,0.011289330999716185,kl_plugin,none,0.9035150012611348
2-2-4,t3,mixture,0.8,1000,800112,0.011289330999716185,kl_split,none,0.9255960825594005
2-2-4,t3,mixture,0.8,1000,800112,0.011289330999716185,kl_crossfit,none,1.0786638126924184
2-2-4,t3,mixture,0.8,1000,800112,0.011289330999716185,cf1_margin,none,0.8246794871794871
2-2-4,t3,mixture,0.8,1000,800112,0.011289330999716185,slack_plugin,none,1.6493589743589743
2-2-4,t3,mixture,0.8,1000,800112,0.011289330999716185,gm_battery,none,0.0
2-2-4,t3,mixture,0.8,1000,800112,0.011289330999716185,gtest,none,22.16925489013096
2-2-4,t3,mixture,0.8,1000,800113,0.0063857019995339215,kl_plugin,none,0.903459565761935
2-2-4,t3,mixture,0.8,1000,800113,0.0063857019995339215,kl_split,none,0.9488714760145897
2-2-4,t3,mixture,0.8,1000,800113,0.0063857019995339215,kl_crossfit,none,0.954073455231153
2-2-4,t3,mixture,0.8,1000,800113,0.0063857019995339215,cf1_margin,none,0.8190614862135037
2-2-4,t3,mixture,0.8,1000,800113,0.0063857019995339215,slack_plugin,none,1.6381229724270074
2-2-4,t3,mixture,0.8,1000,800113,0.0063857019995339215,gm_battery,none,0.0
2-2-4,t3,mixture,0.8,1000,800113,0.0063857019995339215,gtest,none,27.908861206832874
2-2-4,t3,mixture,0.8,1000,800114,0.006752016000973526,kl_plugin,none,0.8111787284651608
2-2-4,t3,mixture,0.8,1000,800114,0.006752016000973526,kl_split,none,0.8644124776844894
2-2-4,t3,mixture,0.8,1000,800114,0.006752016000973526,kl_crossfit,none,1.0033704078835943
2-2-4,t3,mixture,0.8,1000,800114,0.006752016000973526,cf1_margin,none,0.7827123743678381
2-2-4,t3,mixture,0.8,1000,800114,0.006752016000973526,slack_plugin,none,1.565424748735676
2-2-4,t3,mixture,0.8,1000,800114,0.006752016000973526,gm_battery,none,0.0
2-2-4,t3,mixture,0.8,1000,800114,0.006752016000973526,gtest,none,26.59131020222984
2-2-4,t3,mixture,0.8,1000,800115,0.006624157998885494,kl_plugin,none,0.8017794306265844
2-2-4,t3,mixture,0.8,1000,800115,0.006624157998885494,kl_split,none,0.8674428520640229
2-2-4,t3,mixture,0.8,1000,800115,0.006624157998885494,kl_crossfit,none,0.8344835593813038
2-2-4,t3,mixture,0.8,1000,800115,0.006624157998885494,cf1_margin,none,0.7827681796544675
2-2-4,t3,mixture,0.8,1000,800115,0.006624157998885494,slack_plugin,none,1.5655363593089353
2-2-4,t3,mixture,0.8,1000,800115,0.006624157998885494,gm_battery,none,0.0
2-2-4,t3,mixture,0.8,1000,800115,0.006624157998885494,gtest,none,27.34506155549413
2-2-4,t3,mixture,0.8,1000,800116,0.00636680699972203,kl_plugin,none,0.7441351648036391
2-2-4,t3,mixture,0.8,1000,800116,0.00636680699972203,kl_split,none,0.7432311878917888
2-2-4,t3,mixture,0.8,1000,800116,0.00636680699972203,kl_crossfit,none,0.7690773348525566
2-2-4,t3,mixture,0.8,1000,800116,0.00636680699972203,cf1_margin,none,0.7648037897701812
2-2-4,t3,mixture,0.8,1000,800116,0.00636680699972203,slack_plugin,none,1.5296075795403623
2-2-4,t3,mixture,0.8,1000,800116,0.00636680699972203,gm_battery,none,0.0
2-2-4,t3,mixture,0.8,1000,800116,0.00636680699972203,gtest,none,62.06648861947335
2-2-4,t3,mixture,0.8,1000,800117,0.008366059999389108,kl_plugin,none,0.851382702386785
2-2-4,t3,mixture,0.8,1000,800117,0.008366059999389108,kl_split,none,0.9148173942997428
2-2-4,t3,mixture,0.8,1000,800117,0.008366059999389108,kl_crossfit,none,1.1181141314749672
2-2-4,t3,mixture,0.8,1000,800117,0.008366059999389108,cf1_margin,none,0.8018642409074137
2-2-4,t3,mixture,0.8,1000,800117,0.008366059999389108,slack_plugin,none,1.6037284818148274
2-2-4,t3,mixture,0.8,1000,800117,0.008366059999389108,gm_battery,none,0.0
2-2-4,t3,mixture,0.8,1000,800117,0.008366059999389108,gtest,none,38.1622178630622
2-2-4,t3,mixture,0.8,1000,800118,0.007526790002884809,kl_plugin,none,0.8463471557451847
2-2-4,t3,mixture,0.8,1000,800118,0.007526790002884809,kl_split,none,0.8672870405257694
2-2-4,t3,mixture,0.8,1000,800118,0.007526790002884809,kl_crossfit,none,0.8919055521567646
2-2-4,t3,mixture,0.8,1000,800118,0.007526790002884809,cf1_margin,none,0.8023609443777511
2-2-4,t3,mixture,0.8,1000,800118,0.007526790002884809,slack_plugin,none,1.6047218887555021
2-2-4,t3,mixture,0.8,1000,800118,0.007526790002884809,gm_battery,none,0.0
2-2-4,t3,mixture,0.8,1000,800118,0.007526790002884809,gtest,none,28.674915108349733
2-2-4,t3,mixture,0.8,1000,800119,0.007637503003934398,kl_plugin,none,0.7687847344653098
2-2-4,t3,mixture,0.8,1000,800119,0.007637503003934398,kl_split,none,0.823579465961462
2-2-4,t3,mixture,0.8,1000,800119,0.007637503003934398,kl_crossfit,none,0.9266951522266929
2-2-4,t3,mixture,0.8,1000,800119,0.007637503003934398,cf1_margin,none,0.7704629466643196
2-2-4,t3,mixture,0.8,1000,800119,0.007637503003934398,slack_plugin,none,1.5409258933286392
2-2-4,t3,mixture,0.8,1000,800119,0.007637503003934398,gm_battery,none,0.0
2-2-4,t3,mixture,0.8,1000,800119,0.007637503003934398,gtest,none,32.48809205462712
2-2-4,t3,mixture,0.8,1000,800120,0.008428838998952415,kl_plugin,none,0.7775829486294352
2-2-4,t3,mixture,0.8,1000,800120,0.008428838998952415,kl_split,none,1.1581265690248213
2-2-4,t3,mixture,0.8,1000,800120,0.008428838998952415,kl_crossfit,none,0.9950127122231829
2-2-4,t3,mixture,0.8,1000,800120,0.008428838998952415,cf1_margin,none,0.7825815564242815
2-2-4,t3,mixture,0.8,1000,800120,0.008428838998952415,slack_plugin,none,1.5651631128485626
2-2-4,t3,mixture,0.8,1000,800120,0.008428838998952415,gm_battery,none,0.0
2-2-4,t3,mixture,0.8,1000,800120,0.008428838998952415,gtest,none,26.89277649238723
2-2-4,t3,mixture,0.8,1000,800121,0.006567620999703649,kl_plugin,none,0.8005534743136659
2-2-4,t3,mixture,0.8,1000,800121,0.006567620999703649,kl_split,none,0.8885717403254301
2-2-4,t3,mixture,0.8,1000,800121,0.006567620999703649,kl_crossfit,none,0.9856359888682193
2-2-4,t3,mixture,0.8,1000,800121,0.006567620999703649,cf1_margin,none,0.7799919967987196
2-2-4,t3,mixture,0.8,1000,800121,0.006567620999703649,slack_plugin,none,1.5599839935974391
2-2-4,t3,mixture,0.8,1000,800121,0.006567620999703649,gm_battery,none,0.0
2-2-4,t3,mixture,0.8,1000,800121,0.006567620999703649,gtest,none,10.231533072879834
2-2-4,t3,mixture,0.8,1000,800122,0.006333896999421995,kl_plugin,none,0.8495187115137492
2-2-4,t3,mixture,0.8,1000,800122,0.006333896999421995,kl_split,none,0.909082194862592
2-2-4,t3,mixture,0.8,1000,800122,0.006333896999421995,kl_crossfit,none,0.8707651288382863
2-2-4,t3,mixture,0.8,1000,800122,0.006333896999421995,cf1_margin,none,0.8052884615384615
2-2-4,t3,mixture,0.8,1000,800122,0.006333896999421995,slack_plugin,none,1.6105769230769234
2-2-4,t3,mixture,0.8,1000,800122,0.006333896999421995,gm_battery,none,0.0
2-2-4,t3,mixture,0.8,1000,800122,0.006333896999421995,gtest,none,30.471675233585355
2-2-4,t3,mixture,0.8,1000,800123,0.007688958001381252,kl_plugin,none,0.8498066487011922
2-2-4,t3,mixture,0.8,1000,800123,0.007688958001381252,kl_split,none,0.8749832446883076
2-2-4,t3,mixture,0.8,1000,800123,0.007688958001381252,kl_crossfit,none,0.881189185537829
2-2-4,t3,mixture,0.8,1000,800123,0.007688958001381252,cf1_margin,none,0.812
2-2-4,t3,mixture,0.8,1000,800123,0.007688958001381252,slack_plugin,none,1.6239999999999997
2-2-4,t3,mixture,0.8,1000,800123,0.007688958001381252,gm_battery,none,0.0
2-2-4,t3,mixture,0.8,1000,800123,0.007688958001381252,gtest,none,28.851723607426308
2-2-4,t3,mixture,0.8,1000,800124,0.007908602005045395,kl_plugin,none,0.8236379359937749
2-2-4,t3,mixture,0.8,1000,800124,0.007908602005045395,kl_split,none,0.9187107003718263
2-2-4,t3,mixture,0.8,1000,800124,0.007908602005045395,kl_crossfit,none,0.9736023089205141
2-2-4,t3,mixture,0.8,1000,800124,0.007908602005045395,cf1_margin,none,0.7871965951455223
2-2-4,t3,mixture,0.8,1000,800124,0.007908602005045395,slack_plugin,none,1.5743931902910446
2-2-4,t3,mixture,0.8,1000,800124,0.007908602005045395,gm_battery,none,0.0
2-2-4,t3,mixture,0.8,1000,800124,0.007908602005045395,gtest,none,11.771265722428915
2-2-4,t3,mixture,0.8,1000,800125,0.011616777002927847,kl_plugin,none,0.8053394552786943
2-2-4,t3,mixture,0.8,1000,800125,0.011616777002927847,kl_split,none,0.8847516129623246
2-2-4,t3,mixture,0.8,1000,800125,0.011616777002927847,kl_crossfit,none,0.9234944927419324
2-2-4,t3,mixture,0.8,1000,800125,0.011616777002927847,cf1_margin,none,0.7803699436763952
2-2-4,t3,mixture,0.8,1000,800125,0.011616777002927847,slack_plugin,none,1.5607398873527907
2-2-4,t3,mixture,0.8,1000,800125,0.011616777002927847,gm_battery,none,0.0
2-2-4,t3,mixture,0.8,1000,800125,0.011616777002927847,gtest,none,21.286493564784035
2-2-4,t3,mixture,0.8,1000,800126,0.007248829999298323,kl_plugin,none,0.8419133366908016
2-2-4,t3,mixture,0.8,1000,800126,0.007248829999298323,kl_split,none,1.0862738319267549
2-2-4,t3,mixture,0.8,1000,800126,0.007248829999298323,kl_crossfit,none,1.0268443207898859
2-2-4,t3,mixture,0.8,1000,800126,0.007248829999298323,cf1_margin,none,0.7943859649122808
2-2-4,t3,mixture,0.8,1000,800126,0.007248829999298323,slack_plugin,none,1.5887719298245617
2-2-4,t3,mixture,0.8,1000,800126,0.007248829999298323,gm_battery,none,0.0
2-2-4,t3,mixture,0.8,1000,800126,0.007248829999298323,gtest,none,36.13384826926945
2-2-4,t3,mixture,0.8,1000,800127,0.007844460000342224,kl_plugin,none,0.854949109021381
2-2-4,t3,mixture,0.8,1000,800127,0.007844460000342224,kl_split,none,0.8787669590554724
2-2-4,t3,mixture,0.8,1000,800127,0.007844460000342224,kl_crossfit,none,0.8961514419508589
2-2-4,t3,mixture,0.8,1000,800127,0.007844460000342224,cf1_margin,none,0.8038860550010218
2-2-4,t3,mixture,0.8,1000,800127,0.007844460000342224,slack_plugin,none,1.6077721100020432
2-2-4,t3,mixture,0.8,1000,800127,0.007844460000342224,gm_battery,none,0.0
2-2-4,t3,mixture,0.8,1000,800127,0.007844460000342224,gtest,none,31.59286385988582
2-2-4,t3,mixture,0.8,1000,800128,0.00696478399913758,kl_plugin,none,0.839861028852712
2-2-4,t3,mixture,0.8,1000,800128,0.00696478399913758,kl_split,none,0.866667757129698
2-2-4,t3,mixture,0.8,1000,800128,0.00696478399913758,kl_crossfit,none,0.9750845179951866
2-2-4,t3,mixture,0.8,1000,800128,0.00696478399913758,cf1_margin,none,0.8175417541754175
2-2-4,t3,mixture,0.8,1000,800128,0.00696478399913758,slack_plugin,none,1.635083508350835
2-2-4,t3,mixture,0.8,1000,800128,0.00696478399913758,gm_battery,none,0.0
2-2-4,t3,mixture,0.8,1000,800128,0.00696478399913758,gtest,none,30.45661228149066
2-2-4,t3,mixture,0.8,1000,800129,0.010812550004629884,kl_plugin,none,0.8794728417704603
2-2-4,t3,mixture,0.8,1000,800129,0.010812550004629884,kl_split,none,0.9301695029550728
2-2-4,t3,mixture,0.8,1000,800129,0.010812550004629884,kl_crossfit,none,0.8937627262131558
2-2-4,t3,mixture,0.8,1000,800129,0.010812550004629884,cf1_margin,none,0.8194477791116447
2-2-4,t3,mixture,0.8,1000,800129,0.010812550004629884,slack_plugin,none,1.6388955582232891
2-2-4,t3,mixture,0.8,1000,800129,0.010812550004629884,gm_battery,none,0.0
2-2-4,t3,mixture,0.8,1000,800129,0.010812550004629884,gtest,none,50.09148556629866
2-2-4,t3,mixture,0.8,1000,800130,0.007748857002297882,kl_plugin,none,0.8618183006596127
2-2-4,t3,mixture,0.8,1000,800130,0.007748857002297882,kl_split,none,1.3241157114235997
2-2-4,t3,mixture,0.8,1000,800130,0.007748857002297882,kl_crossfit,none,1.110879879812844
2-2-4,t3,mixture,0.8,1000,800130,0.007748857002297882,cf1_margin,none,0.8142092258651
2-2-4,t3,mixture,0.8,1000,800130,0.007748857002297882,slack_plugin,none,1.6284184517302
2-2-4,t3,mixture,0.8,1000,800130,0.007748857002297882,gm_battery,none,0.0
2-2-4,t3,mixture,0.8,1000,800130,0.007748857002297882,gtest,none,30.209331012466617
2-2-4,t3,mixture,0.8,1000,800131,0.0068727690013474785,kl_plugin,none,0.814450213528898
2-2-4,t3,mixture,0.8,1000,800131,0.0068727690013474785,kl_split,none,1.4625182056372108
2-2-4,t3,mixture,0.8,1000,800131,0.0068727690013474785,kl_crossfit,none,1.1704243043852949
2-2-4,t3,mixture,0.8,1000,800131,0.0068727690013474785,cf1_margin,none,0.786340588845001
2-2-4,t3,mixture,0.8,1000,800131,0.0068727690013474785,slack_plugin,none,1.5726811776900018
2-2-4,t3,mixture,0.8,1000,800131,0.0068727690013474785,gm_battery,none,0.0
2-2-4,t3,mixture,0.8,1000,800131,0.0068727690013474785,gtest,none,33.1066378092771
2-2-4,t3,mixture,0.8,1000,800132,0.006612147997657303,kl_plugin,none,0.8327417442034477
2-2-4,t3,mixture,0.8,1000,800132,0.006612147997657303,kl_split,none,1.3829758074106515
2-2-4,t3,mixture,0.8,1000,800132,0.006612147997657303,kl_crossfit,none,1.1247644848365494
2-2-4,t3,mixture,0.8,1000,800132,0.006612147997657303,cf1_margin,none,0.8000800080008
2-2-4,t3,mixture,0.8,1000,800132,0.006612147997657303,slack_plugin,none,1.6001600160016003
2-2-4,t3,mixture,0.8,1000,800132,0.006612147997657303,gm_battery,none,0.0
2-2-4,t3,mixture,0.8,1000,800132,0.006612147997657303,gtest,none,36.9022493010371
2-2-4,t3,mixture,0.8,1000,800133,0.0068754139938391745,kl_plugin,none,0.7446888822533726
2-2-4,t3,mixture,0.8,1000,800133,0.0068754139938391745,kl_split,none,0.8173095793197314
2-2-4,t3,mixture,0.8,1000,800133,0.0068754139938391745,kl_crossfit,none,0.7966507343811589
2-2-4,t3,mixture,0.8,1000,800133,0.0068754139938391745,cf1_margin,none,0.7630695616340802
2-2-4,t3,mixture,0.8,1000,800133,0.0068754139938391745,slack_plugin,none,1.5261391232681605
2-2-4,t3,mixture,0.8,1000,800133,0.0068754139938391745,gm_battery,none,0.0
2-2-4,t3,mixture,0.8,1000,800133,0.0068754139938391745,gtest,none,30.088717011435914
2-2-4,t3,mixture,0.8,1000,800134,0.007405456002743449,kl_plugin,none,0.8206761989998979
2-2-4,t3,mixture,0.8,1000,800134,0.007405456002743449,kl_split,none,1.1703052103002427
2-2-4,t3,mixture,0.8,1000,800134,0.007405456002743449,kl_crossfit,none,1.0253091473867635
2-2-4,t3,mixture,0.8,1000,800134,0.007405456002743449,cf1_margin,none,0.7753239116608197
2-2-4,t3,mixture,0.8,1000,800134,0.007405456002743449,slack_plugin,none,1.5506478233216394
2-2-4,t3,mixture,0.8,1000,800134,0.007405456002743449,gm_battery,none,0.0
2-2-4,t3,mixture,0.8,1000,800134,0.007405456002743449,gtest,none,36.34719214369833
2-2-4,t3,mixture,0.8,1000,800135,0.007495146004657727,kl_plugin,none,0.783633351040741
2-2-4,t3,mixture,0.8,1000,800135,0.007495146004657727,kl_split,none,0.7821410978642255
2-2-4,t3,mixture,0.8,1000,800135,0.007495146004657727,kl_crossfit,none,0.960864682357919
2-2-4,t3,mixture,0.8,1000,800135,0.007495146004657727,cf1_margin,none,0.7778846153846154
2-2-4,t3,mixture,0.8,1000,800135,0.007495146004657727,slack_plugin,none,1.555769230769231
2-2-4,t3,mixture,0.8,1000,800135,0.007495146004657727,gm_battery,none,0.0
2-2-4,t3,mixture,0.8,1000,800135,0.007495146004657727,gtest,none,33.34544770933714
2-2-4,t3,mixture,0.8,1000,800136,0.00696293699729722,kl_plugin,none,0.8895556461275176
2-2-4,t3,mixture,0.8,1000,800136,0.00696293699729722,kl_split,none,0.9342285682595658
2-2-4,t3,mixture,0.8,1000,800136,0.00696293699729722,kl_crossfit,none,1.033627513127624
2-2-4,t3,mixture,0.8,1000,800136,0.00696293699729722,cf1_margin,none,0.8270577740798668
2-2-4,t3,mixture,0.8,1000,800136,0.00696293699729722,slack_plugin,none,1.6541155481597336
2-2-4,t3,mixture,0.8,1000,800136,0.00696293699729722,gm_battery,none,0.0
2-2-4,t3,mixture,0.8,1000,800136,0.00696293699729722,gtest,none,32.8910247844279
2-2-4,t3,mixture,0.8,1000,800137,0.006646722998993937,kl_plugin,none,0.8793100672380446
2-2-4,t3,mixture,0.8,1000,800137,0.006646722998993937,kl_split,none,0.9056076180435657
2-2-4,t3,mixture,0.8,1000,800137,0.006646722998993937,kl_crossfit,none,1.079268016701314
2-2-4,t3,mixture,0.8,1000,800137,0.006646722998993937,cf1_margin,none,0.8243532628056567
2-2-4,t3,mixture,0.8,1000,800137,0.006646722998993937,slack_plugin,none,1.6487065256113134
2-2-4,t3,mixture,0.8,1000,800137,0.006646722998993937,gm_battery,none,0.0
2-2-4,t3,mixture,0.8,1000,800137,0.006646722998993937,gtest,none,41.39696292692289
2-2-4,t3,mixture,0.8,1000,800138,0.0065752049995353445,kl_plugin,none,0.7859570254535705
2-2-4,t3,mixture,0.8,1000,800138,0.0065752049995353445,kl_split,none,0.7785533921568788
2-2-4,t3,mixture,0.8,1000,800138,0.0065752049995353445,kl_crossfit,none,0.8146224356851928
2-2-4,t3,mixture,0.8,1000,800138,0.0065752049995353445,cf1_margin,none,0.7652376397851415
2-2-4,t3,mixture,0.8,1000,800138,0.0065752049995353445,slack_plugin,none,1.530475279570283
2-2-4,t3,mixture,0.8,1000,800138,0.0065752049995353445,gm_battery,none,0.0
2-2-4,t3,mixture,0.8,1000,800138,0.0065752049995353445,gtest,none,35.60361975655266
2-2-4,t3,mixture,0.8,1000,800139,0.0068775680047110654,kl_plugin,none,0.8267850959208791
2-2-4,t3,mixture,0.8,1000,800139,0.0068775680047110654,kl_split,none,0.9018063350272838
2-2-4,t3,mixture,0.8,1000,800139,0.0068775680047110654,kl_crossfit,none,1.0676441554028921
2-2-4,t3,mixture,0.8,1000,800139,0.0068775680047110654,cf1_margin,none,0.786
2-2-4,t3,mixture,0.8,1000,800139,0.0068775680047110654,slack_plugin,none,1.572
2-2-4,t3,mixture,0.8,1000,800139,0.0068775680047110654,gm_battery,none,0.0
2-2-4,t3,mixture,0.8,1000,800139,0.0068775680047110654,gtest,none,24.280957544542563
2-2-4,t3,mixture,0.8,1000,800140,0.006702317994495388,kl_plugin,none,0.7936954370169925
2-2-4,t3,mixture,0.8,1000,800140,0.006702317994495388,kl_split,none,0.820612477610682
2-2-4,t3,mixture,0.8,1000,800140,0.006702317994495388,kl_crossfit,none,1.1326867415965927
2-2-4,t3,mixture,0.8,1000,800140,0.006702317994495388,cf1_margin,none,0.7842969387591814
2-2-4,t3,mixture,0.8,1000,800140,0.006702317994495388,slack_plugin,none,1.5685938775183628
2-2-4,t3,mixture,0.8,1000,800140,0.006702317994495388,gm_battery,none,0.0
2-2-4,t3,mixture,0.8,1000,800140,0.006702317994495388,gtest,none,27.472540148551165
2-2-4,t3,mixture,0.8,1000,800141,0.00729567699454492,kl_plugin,none,0.7791055105018247
2-2-4,t3,mixture,0.8,1000,800141,0.00729567699454492,kl_split,none,0.8267428147505957
2-2-4,t3,mixture,0.8,1000,800141,0.00729567699454492,kl_crossfit,none,0.9341826923597241
2-2-4,t3,mixture,0.8,1000,800141,0.00729567699454492,cf1_margin,none,0.7680341387647915
2-2-4,t3,mixture,0.8,1000,800141,0.00729567699454492,slack_plugin,none,1.5360682775295833
2-2-4,t3,mixture,0.8,1000,800141,0.00729567699454492,gm_battery,none,0.0
2-2-4,t3,mixture,0.8,1000,800141,0.00729567699454492,gtest,none,44.32889927651871
2-2-4,t3,mixture,0.8,1000,800142,0.00722873199993046,kl_plugin,none,0.7787104799425961
2-2-4,t3,mixture,0.8,1000,800142,0.00722873199993046,kl_split,none,0.8482909549555123
2-2-4,t3,mixture,0.8,1000,800142,0.00722873199993046,kl_crossfit,none,0.9837379323460995
2-2-4,t3,mixture,0.8,1000,800142,0.00722873199993046,cf1_margin,none,0.7779777977797779
2-2-4,t3,mixture,0.8,1000,800142,0.00722873199993046,slack_plugin,none,1.5559555955595559
2-2-4,t3,mixture,0.8,1000,800142,0.00722873199993046,gm_battery,none,0.0
2-2-4,t3,mixture,0.8,1000,800142,0.00722873199993046,gtest,none,21.634234780242377
2-2-4,t3,mixture,0.8,1000,800143,0.006774825000320561,kl_plugin,none,0.7411236967667957
2-2-4,t3,mixture,0.8,1000,800143,0.006774825000320561,kl_split,none,0.8482853508097928
2-2-4,t3,mixture,0.8,1000,800143,0.006774825000320561,kl_crossfit,none,0.9532211591170194
2-2-4,t3,mixture,0.8,1000,800143,0.006774825000320561,cf1_margin,none,0.7573018528049409
2-2-4,t3,mixture,0.8,1000,800143,0.006774825000320561,slack_plugin,none,1.5146037056098813
2-2-4,t3,mixture,0.8,1000,800143,0.006774825000320561,gm_battery,none,0.0
2-2-4,t3,mixture,0.8,1000,800143,0.006774825000320561,gtest,none,25.083275110173762
2-2-4,t3,mixture,0.8,1000,800144,0.006449019994761329,kl_plugin,none,0.8487643302754694
2-2-4,t3,mixture,0.8,1000,800144,0.006449019994761329,kl_split,none,0.8978951966067529
2-2-4,t3,mixture,0.8,1000,800144,0.006449019994761329,kl_crossfit,none,0.9035100576507527
2-2-4,t3,mixture,0.8,1000,800144,0.006449019994761329,cf1_margin,none,0.8119809252532364
2-2-4,t3,mixture,0.8,1000,800144,0.006449019994761329,slack_plugin,none,1.623961850506473
2-2-4,t3,mixture,0.8,1000,800144,0.006449019994761329,gm_battery,none,0.0
2-2-4,t3,mixture,0.8,1000,800144,0.006449019994761329,gtest,none,15.68016116859732
2-2-4,t3,mixture,0.8,1000,800145,0.006706851003400516,kl_plugin,none,0.8282692227744797
2-2-4,t3,mixture,0.8,1000,800145,0.006706851003400516,kl_split,none,0.8447429592496054
2-2-4,t3,mixture,0.8,1000,800145,0.006706851003400516,kl_crossfit,none,0.9268041334705274
2-2-4,t3,mixture,0.8,1000,800145,0.006706851003400516,cf1_margin,none,0.8025210084033614
2-2-4,t3,mixture,0.8,1000,800145,0.006706851003400516,slack_plugin,none,1.6050420168067225
2-2-4,t3,mixture,0.8,1000,800145,0.006706851003400516,gm_battery,none,0.0
2-2-4,t3,mixture,0.8,1000,800145,0.006706851003400516,gtest,none,27.922883364830096
2-2-4,t3,mixture,0.8,1000,800146,0.006428150998544879,kl_plugin,none,0.7935083601551634
2-2-4,t3,mixture,0.8,1000,800146,0.006428150998544879,kl_split,none,0.8240590921199913
2-2-4,t3,mixture,0.8,1000,800146,0.006428150998544879,kl_crossfit,none,0.8359621697270141
2-2-4,t3,mixture,0.8,1000,800146,0.006428150998544879,cf1_margin,none,0.777239980639303
2-2-4,t3,mixture,0.8,1000,800146,0.006428150998544879,slack_plugin,none,1.554479961278606
2-2-4,t3,mixture,0.8,1000,800146,0.006428150998544879,gm_battery,none,0.0
2-2-4,t3,mixture,0.8,1000,800146,0.006428150998544879,gtest,none,35.037733719717124
2-2-4,t3,mixture,0.8,1000,800147,0.007146418996853754,kl_plugin,none,0.8303743406314027
2-2-4,t3,mixture,0.8,1000,800147,0.007146418996853754,kl_split,none,0.8967680881366897
2-2-4,t3,mixture,0.8,1000,800147,0.007146418996853754,kl_crossfit,none,1.024971083696438
2-2-4,t3,mixture,0.8,1000,800147,0.007146418996853754,cf1_margin,none,0.7996922041071515
2-2-4,t3,mixture,0.8,1000,800147,0.007146418996853754,slack_plugin,none,1.5993844082143027
2-2-4,t3,mixture,0.8,1000,800147,0.007146418996853754,gm_battery,none,0.0
2-2-4,t3,mixture,0.8,1000,800147,0.007146418996853754,gtest,none,34.226401631405075
2-2-4,t3,mixture,0.8,1000,800148,0.008160058998328168,kl_plugin,none,0.7611305386025597
2-2-4,t3,mixture,0.8,1000,800148,0.008160058998328168,kl_split,none,1.5378408495039855
2-2-4,t3,mixture,0.8,1000,800148,0.008160058998328168,kl_crossfit,none,1.1895794011454588
2-2-4,t3,mixture,0.8,1000,800148,0.008160058998328168,cf1_margin,none,0.7736110944443777
2-2-4,t3,mixture,0.8,1000,800148,0.008160058998328168,slack_plugin,none,1.5472221888887556
2-2-4,t3,mixture,0.8,1000,800148,0.008160058998328168,gm_battery,none,0.0
2-2-4,t3,mixture,0.8,1000,800148,0.008160058998328168,gtest,none,52.45809427119623
2-2-4,t3,mixture,0.8,1000,800149,0.007932348002213985,kl_plugin,none,0.7872044371360468
2-2-4,t3,mixture,0.8,1000,800149,0.007932348002213985,kl_split,none,0.8723534548810525
2-2-4,t3,mixture,0.8,1000,800149,0.007932348002213985,kl_crossfit,none,0.8573819190951104
2-2-4,t3,mixture,0.8,1000,800149,0.007932348002213985,cf1_margin,none,0.7788117796053159
2-2-4,t3,mixture,0.8,1000,800149,0.007932348002213985,slack_plugin,none,1.5576235592106318
2-2-4,t3,mixture,0.8,1000,800149,0.007932348002213985,gm_battery,none,0.0
2-2-4,t3,mixture,0.8,1000,800149,0.007932348002213985,gtest,none,17.247807786276162
2-2-4,t3,mixture,0.8,1000,800150,0.007343077995756175,kl_plugin,none,0.7928929449793591
2-2-4,t3,mixture,0.8,1000,800150,0.007343077995756175,kl_split,none,0.9530270763852327
2-2-4,t3,mixture,0.8,1000,800150,0.007343077995756175,kl_crossfit,none,0.8604520776044804
2-2-4,t3,mixture,0.8,1000,800150,0.007343077995756175,cf1_margin,none,0.7771159761751423
2-2-4,t3,mixture,0.8,1000,800150,0.007343077995756175,slack_plugin,none,1.5542319523502846
2-2-4,t3,mixture,0.8,1000,800150,0.007343077995756175,gm_battery,none,0.0
2-2-4,t3,mixture,0.8,1000,800150,0.007343077995756175,gtest,none,47.86055394861012
2-2-4,t3,mixture,0.8,1000,800151,0.006935032004548702,kl_plugin,none,0.8388048264569007
2-2-4,t3,mixture,0.8,1000,800151,0.006935032004548702,kl_split,none,0.8525691024206135
2-2-4,t3,mixture,0.8,1000,800151,0.006935032004548702,kl_crossfit,none,1.0084514807875724
2-2-4,t3,mixture,0.8,1000,800151,0.006935032004548702,cf1_margin,none,0.7959983993597439
2-2-4,t3,mixture,0.8,1000,800151,0.006935032004548702,slack_plugin,none,1.5919967987194878
2-2-4,t3,mixture,0.8,1000,800151,0.006935032004548702,gm_battery,none,0.0
2-2-4,t3,mixture,0.8,1000,800151,0.006935032004548702,gtest,none,37.51947048593871
2-2-4,t3,mixture,0.8,1000,800152,0.0069532580018858425,kl_plugin,none,0.8558065252866769
2-2-4,t3,mixture,0.8,1000,800152,0.0069532580018858425,kl_split,none,0.9167615177170706
2-2-4,t3,mixture,0.8,1000,800152,0.0069532580018858425,kl_crossfit,none,1.0533640176542833
2-2-4,t3,mixture,0.8,1000,800152,0.0069532580018858425,cf1_margin,none,0.8068650471416972
2-2-4,t3,mixture,0.8,1000,800152,0.0069532580018858425,slack_plugin,none,1.613730094283394
2-2-4,t3,mixture,0.8,1000,800152,0.0069532580018858425,gm_battery,none,0.0
2-2-4,t3,mixture,0.8,1000,800152,0.0069532580018858425,gtest,none,33.69652348941757
2-2-4,t3,mixture,0.8,1000,800153,0.00662660899979528,kl_plugin,none,0.8353583619694299
2-2-4,t3,mixture,0.8,1000,800153,0.00662660899979528,kl_split,none,0.8961420185738139
2-2-4,t3,mixture,0.8,1000,800153,0.00662660899979528,kl_crossfit,none,1.0057801186793984
2-2-4,t3,mixture,0.8,1000,800153,0.00662660899979528,cf1_margin,none,0.8
2-2-4,t3,mixture,0.8,1000,800153,0.00662660899979528,slack_plugin,none,1.5999999999999999
2-2-4,t3,mixture,0.8,1000,800153,0.00662660899979528,gm_battery,none,0.0
2-2-4,t3,mixture,0.8,1000,800153,0.00662660899979528,gtest,none,27.912580358752102
2-2-4,t3,mixture,0.8,1000,800154,0.0066831549993366934,kl_plugin,none,0.8250110326076897
2-2-4,t3,mixture,0.8,1000,800154,0.0066831549993366934,kl_split,none,0.8982422047205055
2-2-4,t3,mixture,0.8,1000,800154,0.0066831549993366934,kl_crossfit,none,0.9825800436787657
2-2-4,t3,mixture,0.8,1000,800154,0.0066831549993366934,cf1_margin,none,0.79375
2-2-4,t3,mixture,0.8,1000,800154,0.0066831549993366934,slack_plugin,none,1.5875000000000004
2-2-4,t3,mixture,0.8,1000,800154,0.0066831549993366934,gm_battery,none,0.0
2-2-4,t3,mixture,0.8,1000,800154,0.0066831549993366934,gtest,none,28.103547756695793
2-2-4,t3,mixture,0.8,1000,800155,0.006695559997751843,kl_plugin,none,0.8259760345509323
2-2-4,t3,mixture,0.8,1000,800155,0.006695559997751843,kl_split,none,1.1354761966774654
2-2-4,t3,mixture,0.8,1000,800155,0.006695559997751843,kl_crossfit,none,0.9816328387876883
2-2-4,t3,mixture,0.8,1000,800155,0.006695559997751843,cf1_margin,none,0.7941683774947075
2-2-4,t3,mixture,0.8,1000,800155,0.006695559997751843,slack_plugin,none,1.588336754989415
2-2-4,t3,mixture,0.8,1000,800155,0.006695559997751843,gm_battery,none,0.0
2-2-4,t3,mixture,0.8,1000,800155,0.006695559997751843,gtest,none,31.84245670254111
2-2-4,t3,mixture,0.8,1000,800156,0.006616254002437927,kl_plugin,none,0.8072372523221598
2-2-4,t3,mixture,0.8,1000,800156,0.006616254002437927,kl_split,none,1.3509698429484969
2-2-4,t3,mixture,0.8,1000,800156,0.006616254002437927,kl_crossfit,none,1.117025950646808
2-2-4,t3,mixture,0.8,1000,800156,0.006616254002437927,cf1_margin,none,0.7778977897789778
2-2-4,t3,mixture,0.8,1000,800156,0.006616254002437927,slack_plugin,none,1.5557955795579557
2-2-4,t3,mixture,0.8,1000,800156,0.006616254002437927,gm_battery,none,0.0
2-2-4,t3,mixture,0.8,1000,800156,0.006616254002437927,gtest,none,34.47510797111979
2-2-4,t3,mixture,0.8,1000,800157,0.00655538299906766,kl_plugin,none,0.7608054034064907
2-2-4,t3,mixture,0.8,1000,800157,0.00655538299906766,kl_split,none,0.7769039128056938
2-2-4,t3,mixture,0.8,1000,800157,0.00655538299906766,kl_crossfit,none,1.2344582160131021
2-2-4,t3,mixture,0.8,1000,800157,0.00655538299906766,cf1_margin,none,0.7748158933721614
2-2-4,t3,mixture,0.8,1000,800157,0.00655538299906766,slack_plugin,none,1.549631786744323
2-2-4,t3,mixture,0.8,1000,800157,0.00655538299906766,gm_battery,none,0.0
2-2-4,t3,mixture,0.8,1000,800157,0.00655538299906766,gtest,none,30.238264559053565
2-2-4,t3,mixture,0.8,1000,800158,0.006380276994605083,kl_plugin,none,0.8389041543143819
2-2-4,t3,mixture,0.8,1000,800158,0.006380276994605083,kl_split,none,0.9062653796090547
2-2-4,t3,mixture,0.8,1000,800158,0.006380276994605083,kl_crossfit,none,1.0927518922634278
2-2-4,t3,mixture,0.8,1000,800158,0.006380276994605083,cf1_margin,none,0.8154850477607642
2-2-4,t3,mixture,0.8,1000,800158,0.006380276994605083,slack_plugin,none,1.6309700955215283
2-2-4,t3,mixture,0.8,1000,800158,0.006380276994605083,gm_battery,none,0.0
2-2-4,t3,mixture,0.8,1000,800158,0.006380276994605083,gtest,none,33.25083267212975
2-2-4,t3,mixture,0.8,1000,800159,0.008391003997530788,kl_plugin,none,0.8216973710072314
2-2-4,t3,mixture,0.8,1000,800159,0.008391003997530788,kl_split,none,0.9418653695436808
2-2-4,t3,mixture,0.8,1000,800159,0.008391003997530788,kl_crossfit,none,0.8875395823407692
2-2-4,t3,mixture,0.8,1000,800159,0.008391003997530788,cf1_margin,none,0.7764387949154239
2-2-4,t3,mixture,0.8,1000,800159,0.008391003997530788,slack_plugin,none,1.5528775898308478
2-2-4,t3,mixture,0.8,1000,800159,0.008391003997530788,gm_battery,none,0.0
2-2-4,t3,mixture,0.8,1000,800159,0.008391003997530788,gtest,none,19.539829412297017
2-2-4,t3,mixture,0.8,1000,800160,0.007421299000270665,kl_plugin,none,0.815600711221648
2-2-4,t3,mixture,0.8,1000,800160,0.007421299000270665,kl_split,none,1.488737440996693
2-2-4,t3,mixture,0.8,1000,800160,0.007421299000270665,kl_crossfit,none,1.19930197067831
2-2-4,t3,mixture,0.8,1000,800160,0.007421299000270665,cf1_margin,none,0.7922114303322808
2-2-4,t3,mixture,0.8,1000,800160,0.007421299000270665,slack_plugin,none,1.5844228606645618
2-2-4,t3,mixture,0.8,1000,800160,0.007421299000270665,gm_battery,none,0.0
2-2-4,t3,mixture,0.8,1000,800160,0.007421299000270665,gtest,none,29.887753885746417
2-2-4,t3,mixture,0.8,1000,800161,0.007053952998830937,kl_plugin,none,0.9065748034540821
2-2-4,t3,mixture,0.8,1000,800161,0.007053952998830937,kl_split,none,0.9733117331525971
2-2-4,t3,mixture,0.8,1000,800161,0.007053952998830937,kl_crossfit,none,1.0808013140070174
2-2-4,t3,mixture,0.8,1000,800161,0.007053952998830937,cf1_margin,none,0.831288159343409
2-2-4,t3,mixture,0.8,1000,800161,0.007053952998830937,slack_plugin,none,1.6625763186868183
2-2-4,t3,mixture,0.8,1000,800161,0.007053952998830937,gm_battery,none,0.0
2-2-4,t3,mixture,0.8,1000,800161,0.007053952998830937,gtest,none,15.357298833925467
2-2-4,t3,mixture,0.8,1000,800162,0.00880814999982249,kl_plugin,none,0.8342139623479286
2-2-4,t3,mixture,0.8,1000,800162,0.00880814999982249,kl_split,none,1.4192866890378735
2-2-4,t3,mixture,0.8,1000,800162,0.00880814999982249,kl_crossfit,none,1.1502236866650182
2-2-4,t3,mixture,0.8,1000,800162,0.00880814999982249,cf1_margin,none,0.7893738140417458
2-2-4,t3,mixture,0.8,1000,800162,0.00880814999982249,slack_plugin,none,1.5787476280834913
2-2-4,t3,mixture,0.8,1000,800162,0.00880814999982249,gm_battery,none,0.0
2-2-4,t3,mixture,0.8,1000,800162,0.00880814999982249,gtest,none,41.350950929209205
2-2-4,t3,mixture,0.8,1000,800163,0.007111382998118643,kl_plugin,none,0.8061814302991506
2-2-4,t3,mixture,0.8,1000,800163,0.007111382998118643,kl_split,none,0.7878255528539589
2-2-4,t3,mixture,0.8,1000,800163,0.007111382998118643,kl_crossfit,none,0.8373305976340764
2-2-4,t3,mixture,0.8,1000,800163,0.007111382998118643,cf1_margin,none,0.7974430715163451
2-2-4,t3,mixture,0.8,1000,800163,0.007111382998118643,slack_plugin,none,1.5948861430326902
2-2-4,t3,mixture,0.8,1000,800163,0.007111382998118643,gm_battery,none,0.0
2-2-4,t3,mixture,0.8,1000,800163,0.007111382998118643,gtest,none,21.922133244554153
2-2-4,t3,mixture,0.8,1000,800164,0.007785310001054313,kl_plugin,none,0.8181363139828121
2-2-4,t3,mixture,0.8,1000,800164,0.007785310001054313,kl_split,none,1.3385784716610718
2-2-4,t3,mixture,0.8,1000,800164,0.007785310001054313,kl_crossfit,none,1.1089659562434764
2-2-4,t3,mixture,0.8,1000,800164,0.007785310001054313,cf1_margin,none,0.7910747665421825
2-2-4,t3,mixture,0.8,1000,800164,0.007785310001054313,slack_plugin,none,1.582149533084365
2-2-4,t3,mixture,0.8,1000,800164,0.007785310001054313,gm_battery,none,0.0
2-2-4,t3,mixture,0.8,1000,800164,0.007785310001054313,gtest,none,24.58842281799937
2-2-4,t3,mixture,0.8,1000,800165,0.006745516999217216,kl_plugin,none,0.8025271075409677
2-2-4,t3,mixture,0.8,1000,800165,0.006745516999217216,kl_split,none,0.8075355008360399
2-2-4,t3,mixture,0.8,1000,800165,0.006745516999217216,kl_crossfit,none,0.826596322849066
2-2-4,t3,mixture,0.8,1000,800165,0.006745516999217216,cf1_margin,none,0.7739791987673343
2-2-4,t3,mixture,0.8,1000,800165,0.006745516999217216,slack_plugin,none,1.5479583975346687
2-2-4,t3,mixture,0.8,1000,800165,0.006745516999217216,gm_battery,none,0.0
2-2-4,t3,mixture,0.8,1000,800165,0.006745516999217216,gtest,none,59.82463209417825
2-2-4,t3,mixture,0.8,1000,800166,0.006806290002714377,kl_plugin,none,0.8273548142879796
2-2-4,t3,mixture,0.8,1000,800166,0.006806290002714377,kl_split,none,0.8500767617117891
2-2-4,t3,mixture,0.8,1000,800166,0.006806290002714377,kl_crossfit,none,0.9276880542261061
2-2-4,t3,mixture,0.8,1000,800166,0.006806290002714377,cf1_margin,none,0.7860586058605861
2-2-4,t3,mixture,0.8,1000,800166,0.006806290002714377,slack_plugin,none,1.572117211721172
2-2-4,t3,mixture,0.8,1000,800166,0.006806290002714377,gm_battery,none,0.0
2-2-4,t3,mixture,0.8,1000,800166,0.006806290002714377,gtest,none,41.63733265179813
2-2-4,t3,mixture,0.8,1000,800167,0.007499963998270687,kl_plugin,none,0.7950768234282152
2-2-4,t3,mixture,0.8,1000,800167,0.007499963998270687,kl_split,none,0.8753087486544989
2-2-4,t3,mixture,0.8,1000,800167,0.007499963998270687,kl_crossfit,none,0.9563557847935251
2-2-4,t3,mixture,0.8,1000,800167,0.007499963998270687,cf1_margin,none,0.7919300379254612
2-2-4,t3,mixture,0.8,1000,800167,0.007499963998270687,slack_plugin,none,1.5838600758509227
2-2-4,t3,mixture,0.8,1000,800167,0.007499963998270687,gm_battery,none,0.0
2-2-4,t3,mixture,0.8,1000,800167,0.007499963998270687,gtest,none,23.81903405884871
2-2-4,t3,mixture,0.8,1000,800168,0.0074859089945675805,kl_plugin,none,0.843005203102623
2-2-4,t3,mixture,0.8,1000,800168,0.0074859089945675805,kl_split,none,0.8821057820331165
2-2-4,t3,mixture,0.8,1000,800168,0.0074859089945675805,kl_crossfit,none,0.9876517008548535
2-2-4,t3,mixture,0.8,1000,800168,0.0074859089945675805,cf1_margin,none,0.8006356983875358
2-2-4,t3,mixture,0.8,1000,800168,0.0074859089945675805,slack_plugin,none,1.6012713967750716
2-2-4,t3,mixture,0.8,1000,800168,0.0074859089945675805,gm_battery,none,0.0
2-2-4,t3,mixture,0.8,1000,800168,0.0074859089945675805,gtest,none,22.0980225841129
2-2-4,t3,mixture,0.8,1000,800169,0.006665470995358191,kl_plugin,none,0.7629945895567182
2-2-4,t3,mixture,0.8,1000,800169,0.006665470995358191,kl_split,none,0.751779032415055
2-2-4,t3,mixture,0.8,1000,800169,0.006665470995358191,kl_crossfit,none,0.7814493159818053
2-2-4,t3,mixture,0.8,1000,800169,0.006665470995358191,cf1_margin,none,0.7769239692628934
2-2-4,t3,mixture,0.8,1000,800169,0.006665470995358191,slack_plugin,none,1.553847938525787
2-2-4,t3,mixture,0.8,1000,800169,0.006665470995358191,gm_battery,none,0.0
2-2-4,t3,mixture,0.8,1000,800169,0.006665470995358191,gtest,none,29.030427123775087
2-2-4,t3,mixture,0.8,1000,800170,0.006470066000474617,kl_plugin,none,0.8263198630501795
2-2-4,t3,mixture,0.8,1000,800170,0.006470066000474617,kl_split,none,0.9034478912358757
2-2-4,t3,mixture,0.8,1000,800170,0.006470066000474617,kl_crossfit,none,1.1009055985047767
2-2-4,t3,mixture,0.8,1000,800170,0.006470066000474617,cf1_margin,none,0.7980742679456857
2-2-4,t3,mixture,0.8,1000,800170,0.006470066000474617,slack_plugin,none,1.5961485358913716
2-2-4,t3,mixture,0.8,1000,800170,0.006470066000474617,gm_battery,none,0.0
2-2-4,t3,mixture,0.8,1000,800170,0.006470066000474617,gtest,none,13.196641875004936
2-2-4,t3,mixture,0.8,1000,800171,0.006606675000512041,kl_plugin,none,0.872759715656541
2-2-4,t3,mixture,0.8,1000,800171,0.006606675000512041,kl_split,none,0.9389660586739701
2-2-4,t3,mixture,0.8,1000,800171,0.006606675000512041,kl_crossfit,none,0.9663787656169838
2-2-4,t3,mixture,0.8,1000,800171,0.006606675000512041,cf1_margin,none,0.8206100761795019
2-2-4,t3,mixture,0.8,1000,800171,0.006606675000512041,slack_plugin,none,1.641220152359004
2-2-4,t3,mixture,0.8,1000,800171,0.006606675000512041,gm_battery,none,0.0
2-2-4,t3,mixture,0.8,1000,800171,0.006606675000512041,gtest,none,10.869032614348189
2-2-4,t3,mixture,0.8,1000,800172,0.006585005001397803,kl_plugin,none,0.8925155652225204
2-2-4,t3,mixture,0.8,1000,800172,0.006585005001397803,kl_split,none,0.9403308917427105
2-2-4,t3,mixture,0.8,1000,800172,0.006585005001397803,kl_crossfit,none,1.112441732882537
2-2-4,t3,mixture,0.8,1000,800172,0.006585005001397803,cf1_margin,none,0.8225088469359978
2-2-4,t3,mixture,0.8,1000,800172,0.006585005001397803,slack_plugin,none,1.6450176938719956
2-2-4,t3,mixture,0.8,1000,800172,0.006585005001397803,gm_battery,none,0.0
2-2-4,t3,mixture,0.8,1000,800172,0.006585005001397803,gtest,none,16.01764974738458
2-2-4,t3,mixture,0.8,1000,800173,0.006379204001859762,kl_plugin,none,0.8176261191819598
2-2-4,t3,mixture,0.8,1000,800173,0.006379204001859762,kl_split,none,0.9449350646126993
2-2-4,t3,mixture,0.8,1000,800173,0.006379204001859762,kl_crossfit,none,0.8839992329089799
2-2-4,t3,mixture,0.8,1000,800173,0.006379204001859762,cf1_margin,none,0.7968567356807736
2-2-4,t3,mixture,0.8,1000,800173,0.006379204001859762,slack_plugin,none,1.5937134713615475
2-2-4,t3,mixture,0.8,1000,800173,0.006379204001859762,gm_battery,none,0.0
2-2-4,t3,mixture,0.8,1000,800173,0.006379204001859762,gtest,none,12.673231566851925
2-2-4,t3,mixture,0.8,1000,800174,0.007825471002433915,kl_plugin,none,0.8418844214891529
2-2-4,t3,mixture,0.8,1000,800174,0.007825471002433915,kl_split,none,0.916294451904186
2-2-4,t3,mixture,0.8,1000,800174,0.007825471002433915,kl_crossfit,none,1.2180063647186117
2-2-4,t3,mixture,0.8,1000,800174,0.007825471002433915,cf1_margin,none,0.7997670872702388
2-2-4,t3,mixture,0.8,1000,800174,0.007825471002433915,slack_plugin,none,1.5995341745404776
2-2-4,t3,mixture,0.8,1000,800174,0.007825471002433915,gm_battery,none,0.0
2-2-4,t3,mixture,0.8,1000,800174,0.007825471002433915,gtest,none,26.847308922488327
2-2-4,t3,mixture,0.8,1000,800175,0.006892152996442746,kl_plugin,none,0.8179418959908631
2-2-4,t3,mixture,0.8,1000,800175,0.006892152996442746,kl_split,none,0.8953000401976248
2-2-4,t3,mixture,0.8,1000,800175,0.006892152996442746,kl_crossfit,none,0.8627486579582977
2-2-4,t3,mixture,0.8,1000,800175,0.006892152996442746,cf1_margin,none,0.7820050919921218
2-2-4,t3,mixture,0.8,1000,800175,0.006892152996442746,slack_plugin,none,1.5640101839842435
2-2-4,t3,mixture,0.8,1000,800175,0.006892152996442746,gm_battery,none,0.0
2-2-4,t3,mixture,0.8,1000,800175,0.006892152996442746,gtest,none,38.57097051153224
2-2-4,t3,mixture,0.8,1000,800176,0.006886361996293999,kl_plugin,none,0.8712420386015851
2-2-4,t3,mixture,0.8,1000,800176,0.006886361996293999,kl_split,none,0.8654682269387838
2-2-4,t3,mixture,0.8,1000,800176,0.006886361996293999,kl_crossfit,none,0.9007054164710923
2-2-4,t3,mixture,0.8,1000,800176,0.006886361996293999,cf1_margin,none,0.8193010819549807
2-2-4,t3,mixture,0.8,1000,800176,0.006886361996293999,slack_plugin,none,1.6386021639099613
2-2-4,t3,mixture,0.8,1000,800176,0.006886361996293999,gm_battery,none,0.0
2-2-4,t3,mixture,0.8,1000,800176,0.006886361996293999,gtest,none,33.39196952643682
2-2-4,t3,mixture,0.8,1000,800177,0.007385359000181779,kl_plugin,none,0.7634444902009565
2-2-4,t3,mixture,0.8,1000,800177,0.007385359000181779,kl_split,none,0.7788893523589857
2-2-4,t3,mixture,0.8,1000,800177,0.007385359000181779,kl_crossfit,none,0.7844187487649648
2-2-4,t3,mixture,0.8,1000,800177,0.007385359000181779,cf1_margin,none,0.7637454981992797
2-2-4,t3,mixture,0.8,1000,800177,0.007385359000181779,slack_plugin,none,1.5274909963985595
2-2-4,t3,mixture,0.8,1000,800177,0.007385359000181779,gm_battery,none,0.0
2-2-4,t3,mixture,0.8,1000,800177,0.007385359000181779,gtest,none,23.100355130693828
2-2-4,t3,mixture,0.8,1000,800178,0.006439451004553121,kl_plugin,none,0.8586322068416606
2-2-4,t3,mixture,0.8,1000,800178,0.006439451004553121,kl_split,none,0.8563850534504669
2-2-4,t3,mixture,0.8,1000,800178,0.006439451004553121,kl_crossfit,none,1.001404064305805
2-2-4,t3,mixture,0.8,1000,800178,0.006439451004553121,cf1_margin,none,0.81347087962295
2-2-4,t3,mixture,0.8,1000,800178,0.006439451004553121,slack_plugin,none,1.6269417592459
2-2-4,t3,mixture,0.8,1000,800178,0.006439451004553121,gm_battery,none,0.0
2-2-4,t3,mixture,0.8,1000,800178,0.006439451004553121,gtest,none,20.488718262929098
2-2-4,t3,mixture,0.8,1000,800179,0.006590752003830858,kl_plugin,none,0.816517127690884
2-2-4,t3,mixture,0.8,1000,800179,0.006590752003830858,kl_split,none,1.6026876758275108
2-2-4,t3,mixture,0.8,1000,800179,0.006590752003830858,kl_crossfit,none,1.2378917664934526
2-2-4,t3,mixture,0.8,1000,800179,0.006590752003830858,cf1_margin,none,0.7871579545955124
2-2-4,t3,mixture,0.8,1000,800179,0.006590752003830858,slack_plugin,none,1.5743159091910248
2-2-4,t3,mixture,0.8,1000,800179,0.006590752003830858,gm_battery,none,0.0
2-2-4,t3,mixture,0.8,1000,800179,0.006590752003830858,gtest,none,26.348753390336665
2-2-4,t3,mixture,0.8,1000,800180,0.006440243996621575,kl_plugin,none,0.8475382633135427
2-2-4,t3,mixture,0.8,1000,800180,0.006440243996621575,kl_split,none,0.9250178858252198
2-2-4,t3,mixture,0.8,1000,800180,0.006440243996621575,kl_crossfit,none,1.0195251460832262
2-2-4,t3,mixture,0.8,1000,800180,0.006440243996621575,cf1_margin,none,0.8122427055649755
2-2-4,t3,mixture,0.8,1000,800180,0.006440243996621575,slack_plugin,none,1.6244854111299507
2-2-4,t3,mixture,0.8,1000,800180,0.006440243996621575,gm_battery,none,0.0
2-2-4,t3,mixture,0.8,1000,800180,0.006440243996621575,gtest,none,30.394465708038194
2-2-4,t3,mixture,0.8,1000,800181,0.006798878996050917,kl_plugin,none,0.8356652310641587
2-2-4,t3,mixture,0.8,1000,800181,0.006798878996050917,kl_split,none,0.8641520423855604
2-2-4,t3,mixture,0.8,1000,800181,0.006798878996050917,kl_crossfit,none,0.9925804853399706
2-2-4,t3,mixture,0.8,1000,800181,0.006798878996050917,cf1_margin,none,0.7923941047510842
2-2-4,t3,mixture,0.8,1000,800181,0.006798878996050917,slack_plugin,none,1.5847882095021684
2-2-4,t3,mixture,0.8,1000,800181,0.006798878996050917,gm_battery,none,0.0
2-2-4,t3,mixture,0.8,1000,800181,0.006798878996050917,gtest,none,27.729176211037082
2-2-4,t3,mixture,0.8,1000,800182,0.007927020997158252,kl_plugin,none,0.8058648063140085
2-2-4,t3,mixture,0.8,1000,800182,0.007927020997158252,kl_split,none,0.831075015436753
2-2-4,t3,mixture,0.8,1000,800182,0.007927020997158252,kl_crossfit,none,1.2611843435148742
2-2-4,t3,mixture,0.8,1000,800182,0.007927020997158252,cf1_margin,none,0.7881975110397431
2-2-4,t3,mixture,0.8,1000,800182,0.007927020997158252,slack_plugin,none,1.5763950220794862
2-2-4,t3,mixture,0.8,1000,800182,0.007927020997158252,gm_battery,none,0.0
2-2-4,t3,mixture,0.8,1000,800182,0.007927020997158252,gtest,none,40.507301892239944
2-2-4,t3,mixture,0.8,1000,800183,0.009069562998774927,kl_plugin,none,0.8456903997315164
2-2-4,t3,mixture,0.8,1000,800183,0.009069562998774927,kl_split,none,0.901723748662381
2-2-4,t3,mixture,0.8,1000,800183,0.009069562998774927,kl_crossfit,none,0.8689706079854093
2-2-4,t3,mixture,0.8,1000,800183,0.009069562998774927,cf1_margin,none,0.8061998063564888
2-2-4,t3,mixture,0.8,1000,800183,0.009069562998774927,slack_plugin,none,1.612399612712978
2-2-4,t3,mixture,0.8,1000,800183,0.009069562998774927,gm_battery,none,0.0
2-2-4,t3,mixture,0.8,1000,800183,0.009069562998774927,gtest,none,36.005209252559354
2-2-4,t3,mixture,0.8,1000,800184,0.006922178996319417,kl_plugin,none,0.8337513578570773
2-2-4,t3,mixture,0.8,1000,800184,0.006922178996319417,kl_split,none,0.9193312162977976
2-2-4,t3,mixture,0.8,1000,800184,0.006922178996319417,kl_crossfit,none,1.1559178616671875
2-2-4,t3,mixture,0.8,1000,800184,0.006922178996319417,cf1_margin,none,0.7838662044170519
2-2-4,t3,mixture,0.8,1000,800184,0.006922178996319417,slack_plugin,none,1.5677324088341036
2-2-4,t3,mixture,0.8,1000,800184,0.006922178996319417,gm_battery,none,0.0
2-2-4,t3,mixture,0.8,1000,800184,0.006922178996319417,gtest,none,25.38141715086926
2-2-4,t3,mixture,0.8,1000,800185,0.006792802996642422,kl_plugin,none,0.8163941278925385
2-2-4,t3,mixture,0.8,1000,800185,0.006792802996642422,kl_split,none,0.8789464840292337
2-2-4,t3,mixture,0.8,1000,800185,0.006792802996642422,kl_crossfit,none,1.2531520380351504
2-2-4,t3,mixture,0.8,1000,800185,0.006792802996642422,cf1_margin,none,0.7903871615486462
2-2-4,t3,mixture,0.8,1000,800185,0.006792802996642422,slack_plugin,none,1.5807743230972924
2-2-4,t3,mixture,0.8,1000,800185,0.006792802996642422,gm_battery,none,0.0
2-2-4,t3,mixture,0.8,1000,800185,0.006792802996642422,gtest,none,26.519931113971484
2-2-4,t3,mixture,0.8,1000,800186,0.01170655399619136,kl_plugin,none,0.8356061537569389
2-2-4,t3,mixture,0.8,1000,800186,0.01170655399619136,kl_split,none,0.9188849757732093
2-2-4,t3,mixture,0.8,1000,800186,0.01170655399619136,kl_crossfit,none,1.237349072876793
2-2-4,t3,mixture,0.8,1000,800186,0.01170655399619136,cf1_margin,none,0.7963185274109644
2-2-4,t3,mixture,0.8,1000,800186,0.01170655399619136,slack_plugin,none,1.592637054821929
2-2-4,t3,mixture,0.8,1000,800186,0.01170655399619136,gm_battery,none,0.0
2-2-4,t3,mixture,0.8,1000,800186,0.01170655399619136,gtest,none,26.74104995106271
2-2-4,t3,mixture,0.8,1000,800187,0.0067583479976747185,kl_plugin,none,0.8216927717361109
2-2-4,t3,mixture,0.8,1000,800187,0.0067583479976747185,kl_split,none,0.8864705905407099
2-2-4,t3,mixture,0.8,1000,800187,0.0067583479976747185,kl_crossfit,none,1.1992028485920594
2-2-4,t3,mixture,0.8,1000,800187,0.0067583479976747185,cf1_margin,none,0.7986510517630849
2-2-4,t3,mixture,0.8,1000,800187,0.0067583479976747185,slack_plugin,none,1.5973021035261699
2-2-4,t3,mixture,0.8,1000,800187,0.0067583479976747185,gm_battery,none,0.0
2-2-4,t3,mixture,0.8,1000,800187,0.0067583479976747185,gtest,none,26.216288456229165
2-2-4,t3,mixture,0.8,1000,800188,0.008198878000257537,kl_plugin,none,0.8477127111165584
2-2-4,t3,mixture,0.8,1000,800188,0.008198878000257537,kl_split,none,0.8808326870912322
2-2-4,t3,mixture,0.8,1000,800188,0.008198878000257537,kl_crossfit,none,0.8916468195306151
2-2-4,t3,mixture,0.8,1000,800188,0.008198878000257537,cf1_margin,none,0.81
2-2-4,t3,mixture,0.8,1000,800188,0.008198878000257537,slack_plugin,none,1.6199999999999997
2-2-4,t3,mixture,0.8,1000,800188,0.008198878000257537,gm_battery,none,0.0
2-2-4,t3,mixture,0.8,1000,800188,0.008198878000257537,gtest,none,24.312873163457418
2-2-4,t3,mixture,0.8,1000,800189,0.006690952999633737,kl_plugin,none,0.7819806412268049
2-2-4,t3,mixture,0.8,1000,800189,0.006690952999633737,kl_split,none,1.102443352924377
2-2-4,t3,mixture,0.8,1000,800189,0.006690952999633737,kl_crossfit,none,1.060470618227822
2-2-4,t3,mixture,0.8,1000,800189,0.006690952999633737,cf1_margin,none,0.7682529139441179
2-2-4,t3,mixture,0.8,1000,800189,0.006690952999633737,slack_plugin,none,1.5365058278882358
2-2-4,t3,mixture,0.8,1000,800189,0.006690952999633737,gm_battery,none,0.0
2-2-4,t3,mixture,0.8,1000,800189,0.006690952999633737,gtest,none,16.966055990336315
2-2-4,t3,mixture,0.8,1000,800190,0.007281154998054262,kl_plugin,none,0.7850498558206738
2-2-4,t3,mixture,0.8,1000,800190,0.007281154998054262,kl_split,none,0.8430174861646694
2-2-4,t3,mixture,0.8,1000,800190,0.007281154998054262,kl_crossfit,none,0.8695529377922904
2-2-4,t3,mixture,0.8,1000,800190,0.007281154998054262,cf1_margin,none,0.7875576331967213
2-2-4,t3,mixture,0.8,1000,800190,0.007281154998054262,slack_plugin,none,1.5751152663934427
2-2-4,t3,mixture,0.8,1000,800190,0.007281154998054262,gm_battery,none,0.0
2-2-4,t3,mixture,0.8,1000,800190,0.007281154998054262,gtest,none,46.24830380163218
2-2-4,t3,mixture,0.8,1000,800191,0.008747523999772966,kl_plugin,none,0.8252953827073263
2-2-4,t3,mixture,0.8,1000,800191,0.008747523999772966,kl_split,none,0.8396443436533079
2-2-4,t3,mixture,0.8,1000,800191,0.008747523999772966,kl_crossfit,none,0.8579574426587259
2-2-4,t3,mixture,0.8,1000,800191,0.008747523999772966,cf1_margin,none,0.8001249444357678
2-2-4,t3,mixture,0.8,1000,800191,0.008747523999772966,slack_plugin,none,1.6002498888715357
2-2-4,t3,mixture,0.8,1000,800191,0.008747523999772966,gm_battery,none,0.0
2-2-4,t3,mixture,0.8,1000,800191,0.008747523999772966,gtest,none,31.850073768537733
2-2-4,t3,mixture,0.8,1000,800192,0.009506952002993785,kl_plugin,none,0.859305506060618
2-2-4,t3,mixture,0.8,1000,800192,0.009506952002993785,kl_split,none,0.9113948670333023
2-2-4,t3,mixture,0.8,1000,800192,0.009506952002993785,kl_crossfit,none,0.9147687032574865
2-2-4,t3,mixture,0.8,1000,800192,0.009506952002993785,cf1_margin,none,0.8103392413569654
2-2-4,t3,mixture,0.8,1000,800192,0.009506952002993785,slack_plugin,none,1.620678482713931
2-2-4,t3,mixture,0.8,1000,800192,0.009506952002993785,gm_battery,none,0.0
2-2-4,t3,mixture,0.8,1000,800192,0.009506952002993785,gtest,none,13.520793451691608
2-2-4,t3,mixture,0.8,1000,800193,0.007771197000693064,kl_plugin,none,0.7719942697942886
2-2-4,t3,mixture,0.8,1000,800193,0.007771197000693064,kl_split,none,0.8389397688114991
2-2-4,t3,mixture,0.8,1000,800193,0.007771197000693064,kl_crossfit,none,1.0175167054916359
2-2-4,t3,mixture,0.8,1000,800193,0.007771197000693064,cf1_margin,none,0.7639235644324948
2-2-4,t3,mixture,0.8,1000,800193,0.007771197000693064,slack_plugin,none,1.5278471288649893
2-2-4,t3,mixture,0.8,1000,800193,0.007771197000693064,gm_battery,none,0.0
2-2-4,t3,mixture,0.8,1000,800193,0.007771197000693064,gtest,none,29.229445644029546
2-2-4,t3,mixture,0.8,1000,800194,0.006759115996828768,kl_plugin,none,0.8823291964824374
2-2-4,t3,mixture,0.8,1000,800194,0.006759115996828768,kl_split,none,1.3769043372713075
2-2-4,t3,mixture,0.8,1000,800194,0.006759115996828768,kl_crossfit,none,1.163763082393714
2-2-4,t3,mixture,0.8,1000,800194,0.006759115996828768,cf1_margin,none,0.8125452806096922
2-2-4,t3,mixture,0.8,1000,800194,0.006759115996828768,slack_plugin,none,1.6250905612193842
2-2-4,t3,mixture,0.8,1000,800194,0.006759115996828768,gm_battery,none,0.0
2-2-4,t3,mixture,0.8,1000,800194,0.006759115996828768,gtest,none,15.939674702819673
2-2-4,t3,mixture,0.8,1000,800195,0.007741417000943329,kl_plugin,none,0.8279504099642144
2-2-4,t3,mixture,0.8,1000,800195,0.007741417000943329,kl_split,none,0.83369301170038
2-2-4,t3,mixture,0.8,1000,800195,0.007741417000943329,kl_crossfit,none,1.0392348580915778
2-2-4,t3,mixture,0.8,1000,800195,0.007741417000943329,cf1_margin,none,0.790441412005894
2-2-4,t3,mixture,0.8,1000,800195,0.007741417000943329,slack_plugin,none,1.580882824011788
2-2-4,t3,mixture,0.8,1000,800195,0.007741417000943329,gm_battery,none,0.0
2-2-4,t3,mixture,0.8,1000,800195,0.007741417000943329,gtest,none,58.33422440197923
2-2-4,t3,mixture,0.8,1000,800196,0.008010521996766329,kl_plugin,none,0.8841270671754367
2-2-4,t3,mixture,0.8,1000,800196,0.008010521996766329,kl_split,none,0.9380251200481905
2-2-4,t3,mixture,0.8,1000,800196,0.008010521996766329,kl_crossfit,none,0.9239563227128116
2-2-4,t3,mixture,0.8,1000,800196,0.008010521996766329,cf1_margin,none,0.8325232523252325
2-2-4,t3,mixture,0.8,1000,800196,0.008010521996766329,slack_plugin,none,1.6650465046504652
2-2-4,t3,mixture,0.8,1000,800196,0.008010521996766329,gm_battery,none,0.0
2-2-4,t3,mixture,0.8,1000,800196,0.008010521996766329,gtest,none,13.23599606090839
2-2-4,t3,mixture,0.8,1000,800197,0.006836546002887189,kl_plugin,none,0.8636085858966326
2-2-4,t3,mixture,0.8,1000,800197,0.006836546002887189,kl_split,none,0.9528255366500114
2-2-4,t3,mixture,0.8,1000,800197,0.006836546002887189,kl_crossfit,none,1.0203965941767552
2-2-4,t3,mixture,0.8,1000,800197,0.006836546002887189,cf1_margin,none,0.812592212457502
2-2-4,t3,mixture,0.8,1000,800197,0.006836546002887189,slack_plugin,none,1.6251844249150043
2-2-4,t3,mixture,0.8,1000,800197,0.006836546002887189,gm_battery,none,0.0
2-2-4,t3,mixture,0.8,1000,800197,0.006836546002887189,gtest,none,11.031407660976283
2-2-4,t3,mixture,0.8,1000,800198,0.01012211199849844,kl_plugin,none,0.8644631761623951
2-2-4,t3,mixture,0.8,1000,800198,0.01012211199849844,kl_split,none,0.930725603697504
2-2-4,t3,mixture,0.8,1000,800198,0.01012211199849844,kl_crossfit,none,1.0819357811629988
2-2-4,t3,mixture,0.8,1000,800198,0.01012211199849844,cf1_margin,none,0.8003912015648063
2-2-4,t3,mixture,0.8,1000,800198,0.01012211199849844,slack_plugin,none,1.6007824031296125
2-2-4,t3,mixture,0.8,1000,800198,0.01012211199849844,gm_battery,none,0.0
2-2-4,t3,mixture,0.8,1000,800198,0.01012211199849844,gtest,none,24.680029463427505
2-2-4,t3,mixture,0.8,1000,800199,0.010815704998094589,kl_plugin,none,0.866531564693428
2-2-4,t3,mixture,0.8,1000,800199,0.010815704998094589,kl_split,none,0.9209022065131516
2-2-4,t3,mixture,0.8,1000,800199,0.010815704998094589,kl_crossfit,none,0.92145405061476
2-2-4,t3,mixture,0.8,1000,800199,0.010815704998094589,cf1_margin,none,0.8115246098439376
2-2-4,t3,mixture,0.8,1000,800199,0.010815704998094589,slack_plugin,none,1.6230492196878752
2-2-4,t3,mixture,0.8,1000,800199,0.010815704998094589,gm_battery,none,0.0
2-2-4,t3,mixture,0.8,1000,800199,0.010815704998094589,gtest,none,14.518479446504967
