cell,tail,family,rho,n,seed,dt_stats_s,stat,engine,stat_obs
2-2-4,none,mixture,0.6,2000,800000,0.006816430002800189,kl_plugin,none,0.34351356663517923
2-2-4,none,mixture,0.6,2000,800000,0.006816430002800189,kl_split,none,0.38471372706076556
2-2-4,none,mixture,0.6,2000,800000,0.006816430002800189,kl_crossfit,none,0.3580277749352691
2-2-4,none,mixture,0.6,2000,800000,0.006816430002800189,cf1_margin,none,0.5260781043124172
2-2-4,none,mixture,0.6,2000,800000,0.006816430002800189,slack_plugin,none,1.0521562086248348
2-2-4,none,mixture,0.6,2000,800000,0.006816430002800189,gm_battery,none,0.0
2-2-4,none,mixture,0.6,2000,800000,0.006816430002800189,gtest,none,89.61126456153205
2-2-4,none,mixture,0.6,2000,800001,0.0045029339962638915,kl_plugin,none,0.27991648878077224
2-2-4,none,mixture,0.6,2000,800001,0.0045029339962638915,kl_split,none,0.2874935400334189
2-2-4,none,mixture,0.6,2000,800001,0.0045029339962638915,kl_crossfit,none,0.2984457728699562
2-2-4,none,mixture,0.6,2000,800001,0.0045029339962638915,cf1_margin,none,0.4718752222485999
2-2-4,none,mixture,0.6,2000,800001,0.0045029339962638915,slack_plugin,none,0.9437504444971996
2-2-4,none,mixture,0.6,2000,800001,0.0045029339962638915,gm_battery,none,0.0
2-2-4,none,mixture,0.6,2000,800001,0.0045029339962638915,gtest,none,136.3956374385737
2-2-4,none,mixture,0.6,2000,800002,0.005104523996124044,kl_plugin,none,0.2846510397103039
2-2-4,none,mixture,0.6,2000,800002,0.005104523996124044,kl_split,none,0.339464743855804
2-2-4,none,mixture,0.6,2000,800002,0.005104523996124044,kl_crossfit,none,0.3096240104368065
2-2-4,none,mixture,0.6,2000,800002,0.005104523996124044,cf1_margin,none,0.4872373724637855
2-2-4,none,mixture,0.6,2000,800002,0.005104523996124044,slack_plugin,none,0.974474744927571
2-2-4,none,mixture,0.6,2000,800002,0.005104523996124044,gm_battery,none,0.0
2-2-4,none,mixture,0.6,2000,800002,0.005104523996124044,gtest,none,95.14715652758865
2-2-4,none,mixture,0.6,2000,800003,0.005428976000985131,kl_plugin,none,0.327668313813994
2-2-4,none,mixture,0.6,2000,800003,0.005428976000985131,kl_split,none,0.38203651816306144
2-2-4,none,mixture,0.6,2000,800003,0.005428976000985131,kl_crossfit,none,0.34955974624176717
2-2-4,none,mixture,0.6,2000,800003,0.005428976000985131,cf1_margin,none,0.5173455719625588
2-2-4,none,mixture,0.6,2000,800003,0.005428976000985131,slack_plugin,none,1.0346911439251174
2-2-4,none,mixture,0.6,2000,800003,0.005428976000985131,gm_battery,none,0.0
2-2-4,none,mixture,0.6,2000,800003,0.005428976000985131,gtest,none,72.63028894999655
2-2-4,none,mixture,0.6,2000,800004,0.006291147998126689,kl_plugin,none,0.3170737222812963
2-2-4,none,mixture,0.6,2000,800004,0.006291147998126689,kl_split,none,0.30961365723844136
2-2-4,none,mixture,0.6,2000,800004,0.006291147998126689,kl_crossfit,none,0.33859009239436677
2-2-4,none,mixture,0.6,2000,800004,0.006291147998126689,cf1_margin,none,0.5121303430200617
2-2-4,none,mixture,0.6,2000,800004,0.006291147998126689,slack_plugin,none,1.0242606860401233
2-2-4,none,mixture,0.6,2000,800004,0.006291147998126689,gm_battery,none,0.0
2-2-4,none,mixture,0.6,2000,800004,0.006291147998126689,gtest,none,113.2438081779644
2-2-4,none,mixture,0.6,2000,800005,0.0044540050002979115,kl_plugin,none,0.3480715145277739
2-2-4,none,mixture,0.6,2000,800005,0.0044540050002979115,kl_split,none,0.39912949064206227
2-2-4,none,mixture,0.6,2000,800005,0.0044540050002979115,kl_crossfit,none,0.36847054989075356
2-2-4,none,mixture,0.6,2000,800005,0.0044540050002979115,cf1_margin,none,0.53732288854927
2-2-4,none,mixture,0.6,2000,800005,0.0044540050002979115,slack_plugin,none,1.0746457770985396
2-2-4,none,mixture,0.6,2000,800005,0.0044540050002979115,gm_battery,none,0.0
2-2-4,none,mixture,0.6,2000,800005,0.0044540050002979115,gtest,none,93.10370624607688
2-2-4,none,mixture,0.6,2000,800006,0.004272863996447995,kl_plugin,none,0.30378143917035616
2-2-4,none,mixture,0.6,2000,800006,0.004272863996447995,kl_split,none,0.3572150615472879
2-2-4,none,mixture,0.6,2000,800006,0.004272863996447995,kl_crossfit,none,0.33177989468850944
2-2-4,none,mixture,0.6,2000,800006,0.004272863996447995,cf1_margin,none,0.4921768707482993
2-2-4,none,mixture,0.6,2000,800006,0.004272863996447995,slack_plugin,none,0.9843537414965986
2-2-4,none,mixture,0.6,2000,800006,0.004272863996447995,gm_battery,none,0.0
2-2-4,none,mixture,0.6,2000,800006,0.004272863996447995,gtest,none,71.09372591181246
2-2-4,none,mixture,0.6,2000,800007,0.004386369997519068,kl_plugin,none,0.2919930384617381
2-2-4,none,mixture,0.6,2000,800007,0.004386369997519068,kl_split,none,0.3250525023181997
2-2-4,none,mixture,0.6,2000,800007,0.004386369997519068,kl_crossfit,none,0.31494203114882924
2-2-4,none,mixture,0.6,2000,800007,0.004386369997519068,cf1_margin,none,0.49410941094109406
2-2-4,none,mixture,0.6,2000,800007,0.004386369997519068,slack_plugin,none,0.9882188218821881
2-2-4,none,mixture,0.6,2000,800007,0.004386369997519068,gm_battery,none,0.0
2-2-4,none,mixture,0.6,2000,800007,0.004386369997519068,gtest,none,130.28588123328333
2-2-4,none,mixture,0.6,2000,800008,0.004767244994582143,kl_plugin,none,0.328458293957651
2-2-4,none,mixture,0.6,2000,800008,0.004767244994582143,kl_split,none,0.3221694850097424
2-2-4,none,mixture,0.6,2000,800008,0.004767244994582143,kl_crossfit,none,0.3392637696368319
2-2-4,none,mixture,0.6,2000,800008,0.004767244994582143,cf1_margin,none,0.5165565033369037
2-2-4,none,mixture,0.6,2000,800008,0.004767244994582143,slack_plugin,none,1.0331130066738077
2-2-4,none,mixture,0.6,2000,800008,0.004767244994582143,gm_battery,none,0.0
2-2-4,none,mixture,0.6,2000,800008,0.004767244994582143,gtest,none,102.52733584699126
2-2-4,none,mixture,0.6,2000,800009,0.005719739994674455,kl_plugin,none,0.27558990394775335
2-2-4,none,mixture,0.6,2000,800009,0.005719739994674455,kl_split,none,0.28966621414154275
2-2-4,none,mixture,0.6,2000,800009,0.005719739994674455,kl_crossfit,none,0.3035676215081621
2-2-4,none,mixture,0.6,2000,800009,0.005719739994674455,cf1_margin,none,0.48685848685848687
2-2-4,none,mixture,0.6,2000,800009,0.005719739994674455,slack_plugin,none,0.973716973716974
2-2-4,none,mixture,0.6,2000,800009,0.005719739994674455,gm_battery,none,0.0
2-2-4,none,mixture,0.6,2000,800009,0.005719739994674455,gtest,none,98.79782860617162
2-2-4,none,mixture,0.6,2000,800010,0.004597427003318444,kl_plugin,none,0.32694626181556774
2-2-4,none,mixture,0.6,2000,800010,0.004597427003318444,kl_split,none,0.35633409535151345
2-2-4,none,mixture,0.6,2000,800010,0.004597427003318444,kl_crossfit,none,0.34115077687166884
2-2-4,none,mixture,0.6,2000,800010,0.004597427003318444,cf1_margin,none,0.5107879084086897
2-2-4,none,mixture,0.6,2000,800010,0.004597427003318444,slack_plugin,none,1.0215758168173792
2-2-4,none,mixture,0.6,2000,800010,0.004597427003318444,gm_battery,none,0.0
2-2-4,none,mixture,0.6,2000,800010,0.004597427003318444,gtest,none,105.08226887039848
2-2-4,none,mixture,0.6,2000,800011,0.004813422994629946,kl_plugin,none,0.28943997037218405
2-2-4,none,mixture,0.6,2000,800011,0.004813422994629946,kl_split,none,0.3367258219603076
2-2-4,none,mixture,0.6,2000,800011,0.004813422994629946,kl_crossfit,none,0.3066911936023565
2-2-4,none,mixture,0.6,2000,800011,0.004813422994629946,cf1_margin,none,0.4841170650419204
2-2-4,none,mixture,0.6,2000,800011,0.004813422994629946,slack_plugin,none,0.9682341300838415
2-2-4,none,mixture,0.6,2000,800011,0.004813422994629946,gm_battery,none,0.0
2-2-4,none,mixture,0.6,2000,800011,0.004813422994629946,gtest,none,115.89962110792538
2-2-4,none,mixture,0.6,2000,800012,0.004381530001410283,kl_plugin,none,0.35018930560822814
2-2-4,none,mixture,0.6,2000,800012,0.004381530001410283,kl_split,none,0.40303229242772576
2-2-4,none,mixture,0.6,2000,800012,0.004381530001410283,kl_crossfit,none,0.37400994147040134
2-2-4,none,mixture,0.6,2000,800012,0.004381530001410283,cf1_margin,none,0.5290962990569563
2-2-4,none,mixture,0.6,2000,800012,0.004381530001410283,slack_plugin,none,1.0581925981139126
2-2-4,none,mixture,0.6,2000,800012,0.004381530001410283,gm_battery,none,0.0
2-2-4,none,mixture,0.6,2000,800012,0.004381530001410283,gtest,none,92.7201709014335
2-2-4,none,mixture,0.6,2000,800013,0.004291509001632221,kl_plugin,none,0.3100513994108647
2-2-4,none,mixture,0.6,2000,800013,0.004291509001632221,kl_split,none,0.3587501552380374
2-2-4,none,mixture,0.6,2000,800013,0.004291509001632221,kl_crossfit,none,0.33255360572735904
2-2-4,none,mixture,0.6,2000,800013,0.004291509001632221,cf1_margin,none,0.4949999999999998
2-2-4,none,mixture,0.6,2000,800013,0.004291509001632221,slack_plugin,none,0.9899999999999999
2-2-4,none,mixture,0.6,2000,800013,0.004291509001632221,gm_battery,none,0.0
2-2-4,none,mixture,0.6,2000,800013,0.004291509001632221,gtest,none,114.76982834565098
2-2-4,none,mixture,0.6,2000,800014,0.004320858002756722,kl_plugin,none,0.33355189266590407
2-2-4,none,mixture,0.6,2000,800014,0.004320858002756722,kl_split,none,0.3430713979116051
2-2-4,none,mixture,0.6,2000,800014,0.004320858002756722,kl_crossfit,none,0.35464834297469505
2-2-4,none,mixture,0.6,2000,800014,0.004320858002756722,cf1_margin,none,0.5156057554446303
2-2-4,none,mixture,0.6,2000,800014,0.004320858002756722,slack_plugin,none,1.0312115108892608
2-2-4,none,mixture,0.6,2000,800014,0.004320858002756722,gm_battery,none,0.0
2-2-4,none,mixture,0.6,2000,800014,0.004320858002756722,gtest,none,96.98998262450523
2-2-4,none,mixture,0.6,2000,800015,0.004616600002918858,kl_plugin,none,0.3097838632357133
2-2-4,none,mixture,0.6,2000,800015,0.004616600002918858,kl_split,none,0.36860045484850135
2-2-4,none,mixture,0.6,2000,800015,0.004616600002918858,kl_crossfit,none,0.335730980011938
2-2-4,none,mixture,0.6,2000,800015,0.004616600002918858,cf1_margin,none,0.5037525403658127
2-2-4,none,mixture,0.6,2000,800015,0.004616600002918858,slack_plugin,none,1.007505080731625
2-2-4,none,mixture,0.6,2000,800015,0.004616600002918858,gm_battery,none,0.0
2-2-4,none,mixture,0.6,2000,800015,0.004616600002918858,gtest,none,71.32430220541758
2-2-4,none,mixture,0.6,2000,800016,0.004511945000558626,kl_plugin,none,0.3040651024284361
2-2-4,none,mixture,0.6,2000,800016,0.004511945000558626,kl_split,none,0.3385140754275948
2-2-4,none,mixture,0.6,2000,800016,0.004511945000558626,kl_crossfit,none,0.3227835701949494
2-2-4,none,mixture,0.6,2000,800016,0.004511945000558626,cf1_margin,none,0.501581628111877
2-2-4,none,mixture,0.6,2000,800016,0.004511945000558626,slack_plugin,none,1.003163256223754
2-2-4,none,mixture,0.6,2000,800016,0.004511945000558626,gm_battery,none,0.0
2-2-4,none,mixture,0.6,2000,800016,0.004511945000558626,gtest,none,108.33898024743921
2-2-4,none,mixture,0.6,2000,800017,0.0052381089990376495,kl_plugin,none,0.32455961259874
2-2-4,none,mixture,0.6,2000,800017,0.0052381089990376495,kl_split,none,0.334965490889802
2-2-4,none,mixture,0.6,2000,800017,0.0052381089990376495,kl_crossfit,none,0.34524879179623996
2-2-4,none,mixture,0.6,2000,800017,0.0052381089990376495,cf1_margin,none,0.5142472239140936
2-2-4,none,mixture,0.6,2000,800017,0.0052381089990376495,slack_plugin,none,1.0284944478281872
2-2-4,none,mixture,0.6,2000,800017,0.0052381089990376495,gm_battery,none,0.0
2-2-4,none,mixture,0.6,2000,800017,0.0052381089990376495,gtest,none,102.03562805914508
2-2-4,none,mixture,0.6,2000,800018,0.0046711999966646545,kl_plugin,none,0.32462966348771594
2-2-4,none,mixture,0.6,2000,800018,0.0046711999966646545,kl_split,none,0.3245127245492866
2-2-4,none,mixture,0.6,2000,800018,0.0046711999966646545,kl_crossfit,none,0.3432527167731806
2-2-4,none,mixture,0.6,2000,800018,0.0046711999966646545,cf1_margin,none,0.5142028550713768
2-2-4,none,mixture,0.6,2000,800018,0.0046711999966646545,slack_plugin,none,1.0284057101427537
2-2-4,none,mixture,0.6,2000,800018,0.0046711999966646545,gm_battery,none,0.0
2-2-4,none,mixture,0.6,2000,800018,0.0046711999966646545,gtest,none,109.21637338279643
2-2-4,none,mixture,0.6,2000,800019,0.006018596999638248,kl_plugin,none,0.3128182879999302
2-2-4,none,mixture,0.6,2000,800019,0.006018596999638248,kl_split,none,0.3226207633286794
2-2-4,none,mixture,0.6,2000,800019,0.006018596999638248,kl_crossfit,none,0.3334410435195554
2-2-4,none,mixture,0.6,2000,800019,0.006018596999638248,cf1_margin,none,0.5056525405671447
2-2-4,none,mixture,0.6,2000,800019,0.006018596999638248,slack_plugin,none,1.0113050811342892
2-2-4,none,mixture,0.6,2000,800019,0.006018596999638248,gm_battery,none,0.0
2-2-4,none,mixture,0.6,2000,800019,0.006018596999638248,gtest,none,129.8739633138992
2-2-4,none,mixture,0.6,2000,800020,0.004494311004236806,kl_plugin,none,0.33192110204963243
2-2-4,none,mixture,0.6,2000,800020,0.004494311004236806,kl_split,none,0.3946224944574879
2-2-4,none,mixture,0.6,2000,800020,0.004494311004236806,kl_crossfit,none,0.35608264611207563
2-2-4,none,mixture,0.6,2000,800020,0.004494311004236806,cf1_margin,none,0.5165251503652444
2-2-4,none,mixture,0.6,2000,800020,0.004494311004236806,slack_plugin,none,1.0330503007304883
2-2-4,none,mixture,0.6,2000,800020,0.004494311004236806,gm_battery,none,0.0
2-2-4,none,mixture,0.6,2000,800020,0.004494311004236806,gtest,none,74.38203357054013
2-2-4,none,mixture,0.6,2000,800021,0.005052805005107075,kl_plugin,none,0.3126168427764704
2-2-4,none,mixture,0.6,2000,800021,0.005052805005107075,kl_split,none,0.3731484410506327
2-2-4,none,mixture,0.6,2000,800021,0.005052805005107075,kl_crossfit,none,0.33794406269574595
2-2-4,none,mixture,0.6,2000,800021,0.005052805005107075,cf1_margin,none,0.5108473327969708
2-2-4,none,mixture,0.6,2000,800021,0.005052805005107075,slack_plugin,none,1.0216946655939414
2-2-4,none,mixture,0.6,2000,800021,0.005052805005107075,gm_battery,none,0.0
2-2-4,none,mixture,0.6,2000,800021,0.005052805005107075,gtest,none,86.23340459421675
2-2-4,none,mixture,0.6,2000,800022,0.004513708998274524,kl_plugin,none,0.2844832907896595
2-2-4,none,mixture,0.6,2000,800022,0.004513708998274524,kl_split,none,0.31382009303521574
2-2-4,none,mixture,0.6,2000,800022,0.004513708998274524,kl_crossfit,none,0.3049170755708135
2-2-4,none,mixture,0.6,2000,800022,0.004513708998274524,cf1_margin,none,0.4801630366832538
2-2-4,none,mixture,0.6,2000,800022,0.004513708998274524,slack_plugin,none,0.9603260733665075
2-2-4,none,mixture,0.6,2000,800022,0.004513708998274524,gm_battery,none,0.0
2-2-4,none,mixture,0.6,2000,800022,0.004513708998274524,gtest,none,107.05598912103086
2-2-4,none,mixture,0.6,2000,800023,0.005120175999763887,kl_plugin,none,0.36006812449987374
2-2-4,none,mixture,0.6,2000,800023,0.005120175999763887,kl_split,none,0.4043414732955107
2-2-4,none,mixture,0.6,2000,800023,0.005120175999763887,kl_crossfit,none,0.3796000865630397
2-2-4,none,mixture,0.6,2000,800023,0.005120175999763887,cf1_margin,none,0.5337695861199205
2-2-4,none,mixture,0.6,2000,800023,0.005120175999763887,slack_plugin,none,1.0675391722398409
2-2-4,none,mixture,0.6,2000,800023,0.005120175999763887,gm_battery,none,0.0
2-2-4,none,mixture,0.6,2000,800023,0.005120175999763887,gtest,none,81.679901018238
2-2-4,none,mixture,0.6,2000,800024,0.004628148002666421,kl_plugin,none,0.3178660951672547
2-2-4,none,mixture,0.6,2000,800024,0.004628148002666421,kl_split,none,0.36929361745647127
2-2-4,none,mixture,0.6,2000,800024,0.004628148002666421,kl_crossfit,none,0.3429438871183616
2-2-4,none,mixture,0.6,2000,800024,0.004628148002666421,cf1_margin,none,0.5013401340134013
2-2-4,none,mixture,0.6,2000,800024,0.004628148002666421,slack_plugin,none,1.0026802680268028
2-2-4,none,mixture,0.6,2000,800024,0.004628148002666421,gm_battery,none,0.0
2-2-4,none,mixture,0.6,2000,800024,0.004628148002666421,gtest,none,91.35716145475251
2-2-4,none,mixture,0.6,2000,800025,0.004337796002801042,kl_plugin,none,0.2987850059822397
2-2-4,none,mixture,0.6,2000,800025,0.004337796002801042,kl_split,none,0.3380454693381808
2-2-4,none,mixture,0.6,2000,800025,0.004337796002801042,kl_crossfit,none,0.32654015401925907
2-2-4,none,mixture,0.6,2000,800025,0.004337796002801042,cf1_margin,none,0.4971479543672699
2-2-4,none,mixture,0.6,2000,800025,0.004337796002801042,slack_plugin,none,0.9942959087345398
2-2-4,none,mixture,0.6,2000,800025,0.004337796002801042,gm_battery,none,0.0
2-2-4,none,mixture,0.6,2000,800025,0.004337796002801042,gtest,none,135.19186741769232
2-2-4,none,mixture,0.6,2000,800026,0.004668126995966304,kl_plugin,none,0.3562602722821851
2-2-4,none,mixture,0.6,2000,800026,0.004668126995966304,kl_split,none,0.34556840225022006
2-2-4,none,mixture,0.6,2000,800026,0.004668126995966304,kl_crossfit,none,0.37586544676953926
2-2-4,none,mixture,0.6,2000,800026,0.004668126995966304,cf1_margin,none,0.5372759386889618
2-2-4,none,mixture,0.6,2000,800026,0.004668126995966304,slack_plugin,none,1.0745518773779237
2-2-4,none,mixture,0.6,2000,800026,0.004668126995966304,gm_battery,none,0.0
2-2-4,none,mixture,0.6,2000,800026,0.004668126995966304,gtest,none,109.86459871264324
2-2-4,none,mixture,0.6,2000,800027,0.005762751003203448,kl_plugin,none,0.31850058855869284
2-2-4,none,mixture,0.6,2000,800027,0.005762751003203448,kl_split,none,0.36502060837241734
2-2-4,none,mixture,0.6,2000,800027,0.005762751003203448,kl_crossfit,none,0.3346904277868255
2-2-4,none,mixture,0.6,2000,800027,0.005762751003203448,cf1_margin,none,0.5107371794871796
2-2-4,none,mixture,0.6,2000,800027,0.005762751003203448,slack_plugin,none,1.0214743589743585
2-2-4,none,mixture,0.6,2000,800027,0.005762751003203448,gm_battery,none,0.0
2-2-4,none,mixture,0.6,2000,800027,0.005762751003203448,gtest,none,106.8812162381692
2-2-4,none,mixture,0.6,2000,800028,0.0045962190051795915,kl_plugin,none,0.33000885791336704
2-2-4,none,mixture,0.6,2000,800028,0.0045962190051795915,kl_split,none,0.38435508462293255
2-2-4,none,mixture,0.6,2000,800028,0.0045962190051795915,kl_crossfit,none,0.35262750396352543
2-2-4,none,mixture,0.6,2000,800028,0.0045962190051795915,cf1_margin,none,0.5206446042704833
2-2-4,none,mixture,0.6,2000,800028,0.0045962190051795915,slack_plugin,none,1.0412892085409662
2-2-4,none,mixture,0.6,2000,800028,0.0045962190051795915,gm_battery,none,0.0
2-2-4,none,mixture,0.6,2000,800028,0.0045962190051795915,gtest,none,98.43046863041154
2-2-4,none,mixture,0.6,2000,800029,0.005233770003542304,kl_plugin,none,0.3140369603834462
2-2-4,none,mixture,0.6,2000,800029,0.005233770003542304,kl_split,none,0.3634784603907524
2-2-4,none,mixture,0.6,2000,800029,0.005233770003542304,kl_crossfit,none,0.33331103224833375
2-2-4,none,mixture,0.6,2000,800029,0.005233770003542304,cf1_margin,none,0.5076188073412865
2-2-4,none,mixture,0.6,2000,800029,0.005233770003542304,slack_plugin,none,1.0152376146825732
2-2-4,none,mixture,0.6,2000,800029,0.005233770003542304,gm_battery,none,0.0
2-2-4,none,mixture,0.6,2000,800029,0.005233770003542304,gtest,none,101.41456660137527
2-2-4,none,mixture,0.6,2000,800030,0.004960010999639053,kl_plugin,none,0.3144991762488784
2-2-4,none,mixture,0.6,2000,800030,0.004960010999639053,kl_split,none,0.3713779337877685
2-2-4,none,mixture,0.6,2000,800030,0.004960010999639053,kl_crossfit,none,0.34196364795193573
2-2-4,none,mixture,0.6,2000,800030,0.004960010999639053,cf1_margin,none,0.5127208141321045
2-2-4,none,mixture,0.6,2000,800030,0.004960010999639053,slack_plugin,none,1.025441628264209
2-2-4,none,mixture,0.6,2000,800030,0.004960010999639053,gm_battery,none,0.0
2-2-4,none,mixture,0.6,2000,800030,0.004960010999639053,gtest,none,115.71860577337794
2-2-4,none,mixture,0.6,2000,800031,0.005183383000257891,kl_plugin,none,0.2862690877699652
2-2-4,none,mixture,0.6,2000,800031,0.005183383000257891,kl_split,none,0.33415006992614127
2-2-4,none,mixture,0.6,2000,800031,0.005183383000257891,kl_crossfit,none,0.30444585990836354
2-2-4,none,mixture,0.6,2000,800031,0.005183383000257891,cf1_margin,none,0.48546362704918034
2-2-4,none,mixture,0.6,2000,800031,0.005183383000257891,slack_plugin,none,0.9709272540983604
2-2-4,none,mixture,0.6,2000,800031,0.005183383000257891,gm_battery,none,0.0
2-2-4,none,mixture,0.6,2000,800031,0.005183383000257891,gtest,none,94.44318400890751
2-2-4,none,mixture,0.6,2000,800032,0.004472565997275524,kl_plugin,none,0.31725347649017105
2-2-4,none,mixture,0.6,2000,800032,0.004472565997275524,kl_split,none,0.34816333880140066
2-2-4,none,mixture,0.6,2000,800032,0.004472565997275524,kl_crossfit,none,0.33784305810835846
2-2-4,none,mixture,0.6,2000,800032,0.004472565997275524,cf1_margin,none,0.5164490187066093
2-2-4,none,mixture,0.6,2000,800032,0.004472565997275524,slack_plugin,none,1.0328980374132186
2-2-4,none,mixture,0.6,2000,800032,0.004472565997275524,gm_battery,none,0.0
2-2-4,none,mixture,0.6,2000,800032,0.004472565997275524,gtest,none,101.85323388147322
2-2-4,none,mixture,0.6,2000,800033,0.004342034000728745,kl_plugin,none,0.3217736466424336
2-2-4,none,mixture,0.6,2000,800033,0.004342034000728745,kl_split,none,0.3620655830225365
2-2-4,none,mixture,0.6,2000,800033,0.004342034000728745,kl_crossfit,none,0.3515267356172532
2-2-4,none,mixture,0.6,2000,800033,0.004342034000728745,cf1_margin,none,0.5084981755329363
2-2-4,none,mixture,0.6,2000,800033,0.004342034000728745,slack_plugin,none,1.016996351065873
2-2-4,none,mixture,0.6,2000,800033,0.004342034000728745,gm_battery,none,0.0
2-2-4,none,mixture,0.6,2000,800033,0.004342034000728745,gtest,none,98.94758727789187
2-2-4,none,mixture,0.6,2000,800034,0.004399142999318428,kl_plugin,none,0.269630924545302
2-2-4,none,mixture,0.6,2000,800034,0.004399142999318428,kl_split,none,0.2727368166886175
2-2-4,none,mixture,0.6,2000,800034,0.004399142999318428,kl_crossfit,none,0.28856564259851136
2-2-4,none,mixture,0.6,2000,800034,0.004399142999318428,cf1_margin,none,0.47112422471487425
2-2-4,none,mixture,0.6,2000,800034,0.004399142999318428,slack_plugin,none,0.9422484494297483
2-2-4,none,mixture,0.6,2000,800034,0.004399142999318428,gm_battery,none,0.0
2-2-4,none,mixture,0.6,2000,800034,0.004399142999318428,gtest,none,115.75229928696203
2-2-4,none,mixture,0.6,2000,800035,0.004414905000885483,kl_plugin,none,0.30406375010094594
2-2-4,none,mixture,0.6,2000,800035,0.004414905000885483,kl_split,none,0.34644853168459694
2-2-4,none,mixture,0.6,2000,800035,0.004414905000885483,kl_crossfit,none,0.33084038850549125
2-2-4,none,mixture,0.6,2000,800035,0.004414905000885483,cf1_margin,none,0.4938157773679852
2-2-4,none,mixture,0.6,2000,800035,0.004414905000885483,slack_plugin,none,0.9876315547359703
2-2-4,none,mixture,0.6,2000,800035,0.004414905000885483,gm_battery,none,0.0
2-2-4,none,mixture,0.6,2000,800035,0.004414905000885483,gtest,none,97.70882303758447
2-2-4,none,mixture,0.6,2000,800036,0.0043660730007104576,kl_plugin,none,0.32170943680996655
2-2-4,none,mixture,0.6,2000,800036,0.0043660730007104576,kl_split,none,0.3529205566297957
2-2-4,none,mixture,0.6,2000,800036,0.0043660730007104576,kl_crossfit,none,0.33730493804374717
2-2-4,none,mixture,0.6,2000,800036,0.0043660730007104576,cf1_margin,none,0.5075265677391096
2-2-4,none,mixture,0.6,2000,800036,0.0043660730007104576,slack_plugin,none,1.0150531354782193
2-2-4,none,mixture,0.6,2000,800036,0.0043660730007104576,gm_battery,none,0.0
2-2-4,none,mixture,0.6,2000,800036,0.0043660730007104576,gtest,none,105.78412691198162
2-2-4,none,mixture,0.6,2000,800037,0.004325804002291989,kl_plugin,none,0.33254680689641003
2-2-4,none,mixture,0.6,2000,800037,0.004325804002291989,kl_split,none,0.3783217087396406
2-2-4,none,mixture,0.6,2000,800037,0.004325804002291989,kl_crossfit,none,0.35283006269156203
2-2-4,none,mixture,0.6,2000,800037,0.004325804002291989,cf1_margin,none,0.5168005258179837
2-2-4,none,mixture,0.6,2000,800037,0.004325804002291989,slack_plugin,none,1.0336010516359673
2-2-4,none,mixture,0.6,2000,800037,0.004325804002291989,gm_battery,none,0.0
2-2-4,none,mixture,0.6,2000,800037,0.004325804002291989,gtest,none,94.76492458085926
2-2-4,none,mixture,0.6,2000,800038,0.005213906995777506,kl_plugin,none,0.33099491145726945
2-2-4,none,mixture,0.6,2000,800038,0.005213906995777506,kl_split,none,0.37277696198133564
2-2-4,none,mixture,0.6,2000,800038,0.005213906995777506,kl_crossfit,none,0.3464152035750948
2-2-4,none,mixture,0.6,2000,800038,0.005213906995777506,cf1_margin,none,0.5151205443395963
2-2-4,none,mixture,0.6,2000,800038,0.005213906995777506,slack_plugin,none,1.0302410886791922
2-2-4,none,mixture,0.6,2000,800038,0.005213906995777506,gm_battery,none,0.0
2-2-4,none,mixture,0.6,2000,800038,0.005213906995777506,gtest,none,119.72802659913651
2-2-4,none,mixture,0.6,2000,800039,0.0050930619981954806,kl_plugin,none,0.2889758656813666
2-2-4,none,mixture,0.6,2000,800039,0.0050930619981954806,kl_split,none,0.34676914768353595
2-2-4,none,mixture,0.6,2000,800039,0.0050930619981954806,kl_crossfit,none,0.31758203985043665
2-2-4,none,mixture,0.6,2000,800039,0.0050930619981954806,cf1_margin,none,0.48209019722390056
2-2-4,none,mixture,0.6,2000,800039,0.0050930619981954806,slack_plugin,none,0.964180394447801
2-2-4,none,mixture,0.6,2000,800039,0.0050930619981954806,gm_battery,none,0.0
2-2-4,none,mixture,0.6,2000,800039,0.0050930619981954806,gtest,none,118.85438582462052
2-2-4,none,mixture,0.6,2000,800040,0.0053368170047178864,kl_plugin,none,0.3572354633933834
2-2-4,none,mixture,0.6,2000,800040,0.0053368170047178864,kl_split,none,0.40794144386375264
2-2-4,none,mixture,0.6,2000,800040,0.0053368170047178864,kl_crossfit,none,0.3760554932444155
2-2-4,none,mixture,0.6,2000,800040,0.0053368170047178864,cf1_margin,none,0.5424621145444943
2-2-4,none,mixture,0.6,2000,800040,0.0053368170047178864,slack_plugin,none,1.084924229088989
2-2-4,none,mixture,0.6,2000,800040,0.0053368170047178864,gm_battery,none,0.0
2-2-4,none,mixture,0.6,2000,800040,0.0053368170047178864,gtest,none,118.05553530525796
2-2-4,none,mixture,0.6,2000,800041,0.00594498200371163,kl_plugin,none,0.3495536794221973
2-2-4,none,mixture,0.6,2000,800041,0.00594498200371163,kl_split,none,0.39109248000159924
2-2-4,none,mixture,0.6,2000,800041,0.00594498200371163,kl_crossfit,none,0.37751361184724086
2-2-4,none,mixture,0.6,2000,800041,0.00594498200371163,cf1_margin,none,0.5276790858459766
2-2-4,none,mixture,0.6,2000,800041,0.00594498200371163,slack_plugin,none,1.0553581716919536
2-2-4,none,mixture,0.6,2000,800041,0.00594498200371163,gm_battery,none,0.0
2-2-4,none,mixture,0.6,2000,800041,0.00594498200371163,gtest,none,56.77816369376724
2-2-4,none,mixture,0.6,2000,800042,0.004473698005313054,kl_plugin,none,0.3275675766910565
2-2-4,none,mixture,0.6,2000,800042,0.004473698005313054,kl_split,none,0.33302978911777836
2-2-4,none,mixture,0.6,2000,800042,0.004473698005313054,kl_crossfit,none,0.34762403329097613
2-2-4,none,mixture,0.6,2000,800042,0.004473698005313054,cf1_margin,none,0.5166268324331029
2-2-4,none,mixture,0.6,2000,800042,0.004473698005313054,slack_plugin,none,1.0332536648662058
2-2-4,none,mixture,0.6,2000,800042,0.004473698005313054,gm_battery,none,0.0
2-2-4,none,mixture,0.6,2000,800042,0.004473698005313054,gtest,none,120.4564531879143
2-2-4,none,mixture,0.6,2000,800043,0.004407004998938646,kl_plugin,none,0.31322200255781707
2-2-4,none,mixture,0.6,2000,800043,0.004407004998938646,kl_split,none,0.3708937947361489
2-2-4,none,mixture,0.6,2000,800043,0.004407004998938646,kl_crossfit,none,0.3391600162668217
2-2-4,none,mixture,0.6,2000,800043,0.004407004998938646,cf1_margin,none,0.5021467822297698
2-2-4,none,mixture,0.6,2000,800043,0.004407004998938646,slack_plugin,none,1.0042935644595397
2-2-4,none,mixture,0.6,2000,800043,0.004407004998938646,gm_battery,none,0.0
2-2-4,none,mixture,0.6,2000,800043,0.004407004998938646,gtest,none,100.62928273290191
2-2-4,none,mixture,0.6,2000,800044,0.004766932994243689,kl_plugin,none,0.31349191581107705
2-2-4,none,mixture,0.6,2000,800044,0.004766932994243689,kl_split,none,0.3036179269535725
2-2-4,none,mixture,0.6,2000,800044,0.004766932994243689,kl_crossfit,none,0.33384663795317676
2-2-4,none,mixture,0.6,2000,800044,0.004766932994243689,cf1_margin,none,0.5109049536145633
2-2-4,none,mixture,0.6,2000,800044,0.004766932994243689,slack_plugin,none,1.0218099072291267
2-2-4,none,mixture,0.6,2000,800044,0.004766932994243689,gm_battery,none,0.0
2-2-4,none,mixture,0.6,2000,800044,0.004766932994243689,gtest,none,107.84765842447067
2-2-4,none,mixture,0.6,2000,800045,0.004732412999146618,kl_plugin,none,0.2938546563500963
2-2-4,none,mixture,0.6,2000,800045,0.004732412999146618,kl_split,none,0.2969033637090152
2-2-4,none,mixture,0.6,2000,800045,0.004732412999146618,kl_crossfit,none,0.3106967544896113
2-2-4,none,mixture,0.6,2000,800045,0.004732412999146618,cf1_margin,none,0.4821414821414821
2-2-4,none,mixture,0.6,2000,800045,0.004732412999146618,slack_plugin,none,0.9642829642829643
2-2-4,none,mixture,0.6,2000,800045,0.004732412999146618,gm_battery,none,0.0
2-2-4,none,mixture,0.6,2000,800045,0.004732412999146618,gtest,none,131.7608576350391
2-2-4,none,mixture,0.6,2000,800046,0.004365600005257875,kl_plugin,none,0.3232780485944165
2-2-4,none,mixture,0.6,2000,800046,0.004365600005257875,kl_split,none,0.3547247252977949
2-2-4,none,mixture,0.6,2000,800046,0.004365600005257875,kl_crossfit,none,0.34140266361822
2-2-4,none,mixture,0.6,2000,800046,0.004365600005257875,cf1_margin,none,0.5146206315856843
2-2-4,none,mixture,0.6,2000,800046,0.004365600005257875,slack_plugin,none,1.029241263171369
2-2-4,none,mixture,0.6,2000,800046,0.004365600005257875,gm_battery,none,0.0
2-2-4,none,mixture,0.6,2000,800046,0.004365600005257875,gtest,none,108.80016549815417
2-2-4,none,mixture,0.6,2000,800047,0.0045952779983053915,kl_plugin,none,0.2979946692424976
2-2-4,none,mixture,0.6,2000,800047,0.0045952779983053915,kl_split,none,0.3589009016568382
2-2-4,none,mixture,0.6,2000,800047,0.0045952779983053915,kl_crossfit,none,0.32403245046018303
2-2-4,none,mixture,0.6,2000,800047,0.0045952779983053915,cf1_margin,none,0.4981499333976023
2-2-4,none,mixture,0.6,2000,800047,0.0045952779983053915,slack_plugin,none,0.9962998667952043
2-2-4,none,mixture,0.6,2000,800047,0.0045952779983053915,gm_battery,none,0.0
2-2-4,none,mixture,0.6,2000,800047,0.0045952779983053915,gtest,none,124.501409638858
2-2-4,none,mixture,0.6,2000,800048,0.004397716002131347,kl_plugin,none,0.3074327481697833
2-2-4,none,mixture,0.6,2000,800048,0.004397716002131347,kl_split,none,0.35442378194454655
2-2-4,none,mixture,0.6,2000,800048,0.004397716002131347,kl_crossfit,none,0.32519276954717574
2-2-4,none,mixture,0.6,2000,800048,0.004397716002131347,cf1_margin,none,0.4963914803731737
2-2-4,none,mixture,0.6,2000,800048,0.004397716002131347,slack_plugin,none,0.9927829607463473
2-2-4,none,mixture,0.6,2000,800048,0.004397716002131347,gm_battery,none,0.0
2-2-4,none,mixture,0.6,2000,800048,0.004397716002131347,gtest,none,108.26560408308647
2-2-4,none,mixture,0.6,2000,800049,0.004460208998352755,kl_plugin,none,0.2985770004076034
2-2-4,none,mixture,0.6,2000,800049,0.004460208998352755,kl_split,none,0.33135116870182807
2-2-4,none,mixture,0.6,2000,800049,0.004460208998352755,kl_crossfit,none,0.31922813168941244
2-2-4,none,mixture,0.6,2000,800049,0.004460208998352755,cf1_margin,none,0.4932934663832751
2-2-4,none,mixture,0.6,2000,800049,0.004460208998352755,slack_plugin,none,0.98658693276655
2-2-4,none,mixture,0.6,2000,800049,0.004460208998352755,gm_battery,none,0.0
2-2-4,none,mixture,0.6,2000,800049,0.004460208998352755,gtest,none,123.32713037756464
2-2-4,none,mixture,0.6,2000,800050,0.004484321005293168,kl_plugin,none,0.338058361214214
2-2-4,none,mixture,0.6,2000,800050,0.004484321005293168,kl_split,none,0.3461775453471643
2-2-4,none,mixture,0.6,2000,800050,0.004484321005293168,kl_crossfit,none,0.3568262778414677
2-2-4,none,mixture,0.6,2000,800050,0.004484321005293168,cf1_margin,none,0.5180690585319636
2-2-4,none,mixture,0.6,2000,800050,0.004484321005293168,slack_plugin,none,1.0361381170639268
2-2-4,none,mixture,0.6,2000,800050,0.004484321005293168,gm_battery,none,0.0
2-2-4,none,mixture,0.6,2000,800050,0.004484321005293168,gtest,none,95.29890980795855
2-2-4,none,mixture,0.6,2000,800051,0.004491232000873424,kl_plugin,none,0.29406808931091355
2-2-4,none,mixture,0.6,2000,800051,0.004491232000873424,kl_split,none,0.32470087276304127
2-2-4,none,mixture,0.6,2000,800051,0.004491232000873424,kl_crossfit,none,0.312922461643401
2-2-4,none,mixture,0.6,2000,800051,0.004491232000873424,cf1_margin,none,0.49098449098449093
2-2-4,none,mixture,0.6,2000,800051,0.004491232000873424,slack_plugin,none,0.9819689819689821
2-2-4,none,mixture,0.6,2000,800051,0.004491232000873424,gm_battery,none,0.0
2-2-4,none,mixture,0.6,2000,800051,0.004491232000873424,gtest,none,117.1502724019345
2-2-4,none,mixture,0.6,2000,800052,0.004456068003491964,kl_plugin,none,0.3432834481399279
2-2-4,none,mixture,0.6,2000,800052,0.004456068003491964,kl_split,none,0.37787605733822677
2-2-4,none,mixture,0.6,2000,800052,0.004456068003491964,kl_crossfit,none,0.36278114571258824
2-2-4,none,mixture,0.6,2000,800052,0.004456068003491964,cf1_margin,none,0.5324148678968221
2-2-4,none,mixture,0.6,2000,800052,0.004456068003491964,slack_plugin,none,1.0648297357936443
2-2-4,none,mixture,0.6,2000,800052,0.004456068003491964,gm_battery,none,0.0
2-2-4,none,mixture,0.6,2000,800052,0.004456068003491964,gtest,none,87.36613255877475
2-2-4,none,mixture,0.6,2000,800053,0.00496473800012609,kl_plugin,none,0.3072182251981663
2-2-4,none,mixture,0.6,2000,800053,0.00496473800012609,kl_split,none,0.3041344048282698
2-2-4,none,mixture,0.6,2000,800053,0.00496473800012609,kl_crossfit,none,0.3245154945680058
2-2-4,none,mixture,0.6,2000,800053,0.00496473800012609,cf1_margin,none,0.505123751063802
2-2-4,none,mixture,0.6,2000,800053,0.00496473800012609,slack_plugin,none,1.0102475021276045
2-2-4,none,mixture,0.6,2000,800053,0.00496473800012609,gm_battery,none,0.0
2-2-4,none,mixture,0.6,2000,800053,0.00496473800012609,gtest,none,82.2874999438684
2-2-4,none,mixture,0.6,2000,800054,0.004466767997655552,kl_plugin,none,0.3057639540588749
2-2-4,none,mixture,0.6,2000,800054,0.004466767997655552,kl_split,none,0.3505984570890882
2-2-4,none,mixture,0.6,2000,800054,0.004466767997655552,kl_crossfit,none,0.3355525783375305
2-2-4,none,mixture,0.6,2000,800054,0.004466767997655552,cf1_margin,none,0.49905986462050533
2-2-4,none,mixture,0.6,2000,800054,0.004466767997655552,slack_plugin,none,0.9981197292410104
2-2-4,none,mixture,0.6,2000,800054,0.004466767997655552,gm_battery,none,0.0
2-2-4,none,mixture,0.6,2000,800054,0.004466767997655552,gtest,none,90.58710168101257
2-2-4,none,mixture,0.6,2000,800055,0.0050002549978671595,kl_plugin,none,0.2801495176528485
2-2-4,none,mixture,0.6,2000,800055,0.0050002549978671595,kl_split,none,0.3280389938813089
2-2-4,none,mixture,0.6,2000,800055,0.0050002549978671595,kl_crossfit,none,0.29855280484082736
2-2-4,none,mixture,0.6,2000,800055,0.0050002549978671595,cf1_margin,none,0.47775027932289726
2-2-4,none,mixture,0.6,2000,800055,0.0050002549978671595,slack_plugin,none,0.9555005586457948
2-2-4,none,mixture,0.6,2000,800055,0.0050002549978671595,gm_battery,none,0.0
2-2-4,none,mixture,0.6,2000,800055,0.0050002549978671595,gtest,none,95.50134547019788
2-2-4,none,mixture,0.6,2000,800056,0.004609114002960268,kl_plugin,none,0.33787573708049123
2-2-4,none,mixture,0.6,2000,800056,0.004609114002960268,kl_split,none,0.388129784752101
2-2-4,none,mixture,0.6,2000,800056,0.004609114002960268,kl_crossfit,none,0.35737201348131487
2-2-4,none,mixture,0.6,2000,800056,0.004609114002960268,cf1_margin,none,0.5200347873483063
2-2-4,none,mixture,0.6,2000,800056,0.004609114002960268,slack_plugin,none,1.0400695746966124
2-2-4,none,mixture,0.6,2000,800056,0.004609114002960268,gm_battery,none,0.0
2-2-4,none,mixture,0.6,2000,800056,0.004609114002960268,gtest,none,110.61958996220608
2-2-4,none,mixture,0.6,2000,800057,0.005370047001633793,kl_plugin,none,0.3165248205780341
2-2-4,none,mixture,0.6,2000,800057,0.005370047001633793,kl_split,none,0.3094640553958361
2-2-4,none,mixture,0.6,2000,800057,0.005370047001633793,kl_crossfit,none,0.3390899845829488
2-2-4,none,mixture,0.6,2000,800057,0.005370047001633793,cf1_margin,none,0.5062262533766584
2-2-4,none,mixture,0.6,2000,800057,0.005370047001633793,slack_plugin,none,1.0124525067533172
2-2-4,none,mixture,0.6,2000,800057,0.005370047001633793,gm_battery,none,0.0
2-2-4,none,mixture,0.6,2000,800057,0.005370047001633793,gtest,none,114.65556656261631
2-2-4,none,mixture,0.6,2000,800058,0.004371410999738146,kl_plugin,none,0.3398659275772903
2-2-4,none,mixture,0.6,2000,800058,0.004371410999738146,kl_split,none,0.3550044187251207
2-2-4,none,mixture,0.6,2000,800058,0.004371410999738146,kl_crossfit,none,0.3596157802445126
2-2-4,none,mixture,0.6,2000,800058,0.004371410999738146,cf1_margin,none,0.5189945189945191
2-2-4,none,mixture,0.6,2000,800058,0.004371410999738146,slack_plugin,none,1.0379890379890377
2-2-4,none,mixture,0.6,2000,800058,0.004371410999738146,gm_battery,none,0.0
2-2-4,none,mixture,0.6,2000,800058,0.004371410999738146,gtest,none,102.60873846171914
2-2-4,none,mixture,0.6,2000,800059,0.005705451003450435,kl_plugin,none,0.3022304329078966
2-2-4,none,mixture,0.6,2000,800059,0.005705451003450435,kl_split,none,0.30768103019532006
2-2-4,none,mixture,0.6,2000,800059,0.005705451003450435,kl_crossfit,none,0.32219152836560594
2-2-4,none,mixture,0.6,2000,800059,0.005705451003450435,cf1_margin,none,0.501636632567238
2-2-4,none,mixture,0.6,2000,800059,0.005705451003450435,slack_plugin,none,1.0032732651344762
2-2-4,none,mixture,0.6,2000,800059,0.005705451003450435,gm_battery,none,0.0
2-2-4,none,mixture,0.6,2000,800059,0.005705451003450435,gtest,none,114.80054224695388
2-2-4,none,mixture,0.6,2000,800060,0.006577213003765792,kl_plugin,none,0.2703836154073391
2-2-4,none,mixture,0.6,2000,800060,0.006577213003765792,kl_split,none,0.312902029390578
2-2-4,none,mixture,0.6,2000,800060,0.006577213003765792,kl_crossfit,none,0.29679527341148904
2-2-4,none,mixture,0.6,2000,800060,0.006577213003765792,cf1_margin,none,0.4748542678591251
2-2-4,none,mixture,0.6,2000,800060,0.006577213003765792,slack_plugin,none,0.9497085357182501
2-2-4,none,mixture,0.6,2000,800060,0.006577213003765792,gm_battery,none,0.0
2-2-4,none,mixture,0.6,2000,800060,0.006577213003765792,gtest,none,133.44274323958052
2-2-4,none,mixture,0.6,2000,800061,0.005168064002646133,kl_plugin,none,0.300506635046116
2-2-4,none,mixture,0.6,2000,800061,0.005168064002646133,kl_split,none,0.3424255341414393
2-2-4,none,mixture,0.6,2000,800061,0.005168064002646133,kl_crossfit,none,0.3265173142860142
2-2-4,none,mixture,0.6,2000,800061,0.005168064002646133,cf1_margin,none,0.507162886978429
2-2-4,none,mixture,0.6,2000,800061,0.005168064002646133,slack_plugin,none,1.0143257739568585
2-2-4,none,mixture,0.6,2000,800061,0.005168064002646133,gm_battery,none,0.0
2-2-4,none,mixture,0.6,2000,800061,0.005168064002646133,gtest,none,101.42822045097279
2-2-4,none,mixture,0.6,2000,800062,0.005292749003274366,kl_plugin,none,0.3287269659411236
2-2-4,none,mixture,0.6,2000,800062,0.005292749003274366,kl_split,none,0.3796535096395379
2-2-4,none,mixture,0.6,2000,800062,0.005292749003274366,kl_crossfit,none,0.3528095572574633
2-2-4,none,mixture,0.6,2000,800062,0.005292749003274366,cf1_margin,none,0.5057678687894878
2-2-4,none,mixture,0.6,2000,800062,0.005292749003274366,slack_plugin,none,1.011535737578976
2-2-4,none,mixture,0.6,2000,800062,0.005292749003274366,gm_battery,none,0.0
2-2-4,none,mixture,0.6,2000,800062,0.005292749003274366,gtest,none,109.073386984785
2-2-4,none,mixture,0.6,2000,800063,0.004710356006398797,kl_plugin,none,0.3402716254204434
2-2-4,none,mixture,0.6,2000,800063,0.004710356006398797,kl_split,none,0.37767426614252303
2-2-4,none,mixture,0.6,2000,800063,0.004710356006398797,kl_crossfit,none,0.3620943983411642
2-2-4,none,mixture,0.6,2000,800063,0.004710356006398797,cf1_margin,none,0.5281270125724526
2-2-4,none,mixture,0.6,2000,800063,0.004710356006398797,slack_plugin,none,1.056254025144905
2-2-4,none,mixture,0.6,2000,800063,0.004710356006398797,gm_battery,none,0.0
2-2-4,none,mixture,0.6,2000,800063,0.004710356006398797,gtest,none,68.59418088405988
2-2-4,none,mixture,0.6,2000,800064,0.008110230999591295,kl_plugin,none,0.3232374883625808
2-2-4,none,mixture,0.6,2000,800064,0.008110230999591295,kl_split,none,0.3743370050261121
2-2-4,none,mixture,0.6,2000,800064,0.008110230999591295,kl_crossfit,none,0.3428792686057025
2-2-4,none,mixture,0.6,2000,800064,0.008110230999591295,cf1_margin,none,0.5226622662266225
2-2-4,none,mixture,0.6,2000,800064,0.008110230999591295,slack_plugin,none,1.0453245324532454
2-2-4,none,mixture,0.6,2000,800064,0.008110230999591295,gm_battery,none,0.0
2-2-4,none,mixture,0.6,2000,800064,0.008110230999591295,gtest,none,95.91374259251478
2-2-4,none,mixture,0.6,2000,800065,0.00435198000195669,kl_plugin,none,0.32897776534697065
2-2-4,none,mixture,0.6,2000,800065,0.00435198000195669,kl_split,none,0.3774994767657888
2-2-4,none,mixture,0.6,2000,800065,0.00435198000195669,kl_crossfit,none,0.34897876724496846
2-2-4,none,mixture,0.6,2000,800065,0.00435198000195669,cf1_margin,none,0.5203796834171508
2-2-4,none,mixture,0.6,2000,800065,0.00435198000195669,slack_plugin,none,1.0407593668343016
2-2-4,none,mixture,0.6,2000,800065,0.00435198000195669,gm_battery,none,0.0
2-2-4,none,mixture,0.6,2000,800065,0.00435198000195669,gtest,none,108.04759826758283
2-2-4,none,mixture,0.6,2000,800066,0.004210170998703688,kl_plugin,none,0.32720474062561833
2-2-4,none,mixture,0.6,2000,800066,0.004210170998703688,kl_split,none,0.3774872325345816
2-2-4,none,mixture,0.6,2000,800066,0.004210170998703688,kl_crossfit,none,0.3446455225249397
2-2-4,none,mixture,0.6,2000,800066,0.004210170998703688,cf1_margin,none,0.5166916691669166
2-2-4,none,mixture,0.6,2000,800066,0.004210170998703688,slack_plugin,none,1.0333833383338336
2-2-4,none,mixture,0.6,2000,800066,0.004210170998703688,gm_battery,none,0.0
2-2-4,none,mixture,0.6,2000,800066,0.004210170998703688,gtest,none,70.66564245007915
2-2-4,none,mixture,0.6,2000,800067,0.004647902998840436,kl_plugin,none,0.32909882680057184
2-2-4,none,mixture,0.6,2000,800067,0.004647902998840436,kl_split,none,0.3750749383559958
2-2-4,none,mixture,0.6,2000,800067,0.004647902998840436,kl_crossfit,none,0.3507236503494869
2-2-4,none,mixture,0.6,2000,800067,0.004647902998840436,cf1_margin,none,0.5165482363485052
2-2-4,none,mixture,0.6,2000,800067,0.004647902998840436,slack_plugin,none,1.0330964726970104
2-2-4,none,mixture,0.6,2000,800067,0.004647902998840436,gm_battery,none,0.0
2-2-4,none,mixture,0.6,2000,800067,0.004647902998840436,gtest,none,93.80242734746224
2-2-4,none,mixture,0.6,2000,800068,0.004705914994701743,kl_plugin,none,0.3361441889809107
2-2-4,none,mixture,0.6,2000,800068,0.004705914994701743,kl_split,none,0.38900323337313275
2-2-4,none,mixture,0.6,2000,800068,0.004705914994701743,kl_crossfit,none,0.3596102689769464
2-2-4,none,mixture,0.6,2000,800068,0.004705914994701743,cf1_margin,none,0.5186320745282982
2-2-4,none,mixture,0.6,2000,800068,0.004705914994701743,slack_plugin,none,1.0372641490565964
2-2-4,none,mixture,0.6,2000,800068,0.004705914994701743,gm_battery,none,0.0
2-2-4,none,mixture,0.6,2000,800068,0.004705914994701743,gtest,none,94.73571157295075
2-2-4,none,mixture,0.6,2000,800069,0.004425075996550731,kl_plugin,none,0.3115193751306973
2-2-4,none,mixture,0.6,2000,800069,0.004425075996550731,kl_split,none,0.36304503275335087
2-2-4,none,mixture,0.6,2000,800069,0.004425075996550731,kl_crossfit,none,0.33559729954578194
2-2-4,none,mixture,0.6,2000,800069,0.004425075996550731,cf1_margin,none,0.5090085765488992
2-2-4,none,mixture,0.6,2000,800069,0.004425075996550731,slack_plugin,none,1.0180171530977986
2-2-4,none,mixture,0.6,2000,800069,0.004425075996550731,gm_battery,none,0.0
2-2-4,none,mixture,0.6,2000,800069,0.004425075996550731,gtest,none,88.80843149565179
2-2-4,none,mixture,0.6,2000,800070,0.0049761560003389604,kl_plugin,none,0.28848426889107925
2-2-4,none,mixture,0.6,2000,800070,0.0049761560003389604,kl_split,none,0.33650608230682466
2-2-4,none,mixture,0.6,2000,800070,0.0049761560003389604,kl_crossfit,none,0.3121544239957454
2-2-4,none,mixture,0.6,2000,800070,0.0049761560003389604,cf1_margin,none,0.49283634082630445
2-2-4,none,mixture,0.6,2000,800070,0.0049761560003389604,slack_plugin,none,0.9856726816526088
2-2-4,none,mixture,0.6,2000,800070,0.0049761560003389604,gm_battery,none,0.0
2-2-4,none,mixture,0.6,2000,800070,0.0049761560003389604,gtest,none,90.92094399824424
2-2-4,none,mixture,0.6,2000,800071,0.004509204001806211,kl_plugin,none,0.3108135818725969
2-2-4,none,mixture,0.6,2000,800071,0.004509204001806211,kl_split,none,0.35815952069498336
2-2-4,none,mixture,0.6,2000,800071,0.004509204001806211,kl_crossfit,none,0.32995558922076235
2-2-4,none,mixture,0.6,2000,800071,0.004509204001806211,cf1_margin,none,0.4971363596816244
2-2-4,none,mixture,0.6,2000,800071,0.004509204001806211,slack_plugin,none,0.9942727193632486
2-2-4,none,mixture,0.6,2000,800071,0.004509204001806211,gm_battery,none,0.0
2-2-4,none,mixture,0.6,2000,800071,0.004509204001806211,gtest,none,71.23170660102323
2-2-4,none,mixture,0.6,2000,800072,0.004742165998322889,kl_plugin,none,0.2919909932872594
2-2-4,none,mixture,0.6,2000,800072,0.004742165998322889,kl_split,none,0.3229603917438694
2-2-4,none,mixture,0.6,2000,800072,0.004742165998322889,kl_crossfit,none,0.31205454519365494
2-2-4,none,mixture,0.6,2000,800072,0.004742165998322889,cf1_margin,none,0.48907722693067346
2-2-4,none,mixture,0.6,2000,800072,0.004742165998322889,slack_plugin,none,0.9781544538613463
2-2-4,none,mixture,0.6,2000,800072,0.004742165998322889,gm_battery,none,0.0
2-2-4,none,mixture,0.6,2000,800072,0.004742165998322889,gtest,none,101.4818507287069
2-2-4,none,mixture,0.6,2000,800073,0.004573086000164039,kl_plugin,none,0.3456558372288377
2-2-4,none,mixture,0.6,2000,800073,0.004573086000164039,kl_split,none,0.39601320766631165
2-2-4,none,mixture,0.6,2000,800073,0.004573086000164039,kl_crossfit,none,0.3666256810544616
2-2-4,none,mixture,0.6,2000,800073,0.004573086000164039,cf1_margin,none,0.5331191922909224
2-2-4,none,mixture,0.6,2000,800073,0.004573086000164039,slack_plugin,none,1.0662383845818444
2-2-4,none,mixture,0.6,2000,800073,0.004573086000164039,gm_battery,none,0.0
2-2-4,none,mixture,0.6,2000,800073,0.004573086000164039,gtest,none,91.44315114099552
2-2-4,none,mixture,0.6,2000,800074,0.0046495700007653795,kl_plugin,none,0.3031608229366723
2-2-4,none,mixture,0.6,2000,800074,0.0046495700007653795,kl_split,none,0.2968649652361492
2-2-4,none,mixture,0.6,2000,800074,0.0046495700007653795,kl_crossfit,none,0.32527228043295453
2-2-4,none,mixture,0.6,2000,800074,0.0046495700007653795,cf1_margin,none,0.49296915548861886
2-2-4,none,mixture,0.6,2000,800074,0.0046495700007653795,slack_plugin,none,0.9859383109772379
2-2-4,none,mixture,0.6,2000,800074,0.0046495700007653795,gm_battery,none,0.0
2-2-4,none,mixture,0.6,2000,800074,0.0046495700007653795,gtest,none,127.43956775287242
2-2-4,none,mixture,0.6,2000,800075,0.005622316995868459,kl_plugin,none,0.32466652515930094
2-2-4,none,mixture,0.6,2000,800075,0.005622316995868459,kl_split,none,0.38189789675030295
2-2-4,none,mixture,0.6,2000,800075,0.005622316995868459,kl_crossfit,none,0.35375903756974214
2-2-4,none,mixture,0.6,2000,800075,0.005622316995868459,cf1_margin,none,0.5129087262989782
2-2-4,none,mixture,0.6,2000,800075,0.005622316995868459,slack_plugin,none,1.0258174525979564
2-2-4,none,mixture,0.6,2000,800075,0.005622316995868459,gm_battery,none,0.0
2-2-4,none,mixture,0.6,2000,800075,0.005622316995868459,gtest,none,103.49714734550496
2-2-4,none,mixture,0.6,2000,800076,0.007137804001104087,kl_plugin,none,0.2818049152350538
2-2-4,none,mixture,0.6,2000,800076,0.007137804001104087,kl_split,none,0.3296256477241599
2-2-4,none,mixture,0.6,2000,800076,0.007137804001104087,kl_crossfit,none,0.2988870546997713
2-2-4,none,mixture,0.6,2000,800076,0.007137804001104087,cf1_margin,none,0.4864095967093338
2-2-4,none,mixture,0.6,2000,800076,0.007137804001104087,slack_plugin,none,0.9728191934186674
2-2-4,none,mixture,0.6,2000,800076,0.007137804001104087,gm_battery,none,0.0
2-2-4,none,mixture,0.6,2000,800076,0.007137804001104087,gtest,none,90.44649055136196
2-2-4,none,mixture,0.6,2000,800077,0.004444442005478777,kl_plugin,none,0.31687101369783377
2-2-4,none,mixture,0.6,2000,800077,0.004444442005478777,kl_split,none,0.3765849895477917
2-2-4,none,mixture,0.6,2000,800077,0.004444442005478777,kl_crossfit,none,0.34409645582391846
2-2-4,none,mixture,0.6,2000,800077,0.004444442005478777,cf1_margin,none,0.5034330897808028
2-2-4,none,mixture,0.6,2000,800077,0.004444442005478777,slack_plugin,none,1.0068661795616052
2-2-4,none,mixture,0.6,2000,800077,0.004444442005478777,gm_battery,none,0.0
2-2-4,none,mixture,0.6,2000,800077,0.004444442005478777,gtest,none,96.09920220801516
2-2-4,none,mixture,0.6,2000,800078,0.004626318004739005,kl_plugin,none,0.31237228485165697
2-2-4,none,mixture,0.6,2000,800078,0.004626318004739005,kl_split,none,0.3288458534681805
2-2-4,none,mixture,0.6,2000,800078,0.004626318004739005,kl_crossfit,none,0.33944180763714915
2-2-4,none,mixture,0.6,2000,800078,0.004626318004739005,cf1_margin,none,0.5033225830645767
2-2-4,none,mixture,0.6,2000,800078,0.004626318004739005,slack_plugin,none,1.006645166129153
2-2-4,none,mixture,0.6,2000,800078,0.004626318004739005,gm_battery,none,0.0
2-2-4,none,mixture,0.6,2000,800078,0.004626318004739005,gtest,none,88.55392168894267
2-2-4,none,mixture,0.6,2000,800079,0.004440143995452672,kl_plugin,none,0.3470504670688394
2-2-4,none,mixture,0.6,2000,800079,0.004440143995452672,kl_split,none,0.3851685379086039
2-2-4,none,mixture,0.6,2000,800079,0.004440143995452672,kl_crossfit,none,0.3777271630790361
2-2-4,none,mixture,0.6,2000,800079,0.004440143995452672,cf1_margin,none,0.5302259344598054
2-2-4,none,mixture,0.6,2000,800079,0.004440143995452672,slack_plugin,none,1.060451868919611
2-2-4,none,mixture,0.6,2000,800079,0.004440143995452672,gm_battery,none,0.0
2-2-4,none,mixture,0.6,2000,800079,0.004440143995452672,gtest,none,107.13350089567541
2-2-4,none,mixture,0.6,2000,800080,0.004571165001834743,kl_plugin,none,0.3142371447600656
2-2-4,none,mixture,0.6,2000,800080,0.004571165001834743,kl_split,none,0.3741611729115882
2-2-4,none,mixture,0.6,2000,800080,0.004571165001834743,kl_crossfit,none,0.34311312588144127
2-2-4,none,mixture,0.6,2000,800080,0.004571165001834743,cf1_margin,none,0.5097340389361558
2-2-4,none,mixture,0.6,2000,800080,0.004571165001834743,slack_plugin,none,1.0194680778723115
2-2-4,none,mixture,0.6,2000,800080,0.004571165001834743,gm_battery,none,0.0
2-2-4,none,mixture,0.6,2000,800080,0.004571165001834743,gtest,none,96.66627124767227
2-2-4,none,mixture,0.6,2000,800081,0.004658402998757083,kl_plugin,none,0.32946664024523986
2-2-4,none,mixture,0.6,2000,800081,0.004658402998757083,kl_split,none,0.3678318725143296
2-2-4,none,mixture,0.6,2000,800081,0.004658402998757083,kl_crossfit,none,0.35660937859157504
2-2-4,none,mixture,0.6,2000,800081,0.004658402998757083,cf1_margin,none,0.5132545979011887
2-2-4,none,mixture,0.6,2000,800081,0.004658402998757083,slack_plugin,none,1.0265091958023773
2-2-4,none,mixture,0.6,2000,800081,0.004658402998757083,gm_battery,none,0.0
2-2-4,none,mixture,0.6,2000,800081,0.004658402998757083,gtest,none,156.09327534034136
2-2-4,none,mixture,0.6,2000,800082,0.004263693997927476,kl_plugin,none,0.300892817447685
2-2-4,none,mixture,0.6,2000,800082,0.004263693997927476,kl_split,none,0.2956834003338013
2-2-4,none,mixture,0.6,2000,800082,0.004263693997927476,kl_crossfit,none,0.3221420587356746
2-2-4,none,mixture,0.6,2000,800082,0.004263693997927476,cf1_margin,none,0.49160947101903785
2-2-4,none,mixture,0.6,2000,800082,0.004263693997927476,slack_plugin,none,0.9832189420380757
2-2-4,none,mixture,0.6,2000,800082,0.004263693997927476,gm_battery,none,0.0
2-2-4,none,mixture,0.6,2000,800082,0.004263693997927476,gtest,none,108.17049072133455
2-2-4,none,mixture,0.6,2000,800083,0.004617350998159964,kl_plugin,none,0.29644834950307797
2-2-4,none,mixture,0.6,2000,800083,0.004617350998159964,kl_split,none,0.3362089002695097
2-2-4,none,mixture,0.6,2000,800083,0.004617350998159964,kl_crossfit,none,0.32651690442240966
2-2-4,none,mixture,0.6,2000,800083,0.004617350998159964,cf1_margin,none,0.49399033050931385
2-2-4,none,mixture,0.6,2000,800083,0.004617350998159964,slack_plugin,none,0.9879806610186279
2-2-4,none,mixture,0.6,2000,800083,0.004617350998159964,gm_battery,none,0.0
2-2-4,none,mixture,0.6,2000,800083,0.004617350998159964,gtest,none,94.03737904697789
2-2-4,none,mixture,0.6,2000,800084,0.004623262997483835,kl_plugin,none,0.3114879846319365
2-2-4,none,mixture,0.6,2000,800084,0.004623262997483835,kl_split,none,0.36327137561849837
2-2-4,none,mixture,0.6,2000,800084,0.004623262997483835,kl_crossfit,none,0.33541595101429844
2-2-4,none,mixture,0.6,2000,800084,0.004623262997483835,cf1_margin,none,0.49939123153310605
2-2-4,none,mixture,0.6,2000,800084,0.004623262997483835,slack_plugin,none,0.9987824630662123
2-2-4,none,mixture,0.6,2000,800084,0.004623262997483835,gm_battery,none,0.0
2-2-4,none,mixture,0.6,2000,800084,0.004623262997483835,gtest,none,82.44727975667449
2-2-4,none,mixture,0.6,2000,800085,0.004459241994481999,kl_plugin,none,0.30876780718339014
2-2-4,none,mixture,0.6,2000,800085,0.004459241994481999,kl_split,none,0.3556524342247065
2-2-4,none,mixture,0.6,2000,800085,0.004459241994481999,kl_crossfit,none,0.3299436425076228
2-2-4,none,mixture,0.6,2000,800085,0.004459241994481999,cf1_margin,none,0.499
2-2-4,none,mixture,0.6,2000,800085,0.004459241994481999,slack_plugin,none,0.9979999999999997
2-2-4,none,mixture,0.6,2000,800085,0.004459241994481999,gm_battery,none,0.0
2-2-4,none,mixture,0.6,2000,800085,0.004459241994481999,gtest,none,104.30042764281254
2-2-4,none,mixture,0.6,2000,800086,0.004367672001535539,kl_plugin,none,0.370936187660973
2-2-4,none,mixture,0.6,2000,800086,0.004367672001535539,kl_split,none,0.4159052272838381
2-2-4,none,mixture,0.6,2000,800086,0.004367672001535539,kl_crossfit,none,0.4004900454452027
2-2-4,none,mixture,0.6,2000,800086,0.004367672001535539,cf1_margin,none,0.5439602431187706
2-2-4,none,mixture,0.6,2000,800086,0.004367672001535539,slack_plugin,none,1.0879204862375411
2-2-4,none,mixture,0.6,2000,800086,0.004367672001535539,gm_battery,none,0.0
2-2-4,none,mixture,0.6,2000,800086,0.004367672001535539,gtest,none,67.42590931542514
2-2-4,none,mixture,0.6,2000,800087,0.004550054996798281,kl_plugin,none,0.34361708934329416
2-2-4,none,mixture,0.6,2000,800087,0.004550054996798281,kl_split,none,0.379880599998012
2-2-4,none,mixture,0.6,2000,800087,0.004550054996798281,kl_crossfit,none,0.3651758521137539
2-2-4,none,mixture,0.6,2000,800087,0.004550054996798281,cf1_margin,none,0.5250245358202967
2-2-4,none,mixture,0.6,2000,800087,0.004550054996798281,slack_plugin,none,1.0500490716405935
2-2-4,none,mixture,0.6,2000,800087,0.004550054996798281,gm_battery,none,0.0
2-2-4,none,mixture,0.6,2000,800087,0.004550054996798281,gtest,none,117.47072810946116
2-2-4,none,mixture,0.6,2000,800088,0.004781607996847015,kl_plugin,none,0.30327814430940314
2-2-4,none,mixture,0.6,2000,800088,0.004781607996847015,kl_split,none,0.3494815741778142
2-2-4,none,mixture,0.6,2000,800088,0.004781607996847015,kl_crossfit,none,0.3248330604805467
2-2-4,none,mixture,0.6,2000,800088,0.004781607996847015,cf1_margin,none,0.5064506450645063
2-2-4,none,mixture,0.6,2000,800088,0.004781607996847015,slack_plugin,none,1.012901290129013
2-2-4,none,mixture,0.6,2000,800088,0.004781607996847015,gm_battery,none,0.0
2-2-4,none,mixture,0.6,2000,800088,0.004781607996847015,gtest,none,118.21733011577372
2-2-4,none,mixture,0.6,2000,800089,0.005372798994358163,kl_plugin,none,0.3035013781832254
2-2-4,none,mixture,0.6,2000,800089,0.005372798994358163,kl_split,none,0.299813751564169
2-2-4,none,mixture,0.6,2000,800089,0.005372798994358163,kl_crossfit,none,0.32671782675791594
2-2-4,none,mixture,0.6,2000,800089,0.005372798994358163,cf1_margin,none,0.49799316084418277
2-2-4,none,mixture,0.6,2000,800089,0.005372798994358163,slack_plugin,none,0.9959863216883651
2-2-4,none,mixture,0.6,2000,800089,0.005372798994358163,gm_battery,none,0.0
2-2-4,none,mixture,0.6,2000,800089,0.005372798994358163,gtest,none,95.54207418700216
2-2-4,none,mixture,0.6,2000,800090,0.004419830002007075,kl_plugin,none,0.32097304857990855
2-2-4,none,mixture,0.6,2000,800090,0.004419830002007075,kl_split,none,0.3685094262366102
2-2-4,none,mixture,0.6,2000,800090,0.004419830002007075,kl_crossfit,none,0.33929353242266824
2-2-4,none,mixture,0.6,2000,800090,0.004419830002007075,cf1_margin,none,0.5089865808792279
2-2-4,none,mixture,0.6,2000,800090,0.004419830002007075,slack_plugin,none,1.017973161758456
2-2-4,none,mixture,0.6,2000,800090,0.004419830002007075,gm_battery,none,0.0
2-2-4,none,mixture,0.6,2000,800090,0.004419830002007075,gtest,none,128.3843101887142
2-2-4,none,mixture,0.6,2000,800091,0.00679009199666325,kl_plugin,none,0.2615749054947365
2-2-4,none,mixture,0.6,2000,800091,0.00679009199666325,kl_split,none,0.2903378015248188
2-2-4,none,mixture,0.6,2000,800091,0.00679009199666325,kl_crossfit,none,0.28020958641857285
2-2-4,none,mixture,0.6,2000,800091,0.00679009199666325,cf1_margin,none,0.46656743084253416
2-2-4,none,mixture,0.6,2000,800091,0.00679009199666325,slack_plugin,none,0.9331348616850684
2-2-4,none,mixture,0.6,2000,800091,0.00679009199666325,gm_battery,none,0.0
2-2-4,none,mixture,0.6,2000,800091,0.00679009199666325,gtest,none,148.7655686423699
2-2-4,none,mixture,0.6,2000,800092,0.008080152001639362,kl_plugin,none,0.2785010798882891
2-2-4,none,mixture,0.6,2000,800092,0.008080152001639362,kl_split,none,0.2942867855193649
2-2-4,none,mixture,0.6,2000,800092,0.008080152001639362,kl_crossfit,none,0.30516320599322677
2-2-4,none,mixture,0.6,2000,800092,0.008080152001639362,cf1_margin,none,0.48099848099848097
2-2-4,none,mixture,0.6,2000,800092,0.008080152001639362,slack_plugin,none,0.9619969619969617
2-2-4,none,mixture,0.6,2000,800092,0.008080152001639362,gm_battery,none,0.0
2-2-4,none,mixture,0.6,2000,800092,0.008080152001639362,gtest,none,108.88608510592127
2-2-4,none,mixture,0.6,2000,800093,0.004459629999473691,kl_plugin,none,0.33896541294021443
2-2-4,none,mixture,0.6,2000,800093,0.004459629999473691,kl_split,none,0.3658345429584295
2-2-4,none,mixture,0.6,2000,800093,0.004459629999473691,kl_crossfit,none,0.3508183343186165
2-2-4,none,mixture,0.6,2000,800093,0.004459629999473691,cf1_margin,none,0.521612115065923
2-2-4,none,mixture,0.6,2000,800093,0.004459629999473691,slack_plugin,none,1.0432242301318457
2-2-4,none,mixture,0.6,2000,800093,0.004459629999473691,gm_battery,none,0.0
2-2-4,none,mixture,0.6,2000,800093,0.004459629999473691,gtest,none,115.35599726135983
2-2-4,none,mixture,0.6,2000,800094,0.00636812299489975,kl_plugin,none,0.3180043654606501
2-2-4,none,mixture,0.6,2000,800094,0.00636812299489975,kl_split,none,0.3221590035770932
2-2-4,none,mixture,0.6,2000,800094,0.00636812299489975,kl_crossfit,none,0.3397017735418951
2-2-4,none,mixture,0.6,2000,800094,0.00636812299489975,cf1_margin,none,0.5104615233802569
2-2-4,none,mixture,0.6,2000,800094,0.00636812299489975,slack_plugin,none,1.020923046760514
2-2-4,none,mixture,0.6,2000,800094,0.00636812299489975,gm_battery,none,0.0
2-2-4,none,mixture,0.6,2000,800094,0.00636812299489975,gtest,none,71.11400306157736
2-2-4,none,mixture,0.6,2000,800095,0.004552201004116796,kl_plugin,none,0.29275329279969986
2-2-4,none,mixture,0.6,2000,800095,0.004552201004116796,kl_split,none,0.2821708426062854
2-2-4,none,mixture,0.6,2000,800095,0.004552201004116796,kl_crossfit,none,0.3133747311879127
2-2-4,none,mixture,0.6,2000,800095,0.004552201004116796,cf1_margin,none,0.49172049818027985
2-2-4,none,mixture,0.6,2000,800095,0.004552201004116796,slack_plugin,none,0.9834409963605595
2-2-4,none,mixture,0.6,2000,800095,0.004552201004116796,gm_battery,none,0.0
2-2-4,none,mixture,0.6,2000,800095,0.004552201004116796,gtest,none,121.73971749587741
2-2-4,none,mixture,0.6,2000,800096,0.0046052930047153495,kl_plugin,none,0.329217019038016
2-2-4,none,mixture,0.6,2000,800096,0.0046052930047153495,kl_split,none,0.38116275731871685
2-2-4,none,mixture,0.6,2000,800096,0.0046052930047153495,kl_crossfit,none,0.35411876121537533
2-2-4,none,mixture,0.6,2000,800096,0.0046052930047153495,cf1_margin,none,0.5159855159855159
2-2-4,none,mixture,0.6,2000,800096,0.0046052930047153495,slack_plugin,none,1.031971031971032
2-2-4,none,mixture,0.6,2000,800096,0.0046052930047153495,gm_battery,none,0.0
2-2-4,none,mixture,0.6,2000,800096,0.0046052930047153495,gtest,none,139.9437833281049
2-2-4,none,mixture,0.6,2000,800097,0.005661281997163314,kl_plugin,none,0.3074438753113927
2-2-4,none,mixture,0.6,2000,800097,0.005661281997163314,kl_split,none,0.3460174421451293
2-2-4,none,mixture,0.6,2000,800097,0.005661281997163314,kl_crossfit,none,0.3317252138349076
2-2-4,none,mixture,0.6,2000,800097,0.005661281997163314,cf1_margin,none,0.5155682490919855
2-2-4,none,mixture,0.6,2000,800097,0.005661281997163314,slack_plugin,none,1.031136498183971
2-2-4,none,mixture,0.6,2000,800097,0.005661281997163314,gm_battery,none,0.0
2-2-4,none,mixture,0.6,2000,800097,0.005661281997163314,gtest,none,99.75884530339943
2-2-4,none,mixture,0.6,2000,800098,0.004389205998450052,kl_plugin,none,0.34855822085880184
2-2-4,none,mixture,0.6,2000,800098,0.004389205998450052,kl_split,none,0.34007327446337826
2-2-4,none,mixture,0.6,2000,800098,0.004389205998450052,kl_crossfit,none,0.3696620181322024
2-2-4,none,mixture,0.6,2000,800098,0.004389205998450052,cf1_margin,none,0.529818915332142
2-2-4,none,mixture,0.6,2000,800098,0.004389205998450052,slack_plugin,none,1.0596378306642837
2-2-4,none,mixture,0.6,2000,800098,0.004389205998450052,gm_battery,none,0.0
2-2-4,none,mixture,0.6,2000,800098,0.004389205998450052,gtest,none,80.58829589016314
2-2-4,none,mixture,0.6,2000,800099,0.00438495900016278,kl_plugin,none,0.3476498490985479
2-2-4,none,mixture,0.6,2000,800099,0.00438495900016278,kl_split,none,0.3349353111918023
2-2-4,none,mixture,0.6,2000,800099,0.00438495900016278,kl_crossfit,none,0.36636575388068005
2-2-4,none,mixture,0.6,2000,800099,0.00438495900016278,cf1_margin,none,0.5371383197776691
2-2-4,none,mixture,0.6,2000,800099,0.00438495900016278,slack_plugin,none,1.0742766395553383
2-2-4,none,mixture,0.6,2000,800099,0.00438495900016278,gm_battery,none,0.0
2-2-4,none,mixture,0.6,2000,800099,0.00438495900016278,gtest,none,82.74953227271355
2-2-4,none,mixture,0.6,2000,800100,0.004908269002044108,kl_plugin,none,0.3134634579924933
2-2-4,none,mixture,0.6,2000,800100,0.004908269002044108,kl_split,none,0.3502287469273283
2-2-4,none,mixture,0.6,2000,800100,0.004908269002044108,kl_crossfit,none,0.3335292165945526
2-2-4,none,mixture,0.6,2000,800100,0.004908269002044108,cf1_margin,none,0.5002876797998749
2-2-4,none,mixture,0.6,2000,800100,0.004908269002044108,slack_plugin,none,1.0005753595997497
2-2-4,none,mixture,0.6,2000,800100,0.004908269002044108,gm_battery,none,0.0
2-2-4,none,mixture,0.6,2000,800100,0.004908269002044108,gtest,none,100.16679626572852
2-2-4,none,mixture,0.6,2000,800101,0.004296534003515262,kl_plugin,none,0.3061249887049056
2-2-4,none,mixture,0.6,2000,800101,0.004296534003515262,kl_split,none,0.30863660291342976
2-2-4,none,mixture,0.6,2000,800101,0.004296534003515262,kl_crossfit,none,0.3258389402328524
2-2-4,none,mixture,0.6,2000,800101,0.004296534003515262,cf1_margin,none,0.4983320972938241
2-2-4,none,mixture,0.6,2000,800101,0.004296534003515262,slack_plugin,none,0.9966641945876482
2-2-4,none,mixture,0.6,2000,800101,0.004296534003515262,gm_battery,none,0.0
2-2-4,none,mixture,0.6,2000,800101,0.004296534003515262,gtest,none,61.17440886820277
2-2-4,none,mixture,0.6,2000,800102,0.004394358998979442,kl_plugin,none,0.32416241630187936
2-2-4,none,mixture,0.6,2000,800102,0.004394358998979442,kl_split,none,0.373012817260676
2-2-4,none,mixture,0.6,2000,800102,0.004394358998979442,kl_crossfit,none,0.34113797544706687
2-2-4,none,mixture,0.6,2000,800102,0.004394358998979442,cf1_margin,none,0.5130745626142724
2-2-4,none,mixture,0.6,2000,800102,0.004394358998979442,slack_plugin,none,1.0261491252285453
2-2-4,none,mixture,0.6,2000,800102,0.004394358998979442,gm_battery,none,0.0
2-2-4,none,mixture,0.6,2000,800102,0.004394358998979442,gtest,none,78.46631890868562
2-2-4,none,mixture,0.6,2000,800103,0.004445669997949153,kl_plugin,none,0.3036469850047493
2-2-4,none,mixture,0.6,2000,800103,0.004445669997949153,kl_split,none,0.34253403644639646
2-2-4,none,mixture,0.6,2000,800103,0.004445669997949153,kl_crossfit,none,0.3304998076606929
2-2-4,none,mixture,0.6,2000,800103,0.004445669997949153,cf1_margin,none,0.4939693969396939
2-2-4,none,mixture,0.6,2000,800103,0.004445669997949153,slack_plugin,none,0.9879387938793882
2-2-4,none,mixture,0.6,2000,800103,0.004445669997949153,gm_battery,none,0.0
2-2-4,none,mixture,0.6,2000,800103,0.004445669997949153,gtest,none,125.12896401049167
2-2-4,none,mixture,0.6,2000,800104,0.006999130993790459,kl_plugin,none,0.30269894569767086
2-2-4,none,mixture,0.6,2000,800104,0.006999130993790459,kl_split,none,0.3437244802408227
2-2-4,none,mixture,0.6,2000,800104,0.006999130993790459,kl_crossfit,none,0.3307259806013429
2-2-4,none,mixture,0.6,2000,800104,0.006999130993790459,cf1_margin,none,0.503875255582809
2-2-4,none,mixture,0.6,2000,800104,0.006999130993790459,slack_plugin,none,1.0077505111656175
2-2-4,none,mixture,0.6,2000,800104,0.006999130993790459,gm_battery,none,0.0
2-2-4,none,mixture,0.6,2000,800104,0.006999130993790459,gtest,none,122.15409376001745
2-2-4,none,mixture,0.6,2000,800105,0.004406164000101853,kl_plugin,none,0.33430461153476587
2-2-4,none,mixture,0.6,2000,800105,0.004406164000101853,kl_split,none,0.35376008877248705
2-2-4,none,mixture,0.6,2000,800105,0.004406164000101853,kl_crossfit,none,0.3602724774151631
2-2-4,none,mixture,0.6,2000,800105,0.004406164000101853,cf1_margin,none,0.5241675241675242
2-2-4,none,mixture,0.6,2000,800105,0.004406164000101853,slack_plugin,none,1.0483350483350482
2-2-4,none,mixture,0.6,2000,800105,0.004406164000101853,gm_battery,none,0.0
2-2-4,none,mixture,0.6,2000,800105,0.004406164000101853,gtest,none,85.52888029821418
2-2-4,none,mixture,0.6,2000,800106,0.004367045003164094,kl_plugin,none,0.3171090416751513
2-2-4,none,mixture,0.6,2000,800106,0.004367045003164094,kl_split,none,0.3585558308818627
2-2-4,none,mixture,0.6,2000,800106,0.004367045003164094,kl_crossfit,none,0.34374194684670906
2-2-4,none,mixture,0.6,2000,800106,0.004367045003164094,cf1_margin,none,0.5134317366803278
2-2-4,none,mixture,0.6,2000,800106,0.004367045003164094,slack_plugin,none,1.0268634733606556
2-2-4,none,mixture,0.6,2000,800106,0.004367045003164094,gm_battery,none,0.0
2-2-4,none,mixture,0.6,2000,800106,0.004367045003164094,gtest,none,65.21095825740883
2-2-4,none,mixture,0.6,2000,800107,0.0048509229964111,kl_plugin,none,0.28767622008244964
2-2-4,none,mixture,0.6,2000,800107,0.0048509229964111,kl_split,none,0.3149085295689053
2-2-4,none,mixture,0.6,2000,800107,0.0048509229964111,kl_crossfit,none,0.3060796051945983
2-2-4,none,mixture,0.6,2000,800107,0.0048509229964111,cf1_margin,none,0.48723387445984856
2-2-4,none,mixture,0.6,2000,800107,0.0048509229964111,slack_plugin,none,0.9744677489196971
2-2-4,none,mixture,0.6,2000,800107,0.0048509229964111,gm_battery,none,0.0
2-2-4,none,mixture,0.6,2000,800107,0.0048509229964111,gtest,none,107.19537771434602
2-2-4,none,mixture,0.6,2000,800108,0.006214747001649812,kl_plugin,none,0.3142635724828756
2-2-4,none,mixture,0.6,2000,800108,0.006214747001649812,kl_split,none,0.3435912179447419
2-2-4,none,mixture,0.6,2000,800108,0.006214747001649812,kl_crossfit,none,0.3314654410547199
2-2-4,none,mixture,0.6,2000,800108,0.006214747001649812,cf1_margin,none,0.5027717245096852
2-2-4,none,mixture,0.6,2000,800108,0.006214747001649812,slack_plugin,none,1.0055434490193704
2-2-4,none,mixture,0.6,2000,800108,0.006214747001649812,gm_battery,none,0.0
2-2-4,none,mixture,0.6,2000,800108,0.006214747001649812,gtest,none,143.0548454786416
2-2-4,none,mixture,0.6,2000,800109,0.004372438001155388,kl_plugin,none,0.259676070028407
2-2-4,none,mixture,0.6,2000,800109,0.004372438001155388,kl_split,none,0.3044055697932017
2-2-4,none,mixture,0.6,2000,800109,0.004372438001155388,kl_crossfit,none,0.2768103150851172
2-2-4,none,mixture,0.6,2000,800109,0.004372438001155388,cf1_margin,none,0.46177180821029107
2-2-4,none,mixture,0.6,2000,800109,0.004372438001155388,slack_plugin,none,0.9235436164205824
2-2-4,none,mixture,0.6,2000,800109,0.004372438001155388,gm_battery,none,0.0
2-2-4,none,mixture,0.6,2000,800109,0.004372438001155388,gtest,none,115.28695580709274
2-2-4,none,mixture,0.6,2000,800110,0.004510482001933269,kl_plugin,none,0.29334012686756916
2-2-4,none,mixture,0.6,2000,800110,0.004510482001933269,kl_split,none,0.333246014526534
2-2-4,none,mixture,0.6,2000,800110,0.004510482001933269,kl_crossfit,none,0.3202768177965357
2-2-4,none,mixture,0.6,2000,800110,0.004510482001933269,cf1_margin,none,0.49054663871597515
2-2-4,none,mixture,0.6,2000,800110,0.004510482001933269,slack_plugin,none,0.98109327743195
2-2-4,none,mixture,0.6,2000,800110,0.004510482001933269,gm_battery,none,0.0
2-2-4,none,mixture,0.6,2000,800110,0.004510482001933269,gtest,none,110.8607112007947
2-2-4,none,mixture,0.6,2000,800111,0.004924909000692423,kl_plugin,none,0.33439025178768245
2-2-4,none,mixture,0.6,2000,800111,0.004924909000692423,kl_split,none,0.38140898864086137
2-2-4,none,mixture,0.6,2000,800111,0.004924909000692423,kl_crossfit,none,0.35182236538199163
2-2-4,none,mixture,0.6,2000,800111,0.004924909000692423,cf1_margin,none,0.5199519951995198
2-2-4,none,mixture,0.6,2000,800111,0.004924909000692423,slack_plugin,none,1.03990399039904
2-2-4,none,mixture,0.6,2000,800111,0.004924909000692423,gm_battery,none,0.0
2-2-4,none,mixture,0.6,2000,800111,0.004924909000692423,gtest,none,69.28793274891882
2-2-4,none,mixture,0.6,2000,800112,0.004725469996628817,kl_plugin,none,0.38119562315850264
2-2-4,none,mixture,0.6,2000,800112,0.004725469996628817,kl_split,none,0.41648445981148163
2-2-4,none,mixture,0.6,2000,800112,0.004725469996628817,kl_crossfit,none,0.401496768254916
2-2-4,none,mixture,0.6,2000,800112,0.004725469996628817,cf1_margin,none,0.5582554673213257
2-2-4,none,mixture,0.6,2000,800112,0.004725469996628817,slack_plugin,none,1.1165109346426514
2-2-4,none,mixture,0.6,2000,800112,0.004725469996628817,gm_battery,none,0.0
2-2-4,none,mixture,0.6,2000,800112,0.004725469996628817,gtest,none,101.19100390616359
2-2-4,none,mixture,0.6,2000,800113,0.004746880993479863,kl_plugin,none,0.292004645006422
2-2-4,none,mixture,0.6,2000,800113,0.004746880993479863,kl_split,none,0.3312093580197896
2-2-4,none,mixture,0.6,2000,800113,0.004746880993479863,kl_crossfit,none,0.32035795367486464
2-2-4,none,mixture,0.6,2000,800113,0.004746880993479863,cf1_margin,none,0.493991493991494
2-2-4,none,mixture,0.6,2000,800113,0.004746880993479863,slack_plugin,none,0.987982987982988
2-2-4,none,mixture,0.6,2000,800113,0.004746880993479863,gm_battery,none,0.0
2-2-4,none,mixture,0.6,2000,800113,0.004746880993479863,gtest,none,144.1516869533624
2-2-4,none,mixture,0.6,2000,800114,0.004682984996179584,kl_plugin,none,0.3092086012728248
2-2-4,none,mixture,0.6,2000,800114,0.004682984996179584,kl_split,none,0.35985830704935334
2-2-4,none,mixture,0.6,2000,800114,0.004682984996179584,kl_crossfit,none,0.32691792776908757
2-2-4,none,mixture,0.6,2000,800114,0.004682984996179584,cf1_margin,none,0.5080384177894551
2-2-4,none,mixture,0.6,2000,800114,0.004682984996179584,slack_plugin,none,1.0160768355789103
2-2-4,none,mixture,0.6,2000,800114,0.004682984996179584,gm_battery,none,0.0
2-2-4,none,mixture,0.6,2000,800114,0.004682984996179584,gtest,none,111.59372274124222
2-2-4,none,mixture,0.6,2000,800115,0.004323536995798349,kl_plugin,none,0.31567575888869737
2-2-4,none,mixture,0.6,2000,800115,0.004323536995798349,kl_split,none,0.3487088073821134
2-2-4,none,mixture,0.6,2000,800115,0.004323536995798349,kl_crossfit,none,0.3351942960977816
2-2-4,none,mixture,0.6,2000,800115,0.004323536995798349,cf1_margin,none,0.5021926776068862
2-2-4,none,mixture,0.6,2000,800115,0.004323536995798349,slack_plugin,none,1.0043853552137723
2-2-4,none,mixture,0.6,2000,800115,0.004323536995798349,gm_battery,none,0.0
2-2-4,none,mixture,0.6,2000,800115,0.004323536995798349,gtest,none,100.18501796970972
2-2-4,none,mixture,0.6,2000,800116,0.004900132000329904,kl_plugin,none,0.28001410699163976
2-2-4,none,mixture,0.6,2000,800116,0.004900132000329904,kl_split,none,0.3300022861723714
2-2-4,none,mixture,0.6,2000,800116,0.004900132000329904,kl_crossfit,none,0.3006257021101677
2-2-4,none,mixture,0.6,2000,800116,0.004900132000329904,cf1_margin,none,0.4779339117356469
2-2-4,none,mixture,0.6,2000,800116,0.004900132000329904,slack_plugin,none,0.9558678234712938
2-2-4,none,mixture,0.6,2000,800116,0.004900132000329904,gm_battery,none,0.0
2-2-4,none,mixture,0.6,2000,800116,0.004900132000329904,gtest,none,81.12726829860573
2-2-4,none,mixture,0.6,2000,800117,0.006533234998642001,kl_plugin,none,0.31113099991429377
2-2-4,none,mixture,0.6,2000,800117,0.006533234998642001,kl_split,none,0.3690133489827246
2-2-4,none,mixture,0.6,2000,800117,0.006533234998642001,kl_crossfit,none,0.3365078356390163
2-2-4,none,mixture,0.6,2000,800117,0.006533234998642001,cf1_margin,none,0.49959935897435903
2-2-4,none,mixture,0.6,2000,800117,0.006533234998642001,slack_plugin,none,0.9991987179487176
2-2-4,none,mixture,0.6,2000,800117,0.006533234998642001,gm_battery,none,0.0
2-2-4,none,mixture,0.6,2000,800117,0.006533234998642001,gtest,none,95.63117751359351
2-2-4,none,mixture,0.6,2000,800118,0.005280779005261138,kl_plugin,none,0.31316487576756374
2-2-4,none,mixture,0.6,2000,800118,0.005280779005261138,kl_split,none,0.3331958396131225
2-2-4,none,mixture,0.6,2000,800118,0.005280779005261138,kl_crossfit,none,0.3436470960906165
2-2-4,none,mixture,0.6,2000,800118,0.005280779005261138,cf1_margin,none,0.5059405039451668
2-2-4,none,mixture,0.6,2000,800118,0.005280779005261138,slack_plugin,none,1.0118810078903335
2-2-4,none,mixture,0.6,2000,800118,0.005280779005261138,gm_battery,none,0.0
2-2-4,none,mixture,0.6,2000,800118,0.005280779005261138,gtest,none,65.2634394881732
2-2-4,none,mixture,0.6,2000,800119,0.004513488995144144,kl_plugin,none,0.29453113488214244
2-2-4,none,mixture,0.6,2000,800119,0.004513488995144144,kl_split,none,0.33550067652610793
2-2-4,none,mixture,0.6,2000,800119,0.004513488995144144,kl_crossfit,none,0.32204741571508194
2-2-4,none,mixture,0.6,2000,800119,0.004513488995144144,cf1_margin,none,0.4838994203791337
2-2-4,none,mixture,0.6,2000,800119,0.004513488995144144,slack_plugin,none,0.9677988407582673
2-2-4,none,mixture,0.6,2000,800119,0.004513488995144144,gm_battery,none,0.0
2-2-4,none,mixture,0.6,2000,800119,0.004513488995144144,gtest,none,82.05963417500485
2-2-4,none,mixture,0.6,2000,800120,0.004331412004830781,kl_plugin,none,0.3520529967860503
2-2-4,none,mixture,0.6,2000,800120,0.004331412004830781,kl_split,none,0.40313374163384574
2-2-4,none,mixture,0.6,2000,800120,0.004331412004830781,kl_crossfit,none,0.3716711521806247
2-2-4,none,mixture,0.6,2000,800120,0.004331412004830781,cf1_margin,none,0.5291276903186555
2-2-4,none,mixture,0.6,2000,800120,0.004331412004830781,slack_plugin,none,1.0582553806373105
2-2-4,none,mixture,0.6,2000,800120,0.004331412004830781,gm_battery,none,0.0
2-2-4,none,mixture,0.6,2000,800120,0.004331412004830781,gtest,none,120.33830381238006
2-2-4,none,mixture,0.6,2000,800121,0.004944792999594938,kl_plugin,none,0.304203833633942
2-2-4,none,mixture,0.6,2000,800121,0.004944792999594938,kl_split,none,0.31751554710396823
2-2-4,none,mixture,0.6,2000,800121,0.004944792999594938,kl_crossfit,none,0.33405667729540045
2-2-4,none,mixture,0.6,2000,800121,0.004944792999594938,cf1_margin,none,0.49604149604149606
2-2-4,none,mixture,0.6,2000,800121,0.004944792999594938,slack_plugin,none,0.9920829920829921
2-2-4,none,mixture,0.6,2000,800121,0.004944792999594938,gm_battery,none,0.0
2-2-4,none,mixture,0.6,2000,800121,0.004944792999594938,gtest,none,67.33143429487757
2-2-4,none,mixture,0.6,2000,800122,0.004701451005530544,kl_plugin,none,0.3230596660504651
2-2-4,none,mixture,0.6,2000,800122,0.004701451005530544,kl_split,none,0.325158367938466
2-2-4,none,mixture,0.6,2000,800122,0.004701451005530544,kl_crossfit,none,0.34399542472818057
2-2-4,none,mixture,0.6,2000,800122,0.004701451005530544,cf1_margin,none,0.5260029404955546
2-2-4,none,mixture,0.6,2000,800122,0.004701451005530544,slack_plugin,none,1.0520058809911093
2-2-4,none,mixture,0.6,2000,800122,0.004701451005530544,gm_battery,none,0.0
2-2-4,none,mixture,0.6,2000,800122,0.004701451005530544,gtest,none,111.13326569335948
2-2-4,none,mixture,0.6,2000,800123,0.0043750740005634725,kl_plugin,none,0.3347065753557872
2-2-4,none,mixture,0.6,2000,800123,0.0043750740005634725,kl_split,none,0.39188129491734225
2-2-4,none,mixture,0.6,2000,800123,0.0043750740005634725,kl_crossfit,none,0.36027301297447245
2-2-4,none,mixture,0.6,2000,800123,0.0043750740005634725,cf1_margin,none,0.5199347176498355
2-2-4,none,mixture,0.6,2000,800123,0.0043750740005634725,slack_plugin,none,1.039869435299671
2-2-4,none,mixture,0.6,2000,800123,0.0043750740005634725,gm_battery,none,0.0
2-2-4,none,mixture,0.6,2000,800123,0.0043750740005634725,gtest,none,92.84529297425408
2-2-4,none,mixture,0.6,2000,800124,0.005345193996618036,kl_plugin,none,0.31800189375608434
2-2-4,none,mixture,0.6,2000,800124,0.005345193996618036,kl_split,none,0.3674952496391489
2-2-4,none,mixture,0.6,2000,800124,0.005345193996618036,kl_crossfit,none,0.34004123089048344
2-2-4,none,mixture,0.6,2000,800124,0.005345193996618036,cf1_margin,none,0.50510099979596
2-2-4,none,mixture,0.6,2000,800124,0.005345193996618036,slack_plugin,none,1.0102019995919203
2-2-4,none,mixture,0.6,2000,800124,0.005345193996618036,gm_battery,none,0.0
2-2-4,none,mixture,0.6,2000,800124,0.005345193996618036,gtest,none,85.85807557098381
2-2-4,none,mixture,0.6,2000,800125,0.004411444999277592,kl_plugin,none,0.30719855606988977
2-2-4,none,mixture,0.6,2000,800125,0.004411444999277592,kl_split,none,0.3287721113690273
2-2-4,none,mixture,0.6,2000,800125,0.004411444999277592,kl_crossfit,none,0.33870921271337795
2-2-4,none,mixture,0.6,2000,800125,0.004411444999277592,cf1_margin,none,0.4980074820673386
2-2-4,none,mixture,0.6,2000,800125,0.004411444999277592,slack_plugin,none,0.9960149641346772
2-2-4,none,mixture,0.6,2000,800125,0.004411444999277592,gm_battery,none,0.0
2-2-4,none,mixture,0.6,2000,800125,0.004411444999277592,gtest,none,87.55929547336905
2-2-4,none,mixture,0.6,2000,800126,0.004679518002376426,kl_plugin,none,0.3467393932565133
2-2-4,none,mixture,0.6,2000,800126,0.004679518002376426,kl_split,none,0.3871175558952259
2-2-4,none,mixture,0.6,2000,800126,0.004679518002376426,kl_crossfit,none,0.3750867091997375
2-2-4,none,mixture,0.6,2000,800126,0.004679518002376426,cf1_margin,none,0.5331829573934836
2-2-4,none,mixture,0.6,2000,800126,0.004679518002376426,slack_plugin,none,1.0663659147869675
2-2-4,none,mixture,0.6,2000,800126,0.004679518002376426,gm_battery,none,0.0
2-2-4,none,mixture,0.6,2000,800126,0.004679518002376426,gtest,none,88.30659702453073
2-2-4,none,mixture,0.6,2000,800127,0.004458632996829692,kl_plugin,none,0.29059648011433076
2-2-4,none,mixture,0.6,2000,800127,0.004458632996829692,kl_split,none,0.2840768638349571
2-2-4,none,mixture,0.6,2000,800127,0.004458632996829692,kl_crossfit,none,0.31314227305848
2-2-4,none,mixture,0.6,2000,800127,0.004458632996829692,cf1_margin,none,0.4811735408030847
2-2-4,none,mixture,0.6,2000,800127,0.004458632996829692,slack_plugin,none,0.9623470816061697
2-2-4,none,mixture,0.6,2000,800127,0.004458632996829692,gm_battery,none,0.0
2-2-4,none,mixture,0.6,2000,800127,0.004458632996829692,gtest,none,95.87255439674155
2-2-4,none,mixture,0.6,2000,800128,0.0055327759982901625,kl_plugin,none,0.26848219296877907
2-2-4,none,mixture,0.6,2000,800128,0.0055327759982901625,kl_split,none,0.2982478202171147
2-2-4,none,mixture,0.6,2000,800128,0.0055327759982901625,kl_crossfit,none,0.2838353587803524
2-2-4,none,mixture,0.6,2000,800128,0.0055327759982901625,cf1_margin,none,0.46844068132244
2-2-4,none,mixture,0.6,2000,800128,0.0055327759982901625,slack_plugin,none,0.9368813626448801
2-2-4,none,mixture,0.6,2000,800128,0.0055327759982901625,gm_battery,none,0.0
2-2-4,none,mixture,0.6,2000,800128,0.0055327759982901625,gtest,none,133.61241232522343
2-2-4,none,mixture,0.6,2000,800129,0.004602417997375596,kl_plugin,none,0.337300715292298
2-2-4,none,mixture,0.6,2000,800129,0.004602417997375596,kl_split,none,0.38804169044228265
2-2-4,none,mixture,0.6,2000,800129,0.004602417997375596,kl_crossfit,none,0.35907235541241656
2-2-4,none,mixture,0.6,2000,800129,0.004602417997375596,cf1_margin,none,0.5208435213325453
2-2-4,none,mixture,0.6,2000,800129,0.004602417997375596,slack_plugin,none,1.0416870426650904
2-2-4,none,mixture,0.6,2000,800129,0.004602417997375596,gm_battery,none,0.0
2-2-4,none,mixture,0.6,2000,800129,0.004602417997375596,gtest,none,97.73561059219824
2-2-4,none,mixture,0.6,2000,800130,0.005213765005464666,kl_plugin,none,0.34598861766860944
2-2-4,none,mixture,0.6,2000,800130,0.005213765005464666,kl_split,none,0.3950168702192726
2-2-4,none,mixture,0.6,2000,800130,0.005213765005464666,kl_crossfit,none,0.3625157254170398
2-2-4,none,mixture,0.6,2000,800130,0.005213765005464666,cf1_margin,none,0.5301970870951356
2-2-4,none,mixture,0.6,2000,800130,0.005213765005464666,slack_plugin,none,1.0603941741902707
2-2-4,none,mixture,0.6,2000,800130,0.005213765005464666,gm_battery,none,0.0
2-2-4,none,mixture,0.6,2000,800130,0.005213765005464666,gtest,none,102.77742760444914
2-2-4,none,mixture,0.6,2000,800131,0.004715376002423,kl_plugin,none,0.3239763932425682
2-2-4,none,mixture,0.6,2000,800131,0.004715376002423,kl_split,none,0.36181270542466515
2-2-4,none,mixture,0.6,2000,800131,0.004715376002423,kl_crossfit,none,0.3482167162986741
2-2-4,none,mixture,0.6,2000,800131,0.004715376002423,cf1_margin,none,0.5130803308801459
2-2-4,none,mixture,0.6,2000,800131,0.004715376002423,slack_plugin,none,1.0261606617602919
2-2-4,none,mixture,0.6,2000,800131,0.004715376002423,gm_battery,none,0.0
2-2-4,none,mixture,0.6,2000,800131,0.004715376002423,gtest,none,79.8767935617054
2-2-4,none,mixture,0.6,2000,800132,0.004646417000913061,kl_plugin,none,0.26615548841027814
2-2-4,none,mixture,0.6,2000,800132,0.004646417000913061,kl_split,none,0.32219339572392713
2-2-4,none,mixture,0.6,2000,800132,0.004646417000913061,kl_crossfit,none,0.29280163981803353
2-2-4,none,mixture,0.6,2000,800132,0.004646417000913061,cf1_margin,none,0.4678204250857414
2-2-4,none,mixture,0.6,2000,800132,0.004646417000913061,slack_plugin,none,0.9356408501714828
2-2-4,none,mixture,0.6,2000,800132,0.004646417000913061,gm_battery,none,0.0
2-2-4,none,mixture,0.6,2000,800132,0.004646417000913061,gtest,none,112.08240338090798
2-2-4,none,mixture,0.6,2000,800133,0.0070829809992574155,kl_plugin,none,0.3235950387849601
2-2-4,none,mixture,0.6,2000,800133,0.0070829809992574155,kl_split,none,0.3161637713661541
2-2-4,none,mixture,0.6,2000,800133,0.0070829809992574155,kl_crossfit,none,0.3448727758374668
2-2-4,none,mixture,0.6,2000,800133,0.0070829809992574155,cf1_margin,none,0.5192068215348453
2-2-4,none,mixture,0.6,2000,800133,0.0070829809992574155,slack_plugin,none,1.0384136430696906
2-2-4,none,mixture,0.6,2000,800133,0.0070829809992574155,gm_battery,none,0.0
2-2-4,none,mixture,0.6,2000,800133,0.0070829809992574155,gtest,none,98.87247158521063
2-2-4,none,mixture,0.6,2000,800134,0.005856347001099493,kl_plugin,none,0.3311417664737645
2-2-4,none,mixture,0.6,2000,800134,0.005856347001099493,kl_split,none,0.3346532951598929
2-2-4,none,mixture,0.6,2000,800134,0.005856347001099493,kl_crossfit,none,0.35204353559062174
2-2-4,none,mixture,0.6,2000,800134,0.005856347001099493,cf1_margin,none,0.5312472800505021
2-2-4,none,mixture,0.6,2000,800134,0.005856347001099493,slack_plugin,none,1.0624945601010047
2-2-4,none,mixture,0.6,2000,800134,0.005856347001099493,gm_battery,none,0.0
2-2-4,none,mixture,0.6,2000,800134,0.005856347001099493,gtest,none,115.56644739504495
2-2-4,none,mixture,0.6,2000,800135,0.004421989004185889,kl_plugin,none,0.33314314854528815
2-2-4,none,mixture,0.6,2000,800135,0.004421989004185889,kl_split,none,0.3330406375963557
2-2-4,none,mixture,0.6,2000,800135,0.004421989004185889,kl_crossfit,none,0.35165850363127793
2-2-4,none,mixture,0.6,2000,800135,0.004421989004185889,cf1_margin,none,0.5277121833589877
2-2-4,none,mixture,0.6,2000,800135,0.004421989004185889,slack_plugin,none,1.0554243667179755
2-2-4,none,mixture,0.6,2000,800135,0.004421989004185889,gm_battery,none,0.0
2-2-4,none,mixture,0.6,2000,800135,0.004421989004185889,gtest,none,98.11110373382402
2-2-4,none,mixture,0.6,2000,800136,0.004518624999036547,kl_plugin,none,0.32897859915452077
2-2-4,none,mixture,0.6,2000,800136,0.004518624999036547,kl_split,none,0.3780991118189198
2-2-4,none,mixture,0.6,2000,800136,0.004518624999036547,kl_crossfit,none,0.34547692218584913
2-2-4,none,mixture,0.6,2000,800136,0.004518624999036547,cf1_margin,none,0.5198572708653353
2-2-4,none,mixture,0.6,2000,800136,0.004518624999036547,slack_plugin,none,1.0397145417306706
2-2-4,none,mixture,0.6,2000,800136,0.004518624999036547,gm_battery,none,0.0
2-2-4,none,mixture,0.6,2000,800136,0.004518624999036547,gtest,none,97.74978964035517
2-2-4,none,mixture,0.6,2000,800137,0.004283895999833476,kl_plugin,none,0.3566035985489816
2-2-4,none,mixture,0.6,2000,800137,0.004283895999833476,kl_split,none,0.4028025383286476
2-2-4,none,mixture,0.6,2000,800137,0.004283895999833476,kl_crossfit,none,0.3859650762196286
2-2-4,none,mixture,0.6,2000,800137,0.004283895999833476,cf1_margin,none,0.5417581846041823
2-2-4,none,mixture,0.6,2000,800137,0.004283895999833476,slack_plugin,none,1.0835163692083647
2-2-4,none,mixture,0.6,2000,800137,0.004283895999833476,gm_battery,none,0.0
2-2-4,none,mixture,0.6,2000,800137,0.004283895999833476,gtest,none,121.6062930744448
2-2-4,none,mixture,0.6,2000,800138,0.004267864002031274,kl_plugin,none,0.3669172041928034
2-2-4,none,mixture,0.6,2000,800138,0.004267864002031274,kl_split,none,0.39000865289808506
2-2-4,none,mixture,0.6,2000,800138,0.004267864002031274,kl_crossfit,none,0.3781666272022872
2-2-4,none,mixture,0.6,2000,800138,0.004267864002031274,cf1_margin,none,0.5422038313991895
2-2-4,none,mixture,0.6,2000,800138,0.004267864002031274,slack_plugin,none,1.0844076627983787
2-2-4,none,mixture,0.6,2000,800138,0.004267864002031274,gm_battery,none,0.0
2-2-4,none,mixture,0.6,2000,800138,0.004267864002031274,gtest,none,117.43408165320164
2-2-4,none,mixture,0.6,2000,800139,0.004465684003662318,kl_plugin,none,0.33206914957939937
2-2-4,none,mixture,0.6,2000,800139,0.004465684003662318,kl_split,none,0.38605710652742226
2-2-4,none,mixture,0.6,2000,800139,0.004465684003662318,kl_crossfit,none,0.3521840118532823
2-2-4,none,mixture,0.6,2000,800139,0.004465684003662318,cf1_margin,none,0.514886143604679
2-2-4,none,mixture,0.6,2000,800139,0.004465684003662318,slack_plugin,none,1.0297722872093584
2-2-4,none,mixture,0.6,2000,800139,0.004465684003662318,gm_battery,none,0.0
2-2-4,none,mixture,0.6,2000,800139,0.004465684003662318,gtest,none,128.85408001472229
2-2-4,none,mixture,0.6,2000,800140,0.004577303996484261,kl_plugin,none,0.3208359856857554
2-2-4,none,mixture,0.6,2000,800140,0.004577303996484261,kl_split,none,0.31713221780586964
2-2-4,none,mixture,0.6,2000,800140,0.004577303996484261,kl_crossfit,none,0.34144936456218156
2-2-4,none,mixture,0.6,2000,800140,0.004577303996484261,cf1_margin,none,0.5114514352925645
2-2-4,none,mixture,0.6,2000,800140,0.004577303996484261,slack_plugin,none,1.0229028705851286
2-2-4,none,mixture,0.6,2000,800140,0.004577303996484261,gm_battery,none,0.0
2-2-4,none,mixture,0.6,2000,800140,0.004577303996484261,gtest,none,128.3767350190034
2-2-4,none,mixture,0.6,2000,800141,0.004298381994885858,kl_plugin,none,0.35553071638268635
2-2-4,none,mixture,0.6,2000,800141,0.004298381994885858,kl_split,none,0.3653462491989927
2-2-4,none,mixture,0.6,2000,800141,0.004298381994885858,kl_crossfit,none,0.37540606974807683
2-2-4,none,mixture,0.6,2000,800141,0.004298381994885858,cf1_margin,none,0.5399483437398129
2-2-4,none,mixture,0.6,2000,800141,0.004298381994885858,slack_plugin,none,1.0798966874796254
2-2-4,none,mixture,0.6,2000,800141,0.004298381994885858,gm_battery,none,0.0
2-2-4,none,mixture,0.6,2000,800141,0.004298381994885858,gtest,none,76.74678404707063
2-2-4,none,mixture,0.6,2000,800142,0.004364729000371881,kl_plugin,none,0.30762918114426013
2-2-4,none,mixture,0.6,2000,800142,0.004364729000371881,kl_split,none,0.3156270257900117
2-2-4,none,mixture,0.6,2000,800142,0.004364729000371881,kl_crossfit,none,0.3247791414924592
2-2-4,none,mixture,0.6,2000,800142,0.004364729000371881,cf1_margin,none,0.5026775669391734
2-2-4,none,mixture,0.6,2000,800142,0.004364729000371881,slack_plugin,none,1.005355133878347
2-2-4,none,mixture,0.6,2000,800142,0.004364729000371881,gm_battery,none,0.0
2-2-4,none,mixture,0.6,2000,800142,0.004364729000371881,gtest,none,93.90109649706483
2-2-4,none,mixture,0.6,2000,800143,0.004278977001376916,kl_plugin,none,0.2852304268649927
2-2-4,none,mixture,0.6,2000,800143,0.004278977001376916,kl_split,none,0.33927964017836687
2-2-4,none,mixture,0.6,2000,800143,0.004278977001376916,kl_crossfit,none,0.31017036720656316
2-2-4,none,mixture,0.6,2000,800143,0.004278977001376916,cf1_margin,none,0.48793805639319054
2-2-4,none,mixture,0.6,2000,800143,0.004278977001376916,slack_plugin,none,0.9758761127863813
2-2-4,none,mixture,0.6,2000,800143,0.004278977001376916,gm_battery,none,0.0
2-2-4,none,mixture,0.6,2000,800143,0.004278977001376916,gtest,none,86.4132492383261
2-2-4,none,mixture,0.6,2000,800144,0.004532353996182792,kl_plugin,none,0.2715801752929678
2-2-4,none,mixture,0.6,2000,800144,0.004532353996182792,kl_split,none,0.2690508292582918
2-2-4,none,mixture,0.6,2000,800144,0.004532353996182792,kl_crossfit,none,0.29215090243685593
2-2-4,none,mixture,0.6,2000,800144,0.004532353996182792,cf1_margin,none,0.4733973451849599
2-2-4,none,mixture,0.6,2000,800144,0.004532353996182792,slack_plugin,none,0.94679469036992
2-2-4,none,mixture,0.6,2000,800144,0.004532353996182792,gm_battery,none,0.0
2-2-4,none,mixture,0.6,2000,800144,0.004532353996182792,gtest,none,96.99651121862351
2-2-4,none,mixture,0.6,2000,800145,0.004508433004957624,kl_plugin,none,0.3280874502006801
2-2-4,none,mixture,0.6,2000,800145,0.004508433004957624,kl_split,none,0.3661026587141064
2-2-4,none,mixture,0.6,2000,800145,0.004508433004957624,kl_crossfit,none,0.3504750858064308
2-2-4,none,mixture,0.6,2000,800145,0.004508433004957624,cf1_margin,none,0.5168173685411338
2-2-4,none,mixture,0.6,2000,800145,0.004508433004957624,slack_plugin,none,1.0336347370822676
2-2-4,none,mixture,0.6,2000,800145,0.004508433004957624,gm_battery,none,0.0
2-2-4,none,mixture,0.6,2000,800145,0.004508433004957624,gtest,none,88.33633266625864
2-2-4,none,mixture,0.6,2000,800146,0.004929277994961012,kl_plugin,none,0.3211659482311311
2-2-4,none,mixture,0.6,2000,800146,0.004929277994961012,kl_split,none,0.37622726238100435
2-2-4,none,mixture,0.6,2000,800146,0.004929277994961012,kl_crossfit,none,0.34594123442539726
2-2-4,none,mixture,0.6,2000,800146,0.004929277994961012,cf1_margin,none,0.518530666776001
2-2-4,none,mixture,0.6,2000,800146,0.004929277994961012,slack_plugin,none,1.0370613335520016
2-2-4,none,mixture,0.6,2000,800146,0.004929277994961012,gm_battery,none,0.0
2-2-4,none,mixture,0.6,2000,800146,0.004929277994961012,gtest,none,91.09097397366146
2-2-4,none,mixture,0.6,2000,800147,0.005768417002400383,kl_plugin,none,0.3217669203485578
2-2-4,none,mixture,0.6,2000,800147,0.005768417002400383,kl_split,none,0.3693693443818959
2-2-4,none,mixture,0.6,2000,800147,0.005768417002400383,kl_crossfit,none,0.341663977538203
2-2-4,none,mixture,0.6,2000,800147,0.005768417002400383,cf1_margin,none,0.5113680683457673
2-2-4,none,mixture,0.6,2000,800147,0.005768417002400383,slack_plugin,none,1.0227361366915348
2-2-4,none,mixture,0.6,2000,800147,0.005768417002400383,gm_battery,none,0.0
2-2-4,none,mixture,0.6,2000,800147,0.005768417002400383,gtest,none,74.39192533813011
2-2-4,none,mixture,0.6,2000,800148,0.004936409000947606,kl_plugin,none,0.28240195601318024
2-2-4,none,mixture,0.6,2000,800148,0.004936409000947606,kl_split,none,0.28128811943121124
2-2-4,none,mixture,0.6,2000,800148,0.004936409000947606,kl_crossfit,none,0.30574931348427564
2-2-4,none,mixture,0.6,2000,800148,0.004936409000947606,cf1_margin,none,0.4819220480512013
2-2-4,none,mixture,0.6,2000,800148,0.004936409000947606,slack_plugin,none,0.9638440961024026
2-2-4,none,mixture,0.6,2000,800148,0.004936409000947606,gm_battery,none,0.0
2-2-4,none,mixture,0.6,2000,800148,0.004936409000947606,gtest,none,97.29364296080323
2-2-4,none,mixture,0.6,2000,800149,0.004319699000916444,kl_plugin,none,0.3035604929773979
2-2-4,none,mixture,0.6,2000,800149,0.004319699000916444,kl_split,none,0.36137632771753736
2-2-4,none,mixture,0.6,2000,800149,0.004319699000916444,kl_crossfit,none,0.3288096247947375
2-2-4,none,mixture,0.6,2000,800149,0.004319699000916444,cf1_margin,none,0.4973739411698772
2-2-4,none,mixture,0.6,2000,800149,0.004319699000916444,slack_plugin,none,0.9947478823397544
2-2-4,none,mixture,0.6,2000,800149,0.004319699000916444,gm_battery,none,0.0
2-2-4,none,mixture,0.6,2000,800149,0.004319699000916444,gtest,none,79.93211565384149
2-2-4,none,mixture,0.6,2000,800150,0.005203200002142694,kl_plugin,none,0.30671255066802555
2-2-4,none,mixture,0.6,2000,800150,0.005203200002142694,kl_split,none,0.35858548382962097
2-2-4,none,mixture,0.6,2000,800150,0.005203200002142694,kl_crossfit,none,0.32560134819951714
2-2-4,none,mixture,0.6,2000,800150,0.005203200002142694,cf1_margin,none,0.504595312180881
2-2-4,none,mixture,0.6,2000,800150,0.005203200002142694,slack_plugin,none,1.009190624361762
2-2-4,none,mixture,0.6,2000,800150,0.005203200002142694,gm_battery,none,0.0
2-2-4,none,mixture,0.6,2000,800150,0.005203200002142694,gtest,none,135.39442615479777
2-2-4,none,mixture,0.6,2000,800151,0.0048513959991396405,kl_plugin,none,0.323428858726406
2-2-4,none,mixture,0.6,2000,800151,0.0048513959991396405,kl_split,none,0.3634473185791747
2-2-4,none,mixture,0.6,2000,800151,0.0048513959991396405,kl_crossfit,none,0.35300471022146773
2-2-4,none,mixture,0.6,2000,800151,0.0048513959991396405,cf1_margin,none,0.5139351828239584
2-2-4,none,mixture,0.6,2000,800151,0.0048513959991396405,slack_plugin,none,1.027870365647917
2-2-4,none,mixture,0.6,2000,800151,0.0048513959991396405,gm_battery,none,0.0
2-2-4,none,mixture,0.6,2000,800151,0.0048513959991396405,gtest,none,95.44833893769419
2-2-4,none,mixture,0.6,2000,800152,0.005053091997979209,kl_plugin,none,0.3071121999381913
2-2-4,none,mixture,0.6,2000,800152,0.005053091997979209,kl_split,none,0.3622775591486359
2-2-4,none,mixture,0.6,2000,800152,0.005053091997979209,kl_crossfit,none,0.33640540932858853
2-2-4,none,mixture,0.6,2000,800152,0.005053091997979209,cf1_margin,none,0.49606393702299245
2-2-4,none,mixture,0.6,2000,800152,0.005053091997979209,slack_plugin,none,0.9921278740459849
2-2-4,none,mixture,0.6,2000,800152,0.005053091997979209,gm_battery,none,0.0
2-2-4,none,mixture,0.6,2000,800152,0.005053091997979209,gtest,none,137.67174987892727
2-2-4,none,mixture,0.6,2000,800153,0.004377760000352282,kl_plugin,none,0.35103620661419555
2-2-4,none,mixture,0.6,2000,800153,0.004377760000352282,kl_split,none,0.384518703946019
2-2-4,none,mixture,0.6,2000,800153,0.004377760000352282,kl_crossfit,none,0.3688822956997515
2-2-4,none,mixture,0.6,2000,800153,0.004377760000352282,cf1_margin,none,0.5323614157313035
2-2-4,none,mixture,0.6,2000,800153,0.004377760000352282,slack_plugin,none,1.064722831462607
2-2-4,none,mixture,0.6,2000,800153,0.004377760000352282,gm_battery,none,0.0
2-2-4,none,mixture,0.6,2000,800153,0.004377760000352282,gtest,none,115.01946820876759
2-2-4,none,mixture,0.6,2000,800154,0.004725120001239702,kl_plugin,none,0.3105941072861172
2-2-4,none,mixture,0.6,2000,800154,0.004725120001239702,kl_split,none,0.3428542165131391
2-2-4,none,mixture,0.6,2000,800154,0.004725120001239702,kl_crossfit,none,0.3308359276479016
2-2-4,none,mixture,0.6,2000,800154,0.004725120001239702,cf1_margin,none,0.5114538101511337
2-2-4,none,mixture,0.6,2000,800154,0.004725120001239702,slack_plugin,none,1.0229076203022676
2-2-4,none,mixture,0.6,2000,800154,0.004725120001239702,gm_battery,none,0.0
2-2-4,none,mixture,0.6,2000,800154,0.004725120001239702,gtest,none,94.88299406070779
2-2-4,none,mixture,0.6,2000,800155,0.004343949003668968,kl_plugin,none,0.345631969678603
2-2-4,none,mixture,0.6,2000,800155,0.004343949003668968,kl_split,none,0.40676008212053805
2-2-4,none,mixture,0.6,2000,800155,0.004343949003668968,kl_crossfit,none,0.3727300466427792
2-2-4,none,mixture,0.6,2000,800155,0.004343949003668968,cf1_margin,none,0.5281137992831542
2-2-4,none,mixture,0.6,2000,800155,0.004343949003668968,slack_plugin,none,1.0562275985663079
2-2-4,none,mixture,0.6,2000,800155,0.004343949003668968,gm_battery,none,0.0
2-2-4,none,mixture,0.6,2000,800155,0.004343949003668968,gtest,none,75.82671486091762
2-2-4,none,mixture,0.6,2000,800156,0.004361824001534842,kl_plugin,none,0.3132575645666138
2-2-4,none,mixture,0.6,2000,800156,0.004361824001534842,kl_split,none,0.32648801723170723
2-2-4,none,mixture,0.6,2000,800156,0.004361824001534842,kl_crossfit,none,0.3399237203760408
2-2-4,none,mixture,0.6,2000,800156,0.004361824001534842,cf1_margin,none,0.5010087915407553
2-2-4,none,mixture,0.6,2000,800156,0.004361824001534842,slack_plugin,none,1.0020175830815106
2-2-4,none,mixture,0.6,2000,800156,0.004361824001534842,gm_battery,none,0.0
2-2-4,none,mixture,0.6,2000,800156,0.004361824001534842,gtest,none,108.49074248392503
2-2-4,none,mixture,0.6,2000,800157,0.0054817950003780425,kl_plugin,none,0.3168631770633826
2-2-4,none,mixture,0.6,2000,800157,0.0054817950003780425,kl_split,none,0.38011212414304246
2-2-4,none,mixture,0.6,2000,800157,0.0054817950003780425,kl_crossfit,none,0.34435991526096876
2-2-4,none,mixture,0.6,2000,800157,0.0054817950003780425,cf1_margin,none,0.514424827266144
2-2-4,none,mixture,0.6,2000,800157,0.0054817950003780425,slack_plugin,none,1.028849654532288
2-2-4,none,mixture,0.6,2000,800157,0.0054817950003780425,gm_battery,none,0.0
2-2-4,none,mixture,0.6,2000,800157,0.0054817950003780425,gtest,none,91.726390669366
2-2-4,none,mixture,0.6,2000,800158,0.004615819001628552,kl_plugin,none,0.3043500668327509
2-2-4,none,mixture,0.6,2000,800158,0.004615819001628552,kl_split,none,0.3602353210862165
2-2-4,none,mixture,0.6,2000,800158,0.004615819001628552,kl_crossfit,none,0.33070527196072297
2-2-4,none,mixture,0.6,2000,800158,0.004615819001628552,cf1_margin,none,0.4988679592465328
2-2-4,none,mixture,0.6,2000,800158,0.004615819001628552,slack_plugin,none,0.9977359184930659
2-2-4,none,mixture,0.6,2000,800158,0.004615819001628552,gm_battery,none,0.0
2-2-4,none,mixture,0.6,2000,800158,0.004615819001628552,gtest,none,78.69887539969142
2-2-4,none,mixture,0.6,2000,800159,0.004399031997309066,kl_plugin,none,0.2905484757226676
2-2-4,none,mixture,0.6,2000,800159,0.004399031997309066,kl_split,none,0.32984953375474135
2-2-4,none,mixture,0.6,2000,800159,0.004399031997309066,kl_crossfit,none,0.3186545190431291
2-2-4,none,mixture,0.6,2000,800159,0.004399031997309066,cf1_margin,none,0.48032509197365403
2-2-4,none,mixture,0.6,2000,800159,0.004399031997309066,slack_plugin,none,0.9606501839473082
2-2-4,none,mixture,0.6,2000,800159,0.004399031997309066,gm_battery,none,0.0
2-2-4,none,mixture,0.6,2000,800159,0.004399031997309066,gtest,none,75.92477517237431
2-2-4,none,mixture,0.6,2000,800160,0.004869285003223922,kl_plugin,none,0.2924776116032094
2-2-4,none,mixture,0.6,2000,800160,0.004869285003223922,kl_split,none,0.34819535143093827
2-2-4,none,mixture,0.6,2000,800160,0.004869285003223922,kl_crossfit,none,0.3190322549980686
2-2-4,none,mixture,0.6,2000,800160,0.004869285003223922,cf1_margin,none,0.49007796031184114
2-2-4,none,mixture,0.6,2000,800160,0.004869285003223922,slack_plugin,none,0.9801559206236823
2-2-4,none,mixture,0.6,2000,800160,0.004869285003223922,gm_battery,none,0.0
2-2-4,none,mixture,0.6,2000,800160,0.004869285003223922,gtest,none,115.88552093606305
2-2-4,none,mixture,0.6,2000,800161,0.005284662001940887,kl_plugin,none,0.32463852144364946
2-2-4,none,mixture,0.6,2000,800161,0.005284662001940887,kl_split,none,0.37215970354574335
2-2-4,none,mixture,0.6,2000,800161,0.005284662001940887,kl_crossfit,none,0.3433391911313398
2-2-4,none,mixture,0.6,2000,800161,0.005284662001940887,cf1_margin,none,0.5264198044518411
2-2-4,none,mixture,0.6,2000,800161,0.005284662001940887,slack_plugin,none,1.052839608903682
2-2-4,none,mixture,0.6,2000,800161,0.005284662001940887,gm_battery,none,0.0
2-2-4,none,mixture,0.6,2000,800161,0.005284662001940887,gtest,none,96.9061255095913
2-2-4,none,mixture,0.6,2000,800162,0.0043816250035888515,kl_plugin,none,0.3077455547056447
2-2-4,none,mixture,0.6,2000,800162,0.0043816250035888515,kl_split,none,0.35429438139150093
2-2-4,none,mixture,0.6,2000,800162,0.0043816250035888515,kl_crossfit,none,0.3258326345054493
2-2-4,none,mixture,0.6,2000,800162,0.0043816250035888515,cf1_margin,none,0.5065541235360258
2-2-4,none,mixture,0.6,2000,800162,0.0043816250035888515,slack_plugin,none,1.0131082470720516
2-2-4,none,mixture,0.6,2000,800162,0.0043816250035888515,gm_battery,none,0.0
2-2-4,none,mixture,0.6,2000,800162,0.0043816250035888515,gtest,none,89.84673901409982
2-2-4,none,mixture,0.6,2000,800163,0.00448511300055543,kl_plugin,none,0.35745144018757036
2-2-4,none,mixture,0.6,2000,800163,0.00448511300055543,kl_split,none,0.39674207260893
2-2-4,none,mixture,0.6,2000,800163,0.00448511300055543,kl_crossfit,none,0.38351684913604733
2-2-4,none,mixture,0.6,2000,800163,0.00448511300055543,cf1_margin,none,0.5373011200948297
2-2-4,none,mixture,0.6,2000,800163,0.00448511300055543,slack_plugin,none,1.0746022401896598
2-2-4,none,mixture,0.6,2000,800163,0.00448511300055543,gm_battery,none,0.0
2-2-4,none,mixture,0.6,2000,800163,0.00448511300055543,gtest,none,75.01976462234954
2-2-4,none,mixture,0.6,2000,800164,0.004879255000560079,kl_plugin,none,0.3322142246435879
2-2-4,none,mixture,0.6,2000,800164,0.004879255000560079,kl_split,none,0.3792242525833785
2-2-4,none,mixture,0.6,2000,800164,0.004879255000560079,kl_crossfit,none,0.3538772806479541
2-2-4,none,mixture,0.6,2000,800164,0.004879255000560079,cf1_margin,none,0.5200299258654697
2-2-4,none,mixture,0.6,2000,800164,0.004879255000560079,slack_plugin,none,1.0400598517309394
2-2-4,none,mixture,0.6,2000,800164,0.004879255000560079,gm_battery,none,0.0
2-2-4,none,mixture,0.6,2000,800164,0.004879255000560079,gtest,none,92.31842064458374
2-2-4,none,mixture,0.6,2000,800165,0.004411026995512657,kl_plugin,none,0.3544686509572756
2-2-4,none,mixture,0.6,2000,800165,0.004411026995512657,kl_split,none,0.39454961149760137
2-2-4,none,mixture,0.6,2000,800165,0.004411026995512657,kl_crossfit,none,0.3798747012465667
2-2-4,none,mixture,0.6,2000,800165,0.004411026995512657,cf1_margin,none,0.5392957182873149
2-2-4,none,mixture,0.6,2000,800165,0.004411026995512657,slack_plugin,none,1.0785914365746296
2-2-4,none,mixture,0.6,2000,800165,0.004411026995512657,gm_battery,none,0.0
2-2-4,none,mixture,0.6,2000,800165,0.004411026995512657,gtest,none,60.21490379922073
2-2-4,none,mixture,0.6,2000,800166,0.004583134003041778,kl_plugin,none,0.32291573008370317
2-2-4,none,mixture,0.6,2000,800166,0.004583134003041778,kl_split,none,0.36282806301548803
2-2-4,none,mixture,0.6,2000,800166,0.004583134003041778,kl_crossfit,none,0.33680702706199217
2-2-4,none,mixture,0.6,2000,800166,0.004583134003041778,cf1_margin,none,0.5120700482801931
2-2-4,none,mixture,0.6,2000,800166,0.004583134003041778,slack_plugin,none,1.0241400965603866
2-2-4,none,mixture,0.6,2000,800166,0.004583134003041778,gm_battery,none,0.0
2-2-4,none,mixture,0.6,2000,800166,0.004583134003041778,gtest,none,98.02816770586288
2-2-4,none,mixture,0.6,2000,800167,0.004481196003325749,kl_plugin,none,0.34770293658092355
2-2-4,none,mixture,0.6,2000,800167,0.004481196003325749,kl_split,none,0.38848845705424906
2-2-4,none,mixture,0.6,2000,800167,0.004481196003325749,kl_crossfit,none,0.3759472826474194
2-2-4,none,mixture,0.6,2000,800167,0.004481196003325749,cf1_margin,none,0.5230073130530797
2-2-4,none,mixture,0.6,2000,800167,0.004481196003325749,slack_plugin,none,1.0460146261061594
2-2-4,none,mixture,0.6,2000,800167,0.004481196003325749,gm_battery,none,0.0
2-2-4,none,mixture,0.6,2000,800167,0.004481196003325749,gtest,none,65.78904782107706
2-2-4,none,mixture,0.6,2000,800168,0.004437479001353495,kl_plugin,none,0.29447045284316853
2-2-4,none,mixture,0.6,2000,800168,0.004437479001353495,kl_split,none,0.345086259076111
2-2-4,none,mixture,0.6,2000,800168,0.004437479001353495,kl_crossfit,none,0.31826723863094425
2-2-4,none,mixture,0.6,2000,800168,0.004437479001353495,cf1_margin,none,0.49462825955609613
2-2-4,none,mixture,0.6,2000,800168,0.004437479001353495,slack_plugin,none,0.9892565191121925
2-2-4,none,mixture,0.6,2000,800168,0.004437479001353495,gm_battery,none,0.0
2-2-4,none,mixture,0.6,2000,800168,0.004437479001353495,gtest,none,139.53610630475387
2-2-4,none,mixture,0.6,2000,800169,0.0044972030009375885,kl_plugin,none,0.3082528876834573
2-2-4,none,mixture,0.6,2000,800169,0.0044972030009375885,kl_split,none,0.3661658491005141
2-2-4,none,mixture,0.6,2000,800169,0.0044972030009375885,kl_crossfit,none,0.33385248825826985
2-2-4,none,mixture,0.6,2000,800169,0.0044972030009375885,cf1_margin,none,0.49913558162150484
2-2-4,none,mixture,0.6,2000,800169,0.0044972030009375885,slack_plugin,none,0.9982711632430095
2-2-4,none,mixture,0.6,2000,800169,0.0044972030009375885,gm_battery,none,0.0
2-2-4,none,mixture,0.6,2000,800169,0.0044972030009375885,gtest,none,96.00746938102968
2-2-4,none,mixture,0.6,2000,800170,0.005040940995968413,kl_plugin,none,0.3061702702736054
2-2-4,none,mixture,0.6,2000,800170,0.005040940995968413,kl_split,none,0.32453123011060153
2-2-4,none,mixture,0.6,2000,800170,0.005040940995968413,kl_crossfit,none,0.3363145239904948
2-2-4,none,mixture,0.6,2000,800170,0.005040940995968413,cf1_margin,none,0.5027537230515673
2-2-4,none,mixture,0.6,2000,800170,0.005040940995968413,slack_plugin,none,1.0055074461031344
2-2-4,none,mixture,0.6,2000,800170,0.005040940995968413,gm_battery,none,0.0
2-2-4,none,mixture,0.6,2000,800170,0.005040940995968413,gtest,none,116.4789519126563
2-2-4,none,mixture,0.6,2000,800171,0.004886224000074435,kl_plugin,none,0.3139774883598654
2-2-4,none,mixture,0.6,2000,800171,0.004886224000074435,kl_split,none,0.32027057499080724
2-2-4,none,mixture,0.6,2000,800171,0.004886224000074435,kl_crossfit,none,0.3347601791166275
2-2-4,none,mixture,0.6,2000,800171,0.004886224000074435,cf1_margin,none,0.5101297792003201
2-2-4,none,mixture,0.6,2000,800171,0.004886224000074435,slack_plugin,none,1.0202595584006402
2-2-4,none,mixture,0.6,2000,800171,0.004886224000074435,gm_battery,none,0.0
2-2-4,none,mixture,0.6,2000,800171,0.004886224000074435,gtest,none,126.5271297975584
2-2-4,none,mixture,0.6,2000,800172,0.0047585499996785074,kl_plugin,none,0.3338408290706364
2-2-4,none,mixture,0.6,2000,800172,0.0047585499996785074,kl_split,none,0.37765728100225543
2-2-4,none,mixture,0.6,2000,800172,0.0047585499996785074,kl_crossfit,none,0.3488125111887277
2-2-4,none,mixture,0.6,2000,800172,0.0047585499996785074,cf1_margin,none,0.5321928771508604
2-2-4,none,mixture,0.6,2000,800172,0.0047585499996785074,slack_plugin,none,1.0643857543017206
2-2-4,none,mixture,0.6,2000,800172,0.0047585499996785074,gm_battery,none,0.0
2-2-4,none,mixture,0.6,2000,800172,0.0047585499996785074,gtest,none,88.77567011484456
2-2-4,none,mixture,0.6,2000,800173,0.004966255997715052,kl_plugin,none,0.25459620855998677
2-2-4,none,mixture,0.6,2000,800173,0.004966255997715052,kl_split,none,0.28443494134107006
2-2-4,none,mixture,0.6,2000,800173,0.004966255997715052,kl_crossfit,none,0.27404449861882185
2-2-4,none,mixture,0.6,2000,800173,0.004966255997715052,cf1_margin,none,0.46883172079302005
2-2-4,none,mixture,0.6,2000,800173,0.004966255997715052,slack_plugin,none,0.9376634415860396
2-2-4,none,mixture,0.6,2000,800173,0.004966255997715052,gm_battery,none,0.0
2-2-4,none,mixture,0.6,2000,800173,0.004966255997715052,gtest,none,134.80030398875746
2-2-4,none,mixture,0.6,2000,800174,0.004469897998205852,kl_plugin,none,0.33009537062997835
2-2-4,none,mixture,0.6,2000,800174,0.004469897998205852,kl_split,none,0.3658490086680485
2-2-4,none,mixture,0.6,2000,800174,0.004469897998205852,kl_crossfit,none,0.3489823496062451
2-2-4,none,mixture,0.6,2000,800174,0.004469897998205852,cf1_margin,none,0.5138395138395138
2-2-4,none,mixture,0.6,2000,800174,0.004469897998205852,slack_plugin,none,1.0276790276790275
2-2-4,none,mixture,0.6,2000,800174,0.004469897998205852,gm_battery,none,0.0
2-2-4,none,mixture,0.6,2000,800174,0.004469897998205852,gtest,none,83.94247426733241
2-2-4,none,mixture,0.6,2000,800175,0.00443553500372218,kl_plugin,none,0.32886921724725
2-2-4,none,mixture,0.6,2000,800175,0.00443553500372218,kl_split,none,0.3195872547127575
2-2-4,none,mixture,0.6,2000,800175,0.00443553500372218,kl_crossfit,none,0.3502245314355619
2-2-4,none,mixture,0.6,2000,800175,0.00443553500372218,cf1_margin,none,0.521296099040738
2-2-4,none,mixture,0.6,2000,800175,0.00443553500372218,slack_plugin,none,1.042592198081476
2-2-4,none,mixture,0.6,2000,800175,0.00443553500372218,gm_battery,none,0.0
2-2-4,none,mixture,0.6,2000,800175,0.00443553500372218,gtest,none,80.90337774882809
2-2-4,none,mixture,0.6,2000,800176,0.0043063679986516945,kl_plugin,none,0.32394157754697983
2-2-4,none,mixture,0.6,2000,800176,0.0043063679986516945,kl_split,none,0.37666242850171605
2-2-4,none,mixture,0.6,2000,800176,0.0043063679986516945,kl_crossfit,none,0.34769306350656304
2-2-4,none,mixture,0.6,2000,800176,0.0043063679986516945,cf1_margin,none,0.5077974029047594
2-2-4,none,mixture,0.6,2000,800176,0.0043063679986516945,slack_plugin,none,1.0155948058095192
2-2-4,none,mixture,0.6,2000,800176,0.0043063679986516945,gm_battery,none,0.0
2-2-4,none,mixture,0.6,2000,800176,0.0043063679986516945,gtest,none,81.84285546466388
2-2-4,none,mixture,0.6,2000,800177,0.004639162994863,kl_plugin,none,0.2568028027705788
2-2-4,none,mixture,0.6,2000,800177,0.004639162994863,kl_split,none,0.3080513955519991
2-2-4,none,mixture,0.6,2000,800177,0.004639162994863,kl_crossfit,none,0.28309289358963824
2-2-4,none,mixture,0.6,2000,800177,0.004639162994863,cf1_margin,none,0.4587163864620514
2-2-4,none,mixture,0.6,2000,800177,0.004639162994863,slack_plugin,none,0.9174327729241025
2-2-4,none,mixture,0.6,2000,800177,0.004639162994863,gm_battery,none,0.0
2-2-4,none,mixture,0.6,2000,800177,0.004639162994863,gtest,none,121.79150159906604
2-2-4,none,mixture,0.6,2000,800178,0.004778914000780787,kl_plugin,none,0.3420109624228519
2-2-4,none,mixture,0.6,2000,800178,0.004778914000780787,kl_split,none,0.34907749009175987
2-2-4,none,mixture,0.6,2000,800178,0.004778914000780787,kl_crossfit,none,0.3632689883933578
2-2-4,none,mixture,0.6,2000,800178,0.004778914000780787,cf1_margin,none,0.5280758757179103
2-2-4,none,mixture,0.6,2000,800178,0.004778914000780787,slack_plugin,none,1.0561517514358205
2-2-4,none,mixture,0.6,2000,800178,0.004778914000780787,gm_battery,none,0.0
2-2-4,none,mixture,0.6,2000,800178,0.004778914000780787,gtest,none,90.1809577948527
2-2-4,none,mixture,0.6,2000,800179,0.004608250004821457,kl_plugin,none,0.3525657509332263
2-2-4,none,mixture,0.6,2000,800179,0.004608250004821457,kl_split,none,0.3915618523254595
2-2-4,none,mixture,0.6,2000,800179,0.004608250004821457,kl_crossfit,none,0.3768373105979259
2-2-4,none,mixture,0.6,2000,800179,0.004608250004821457,cf1_margin,none,0.5433840564342847
2-2-4,none,mixture,0.6,2000,800179,0.004608250004821457,slack_plugin,none,1.0867681128685693
2-2-4,none,mixture,0.6,2000,800179,0.004608250004821457,gm_battery,none,0.0
2-2-4,none,mixture,0.6,2000,800179,0.004608250004821457,gtest,none,128.9502338894543
2-2-4,none,mixture,0.6,2000,800180,0.005499621001945343,kl_plugin,none,0.28662271212529683
2-2-4,none,mixture,0.6,2000,800180,0.005499621001945343,kl_split,none,0.33876257399126536
2-2-4,none,mixture,0.6,2000,800180,0.005499621001945343,kl_crossfit,none,0.30624337486819936
2-2-4,none,mixture,0.6,2000,800180,0.005499621001945343,cf1_margin,none,0.47612179487179496
2-2-4,none,mixture,0.6,2000,800180,0.005499621001945343,slack_plugin,none,0.9522435897435899
2-2-4,none,mixture,0.6,2000,800180,0.005499621001945343,gm_battery,none,0.0
2-2-4,none,mixture,0.6,2000,800180,0.005499621001945343,gtest,none,103.39380803707276
2-2-4,none,mixture,0.6,2000,800181,0.005345774996385444,kl_plugin,none,0.294870923468678
2-2-4,none,mixture,0.6,2000,800181,0.005345774996385444,kl_split,none,0.34503489010920907
2-2-4,none,mixture,0.6,2000,800181,0.005345774996385444,kl_crossfit,none,0.3172237113542345
2-2-4,none,mixture,0.6,2000,800181,0.005345774996385444,cf1_margin,none,0.49330075756666214
2-2-4,none,mixture,0.6,2000,800181,0.005345774996385444,slack_plugin,none,0.9866015151333243
2-2-4,none,mixture,0.6,2000,800181,0.005345774996385444,gm_battery,none,0.0
2-2-4,none,mixture,0.6,2000,800181,0.005345774996385444,gtest,none,116.247497121035
2-2-4,none,mixture,0.6,2000,800182,0.007559591998870019,kl_plugin,none,0.3334607767837431
2-2-4,none,mixture,0.6,2000,800182,0.007559591998870019,kl_split,none,0.3869288160112274
2-2-4,none,mixture,0.6,2000,800182,0.007559591998870019,kl_crossfit,none,0.35223486586982405
2-2-4,none,mixture,0.6,2000,800182,0.007559591998870019,cf1_margin,none,0.5203629322622457
2-2-4,none,mixture,0.6,2000,800182,0.007559591998870019,slack_plugin,none,1.0407258645244917
2-2-4,none,mixture,0.6,2000,800182,0.007559591998870019,gm_battery,none,0.0
2-2-4,none,mixture,0.6,2000,800182,0.007559591998870019,gtest,none,90.84900032797158
2-2-4,none,mixture,0.6,2000,800183,0.004612486998667009,kl_plugin,none,0.2620757755019713
2-2-4,none,mixture,0.6,2000,800183,0.004612486998667009,kl_split,none,0.30571255421678767
2-2-4,none,mixture,0.6,2000,800183,0.004612486998667009,kl_crossfit,none,0.28240349376793605
2-2-4,none,mixture,0.6,2000,800183,0.004612486998667009,cf1_margin,none,0.46660746571945155
2-2-4,none,mixture,0.6,2000,800183,0.004612486998667009,slack_plugin,none,0.9332149314389031
2-2-4,none,mixture,0.6,2000,800183,0.004612486998667009,gm_battery,none,0.0
2-2-4,none,mixture,0.6,2000,800183,0.004612486998667009,gtest,none,138.21228051903682
2-2-4,none,mixture,0.6,2000,800184,0.004515168999205343,kl_plugin,none,0.32553654777211394
2-2-4,none,mixture,0.6,2000,800184,0.004515168999205343,kl_split,none,0.3620990626717181
2-2-4,none,mixture,0.6,2000,800184,0.004515168999205343,kl_crossfit,none,0.34802712786561163
2-2-4,none,mixture,0.6,2000,800184,0.004515168999205343,cf1_margin,none,0.5172280975910376
2-2-4,none,mixture,0.6,2000,800184,0.004515168999205343,slack_plugin,none,1.0344561951820754
2-2-4,none,mixture,0.6,2000,800184,0.004515168999205343,gm_battery,none,0.0
2-2-4,none,mixture,0.6,2000,800184,0.004515168999205343,gtest,none,113.90139333069678
2-2-4,none,mixture,0.6,2000,800185,0.004820522000954952,kl_plugin,none,0.2696664161242892
2-2-4,none,mixture,0.6,2000,800185,0.004820522000954952,kl_split,none,0.30679803373501224
2-2-4,none,mixture,0.6,2000,800185,0.004820522000954952,kl_crossfit,none,0.3003991341626121
2-2-4,none,mixture,0.6,2000,800185,0.004820522000954952,cf1_margin,none,0.4801852866703201
2-2-4,none,mixture,0.6,2000,800185,0.004820522000954952,slack_plugin,none,0.9603705733406405
2-2-4,none,mixture,0.6,2000,800185,0.004820522000954952,gm_battery,none,0.0
2-2-4,none,mixture,0.6,2000,800185,0.004820522000954952,gtest,none,96.64377680441005
2-2-4,none,mixture,0.6,2000,800186,0.0049191139987669885,kl_plugin,none,0.3223885574588493
2-2-4,none,mixture,0.6,2000,800186,0.0049191139987669885,kl_split,none,0.3599373984037946
2-2-4,none,mixture,0.6,2000,800186,0.0049191139987669885,kl_crossfit,none,0.3437317717797699
2-2-4,none,mixture,0.6,2000,800186,0.0049191139987669885,cf1_margin,none,0.5262206908143541
2-2-4,none,mixture,0.6,2000,800186,0.0049191139987669885,slack_plugin,none,1.0524413816287084
2-2-4,none,mixture,0.6,2000,800186,0.0049191139987669885,gm_battery,none,0.0
2-2-4,none,mixture,0.6,2000,800186,0.0049191139987669885,gtest,none,118.193582930086
2-2-4,none,mixture,0.6,2000,800187,0.004499317001318559,kl_plugin,none,0.2849984450009015
2-2-4,none,mixture,0.6,2000,800187,0.004499317001318559,kl_split,none,0.32957402751671344
2-2-4,none,mixture,0.6,2000,800187,0.004499317001318559,kl_crossfit,none,0.3148553834479789
2-2-4,none,mixture,0.6,2000,800187,0.004499317001318559,cf1_margin,none,0.47877826894740205
2-2-4,none,mixture,0.6,2000,800187,0.004499317001318559,slack_plugin,none,0.9575565378948041
2-2-4,none,mixture,0.6,2000,800187,0.004499317001318559,gm_battery,none,0.0
2-2-4,none,mixture,0.6,2000,800187,0.004499317001318559,gtest,none,105.3664695230012
2-2-4,none,mixture,0.6,2000,800188,0.004638608996174298,kl_plugin,none,0.3337961725489355
2-2-4,none,mixture,0.6,2000,800188,0.004638608996174298,kl_split,none,0.36586216656727244
2-2-4,none,mixture,0.6,2000,800188,0.004638608996174298,kl_crossfit,none,0.3538886348336513
2-2-4,none,mixture,0.6,2000,800188,0.004638608996174298,cf1_margin,none,0.5182917132973089
2-2-4,none,mixture,0.6,2000,800188,0.004638608996174298,slack_plugin,none,1.036583426594618
2-2-4,none,mixture,0.6,2000,800188,0.004638608996174298,gm_battery,none,0.0
2-2-4,none,mixture,0.6,2000,800188,0.004638608996174298,gtest,none,48.83931843280871
2-2-4,none,mixture,0.6,2000,800189,0.005326359998434782,kl_plugin,none,0.30218781248222415
2-2-4,none,mixture,0.6,2000,800189,0.005326359998434782,kl_split,none,0.34921660960499756
2-2-4,none,mixture,0.6,2000,800189,0.005326359998434782,kl_crossfit,none,0.3252966320782819
2-2-4,none,mixture,0.6,2000,800189,0.005326359998434782,cf1_margin,none,0.5045174636582253
2-2-4,none,mixture,0.6,2000,800189,0.005326359998434782,slack_plugin,none,1.0090349273164505
2-2-4,none,mixture,0.6,2000,800189,0.005326359998434782,gm_battery,none,0.0
2-2-4,none,mixture,0.6,2000,800189,0.005326359998434782,gtest,none,131.1097266244285
2-2-4,none,mixture,0.6,2000,800190,0.005685572003130801,kl_plugin,none,0.36027313029315156
2-2-4,none,mixture,0.6,2000,800190,0.005685572003130801,kl_split,none,0.3987503957222248
2-2-4,none,mixture,0.6,2000,800190,0.005685572003130801,kl_crossfit,none,0.3842934150487053
2-2-4,none,mixture,0.6,2000,800190,0.005685572003130801,cf1_margin,none,0.5354794953564954
2-2-4,none,mixture,0.6,2000,800190,0.005685572003130801,slack_plugin,none,1.0709589907129913
2-2-4,none,mixture,0.6,2000,800190,0.005685572003130801,gm_battery,none,0.0
2-2-4,none,mixture,0.6,2000,800190,0.005685572003130801,gtest,none,121.46465138057404
2-2-4,none,mixture,0.6,2000,800191,0.005468185001518577,kl_plugin,none,0.2876022767291324
2-2-4,none,mixture,0.6,2000,800191,0.005468185001518577,kl_split,none,0.34731488956837775
2-2-4,none,mixture,0.6,2000,800191,0.005468185001518577,kl_crossfit,none,0.3148650130988272
2-2-4,none,mixture,0.6,2000,800191,0.005468185001518577,cf1_margin,none,0.4805310159400805
2-2-4,none,mixture,0.6,2000,800191,0.005468185001518577,slack_plugin,none,0.9610620318801615
2-2-4,none,mixture,0.6,2000,800191,0.005468185001518577,gm_battery,none,0.0
2-2-4,none,mixture,0.6,2000,800191,0.005468185001518577,gtest,none,83.78538570986382
2-2-4,none,mixture,0.6,2000,800192,0.005010483997466508,kl_plugin,none,0.308469981098604
2-2-4,none,mixture,0.6,2000,800192,0.005010483997466508,kl_split,none,0.3036476411193181
2-2-4,none,mixture,0.6,2000,800192,0.005010483997466508,kl_crossfit,none,0.3316144206211787
2-2-4,none,mixture,0.6,2000,800192,0.005010483997466508,cf1_margin,none,0.502486920289529
2-2-4,none,mixture,0.6,2000,800192,0.005010483997466508,slack_plugin,none,1.004973840579058
2-2-4,none,mixture,0.6,2000,800192,0.005010483997466508,gm_battery,none,0.0
2-2-4,none,mixture,0.6,2000,800192,0.005010483997466508,gtest,none,98.44141762185906
2-2-4,none,mixture,0.6,2000,800193,0.0052796719974139705,kl_plugin,none,0.3438629376075911
2-2-4,none,mixture,0.6,2000,800193,0.0052796719974139705,kl_split,none,0.38488488287676736
2-2-4,none,mixture,0.6,2000,800193,0.0052796719974139705,kl_crossfit,none,0.3709528780440404
2-2-4,none,mixture,0.6,2000,800193,0.0052796719974139705,cf1_margin,none,0.522957111241841
2-2-4,none,mixture,0.6,2000,800193,0.0052796719974139705,slack_plugin,none,1.0459142224836822
2-2-4,none,mixture,0.6,2000,800193,0.0052796719974139705,gm_battery,none,0.0
2-2-4,none,mixture,0.6,2000,800193,0.0052796719974139705,gtest,none,97.75045454473985
2-2-4,none,mixture,0.6,2000,800194,0.0057662750041345134,kl_plugin,none,0.30599418478689355
2-2-4,none,mixture,0.6,2000,800194,0.0057662750041345134,kl_split,none,0.3490538138498793
2-2-4,none,mixture,0.6,2000,800194,0.0057662750041345134,kl_crossfit,none,0.33629700502357274
2-2-4,none,mixture,0.6,2000,800194,0.0057662750041345134,cf1_margin,none,0.5027992359167197
2-2-4,none,mixture,0.6,2000,800194,0.0057662750041345134,slack_plugin,none,1.0055984718334394
2-2-4,none,mixture,0.6,2000,800194,0.0057662750041345134,gm_battery,none,0.0
2-2-4,none,mixture,0.6,2000,800194,0.0057662750041345134,gtest,none,113.38979125736705
2-2-4,none,mixture,0.6,2000,800195,0.00497584200638812,kl_plugin,none,0.34174165954266217
2-2-4,none,mixture,0.6,2000,800195,0.00497584200638812,kl_split,none,0.39896779673599814
2-2-4,none,mixture,0.6,2000,800195,0.00497584200638812,kl_crossfit,none,0.36698177624165185
2-2-4,none,mixture,0.6,2000,800195,0.00497584200638812,cf1_margin,none,0.5293697564722686
2-2-4,none,mixture,0.6,2000,800195,0.00497584200638812,slack_plugin,none,1.0587395129445372
2-2-4,none,mixture,0.6,2000,800195,0.00497584200638812,gm_battery,none,0.0
2-2-4,none,mixture,0.6,2000,800195,0.00497584200638812,gtest,none,89.06749222627136
2-2-4,none,mixture,0.6,2000,800196,0.005200335996050853,kl_plugin,none,0.34905939849476697
2-2-4,none,mixture,0.6,2000,800196,0.005200335996050853,kl_split,none,0.41195862608146444
2-2-4,none,mixture,0.6,2000,800196,0.005200335996050853,kl_crossfit,none,0.3766441087463171
2-2-4,none,mixture,0.6,2000,800196,0.005200335996050853,cf1_margin,none,0.5457445744574458
2-2-4,none,mixture,0.6,2000,800196,0.005200335996050853,slack_plugin,none,1.0914891489148912
2-2-4,none,mixture,0.6,2000,800196,0.005200335996050853,gm_battery,none,0.0
2-2-4,none,mixture,0.6,2000,800196,0.005200335996050853,gtest,none,86.84031812018166
2-2-4,none,mixture,0.6,2000,800197,0.005117678003443871,kl_plugin,none,0.2971223344902414
2-2-4,none,mixture,0.6,2000,800197,0.005117678003443871,kl_split,none,0.3402437448142648
2-2-4,none,mixture,0.6,2000,800197,0.005117678003443871,kl_crossfit,none,0.32692943676893216
2-2-4,none,mixture,0.6,2000,800197,0.005117678003443871,cf1_margin,none,0.5018045334206802
2-2-4,none,mixture,0.6,2000,800197,0.005117678003443871,slack_plugin,none,1.0036090668413609
2-2-4,none,mixture,0.6,2000,800197,0.005117678003443871,gm_battery,none,0.0
2-2-4,none,mixture,0.6,2000,800197,0.005117678003443871,gtest,none,124.06756466425438
2-2-4,none,mixture,0.6,2000,800198,0.005045057005190756,kl_plugin,none,0.3282595667289404
2-2-4,none,mixture,0.6,2000,800198,0.005045057005190756,kl_split,none,0.3188019625362106
2-2-4,none,mixture,0.6,2000,800198,0.005045057005190756,kl_crossfit,none,0.3482031644004931
2-2-4,none,mixture,0.6,2000,800198,0.005045057005190756,cf1_margin,none,0.5157473420888055
2-2-4,none,mixture,0.6,2000,800198,0.005045057005190756,slack_plugin,none,1.031494684177611
2-2-4,none,mixture,0.6,2000,800198,0.005045057005190756,gm_battery,none,0.0
2-2-4,none,mixture,0.6,2000,800198,0.005045057005190756,gtest,none,67.72906532359463
2-2-4,none,mixture,0.6,2000,800199,0.004813530002138577,kl_plugin,none,0.29778687926464414
2-2-4,none,mixture,0.6,2000,800199,0.004813530002138577,kl_split,none,0.3076078727340581
2-2-4,none,mixture,0.6,2000,800199,0.004813530002138577,kl_crossfit,none,0.31821278192335445
2-2-4,none,mixture,0.6,2000,800199,0.004813530002138577,cf1_margin,none,0.490873205227087
2-2-4,none,mixture,0.6,2000,800199,0.004813530002138577,slack_plugin,none,0.981746410454174
2-2-4,none,mixture,0.6,2000,800199,0.004813530002138577,gm_battery,none,0.0
2-2-4,none,mixture,0.6,2000,800199,0.004813530002138577,gtest,none,63.473893268285515
