cell,tail,family,rho,n,seed,dt_stats_s,stat,engine,stat_obs
2-2-4,none,mixture,0.4,500,800000,0.018155211000703275,kl_plugin,none,0.07772961719223948
2-2-4,none,mixture,0.4,500,800000,0.018155211000703275,kl_split,none,0.2288279576898839
2-2-4,none,mixture,0.4,500,800000,0.018155211000703275,kl_crossfit,none,0.1920693567676342
2-2-4,none,mixture,0.4,500,800000,0.018155211000703275,cf1_margin,none,0.2570470552373617
2-2-4,none,mixture,0.4,500,800000,0.018155211000703275,slack_plugin,none,0.5140941104747236
2-2-4,none,mixture,0.4,500,800000,0.018155211000703275,gm_battery,none,0.0
2-2-4,none,mixture,0.4,500,800000,0.018155211000703275,gtest,none,6.530458286300544
2-2-4,none,mixture,0.4,500,800001,0.010880699999688659,kl_plugin,none,0.11285060906370059
2-2-4,none,mixture,0.4,500,800001,0.010880699999688659,kl_split,none,0.2383933403333068
2-2-4,none,mixture,0.4,500,800001,0.010880699999688659,kl_crossfit,none,0.23340599916176796
2-2-4,none,mixture,0.4,500,800001,0.010880699999688659,cf1_margin,none,0.3259615384615384
2-2-4,none,mixture,0.4,500,800001,0.010880699999688659,slack_plugin,none,0.6519230769230768
2-2-4,none,mixture,0.4,500,800001,0.010880699999688659,gm_battery,none,0.0
2-2-4,none,mixture,0.4,500,800001,0.010880699999688659,gtest,none,13.673821195082784
2-2-4,none,mixture,0.4,500,800002,0.005802196996228304,kl_plugin,none,0.11393916745390989
2-2-4,none,mixture,0.4,500,800002,0.005802196996228304,kl_split,none,0.20565513443293068
2-2-4,none,mixture,0.4,500,800002,0.005802196996228304,kl_crossfit,none,0.2224268033852998
2-2-4,none,mixture,0.4,500,800002,0.005802196996228304,cf1_margin,none,0.3064632677639504
2-2-4,none,mixture,0.4,500,800002,0.005802196996228304,slack_plugin,none,0.6129265355279006
2-2-4,none,mixture,0.4,500,800002,0.005802196996228304,gm_battery,none,0.0
2-2-4,none,mixture,0.4,500,800002,0.005802196996228304,gtest,none,12.219372091541736
2-2-4,none,mixture,0.4,500,800003,0.006106697997893207,kl_plugin,none,0.06880240262707181
2-2-4,none,mixture,0.4,500,800003,0.006106697997893207,kl_split,none,0.2098927182746822
2-2-4,none,mixture,0.4,500,800003,0.006106697997893207,kl_crossfit,none,0.1697001476226408
2-2-4,none,mixture,0.4,500,800003,0.006106697997893207,cf1_margin,none,0.2518570696721312
2-2-4,none,mixture,0.4,500,800003,0.006106697997893207,slack_plugin,none,0.5037141393442623
2-2-4,none,mixture,0.4,500,800003,0.006106697997893207,gm_battery,none,0.0
2-2-4,none,mixture,0.4,500,800003,0.006106697997893207,gtest,none,25.340171885894776
2-2-4,none,mixture,0.4,500,800004,0.0062956350011518225,kl_plugin,none,0.05917309923005018
2-2-4,none,mixture,0.4,500,800004,0.0062956350011518225,kl_split,none,0.16235715107742216
2-2-4,none,mixture,0.4,500,800004,0.0062956350011518225,kl_crossfit,none,0.14499513930699737
2-2-4,none,mixture,0.4,500,800004,0.0062956350011518225,cf1_margin,none,0.2265625
2-2-4,none,mixture,0.4,500,800004,0.0062956350011518225,slack_plugin,none,0.453125
2-2-4,none,mixture,0.4,500,800004,0.0062956350011518225,gm_battery,none,0.0
2-2-4,none,mixture,0.4,500,800004,0.0062956350011518225,gtest,none,19.116322682243393
2-2-4,none,mixture,0.4,500,800005,0.004651250004826579,kl_plugin,none,0.08052525197874251
2-2-4,none,mixture,0.4,500,800005,0.004651250004826579,kl_split,none,0.22235887952483002
2-2-4,none,mixture,0.4,500,800005,0.004651250004826579,kl_crossfit,none,0.1991939696409124
2-2-4,none,mixture,0.4,500,800005,0.004651250004826579,cf1_margin,none,0.25892398561890095
2-2-4,none,mixture,0.4,500,800005,0.004651250004826579,slack_plugin,none,0.5178479712378016
2-2-4,none,mixture,0.4,500,800005,0.004651250004826579,gm_battery,none,0.0
2-2-4,none,mixture,0.4,500,800005,0.004651250004826579,gtest,none,14.994653663789551
2-2-4,none,mixture,0.4,500,800006,0.0044504470060928725,kl_plugin,none,0.07817824597521153
2-2-4,none,mixture,0.4,500,800006,0.0044504470060928725,kl_split,none,0.26127443488087754
2-2-4,none,mixture,0.4,500,800006,0.0044504470060928725,kl_crossfit,none,1.045046836651152
2-2-4,none,mixture,0.4,500,800006,0.0044504470060928725,cf1_margin,none,0.24399999999999977
2-2-4,none,mixture,0.4,500,800006,0.0044504470060928725,slack_plugin,none,0.4880000000000001
2-2-4,none,mixture,0.4,500,800006,0.0044504470060928725,gm_battery,none,0.0
2-2-4,none,mixture,0.4,500,800006,0.0044504470060928725,gtest,none,19.081848697785702
2-2-4,none,mixture,0.4,500,800007,0.0052583880024030805,kl_plugin,none,0.058925453520599816
2-2-4,none,mixture,0.4,500,800007,0.0052583880024030805,kl_split,none,0.21494687989730793
2-2-4,none,mixture,0.4,500,800007,0.0052583880024030805,kl_crossfit,none,0.17118087157823947
2-2-4,none,mixture,0.4,500,800007,0.0052583880024030805,cf1_margin,none,0.22803564857037706
2-2-4,none,mixture,0.4,500,800007,0.0052583880024030805,slack_plugin,none,0.45607129714075423
2-2-4,none,mixture,0.4,500,800007,0.0052583880024030805,gm_battery,none,0.0
2-2-4,none,mixture,0.4,500,800007,0.0052583880024030805,gtest,none,11.743991341679266
2-2-4,none,mixture,0.4,500,800008,0.005096442000649404,kl_plugin,none,0.09315034304694861
2-2-4,none,mixture,0.4,500,800008,0.005096442000649404,kl_split,none,0.1818375010385187
2-2-4,none,mixture,0.4,500,800008,0.005096442000649404,kl_crossfit,none,0.6403716418447679
2-2-4,none,mixture,0.4,500,800008,0.005096442000649404,cf1_margin,none,0.27932022211198415
2-2-4,none,mixture,0.4,500,800008,0.005096442000649404,slack_plugin,none,0.5586404442239683
2-2-4,none,mixture,0.4,500,800008,0.005096442000649404,gm_battery,none,0.0
2-2-4,none,mixture,0.4,500,800008,0.005096442000649404,gtest,none,25.536047463798504
2-2-4,none,mixture,0.4,500,800009,0.006345831003272906,kl_plugin,none,0.022389617259183786
2-2-4,none,mixture,0.4,500,800009,0.006345831003272906,kl_split,none,0.16375832591197775
2-2-4,none,mixture,0.4,500,800009,0.006345831003272906,kl_crossfit,none,0.16016686163884886
2-2-4,none,mixture,0.4,500,800009,0.006345831003272906,cf1_margin,none,0.14299659150917732
2-2-4,none,mixture,0.4,500,800009,0.006345831003272906,slack_plugin,none,0.2859931830183548
2-2-4,none,mixture,0.4,500,800009,0.006345831003272906,gm_battery,none,0.0
2-2-4,none,mixture,0.4,500,800009,0.006345831003272906,gtest,none,31.213276158917335
2-2-4,none,mixture,0.4,500,800010,0.0059079059938085265,kl_plugin,none,0.08881750040516798
2-2-4,none,mixture,0.4,500,800010,0.0059079059938085265,kl_split,none,0.18504741842075484
2-2-4,none,mixture,0.4,500,800010,0.0059079059938085265,kl_crossfit,none,0.17245567527439087
2-2-4,none,mixture,0.4,500,800010,0.0059079059938085265,cf1_margin,none,0.29175468920043535
2-2-4,none,mixture,0.4,500,800010,0.0059079059938085265,slack_plugin,none,0.5835093784008705
2-2-4,none,mixture,0.4,500,800010,0.0059079059938085265,gm_battery,none,0.0
2-2-4,none,mixture,0.4,500,800010,0.0059079059938085265,gtest,none,41.06805365513417
2-2-4,none,mixture,0.4,500,800011,0.0059153719994355924,kl_plugin,none,0.08662545919210096
2-2-4,none,mixture,0.4,500,800011,0.0059153719994355924,kl_split,none,0.16417270268299677
2-2-4,none,mixture,0.4,500,800011,0.0059153719994355924,kl_crossfit,none,0.16372566079857753
2-2-4,none,mixture,0.4,500,800011,0.0059153719994355924,cf1_margin,none,0.27973247571961146
2-2-4,none,mixture,0.4,500,800011,0.0059153719994355924,slack_plugin,none,0.5594649514392231
2-2-4,none,mixture,0.4,500,800011,0.0059153719994355924,gm_battery,none,0.0
2-2-4,none,mixture,0.4,500,800011,0.0059153719994355924,gtest,none,30.63726792864739
2-2-4,none,mixture,0.4,500,800012,0.004931565999868326,kl_plugin,none,0.08547606558163134
2-2-4,none,mixture,0.4,500,800012,0.004931565999868326,kl_split,none,0.21931704099596838
2-2-4,none,mixture,0.4,500,800012,0.004931565999868326,kl_crossfit,none,0.20685612086650942
2-2-4,none,mixture,0.4,500,800012,0.004931565999868326,cf1_margin,none,0.2647190723300661
2-2-4,none,mixture,0.4,500,800012,0.004931565999868326,slack_plugin,none,0.529438144660132
2-2-4,none,mixture,0.4,500,800012,0.004931565999868326,gm_battery,none,0.0
2-2-4,none,mixture,0.4,500,800012,0.004931565999868326,gtest,none,14.054270163379037
2-2-4,none,mixture,0.4,500,800013,0.005780771003628615,kl_plugin,none,0.13054785334857694
2-2-4,none,mixture,0.4,500,800013,0.005780771003628615,kl_split,none,0.3095468568590825
2-2-4,none,mixture,0.4,500,800013,0.005780771003628615,kl_crossfit,none,0.2421137310178356
2-2-4,none,mixture,0.4,500,800013,0.005780771003628615,cf1_margin,none,0.3303251408090119
2-2-4,none,mixture,0.4,500,800013,0.005780771003628615,slack_plugin,none,0.6606502816180235
2-2-4,none,mixture,0.4,500,800013,0.005780771003628615,gm_battery,none,0.0
2-2-4,none,mixture,0.4,500,800013,0.005780771003628615,gtest,none,25.802883391093992
2-2-4,none,mixture,0.4,500,800014,0.004760463001730386,kl_plugin,none,0.09959372439455316
2-2-4,none,mixture,0.4,500,800014,0.004760463001730386,kl_split,none,0.2743855989124414
2-2-4,none,mixture,0.4,500,800014,0.004760463001730386,kl_crossfit,none,0.24445759809065493
2-2-4,none,mixture,0.4,500,800014,0.004760463001730386,cf1_margin,none,0.28436079636386924
2-2-4,none,mixture,0.4,500,800014,0.004760463001730386,slack_plugin,none,0.568721592727738
2-2-4,none,mixture,0.4,500,800014,0.004760463001730386,gm_battery,none,0.0
2-2-4,none,mixture,0.4,500,800014,0.004760463001730386,gtest,none,17.75084506311444
2-2-4,none,mixture,0.4,500,800015,0.005223492997174617,kl_plugin,none,0.09354745885475438
2-2-4,none,mixture,0.4,500,800015,0.005223492997174617,kl_split,none,0.22594943487963642
2-2-4,none,mixture,0.4,500,800015,0.005223492997174617,kl_crossfit,none,0.20484682377102617
2-2-4,none,mixture,0.4,500,800015,0.005223492997174617,cf1_margin,none,0.28007908569224094
2-2-4,none,mixture,0.4,500,800015,0.005223492997174617,slack_plugin,none,0.5601581713844819
2-2-4,none,mixture,0.4,500,800015,0.005223492997174617,gm_battery,none,0.0
2-2-4,none,mixture,0.4,500,800015,0.005223492997174617,gtest,none,21.44549090422231
2-2-4,none,mixture,0.4,500,800016,0.005519506994460244,kl_plugin,none,0.053373383231052646
2-2-4,none,mixture,0.4,500,800016,0.005519506994460244,kl_split,none,3.738202721443136
2-2-4,none,mixture,0.4,500,800016,0.005519506994460244,kl_crossfit,none,1.9633300315828075
2-2-4,none,mixture,0.4,500,800016,0.005519506994460244,cf1_margin,none,0.21199999999999974
2-2-4,none,mixture,0.4,500,800016,0.005519506994460244,slack_plugin,none,0.42399999999999993
2-2-4,none,mixture,0.4,500,800016,0.005519506994460244,gm_battery,none,0.0
2-2-4,none,mixture,0.4,500,800016,0.005519506994460244,gtest,none,16.516530467114812
2-2-4,none,mixture,0.4,500,800017,0.00605156699748477,kl_plugin,none,0.06473085222606215
2-2-4,none,mixture,0.4,500,800017,0.00605156699748477,kl_split,none,0.1886179518106472
2-2-4,none,mixture,0.4,500,800017,0.00605156699748477,kl_crossfit,none,0.1847991649939641
2-2-4,none,mixture,0.4,500,800017,0.00605156699748477,cf1_margin,none,0.24154504237491792
2-2-4,none,mixture,0.4,500,800017,0.00605156699748477,slack_plugin,none,0.4830900847498357
2-2-4,none,mixture,0.4,500,800017,0.00605156699748477,gm_battery,none,0.0
2-2-4,none,mixture,0.4,500,800017,0.00605156699748477,gtest,none,14.057180948422584
2-2-4,none,mixture,0.4,500,800018,0.004962965002050623,kl_plugin,none,0.13766966777213177
2-2-4,none,mixture,0.4,500,800018,0.004962965002050623,kl_split,none,0.5697628891069914
2-2-4,none,mixture,0.4,500,800018,0.004962965002050623,kl_crossfit,none,0.42120630713210794
2-2-4,none,mixture,0.4,500,800018,0.004962965002050623,cf1_margin,none,0.3475864720677999
2-2-4,none,mixture,0.4,500,800018,0.004962965002050623,slack_plugin,none,0.6951729441355996
2-2-4,none,mixture,0.4,500,800018,0.004962965002050623,gm_battery,none,0.0
2-2-4,none,mixture,0.4,500,800018,0.004962965002050623,gtest,none,20.380422300630208
2-2-4,none,mixture,0.4,500,800019,0.0057491890038363636,kl_plugin,none,0.0836833945389514
2-2-4,none,mixture,0.4,500,800019,0.0057491890038363636,kl_split,none,0.20708253242948604
2-2-4,none,mixture,0.4,500,800019,0.0057491890038363636,kl_crossfit,none,0.19625334070735126
2-2-4,none,mixture,0.4,500,800019,0.0057491890038363636,cf1_margin,none,0.2570722945666817
2-2-4,none,mixture,0.4,500,800019,0.0057491890038363636,slack_plugin,none,0.5141445891333633
2-2-4,none,mixture,0.4,500,800019,0.0057491890038363636,gm_battery,none,0.0
2-2-4,none,mixture,0.4,500,800019,0.0057491890038363636,gtest,none,22.477908070116943
2-2-4,none,mixture,0.4,500,800020,0.007336884998949245,kl_plugin,none,0.05133195286452484
2-2-4,none,mixture,0.4,500,800020,0.007336884998949245,kl_split,none,0.1485453923455607
2-2-4,none,mixture,0.4,500,800020,0.007336884998949245,kl_crossfit,none,0.15558075647988195
2-2-4,none,mixture,0.4,500,800020,0.007336884998949245,cf1_margin,none,0.21470857197863014
2-2-4,none,mixture,0.4,500,800020,0.007336884998949245,slack_plugin,none,0.4294171439572603
2-2-4,none,mixture,0.4,500,800020,0.007336884998949245,gm_battery,none,0.0
2-2-4,none,mixture,0.4,500,800020,0.007336884998949245,gtest,none,14.836370191048093
2-2-4,none,mixture,0.4,500,800021,0.005596858994977083,kl_plugin,none,0.08665508602687264
2-2-4,none,mixture,0.4,500,800021,0.005596858994977083,kl_split,none,0.20589415754526202
2-2-4,none,mixture,0.4,500,800021,0.005596858994977083,kl_crossfit,none,0.19274933604773142
2-2-4,none,mixture,0.4,500,800021,0.005596858994977083,cf1_margin,none,0.2763157894736843
2-2-4,none,mixture,0.4,500,800021,0.005596858994977083,slack_plugin,none,0.5526315789473686
2-2-4,none,mixture,0.4,500,800021,0.005596858994977083,gm_battery,none,0.0
2-2-4,none,mixture,0.4,500,800021,0.005596858994977083,gtest,none,23.026847837125597
2-2-4,none,mixture,0.4,500,800022,0.004941485996823758,kl_plugin,none,0.07345803285835592
2-2-4,none,mixture,0.4,500,800022,0.004941485996823758,kl_split,none,0.16255503486469947
2-2-4,none,mixture,0.4,500,800022,0.004941485996823758,kl_crossfit,none,0.1569630579962159
2-2-4,none,mixture,0.4,500,800022,0.004941485996823758,cf1_margin,none,0.24138486312399354
2-2-4,none,mixture,0.4,500,800022,0.004941485996823758,slack_plugin,none,0.4827697262479872
2-2-4,none,mixture,0.4,500,800022,0.004941485996823758,gm_battery,none,0.0
2-2-4,none,mixture,0.4,500,800022,0.004941485996823758,gtest,none,27.71512629707427
2-2-4,none,mixture,0.4,500,800023,0.005915868001466151,kl_plugin,none,0.0660555445778889
2-2-4,none,mixture,0.4,500,800023,0.005915868001466151,kl_split,none,4.101513364419676
2-2-4,none,mixture,0.4,500,800023,0.005915868001466151,kl_crossfit,none,3.6090338035966276
2-2-4,none,mixture,0.4,500,800023,0.005915868001466151,cf1_margin,none,0.23694663335255295
2-2-4,none,mixture,0.4,500,800023,0.005915868001466151,slack_plugin,none,0.473893266705106
2-2-4,none,mixture,0.4,500,800023,0.005915868001466151,gm_battery,none,0.0
2-2-4,none,mixture,0.4,500,800023,0.005915868001466151,gtest,none,27.33707587848878
2-2-4,none,mixture,0.4,500,800024,0.005208053000387736,kl_plugin,none,0.06295575977081241
2-2-4,none,mixture,0.4,500,800024,0.005208053000387736,kl_split,none,0.1231158490999124
2-2-4,none,mixture,0.4,500,800024,0.005208053000387736,kl_crossfit,none,0.15545544324006777
2-2-4,none,mixture,0.4,500,800024,0.005208053000387736,cf1_margin,none,0.23307572921166753
2-2-4,none,mixture,0.4,500,800024,0.005208053000387736,slack_plugin,none,0.4661514584233347
2-2-4,none,mixture,0.4,500,800024,0.005208053000387736,gm_battery,none,0.0
2-2-4,none,mixture,0.4,500,800024,0.005208053000387736,gtest,none,23.028667002129023
2-2-4,none,mixture,0.4,500,800025,0.005659936003212351,kl_plugin,none,0.051702442379941455
2-2-4,none,mixture,0.4,500,800025,0.005659936003212351,kl_split,none,0.15976342225078657
2-2-4,none,mixture,0.4,500,800025,0.005659936003212351,kl_crossfit,none,0.15229204959225542
2-2-4,none,mixture,0.4,500,800025,0.005659936003212351,cf1_margin,none,0.20622119815668216
2-2-4,none,mixture,0.4,500,800025,0.005659936003212351,slack_plugin,none,0.412442396313364
2-2-4,none,mixture,0.4,500,800025,0.005659936003212351,gm_battery,none,0.0
2-2-4,none,mixture,0.4,500,800025,0.005659936003212351,gtest,none,6.834306157308388
2-2-4,none,mixture,0.4,500,800026,0.00594067299971357,kl_plugin,none,0.03545865837283646
2-2-4,none,mixture,0.4,500,800026,0.00594067299971357,kl_split,none,0.18539081563139065
2-2-4,none,mixture,0.4,500,800026,0.00594067299971357,kl_crossfit,none,0.16974201026367391
2-2-4,none,mixture,0.4,500,800026,0.00594067299971357,cf1_margin,none,0.17663587623538546
2-2-4,none,mixture,0.4,500,800026,0.00594067299971357,slack_plugin,none,0.35327175247077064
2-2-4,none,mixture,0.4,500,800026,0.00594067299971357,gm_battery,none,0.0
2-2-4,none,mixture,0.4,500,800026,0.00594067299971357,gtest,none,9.633636862046236
2-2-4,none,mixture,0.4,500,800027,0.007398526002361905,kl_plugin,none,0.07313687190935042
2-2-4,none,mixture,0.4,500,800027,0.007398526002361905,kl_split,none,0.20846896883605742
2-2-4,none,mixture,0.4,500,800027,0.007398526002361905,kl_crossfit,none,0.2012296120619932
2-2-4,none,mixture,0.4,500,800027,0.007398526002361905,cf1_margin,none,0.2582843485562948
2-2-4,none,mixture,0.4,500,800027,0.007398526002361905,slack_plugin,none,0.5165686971125895
2-2-4,none,mixture,0.4,500,800027,0.007398526002361905,gm_battery,none,0.0
2-2-4,none,mixture,0.4,500,800027,0.007398526002361905,gtest,none,28.51320790654198
2-2-4,none,mixture,0.4,500,800028,0.005749103998823557,kl_plugin,none,0.08183625390627419
2-2-4,none,mixture,0.4,500,800028,0.005749103998823557,kl_split,none,0.08115583949730501
2-2-4,none,mixture,0.4,500,800028,0.005749103998823557,kl_crossfit,none,0.11554031368634295
2-2-4,none,mixture,0.4,500,800028,0.005749103998823557,cf1_margin,none,0.2613845538215286
2-2-4,none,mixture,0.4,500,800028,0.005749103998823557,slack_plugin,none,0.5227691076430574
2-2-4,none,mixture,0.4,500,800028,0.005749103998823557,gm_battery,none,0.0
2-2-4,none,mixture,0.4,500,800028,0.005749103998823557,gtest,none,21.96082738855503
2-2-4,none,mixture,0.4,500,800029,0.005130968005687464,kl_plugin,none,0.1511773427770634
2-2-4,none,mixture,0.4,500,800029,0.005130968005687464,kl_split,none,1.8676981050805954
2-2-4,none,mixture,0.4,500,800029,0.005130968005687464,kl_crossfit,none,1.0625159555239763
2-2-4,none,mixture,0.4,500,800029,0.005130968005687464,cf1_margin,none,0.354854337575092
2-2-4,none,mixture,0.4,500,800029,0.005130968005687464,slack_plugin,none,0.709708675150184
2-2-4,none,mixture,0.4,500,800029,0.005130968005687464,gm_battery,none,0.0
2-2-4,none,mixture,0.4,500,800029,0.005130968005687464,gtest,none,28.036868080377637
2-2-4,none,mixture,0.4,500,800030,0.0050561820025905035,kl_plugin,none,0.061301473771923076
2-2-4,none,mixture,0.4,500,800030,0.0050561820025905035,kl_split,none,0.18260423513869106
2-2-4,none,mixture,0.4,500,800030,0.0050561820025905035,kl_crossfit,none,0.1674985552878826
2-2-4,none,mixture,0.4,500,800030,0.0050561820025905035,cf1_margin,none,0.22560349255264522
2-2-4,none,mixture,0.4,500,800030,0.0050561820025905035,slack_plugin,none,0.45120698510529017
2-2-4,none,mixture,0.4,500,800030,0.0050561820025905035,gm_battery,none,0.0
2-2-4,none,mixture,0.4,500,800030,0.0050561820025905035,gtest,none,10.015968481881853
2-2-4,none,mixture,0.4,500,800031,0.005741109998780303,kl_plugin,none,0.1271913083266598
2-2-4,none,mixture,0.4,500,800031,0.005741109998780303,kl_split,none,0.20737123893281434
2-2-4,none,mixture,0.4,500,800031,0.005741109998780303,kl_crossfit,none,0.18394347057492566
2-2-4,none,mixture,0.4,500,800031,0.005741109998780303,cf1_margin,none,0.331034703957919
2-2-4,none,mixture,0.4,500,800031,0.005741109998780303,slack_plugin,none,0.662069407915838
2-2-4,none,mixture,0.4,500,800031,0.005741109998780303,gm_battery,none,0.0
2-2-4,none,mixture,0.4,500,800031,0.005741109998780303,gtest,none,17.53474969478011
2-2-4,none,mixture,0.4,500,800032,0.006377118996169884,kl_plugin,none,0.09302485400813602
2-2-4,none,mixture,0.4,500,800032,0.006377118996169884,kl_split,none,0.22125715892315745
2-2-4,none,mixture,0.4,500,800032,0.006377118996169884,kl_crossfit,none,0.2126285518828294
2-2-4,none,mixture,0.4,500,800032,0.006377118996169884,cf1_margin,none,0.28073770491803274
2-2-4,none,mixture,0.4,500,800032,0.006377118996169884,slack_plugin,none,0.5614754098360655
2-2-4,none,mixture,0.4,500,800032,0.006377118996169884,gm_battery,none,0.0
2-2-4,none,mixture,0.4,500,800032,0.006377118996169884,gtest,none,13.862965720048416
2-2-4,none,mixture,0.4,500,800033,0.005097278997709509,kl_plugin,none,0.1511499807533897
2-2-4,none,mixture,0.4,500,800033,0.005097278997709509,kl_split,none,0.2773637317396724
2-2-4,none,mixture,0.4,500,800033,0.005097278997709509,kl_crossfit,none,0.27918999293709235
2-2-4,none,mixture,0.4,500,800033,0.005097278997709509,cf1_margin,none,0.3528050896471948
2-2-4,none,mixture,0.4,500,800033,0.005097278997709509,slack_plugin,none,0.7056101792943897
2-2-4,none,mixture,0.4,500,800033,0.005097278997709509,gm_battery,none,0.0
2-2-4,none,mixture,0.4,500,800033,0.005097278997709509,gtest,none,8.606645671837873
2-2-4,none,mixture,0.4,500,800034,0.006626766997214872,kl_plugin,none,0.11320221668680464
2-2-4,none,mixture,0.4,500,800034,0.006626766997214872,kl_split,none,0.2883476172174698
2-2-4,none,mixture,0.4,500,800034,0.006626766997214872,kl_crossfit,none,0.3038580942404711
2-2-4,none,mixture,0.4,500,800034,0.006626766997214872,cf1_margin,none,0.3198924731182795
2-2-4,none,mixture,0.4,500,800034,0.006626766997214872,slack_plugin,none,0.6397849462365592
2-2-4,none,mixture,0.4,500,800034,0.006626766997214872,gm_battery,none,0.0
2-2-4,none,mixture,0.4,500,800034,0.006626766997214872,gtest,none,24.278404760463587
2-2-4,none,mixture,0.4,500,800035,0.005173961995751597,kl_plugin,none,0.08645764076894202
2-2-4,none,mixture,0.4,500,800035,0.005173961995751597,kl_split,none,0.17714199709872905
2-2-4,none,mixture,0.4,500,800035,0.005173961995751597,kl_crossfit,none,0.16428876273929321
2-2-4,none,mixture,0.4,500,800035,0.005173961995751597,cf1_margin,none,0.2666090076238068
2-2-4,none,mixture,0.4,500,800035,0.005173961995751597,slack_plugin,none,0.5332180152476136
2-2-4,none,mixture,0.4,500,800035,0.005173961995751597,gm_battery,none,0.0
2-2-4,none,mixture,0.4,500,800035,0.005173961995751597,gtest,none,10.81496837597495
2-2-4,none,mixture,0.4,500,800036,0.008554302003176417,kl_plugin,none,0.07718016031404533
2-2-4,none,mixture,0.4,500,800036,0.008554302003176417,kl_split,none,0.23573697795504125
2-2-4,none,mixture,0.4,500,800036,0.008554302003176417,kl_crossfit,none,0.21256937642856183
2-2-4,none,mixture,0.4,500,800036,0.008554302003176417,cf1_margin,none,0.2758152173913042
2-2-4,none,mixture,0.4,500,800036,0.008554302003176417,slack_plugin,none,0.5516304347826086
2-2-4,none,mixture,0.4,500,800036,0.008554302003176417,gm_battery,none,0.0
2-2-4,none,mixture,0.4,500,800036,0.008554302003176417,gtest,none,21.742119667956484
2-2-4,none,mixture,0.4,500,800037,0.00621779899665853,kl_plugin,none,0.08727743058067122
2-2-4,none,mixture,0.4,500,800037,0.00621779899665853,kl_split,none,0.20159963341554726
2-2-4,none,mixture,0.4,500,800037,0.00621779899665853,kl_crossfit,none,0.21262876429830074
2-2-4,none,mixture,0.4,500,800037,0.00621779899665853,cf1_margin,none,0.2882744495647722
2-2-4,none,mixture,0.4,500,800037,0.00621779899665853,slack_plugin,none,0.5765488991295444
2-2-4,none,mixture,0.4,500,800037,0.00621779899665853,gm_battery,none,0.0
2-2-4,none,mixture,0.4,500,800037,0.00621779899665853,gtest,none,33.5417843719965
2-2-4,none,mixture,0.4,500,800038,0.007233368000015616,kl_plugin,none,0.06786236502660162
2-2-4,none,mixture,0.4,500,800038,0.007233368000015616,kl_split,none,0.19242270110558343
2-2-4,none,mixture,0.4,500,800038,0.007233368000015616,kl_crossfit,none,0.17755530419785492
2-2-4,none,mixture,0.4,500,800038,0.007233368000015616,cf1_margin,none,0.24396645541258555
2-2-4,none,mixture,0.4,500,800038,0.007233368000015616,slack_plugin,none,0.4879329108251713
2-2-4,none,mixture,0.4,500,800038,0.007233368000015616,gm_battery,none,0.0
2-2-4,none,mixture,0.4,500,800038,0.007233368000015616,gtest,none,12.991320070239311
2-2-4,none,mixture,0.4,500,800039,0.005435165003291331,kl_plugin,none,0.0379403040366466
2-2-4,none,mixture,0.4,500,800039,0.005435165003291331,kl_split,none,0.09977945024364879
2-2-4,none,mixture,0.4,500,800039,0.005435165003291331,kl_crossfit,none,0.12673215971097937
2-2-4,none,mixture,0.4,500,800039,0.005435165003291331,cf1_margin,none,0.17325583257273713
2-2-4,none,mixture,0.4,500,800039,0.005435165003291331,slack_plugin,none,0.34651166514547405
2-2-4,none,mixture,0.4,500,800039,0.005435165003291331,gm_battery,none,0.0
2-2-4,none,mixture,0.4,500,800039,0.005435165003291331,gtest,none,33.894419330321284
2-2-4,none,mixture,0.4,500,800040,0.007001753998338245,kl_plugin,none,0.11178347972613895
2-2-4,none,mixture,0.4,500,800040,0.007001753998338245,kl_split,none,0.22549006689286463
2-2-4,none,mixture,0.4,500,800040,0.007001753998338245,kl_crossfit,none,0.22650630278544204
2-2-4,none,mixture,0.4,500,800040,0.007001753998338245,cf1_margin,none,0.2958333333333334
2-2-4,none,mixture,0.4,500,800040,0.007001753998338245,slack_plugin,none,0.5916666666666667
2-2-4,none,mixture,0.4,500,800040,0.007001753998338245,gm_battery,none,0.0
2-2-4,none,mixture,0.4,500,800040,0.007001753998338245,gtest,none,12.504347603993937
2-2-4,none,mixture,0.4,500,800041,0.005411163001554087,kl_plugin,none,0.09567622541627474
2-2-4,none,mixture,0.4,500,800041,0.005411163001554087,kl_split,none,0.14238593460049087
2-2-4,none,mixture,0.4,500,800041,0.005411163001554087,kl_crossfit,none,0.18621831070477812
2-2-4,none,mixture,0.4,500,800041,0.005411163001554087,cf1_margin,none,0.2830807636299627
2-2-4,none,mixture,0.4,500,800041,0.005411163001554087,slack_plugin,none,0.5661615272599255
2-2-4,none,mixture,0.4,500,800041,0.005411163001554087,gm_battery,none,0.0
2-2-4,none,mixture,0.4,500,800041,0.005411163001554087,gtest,none,32.13696315702069
2-2-4,none,mixture,0.4,500,800042,0.005429263001133222,kl_plugin,none,0.07015749638705306
2-2-4,none,mixture,0.4,500,800042,0.005429263001133222,kl_split,none,0.1574146307334954
2-2-4,none,mixture,0.4,500,800042,0.005429263001133222,kl_crossfit,none,0.11761711453820677
2-2-4,none,mixture,0.4,500,800042,0.005429263001133222,cf1_margin,none,0.24673579109062982
2-2-4,none,mixture,0.4,500,800042,0.005429263001133222,slack_plugin,none,0.49347158218125964
2-2-4,none,mixture,0.4,500,800042,0.005429263001133222,gm_battery,none,0.0
2-2-4,none,mixture,0.4,500,800042,0.005429263001133222,gtest,none,25.113562500144447
2-2-4,none,mixture,0.4,500,800043,0.012328072996751871,kl_plugin,none,0.0531498724208361
2-2-4,none,mixture,0.4,500,800043,0.012328072996751871,kl_split,none,0.24480512802293908
2-2-4,none,mixture,0.4,500,800043,0.012328072996751871,kl_crossfit,none,0.25380943905134024
2-2-4,none,mixture,0.4,500,800043,0.012328072996751871,cf1_margin,none,0.2080808080808082
2-2-4,none,mixture,0.4,500,800043,0.012328072996751871,slack_plugin,none,0.4161616161616162
2-2-4,none,mixture,0.4,500,800043,0.012328072996751871,gm_battery,none,0.0
2-2-4,none,mixture,0.4,500,800043,0.012328072996751871,gtest,none,22.41352018719415
2-2-4,none,mixture,0.4,500,800044,0.009217307000653818,kl_plugin,none,0.11280149995511463
2-2-4,none,mixture,0.4,500,800044,0.009217307000653818,kl_split,none,0.28316135541324583
2-2-4,none,mixture,0.4,500,800044,0.009217307000653818,kl_crossfit,none,0.27641626202156905
2-2-4,none,mixture,0.4,500,800044,0.009217307000653818,cf1_margin,none,0.3115677613469048
2-2-4,none,mixture,0.4,500,800044,0.009217307000653818,slack_plugin,none,0.6231355226938093
2-2-4,none,mixture,0.4,500,800044,0.009217307000653818,gm_battery,none,0.0
2-2-4,none,mixture,0.4,500,800044,0.009217307000653818,gtest,none,9.71177234386801
2-2-4,none,mixture,0.4,500,800045,0.005397273998823948,kl_plugin,none,0.07727003113408892
2-2-4,none,mixture,0.4,500,800045,0.005397273998823948,kl_split,none,0.1880418224055248
2-2-4,none,mixture,0.4,500,800045,0.005397273998823948,kl_crossfit,none,0.1868942547125769
2-2-4,none,mixture,0.4,500,800045,0.005397273998823948,cf1_margin,none,0.25288906009245005
2-2-4,none,mixture,0.4,500,800045,0.005397273998823948,slack_plugin,none,0.5057781201848998
2-2-4,none,mixture,0.4,500,800045,0.005397273998823948,gm_battery,none,0.0
2-2-4,none,mixture,0.4,500,800045,0.005397273998823948,gtest,none,32.073042327930295
2-2-4,none,mixture,0.4,500,800046,0.005797726000309922,kl_plugin,none,0.11453015963339436
2-2-4,none,mixture,0.4,500,800046,0.005797726000309922,kl_split,none,0.2682381077972047
2-2-4,none,mixture,0.4,500,800046,0.005797726000309922,kl_crossfit,none,0.2727073793988959
2-2-4,none,mixture,0.4,500,800046,0.005797726000309922,cf1_margin,none,0.30399999999999994
2-2-4,none,mixture,0.4,500,800046,0.005797726000309922,slack_plugin,none,0.608
2-2-4,none,mixture,0.4,500,800046,0.005797726000309922,gm_battery,none,0.0
2-2-4,none,mixture,0.4,500,800046,0.005797726000309922,gtest,none,4.01858678701079
2-2-4,none,mixture,0.4,500,800047,0.010826926001755055,kl_plugin,none,0.043531797841925346
2-2-4,none,mixture,0.4,500,800047,0.010826926001755055,kl_split,none,0.15300885573141448
2-2-4,none,mixture,0.4,500,800047,0.010826926001755055,kl_crossfit,none,0.14659370088176502
2-2-4,none,mixture,0.4,500,800047,0.010826926001755055,cf1_margin,none,0.18735985649304887
2-2-4,none,mixture,0.4,500,800047,0.010826926001755055,slack_plugin,none,0.37471971298609785
2-2-4,none,mixture,0.4,500,800047,0.010826926001755055,gm_battery,none,0.0
2-2-4,none,mixture,0.4,500,800047,0.010826926001755055,gtest,none,19.255667790646903
2-2-4,none,mixture,0.4,500,800048,0.005255269999906886,kl_plugin,none,0.1309048740490385
2-2-4,none,mixture,0.4,500,800048,0.005255269999906886,kl_split,none,0.32951512872637395
2-2-4,none,mixture,0.4,500,800048,0.005255269999906886,kl_crossfit,none,0.27551205641364873
2-2-4,none,mixture,0.4,500,800048,0.005255269999906886,cf1_margin,none,0.3144211065573771
2-2-4,none,mixture,0.4,500,800048,0.005255269999906886,slack_plugin,none,0.6288422131147542
2-2-4,none,mixture,0.4,500,800048,0.005255269999906886,gm_battery,none,0.0
2-2-4,none,mixture,0.4,500,800048,0.005255269999906886,gtest,none,8.204123503874285
2-2-4,none,mixture,0.4,500,800049,0.011239186002057977,kl_plugin,none,0.09987364299843193
2-2-4,none,mixture,0.4,500,800049,0.011239186002057977,kl_split,none,0.20093223726315199
2-2-4,none,mixture,0.4,500,800049,0.011239186002057977,kl_crossfit,none,0.2261746572340309
2-2-4,none,mixture,0.4,500,800049,0.011239186002057977,cf1_margin,none,0.28099239695878364
2-2-4,none,mixture,0.4,500,800049,0.011239186002057977,slack_plugin,none,0.5619847939175668
2-2-4,none,mixture,0.4,500,800049,0.011239186002057977,gm_battery,none,0.0
2-2-4,none,mixture,0.4,500,800049,0.011239186002057977,gtest,none,16.791400422363587
2-2-4,none,mixture,0.4,500,800050,0.007906382001237944,kl_plugin,none,0.06775406669105666
2-2-4,none,mixture,0.4,500,800050,0.007906382001237944,kl_split,none,0.2007904981407168
2-2-4,none,mixture,0.4,500,800050,0.007906382001237944,kl_crossfit,none,1.068756059768441
2-2-4,none,mixture,0.4,500,800050,0.007906382001237944,cf1_margin,none,0.23565675489583826
2-2-4,none,mixture,0.4,500,800050,0.007906382001237944,slack_plugin,none,0.47131350979167674
2-2-4,none,mixture,0.4,500,800050,0.007906382001237944,gm_battery,none,0.0
2-2-4,none,mixture,0.4,500,800050,0.007906382001237944,gtest,none,11.553814171794343
2-2-4,none,mixture,0.4,500,800051,0.0066207700001541525,kl_plugin,none,0.09005172927111821
2-2-4,none,mixture,0.4,500,800051,0.0066207700001541525,kl_split,none,0.21702345020283006
2-2-4,none,mixture,0.4,500,800051,0.0066207700001541525,kl_crossfit,none,0.20158737321231912
2-2-4,none,mixture,0.4,500,800051,0.0066207700001541525,cf1_margin,none,0.2674604698802894
2-2-4,none,mixture,0.4,500,800051,0.0066207700001541525,slack_plugin,none,0.5349209397605788
2-2-4,none,mixture,0.4,500,800051,0.0066207700001541525,gm_battery,none,0.0
2-2-4,none,mixture,0.4,500,800051,0.0066207700001541525,gtest,none,17.884503761670445
2-2-4,none,mixture,0.4,500,800052,0.007003548002103344,kl_plugin,none,0.08566146403842823
2-2-4,none,mixture,0.4,500,800052,0.007003548002103344,kl_split,none,2.719657872462512
2-2-4,none,mixture,0.4,500,800052,0.007003548002103344,kl_crossfit,none,1.4803292283710956
2-2-4,none,mixture,0.4,500,800052,0.007003548002103344,cf1_margin,none,0.2829880043620502
2-2-4,none,mixture,0.4,500,800052,0.007003548002103344,slack_plugin,none,0.5659760087241004
2-2-4,none,mixture,0.4,500,800052,0.007003548002103344,gm_battery,none,0.0
2-2-4,none,mixture,0.4,500,800052,0.007003548002103344,gtest,none,49.49858698491442
2-2-4,none,mixture,0.4,500,800053,0.00859276900155237,kl_plugin,none,0.10831972780668869
2-2-4,none,mixture,0.4,500,800053,0.00859276900155237,kl_split,none,0.22128511330348316
2-2-4,none,mixture,0.4,500,800053,0.00859276900155237,kl_crossfit,none,0.18343932839213428
2-2-4,none,mixture,0.4,500,800053,0.00859276900155237,cf1_margin,none,0.3123399897593444
2-2-4,none,mixture,0.4,500,800053,0.00859276900155237,slack_plugin,none,0.6246799795186891
2-2-4,none,mixture,0.4,500,800053,0.00859276900155237,gm_battery,none,0.0
2-2-4,none,mixture,0.4,500,800053,0.00859276900155237,gtest,none,18.38752992310346
2-2-4,none,mixture,0.4,500,800054,0.007768847004626878,kl_plugin,none,0.09444204816386229
2-2-4,none,mixture,0.4,500,800054,0.007768847004626878,kl_split,none,2.676600384649723
2-2-4,none,mixture,0.4,500,800054,0.007768847004626878,kl_crossfit,none,1.4750743638939983
2-2-4,none,mixture,0.4,500,800054,0.007768847004626878,cf1_margin,none,0.2768684298948785
2-2-4,none,mixture,0.4,500,800054,0.007768847004626878,slack_plugin,none,0.5537368597897565
2-2-4,none,mixture,0.4,500,800054,0.007768847004626878,gm_battery,none,0.0
2-2-4,none,mixture,0.4,500,800054,0.007768847004626878,gtest,none,11.830069755323061
2-2-4,none,mixture,0.4,500,800055,0.005390751997765619,kl_plugin,none,0.10264504919935785
2-2-4,none,mixture,0.4,500,800055,0.005390751997765619,kl_split,none,0.2070835866393309
2-2-4,none,mixture,0.4,500,800055,0.005390751997765619,kl_crossfit,none,0.17091712200767936
2-2-4,none,mixture,0.4,500,800055,0.005390751997765619,cf1_margin,none,0.29431009044839296
2-2-4,none,mixture,0.4,500,800055,0.005390751997765619,slack_plugin,none,0.5886201808967862
2-2-4,none,mixture,0.4,500,800055,0.005390751997765619,gm_battery,none,0.0
2-2-4,none,mixture,0.4,500,800055,0.005390751997765619,gtest,none,14.721714266468199
2-2-4,none,mixture,0.4,500,800056,0.00783298299938906,kl_plugin,none,0.10805643732020234
2-2-4,none,mixture,0.4,500,800056,0.00783298299938906,kl_split,none,0.1586988493836213
2-2-4,none,mixture,0.4,500,800056,0.00783298299938906,kl_crossfit,none,0.21057679293751824
2-2-4,none,mixture,0.4,500,800056,0.00783298299938906,cf1_margin,none,0.28887037600730536
2-2-4,none,mixture,0.4,500,800056,0.00783298299938906,slack_plugin,none,0.5777407520146107
2-2-4,none,mixture,0.4,500,800056,0.00783298299938906,gm_battery,none,0.0
2-2-4,none,mixture,0.4,500,800056,0.00783298299938906,gtest,none,15.417148498829004
2-2-4,none,mixture,0.4,500,800057,0.0059513590022106655,kl_plugin,none,0.08425865094748355
2-2-4,none,mixture,0.4,500,800057,0.0059513590022106655,kl_split,none,0.18916727640438502
2-2-4,none,mixture,0.4,500,800057,0.0059513590022106655,kl_crossfit,none,0.182850305834572
2-2-4,none,mixture,0.4,500,800057,0.0059513590022106655,cf1_margin,none,0.27549452659880935
2-2-4,none,mixture,0.4,500,800057,0.0059513590022106655,slack_plugin,none,0.5509890531976187
2-2-4,none,mixture,0.4,500,800057,0.0059513590022106655,gm_battery,none,0.0
2-2-4,none,mixture,0.4,500,800057,0.0059513590022106655,gtest,none,20.47254683689455
2-2-4,none,mixture,0.4,500,800058,0.006916821999766398,kl_plugin,none,0.09384886408080581
2-2-4,none,mixture,0.4,500,800058,0.006916821999766398,kl_split,none,0.22775701245986363
2-2-4,none,mixture,0.4,500,800058,0.006916821999766398,kl_crossfit,none,0.9758662537956169
2-2-4,none,mixture,0.4,500,800058,0.006916821999766398,cf1_margin,none,0.29609063705173544
2-2-4,none,mixture,0.4,500,800058,0.006916821999766398,slack_plugin,none,0.5921812741034711
2-2-4,none,mixture,0.4,500,800058,0.006916821999766398,gm_battery,none,0.0
2-2-4,none,mixture,0.4,500,800058,0.006916821999766398,gtest,none,38.32383917622994
2-2-4,none,mixture,0.4,500,800059,0.006621664004342165,kl_plugin,none,0.08998383990175887
2-2-4,none,mixture,0.4,500,800059,0.006621664004342165,kl_split,none,0.23895425994234215
2-2-4,none,mixture,0.4,500,800059,0.006621664004342165,kl_crossfit,none,0.233654298425846
2-2-4,none,mixture,0.4,500,800059,0.006621664004342165,cf1_margin,none,0.2855881172219993
2-2-4,none,mixture,0.4,500,800059,0.006621664004342165,slack_plugin,none,0.5711762344439986
2-2-4,none,mixture,0.4,500,800059,0.006621664004342165,gm_battery,none,0.0
2-2-4,none,mixture,0.4,500,800059,0.006621664004342165,gtest,none,18.14146187675139
2-2-4,none,mixture,0.4,500,800060,0.005227342997386586,kl_plugin,none,0.0722722095324661
2-2-4,none,mixture,0.4,500,800060,0.005227342997386586,kl_split,none,2.491247623389555
2-2-4,none,mixture,0.4,500,800060,0.005227342997386586,kl_crossfit,none,1.3394998818151422
2-2-4,none,mixture,0.4,500,800060,0.005227342997386586,cf1_margin,none,0.23847336065573765
2-2-4,none,mixture,0.4,500,800060,0.005227342997386586,slack_plugin,none,0.4769467213114753
2-2-4,none,mixture,0.4,500,800060,0.005227342997386586,gm_battery,none,0.0
2-2-4,none,mixture,0.4,500,800060,0.005227342997386586,gtest,none,23.70589185697758
2-2-4,none,mixture,0.4,500,800061,0.00627852400066331,kl_plugin,none,0.047461453977506826
2-2-4,none,mixture,0.4,500,800061,0.00627852400066331,kl_split,none,0.16588958975434542
2-2-4,none,mixture,0.4,500,800061,0.00627852400066331,kl_crossfit,none,0.1300245098869337
2-2-4,none,mixture,0.4,500,800061,0.00627852400066331,cf1_margin,none,0.20473483625088817
2-2-4,none,mixture,0.4,500,800061,0.00627852400066331,slack_plugin,none,0.4094696725017764
2-2-4,none,mixture,0.4,500,800061,0.00627852400066331,gm_battery,none,0.0
2-2-4,none,mixture,0.4,500,800061,0.00627852400066331,gtest,none,36.806231609041276
2-2-4,none,mixture,0.4,500,800062,0.0061768279992975295,kl_plugin,none,0.08598678261829251
2-2-4,none,mixture,0.4,500,800062,0.0061768279992975295,kl_split,none,0.23015964778196493
2-2-4,none,mixture,0.4,500,800062,0.0061768279992975295,kl_crossfit,none,0.2503988061474151
2-2-4,none,mixture,0.4,500,800062,0.0061768279992975295,cf1_margin,none,0.26483923164421086
2-2-4,none,mixture,0.4,500,800062,0.0061768279992975295,slack_plugin,none,0.5296784632884217
2-2-4,none,mixture,0.4,500,800062,0.0061768279992975295,gm_battery,none,0.0
2-2-4,none,mixture,0.4,500,800062,0.0061768279992975295,gtest,none,25.1209202979577
2-2-4,none,mixture,0.4,500,800063,0.005584462996921502,kl_plugin,none,0.10772039572173489
2-2-4,none,mixture,0.4,500,800063,0.005584462996921502,kl_split,none,0.18722840197961804
2-2-4,none,mixture,0.4,500,800063,0.005584462996921502,kl_crossfit,none,0.18157913704686135
2-2-4,none,mixture,0.4,500,800063,0.005584462996921502,cf1_margin,none,0.2916666666666665
2-2-4,none,mixture,0.4,500,800063,0.005584462996921502,slack_plugin,none,0.5833333333333333
2-2-4,none,mixture,0.4,500,800063,0.005584462996921502,gm_battery,none,0.0
2-2-4,none,mixture,0.4,500,800063,0.005584462996921502,gtest,none,31.74815052027064
2-2-4,none,mixture,0.4,500,800064,0.006879811997350771,kl_plugin,none,0.075998345042402
2-2-4,none,mixture,0.4,500,800064,0.006879811997350771,kl_split,none,0.22794447986249494
2-2-4,none,mixture,0.4,500,800064,0.006879811997350771,kl_crossfit,none,0.19460061835605572
2-2-4,none,mixture,0.4,500,800064,0.006879811997350771,cf1_margin,none,0.2526406760130595
2-2-4,none,mixture,0.4,500,800064,0.006879811997350771,slack_plugin,none,0.5052813520261186
2-2-4,none,mixture,0.4,500,800064,0.006879811997350771,gm_battery,none,0.0
2-2-4,none,mixture,0.4,500,800064,0.006879811997350771,gtest,none,14.860984758485694
2-2-4,none,mixture,0.4,500,800065,0.0052994490033597685,kl_plugin,none,0.07421018991764441
2-2-4,none,mixture,0.4,500,800065,0.0052994490033597685,kl_split,none,0.1808231335771435
2-2-4,none,mixture,0.4,500,800065,0.0052994490033597685,kl_crossfit,none,0.1496649947607569
2-2-4,none,mixture,0.4,500,800065,0.0052994490033597685,cf1_margin,none,0.24920337544634996
2-2-4,none,mixture,0.4,500,800065,0.0052994490033597685,slack_plugin,none,0.4984067508926998
2-2-4,none,mixture,0.4,500,800065,0.0052994490033597685,gm_battery,none,0.0
2-2-4,none,mixture,0.4,500,800065,0.0052994490033597685,gtest,none,7.275869295224821
2-2-4,none,mixture,0.4,500,800066,0.00651535700308159,kl_plugin,none,0.10722657562884355
2-2-4,none,mixture,0.4,500,800066,0.00651535700308159,kl_split,none,0.2476014841244058
2-2-4,none,mixture,0.4,500,800066,0.00651535700308159,kl_crossfit,none,0.23990388563706144
2-2-4,none,mixture,0.4,500,800066,0.00651535700308159,cf1_margin,none,0.31054787506400416
2-2-4,none,mixture,0.4,500,800066,0.00651535700308159,slack_plugin,none,0.6210957501280082
2-2-4,none,mixture,0.4,500,800066,0.00651535700308159,gm_battery,none,0.0
2-2-4,none,mixture,0.4,500,800066,0.00651535700308159,gtest,none,13.62464963863113
2-2-4,none,mixture,0.4,500,800067,0.005984868002997246,kl_plugin,none,0.09742976175110007
2-2-4,none,mixture,0.4,500,800067,0.005984868002997246,kl_split,none,0.2043217273722007
2-2-4,none,mixture,0.4,500,800067,0.005984868002997246,kl_crossfit,none,0.16264463315145722
2-2-4,none,mixture,0.4,500,800067,0.005984868002997246,cf1_margin,none,0.2893948855903028
2-2-4,none,mixture,0.4,500,800067,0.005984868002997246,slack_plugin,none,0.5787897711806056
2-2-4,none,mixture,0.4,500,800067,0.005984868002997246,gm_battery,none,0.0
2-2-4,none,mixture,0.4,500,800067,0.005984868002997246,gtest,none,22.635015607497948
2-2-4,none,mixture,0.4,500,800068,0.005331160995410755,kl_plugin,none,0.10049807204487587
2-2-4,none,mixture,0.4,500,800068,0.005331160995410755,kl_split,none,0.2555103694450017
2-2-4,none,mixture,0.4,500,800068,0.005331160995410755,kl_crossfit,none,0.2052528978953079
2-2-4,none,mixture,0.4,500,800068,0.005331160995410755,cf1_margin,none,0.28988922554064667
2-2-4,none,mixture,0.4,500,800068,0.005331160995410755,slack_plugin,none,0.5797784510812936
2-2-4,none,mixture,0.4,500,800068,0.005331160995410755,gm_battery,none,0.0
2-2-4,none,mixture,0.4,500,800068,0.005331160995410755,gtest,none,20.44501256361388
2-2-4,none,mixture,0.4,500,800069,0.00643995100108441,kl_plugin,none,0.0692976522038814
2-2-4,none,mixture,0.4,500,800069,0.00643995100108441,kl_split,none,0.15844457017087166
2-2-4,none,mixture,0.4,500,800069,0.00643995100108441,kl_crossfit,none,0.18166782831597128
2-2-4,none,mixture,0.4,500,800069,0.00643995100108441,cf1_margin,none,0.2508851471507072
2-2-4,none,mixture,0.4,500,800069,0.00643995100108441,slack_plugin,none,0.5017702943014146
2-2-4,none,mixture,0.4,500,800069,0.00643995100108441,gm_battery,none,0.0
2-2-4,none,mixture,0.4,500,800069,0.00643995100108441,gtest,none,24.9057662981537
2-2-4,none,mixture,0.4,500,800070,0.004947761997755151,kl_plugin,none,0.11711352550255769
2-2-4,none,mixture,0.4,500,800070,0.004947761997755151,kl_split,none,0.22039064046480145
2-2-4,none,mixture,0.4,500,800070,0.004947761997755151,kl_crossfit,none,1.0835917120745362
2-2-4,none,mixture,0.4,500,800070,0.004947761997755151,cf1_margin,none,0.29190932280887516
2-2-4,none,mixture,0.4,500,800070,0.004947761997755151,slack_plugin,none,0.5838186456177505
2-2-4,none,mixture,0.4,500,800070,0.004947761997755151,gm_battery,none,0.0
2-2-4,none,mixture,0.4,500,800070,0.004947761997755151,gtest,none,9.107229934196141
2-2-4,none,mixture,0.4,500,800071,0.007177543004218023,kl_plugin,none,0.10676516815209672
2-2-4,none,mixture,0.4,500,800071,0.007177543004218023,kl_split,none,0.3034420881874088
2-2-4,none,mixture,0.4,500,800071,0.007177543004218023,kl_crossfit,none,0.2378870519339892
2-2-4,none,mixture,0.4,500,800071,0.007177543004218023,cf1_margin,none,0.3032582662230153
2-2-4,none,mixture,0.4,500,800071,0.007177543004218023,slack_plugin,none,0.6065165324460303
2-2-4,none,mixture,0.4,500,800071,0.007177543004218023,gm_battery,none,0.0
2-2-4,none,mixture,0.4,500,800071,0.007177543004218023,gtest,none,13.918425391452724
2-2-4,none,mixture,0.4,500,800072,0.005023569996410515,kl_plugin,none,0.1183018554705961
2-2-4,none,mixture,0.4,500,800072,0.005023569996410515,kl_split,none,3.5536846305586636
2-2-4,none,mixture,0.4,500,800072,0.005023569996410515,kl_crossfit,none,1.8847208681196586
2-2-4,none,mixture,0.4,500,800072,0.005023569996410515,cf1_margin,none,0.31054787506400416
2-2-4,none,mixture,0.4,500,800072,0.005023569996410515,slack_plugin,none,0.6210957501280082
2-2-4,none,mixture,0.4,500,800072,0.005023569996410515,gm_battery,none,0.0
2-2-4,none,mixture,0.4,500,800072,0.005023569996410515,gtest,none,20.369315364631564
2-2-4,none,mixture,0.4,500,800073,0.004907101996650454,kl_plugin,none,0.08233069972698412
2-2-4,none,mixture,0.4,500,800073,0.004907101996650454,kl_split,none,0.12447456515835817
2-2-4,none,mixture,0.4,500,800073,0.004907101996650454,kl_crossfit,none,0.16212855646080937
2-2-4,none,mixture,0.4,500,800073,0.004907101996650454,cf1_margin,none,0.25596372899277475
2-2-4,none,mixture,0.4,500,800073,0.004907101996650454,slack_plugin,none,0.5119274579855492
2-2-4,none,mixture,0.4,500,800073,0.004907101996650454,gm_battery,none,0.0
2-2-4,none,mixture,0.4,500,800073,0.004907101996650454,gtest,none,19.89943636332612
2-2-4,none,mixture,0.4,500,800074,0.006163280995679088,kl_plugin,none,0.07238673577555718
2-2-4,none,mixture,0.4,500,800074,0.006163280995679088,kl_split,none,0.18638009111323162
2-2-4,none,mixture,0.4,500,800074,0.006163280995679088,kl_crossfit,none,0.1785540123379743
2-2-4,none,mixture,0.4,500,800074,0.006163280995679088,cf1_margin,none,0.2550782818145323
2-2-4,none,mixture,0.4,500,800074,0.006163280995679088,slack_plugin,none,0.5101565636290648
2-2-4,none,mixture,0.4,500,800074,0.006163280995679088,gm_battery,none,0.0
2-2-4,none,mixture,0.4,500,800074,0.006163280995679088,gtest,none,11.993699351201625
2-2-4,none,mixture,0.4,500,800075,0.004838826003833674,kl_plugin,none,0.11367412730517373
2-2-4,none,mixture,0.4,500,800075,0.004838826003833674,kl_split,none,0.2669148418648515
2-2-4,none,mixture,0.4,500,800075,0.004838826003833674,kl_crossfit,none,0.2581745455796284
2-2-4,none,mixture,0.4,500,800075,0.004838826003833674,cf1_margin,none,0.3160256410256409
2-2-4,none,mixture,0.4,500,800075,0.004838826003833674,slack_plugin,none,0.632051282051282
2-2-4,none,mixture,0.4,500,800075,0.004838826003833674,gm_battery,none,0.0
2-2-4,none,mixture,0.4,500,800075,0.004838826003833674,gtest,none,17.334325058708565
2-2-4,none,mixture,0.4,500,800076,0.004974102004780434,kl_plugin,none,0.06907288675196901
2-2-4,none,mixture,0.4,500,800076,0.004974102004780434,kl_split,none,0.16894278774907812
2-2-4,none,mixture,0.4,500,800076,0.004974102004780434,kl_crossfit,none,0.19133627288635946
2-2-4,none,mixture,0.4,500,800076,0.004974102004780434,cf1_margin,none,0.23877364393319522
2-2-4,none,mixture,0.4,500,800076,0.004974102004780434,slack_plugin,none,0.47754728786639067
2-2-4,none,mixture,0.4,500,800076,0.004974102004780434,gm_battery,none,0.0
2-2-4,none,mixture,0.4,500,800076,0.004974102004780434,gtest,none,21.313661188216166
2-2-4,none,mixture,0.4,500,800077,0.005691879996447824,kl_plugin,none,0.06199484758813603
2-2-4,none,mixture,0.4,500,800077,0.005691879996447824,kl_split,none,0.17511392415940233
2-2-4,none,mixture,0.4,500,800077,0.005691879996447824,kl_crossfit,none,0.19216929358102847
2-2-4,none,mixture,0.4,500,800077,0.005691879996447824,cf1_margin,none,0.23414304993252355
2-2-4,none,mixture,0.4,500,800077,0.005691879996447824,slack_plugin,none,0.46828609986504743
2-2-4,none,mixture,0.4,500,800077,0.005691879996447824,gm_battery,none,0.0
2-2-4,none,mixture,0.4,500,800077,0.005691879996447824,gtest,none,17.853749753837636
2-2-4,none,mixture,0.4,500,800078,0.006802708005125169,kl_plugin,none,0.058167612426245366
2-2-4,none,mixture,0.4,500,800078,0.006802708005125169,kl_split,none,3.6127312876269677
2-2-4,none,mixture,0.4,500,800078,0.006802708005125169,kl_crossfit,none,1.8939745133005639
2-2-4,none,mixture,0.4,500,800078,0.006802708005125169,cf1_margin,none,0.2272727272727273
2-2-4,none,mixture,0.4,500,800078,0.006802708005125169,slack_plugin,none,0.4545454545454548
2-2-4,none,mixture,0.4,500,800078,0.006802708005125169,gm_battery,none,0.0
2-2-4,none,mixture,0.4,500,800078,0.006802708005125169,gtest,none,3.5883166572696643
2-2-4,none,mixture,0.4,500,800079,0.005017228002543561,kl_plugin,none,0.08911016619686059
2-2-4,none,mixture,0.4,500,800079,0.005017228002543561,kl_split,none,0.11244438304046774
2-2-4,none,mixture,0.4,500,800079,0.005017228002543561,kl_crossfit,none,0.15594253755141113
2-2-4,none,mixture,0.4,500,800079,0.005017228002543561,cf1_margin,none,0.27226890756302524
2-2-4,none,mixture,0.4,500,800079,0.005017228002543561,slack_plugin,none,0.5445378151260505
2-2-4,none,mixture,0.4,500,800079,0.005017228002543561,gm_battery,none,0.0
2-2-4,none,mixture,0.4,500,800079,0.005017228002543561,gtest,none,15.022627338044401
2-2-4,none,mixture,0.4,500,800080,0.0056070909995469265,kl_plugin,none,0.10043996475739667
2-2-4,none,mixture,0.4,500,800080,0.0056070909995469265,kl_split,none,0.2065878905974045
2-2-4,none,mixture,0.4,500,800080,0.0056070909995469265,kl_crossfit,none,0.19491361028284093
2-2-4,none,mixture,0.4,500,800080,0.0056070909995469265,cf1_margin,none,0.2857280107604362
2-2-4,none,mixture,0.4,500,800080,0.0056070909995469265,slack_plugin,none,0.5714560215208722
2-2-4,none,mixture,0.4,500,800080,0.0056070909995469265,gm_battery,none,0.0
2-2-4,none,mixture,0.4,500,800080,0.0056070909995469265,gtest,none,17.385294143049194
2-2-4,none,mixture,0.4,500,800081,0.007465871000022162,kl_plugin,none,0.0670737132831858
2-2-4,none,mixture,0.4,500,800081,0.007465871000022162,kl_split,none,0.1751523940371919
2-2-4,none,mixture,0.4,500,800081,0.007465871000022162,kl_crossfit,none,0.1589048553344915
2-2-4,none,mixture,0.4,500,800081,0.007465871000022162,cf1_margin,none,0.25136034824915177
2-2-4,none,mixture,0.4,500,800081,0.007465871000022162,slack_plugin,none,0.5027206964983038
2-2-4,none,mixture,0.4,500,800081,0.007465871000022162,gm_battery,none,0.0
2-2-4,none,mixture,0.4,500,800081,0.007465871000022162,gtest,none,21.909629824106126
2-2-4,none,mixture,0.4,500,800082,0.006565315998159349,kl_plugin,none,0.07299357759876776
2-2-4,none,mixture,0.4,500,800082,0.006565315998159349,kl_split,none,0.14386221362767695
2-2-4,none,mixture,0.4,500,800082,0.006565315998159349,kl_crossfit,none,1.5740214784503486
2-2-4,none,mixture,0.4,500,800082,0.006565315998159349,cf1_margin,none,0.24926658009907177
2-2-4,none,mixture,0.4,500,800082,0.006565315998159349,slack_plugin,none,0.49853316019814353
2-2-4,none,mixture,0.4,500,800082,0.006565315998159349,gm_battery,none,0.0
2-2-4,none,mixture,0.4,500,800082,0.006565315998159349,gtest,none,22.54303584565687
2-2-4,none,mixture,0.4,500,800083,0.005727589996240567,kl_plugin,none,0.1018242815651153
2-2-4,none,mixture,0.4,500,800083,0.005727589996240567,kl_split,none,0.25019598107005236
2-2-4,none,mixture,0.4,500,800083,0.005727589996240567,kl_crossfit,none,0.2446405753612161
2-2-4,none,mixture,0.4,500,800083,0.005727589996240567,cf1_margin,none,0.28780144340785085
2-2-4,none,mixture,0.4,500,800083,0.005727589996240567,slack_plugin,none,0.5756028868157016
2-2-4,none,mixture,0.4,500,800083,0.005727589996240567,gm_battery,none,0.0
2-2-4,none,mixture,0.4,500,800083,0.005727589996240567,gtest,none,15.594079722367356
2-2-4,none,mixture,0.4,500,800084,0.005495539997355081,kl_plugin,none,0.11391005643266644
2-2-4,none,mixture,0.4,500,800084,0.005495539997355081,kl_split,none,0.24826746892586427
2-2-4,none,mixture,0.4,500,800084,0.005495539997355081,kl_crossfit,none,0.2556376835111525
2-2-4,none,mixture,0.4,500,800084,0.005495539997355081,cf1_margin,none,0.3127651060424169
2-2-4,none,mixture,0.4,500,800084,0.005495539997355081,slack_plugin,none,0.625530212084834
2-2-4,none,mixture,0.4,500,800084,0.005495539997355081,gm_battery,none,0.0
2-2-4,none,mixture,0.4,500,800084,0.005495539997355081,gtest,none,14.596237788819678
2-2-4,none,mixture,0.4,500,800085,0.006804625998483971,kl_plugin,none,0.08441663224233384
2-2-4,none,mixture,0.4,500,800085,0.006804625998483971,kl_split,none,0.2636798735283437
2-2-4,none,mixture,0.4,500,800085,0.006804625998483971,kl_crossfit,none,0.23590993596731571
2-2-4,none,mixture,0.4,500,800085,0.006804625998483971,cf1_margin,none,0.26740424430641807
2-2-4,none,mixture,0.4,500,800085,0.006804625998483971,slack_plugin,none,0.5348084886128365
2-2-4,none,mixture,0.4,500,800085,0.006804625998483971,gm_battery,none,0.0
2-2-4,none,mixture,0.4,500,800085,0.006804625998483971,gtest,none,14.452502070371395
2-2-4,none,mixture,0.4,500,800086,0.005922700998780783,kl_plugin,none,0.08533641095779397
2-2-4,none,mixture,0.4,500,800086,0.005922700998780783,kl_split,none,0.18895210309258412
2-2-4,none,mixture,0.4,500,800086,0.005922700998780783,kl_crossfit,none,0.18821076639801923
2-2-4,none,mixture,0.4,500,800086,0.005922700998780783,cf1_margin,none,0.25943366006790947
2-2-4,none,mixture,0.4,500,800086,0.005922700998780783,slack_plugin,none,0.5188673201358189
2-2-4,none,mixture,0.4,500,800086,0.005922700998780783,gm_battery,none,0.0
2-2-4,none,mixture,0.4,500,800086,0.005922700998780783,gtest,none,19.491978352864052
2-2-4,none,mixture,0.4,500,800087,0.005717138999898452,kl_plugin,none,0.08802215007157632
2-2-4,none,mixture,0.4,500,800087,0.005717138999898452,kl_split,none,0.23449850018317356
2-2-4,none,mixture,0.4,500,800087,0.005717138999898452,kl_crossfit,none,0.20631594607411097
2-2-4,none,mixture,0.4,500,800087,0.005717138999898452,cf1_margin,none,0.27656169994879665
2-2-4,none,mixture,0.4,500,800087,0.005717138999898452,slack_plugin,none,0.5531233998975933
2-2-4,none,mixture,0.4,500,800087,0.005717138999898452,gm_battery,none,0.0
2-2-4,none,mixture,0.4,500,800087,0.005717138999898452,gtest,none,19.362345494519335
2-2-4,none,mixture,0.4,500,800088,0.004912178999802563,kl_plugin,none,0.14359295289107696
2-2-4,none,mixture,0.4,500,800088,0.004912178999802563,kl_split,none,0.24822343094829463
2-2-4,none,mixture,0.4,500,800088,0.004912178999802563,kl_crossfit,none,0.23750423442740268
2-2-4,none,mixture,0.4,500,800088,0.004912178999802563,cf1_margin,none,0.3434397077519753
2-2-4,none,mixture,0.4,500,800088,0.004912178999802563,slack_plugin,none,0.6868794155039508
2-2-4,none,mixture,0.4,500,800088,0.004912178999802563,gm_battery,none,0.0
2-2-4,none,mixture,0.4,500,800088,0.004912178999802563,gtest,none,15.940258544642507
2-2-4,none,mixture,0.4,500,800089,0.0075003740057582036,kl_plugin,none,0.05656688592662659
2-2-4,none,mixture,0.4,500,800089,0.0075003740057582036,kl_split,none,0.19780892118408272
2-2-4,none,mixture,0.4,500,800089,0.0075003740057582036,kl_crossfit,none,0.19574244917876366
2-2-4,none,mixture,0.4,500,800089,0.0075003740057582036,cf1_margin,none,0.23005236105106397
2-2-4,none,mixture,0.4,500,800089,0.0075003740057582036,slack_plugin,none,0.4601047221021279
2-2-4,none,mixture,0.4,500,800089,0.0075003740057582036,gm_battery,none,0.0
2-2-4,none,mixture,0.4,500,800089,0.0075003740057582036,gtest,none,26.171056085930783
2-2-4,none,mixture,0.4,500,800090,0.006021239998517558,kl_plugin,none,0.06423880439944353
2-2-4,none,mixture,0.4,500,800090,0.006021239998517558,kl_split,none,0.20548995706493317
2-2-4,none,mixture,0.4,500,800090,0.006021239998517558,kl_crossfit,none,0.18224906340402824
2-2-4,none,mixture,0.4,500,800090,0.006021239998517558,cf1_margin,none,0.23472008217770934
2-2-4,none,mixture,0.4,500,800090,0.006021239998517558,slack_plugin,none,0.4694401643554186
2-2-4,none,mixture,0.4,500,800090,0.006021239998517558,gm_battery,none,0.0
2-2-4,none,mixture,0.4,500,800090,0.006021239998517558,gtest,none,14.589036489892784
2-2-4,none,mixture,0.4,500,800091,0.005408145996625535,kl_plugin,none,0.06570840327527397
2-2-4,none,mixture,0.4,500,800091,0.005408145996625535,kl_split,none,0.17227501689695968
2-2-4,none,mixture,0.4,500,800091,0.005408145996625535,kl_crossfit,none,0.1289565965402209
2-2-4,none,mixture,0.4,500,800091,0.005408145996625535,cf1_margin,none,0.24005400974104263
2-2-4,none,mixture,0.4,500,800091,0.005408145996625535,slack_plugin,none,0.48010801948208515
2-2-4,none,mixture,0.4,500,800091,0.005408145996625535,gm_battery,none,0.0
2-2-4,none,mixture,0.4,500,800091,0.005408145996625535,gtest,none,11.604736628757594
2-2-4,none,mixture,0.4,500,800092,0.006590930999664124,kl_plugin,none,0.06816183495068662
2-2-4,none,mixture,0.4,500,800092,0.006590930999664124,kl_split,none,0.2059964282041452
2-2-4,none,mixture,0.4,500,800092,0.006590930999664124,kl_crossfit,none,0.2086911364652937
2-2-4,none,mixture,0.4,500,800092,0.006590930999664124,cf1_margin,none,0.25012840267077563
2-2-4,none,mixture,0.4,500,800092,0.006590930999664124,slack_plugin,none,0.500256805341551
2-2-4,none,mixture,0.4,500,800092,0.006590930999664124,gm_battery,none,0.0
2-2-4,none,mixture,0.4,500,800092,0.006590930999664124,gtest,none,30.7063706613806
2-2-4,none,mixture,0.4,500,800093,0.005510228002094664,kl_plugin,none,0.09520880050885339
2-2-4,none,mixture,0.4,500,800093,0.005510228002094664,kl_split,none,2.3404746875698414
2-2-4,none,mixture,0.4,500,800093,0.005510228002094664,kl_crossfit,none,1.2527788480794466
2-2-4,none,mixture,0.4,500,800093,0.005510228002094664,cf1_margin,none,0.27211538461538454
2-2-4,none,mixture,0.4,500,800093,0.005510228002094664,slack_plugin,none,0.5442307692307692
2-2-4,none,mixture,0.4,500,800093,0.005510228002094664,gm_battery,none,0.0
2-2-4,none,mixture,0.4,500,800093,0.005510228002094664,gtest,none,9.81336975510986
2-2-4,none,mixture,0.4,500,800094,0.006117564997111913,kl_plugin,none,0.06464806402089936
2-2-4,none,mixture,0.4,500,800094,0.006117564997111913,kl_split,none,0.19445042963705345
2-2-4,none,mixture,0.4,500,800094,0.006117564997111913,kl_crossfit,none,0.1516486025853691
2-2-4,none,mixture,0.4,500,800094,0.006117564997111913,cf1_margin,none,0.23129251700680276
2-2-4,none,mixture,0.4,500,800094,0.006117564997111913,slack_plugin,none,0.46258503401360546
2-2-4,none,mixture,0.4,500,800094,0.006117564997111913,gm_battery,none,0.0
2-2-4,none,mixture,0.4,500,800094,0.006117564997111913,gtest,none,27.461252897850137
2-2-4,none,mixture,0.4,500,800095,0.005230363996815868,kl_plugin,none,0.08643454442459907
2-2-4,none,mixture,0.4,500,800095,0.005230363996815868,kl_split,none,0.22013072799327327
2-2-4,none,mixture,0.4,500,800095,0.005230363996815868,kl_crossfit,none,0.17644858483916898
2-2-4,none,mixture,0.4,500,800095,0.005230363996815868,cf1_margin,none,0.26611612572818655
2-2-4,none,mixture,0.4,500,800095,0.005230363996815868,slack_plugin,none,0.5322322514563727
2-2-4,none,mixture,0.4,500,800095,0.005230363996815868,gm_battery,none,0.0
2-2-4,none,mixture,0.4,500,800095,0.005230363996815868,gtest,none,34.51101520812069
2-2-4,none,mixture,0.4,500,800096,0.006898297004227061,kl_plugin,none,0.054925879228847285
2-2-4,none,mixture,0.4,500,800096,0.006898297004227061,kl_split,none,0.15362193393111562
2-2-4,none,mixture,0.4,500,800096,0.006898297004227061,kl_crossfit,none,1.3626808385420695
2-2-4,none,mixture,0.4,500,800096,0.006898297004227061,cf1_margin,none,0.2260136491368927
2-2-4,none,mixture,0.4,500,800096,0.006898297004227061,slack_plugin,none,0.4520272982737858
2-2-4,none,mixture,0.4,500,800096,0.006898297004227061,gm_battery,none,0.0
2-2-4,none,mixture,0.4,500,800096,0.006898297004227061,gtest,none,27.964848444970215
2-2-4,none,mixture,0.4,500,800097,0.008020325003599282,kl_plugin,none,0.09243206583770719
2-2-4,none,mixture,0.4,500,800097,0.008020325003599282,kl_split,none,0.18808911526540956
2-2-4,none,mixture,0.4,500,800097,0.008020325003599282,kl_crossfit,none,0.20968835557998072
2-2-4,none,mixture,0.4,500,800097,0.008020325003599282,cf1_margin,none,0.2810444967119473
2-2-4,none,mixture,0.4,500,800097,0.008020325003599282,slack_plugin,none,0.5620889934238947
2-2-4,none,mixture,0.4,500,800097,0.008020325003599282,gm_battery,none,0.0
2-2-4,none,mixture,0.4,500,800097,0.008020325003599282,gtest,none,22.43279582786808
2-2-4,none,mixture,0.4,500,800098,0.015496981999604031,kl_plugin,none,0.152669378265339
2-2-4,none,mixture,0.4,500,800098,0.015496981999604031,kl_split,none,0.2482841204309032
2-2-4,none,mixture,0.4,500,800098,0.015496981999604031,kl_crossfit,none,0.27810474057210993
2-2-4,none,mixture,0.4,500,800098,0.015496981999604031,cf1_margin,none,0.3556856909710556
2-2-4,none,mixture,0.4,500,800098,0.015496981999604031,slack_plugin,none,0.711371381942111
2-2-4,none,mixture,0.4,500,800098,0.015496981999604031,gm_battery,none,0.0
2-2-4,none,mixture,0.4,500,800098,0.015496981999604031,gtest,none,22.520606218149418
2-2-4,none,mixture,0.4,500,800099,0.009546859997499269,kl_plugin,none,0.08351608656531129
2-2-4,none,mixture,0.4,500,800099,0.009546859997499269,kl_split,none,0.26084801894326093
2-2-4,none,mixture,0.4,500,800099,0.009546859997499269,kl_crossfit,none,0.21450767677851876
2-2-4,none,mixture,0.4,500,800099,0.009546859997499269,cf1_margin,none,0.27338233174809046
2-2-4,none,mixture,0.4,500,800099,0.009546859997499269,slack_plugin,none,0.5467646634961811
2-2-4,none,mixture,0.4,500,800099,0.009546859997499269,gm_battery,none,0.0
2-2-4,none,mixture,0.4,500,800099,0.009546859997499269,gtest,none,23.0052698830604
2-2-4,none,mixture,0.4,500,800100,0.00616046800132608,kl_plugin,none,0.10711690413901598
2-2-4,none,mixture,0.4,500,800100,0.00616046800132608,kl_split,none,0.24972834092023546
2-2-4,none,mixture,0.4,500,800100,0.00616046800132608,kl_crossfit,none,0.20318732777111076
2-2-4,none,mixture,0.4,500,800100,0.00616046800132608,cf1_margin,none,0.29082580562495997
2-2-4,none,mixture,0.4,500,800100,0.00616046800132608,slack_plugin,none,0.5816516112499199
2-2-4,none,mixture,0.4,500,800100,0.00616046800132608,gm_battery,none,0.0
2-2-4,none,mixture,0.4,500,800100,0.00616046800132608,gtest,none,20.717948302256318
2-2-4,none,mixture,0.4,500,800101,0.005536577999009751,kl_plugin,none,0.05054940828096122
2-2-4,none,mixture,0.4,500,800101,0.005536577999009751,kl_split,none,0.19866920437282284
2-2-4,none,mixture,0.4,500,800101,0.005536577999009751,kl_crossfit,none,0.1781104361926199
2-2-4,none,mixture,0.4,500,800101,0.005536577999009751,cf1_margin,none,0.1956980987132706
2-2-4,none,mixture,0.4,500,800101,0.005536577999009751,slack_plugin,none,0.39139619742654125
2-2-4,none,mixture,0.4,500,800101,0.005536577999009751,gm_battery,none,0.0
2-2-4,none,mixture,0.4,500,800101,0.005536577999009751,gtest,none,17.622822373987475
2-2-4,none,mixture,0.4,500,800102,0.006884572001581546,kl_plugin,none,0.07359336039591176
2-2-4,none,mixture,0.4,500,800102,0.006884572001581546,kl_split,none,0.12047299401505736
2-2-4,none,mixture,0.4,500,800102,0.006884572001581546,kl_crossfit,none,0.14909649343811335
2-2-4,none,mixture,0.4,500,800102,0.006884572001581546,cf1_margin,none,0.25984415750652
2-2-4,none,mixture,0.4,500,800102,0.006884572001581546,slack_plugin,none,0.5196883150130401
2-2-4,none,mixture,0.4,500,800102,0.006884572001581546,gm_battery,none,0.0
2-2-4,none,mixture,0.4,500,800102,0.006884572001581546,gtest,none,21.411968952620043
2-2-4,none,mixture,0.4,500,800103,0.00630718600586988,kl_plugin,none,0.06943814897913904
2-2-4,none,mixture,0.4,500,800103,0.00630718600586988,kl_split,none,0.1290267843688783
2-2-4,none,mixture,0.4,500,800103,0.00630718600586988,kl_crossfit,none,0.16936670064044046
2-2-4,none,mixture,0.4,500,800103,0.00630718600586988,cf1_margin,none,0.25181435139941344
2-2-4,none,mixture,0.4,500,800103,0.00630718600586988,slack_plugin,none,0.5036287027988273
2-2-4,none,mixture,0.4,500,800103,0.00630718600586988,gm_battery,none,0.0
2-2-4,none,mixture,0.4,500,800103,0.00630718600586988,gtest,none,26.012156137457325
2-2-4,none,mixture,0.4,500,800104,0.006142498998087831,kl_plugin,none,0.0519617003057415
2-2-4,none,mixture,0.4,500,800104,0.006142498998087831,kl_split,none,0.1755426861065797
2-2-4,none,mixture,0.4,500,800104,0.006142498998087831,kl_crossfit,none,0.17045770320987963
2-2-4,none,mixture,0.4,500,800104,0.006142498998087831,cf1_margin,none,0.20876900378472008
2-2-4,none,mixture,0.4,500,800104,0.006142498998087831,slack_plugin,none,0.41753800756944004
2-2-4,none,mixture,0.4,500,800104,0.006142498998087831,gm_battery,none,0.0
2-2-4,none,mixture,0.4,500,800104,0.006142498998087831,gtest,none,31.365284043256228
2-2-4,none,mixture,0.4,500,800105,0.009653576998971403,kl_plugin,none,0.07419237241595825
2-2-4,none,mixture,0.4,500,800105,0.009653576998971403,kl_split,none,0.2382850321334902
2-2-4,none,mixture,0.4,500,800105,0.009653576998971403,kl_crossfit,none,0.20256034940597756
2-2-4,none,mixture,0.4,500,800105,0.009653576998971403,cf1_margin,none,0.2583888319672132
2-2-4,none,mixture,0.4,500,800105,0.009653576998971403,slack_plugin,none,0.5167776639344264
2-2-4,none,mixture,0.4,500,800105,0.009653576998971403,gm_battery,none,0.0
2-2-4,none,mixture,0.4,500,800105,0.009653576998971403,gtest,none,12.553671613690698
2-2-4,none,mixture,0.4,500,800106,0.006505895005830098,kl_plugin,none,0.15224123810672935
2-2-4,none,mixture,0.4,500,800106,0.006505895005830098,kl_split,none,0.32539911448033476
2-2-4,none,mixture,0.4,500,800106,0.006505895005830098,kl_crossfit,none,2.1007101252966383
2-2-4,none,mixture,0.4,500,800106,0.006505895005830098,cf1_margin,none,0.3759999999999999
2-2-4,none,mixture,0.4,500,800106,0.006505895005830098,slack_plugin,none,0.7519999999999998
2-2-4,none,mixture,0.4,500,800106,0.006505895005830098,gm_battery,none,0.0
2-2-4,none,mixture,0.4,500,800106,0.006505895005830098,gtest,none,19.80332021403858
2-2-4,none,mixture,0.4,500,800107,0.006640364001214039,kl_plugin,none,0.038352751023550485
2-2-4,none,mixture,0.4,500,800107,0.006640364001214039,kl_split,none,0.11843441059500162
2-2-4,none,mixture,0.4,500,800107,0.006640364001214039,kl_crossfit,none,0.16529388837256803
2-2-4,none,mixture,0.4,500,800107,0.006640364001214039,cf1_margin,none,0.18772401433691777
2-2-4,none,mixture,0.4,500,800107,0.006640364001214039,slack_plugin,none,0.3754480286738351
2-2-4,none,mixture,0.4,500,800107,0.006640364001214039,gm_battery,none,0.0
2-2-4,none,mixture,0.4,500,800107,0.006640364001214039,gtest,none,12.032988949210665
2-2-4,none,mixture,0.4,500,800108,0.005255734999082051,kl_plugin,none,0.1248720979088826
2-2-4,none,mixture,0.4,500,800108,0.005255734999082051,kl_split,none,0.2381926924746939
2-2-4,none,mixture,0.4,500,800108,0.005255734999082051,kl_crossfit,none,0.221046748956721
2-2-4,none,mixture,0.4,500,800108,0.005255734999082051,cf1_margin,none,0.3203765368852459
2-2-4,none,mixture,0.4,500,800108,0.005255734999082051,slack_plugin,none,0.6407530737704918
2-2-4,none,mixture,0.4,500,800108,0.005255734999082051,gm_battery,none,0.0
2-2-4,none,mixture,0.4,500,800108,0.005255734999082051,gtest,none,11.7265978549371
2-2-4,none,mixture,0.4,500,800109,0.006523265998112038,kl_plugin,none,0.05116717894382676
2-2-4,none,mixture,0.4,500,800109,0.006523265998112038,kl_split,none,0.16737545189989003
2-2-4,none,mixture,0.4,500,800109,0.006523265998112038,kl_crossfit,none,0.16640074505312016
2-2-4,none,mixture,0.4,500,800109,0.006523265998112038,cf1_margin,none,0.2160138248847927
2-2-4,none,mixture,0.4,500,800109,0.006523265998112038,slack_plugin,none,0.4320276497695852
2-2-4,none,mixture,0.4,500,800109,0.006523265998112038,gm_battery,none,0.0
2-2-4,none,mixture,0.4,500,800109,0.006523265998112038,gtest,none,37.37640648043926
2-2-4,none,mixture,0.4,500,800110,0.006447238993132487,kl_plugin,none,0.07391653836734743
2-2-4,none,mixture,0.4,500,800110,0.006447238993132487,kl_split,none,0.19267064448930987
2-2-4,none,mixture,0.4,500,800110,0.006447238993132487,kl_crossfit,none,0.16452021673570533
2-2-4,none,mixture,0.4,500,800110,0.006447238993132487,cf1_margin,none,0.2547316064853692
2-2-4,none,mixture,0.4,500,800110,0.006447238993132487,slack_plugin,none,0.5094632129707383
2-2-4,none,mixture,0.4,500,800110,0.006447238993132487,gm_battery,none,0.0
2-2-4,none,mixture,0.4,500,800110,0.006447238993132487,gtest,none,13.028605837447136
2-2-4,none,mixture,0.4,500,800111,0.00823700800538063,kl_plugin,none,0.14528547566278266
2-2-4,none,mixture,0.4,500,800111,0.00823700800538063,kl_split,none,0.2991327000648334
2-2-4,none,mixture,0.4,500,800111,0.00823700800538063,kl_crossfit,none,0.2631582507966388
2-2-4,none,mixture,0.4,500,800111,0.00823700800538063,cf1_margin,none,0.35015368852459017
2-2-4,none,mixture,0.4,500,800111,0.00823700800538063,slack_plugin,none,0.7003073770491802
2-2-4,none,mixture,0.4,500,800111,0.00823700800538063,gm_battery,none,0.0
2-2-4,none,mixture,0.4,500,800111,0.00823700800538063,gtest,none,19.87727716300526
2-2-4,none,mixture,0.4,500,800112,0.005476700003782753,kl_plugin,none,0.10296636228002452
2-2-4,none,mixture,0.4,500,800112,0.005476700003782753,kl_split,none,0.24811696172479902
2-2-4,none,mixture,0.4,500,800112,0.005476700003782753,kl_crossfit,none,0.2521798040924452
2-2-4,none,mixture,0.4,500,800112,0.005476700003782753,cf1_margin,none,0.28742505344713976
2-2-4,none,mixture,0.4,500,800112,0.005476700003782753,slack_plugin,none,0.5748501068942792
2-2-4,none,mixture,0.4,500,800112,0.005476700003782753,gm_battery,none,0.0
2-2-4,none,mixture,0.4,500,800112,0.005476700003782753,gtest,none,9.386170425903272
2-2-4,none,mixture,0.4,500,800113,0.0058399159970576875,kl_plugin,none,0.09101734013937479
2-2-4,none,mixture,0.4,500,800113,0.0058399159970576875,kl_split,none,0.25315346905920433
2-2-4,none,mixture,0.4,500,800113,0.0058399159970576875,kl_crossfit,none,0.21524905667008398
2-2-4,none,mixture,0.4,500,800113,0.0058399159970576875,cf1_margin,none,0.2774704065877509
2-2-4,none,mixture,0.4,500,800113,0.0058399159970576875,slack_plugin,none,0.5549408131755017
2-2-4,none,mixture,0.4,500,800113,0.0058399159970576875,gm_battery,none,0.0
2-2-4,none,mixture,0.4,500,800113,0.0058399159970576875,gtest,none,19.028053434326992
2-2-4,none,mixture,0.4,500,800114,0.005735438004194293,kl_plugin,none,0.0768934467940558
2-2-4,none,mixture,0.4,500,800114,0.005735438004194293,kl_split,none,0.2221696254746891
2-2-4,none,mixture,0.4,500,800114,0.005735438004194293,kl_crossfit,none,0.19638098175353821
2-2-4,none,mixture,0.4,500,800114,0.005735438004194293,cf1_margin,none,0.2600374453921366
2-2-4,none,mixture,0.4,500,800114,0.005735438004194293,slack_plugin,none,0.5200748907842728
2-2-4,none,mixture,0.4,500,800114,0.005735438004194293,gm_battery,none,0.0
2-2-4,none,mixture,0.4,500,800114,0.005735438004194293,gtest,none,30.383843969765284
2-2-4,none,mixture,0.4,500,800115,0.006693843999528326,kl_plugin,none,0.08271424298978405
2-2-4,none,mixture,0.4,500,800115,0.006693843999528326,kl_split,none,0.23373436461129382
2-2-4,none,mixture,0.4,500,800115,0.006693843999528326,kl_crossfit,none,0.23334898552288497
2-2-4,none,mixture,0.4,500,800115,0.006693843999528326,cf1_margin,none,0.26266993322765053
2-2-4,none,mixture,0.4,500,800115,0.006693843999528326,slack_plugin,none,0.5253398664553011
2-2-4,none,mixture,0.4,500,800115,0.006693843999528326,gm_battery,none,0.0
2-2-4,none,mixture,0.4,500,800115,0.006693843999528326,gtest,none,18.675623960061486
2-2-4,none,mixture,0.4,500,800116,0.00810360600007698,kl_plugin,none,0.08520553555945859
2-2-4,none,mixture,0.4,500,800116,0.00810360600007698,kl_split,none,0.17481133317217515
2-2-4,none,mixture,0.4,500,800116,0.00810360600007698,kl_crossfit,none,0.18644475005697686
2-2-4,none,mixture,0.4,500,800116,0.00810360600007698,cf1_margin,none,0.28009784515360714
2-2-4,none,mixture,0.4,500,800116,0.00810360600007698,slack_plugin,none,0.5601956903072145
2-2-4,none,mixture,0.4,500,800116,0.00810360600007698,gm_battery,none,0.0
2-2-4,none,mixture,0.4,500,800116,0.00810360600007698,gtest,none,18.985509393654304
2-2-4,none,mixture,0.4,500,800117,0.005872419002116658,kl_plugin,none,0.10013516910479192
2-2-4,none,mixture,0.4,500,800117,0.005872419002116658,kl_split,none,0.19193253891417494
2-2-4,none,mixture,0.4,500,800117,0.005872419002116658,kl_crossfit,none,0.16343493604592135
2-2-4,none,mixture,0.4,500,800117,0.005872419002116658,cf1_margin,none,0.2883823081485757
2-2-4,none,mixture,0.4,500,800117,0.005872419002116658,slack_plugin,none,0.5767646162971514
2-2-4,none,mixture,0.4,500,800117,0.005872419002116658,gm_battery,none,0.0
2-2-4,none,mixture,0.4,500,800117,0.005872419002116658,gtest,none,23.961218565514393
2-2-4,none,mixture,0.4,500,800118,0.00672939200012479,kl_plugin,none,0.08610229931895041
2-2-4,none,mixture,0.4,500,800118,0.00672939200012479,kl_split,none,0.1678673767944019
2-2-4,none,mixture,0.4,500,800118,0.00672939200012479,kl_crossfit,none,0.15371183409376463
2-2-4,none,mixture,0.4,500,800118,0.00672939200012479,cf1_margin,none,0.258983593437375
2-2-4,none,mixture,0.4,500,800118,0.00672939200012479,slack_plugin,none,0.5179671868747499
2-2-4,none,mixture,0.4,500,800118,0.00672939200012479,gm_battery,none,0.0
2-2-4,none,mixture,0.4,500,800118,0.00672939200012479,gtest,none,14.577005996131287
2-2-4,none,mixture,0.4,500,800119,0.005727830997784622,kl_plugin,none,0.12176293279835756
2-2-4,none,mixture,0.4,500,800119,0.005727830997784622,kl_split,none,1.3662536560120857
2-2-4,none,mixture,0.4,500,800119,0.005727830997784622,kl_crossfit,none,0.8069159781999675
2-2-4,none,mixture,0.4,500,800119,0.005727830997784622,cf1_margin,none,0.31879044141200596
2-2-4,none,mixture,0.4,500,800119,0.005727830997784622,slack_plugin,none,0.6375808828240116
2-2-4,none,mixture,0.4,500,800119,0.005727830997784622,gm_battery,none,0.0
2-2-4,none,mixture,0.4,500,800119,0.005727830997784622,gtest,none,22.91921898914244
2-2-4,none,mixture,0.4,500,800120,0.006067134003387764,kl_plugin,none,0.056930137391245014
2-2-4,none,mixture,0.4,500,800120,0.006067134003387764,kl_split,none,0.1384157367818099
2-2-4,none,mixture,0.4,500,800120,0.006067134003387764,kl_crossfit,none,0.16666284324422523
2-2-4,none,mixture,0.4,500,800120,0.006067134003387764,cf1_margin,none,0.2207981544081128
2-2-4,none,mixture,0.4,500,800120,0.006067134003387764,slack_plugin,none,0.4415963088162257
2-2-4,none,mixture,0.4,500,800120,0.006067134003387764,gm_battery,none,0.0
2-2-4,none,mixture,0.4,500,800120,0.006067134003387764,gtest,none,27.086219167069064
2-2-4,none,mixture,0.4,500,800121,0.006319932006590534,kl_plugin,none,0.10894131426129494
2-2-4,none,mixture,0.4,500,800121,0.006319932006590534,kl_split,none,0.3496410180448691
2-2-4,none,mixture,0.4,500,800121,0.006319932006590534,kl_crossfit,none,0.29785493514485734
2-2-4,none,mixture,0.4,500,800121,0.006319932006590534,cf1_margin,none,0.31493340163934425
2-2-4,none,mixture,0.4,500,800121,0.006319932006590534,slack_plugin,none,0.6298668032786886
2-2-4,none,mixture,0.4,500,800121,0.006319932006590534,gm_battery,none,0.0
2-2-4,none,mixture,0.4,500,800121,0.006319932006590534,gtest,none,40.43562158906472
2-2-4,none,mixture,0.4,500,800122,0.005791371004306711,kl_plugin,none,0.12415671204548023
2-2-4,none,mixture,0.4,500,800122,0.005791371004306711,kl_split,none,0.13130626376151322
2-2-4,none,mixture,0.4,500,800122,0.005791371004306711,kl_crossfit,none,0.17839015211934312
2-2-4,none,mixture,0.4,500,800122,0.005791371004306711,cf1_margin,none,0.3260335948404487
2-2-4,none,mixture,0.4,500,800122,0.005791371004306711,slack_plugin,none,0.6520671896808974
2-2-4,none,mixture,0.4,500,800122,0.005791371004306711,gm_battery,none,0.0
2-2-4,none,mixture,0.4,500,800122,0.005791371004306711,gtest,none,17.027687097595866
2-2-4,none,mixture,0.4,500,800123,0.00510793000285048,kl_plugin,none,0.07992623583700499
2-2-4,none,mixture,0.4,500,800123,0.00510793000285048,kl_split,none,0.16599756819636724
2-2-4,none,mixture,0.4,500,800123,0.00510793000285048,kl_crossfit,none,0.12436224448168737
2-2-4,none,mixture,0.4,500,800123,0.00510793000285048,cf1_margin,none,0.26024590163934425
2-2-4,none,mixture,0.4,500,800123,0.00510793000285048,slack_plugin,none,0.5204918032786885
2-2-4,none,mixture,0.4,500,800123,0.00510793000285048,gm_battery,none,0.0
2-2-4,none,mixture,0.4,500,800123,0.00510793000285048,gtest,none,21.607384181281226
2-2-4,none,mixture,0.4,500,800124,0.005411421996541321,kl_plugin,none,0.12636180972679456
2-2-4,none,mixture,0.4,500,800124,0.005411421996541321,kl_split,none,0.274271653741641
2-2-4,none,mixture,0.4,500,800124,0.005411421996541321,kl_crossfit,none,0.8604776582045776
2-2-4,none,mixture,0.4,500,800124,0.005411421996541321,cf1_margin,none,0.33093087321417136
2-2-4,none,mixture,0.4,500,800124,0.005411421996541321,slack_plugin,none,0.6618617464283425
2-2-4,none,mixture,0.4,500,800124,0.005411421996541321,gm_battery,none,0.0
2-2-4,none,mixture,0.4,500,800124,0.005411421996541321,gtest,none,15.546676082959575
2-2-4,none,mixture,0.4,500,800125,0.005300277000060305,kl_plugin,none,0.09975277232099536
2-2-4,none,mixture,0.4,500,800125,0.005300277000060305,kl_split,none,3.82298396096568
2-2-4,none,mixture,0.4,500,800125,0.005300277000060305,kl_crossfit,none,2.013603372600384
2-2-4,none,mixture,0.4,500,800125,0.005300277000060305,cf1_margin,none,0.2879999999999997
2-2-4,none,mixture,0.4,500,800125,0.005300277000060305,slack_plugin,none,0.5760000000000001
2-2-4,none,mixture,0.4,500,800125,0.005300277000060305,gm_battery,none,0.0
2-2-4,none,mixture,0.4,500,800125,0.005300277000060305,gtest,none,12.55215559623983
2-2-4,none,mixture,0.4,500,800126,0.005026742001064122,kl_plugin,none,0.06677855347737832
2-2-4,none,mixture,0.4,500,800126,0.005026742001064122,kl_split,none,0.13680775928376587
2-2-4,none,mixture,0.4,500,800126,0.005026742001064122,kl_crossfit,none,0.1663541958563158
2-2-4,none,mixture,0.4,500,800126,0.005026742001064122,cf1_margin,none,0.2272485878433832
2-2-4,none,mixture,0.4,500,800126,0.005026742001064122,slack_plugin,none,0.45449717568676673
2-2-4,none,mixture,0.4,500,800126,0.005026742001064122,gm_battery,none,0.0
2-2-4,none,mixture,0.4,500,800126,0.005026742001064122,gtest,none,12.375014024176131
2-2-4,none,mixture,0.4,500,800127,0.00789127500320319,kl_plugin,none,0.1007121286478597
2-2-4,none,mixture,0.4,500,800127,0.00789127500320319,kl_split,none,1.9664087576068612
2-2-4,none,mixture,0.4,500,800127,0.00789127500320319,kl_crossfit,none,1.1031597805870348
2-2-4,none,mixture,0.4,500,800127,0.00789127500320319,cf1_margin,none,0.2914765906362544
2-2-4,none,mixture,0.4,500,800127,0.00789127500320319,slack_plugin,none,0.5829531812725092
2-2-4,none,mixture,0.4,500,800127,0.00789127500320319,gm_battery,none,0.0
2-2-4,none,mixture,0.4,500,800127,0.00789127500320319,gtest,none,5.8948958193103085
2-2-4,none,mixture,0.4,500,800128,0.005771939002443105,kl_plugin,none,0.10052293863809239
2-2-4,none,mixture,0.4,500,800128,0.005771939002443105,kl_split,none,0.2130578033090408
2-2-4,none,mixture,0.4,500,800128,0.005771939002443105,kl_crossfit,none,0.19454681936634483
2-2-4,none,mixture,0.4,500,800128,0.005771939002443105,cf1_margin,none,0.2892416507977148
2-2-4,none,mixture,0.4,500,800128,0.005771939002443105,slack_plugin,none,0.5784833015954298
2-2-4,none,mixture,0.4,500,800128,0.005771939002443105,gm_battery,none,0.0
2-2-4,none,mixture,0.4,500,800128,0.005771939002443105,gtest,none,15.264045189049009
2-2-4,none,mixture,0.4,500,800129,0.0049481779933557846,kl_plugin,none,0.07572340056670976
2-2-4,none,mixture,0.4,500,800129,0.0049481779933557846,kl_split,none,0.26582039457839574
2-2-4,none,mixture,0.4,500,800129,0.0049481779933557846,kl_crossfit,none,0.7737755733593287
2-2-4,none,mixture,0.4,500,800129,0.0049481779933557846,cf1_margin,none,0.2442577030812325
2-2-4,none,mixture,0.4,500,800129,0.0049481779933557846,slack_plugin,none,0.4885154061624651
2-2-4,none,mixture,0.4,500,800129,0.0049481779933557846,gm_battery,none,0.0
2-2-4,none,mixture,0.4,500,800129,0.0049481779933557846,gtest,none,14.487182588319358
2-2-4,none,mixture,0.4,500,800130,0.007125042000552639,kl_plugin,none,0.0930632572577881
2-2-4,none,mixture,0.4,500,800130,0.007125042000552639,kl_split,none,0.24464594858639188
2-2-4,none,mixture,0.4,500,800130,0.007125042000552639,kl_crossfit,none,0.23385539687269
2-2-4,none,mixture,0.4,500,800130,0.007125042000552639,cf1_margin,none,0.2793540428395198
2-2-4,none,mixture,0.4,500,800130,0.007125042000552639,slack_plugin,none,0.5587080856790398
2-2-4,none,mixture,0.4,500,800130,0.007125042000552639,gm_battery,none,0.0
2-2-4,none,mixture,0.4,500,800130,0.007125042000552639,gtest,none,11.49250993283526
2-2-4,none,mixture,0.4,500,800131,0.007059240000671707,kl_plugin,none,0.07158594753398895
2-2-4,none,mixture,0.4,500,800131,0.007059240000671707,kl_split,none,0.17504773780412902
2-2-4,none,mixture,0.4,500,800131,0.007059240000671707,kl_crossfit,none,0.17607899550758732
2-2-4,none,mixture,0.4,500,800131,0.007059240000671707,cf1_margin,none,0.23593437374949977
2-2-4,none,mixture,0.4,500,800131,0.007059240000671707,slack_plugin,none,0.4718687474989999
2-2-4,none,mixture,0.4,500,800131,0.007059240000671707,gm_battery,none,0.0
2-2-4,none,mixture,0.4,500,800131,0.007059240000671707,gtest,none,21.311346849594837
2-2-4,none,mixture,0.4,500,800132,0.0065250729967374355,kl_plugin,none,0.07096741382092764
2-2-4,none,mixture,0.4,500,800132,0.0065250729967374355,kl_split,none,0.1840300762363667
2-2-4,none,mixture,0.4,500,800132,0.0065250729967374355,kl_crossfit,none,0.1961703784698801
2-2-4,none,mixture,0.4,500,800132,0.0065250729967374355,cf1_margin,none,0.25955737626218156
2-2-4,none,mixture,0.4,500,800132,0.0065250729967374355,slack_plugin,none,0.5191147525243636
2-2-4,none,mixture,0.4,500,800132,0.0065250729967374355,gm_battery,none,0.0
2-2-4,none,mixture,0.4,500,800132,0.0065250729967374355,gtest,none,22.603823578476153
2-2-4,none,mixture,0.4,500,800133,0.006332081000437029,kl_plugin,none,0.062216386592035516
2-2-4,none,mixture,0.4,500,800133,0.006332081000437029,kl_split,none,0.15068530603056485
2-2-4,none,mixture,0.4,500,800133,0.006332081000437029,kl_crossfit,none,1.93673475458752
2-2-4,none,mixture,0.4,500,800133,0.006332081000437029,cf1_margin,none,0.22885141951289822
2-2-4,none,mixture,0.4,500,800133,0.006332081000437029,slack_plugin,none,0.4577028390257962
2-2-4,none,mixture,0.4,500,800133,0.006332081000437029,gm_battery,none,0.0
2-2-4,none,mixture,0.4,500,800133,0.006332081000437029,gtest,none,22.263582826575362
2-2-4,none,mixture,0.4,500,800134,0.005355393004720099,kl_plugin,none,0.06580424813155361
2-2-4,none,mixture,0.4,500,800134,0.005355393004720099,kl_split,none,0.13519069442637646
2-2-4,none,mixture,0.4,500,800134,0.005355393004720099,kl_crossfit,none,0.15415909108164422
2-2-4,none,mixture,0.4,500,800134,0.005355393004720099,cf1_margin,none,0.23198771180338906
2-2-4,none,mixture,0.4,500,800134,0.005355393004720099,slack_plugin,none,0.4639754236067776
2-2-4,none,mixture,0.4,500,800134,0.005355393004720099,gm_battery,none,0.0
2-2-4,none,mixture,0.4,500,800134,0.005355393004720099,gtest,none,12.806148306758075
2-2-4,none,mixture,0.4,500,800135,0.0068602590035879984,kl_plugin,none,0.05915600147499078
2-2-4,none,mixture,0.4,500,800135,0.0068602590035879984,kl_split,none,0.2777633512106442
2-2-4,none,mixture,0.4,500,800135,0.0068602590035879984,kl_crossfit,none,0.23382471911985003
2-2-4,none,mixture,0.4,500,800135,0.0068602590035879984,cf1_margin,none,0.22660256410256407
2-2-4,none,mixture,0.4,500,800135,0.0068602590035879984,slack_plugin,none,0.45320512820512837
2-2-4,none,mixture,0.4,500,800135,0.0068602590035879984,gm_battery,none,0.0
2-2-4,none,mixture,0.4,500,800135,0.0068602590035879984,gtest,none,42.12405938672569
2-2-4,none,mixture,0.4,500,800136,0.005635292996885255,kl_plugin,none,0.1448942114090123
2-2-4,none,mixture,0.4,500,800136,0.005635292996885255,kl_split,none,0.3065133024105519
2-2-4,none,mixture,0.4,500,800136,0.005635292996885255,kl_crossfit,none,0.24601963545198346
2-2-4,none,mixture,0.4,500,800136,0.005635292996885255,cf1_margin,none,0.342704580545548
2-2-4,none,mixture,0.4,500,800136,0.005635292996885255,slack_plugin,none,0.6854091610910964
2-2-4,none,mixture,0.4,500,800136,0.005635292996885255,gm_battery,none,0.0
2-2-4,none,mixture,0.4,500,800136,0.005635292996885255,gtest,none,27.84221044512428
2-2-4,none,mixture,0.4,500,800137,0.008143913000822067,kl_plugin,none,0.07159363863151358
2-2-4,none,mixture,0.4,500,800137,0.008143913000822067,kl_split,none,0.2524572611873897
2-2-4,none,mixture,0.4,500,800137,0.008143913000822067,kl_crossfit,none,0.21562173013280064
2-2-4,none,mixture,0.4,500,800137,0.008143913000822067,cf1_margin,none,0.24831827791658667
2-2-4,none,mixture,0.4,500,800137,0.008143913000822067,slack_plugin,none,0.496636555833173
2-2-4,none,mixture,0.4,500,800137,0.008143913000822067,gm_battery,none,0.0
2-2-4,none,mixture,0.4,500,800137,0.008143913000822067,gtest,none,12.996678223935486
2-2-4,none,mixture,0.4,500,800138,0.004864367998379748,kl_plugin,none,0.12782698388168234
2-2-4,none,mixture,0.4,500,800138,0.004864367998379748,kl_split,none,0.2842584252436228
2-2-4,none,mixture,0.4,500,800138,0.004864367998379748,kl_crossfit,none,0.2403355960513789
2-2-4,none,mixture,0.4,500,800138,0.004864367998379748,cf1_margin,none,0.3179402424006741
2-2-4,none,mixture,0.4,500,800138,0.004864367998379748,slack_plugin,none,0.6358804848013482
2-2-4,none,mixture,0.4,500,800138,0.004864367998379748,gm_battery,none,0.0
2-2-4,none,mixture,0.4,500,800138,0.004864367998379748,gtest,none,11.869676479158185
2-2-4,none,mixture,0.4,500,800139,0.006581945999641903,kl_plugin,none,0.05675726352722962
2-2-4,none,mixture,0.4,500,800139,0.006581945999641903,kl_split,none,0.1617016863555578
2-2-4,none,mixture,0.4,500,800139,0.006581945999641903,kl_crossfit,none,0.9201477948019529
2-2-4,none,mixture,0.4,500,800139,0.006581945999641903,cf1_margin,none,0.23059682377049173
2-2-4,none,mixture,0.4,500,800139,0.006581945999641903,slack_plugin,none,0.4611936475409836
2-2-4,none,mixture,0.4,500,800139,0.006581945999641903,gm_battery,none,0.0
2-2-4,none,mixture,0.4,500,800139,0.006581945999641903,gtest,none,23.567029249315844
2-2-4,none,mixture,0.4,500,800140,0.00515227799769491,kl_plugin,none,0.06989262496238133
2-2-4,none,mixture,0.4,500,800140,0.00515227799769491,kl_split,none,0.17888850432767014
2-2-4,none,mixture,0.4,500,800140,0.00515227799769491,kl_crossfit,none,0.14864237137488612
2-2-4,none,mixture,0.4,500,800140,0.00515227799769491,cf1_margin,none,0.24238351254480295
2-2-4,none,mixture,0.4,500,800140,0.00515227799769491,slack_plugin,none,0.4847670250896057
2-2-4,none,mixture,0.4,500,800140,0.00515227799769491,gm_battery,none,0.0
2-2-4,none,mixture,0.4,500,800140,0.00515227799769491,gtest,none,9.722230808487327
2-2-4,none,mixture,0.4,500,800141,0.0061306520001380704,kl_plugin,none,0.08978640922224
2-2-4,none,mixture,0.4,500,800141,0.0061306520001380704,kl_split,none,0.1658740151143578
2-2-4,none,mixture,0.4,500,800141,0.0061306520001380704,kl_crossfit,none,0.15492848644873392
2-2-4,none,mixture,0.4,500,800141,0.0061306520001380704,cf1_margin,none,0.2714743589743589
2-2-4,none,mixture,0.4,500,800141,0.0061306520001380704,slack_plugin,none,0.5429487179487178
2-2-4,none,mixture,0.4,500,800141,0.0061306520001380704,gm_battery,none,0.0
2-2-4,none,mixture,0.4,500,800141,0.0061306520001380704,gtest,none,29.090132635761517
2-2-4,none,mixture,0.4,500,800142,0.005762456996308174,kl_plugin,none,0.08129958976858458
2-2-4,none,mixture,0.4,500,800142,0.005762456996308174,kl_split,none,0.1838363065691915
2-2-4,none,mixture,0.4,500,800142,0.005762456996308174,kl_crossfit,none,0.1524705656857123
2-2-4,none,mixture,0.4,500,800142,0.005762456996308174,cf1_margin,none,0.25594237695078026
2-2-4,none,mixture,0.4,500,800142,0.005762456996308174,slack_plugin,none,0.5118847539015607
2-2-4,none,mixture,0.4,500,800142,0.005762456996308174,gm_battery,none,0.0
2-2-4,none,mixture,0.4,500,800142,0.005762456996308174,gtest,none,12.304502549203272
2-2-4,none,mixture,0.4,500,800143,0.0052472969982773066,kl_plugin,none,0.1019923698688647
2-2-4,none,mixture,0.4,500,800143,0.0052472969982773066,kl_split,none,0.189250476576305
2-2-4,none,mixture,0.4,500,800143,0.0052472969982773066,kl_crossfit,none,1.012259607610455
2-2-4,none,mixture,0.4,500,800143,0.0052472969982773066,cf1_margin,none,0.2869037878423256
2-2-4,none,mixture,0.4,500,800143,0.0052472969982773066,slack_plugin,none,0.5738075756846515
2-2-4,none,mixture,0.4,500,800143,0.0052472969982773066,gm_battery,none,0.0
2-2-4,none,mixture,0.4,500,800143,0.0052472969982773066,gtest,none,10.556604050149573
2-2-4,none,mixture,0.4,500,800144,0.006219629001861904,kl_plugin,none,0.11375277378481241
2-2-4,none,mixture,0.4,500,800144,0.006219629001861904,kl_split,none,0.26890943768628384
2-2-4,none,mixture,0.4,500,800144,0.006219629001861904,kl_crossfit,none,0.2279227739066791
2-2-4,none,mixture,0.4,500,800144,0.006219629001861904,cf1_margin,none,0.311803115624649
2-2-4,none,mixture,0.4,500,800144,0.006219629001861904,slack_plugin,none,0.6236062312492981
2-2-4,none,mixture,0.4,500,800144,0.006219629001861904,gm_battery,none,0.0
2-2-4,none,mixture,0.4,500,800144,0.006219629001861904,gtest,none,20.79346729639373
2-2-4,none,mixture,0.4,500,800145,0.0050076179977622814,kl_plugin,none,0.0957808095827816
2-2-4,none,mixture,0.4,500,800145,0.0050076179977622814,kl_split,none,0.2117030598590046
2-2-4,none,mixture,0.4,500,800145,0.0050076179977622814,kl_crossfit,none,0.18409972524188561
2-2-4,none,mixture,0.4,500,800145,0.0050076179977622814,cf1_margin,none,0.27270980448671744
2-2-4,none,mixture,0.4,500,800145,0.0050076179977622814,slack_plugin,none,0.5454196089734351
2-2-4,none,mixture,0.4,500,800145,0.0050076179977622814,gm_battery,none,0.0
2-2-4,none,mixture,0.4,500,800145,0.0050076179977622814,gtest,none,17.60004139780098
2-2-4,none,mixture,0.4,500,800146,0.0051760110000032,kl_plugin,none,0.08100502933847109
2-2-4,none,mixture,0.4,500,800146,0.0051760110000032,kl_split,none,0.18742731022726436
2-2-4,none,mixture,0.4,500,800146,0.0051760110000032,kl_crossfit,none,0.1555322395871458
2-2-4,none,mixture,0.4,500,800146,0.0051760110000032,cf1_margin,none,0.2551478606709858
2-2-4,none,mixture,0.4,500,800146,0.0051760110000032,slack_plugin,none,0.5102957213419719
2-2-4,none,mixture,0.4,500,800146,0.0051760110000032,gm_battery,none,0.0
2-2-4,none,mixture,0.4,500,800146,0.0051760110000032,gtest,none,32.311316056088664
2-2-4,none,mixture,0.4,500,800147,0.006051402997400146,kl_plugin,none,0.046943646980549036
2-2-4,none,mixture,0.4,500,800147,0.006051402997400146,kl_split,none,0.10514655755489931
2-2-4,none,mixture,0.4,500,800147,0.006051402997400146,kl_crossfit,none,0.12267117876154277
2-2-4,none,mixture,0.4,500,800147,0.006051402997400146,cf1_margin,none,0.20747531960511378
2-2-4,none,mixture,0.4,500,800147,0.006051402997400146,slack_plugin,none,0.4149506392102273
2-2-4,none,mixture,0.4,500,800147,0.006051402997400146,gm_battery,none,0.0
2-2-4,none,mixture,0.4,500,800147,0.006051402997400146,gtest,none,9.517850216072386
2-2-4,none,mixture,0.4,500,800148,0.0054522119971807115,kl_plugin,none,0.06095297361434464
2-2-4,none,mixture,0.4,500,800148,0.0054522119971807115,kl_split,none,0.134376664535858
2-2-4,none,mixture,0.4,500,800148,0.0054522119971807115,kl_crossfit,none,0.12203270135620828
2-2-4,none,mixture,0.4,500,800148,0.0054522119971807115,cf1_margin,none,0.23089235694277732
2-2-4,none,mixture,0.4,500,800148,0.0054522119971807115,slack_plugin,none,0.4617847138855542
2-2-4,none,mixture,0.4,500,800148,0.0054522119971807115,gm_battery,none,0.0
2-2-4,none,mixture,0.4,500,800148,0.0054522119971807115,gtest,none,24.070273495166212
2-2-4,none,mixture,0.4,500,800149,0.006429091998143122,kl_plugin,none,0.08373478180835803
2-2-4,none,mixture,0.4,500,800149,0.006429091998143122,kl_split,none,0.18125485675776631
2-2-4,none,mixture,0.4,500,800149,0.006429091998143122,kl_crossfit,none,0.14859971424215188
2-2-4,none,mixture,0.4,500,800149,0.006429091998143122,cf1_margin,none,0.2701477958719636
2-2-4,none,mixture,0.4,500,800149,0.006429091998143122,slack_plugin,none,0.5402955917439273
2-2-4,none,mixture,0.4,500,800149,0.006429091998143122,gm_battery,none,0.0
2-2-4,none,mixture,0.4,500,800149,0.006429091998143122,gtest,none,16.82892227403999
2-2-4,none,mixture,0.4,500,800150,0.006863823000458069,kl_plugin,none,0.05702768618138672
2-2-4,none,mixture,0.4,500,800150,0.006863823000458069,kl_split,none,0.21584833245003932
2-2-4,none,mixture,0.4,500,800150,0.006863823000458069,kl_crossfit,none,0.22234081406356632
2-2-4,none,mixture,0.4,500,800150,0.006863823000458069,cf1_margin,none,0.21866333221116074
2-2-4,none,mixture,0.4,500,800150,0.006863823000458069,slack_plugin,none,0.4373266644223215
2-2-4,none,mixture,0.4,500,800150,0.006863823000458069,gm_battery,none,0.0
2-2-4,none,mixture,0.4,500,800150,0.006863823000458069,gtest,none,19.241322288786506
2-2-4,none,mixture,0.4,500,800151,0.00530567499663448,kl_plugin,none,0.07036076746657283
2-2-4,none,mixture,0.4,500,800151,0.00530567499663448,kl_split,none,0.18911750303596642
2-2-4,none,mixture,0.4,500,800151,0.00530567499663448,kl_crossfit,none,0.15043249509461104
2-2-4,none,mixture,0.4,500,800151,0.00530567499663448,cf1_margin,none,0.24174166947425857
2-2-4,none,mixture,0.4,500,800151,0.00530567499663448,slack_plugin,none,0.4834833389485169
2-2-4,none,mixture,0.4,500,800151,0.00530567499663448,gm_battery,none,0.0
2-2-4,none,mixture,0.4,500,800151,0.00530567499663448,gtest,none,22.612231957300327
2-2-4,none,mixture,0.4,500,800152,0.0064677619957365096,kl_plugin,none,0.09023069746071218
2-2-4,none,mixture,0.4,500,800152,0.0064677619957365096,kl_split,none,0.23234187612913584
2-2-4,none,mixture,0.4,500,800152,0.0064677619957365096,kl_crossfit,none,0.21383528479977781
2-2-4,none,mixture,0.4,500,800152,0.0064677619957365096,cf1_margin,none,0.28688524590163933
2-2-4,none,mixture,0.4,500,800152,0.0064677619957365096,slack_plugin,none,0.5737704918032788
2-2-4,none,mixture,0.4,500,800152,0.0064677619957365096,gm_battery,none,0.0
2-2-4,none,mixture,0.4,500,800152,0.0064677619957365096,gtest,none,38.924965014889445
2-2-4,none,mixture,0.4,500,800153,0.005651704996125773,kl_plugin,none,0.07311899600926983
2-2-4,none,mixture,0.4,500,800153,0.005651704996125773,kl_split,none,0.20389968513263754
2-2-4,none,mixture,0.4,500,800153,0.005651704996125773,kl_crossfit,none,0.1840413674907112
2-2-4,none,mixture,0.4,500,800153,0.005651704996125773,cf1_margin,none,0.25975564842836774
2-2-4,none,mixture,0.4,500,800153,0.005651704996125773,slack_plugin,none,0.5195112968567357
2-2-4,none,mixture,0.4,500,800153,0.005651704996125773,gm_battery,none,0.0
2-2-4,none,mixture,0.4,500,800153,0.005651704996125773,gtest,none,31.7669890162569
2-2-4,none,mixture,0.4,500,800154,0.01172260499879485,kl_plugin,none,0.10243887307527541
2-2-4,none,mixture,0.4,500,800154,0.01172260499879485,kl_split,none,1.5879513309991704
2-2-4,none,mixture,0.4,500,800154,0.01172260499879485,kl_crossfit,none,0.8792349410476126
2-2-4,none,mixture,0.4,500,800154,0.01172260499879485,cf1_margin,none,0.28306476132563085
2-2-4,none,mixture,0.4,500,800154,0.01172260499879485,slack_plugin,none,0.5661295226512617
2-2-4,none,mixture,0.4,500,800154,0.01172260499879485,gm_battery,none,0.0
2-2-4,none,mixture,0.4,500,800154,0.01172260499879485,gtest,none,15.911455950832314
2-2-4,none,mixture,0.4,500,800155,0.014395434998732526,kl_plugin,none,0.09296470496705281
2-2-4,none,mixture,0.4,500,800155,0.014395434998732526,kl_split,none,0.1707909382638521
2-2-4,none,mixture,0.4,500,800155,0.014395434998732526,kl_crossfit,none,0.2220718763393297
2-2-4,none,mixture,0.4,500,800155,0.014395434998732526,cf1_margin,none,0.2716961181691472
2-2-4,none,mixture,0.4,500,800155,0.014395434998732526,slack_plugin,none,0.5433922363382946
2-2-4,none,mixture,0.4,500,800155,0.014395434998732526,gm_battery,none,0.0
2-2-4,none,mixture,0.4,500,800155,0.014395434998732526,gtest,none,7.103437383434599
2-2-4,none,mixture,0.4,500,800156,0.009440626003197394,kl_plugin,none,0.0710532200389978
2-2-4,none,mixture,0.4,500,800156,0.009440626003197394,kl_split,none,0.21621994170104603
2-2-4,none,mixture,0.4,500,800156,0.009440626003197394,kl_crossfit,none,0.19729592472429494
2-2-4,none,mixture,0.4,500,800156,0.009440626003197394,cf1_margin,none,0.24871991807475702
2-2-4,none,mixture,0.4,500,800156,0.009440626003197394,slack_plugin,none,0.4974398361495135
2-2-4,none,mixture,0.4,500,800156,0.009440626003197394,gm_battery,none,0.0
2-2-4,none,mixture,0.4,500,800156,0.009440626003197394,gtest,none,6.09739456272067
2-2-4,none,mixture,0.4,500,800157,0.00795852100418415,kl_plugin,none,0.10010554319742967
2-2-4,none,mixture,0.4,500,800157,0.00795852100418415,kl_split,none,0.24366032234026888
2-2-4,none,mixture,0.4,500,800157,0.00795852100418415,kl_crossfit,none,0.19674924957361828
2-2-4,none,mixture,0.4,500,800157,0.00795852100418415,cf1_margin,none,0.29739895958383344
2-2-4,none,mixture,0.4,500,800157,0.00795852100418415,slack_plugin,none,0.5947979191676673
2-2-4,none,mixture,0.4,500,800157,0.00795852100418415,gm_battery,none,0.0
2-2-4,none,mixture,0.4,500,800157,0.00795852100418415,gtest,none,19.942766858948424
2-2-4,none,mixture,0.4,500,800158,0.0064252000011038035,kl_plugin,none,0.04289842186912943
2-2-4,none,mixture,0.4,500,800158,0.0064252000011038035,kl_split,none,0.15210669552448386
2-2-4,none,mixture,0.4,500,800158,0.0064252000011038035,kl_crossfit,none,0.1541742320129723
2-2-4,none,mixture,0.4,500,800158,0.0064252000011038035,cf1_margin,none,0.19593221423885054
2-2-4,none,mixture,0.4,500,800158,0.0064252000011038035,slack_plugin,none,0.39186442847770064
2-2-4,none,mixture,0.4,500,800158,0.0064252000011038035,gm_battery,none,0.0
2-2-4,none,mixture,0.4,500,800158,0.0064252000011038035,gtest,none,9.928854123265197
2-2-4,none,mixture,0.4,500,800159,0.005401055997936055,kl_plugin,none,0.09514425359476383
2-2-4,none,mixture,0.4,500,800159,0.005401055997936055,kl_split,none,0.1692451851159952
2-2-4,none,mixture,0.4,500,800159,0.005401055997936055,kl_crossfit,none,0.1720969274250328
2-2-4,none,mixture,0.4,500,800159,0.005401055997936055,cf1_margin,none,0.2756556944199966
2-2-4,none,mixture,0.4,500,800159,0.005401055997936055,slack_plugin,none,0.5513113888399931
2-2-4,none,mixture,0.4,500,800159,0.005401055997936055,gm_battery,none,0.0
2-2-4,none,mixture,0.4,500,800159,0.005401055997936055,gtest,none,38.33231669129991
2-2-4,none,mixture,0.4,500,800160,0.004911153999273665,kl_plugin,none,0.10110127403705094
2-2-4,none,mixture,0.4,500,800160,0.004911153999273665,kl_split,none,0.23105008260938345
2-2-4,none,mixture,0.4,500,800160,0.004911153999273665,kl_crossfit,none,0.2180726784103626
2-2-4,none,mixture,0.4,500,800160,0.004911153999273665,cf1_margin,none,0.28086577868852447
2-2-4,none,mixture,0.4,500,800160,0.004911153999273665,slack_plugin,none,0.5617315573770492
2-2-4,none,mixture,0.4,500,800160,0.004911153999273665,gm_battery,none,0.0
2-2-4,none,mixture,0.4,500,800160,0.004911153999273665,gtest,none,8.18994317779826
2-2-4,none,mixture,0.4,500,800161,0.0054857590002939105,kl_plugin,none,0.0844634192875511
2-2-4,none,mixture,0.4,500,800161,0.0054857590002939105,kl_split,none,0.21469803947271826
2-2-4,none,mixture,0.4,500,800161,0.0054857590002939105,kl_crossfit,none,0.17404250536325142
2-2-4,none,mixture,0.4,500,800161,0.0054857590002939105,cf1_margin,none,0.2723374295954941
2-2-4,none,mixture,0.4,500,800161,0.0054857590002939105,slack_plugin,none,0.544674859190988
2-2-4,none,mixture,0.4,500,800161,0.0054857590002939105,gm_battery,none,0.0
2-2-4,none,mixture,0.4,500,800161,0.0054857590002939105,gtest,none,15.551911228122753
2-2-4,none,mixture,0.4,500,800162,0.0058782679989235476,kl_plugin,none,0.07803176071015452
2-2-4,none,mixture,0.4,500,800162,0.0058782679989235476,kl_split,none,0.21478311174058168
2-2-4,none,mixture,0.4,500,800162,0.0058782679989235476,kl_crossfit,none,0.1858501103545473
2-2-4,none,mixture,0.4,500,800162,0.0058782679989235476,cf1_margin,none,0.2519902413970211
2-2-4,none,mixture,0.4,500,800162,0.0058782679989235476,slack_plugin,none,0.5039804827940423
2-2-4,none,mixture,0.4,500,800162,0.0058782679989235476,gm_battery,none,0.0
2-2-4,none,mixture,0.4,500,800162,0.0058782679989235476,gtest,none,16.592605617774815
2-2-4,none,mixture,0.4,500,800163,0.005054164998000488,kl_plugin,none,0.09122796149332904
2-2-4,none,mixture,0.4,500,800163,0.005054164998000488,kl_split,none,0.19380488391823925
2-2-4,none,mixture,0.4,500,800163,0.005054164998000488,kl_crossfit,none,0.19484884295939814
2-2-4,none,mixture,0.4,500,800163,0.005054164998000488,cf1_margin,none,0.2724062660503338
2-2-4,none,mixture,0.4,500,800163,0.005054164998000488,slack_plugin,none,0.5448125321006677
2-2-4,none,mixture,0.4,500,800163,0.005054164998000488,gm_battery,none,0.0
2-2-4,none,mixture,0.4,500,800163,0.005054164998000488,gtest,none,36.89756904330227
2-2-4,none,mixture,0.4,500,800164,0.006260321999434382,kl_plugin,none,0.05420664170479257
2-2-4,none,mixture,0.4,500,800164,0.006260321999434382,kl_split,none,0.21786890529827052
2-2-4,none,mixture,0.4,500,800164,0.006260321999434382,kl_crossfit,none,0.20265771707331176
2-2-4,none,mixture,0.4,500,800164,0.006260321999434382,cf1_margin,none,0.21993072037975514
2-2-4,none,mixture,0.4,500,800164,0.006260321999434382,slack_plugin,none,0.43986144075951006
2-2-4,none,mixture,0.4,500,800164,0.006260321999434382,gm_battery,none,0.0
2-2-4,none,mixture,0.4,500,800164,0.006260321999434382,gtest,none,7.236302979630949
2-2-4,none,mixture,0.4,500,800165,0.00539125799696194,kl_plugin,none,0.07948559735093609
2-2-4,none,mixture,0.4,500,800165,0.00539125799696194,kl_split,none,0.22128907572748274
2-2-4,none,mixture,0.4,500,800165,0.00539125799696194,kl_crossfit,none,0.2053184290282616
2-2-4,none,mixture,0.4,500,800165,0.00539125799696194,cf1_margin,none,0.26242236024844723
2-2-4,none,mixture,0.4,500,800165,0.00539125799696194,slack_plugin,none,0.5248447204968945
2-2-4,none,mixture,0.4,500,800165,0.00539125799696194,gm_battery,none,0.0
2-2-4,none,mixture,0.4,500,800165,0.00539125799696194,gtest,none,3.265719236009228
2-2-4,none,mixture,0.4,500,800166,0.005105425996589474,kl_plugin,none,0.12717958635645452
2-2-4,none,mixture,0.4,500,800166,0.005105425996589474,kl_split,none,0.2602967392773798
2-2-4,none,mixture,0.4,500,800166,0.005105425996589474,kl_crossfit,none,0.20228699941731948
2-2-4,none,mixture,0.4,500,800166,0.005105425996589474,cf1_margin,none,0.3335422995933195
2-2-4,none,mixture,0.4,500,800166,0.005105425996589474,slack_plugin,none,0.667084599186639
2-2-4,none,mixture,0.4,500,800166,0.005105425996589474,gm_battery,none,0.0
2-2-4,none,mixture,0.4,500,800166,0.005105425996589474,gtest,none,21.531767407162405
2-2-4,none,mixture,0.4,500,800167,0.00515214500046568,kl_plugin,none,0.07922351309709119
2-2-4,none,mixture,0.4,500,800167,0.00515214500046568,kl_split,none,0.1253616926815508
2-2-4,none,mixture,0.4,500,800167,0.00515214500046568,kl_crossfit,none,0.16493147928307886
2-2-4,none,mixture,0.4,500,800167,0.00515214500046568,cf1_margin,none,0.24724666955225327
2-2-4,none,mixture,0.4,500,800167,0.00515214500046568,slack_plugin,none,0.4944933391045063
2-2-4,none,mixture,0.4,500,800167,0.00515214500046568,gm_battery,none,0.0
2-2-4,none,mixture,0.4,500,800167,0.00515214500046568,gtest,none,11.741623217976702
2-2-4,none,mixture,0.4,500,800168,0.0050838819952332415,kl_plugin,none,0.09297405994344021
2-2-4,none,mixture,0.4,500,800168,0.0050838819952332415,kl_split,none,0.279340929731579
2-2-4,none,mixture,0.4,500,800168,0.0050838819952332415,kl_crossfit,none,0.26578670274484717
2-2-4,none,mixture,0.4,500,800168,0.0050838819952332415,cf1_margin,none,0.2771508603441376
2-2-4,none,mixture,0.4,500,800168,0.0050838819952332415,slack_plugin,none,0.5543017206882753
2-2-4,none,mixture,0.4,500,800168,0.0050838819952332415,gm_battery,none,0.0
2-2-4,none,mixture,0.4,500,800168,0.0050838819952332415,gtest,none,21.90495536813656
2-2-4,none,mixture,0.4,500,800169,0.0052853919987683184,kl_plugin,none,0.08677985668668634
2-2-4,none,mixture,0.4,500,800169,0.0052853919987683184,kl_split,none,0.15998734022857028
2-2-4,none,mixture,0.4,500,800169,0.0052853919987683184,kl_crossfit,none,0.1762288966322177
2-2-4,none,mixture,0.4,500,800169,0.0052853919987683184,cf1_margin,none,0.2717909226548587
2-2-4,none,mixture,0.4,500,800169,0.0052853919987683184,slack_plugin,none,0.5435818453097174
2-2-4,none,mixture,0.4,500,800169,0.0052853919987683184,gm_battery,none,0.0
2-2-4,none,mixture,0.4,500,800169,0.0052853919987683184,gtest,none,25.682851339288167
2-2-4,none,mixture,0.4,500,800170,0.005937859001278412,kl_plugin,none,0.08335626589945971
2-2-4,none,mixture,0.4,500,800170,0.005937859001278412,kl_split,none,0.21567894990153774
2-2-4,none,mixture,0.4,500,800170,0.005937859001278412,kl_crossfit,none,0.20001734380303818
2-2-4,none,mixture,0.4,500,800170,0.005937859001278412,cf1_margin,none,0.26626650660264095
2-2-4,none,mixture,0.4,500,800170,0.005937859001278412,slack_plugin,none,0.5325330132052821
2-2-4,none,mixture,0.4,500,800170,0.005937859001278412,gm_battery,none,0.0
2-2-4,none,mixture,0.4,500,800170,0.005937859001278412,gtest,none,20.763107251667233
2-2-4,none,mixture,0.4,500,800171,0.006017870000505354,kl_plugin,none,0.0886296920621811
2-2-4,none,mixture,0.4,500,800171,0.006017870000505354,kl_split,none,0.13066794402645615
2-2-4,none,mixture,0.4,500,800171,0.006017870000505354,kl_crossfit,none,0.16829231681965892
2-2-4,none,mixture,0.4,500,800171,0.006017870000505354,cf1_margin,none,0.277784000896129
2-2-4,none,mixture,0.4,500,800171,0.006017870000505354,slack_plugin,none,0.5555680017922582
2-2-4,none,mixture,0.4,500,800171,0.006017870000505354,gm_battery,none,0.0
2-2-4,none,mixture,0.4,500,800171,0.006017870000505354,gtest,none,26.54879530844832
2-2-4,none,mixture,0.4,500,800172,0.00552351900114445,kl_plugin,none,0.049181217567194846
2-2-4,none,mixture,0.4,500,800172,0.00552351900114445,kl_split,none,0.1978815303885026
2-2-4,none,mixture,0.4,500,800172,0.00552351900114445,kl_crossfit,none,0.19382456679436788
2-2-4,none,mixture,0.4,500,800172,0.00552351900114445,cf1_margin,none,0.19464403401327757
2-2-4,none,mixture,0.4,500,800172,0.00552351900114445,slack_plugin,none,0.3892880680265548
2-2-4,none,mixture,0.4,500,800172,0.00552351900114445,gm_battery,none,0.0
2-2-4,none,mixture,0.4,500,800172,0.00552351900114445,gtest,none,13.180741366422009
2-2-4,none,mixture,0.4,500,800173,0.006914553996466566,kl_plugin,none,0.053105629521658315
2-2-4,none,mixture,0.4,500,800173,0.006914553996466566,kl_split,none,0.1200115559359307
2-2-4,none,mixture,0.4,500,800173,0.006914553996466566,kl_crossfit,none,0.15091908243258492
2-2-4,none,mixture,0.4,500,800173,0.006914553996466566,cf1_margin,none,0.21599999999999986
2-2-4,none,mixture,0.4,500,800173,0.006914553996466566,slack_plugin,none,0.432
2-2-4,none,mixture,0.4,500,800173,0.006914553996466566,gm_battery,none,0.0
2-2-4,none,mixture,0.4,500,800173,0.006914553996466566,gtest,none,14.739842102082946
2-2-4,none,mixture,0.4,500,800174,0.005653735999658238,kl_plugin,none,0.07547663643287564
2-2-4,none,mixture,0.4,500,800174,0.005653735999658238,kl_split,none,0.2135208567223754
2-2-4,none,mixture,0.4,500,800174,0.005653735999658238,kl_crossfit,none,0.19796001077260178
2-2-4,none,mixture,0.4,500,800174,0.005653735999658238,cf1_margin,none,0.2519999999999998
2-2-4,none,mixture,0.4,500,800174,0.005653735999658238,slack_plugin,none,0.5040000000000002
2-2-4,none,mixture,0.4,500,800174,0.005653735999658238,gm_battery,none,0.0
2-2-4,none,mixture,0.4,500,800174,0.005653735999658238,gtest,none,7.287024547144353
2-2-4,none,mixture,0.4,500,800175,0.005197126003622543,kl_plugin,none,0.09942622251099392
2-2-4,none,mixture,0.4,500,800175,0.005197126003622543,kl_split,none,0.24098506516208645
2-2-4,none,mixture,0.4,500,800175,0.005197126003622543,kl_crossfit,none,0.2506895613272442
2-2-4,none,mixture,0.4,500,800175,0.005197126003622543,cf1_margin,none,0.2941873119518599
2-2-4,none,mixture,0.4,500,800175,0.005197126003622543,slack_plugin,none,0.5883746239037193
2-2-4,none,mixture,0.4,500,800175,0.005197126003622543,gm_battery,none,0.0
2-2-4,none,mixture,0.4,500,800175,0.005197126003622543,gtest,none,13.690054899065483
2-2-4,none,mixture,0.4,500,800176,0.006467592000262812,kl_plugin,none,0.16416580746886647
2-2-4,none,mixture,0.4,500,800176,0.006467592000262812,kl_split,none,0.30883180885863504
2-2-4,none,mixture,0.4,500,800176,0.006467592000262812,kl_crossfit,none,0.6493356636677293
2-2-4,none,mixture,0.4,500,800176,0.006467592000262812,cf1_margin,none,0.38590254759731635
2-2-4,none,mixture,0.4,500,800176,0.006467592000262812,slack_plugin,none,0.7718050951946326
2-2-4,none,mixture,0.4,500,800176,0.006467592000262812,gm_battery,none,0.0
2-2-4,none,mixture,0.4,500,800176,0.006467592000262812,gtest,none,35.54608480575717
2-2-4,none,mixture,0.4,500,800177,0.0064299190053134225,kl_plugin,none,0.06718582317378821
2-2-4,none,mixture,0.4,500,800177,0.0064299190053134225,kl_split,none,0.19473079710537156
2-2-4,none,mixture,0.4,500,800177,0.0064299190053134225,kl_crossfit,none,0.15762346624628712
2-2-4,none,mixture,0.4,500,800177,0.0064299190053134225,cf1_margin,none,0.24146981627296593
2-2-4,none,mixture,0.4,500,800177,0.0064299190053134225,slack_plugin,none,0.4829396325459316
2-2-4,none,mixture,0.4,500,800177,0.0064299190053134225,gm_battery,none,0.0
2-2-4,none,mixture,0.4,500,800177,0.0064299190053134225,gtest,none,36.0548536296554
2-2-4,none,mixture,0.4,500,800178,0.005712860001949593,kl_plugin,none,0.11423566460291873
2-2-4,none,mixture,0.4,500,800178,0.005712860001949593,kl_split,none,0.3478251614475506
2-2-4,none,mixture,0.4,500,800178,0.005712860001949593,kl_crossfit,none,1.1325156839013335
2-2-4,none,mixture,0.4,500,800178,0.005712860001949593,cf1_margin,none,0.3147813285113057
2-2-4,none,mixture,0.4,500,800178,0.005712860001949593,slack_plugin,none,0.6295626570226112
2-2-4,none,mixture,0.4,500,800178,0.005712860001949593,gm_battery,none,0.0
2-2-4,none,mixture,0.4,500,800178,0.005712860001949593,gtest,none,20.604917960848276
2-2-4,none,mixture,0.4,500,800179,0.006075800003600307,kl_plugin,none,0.08597866948728947
2-2-4,none,mixture,0.4,500,800179,0.006075800003600307,kl_split,none,0.17425233947806174
2-2-4,none,mixture,0.4,500,800179,0.006075800003600307,kl_crossfit,none,0.16995932961548607
2-2-4,none,mixture,0.4,500,800179,0.006075800003600307,cf1_margin,none,0.27742433005590916
2-2-4,none,mixture,0.4,500,800179,0.006075800003600307,slack_plugin,none,0.5548486601118181
2-2-4,none,mixture,0.4,500,800179,0.006075800003600307,gm_battery,none,0.0
2-2-4,none,mixture,0.4,500,800179,0.006075800003600307,gtest,none,5.568526451564706
2-2-4,none,mixture,0.4,500,800180,0.006465277001552749,kl_plugin,none,0.09245963655449085
2-2-4,none,mixture,0.4,500,800180,0.006465277001552749,kl_split,none,0.20807236052146208
2-2-4,none,mixture,0.4,500,800180,0.006465277001552749,kl_crossfit,none,0.1931554918180527
2-2-4,none,mixture,0.4,500,800180,0.006465277001552749,cf1_margin,none,0.28213474274480743
2-2-4,none,mixture,0.4,500,800180,0.006465277001552749,slack_plugin,none,0.5642694854896149
2-2-4,none,mixture,0.4,500,800180,0.006465277001552749,gm_battery,none,0.0
2-2-4,none,mixture,0.4,500,800180,0.006465277001552749,gtest,none,16.592326911973096
2-2-4,none,mixture,0.4,500,800181,0.005956383000011556,kl_plugin,none,0.0926208776556567
2-2-4,none,mixture,0.4,500,800181,0.005956383000011556,kl_split,none,0.1856272273875217
2-2-4,none,mixture,0.4,500,800181,0.005956383000011556,kl_crossfit,none,0.14859149989579212
2-2-4,none,mixture,0.4,500,800181,0.005956383000011556,cf1_margin,none,0.2864183307731696
2-2-4,none,mixture,0.4,500,800181,0.005956383000011556,slack_plugin,none,0.5728366615463389
2-2-4,none,mixture,0.4,500,800181,0.005956383000011556,gm_battery,none,0.0
2-2-4,none,mixture,0.4,500,800181,0.005956383000011556,gtest,none,25.910244344430183
2-2-4,none,mixture,0.4,500,800182,0.006031431999872439,kl_plugin,none,0.07250303483366757
2-2-4,none,mixture,0.4,500,800182,0.006031431999872439,kl_split,none,0.14537512433248326
2-2-4,none,mixture,0.4,500,800182,0.006031431999872439,kl_crossfit,none,0.12989461187312523
2-2-4,none,mixture,0.4,500,800182,0.006031431999872439,cf1_margin,none,0.2564374067478461
2-2-4,none,mixture,0.4,500,800182,0.006031431999872439,slack_plugin,none,0.5128748134956923
2-2-4,none,mixture,0.4,500,800182,0.006031431999872439,gm_battery,none,0.0
2-2-4,none,mixture,0.4,500,800182,0.006031431999872439,gtest,none,16.575665758978058
2-2-4,none,mixture,0.4,500,800183,0.006710396002745256,kl_plugin,none,0.08377301739019483
2-2-4,none,mixture,0.4,500,800183,0.006710396002745256,kl_split,none,0.20151757750009835
2-2-4,none,mixture,0.4,500,800183,0.006710396002745256,kl_crossfit,none,0.16983560433202954
2-2-4,none,mixture,0.4,500,800183,0.006710396002745256,cf1_margin,none,0.2766505636070854
2-2-4,none,mixture,0.4,500,800183,0.006710396002745256,slack_plugin,none,0.5533011272141706
2-2-4,none,mixture,0.4,500,800183,0.006710396002745256,gm_battery,none,0.0
2-2-4,none,mixture,0.4,500,800183,0.006710396002745256,gtest,none,9.963672752478626
2-2-4,none,mixture,0.4,500,800184,0.005660838003677782,kl_plugin,none,0.07648150098004394
2-2-4,none,mixture,0.4,500,800184,0.005660838003677782,kl_split,none,0.20362961873407254
2-2-4,none,mixture,0.4,500,800184,0.005660838003677782,kl_crossfit,none,0.16477479077779267
2-2-4,none,mixture,0.4,500,800184,0.005660838003677782,cf1_margin,none,0.2571780413507032
2-2-4,none,mixture,0.4,500,800184,0.005660838003677782,slack_plugin,none,0.5143560827014062
2-2-4,none,mixture,0.4,500,800184,0.005660838003677782,gm_battery,none,0.0
2-2-4,none,mixture,0.4,500,800184,0.005660838003677782,gtest,none,5.481098089429368
2-2-4,none,mixture,0.4,500,800185,0.008837991998007055,kl_plugin,none,0.052088597474408554
2-2-4,none,mixture,0.4,500,800185,0.008837991998007055,kl_split,none,0.06494864394922188
2-2-4,none,mixture,0.4,500,800185,0.008837991998007055,kl_crossfit,none,0.0977426723813623
2-2-4,none,mixture,0.4,500,800185,0.008837991998007055,cf1_margin,none,0.20505928094849535
2-2-4,none,mixture,0.4,500,800185,0.008837991998007055,slack_plugin,none,0.41011856189699036
2-2-4,none,mixture,0.4,500,800185,0.008837991998007055,gm_battery,none,0.0
2-2-4,none,mixture,0.4,500,800185,0.008837991998007055,gtest,none,10.320697630153987
2-2-4,none,mixture,0.4,500,800186,0.006759487005183473,kl_plugin,none,0.10066543418445824
2-2-4,none,mixture,0.4,500,800186,0.006759487005183473,kl_split,none,0.24310966861565475
2-2-4,none,mixture,0.4,500,800186,0.006759487005183473,kl_crossfit,none,0.25064371233201255
2-2-4,none,mixture,0.4,500,800186,0.006759487005183473,cf1_margin,none,0.2924370826913202
2-2-4,none,mixture,0.4,500,800186,0.006759487005183473,slack_plugin,none,0.5848741653826399
2-2-4,none,mixture,0.4,500,800186,0.006759487005183473,gm_battery,none,0.0
2-2-4,none,mixture,0.4,500,800186,0.006759487005183473,gtest,none,14.555327847800218
2-2-4,none,mixture,0.4,500,800187,0.009820405997743364,kl_plugin,none,0.11308074902571764
2-2-4,none,mixture,0.4,500,800187,0.009820405997743364,kl_split,none,2.9053819128701712
2-2-4,none,mixture,0.4,500,800187,0.009820405997743364,kl_crossfit,none,1.6183984044955757
2-2-4,none,mixture,0.4,500,800187,0.009820405997743364,cf1_margin,none,0.31490411573399113
2-2-4,none,mixture,0.4,500,800187,0.009820405997743364,slack_plugin,none,0.6298082314679825
2-2-4,none,mixture,0.4,500,800187,0.009820405997743364,gm_battery,none,0.0
2-2-4,none,mixture,0.4,500,800187,0.009820405997743364,gtest,none,27.07395254817472
2-2-4,none,mixture,0.4,500,800188,0.006460663003963418,kl_plugin,none,0.11509202150302514
2-2-4,none,mixture,0.4,500,800188,0.006460663003963418,kl_split,none,0.1516757038076465
2-2-4,none,mixture,0.4,500,800188,0.006460663003963418,kl_crossfit,none,0.7288665301608843
2-2-4,none,mixture,0.4,500,800188,0.006460663003963418,cf1_margin,none,0.3163335520314925
2-2-4,none,mixture,0.4,500,800188,0.006460663003963418,slack_plugin,none,0.632667104062985
2-2-4,none,mixture,0.4,500,800188,0.006460663003963418,gm_battery,none,0.0
2-2-4,none,mixture,0.4,500,800188,0.006460663003963418,gtest,none,18.979755817046392
2-2-4,none,mixture,0.4,500,800189,0.006408264998754021,kl_plugin,none,0.04762355988587372
2-2-4,none,mixture,0.4,500,800189,0.006408264998754021,kl_split,none,0.11301971444313529
2-2-4,none,mixture,0.4,500,800189,0.006408264998754021,kl_crossfit,none,0.11962789118377029
2-2-4,none,mixture,0.4,500,800189,0.006408264998754021,cf1_margin,none,0.21244221879815117
2-2-4,none,mixture,0.4,500,800189,0.006408264998754021,slack_plugin,none,0.424884437596302
2-2-4,none,mixture,0.4,500,800189,0.006408264998754021,gm_battery,none,0.0
2-2-4,none,mixture,0.4,500,800189,0.006408264998754021,gtest,none,19.287797194514475
2-2-4,none,mixture,0.4,500,800190,0.005218814003455918,kl_plugin,none,0.09271252108906267
2-2-4,none,mixture,0.4,500,800190,0.005218814003455918,kl_split,none,0.2363650090698138
2-2-4,none,mixture,0.4,500,800190,0.005218814003455918,kl_crossfit,none,0.20326933386779863
2-2-4,none,mixture,0.4,500,800190,0.005218814003455918,cf1_margin,none,0.27553763440860235
2-2-4,none,mixture,0.4,500,800190,0.005218814003455918,slack_plugin,none,0.5510752688172044
2-2-4,none,mixture,0.4,500,800190,0.005218814003455918,gm_battery,none,0.0
2-2-4,none,mixture,0.4,500,800190,0.005218814003455918,gtest,none,13.098486030714712
2-2-4,none,mixture,0.4,500,800191,0.005526423003175296,kl_plugin,none,0.12459697091769739
2-2-4,none,mixture,0.4,500,800191,0.005526423003175296,kl_split,none,0.27873468226105863
2-2-4,none,mixture,0.4,500,800191,0.005526423003175296,kl_crossfit,none,0.2325959467673564
2-2-4,none,mixture,0.4,500,800191,0.005526423003175296,cf1_margin,none,0.3241708897299378
2-2-4,none,mixture,0.4,500,800191,0.005526423003175296,slack_plugin,none,0.6483417794598755
2-2-4,none,mixture,0.4,500,800191,0.005526423003175296,gm_battery,none,0.0
2-2-4,none,mixture,0.4,500,800191,0.005526423003175296,gtest,none,17.95591946227749
2-2-4,none,mixture,0.4,500,800192,0.009631173001253046,kl_plugin,none,0.04156624062924638
2-2-4,none,mixture,0.4,500,800192,0.009631173001253046,kl_split,none,0.16898915494870603
2-2-4,none,mixture,0.4,500,800192,0.009631173001253046,kl_crossfit,none,0.16000295285747654
2-2-4,none,mixture,0.4,500,800192,0.009631173001253046,cf1_margin,none,0.1944760045446544
2-2-4,none,mixture,0.4,500,800192,0.009631173001253046,slack_plugin,none,0.38895200908930894
2-2-4,none,mixture,0.4,500,800192,0.009631173001253046,gm_battery,none,0.0
2-2-4,none,mixture,0.4,500,800192,0.009631173001253046,gtest,none,11.55479451824731
2-2-4,none,mixture,0.4,500,800193,0.005633086999296211,kl_plugin,none,0.09525642021974365
2-2-4,none,mixture,0.4,500,800193,0.005633086999296211,kl_split,none,0.2444003648885874
2-2-4,none,mixture,0.4,500,800193,0.005633086999296211,kl_crossfit,none,0.19250329398059832
2-2-4,none,mixture,0.4,500,800193,0.005633086999296211,cf1_margin,none,0.2840685450967215
2-2-4,none,mixture,0.4,500,800193,0.005633086999296211,slack_plugin,none,0.5681370901934433
2-2-4,none,mixture,0.4,500,800193,0.005633086999296211,gm_battery,none,0.0
2-2-4,none,mixture,0.4,500,800193,0.005633086999296211,gtest,none,27.68854792317155
2-2-4,none,mixture,0.4,500,800194,0.0058555099967634305,kl_plugin,none,0.09058326086130572
2-2-4,none,mixture,0.4,500,800194,0.0058555099967634305,kl_split,none,0.19640790037849976
2-2-4,none,mixture,0.4,500,800194,0.0058555099967634305,kl_crossfit,none,0.1926440673529223
2-2-4,none,mixture,0.4,500,800194,0.0058555099967634305,cf1_margin,none,0.27442501121148066
2-2-4,none,mixture,0.4,500,800194,0.0058555099967634305,slack_plugin,none,0.5488500224229611
2-2-4,none,mixture,0.4,500,800194,0.0058555099967634305,gm_battery,none,0.0
2-2-4,none,mixture,0.4,500,800194,0.0058555099967634305,gtest,none,19.79391230796982
2-2-4,none,mixture,0.4,500,800195,0.005470380994665902,kl_plugin,none,0.07912353234231453
2-2-4,none,mixture,0.4,500,800195,0.005470380994665902,kl_split,none,3.295278345000842
2-2-4,none,mixture,0.4,500,800195,0.005470380994665902,kl_crossfit,none,1.734327206277581
2-2-4,none,mixture,0.4,500,800195,0.005470380994665902,cf1_margin,none,0.25812852022529453
2-2-4,none,mixture,0.4,500,800195,0.005470380994665902,slack_plugin,none,0.5162570404505888
2-2-4,none,mixture,0.4,500,800195,0.005470380994665902,gm_battery,none,0.0
2-2-4,none,mixture,0.4,500,800195,0.005470380994665902,gtest,none,7.549739608835792
2-2-4,none,mixture,0.4,500,800196,0.006710854002449196,kl_plugin,none,0.05607172784315896
2-2-4,none,mixture,0.4,500,800196,0.006710854002449196,kl_split,none,0.1705048543305014
2-2-4,none,mixture,0.4,500,800196,0.006710854002449196,kl_crossfit,none,0.15111523163894724
2-2-4,none,mixture,0.4,500,800196,0.006710854002449196,cf1_margin,none,0.2270508203281313
2-2-4,none,mixture,0.4,500,800196,0.006710854002449196,slack_plugin,none,0.4541016406562627
2-2-4,none,mixture,0.4,500,800196,0.006710854002449196,gm_battery,none,0.0
2-2-4,none,mixture,0.4,500,800196,0.006710854002449196,gtest,none,10.427431238271385
2-2-4,none,mixture,0.4,500,800197,0.00530425799661316,kl_plugin,none,0.06601320096753534
2-2-4,none,mixture,0.4,500,800197,0.00530425799661316,kl_split,none,0.17404291761340465
2-2-4,none,mixture,0.4,500,800197,0.00530425799661316,kl_crossfit,none,0.17688320136037494
2-2-4,none,mixture,0.4,500,800197,0.00530425799661316,cf1_margin,none,0.23093986594010696
2-2-4,none,mixture,0.4,500,800197,0.00530425799661316,slack_plugin,none,0.46187973188021414
2-2-4,none,mixture,0.4,500,800197,0.00530425799661316,gm_battery,none,0.0
2-2-4,none,mixture,0.4,500,800197,0.00530425799661316,gtest,none,16.087233981123667
2-2-4,none,mixture,0.4,500,800198,0.005262134000076912,kl_plugin,none,0.1075583753509406
2-2-4,none,mixture,0.4,500,800198,0.005262134000076912,kl_split,none,0.23023349226008788
2-2-4,none,mixture,0.4,500,800198,0.005262134000076912,kl_crossfit,none,0.2380537263165378
2-2-4,none,mixture,0.4,500,800198,0.005262134000076912,cf1_margin,none,0.3017418032786886
2-2-4,none,mixture,0.4,500,800198,0.005262134000076912,slack_plugin,none,0.6034836065573769
2-2-4,none,mixture,0.4,500,800198,0.005262134000076912,gm_battery,none,0.0
2-2-4,none,mixture,0.4,500,800198,0.005262134000076912,gtest,none,15.515096250958402
2-2-4,none,mixture,0.4,500,800199,0.0071229390014195815,kl_plugin,none,0.0774050178882062
2-2-4,none,mixture,0.4,500,800199,0.0071229390014195815,kl_split,none,0.18538400468746466
2-2-4,none,mixture,0.4,500,800199,0.0071229390014195815,kl_crossfit,none,0.5605362640701392
2-2-4,none,mixture,0.4,500,800199,0.0071229390014195815,cf1_margin,none,0.2519999999999998
2-2-4,none,mixture,0.4,500,800199,0.0071229390014195815,slack_plugin,none,0.504
2-2-4,none,mixture,0.4,500,800199,0.0071229390014195815,gm_battery,none,0.0
2-2-4,none,mixture,0.4,500,800199,0.0071229390014195815,gtest,none,39.03021990737007
