cell,tail,family,rho,n,seed,dt_stats_s,stat,engine,stat_obs
2-2-4,none,mixture,0.2,2000,800000,0.00827652699808823,kl_plugin,none,0.002308150905991794
2-2-4,none,mixture,0.2,2000,800000,0.00827652699808823,kl_split,none,0.030932932739684508
2-2-4,none,mixture,0.2,2000,800000,0.00827652699808823,kl_crossfit,none,0.03104306623443947
2-2-4,none,mixture,0.2,2000,800000,0.00827652699808823,cf1_margin,none,0.045340181360725484
2-2-4,none,mixture,0.2,2000,800000,0.00827652699808823,slack_plugin,none,0.09068036272145087
2-2-4,none,mixture,0.2,2000,800000,0.00827652699808823,gm_battery,none,0.0
2-2-4,none,mixture,0.2,2000,800000,0.00827652699808823,gtest,none,43.389603267687164
2-2-4,none,mixture,0.2,2000,800001,0.007737448999250773,kl_plugin,none,2.0944391469286845e-05
2-2-4,none,mixture,0.2,2000,800001,0.007737448999250773,kl_split,none,0.017941611190497593
2-2-4,none,mixture,0.2,2000,800001,0.007737448999250773,kl_crossfit,none,0.016279542967229107
2-2-4,none,mixture,0.2,2000,800001,0.007737448999250773,cf1_margin,none,0.003747299209972077
2-2-4,none,mixture,0.2,2000,800001,0.007737448999250773,slack_plugin,none,0.007494598419943814
2-2-4,none,mixture,0.2,2000,800001,0.007737448999250773,gm_battery,none,0.0
2-2-4,none,mixture,0.2,2000,800001,0.007737448999250773,gtest,none,32.5060729100159
2-2-4,none,mixture,0.2,2000,800002,0.00673027899756562,kl_plugin,none,3.356005618350877e-08
2-2-4,none,mixture,0.2,2000,800002,0.00673027899756562,kl_split,none,0.026193558883179945
2-2-4,none,mixture,0.2,2000,800002,0.00673027899756562,kl_crossfit,none,0.025789540663391806
2-2-4,none,mixture,0.2,2000,800002,0.00673027899756562,cf1_margin,none,1.1102230246251565e-16
2-2-4,none,mixture,0.2,2000,800002,0.00673027899756562,slack_plugin,none,0.0
2-2-4,none,mixture,0.2,2000,800002,0.00673027899756562,gm_battery,none,0.0
2-2-4,none,mixture,0.2,2000,800002,0.00673027899756562,gtest,none,39.33416263379577
2-2-4,none,mixture,0.2,2000,800003,0.006773904999135993,kl_plugin,none,0.0008829321449659866
2-2-4,none,mixture,0.2,2000,800003,0.006773904999135993,kl_split,none,0.02396668216167338
2-2-4,none,mixture,0.2,2000,800003,0.006773904999135993,kl_crossfit,none,0.025471233670427577
2-2-4,none,mixture,0.2,2000,800003,0.006773904999135993,cf1_margin,none,0.027889567810882365
2-2-4,none,mixture,0.2,2000,800003,0.006773904999135993,slack_plugin,none,0.05577913562176444
2-2-4,none,mixture,0.2,2000,800003,0.006773904999135993,gm_battery,none,0.0
2-2-4,none,mixture,0.2,2000,800003,0.006773904999135993,gtest,none,25.69685162251723
2-2-4,none,mixture,0.2,2000,800004,0.0067101899985573255,kl_plugin,none,0.0007053304678190288
2-2-4,none,mixture,0.2,2000,800004,0.0067101899985573255,kl_split,none,0.030187796615491768
2-2-4,none,mixture,0.2,2000,800004,0.0067101899985573255,kl_crossfit,none,0.02609184146257479
2-2-4,none,mixture,0.2,2000,800004,0.0067101899985573255,cf1_margin,none,0.02647830268265572
2-2-4,none,mixture,0.2,2000,800004,0.0067101899985573255,slack_plugin,none,0.052956605365311264
2-2-4,none,mixture,0.2,2000,800004,0.0067101899985573255,gm_battery,none,0.0
2-2-4,none,mixture,0.2,2000,800004,0.0067101899985573255,gtest,none,23.96858274081176
2-2-4,none,mixture,0.2,2000,800005,0.010806529004184995,kl_plugin,none,0.0009419165416494693
2-2-4,none,mixture,0.2,2000,800005,0.010806529004184995,kl_split,none,0.022850358791850135
2-2-4,none,mixture,0.2,2000,800005,0.010806529004184995,kl_crossfit,none,0.02469838843850286
2-2-4,none,mixture,0.2,2000,800005,0.010806529004184995,cf1_margin,none,0.029376705809585957
2-2-4,none,mixture,0.2,2000,800005,0.010806529004184995,slack_plugin,none,0.058753411619171705
2-2-4,none,mixture,0.2,2000,800005,0.010806529004184995,gm_battery,none,0.0
2-2-4,none,mixture,0.2,2000,800005,0.010806529004184995,gtest,none,25.49169162239106
2-2-4,none,mixture,0.2,2000,800006,0.0177603230040404,kl_plugin,none,0.00010975497975438276
2-2-4,none,mixture,0.2,2000,800006,0.0177603230040404,kl_split,none,0.023876177451793355
2-2-4,none,mixture,0.2,2000,800006,0.0177603230040404,kl_crossfit,none,0.025230733038519984
2-2-4,none,mixture,0.2,2000,800006,0.0177603230040404,cf1_margin,none,0.009703881552620919
2-2-4,none,mixture,0.2,2000,800006,0.0177603230040404,slack_plugin,none,0.019407763105242164
2-2-4,none,mixture,0.2,2000,800006,0.0177603230040404,gm_battery,none,0.0
2-2-4,none,mixture,0.2,2000,800006,0.0177603230040404,gtest,none,13.327147232566588
2-2-4,none,mixture,0.2,2000,800007,0.00726835300156381,kl_plugin,none,1.592974954355666e-13
2-2-4,none,mixture,0.2,2000,800007,0.00726835300156381,kl_split,none,0.020039741498289437
2-2-4,none,mixture,0.2,2000,800007,0.00726835300156381,kl_crossfit,none,0.020215111654011776
2-2-4,none,mixture,0.2,2000,800007,0.00726835300156381,cf1_margin,none,0.0
2-2-4,none,mixture,0.2,2000,800007,0.00726835300156381,slack_plugin,none,0.0
2-2-4,none,mixture,0.2,2000,800007,0.00726835300156381,gm_battery,none,0.0
2-2-4,none,mixture,0.2,2000,800007,0.00726835300156381,gtest,none,42.2573329646351
2-2-4,none,mixture,0.2,2000,800008,0.006767791994207073,kl_plugin,none,0.00030372410444358747
2-2-4,none,mixture,0.2,2000,800008,0.006767791994207073,kl_split,none,0.02215346519970902
2-2-4,none,mixture,0.2,2000,800008,0.006767791994207073,kl_crossfit,none,0.02054335348267218
2-2-4,none,mixture,0.2,2000,800008,0.006767791994207073,cf1_margin,none,0.017397105049710926
2-2-4,none,mixture,0.2,2000,800008,0.006767791994207073,slack_plugin,none,0.03479421009942197
2-2-4,none,mixture,0.2,2000,800008,0.006767791994207073,gm_battery,none,0.0
2-2-4,none,mixture,0.2,2000,800008,0.006767791994207073,gtest,none,46.96361803223161
2-2-4,none,mixture,0.2,2000,800009,0.006607650000660215,kl_plugin,none,4.724358166012725e-14
2-2-4,none,mixture,0.2,2000,800009,0.006607650000660215,kl_split,none,0.02155867045036445
2-2-4,none,mixture,0.2,2000,800009,0.006607650000660215,kl_crossfit,none,0.02093160188282971
2-2-4,none,mixture,0.2,2000,800009,0.006607650000660215,cf1_margin,none,0.0
2-2-4,none,mixture,0.2,2000,800009,0.006607650000660215,slack_plugin,none,0.0
2-2-4,none,mixture,0.2,2000,800009,0.006607650000660215,gm_battery,none,0.0
2-2-4,none,mixture,0.2,2000,800009,0.006607650000660215,gtest,none,29.01326825038619
2-2-4,none,mixture,0.2,2000,800010,0.006891211000038311,kl_plugin,none,0.0002910531686791387
2-2-4,none,mixture,0.2,2000,800010,0.006891211000038311,kl_split,none,0.023077386998931318
2-2-4,none,mixture,0.2,2000,800010,0.006891211000038311,kl_crossfit,none,0.024848227700186597
2-2-4,none,mixture,0.2,2000,800010,0.006891211000038311,cf1_margin,none,0.01705093447133088
2-2-4,none,mixture,0.2,2000,800010,0.006891211000038311,slack_plugin,none,0.03410186894266186
2-2-4,none,mixture,0.2,2000,800010,0.006891211000038311,gm_battery,none,0.0
2-2-4,none,mixture,0.2,2000,800010,0.006891211000038311,gtest,none,42.09177504874426
2-2-4,none,mixture,0.2,2000,800011,0.008764430996961892,kl_plugin,none,3.259982666951834e-05
2-2-4,none,mixture,0.2,2000,800011,0.008764430996961892,kl_split,none,0.020260400895095274
2-2-4,none,mixture,0.2,2000,800011,0.008764430996961892,kl_crossfit,none,0.021420333507569413
2-2-4,none,mixture,0.2,2000,800011,0.008764430996961892,cf1_margin,none,0.005037273823401023
2-2-4,none,mixture,0.2,2000,800011,0.008764430996961892,slack_plugin,none,0.010074547646802039
2-2-4,none,mixture,0.2,2000,800011,0.008764430996961892,gm_battery,none,0.0
2-2-4,none,mixture,0.2,2000,800011,0.008764430996961892,gtest,none,27.420483390861
2-2-4,none,mixture,0.2,2000,800012,0.00668055699497927,kl_plugin,none,0.0008593877775075927
2-2-4,none,mixture,0.2,2000,800012,0.00668055699497927,kl_split,none,0.022892557734206797
2-2-4,none,mixture,0.2,2000,800012,0.00668055699497927,kl_crossfit,none,0.024055903078900116
2-2-4,none,mixture,0.2,2000,800012,0.00668055699497927,cf1_margin,none,0.02931219825457254
2-2-4,none,mixture,0.2,2000,800012,0.00668055699497927,slack_plugin,none,0.05862439650914541
2-2-4,none,mixture,0.2,2000,800012,0.00668055699497927,gm_battery,none,0.0
2-2-4,none,mixture,0.2,2000,800012,0.00668055699497927,gtest,none,44.17279701537917
2-2-4,none,mixture,0.2,2000,800013,0.006767018996470142,kl_plugin,none,2.754638264102047e-06
2-2-4,none,mixture,0.2,2000,800013,0.006767018996470142,kl_split,none,0.020957500748419358
2-2-4,none,mixture,0.2,2000,800013,0.006767018996470142,kl_crossfit,none,0.021597777822668324
2-2-4,none,mixture,0.2,2000,800013,0.006767018996470142,cf1_margin,none,0.0
2-2-4,none,mixture,0.2,2000,800013,0.006767018996470142,slack_plugin,none,0.0
2-2-4,none,mixture,0.2,2000,800013,0.006767018996470142,gm_battery,none,0.0
2-2-4,none,mixture,0.2,2000,800013,0.006767018996470142,gtest,none,24.6531561490401
2-2-4,none,mixture,0.2,2000,800014,0.006852079000964295,kl_plugin,none,0.0006747951714565544
2-2-4,none,mixture,0.2,2000,800014,0.006852079000964295,kl_split,none,0.022690621348660928
2-2-4,none,mixture,0.2,2000,800014,0.006852079000964295,kl_crossfit,none,0.020586022252584657
2-2-4,none,mixture,0.2,2000,800014,0.006852079000964295,cf1_margin,none,0.024418917607414548
2-2-4,none,mixture,0.2,2000,800014,0.006852079000964295,slack_plugin,none,0.04883783521482865
2-2-4,none,mixture,0.2,2000,800014,0.006852079000964295,gm_battery,none,0.0
2-2-4,none,mixture,0.2,2000,800014,0.006852079000964295,gtest,none,29.904940649052598
2-2-4,none,mixture,0.2,2000,800015,0.006826607001130469,kl_plugin,none,3.543499602372117e-09
2-2-4,none,mixture,0.2,2000,800015,0.006826607001130469,kl_split,none,0.017838833130725793
2-2-4,none,mixture,0.2,2000,800015,0.006826607001130469,kl_crossfit,none,0.018509067319975633
2-2-4,none,mixture,0.2,2000,800015,0.006826607001130469,cf1_margin,none,1.1102230246251565e-16
2-2-4,none,mixture,0.2,2000,800015,0.006826607001130469,slack_plugin,none,0.0
2-2-4,none,mixture,0.2,2000,800015,0.006826607001130469,gm_battery,none,0.0
2-2-4,none,mixture,0.2,2000,800015,0.006826607001130469,gtest,none,32.16184816234513
2-2-4,none,mixture,0.2,2000,800016,0.006787764999899082,kl_plugin,none,2.7283170522020457e-05
2-2-4,none,mixture,0.2,2000,800016,0.006787764999899082,kl_split,none,0.01912833171402335
2-2-4,none,mixture,0.2,2000,800016,0.006787764999899082,kl_crossfit,none,0.019931049801266254
2-2-4,none,mixture,0.2,2000,800016,0.006787764999899082,cf1_margin,none,0.004676378786681479
2-2-4,none,mixture,0.2,2000,800016,0.006787764999899082,slack_plugin,none,0.009352757573363436
2-2-4,none,mixture,0.2,2000,800016,0.006787764999899082,gm_battery,none,0.0
2-2-4,none,mixture,0.2,2000,800016,0.006787764999899082,gtest,none,33.34636009988018
2-2-4,none,mixture,0.2,2000,800017,0.007080939001752995,kl_plugin,none,4.518428760665291e-11
2-2-4,none,mixture,0.2,2000,800017,0.007080939001752995,kl_split,none,0.01941614814670156
2-2-4,none,mixture,0.2,2000,800017,0.007080939001752995,kl_crossfit,none,0.018564856364817237
2-2-4,none,mixture,0.2,2000,800017,0.007080939001752995,cf1_margin,none,0.0
2-2-4,none,mixture,0.2,2000,800017,0.007080939001752995,slack_plugin,none,0.0
2-2-4,none,mixture,0.2,2000,800017,0.007080939001752995,gm_battery,none,0.0
2-2-4,none,mixture,0.2,2000,800017,0.007080939001752995,gtest,none,55.78614014344343
2-2-4,none,mixture,0.2,2000,800018,0.006830778998846654,kl_plugin,none,1.559510669145686e-08
2-2-4,none,mixture,0.2,2000,800018,0.006830778998846654,kl_split,none,0.024490204970704366
2-2-4,none,mixture,0.2,2000,800018,0.006830778998846654,kl_crossfit,none,0.02373157140628303
2-2-4,none,mixture,0.2,2000,800018,0.006830778998846654,cf1_margin,none,0.0
2-2-4,none,mixture,0.2,2000,800018,0.006830778998846654,slack_plugin,none,0.0
2-2-4,none,mixture,0.2,2000,800018,0.006830778998846654,gm_battery,none,0.0
2-2-4,none,mixture,0.2,2000,800018,0.006830778998846654,gtest,none,46.273478421970225
2-2-4,none,mixture,0.2,2000,800019,0.006675895994703751,kl_plugin,none,0.00012796687010682446
2-2-4,none,mixture,0.2,2000,800019,0.006675895994703751,kl_split,none,0.025528064592039722
2-2-4,none,mixture,0.2,2000,800019,0.006675895994703751,kl_crossfit,none,0.024570337971880688
2-2-4,none,mixture,0.2,2000,800019,0.006675895994703751,cf1_margin,none,0.010741877817892265
2-2-4,none,mixture,0.2,2000,800019,0.006675895994703751,slack_plugin,none,0.021483755635784467
2-2-4,none,mixture,0.2,2000,800019,0.006675895994703751,gm_battery,none,0.0
2-2-4,none,mixture,0.2,2000,800019,0.006675895994703751,gtest,none,34.420915194426726
2-2-4,none,mixture,0.2,2000,800020,0.00655951899534557,kl_plugin,none,0.0006775247307418911
2-2-4,none,mixture,0.2,2000,800020,0.00655951899534557,kl_split,none,0.01994600663195142
2-2-4,none,mixture,0.2,2000,800020,0.00655951899534557,kl_crossfit,none,0.021602053025626712
2-2-4,none,mixture,0.2,2000,800020,0.00655951899534557,cf1_margin,none,0.024272817249628376
2-2-4,none,mixture,0.2,2000,800020,0.00655951899534557,slack_plugin,none,0.04854563449925669
2-2-4,none,mixture,0.2,2000,800020,0.00655951899534557,gm_battery,none,0.0
2-2-4,none,mixture,0.2,2000,800020,0.00655951899534557,gtest,none,34.124652778256475
2-2-4,none,mixture,0.2,2000,800021,0.006708152999635786,kl_plugin,none,7.406066066530105e-13
2-2-4,none,mixture,0.2,2000,800021,0.006708152999635786,kl_split,none,0.027908188018926347
2-2-4,none,mixture,0.2,2000,800021,0.006708152999635786,kl_crossfit,none,0.02705768686618383
2-2-4,none,mixture,0.2,2000,800021,0.006708152999635786,cf1_margin,none,0.0
2-2-4,none,mixture,0.2,2000,800021,0.006708152999635786,slack_plugin,none,0.0
2-2-4,none,mixture,0.2,2000,800021,0.006708152999635786,gm_battery,none,0.0
2-2-4,none,mixture,0.2,2000,800021,0.006708152999635786,gtest,none,34.02861753210897
2-2-4,none,mixture,0.2,2000,800022,0.006708046996209305,kl_plugin,none,5.163630229302859e-07
2-2-4,none,mixture,0.2,2000,800022,0.006708046996209305,kl_split,none,0.0241985882006454
2-2-4,none,mixture,0.2,2000,800022,0.006708046996209305,kl_crossfit,none,0.026337190843547284
2-2-4,none,mixture,0.2,2000,800022,0.006708046996209305,cf1_margin,none,0.0
2-2-4,none,mixture,0.2,2000,800022,0.006708046996209305,slack_plugin,none,0.0
2-2-4,none,mixture,0.2,2000,800022,0.006708046996209305,gm_battery,none,0.0
2-2-4,none,mixture,0.2,2000,800022,0.006708046996209305,gtest,none,52.775353162094405
2-2-4,none,mixture,0.2,2000,800023,0.011195851002412383,kl_plugin,none,7.514864978905604e-05
2-2-4,none,mixture,0.2,2000,800023,0.011195851002412383,kl_split,none,0.022546072371393572
2-2-4,none,mixture,0.2,2000,800023,0.011195851002412383,kl_crossfit,none,0.026146644144031304
2-2-4,none,mixture,0.2,2000,800023,0.011195851002412383,cf1_margin,none,0.008517030560697747
2-2-4,none,mixture,0.2,2000,800023,0.011195851002412383,slack_plugin,none,0.017034061121395563
2-2-4,none,mixture,0.2,2000,800023,0.011195851002412383,gm_battery,none,0.0
2-2-4,none,mixture,0.2,2000,800023,0.011195851002412383,gtest,none,49.463544129636546
2-2-4,none,mixture,0.2,2000,800024,0.007265521999215707,kl_plugin,none,1.8198575257705922e-05
2-2-4,none,mixture,0.2,2000,800024,0.007265521999215707,kl_split,none,0.019911776980259404
2-2-4,none,mixture,0.2,2000,800024,0.007265521999215707,kl_crossfit,none,0.020388939128437263
2-2-4,none,mixture,0.2,2000,800024,0.007265521999215707,cf1_margin,none,0.0032103210321031694
2-2-4,none,mixture,0.2,2000,800024,0.007265521999215707,slack_plugin,none,0.006420642064206533
2-2-4,none,mixture,0.2,2000,800024,0.007265521999215707,gm_battery,none,0.0
2-2-4,none,mixture,0.2,2000,800024,0.007265521999215707,gtest,none,31.71210555519076
2-2-4,none,mixture,0.2,2000,800025,0.006944690998352598,kl_plugin,none,0.0006309663905920918
2-2-4,none,mixture,0.2,2000,800025,0.006944690998352598,kl_split,none,0.033028551372357946
2-2-4,none,mixture,0.2,2000,800025,0.006944690998352598,kl_crossfit,none,0.033058383790369295
2-2-4,none,mixture,0.2,2000,800025,0.006944690998352598,cf1_margin,none,0.025108401734427854
2-2-4,none,mixture,0.2,2000,800025,0.006944690998352598,slack_plugin,none,0.050216803468855604
2-2-4,none,mixture,0.2,2000,800025,0.006944690998352598,gm_battery,none,0.0
2-2-4,none,mixture,0.2,2000,800025,0.006944690998352598,gtest,none,37.842264171820844
2-2-4,none,mixture,0.2,2000,800026,0.006614656995225232,kl_plugin,none,0.0038249396774387365
2-2-4,none,mixture,0.2,2000,800026,0.006614656995225232,kl_split,none,0.03422571989018965
2-2-4,none,mixture,0.2,2000,800026,0.006614656995225232,kl_crossfit,none,0.030594216760573494
2-2-4,none,mixture,0.2,2000,800026,0.006614656995225232,cf1_margin,none,0.06178324641166766
2-2-4,none,mixture,0.2,2000,800026,0.006614656995225232,slack_plugin,none,0.12356649282333505
2-2-4,none,mixture,0.2,2000,800026,0.006614656995225232,gm_battery,none,0.0
2-2-4,none,mixture,0.2,2000,800026,0.006614656995225232,gtest,none,63.0718150263897
2-2-4,none,mixture,0.2,2000,800027,0.007109263999154791,kl_plugin,none,0.00012524425687124568
2-2-4,none,mixture,0.2,2000,800027,0.007109263999154791,kl_split,none,0.034558882693115085
2-2-4,none,mixture,0.2,2000,800027,0.007109263999154791,kl_crossfit,none,0.03492088640300548
2-2-4,none,mixture,0.2,2000,800027,0.007109263999154791,cf1_margin,none,0.01113782051282075
2-2-4,none,mixture,0.2,2000,800027,0.007109263999154791,slack_plugin,none,0.022275641025641092
2-2-4,none,mixture,0.2,2000,800027,0.007109263999154791,gm_battery,none,0.0
2-2-4,none,mixture,0.2,2000,800027,0.007109263999154791,gtest,none,50.79522732279764
2-2-4,none,mixture,0.2,2000,800028,0.006705206003971398,kl_plugin,none,0.0008304316697346926
2-2-4,none,mixture,0.2,2000,800028,0.006705206003971398,kl_split,none,0.02236298012779163
2-2-4,none,mixture,0.2,2000,800028,0.006705206003971398,kl_crossfit,none,0.025405754685744728
2-2-4,none,mixture,0.2,2000,800028,0.006705206003971398,cf1_margin,none,0.02694088092848934
2-2-4,none,mixture,0.2,2000,800028,0.006705206003971398,slack_plugin,none,0.05388176185697888
2-2-4,none,mixture,0.2,2000,800028,0.006705206003971398,gm_battery,none,0.0
2-2-4,none,mixture,0.2,2000,800028,0.006705206003971398,gtest,none,31.49889313520243
2-2-4,none,mixture,0.2,2000,800029,0.009432031998585444,kl_plugin,none,5.9623688756812836e-06
2-2-4,none,mixture,0.2,2000,800029,0.009432031998585444,kl_split,none,0.02798792591985745
2-2-4,none,mixture,0.2,2000,800029,0.009432031998585444,kl_crossfit,none,0.027713504283911755
2-2-4,none,mixture,0.2,2000,800029,0.009432031998585444,cf1_margin,none,0.0005586457945385703
2-2-4,none,mixture,0.2,2000,800029,0.009432031998585444,slack_plugin,none,0.0011172915890769256
2-2-4,none,mixture,0.2,2000,800029,0.009432031998585444,gm_battery,none,0.0
2-2-4,none,mixture,0.2,2000,800029,0.009432031998585444,gtest,none,45.04023020981363
2-2-4,none,mixture,0.2,2000,800030,0.007839922000130173,kl_plugin,none,0.0009289252987817985
2-2-4,none,mixture,0.2,2000,800030,0.007839922000130173,kl_split,none,0.0261926536472308
2-2-4,none,mixture,0.2,2000,800030,0.007839922000130173,kl_crossfit,none,0.028047963995551754
2-2-4,none,mixture,0.2,2000,800030,0.007839922000130173,cf1_margin,none,0.030385944700460965
2-2-4,none,mixture,0.2,2000,800030,0.007839922000130173,slack_plugin,none,0.06077188940092169
2-2-4,none,mixture,0.2,2000,800030,0.007839922000130173,gm_battery,none,0.0
2-2-4,none,mixture,0.2,2000,800030,0.007839922000130173,gtest,none,27.524943492589443
2-2-4,none,mixture,0.2,2000,800031,0.0075747390001197346,kl_plugin,none,3.532665721890882e-10
2-2-4,none,mixture,0.2,2000,800031,0.0075747390001197346,kl_split,none,0.025538448133740777
2-2-4,none,mixture,0.2,2000,800031,0.0075747390001197346,kl_crossfit,none,0.02655768525679647
2-2-4,none,mixture,0.2,2000,800031,0.0075747390001197346,cf1_margin,none,0.0
2-2-4,none,mixture,0.2,2000,800031,0.0075747390001197346,slack_plugin,none,0.0
2-2-4,none,mixture,0.2,2000,800031,0.0075747390001197346,gm_battery,none,0.0
2-2-4,none,mixture,0.2,2000,800031,0.0075747390001197346,gtest,none,22.664603292024836
2-2-4,none,mixture,0.2,2000,800032,0.00650545099779265,kl_plugin,none,0.001474063528255503
2-2-4,none,mixture,0.2,2000,800032,0.00650545099779265,kl_split,none,0.024452301978076952
2-2-4,none,mixture,0.2,2000,800032,0.00650545099779265,kl_crossfit,none,0.02622309183175473
2-2-4,none,mixture,0.2,2000,800032,0.00650545099779265,cf1_margin,none,0.03668021521462883
2-2-4,none,mixture,0.2,2000,800032,0.00650545099779265,slack_plugin,none,0.07336043042925766
2-2-4,none,mixture,0.2,2000,800032,0.00650545099779265,gm_battery,none,0.0
2-2-4,none,mixture,0.2,2000,800032,0.00650545099779265,gtest,none,42.74896964063611
2-2-4,none,mixture,0.2,2000,800033,0.006463284000346903,kl_plugin,none,0.0004286780110337434
2-2-4,none,mixture,0.2,2000,800033,0.006463284000346903,kl_split,none,0.02434922091372773
2-2-4,none,mixture,0.2,2000,800033,0.006463284000346903,kl_crossfit,none,0.02583568030189557
2-2-4,none,mixture,0.2,2000,800033,0.006463284000346903,cf1_margin,none,0.019757057806798484
2-2-4,none,mixture,0.2,2000,800033,0.006463284000346903,slack_plugin,none,0.0395141156135971
2-2-4,none,mixture,0.2,2000,800033,0.006463284000346903,gm_battery,none,0.0
2-2-4,none,mixture,0.2,2000,800033,0.006463284000346903,gtest,none,40.838520466224345
2-2-4,none,mixture,0.2,2000,800034,0.0067192970018368214,kl_plugin,none,0.00019812648615422784
2-2-4,none,mixture,0.2,2000,800034,0.0067192970018368214,kl_split,none,0.028599435664650785
2-2-4,none,mixture,0.2,2000,800034,0.0067192970018368214,kl_crossfit,none,0.02755393766960982
2-2-4,none,mixture,0.2,2000,800034,0.0067192970018368214,cf1_margin,none,0.013493137869933225
2-2-4,none,mixture,0.2,2000,800034,0.0067192970018368214,slack_plugin,none,0.02698627573986649
2-2-4,none,mixture,0.2,2000,800034,0.0067192970018368214,gm_battery,none,0.0
2-2-4,none,mixture,0.2,2000,800034,0.0067192970018368214,gtest,none,25.381034723401825
2-2-4,none,mixture,0.2,2000,800035,0.006750558000931051,kl_plugin,none,1.470817204757746e-09
2-2-4,none,mixture,0.2,2000,800035,0.006750558000931051,kl_split,none,0.02341415508375118
2-2-4,none,mixture,0.2,2000,800035,0.006750558000931051,kl_crossfit,none,0.024139867865577574
2-2-4,none,mixture,0.2,2000,800035,0.006750558000931051,cf1_margin,none,0.0
2-2-4,none,mixture,0.2,2000,800035,0.006750558000931051,slack_plugin,none,0.0
2-2-4,none,mixture,0.2,2000,800035,0.006750558000931051,gm_battery,none,0.0
2-2-4,none,mixture,0.2,2000,800035,0.006750558000931051,gtest,none,32.27194067838387
2-2-4,none,mixture,0.2,2000,800036,0.006638431004830636,kl_plugin,none,7.880245171933316e-05
2-2-4,none,mixture,0.2,2000,800036,0.006638431004830636,kl_split,none,0.015275622564103211
2-2-4,none,mixture,0.2,2000,800036,0.006638431004830636,kl_crossfit,none,0.01739883617217803
2-2-4,none,mixture,0.2,2000,800036,0.006638431004830636,cf1_margin,none,0.008159073431661112
2-2-4,none,mixture,0.2,2000,800036,0.006638431004830636,slack_plugin,none,0.016318146863321836
2-2-4,none,mixture,0.2,2000,800036,0.006638431004830636,gm_battery,none,0.0
2-2-4,none,mixture,0.2,2000,800036,0.006638431004830636,gtest,none,30.75152628626701
2-2-4,none,mixture,0.2,2000,800037,0.010114293996593915,kl_plugin,none,0.00011249007460698707
2-2-4,none,mixture,0.2,2000,800037,0.010114293996593915,kl_split,none,0.0242539872451182
2-2-4,none,mixture,0.2,2000,800037,0.010114293996593915,kl_crossfit,none,0.025690808355630812
2-2-4,none,mixture,0.2,2000,800037,0.010114293996593915,cf1_margin,none,0.009819009602590523
2-2-4,none,mixture,0.2,2000,800037,0.010114293996593915,slack_plugin,none,0.019638019205181184
2-2-4,none,mixture,0.2,2000,800037,0.010114293996593915,gm_battery,none,0.0
2-2-4,none,mixture,0.2,2000,800037,0.010114293996593915,gtest,none,36.590187197616586
2-2-4,none,mixture,0.2,2000,800038,0.007085006000124849,kl_plugin,none,0.0007539246006661206
2-2-4,none,mixture,0.2,2000,800038,0.007085006000124849,kl_split,none,0.019108359479357035
2-2-4,none,mixture,0.2,2000,800038,0.007085006000124849,kl_crossfit,none,0.02007196152484276
2-2-4,none,mixture,0.2,2000,800038,0.007085006000124849,cf1_margin,none,0.027282982187358584
2-2-4,none,mixture,0.2,2000,800038,0.007085006000124849,slack_plugin,none,0.05456596437471747
2-2-4,none,mixture,0.2,2000,800038,0.007085006000124849,gm_battery,none,0.0
2-2-4,none,mixture,0.2,2000,800038,0.007085006000124849,gtest,none,28.042423885249946
2-2-4,none,mixture,0.2,2000,800039,0.006971319002332166,kl_plugin,none,1.1837215124059519e-06
2-2-4,none,mixture,0.2,2000,800039,0.006971319002332166,kl_split,none,0.018261835734431978
2-2-4,none,mixture,0.2,2000,800039,0.006971319002332166,kl_crossfit,none,0.019034656678731027
2-2-4,none,mixture,0.2,2000,800039,0.006971319002332166,cf1_margin,none,0.0
2-2-4,none,mixture,0.2,2000,800039,0.006971319002332166,slack_plugin,none,0.0
2-2-4,none,mixture,0.2,2000,800039,0.006971319002332166,gm_battery,none,0.0
2-2-4,none,mixture,0.2,2000,800039,0.006971319002332166,gtest,none,20.826326490844323
2-2-4,none,mixture,0.2,2000,800040,0.008777139999438077,kl_plugin,none,0.0005501795864820067
2-2-4,none,mixture,0.2,2000,800040,0.008777139999438077,kl_split,none,0.027227829954064687
2-2-4,none,mixture,0.2,2000,800040,0.008777139999438077,kl_crossfit,none,0.02951419896507288
2-2-4,none,mixture,0.2,2000,800040,0.008777139999438077,cf1_margin,none,0.022331215695060136
2-2-4,none,mixture,0.2,2000,800040,0.008777139999438077,slack_plugin,none,0.044662431390120244
2-2-4,none,mixture,0.2,2000,800040,0.008777139999438077,gm_battery,none,0.0
2-2-4,none,mixture,0.2,2000,800040,0.008777139999438077,gtest,none,35.4175400211452
2-2-4,none,mixture,0.2,2000,800041,0.006963458996324334,kl_plugin,none,7.0165880699027666e-06
2-2-4,none,mixture,0.2,2000,800041,0.006963458996324334,kl_split,none,0.026034450817247298
2-2-4,none,mixture,0.2,2000,800041,0.006963458996324334,kl_crossfit,none,0.027321121774411344
2-2-4,none,mixture,0.2,2000,800041,0.006963458996324334,cf1_margin,none,0.0009922540170282934
2-2-4,none,mixture,0.2,2000,800041,0.006963458996324334,slack_plugin,none,0.0019845080340567325
2-2-4,none,mixture,0.2,2000,800041,0.006963458996324334,gm_battery,none,0.0
2-2-4,none,mixture,0.2,2000,800041,0.006963458996324334,gtest,none,42.1603302837169
2-2-4,none,mixture,0.2,2000,800042,0.007300794000911992,kl_plugin,none,2.2503038692999757e-07
2-2-4,none,mixture,0.2,2000,800042,0.007300794000911992,kl_split,none,0.027865800350796263
2-2-4,none,mixture,0.2,2000,800042,0.007300794000911992,kl_crossfit,none,0.0263076216424369
2-2-4,none,mixture,0.2,2000,800042,0.007300794000911992,cf1_margin,none,0.0
2-2-4,none,mixture,0.2,2000,800042,0.007300794000911992,slack_plugin,none,0.0
2-2-4,none,mixture,0.2,2000,800042,0.007300794000911992,gm_battery,none,0.0
2-2-4,none,mixture,0.2,2000,800042,0.007300794000911992,gtest,none,56.66971869308668
2-2-4,none,mixture,0.2,2000,800043,0.00891087600030005,kl_plugin,none,4.215783164132191e-09
2-2-4,none,mixture,0.2,2000,800043,0.00891087600030005,kl_split,none,0.025136976260020753
2-2-4,none,mixture,0.2,2000,800043,0.00891087600030005,kl_crossfit,none,0.024676236049805372
2-2-4,none,mixture,0.2,2000,800043,0.00891087600030005,cf1_margin,none,0.0
2-2-4,none,mixture,0.2,2000,800043,0.00891087600030005,slack_plugin,none,0.0
2-2-4,none,mixture,0.2,2000,800043,0.00891087600030005,gm_battery,none,0.0
2-2-4,none,mixture,0.2,2000,800043,0.00891087600030005,gtest,none,17.65286620899274
2-2-4,none,mixture,0.2,2000,800044,0.007787611000821926,kl_plugin,none,0.003011141591524661
2-2-4,none,mixture,0.2,2000,800044,0.007787611000821926,kl_split,none,0.023705160747378478
2-2-4,none,mixture,0.2,2000,800044,0.007787611000821926,kl_crossfit,none,0.020626605712593157
2-2-4,none,mixture,0.2,2000,800044,0.007787611000821926,cf1_margin,none,0.051251531594608934
2-2-4,none,mixture,0.2,2000,800044,0.007787611000821926,slack_plugin,none,0.10250306318921748
2-2-4,none,mixture,0.2,2000,800044,0.007787611000821926,gm_battery,none,0.0
2-2-4,none,mixture,0.2,2000,800044,0.007787611000821926,gtest,none,22.371399182218497
2-2-4,none,mixture,0.2,2000,800045,0.007157307998568285,kl_plugin,none,1.148806644372957e-08
2-2-4,none,mixture,0.2,2000,800045,0.007157307998568285,kl_split,none,0.027479660401795645
2-2-4,none,mixture,0.2,2000,800045,0.007157307998568285,kl_crossfit,none,0.026618071560394356
2-2-4,none,mixture,0.2,2000,800045,0.007157307998568285,cf1_margin,none,1.1102230246251565e-16
2-2-4,none,mixture,0.2,2000,800045,0.007157307998568285,slack_plugin,none,0.0
2-2-4,none,mixture,0.2,2000,800045,0.007157307998568285,gm_battery,none,0.0
2-2-4,none,mixture,0.2,2000,800045,0.007157307998568285,gtest,none,41.528313671812754
2-2-4,none,mixture,0.2,2000,800046,0.00683636000030674,kl_plugin,none,0.001876964846732651
2-2-4,none,mixture,0.2,2000,800046,0.00683636000030674,kl_split,none,0.021255534500593504
2-2-4,none,mixture,0.2,2000,800046,0.00683636000030674,kl_crossfit,none,0.022406015656306025
2-2-4,none,mixture,0.2,2000,800046,0.00683636000030674,cf1_margin,none,0.04321038889350004
2-2-4,none,mixture,0.2,2000,800046,0.00683636000030674,slack_plugin,none,0.08642077778699996
2-2-4,none,mixture,0.2,2000,800046,0.00683636000030674,gm_battery,none,0.0
2-2-4,none,mixture,0.2,2000,800046,0.00683636000030674,gtest,none,23.850561122783276
2-2-4,none,mixture,0.2,2000,800047,0.006570880002982449,kl_plugin,none,0.0008182839361855002
2-2-4,none,mixture,0.2,2000,800047,0.006570880002982449,kl_split,none,0.01839930767009763
2-2-4,none,mixture,0.2,2000,800047,0.006570880002982449,kl_crossfit,none,0.020075148086146327
2-2-4,none,mixture,0.2,2000,800047,0.006570880002982449,cf1_margin,none,0.027086975131104585
2-2-4,none,mixture,0.2,2000,800047,0.006570880002982449,slack_plugin,none,0.054173950262209405
2-2-4,none,mixture,0.2,2000,800047,0.006570880002982449,gm_battery,none,0.0
2-2-4,none,mixture,0.2,2000,800047,0.006570880002982449,gtest,none,46.566240398013875
2-2-4,none,mixture,0.2,2000,800048,0.007361089003097732,kl_plugin,none,2.143310356735994e-07
2-2-4,none,mixture,0.2,2000,800048,0.007361089003097732,kl_split,none,0.019481077169018816
2-2-4,none,mixture,0.2,2000,800048,0.007361089003097732,kl_crossfit,none,0.019888507363274553
2-2-4,none,mixture,0.2,2000,800048,0.007361089003097732,cf1_margin,none,0.0
2-2-4,none,mixture,0.2,2000,800048,0.007361089003097732,slack_plugin,none,0.0
2-2-4,none,mixture,0.2,2000,800048,0.007361089003097732,gm_battery,none,0.0
2-2-4,none,mixture,0.2,2000,800048,0.007361089003097732,gtest,none,25.975302518256505
2-2-4,none,mixture,0.2,2000,800049,0.008164924001903273,kl_plugin,none,1.1114301768063096e-11
2-2-4,none,mixture,0.2,2000,800049,0.008164924001903273,kl_split,none,0.02574260523958944
2-2-4,none,mixture,0.2,2000,800049,0.008164924001903273,kl_crossfit,none,0.026575673907443812
2-2-4,none,mixture,0.2,2000,800049,0.008164924001903273,cf1_margin,none,0.0
2-2-4,none,mixture,0.2,2000,800049,0.008164924001903273,slack_plugin,none,0.0
2-2-4,none,mixture,0.2,2000,800049,0.008164924001903273,gm_battery,none,0.0
2-2-4,none,mixture,0.2,2000,800049,0.008164924001903273,gtest,none,38.16510909535365
2-2-4,none,mixture,0.2,2000,800050,0.007719308996456675,kl_plugin,none,0.00015118962349411607
2-2-4,none,mixture,0.2,2000,800050,0.007719308996456675,kl_split,none,0.029960023730003654
2-2-4,none,mixture,0.2,2000,800050,0.007719308996456675,kl_crossfit,none,0.028631480387176653
2-2-4,none,mixture,0.2,2000,800050,0.007719308996456675,cf1_margin,none,0.0122024550987474
2-2-4,none,mixture,0.2,2000,800050,0.007719308996456675,slack_plugin,none,0.024404910197494516
2-2-4,none,mixture,0.2,2000,800050,0.007719308996456675,gm_battery,none,0.0
2-2-4,none,mixture,0.2,2000,800050,0.007719308996456675,gtest,none,31.65327552681024
2-2-4,none,mixture,0.2,2000,800051,0.006662282998149749,kl_plugin,none,1.5235706813526706e-07
2-2-4,none,mixture,0.2,2000,800051,0.006662282998149749,kl_split,none,0.01923565027554057
2-2-4,none,mixture,0.2,2000,800051,0.006662282998149749,kl_crossfit,none,0.02020986170702298
2-2-4,none,mixture,0.2,2000,800051,0.006662282998149749,cf1_margin,none,0.0
2-2-4,none,mixture,0.2,2000,800051,0.006662282998149749,slack_plugin,none,0.0
2-2-4,none,mixture,0.2,2000,800051,0.006662282998149749,gm_battery,none,0.0
2-2-4,none,mixture,0.2,2000,800051,0.006662282998149749,gtest,none,38.252733073074175
2-2-4,none,mixture,0.2,2000,800052,0.006574343002284877,kl_plugin,none,0.000999269036149145
2-2-4,none,mixture,0.2,2000,800052,0.006574343002284877,kl_split,none,0.018550402333875178
2-2-4,none,mixture,0.2,2000,800052,0.006574343002284877,kl_crossfit,none,0.020711577941341305
2-2-4,none,mixture,0.2,2000,800052,0.006574343002284877,cf1_margin,none,0.02890935480353829
2-2-4,none,mixture,0.2,2000,800052,0.006574343002284877,slack_plugin,none,0.05781870960707642
2-2-4,none,mixture,0.2,2000,800052,0.006574343002284877,gm_battery,none,0.0
2-2-4,none,mixture,0.2,2000,800052,0.006574343002284877,gtest,none,37.17240830742669
2-2-4,none,mixture,0.2,2000,800053,0.0067109480005456135,kl_plugin,none,2.2506413159411893e-06
2-2-4,none,mixture,0.2,2000,800053,0.0067109480005456135,kl_split,none,0.02327890056302854
2-2-4,none,mixture,0.2,2000,800053,0.0067109480005456135,kl_crossfit,none,0.022686093565997222
2-2-4,none,mixture,0.2,2000,800053,0.0067109480005456135,cf1_margin,none,0.0
2-2-4,none,mixture,0.2,2000,800053,0.0067109480005456135,slack_plugin,none,0.0
2-2-4,none,mixture,0.2,2000,800053,0.0067109480005456135,gm_battery,none,0.0
2-2-4,none,mixture,0.2,2000,800053,0.0067109480005456135,gtest,none,44.039945623634196
2-2-4,none,mixture,0.2,2000,800054,0.006743498997821007,kl_plugin,none,0.0003716876628986881
2-2-4,none,mixture,0.2,2000,800054,0.006743498997821007,kl_split,none,0.029215196984657757
2-2-4,none,mixture,0.2,2000,800054,0.006743498997821007,kl_crossfit,none,0.028732210644156323
2-2-4,none,mixture,0.2,2000,800054,0.006743498997821007,cf1_margin,none,0.018378646525099684
2-2-4,none,mixture,0.2,2000,800054,0.006743498997821007,slack_plugin,none,0.0367572930501994
2-2-4,none,mixture,0.2,2000,800054,0.006743498997821007,gm_battery,none,0.0
2-2-4,none,mixture,0.2,2000,800054,0.006743498997821007,gtest,none,20.30643791245027
2-2-4,none,mixture,0.2,2000,800055,0.006983390005188994,kl_plugin,none,1.0487995719018735e-07
2-2-4,none,mixture,0.2,2000,800055,0.006983390005188994,kl_split,none,0.02709202907653214
2-2-4,none,mixture,0.2,2000,800055,0.006983390005188994,kl_crossfit,none,0.028144254089317103
2-2-4,none,mixture,0.2,2000,800055,0.006983390005188994,cf1_margin,none,1.1102230246251565e-16
2-2-4,none,mixture,0.2,2000,800055,0.006983390005188994,slack_plugin,none,0.0
2-2-4,none,mixture,0.2,2000,800055,0.006983390005188994,gm_battery,none,0.0
2-2-4,none,mixture,0.2,2000,800055,0.006983390005188994,gtest,none,35.0366401257034
2-2-4,none,mixture,0.2,2000,800056,0.007216404999780934,kl_plugin,none,5.425487970636971e-07
2-2-4,none,mixture,0.2,2000,800056,0.007216404999780934,kl_split,none,0.019777359613513495
2-2-4,none,mixture,0.2,2000,800056,0.007216404999780934,kl_crossfit,none,0.020698909676625604
2-2-4,none,mixture,0.2,2000,800056,0.007216404999780934,cf1_margin,none,0.0
2-2-4,none,mixture,0.2,2000,800056,0.007216404999780934,slack_plugin,none,0.0
2-2-4,none,mixture,0.2,2000,800056,0.007216404999780934,gm_battery,none,0.0
2-2-4,none,mixture,0.2,2000,800056,0.007216404999780934,gtest,none,34.12862302017789
2-2-4,none,mixture,0.2,2000,800057,0.006660594997811131,kl_plugin,none,0.000480522543183216
2-2-4,none,mixture,0.2,2000,800057,0.006660594997811131,kl_split,none,0.021797601302488163
2-2-4,none,mixture,0.2,2000,800057,0.006660594997811131,kl_crossfit,none,0.01982042110206006
2-2-4,none,mixture,0.2,2000,800057,0.006660594997811131,cf1_margin,none,0.021684623839484662
2-2-4,none,mixture,0.2,2000,800057,0.006660594997811131,slack_plugin,none,0.043369247678969186
2-2-4,none,mixture,0.2,2000,800057,0.006660594997811131,gm_battery,none,0.0
2-2-4,none,mixture,0.2,2000,800057,0.006660594997811131,gtest,none,40.99965728814641
2-2-4,none,mixture,0.2,2000,800058,0.006767596998543013,kl_plugin,none,0.00016898597388177207
2-2-4,none,mixture,0.2,2000,800058,0.006767596998543013,kl_split,none,0.02799111120357565
2-2-4,none,mixture,0.2,2000,800058,0.006767596998543013,kl_crossfit,none,0.026185075159249113
2-2-4,none,mixture,0.2,2000,800058,0.006767596998543013,cf1_margin,none,0.012974012974013016
2-2-4,none,mixture,0.2,2000,800058,0.006767596998543013,slack_plugin,none,0.025948025948026046
2-2-4,none,mixture,0.2,2000,800058,0.006767596998543013,gm_battery,none,0.0
2-2-4,none,mixture,0.2,2000,800058,0.006767596998543013,gtest,none,30.935181455500754
2-2-4,none,mixture,0.2,2000,800059,0.006788605001929682,kl_plugin,none,0.0002597751738975763
2-2-4,none,mixture,0.2,2000,800059,0.006788605001929682,kl_split,none,0.02202484742528033
2-2-4,none,mixture,0.2,2000,800059,0.006788605001929682,kl_crossfit,none,0.020723517185210233
2-2-4,none,mixture,0.2,2000,800059,0.006788605001929682,cf1_margin,none,0.01545425179439519
2-2-4,none,mixture,0.2,2000,800059,0.006788605001929682,slack_plugin,none,0.030908503588790603
2-2-4,none,mixture,0.2,2000,800059,0.006788605001929682,gm_battery,none,0.0
2-2-4,none,mixture,0.2,2000,800059,0.006788605001929682,gtest,none,23.522991326008047
2-2-4,none,mixture,0.2,2000,800060,0.006877940002596006,kl_plugin,none,9.606280455140234e-11
2-2-4,none,mixture,0.2,2000,800060,0.006877940002596006,kl_split,none,0.020269954346718334
2-2-4,none,mixture,0.2,2000,800060,0.006877940002596006,kl_crossfit,none,0.02079317610520017
2-2-4,none,mixture,0.2,2000,800060,0.006877940002596006,cf1_margin,none,0.0
2-2-4,none,mixture,0.2,2000,800060,0.006877940002596006,slack_plugin,none,0.0
2-2-4,none,mixture,0.2,2000,800060,0.006877940002596006,gm_battery,none,0.0
2-2-4,none,mixture,0.2,2000,800060,0.006877940002596006,gtest,none,27.49606902986998
2-2-4,none,mixture,0.2,2000,800061,0.006813784995756578,kl_plugin,none,0.000589526711728617
2-2-4,none,mixture,0.2,2000,800061,0.006813784995756578,kl_split,none,0.04459588135176989
2-2-4,none,mixture,0.2,2000,800061,0.006813784995756578,kl_crossfit,none,0.04421977845669184
2-2-4,none,mixture,0.2,2000,800061,0.006813784995756578,cf1_margin,none,0.02286868508570994
2-2-4,none,mixture,0.2,2000,800061,0.006813784995756578,slack_plugin,none,0.0457373701714198
2-2-4,none,mixture,0.2,2000,800061,0.006813784995756578,gm_battery,none,0.0
2-2-4,none,mixture,0.2,2000,800061,0.006813784995756578,gtest,none,19.623248963211438
2-2-4,none,mixture,0.2,2000,800062,0.009756469997228123,kl_plugin,none,0.0008625234823036246
2-2-4,none,mixture,0.2,2000,800062,0.009756469997228123,kl_split,none,0.028559825020507038
2-2-4,none,mixture,0.2,2000,800062,0.009756469997228123,kl_crossfit,none,0.02869996501361711
2-2-4,none,mixture,0.2,2000,800062,0.009756469997228123,cf1_margin,none,0.02859526486581654
2-2-4,none,mixture,0.2,2000,800062,0.009756469997228123,slack_plugin,none,0.05719052973163318
2-2-4,none,mixture,0.2,2000,800062,0.009756469997228123,gm_battery,none,0.0
2-2-4,none,mixture,0.2,2000,800062,0.009756469997228123,gtest,none,37.38671116857162
2-2-4,none,mixture,0.2,2000,800063,0.0069067509975866415,kl_plugin,none,0.0013225879905446186
2-2-4,none,mixture,0.2,2000,800063,0.0069067509975866415,kl_split,none,0.019111184189737243
2-2-4,none,mixture,0.2,2000,800063,0.0069067509975866415,kl_crossfit,none,0.020676914230142323
2-2-4,none,mixture,0.2,2000,800063,0.0069067509975866415,cf1_margin,none,0.03631330727906179
2-2-4,none,mixture,0.2,2000,800063,0.0069067509975866415,slack_plugin,none,0.07262661455812411
2-2-4,none,mixture,0.2,2000,800063,0.0069067509975866415,gm_battery,none,0.0
2-2-4,none,mixture,0.2,2000,800063,0.0069067509975866415,gtest,none,22.463922131665925
2-2-4,none,mixture,0.2,2000,800064,0.0066140560011263005,kl_plugin,none,0.001116026252697428
2-2-4,none,mixture,0.2,2000,800064,0.0066140560011263005,kl_split,none,0.02727250069480485
2-2-4,none,mixture,0.2,2000,800064,0.0066140560011263005,kl_crossfit,none,0.02866403147809693
2-2-4,none,mixture,0.2,2000,800064,0.0066140560011263005,cf1_margin,none,0.031933193319331976
2-2-4,none,mixture,0.2,2000,800064,0.0066140560011263005,slack_plugin,none,0.06386638663866384
2-2-4,none,mixture,0.2,2000,800064,0.0066140560011263005,gm_battery,none,0.0
2-2-4,none,mixture,0.2,2000,800064,0.0066140560011263005,gtest,none,43.25145828317685
2-2-4,none,mixture,0.2,2000,800065,0.007055776994093321,kl_plugin,none,0.0004545300410303439
2-2-4,none,mixture,0.2,2000,800065,0.007055776994093321,kl_split,none,0.02067008192502294
2-2-4,none,mixture,0.2,2000,800065,0.007055776994093321,kl_crossfit,none,0.02169919875808714
2-2-4,none,mixture,0.2,2000,800065,0.007055776994093321,cf1_margin,none,0.01993817944361498
2-2-4,none,mixture,0.2,2000,800065,0.007055776994093321,slack_plugin,none,0.03987635888722996
2-2-4,none,mixture,0.2,2000,800065,0.007055776994093321,gm_battery,none,0.0
2-2-4,none,mixture,0.2,2000,800065,0.007055776994093321,gtest,none,49.20908609773862
2-2-4,none,mixture,0.2,2000,800066,0.006444861006457359,kl_plugin,none,9.893376442939722e-05
2-2-4,none,mixture,0.2,2000,800066,0.006444861006457359,kl_split,none,0.025849404961775093
2-2-4,none,mixture,0.2,2000,800066,0.006444861006457359,kl_crossfit,none,0.02679719152660795
2-2-4,none,mixture,0.2,2000,800066,0.006444861006457359,cf1_margin,none,0.009750975097509551
2-2-4,none,mixture,0.2,2000,800066,0.006444861006457359,slack_plugin,none,0.019501950195019532
2-2-4,none,mixture,0.2,2000,800066,0.006444861006457359,gm_battery,none,0.0
2-2-4,none,mixture,0.2,2000,800066,0.006444861006457359,gtest,none,19.391831112000112
2-2-4,none,mixture,0.2,2000,800067,0.007406008000543807,kl_plugin,none,0.00017119245789701948
2-2-4,none,mixture,0.2,2000,800067,0.007406008000543807,kl_split,none,0.025641056022745155
2-2-4,none,mixture,0.2,2000,800067,0.007406008000543807,kl_crossfit,none,0.025789470483275276
2-2-4,none,mixture,0.2,2000,800067,0.007406008000543807,cf1_margin,none,0.013027334997759432
2-2-4,none,mixture,0.2,2000,800067,0.007406008000543807,slack_plugin,none,0.026054669995518857
2-2-4,none,mixture,0.2,2000,800067,0.007406008000543807,gm_battery,none,0.0
2-2-4,none,mixture,0.2,2000,800067,0.007406008000543807,gtest,none,28.246157026272932
2-2-4,none,mixture,0.2,2000,800068,0.006744117999915034,kl_plugin,none,9.277363393611019e-06
2-2-4,none,mixture,0.2,2000,800068,0.006744117999915034,kl_split,none,0.019845780676616555
2-2-4,none,mixture,0.2,2000,800068,0.006744117999915034,kl_crossfit,none,0.020029446691996473
2-2-4,none,mixture,0.2,2000,800068,0.006744117999915034,cf1_margin,none,0.0014200056800228733
2-2-4,none,mixture,0.2,2000,800068,0.006744117999915034,slack_plugin,none,0.0028400113600455454
2-2-4,none,mixture,0.2,2000,800068,0.006744117999915034,gm_battery,none,0.0
2-2-4,none,mixture,0.2,2000,800068,0.006744117999915034,gtest,none,31.42440512091968
2-2-4,none,mixture,0.2,2000,800069,0.00687625800492242,kl_plugin,none,1.2164825280898417e-09
2-2-4,none,mixture,0.2,2000,800069,0.00687625800492242,kl_split,none,0.020980346422497298
2-2-4,none,mixture,0.2,2000,800069,0.00687625800492242,kl_crossfit,none,0.021484744513406158
2-2-4,none,mixture,0.2,2000,800069,0.00687625800492242,cf1_margin,none,0.0
2-2-4,none,mixture,0.2,2000,800069,0.00687625800492242,slack_plugin,none,0.0
2-2-4,none,mixture,0.2,2000,800069,0.00687625800492242,gm_battery,none,0.0
2-2-4,none,mixture,0.2,2000,800069,0.00687625800492242,gtest,none,31.48835311260742
2-2-4,none,mixture,0.2,2000,800070,0.006823590003477875,kl_plugin,none,1.2059707242457159e-13
2-2-4,none,mixture,0.2,2000,800070,0.006823590003477875,kl_split,none,0.02641530582822577
2-2-4,none,mixture,0.2,2000,800070,0.006823590003477875,kl_crossfit,none,0.02767771512861974
2-2-4,none,mixture,0.2,2000,800070,0.006823590003477875,cf1_margin,none,1.1102230246251565e-16
2-2-4,none,mixture,0.2,2000,800070,0.006823590003477875,slack_plugin,none,0.0
2-2-4,none,mixture,0.2,2000,800070,0.006823590003477875,gm_battery,none,0.0
2-2-4,none,mixture,0.2,2000,800070,0.006823590003477875,gtest,none,48.43243963484309
2-2-4,none,mixture,0.2,2000,800071,0.006940429004316684,kl_plugin,none,4.444045011112066e-07
2-2-4,none,mixture,0.2,2000,800071,0.006940429004316684,kl_split,none,0.021162757377464494
2-2-4,none,mixture,0.2,2000,800071,0.006940429004316684,kl_crossfit,none,0.022785562130042212
2-2-4,none,mixture,0.2,2000,800071,0.006940429004316684,cf1_margin,none,2.220446049250313e-16
2-2-4,none,mixture,0.2,2000,800071,0.006940429004316684,slack_plugin,none,0.0
2-2-4,none,mixture,0.2,2000,800071,0.006940429004316684,gm_battery,none,0.0
2-2-4,none,mixture,0.2,2000,800071,0.006940429004316684,gtest,none,38.15603976304675
2-2-4,none,mixture,0.2,2000,800072,0.006587490002857521,kl_plugin,none,0.001220502526043818
2-2-4,none,mixture,0.2,2000,800072,0.006587490002857521,kl_split,none,0.023505490152424688
2-2-4,none,mixture,0.2,2000,800072,0.006587490002857521,kl_crossfit,none,0.02521857824254828
2-2-4,none,mixture,0.2,2000,800072,0.006587490002857521,cf1_margin,none,0.03253081327033158
2-2-4,none,mixture,0.2,2000,800072,0.006587490002857521,slack_plugin,none,0.06506162654066361
2-2-4,none,mixture,0.2,2000,800072,0.006587490002857521,gm_battery,none,0.0
2-2-4,none,mixture,0.2,2000,800072,0.006587490002857521,gtest,none,20.477136842250566
2-2-4,none,mixture,0.2,2000,800073,0.0066751839985954575,kl_plugin,none,4.141398635724557e-05
2-2-4,none,mixture,0.2,2000,800073,0.0066751839985954575,kl_split,none,0.023012137607550644
2-2-4,none,mixture,0.2,2000,800073,0.0066751839985954575,kl_crossfit,none,0.024427086022570627
2-2-4,none,mixture,0.2,2000,800073,0.0066751839985954575,cf1_margin,none,0.0060722185998697276
2-2-4,none,mixture,0.2,2000,800073,0.0066751839985954575,slack_plugin,none,0.012144437199739247
2-2-4,none,mixture,0.2,2000,800073,0.0066751839985954575,gm_battery,none,0.0
2-2-4,none,mixture,0.2,2000,800073,0.0066751839985954575,gtest,none,34.181902414246586
2-2-4,none,mixture,0.2,2000,800074,0.007282817998202518,kl_plugin,none,0.00041098840239019163
2-2-4,none,mixture,0.2,2000,800074,0.007282817998202518,kl_split,none,0.027509815934523035
2-2-4,none,mixture,0.2,2000,800074,0.007282817998202518,kl_crossfit,none,0.026732474959006176
2-2-4,none,mixture,0.2,2000,800074,0.007282817998202518,cf1_margin,none,0.019114936631894786
2-2-4,none,mixture,0.2,2000,800074,0.007282817998202518,slack_plugin,none,0.038229873263789946
2-2-4,none,mixture,0.2,2000,800074,0.007282817998202518,gm_battery,none,0.0
2-2-4,none,mixture,0.2,2000,800074,0.007282817998202518,gtest,none,16.102636210772907
2-2-4,none,mixture,0.2,2000,800075,0.011554509997949935,kl_plugin,none,1.4770938546496003e-13
2-2-4,none,mixture,0.2,2000,800075,0.011554509997949935,kl_split,none,0.026713719431889653
2-2-4,none,mixture,0.2,2000,800075,0.011554509997949935,kl_crossfit,none,0.02740365044679184
2-2-4,none,mixture,0.2,2000,800075,0.011554509997949935,cf1_margin,none,0.0
2-2-4,none,mixture,0.2,2000,800075,0.011554509997949935,slack_plugin,none,0.0
2-2-4,none,mixture,0.2,2000,800075,0.011554509997949935,gm_battery,none,0.0
2-2-4,none,mixture,0.2,2000,800075,0.011554509997949935,gtest,none,58.72645027479014
2-2-4,none,mixture,0.2,2000,800076,0.007317067000258248,kl_plugin,none,2.4322932139015567e-10
2-2-4,none,mixture,0.2,2000,800076,0.007317067000258248,kl_split,none,0.020618348673959286
2-2-4,none,mixture,0.2,2000,800076,0.007317067000258248,kl_crossfit,none,0.021486253529364598
2-2-4,none,mixture,0.2,2000,800076,0.007317067000258248,cf1_margin,none,0.0
2-2-4,none,mixture,0.2,2000,800076,0.007317067000258248,slack_plugin,none,0.0
2-2-4,none,mixture,0.2,2000,800076,0.007317067000258248,gm_battery,none,0.0
2-2-4,none,mixture,0.2,2000,800076,0.007317067000258248,gtest,none,18.72455113807674
2-2-4,none,mixture,0.2,2000,800077,0.006758941999578383,kl_plugin,none,1.6697408925582828e-07
2-2-4,none,mixture,0.2,2000,800077,0.006758941999578383,kl_split,none,0.03555453472392076
2-2-4,none,mixture,0.2,2000,800077,0.006758941999578383,kl_crossfit,none,0.036597076682661614
2-2-4,none,mixture,0.2,2000,800077,0.006758941999578383,cf1_margin,none,0.0
2-2-4,none,mixture,0.2,2000,800077,0.006758941999578383,slack_plugin,none,0.0
2-2-4,none,mixture,0.2,2000,800077,0.006758941999578383,gm_battery,none,0.0
2-2-4,none,mixture,0.2,2000,800077,0.006758941999578383,gtest,none,28.832766501936547
2-2-4,none,mixture,0.2,2000,800078,0.006719188000715803,kl_plugin,none,3.386537699295595e-09
2-2-4,none,mixture,0.2,2000,800078,0.006719188000715803,kl_split,none,0.02824402078611573
2-2-4,none,mixture,0.2,2000,800078,0.006719188000715803,kl_crossfit,none,0.02598001839156715
2-2-4,none,mixture,0.2,2000,800078,0.006719188000715803,cf1_margin,none,0.0
2-2-4,none,mixture,0.2,2000,800078,0.006719188000715803,slack_plugin,none,0.0
2-2-4,none,mixture,0.2,2000,800078,0.006719188000715803,gm_battery,none,0.0
2-2-4,none,mixture,0.2,2000,800078,0.006719188000715803,gtest,none,37.290473711221736
2-2-4,none,mixture,0.2,2000,800079,0.008914902005926706,kl_plugin,none,0.0027064430834064616
2-2-4,none,mixture,0.2,2000,800079,0.008914902005926706,kl_split,none,0.029363571383201614
2-2-4,none,mixture,0.2,2000,800079,0.008914902005926706,kl_crossfit,none,0.03136726860893002
2-2-4,none,mixture,0.2,2000,800079,0.008914902005926706,cf1_margin,none,0.049443164362519276
2-2-4,none,mixture,0.2,2000,800079,0.008914902005926706,slack_plugin,none,0.09888632872503839
2-2-4,none,mixture,0.2,2000,800079,0.008914902005926706,gm_battery,none,0.0
2-2-4,none,mixture,0.2,2000,800079,0.008914902005926706,gtest,none,23.162728865582714
2-2-4,none,mixture,0.2,2000,800080,0.007116384003893472,kl_plugin,none,8.932131928207545e-05
2-2-4,none,mixture,0.2,2000,800080,0.007116384003893472,kl_split,none,0.02667826572987987
2-2-4,none,mixture,0.2,2000,800080,0.007116384003893472,kl_crossfit,none,0.02667835902822713
2-2-4,none,mixture,0.2,2000,800080,0.007116384003893472,cf1_margin,none,0.009174036696146914
2-2-4,none,mixture,0.2,2000,800080,0.007116384003893472,slack_plugin,none,0.018348073392293614
2-2-4,none,mixture,0.2,2000,800080,0.007116384003893472,gm_battery,none,0.0
2-2-4,none,mixture,0.2,2000,800080,0.007116384003893472,gtest,none,38.60916919355887
2-2-4,none,mixture,0.2,2000,800081,0.0066773490034393035,kl_plugin,none,0.0029620935062533923
2-2-4,none,mixture,0.2,2000,800081,0.0066773490034393035,kl_split,none,0.02003201203101178
2-2-4,none,mixture,0.2,2000,800081,0.0066773490034393035,kl_crossfit,none,0.0220859936667824
2-2-4,none,mixture,0.2,2000,800081,0.0066773490034393035,cf1_margin,none,0.05040787994446916
2-2-4,none,mixture,0.2,2000,800081,0.0066773490034393035,slack_plugin,none,0.1008157598889382
2-2-4,none,mixture,0.2,2000,800081,0.0066773490034393035,gm_battery,none,0.0
2-2-4,none,mixture,0.2,2000,800081,0.0066773490034393035,gtest,none,49.93528764945751
2-2-4,none,mixture,0.2,2000,800082,0.006560422996699344,kl_plugin,none,0.0001345903456816096
2-2-4,none,mixture,0.2,2000,800082,0.006560422996699344,kl_split,none,0.02750469101399947
2-2-4,none,mixture,0.2,2000,800082,0.006560422996699344,kl_crossfit,none,0.02707995939763901
2-2-4,none,mixture,0.2,2000,800082,0.006560422996699344,cf1_margin,none,0.010969960155616132
2-2-4,none,mixture,0.2,2000,800082,0.006560422996699344,slack_plugin,none,0.021939920311232375
2-2-4,none,mixture,0.2,2000,800082,0.006560422996699344,gm_battery,none,0.0
2-2-4,none,mixture,0.2,2000,800082,0.006560422996699344,gtest,none,33.53166300995302
2-2-4,none,mixture,0.2,2000,800083,0.006641847001446877,kl_plugin,none,9.44771700072994e-08
2-2-4,none,mixture,0.2,2000,800083,0.006641847001446877,kl_split,none,0.024131208861738973
2-2-4,none,mixture,0.2,2000,800083,0.006641847001446877,kl_crossfit,none,0.025352994985280493
2-2-4,none,mixture,0.2,2000,800083,0.006641847001446877,cf1_margin,none,1.1102230246251565e-16
2-2-4,none,mixture,0.2,2000,800083,0.006641847001446877,slack_plugin,none,0.0
2-2-4,none,mixture,0.2,2000,800083,0.006641847001446877,gm_battery,none,0.0
2-2-4,none,mixture,0.2,2000,800083,0.006641847001446877,gtest,none,21.330569139425222
2-2-4,none,mixture,0.2,2000,800084,0.0066423090029275045,kl_plugin,none,0.000612323452052763
2-2-4,none,mixture,0.2,2000,800084,0.0066423090029275045,kl_split,none,0.02111553234566253
2-2-4,none,mixture,0.2,2000,800084,0.0066423090029275045,kl_crossfit,none,0.02417221812740813
2-2-4,none,mixture,0.2,2000,800084,0.0066423090029275045,cf1_margin,none,0.023520372484265306
2-2-4,none,mixture,0.2,2000,800084,0.0066423090029275045,slack_plugin,none,0.04704074496853116
2-2-4,none,mixture,0.2,2000,800084,0.0066423090029275045,gm_battery,none,0.0
2-2-4,none,mixture,0.2,2000,800084,0.0066423090029275045,gtest,none,28.456197282944046
2-2-4,none,mixture,0.2,2000,800085,0.007316014998650644,kl_plugin,none,9.219959317220174e-05
2-2-4,none,mixture,0.2,2000,800085,0.007316014998650644,kl_split,none,0.026919529466135315
2-2-4,none,mixture,0.2,2000,800085,0.007316014998650644,kl_crossfit,none,0.028050915987835004
2-2-4,none,mixture,0.2,2000,800085,0.007316014998650644,cf1_margin,none,0.008999999999999675
2-2-4,none,mixture,0.2,2000,800085,0.007316014998650644,slack_plugin,none,0.017999999999999974
2-2-4,none,mixture,0.2,2000,800085,0.007316014998650644,gm_battery,none,0.0
2-2-4,none,mixture,0.2,2000,800085,0.007316014998650644,gtest,none,27.37299984719281
2-2-4,none,mixture,0.2,2000,800086,0.008179434000339825,kl_plugin,none,0.0024487204962273766
2-2-4,none,mixture,0.2,2000,800086,0.008179434000339825,kl_split,none,0.019504076501877503
2-2-4,none,mixture,0.2,2000,800086,0.008179434000339825,kl_crossfit,none,0.02082248152145197
2-2-4,none,mixture,0.2,2000,800086,0.008179434000339825,cf1_margin,none,0.044182315070082745
2-2-4,none,mixture,0.2,2000,800086,0.008179434000339825,slack_plugin,none,0.08836463014016542
2-2-4,none,mixture,0.2,2000,800086,0.008179434000339825,gm_battery,none,0.0
2-2-4,none,mixture,0.2,2000,800086,0.008179434000339825,gtest,none,30.66038522294086
2-2-4,none,mixture,0.2,2000,800087,0.010506951999559533,kl_plugin,none,0.0006094196025705368
2-2-4,none,mixture,0.2,2000,800087,0.010506951999559533,kl_split,none,0.023753933210136323
2-2-4,none,mixture,0.2,2000,800087,0.010506951999559533,kl_crossfit,none,0.02765790345725066
2-2-4,none,mixture,0.2,2000,800087,0.010506951999559533,cf1_margin,none,0.023743470870653982
2-2-4,none,mixture,0.2,2000,800087,0.010506951999559533,slack_plugin,none,0.04748694174130787
2-2-4,none,mixture,0.2,2000,800087,0.010506951999559533,gm_battery,none,0.0
2-2-4,none,mixture,0.2,2000,800087,0.010506951999559533,gtest,none,46.08409312964599
2-2-4,none,mixture,0.2,2000,800088,0.007040974000119604,kl_plugin,none,0.000779482076617613
2-2-4,none,mixture,0.2,2000,800088,0.007040974000119604,kl_split,none,0.0260939553038158
2-2-4,none,mixture,0.2,2000,800088,0.007040974000119604,kl_crossfit,none,0.02800592178884519
2-2-4,none,mixture,0.2,2000,800088,0.007040974000119604,cf1_margin,none,0.02631263126312633
2-2-4,none,mixture,0.2,2000,800088,0.007040974000119604,slack_plugin,none,0.052625262526252534
2-2-4,none,mixture,0.2,2000,800088,0.007040974000119604,gm_battery,none,0.0
2-2-4,none,mixture,0.2,2000,800088,0.007040974000119604,gtest,none,39.67230360412735
2-2-4,none,mixture,0.2,2000,800089,0.008008504002646077,kl_plugin,none,4.636136123653415e-05
2-2-4,none,mixture,0.2,2000,800089,0.008008504002646077,kl_split,none,0.026081166825838515
2-2-4,none,mixture,0.2,2000,800089,0.008008504002646077,kl_crossfit,none,0.025260719271022303
2-2-4,none,mixture,0.2,2000,800089,0.008008504002646077,cf1_margin,none,0.005645954166254241
2-2-4,none,mixture,0.2,2000,800089,0.008008504002646077,slack_plugin,none,0.011291908332508135
2-2-4,none,mixture,0.2,2000,800089,0.008008504002646077,gm_battery,none,0.0
2-2-4,none,mixture,0.2,2000,800089,0.008008504002646077,gtest,none,34.891826781727445
2-2-4,none,mixture,0.2,2000,800090,0.009066145998076536,kl_plugin,none,0.0014401324232677232
2-2-4,none,mixture,0.2,2000,800090,0.009066145998076536,kl_split,none,0.018370600955344395
2-2-4,none,mixture,0.2,2000,800090,0.009066145998076536,kl_crossfit,none,0.02094834751072895
2-2-4,none,mixture,0.2,2000,800090,0.009066145998076536,cf1_margin,none,0.037126334137007166
2-2-4,none,mixture,0.2,2000,800090,0.009066145998076536,slack_plugin,none,0.07425266827401449
2-2-4,none,mixture,0.2,2000,800090,0.009066145998076536,gm_battery,none,0.0
2-2-4,none,mixture,0.2,2000,800090,0.009066145998076536,gtest,none,43.74458690182935
2-2-4,none,mixture,0.2,2000,800091,0.007590818997414317,kl_plugin,none,1.4863462089453883e-06
2-2-4,none,mixture,0.2,2000,800091,0.007590818997414317,kl_split,none,0.027402986127101025
2-2-4,none,mixture,0.2,2000,800091,0.007590818997414317,kl_crossfit,none,0.02788589612886374
2-2-4,none,mixture,0.2,2000,800091,0.007590818997414317,cf1_margin,none,0.0
2-2-4,none,mixture,0.2,2000,800091,0.007590818997414317,slack_plugin,none,0.0
2-2-4,none,mixture,0.2,2000,800091,0.007590818997414317,gm_battery,none,0.0
2-2-4,none,mixture,0.2,2000,800091,0.007590818997414317,gtest,none,32.95604049593058
2-2-4,none,mixture,0.2,2000,800092,0.0059676489981939085,kl_plugin,none,3.6423543060761636e-14
2-2-4,none,mixture,0.2,2000,800092,0.0059676489981939085,kl_split,none,0.022789246180596648
2-2-4,none,mixture,0.2,2000,800092,0.0059676489981939085,kl_crossfit,none,0.022894396008478722
2-2-4,none,mixture,0.2,2000,800092,0.0059676489981939085,cf1_margin,none,0.0
2-2-4,none,mixture,0.2,2000,800092,0.0059676489981939085,slack_plugin,none,0.0
2-2-4,none,mixture,0.2,2000,800092,0.0059676489981939085,gm_battery,none,0.0
2-2-4,none,mixture,0.2,2000,800092,0.0059676489981939085,gtest,none,25.464931151056227
2-2-4,none,mixture,0.2,2000,800093,0.007083158001478296,kl_plugin,none,3.437807053224449e-10
2-2-4,none,mixture,0.2,2000,800093,0.007083158001478296,kl_split,none,0.023737680548787096
2-2-4,none,mixture,0.2,2000,800093,0.007083158001478296,kl_crossfit,none,0.02584909875931625
2-2-4,none,mixture,0.2,2000,800093,0.007083158001478296,cf1_margin,none,0.0
2-2-4,none,mixture,0.2,2000,800093,0.007083158001478296,slack_plugin,none,0.0
2-2-4,none,mixture,0.2,2000,800093,0.007083158001478296,gm_battery,none,0.0
2-2-4,none,mixture,0.2,2000,800093,0.007083158001478296,gtest,none,43.48754105525144
2-2-4,none,mixture,0.2,2000,800094,0.007598593998409342,kl_plugin,none,2.4332193296318794e-05
2-2-4,none,mixture,0.2,2000,800094,0.007598593998409342,kl_split,none,0.029212975711380977
2-2-4,none,mixture,0.2,2000,800094,0.007598593998409342,kl_crossfit,none,0.02674088353643536
2-2-4,none,mixture,0.2,2000,800094,0.007598593998409342,cf1_margin,none,0.004191211260054284
2-2-4,none,mixture,0.2,2000,800094,0.007598593998409342,slack_plugin,none,0.008382422520108318
2-2-4,none,mixture,0.2,2000,800094,0.007598593998409342,gm_battery,none,0.0
2-2-4,none,mixture,0.2,2000,800094,0.007598593998409342,gtest,none,33.16233439878546
2-2-4,none,mixture,0.2,2000,800095,0.0068117960036033764,kl_plugin,none,1.2224720492781888e-06
2-2-4,none,mixture,0.2,2000,800095,0.0068117960036033764,kl_split,none,0.022592536615654794
2-2-4,none,mixture,0.2,2000,800095,0.0068117960036033764,kl_crossfit,none,0.021546017711864596
2-2-4,none,mixture,0.2,2000,800095,0.0068117960036033764,cf1_margin,none,0.0
2-2-4,none,mixture,0.2,2000,800095,0.0068117960036033764,slack_plugin,none,0.0
2-2-4,none,mixture,0.2,2000,800095,0.0068117960036033764,gm_battery,none,0.0
2-2-4,none,mixture,0.2,2000,800095,0.0068117960036033764,gtest,none,27.458737685110023
2-2-4,none,mixture,0.2,2000,800096,0.0064644730009604245,kl_plugin,none,0.00019507271894501303
2-2-4,none,mixture,0.2,2000,800096,0.0064644730009604245,kl_split,none,0.023703374103533483
2-2-4,none,mixture,0.2,2000,800096,0.0064644730009604245,kl_crossfit,none,0.026556367612253315
2-2-4,none,mixture,0.2,2000,800096,0.0064644730009604245,cf1_margin,none,0.013302013302013305
2-2-4,none,mixture,0.2,2000,800096,0.0064644730009604245,slack_plugin,none,0.026604026604026568
2-2-4,none,mixture,0.2,2000,800096,0.0064644730009604245,gm_battery,none,0.0
2-2-4,none,mixture,0.2,2000,800096,0.0064644730009604245,gtest,none,24.759510698752536
2-2-4,none,mixture,0.2,2000,800097,0.006886967996251769,kl_plugin,none,0.0020336813604956636
2-2-4,none,mixture,0.2,2000,800097,0.006886967996251769,kl_split,none,0.018747019474912356
2-2-4,none,mixture,0.2,2000,800097,0.006886967996251769,kl_crossfit,none,0.020788376926646347
2-2-4,none,mixture,0.2,2000,800097,0.006886967996251769,cf1_margin,none,0.04190867053872871
2-2-4,none,mixture,0.2,2000,800097,0.006886967996251769,slack_plugin,none,0.08381734107745714
2-2-4,none,mixture,0.2,2000,800097,0.006886967996251769,gm_battery,none,0.0
2-2-4,none,mixture,0.2,2000,800097,0.006886967996251769,gtest,none,19.20411144909965
2-2-4,none,mixture,0.2,2000,800098,0.006835312997282017,kl_plugin,none,0.000368587388956532
2-2-4,none,mixture,0.2,2000,800098,0.006835312997282017,kl_split,none,0.028800812701704856
2-2-4,none,mixture,0.2,2000,800098,0.006835312997282017,kl_crossfit,none,0.02640262504890229
2-2-4,none,mixture,0.2,2000,800098,0.006835312997282017,cf1_margin,none,0.01806746346454069
2-2-4,none,mixture,0.2,2000,800098,0.006835312997282017,slack_plugin,none,0.03613492692908127
2-2-4,none,mixture,0.2,2000,800098,0.006835312997282017,gm_battery,none,0.0
2-2-4,none,mixture,0.2,2000,800098,0.006835312997282017,gtest,none,44.67614770014485
2-2-4,none,mixture,0.2,2000,800099,0.00678201000118861,kl_plugin,none,0.0006806285086401118
2-2-4,none,mixture,0.2,2000,800099,0.00678201000118861,kl_split,none,0.02477874509299894
2-2-4,none,mixture,0.2,2000,800099,0.00678201000118861,kl_crossfit,none,0.02146179191771025
2-2-4,none,mixture,0.2,2000,800099,0.00678201000118861,cf1_margin,none,0.026064277149580373
2-2-4,none,mixture,0.2,2000,800099,0.00678201000118861,slack_plugin,none,0.052128554299160655
2-2-4,none,mixture,0.2,2000,800099,0.00678201000118861,gm_battery,none,0.0
2-2-4,none,mixture,0.2,2000,800099,0.00678201000118861,gtest,none,36.615893127649315
2-2-4,none,mixture,0.2,2000,800100,0.007929719002277125,kl_plugin,none,5.830047638110975e-06
2-2-4,none,mixture,0.2,2000,800100,0.007929719002277125,kl_split,none,0.019019188104410528
2-2-4,none,mixture,0.2,2000,800100,0.007929719002277125,kl_crossfit,none,0.02012217434567752
2-2-4,none,mixture,0.2,2000,800100,0.007929719002277125,cf1_margin,none,0.0007504690431519023
2-2-4,none,mixture,0.2,2000,800100,0.007929719002277125,slack_plugin,none,0.0015009380863039157
2-2-4,none,mixture,0.2,2000,800100,0.007929719002277125,gm_battery,none,0.0
2-2-4,none,mixture,0.2,2000,800100,0.007929719002277125,gtest,none,17.598797574556116
2-2-4,none,mixture,0.2,2000,800101,0.006659689999651164,kl_plugin,none,2.9856523832631765e-05
2-2-4,none,mixture,0.2,2000,800101,0.006659689999651164,kl_split,none,0.023594904969659346
2-2-4,none,mixture,0.2,2000,800101,0.006659689999651164,kl_crossfit,none,0.02276202978025128
2-2-4,none,mixture,0.2,2000,800101,0.006659689999651164,cf1_margin,none,0.004728977069715756
2-2-4,none,mixture,0.2,2000,800101,0.006659689999651164,slack_plugin,none,0.009457954139431249
2-2-4,none,mixture,0.2,2000,800101,0.006659689999651164,gm_battery,none,0.0
2-2-4,none,mixture,0.2,2000,800101,0.006659689999651164,gtest,none,29.784674394625057
2-2-4,none,mixture,0.2,2000,800102,0.006542732000525575,kl_plugin,none,0.0005063344002135938
2-2-4,none,mixture,0.2,2000,800102,0.006542732000525575,kl_split,none,0.02680798582157553
2-2-4,none,mixture,0.2,2000,800102,0.006542732000525575,kl_crossfit,none,0.02815320107644126
2-2-4,none,mixture,0.2,2000,800102,0.006542732000525575,cf1_margin,none,0.02170025324963698
2-2-4,none,mixture,0.2,2000,800102,0.006542732000525575,slack_plugin,none,0.043400506499273864
2-2-4,none,mixture,0.2,2000,800102,0.006542732000525575,gm_battery,none,0.0
2-2-4,none,mixture,0.2,2000,800102,0.006542732000525575,gtest,none,29.842878766852635
2-2-4,none,mixture,0.2,2000,800103,0.0067188499961048365,kl_plugin,none,0.0003228593817464053
2-2-4,none,mixture,0.2,2000,800103,0.0067188499961048365,kl_split,none,0.01850027972158473
2-2-4,none,mixture,0.2,2000,800103,0.0067188499961048365,kl_crossfit,none,0.01996109036640944
2-2-4,none,mixture,0.2,2000,800103,0.0067188499961048365,cf1_margin,none,0.017001700170016898
2-2-4,none,mixture,0.2,2000,800103,0.0067188499961048365,slack_plugin,none,0.03400340034003384
2-2-4,none,mixture,0.2,2000,800103,0.0067188499961048365,gm_battery,none,0.0
2-2-4,none,mixture,0.2,2000,800103,0.0067188499961048365,gtest,none,22.39381422853939
2-2-4,none,mixture,0.2,2000,800104,0.008006634001503699,kl_plugin,none,2.6217741030472915e-05
2-2-4,none,mixture,0.2,2000,800104,0.008006634001503699,kl_split,none,0.022424609911871236
2-2-4,none,mixture,0.2,2000,800104,0.008006634001503699,kl_crossfit,none,0.023671497607617557
2-2-4,none,mixture,0.2,2000,800104,0.008006634001503699,cf1_margin,none,0.004263381335552818
2-2-4,none,mixture,0.2,2000,800104,0.008006634001503699,slack_plugin,none,0.008526762671105359
2-2-4,none,mixture,0.2,2000,800104,0.008006634001503699,gm_battery,none,0.0
2-2-4,none,mixture,0.2,2000,800104,0.008006634001503699,gtest,none,51.62697703727551
2-2-4,none,mixture,0.2,2000,800105,0.0065467339954921044,kl_plugin,none,0.004057905184872243
2-2-4,none,mixture,0.2,2000,800105,0.0065467339954921044,kl_split,none,0.034006402182469676
2-2-4,none,mixture,0.2,2000,800105,0.0065467339954921044,kl_crossfit,none,0.028687882141647796
2-2-4,none,mixture,0.2,2000,800105,0.0065467339954921044,cf1_margin,none,0.06069806069806083
2-2-4,none,mixture,0.2,2000,800105,0.0065467339954921044,slack_plugin,none,0.12139612139612135
2-2-4,none,mixture,0.2,2000,800105,0.0065467339954921044,gm_battery,none,0.0
2-2-4,none,mixture,0.2,2000,800105,0.0065467339954921044,gtest,none,23.27908437143676
2-2-4,none,mixture,0.2,2000,800106,0.006670877999567892,kl_plugin,none,0.00017939164286725085
2-2-4,none,mixture,0.2,2000,800106,0.006670877999567892,kl_split,none,0.02084737357739777
2-2-4,none,mixture,0.2,2000,800106,0.006670877999567892,kl_crossfit,none,0.022486286574165657
2-2-4,none,mixture,0.2,2000,800106,0.006670877999567892,cf1_margin,none,0.012663294057376984
2-2-4,none,mixture,0.2,2000,800106,0.006670877999567892,slack_plugin,none,0.025326588114754064
2-2-4,none,mixture,0.2,2000,800106,0.006670877999567892,gm_battery,none,0.0
2-2-4,none,mixture,0.2,2000,800106,0.006670877999567892,gtest,none,40.280302004026154
2-2-4,none,mixture,0.2,2000,800107,0.006543149997014552,kl_plugin,none,5.375521477328071e-07
2-2-4,none,mixture,0.2,2000,800107,0.006543149997014552,kl_split,none,0.024578507540250153
2-2-4,none,mixture,0.2,2000,800107,0.006543149997014552,kl_crossfit,none,0.024693810526887572
2-2-4,none,mixture,0.2,2000,800107,0.006543149997014552,cf1_margin,none,0.0
2-2-4,none,mixture,0.2,2000,800107,0.006543149997014552,slack_plugin,none,0.0
2-2-4,none,mixture,0.2,2000,800107,0.006543149997014552,gm_battery,none,0.0
2-2-4,none,mixture,0.2,2000,800107,0.006543149997014552,gtest,none,34.75704015295942
2-2-4,none,mixture,0.2,2000,800108,0.006885200993565377,kl_plugin,none,0.00020107742920913614
2-2-4,none,mixture,0.2,2000,800108,0.006885200993565377,kl_split,none,0.01940744349377308
2-2-4,none,mixture,0.2,2000,800108,0.006885200993565377,kl_crossfit,none,0.021379882197038128
2-2-4,none,mixture,0.2,2000,800108,0.006885200993565377,cf1_margin,none,0.013668107116676542
2-2-4,none,mixture,0.2,2000,800108,0.006885200993565377,slack_plugin,none,0.027336214233352925
2-2-4,none,mixture,0.2,2000,800108,0.006885200993565377,gm_battery,none,0.0
2-2-4,none,mixture,0.2,2000,800108,0.006885200993565377,gtest,none,36.10194443974122
2-2-4,none,mixture,0.2,2000,800109,0.006661811996309552,kl_plugin,none,6.082585661330363e-14
2-2-4,none,mixture,0.2,2000,800109,0.006661811996309552,kl_split,none,0.03601350841133838
2-2-4,none,mixture,0.2,2000,800109,0.006661811996309552,kl_crossfit,none,0.035805342983980734
2-2-4,none,mixture,0.2,2000,800109,0.006661811996309552,cf1_margin,none,0.0
2-2-4,none,mixture,0.2,2000,800109,0.006661811996309552,slack_plugin,none,0.0
2-2-4,none,mixture,0.2,2000,800109,0.006661811996309552,gm_battery,none,0.0
2-2-4,none,mixture,0.2,2000,800109,0.006661811996309552,gtest,none,26.181475385752393
2-2-4,none,mixture,0.2,2000,800110,0.0066901669997605495,kl_plugin,none,1.1033630347519618e-13
2-2-4,none,mixture,0.2,2000,800110,0.0066901669997605495,kl_split,none,0.018833419705007886
2-2-4,none,mixture,0.2,2000,800110,0.0066901669997605495,kl_crossfit,none,0.018686912817642932
2-2-4,none,mixture,0.2,2000,800110,0.0066901669997605495,cf1_margin,none,1.1102230246251565e-16
2-2-4,none,mixture,0.2,2000,800110,0.0066901669997605495,slack_plugin,none,0.0
2-2-4,none,mixture,0.2,2000,800110,0.0066901669997605495,gm_battery,none,0.0
2-2-4,none,mixture,0.2,2000,800110,0.0066901669997605495,gtest,none,47.88377268962766
2-2-4,none,mixture,0.2,2000,800111,0.0069339230030891486,kl_plugin,none,0.0002268857427774277
2-2-4,none,mixture,0.2,2000,800111,0.0069339230030891486,kl_split,none,0.01716301425590045
2-2-4,none,mixture,0.2,2000,800111,0.0069339230030891486,kl_crossfit,none,0.01876230813645453
2-2-4,none,mixture,0.2,2000,800111,0.0069339230030891486,cf1_margin,none,0.014731473147314711
2-2-4,none,mixture,0.2,2000,800111,0.0069339230030891486,slack_plugin,none,0.029462946294629498
2-2-4,none,mixture,0.2,2000,800111,0.0069339230030891486,gm_battery,none,0.0
2-2-4,none,mixture,0.2,2000,800111,0.0069339230030891486,gtest,none,29.969551810614675
2-2-4,none,mixture,0.2,2000,800112,0.00846189699950628,kl_plugin,none,0.002756632304116432
2-2-4,none,mixture,0.2,2000,800112,0.00846189699950628,kl_split,none,0.014361543499696303
2-2-4,none,mixture,0.2,2000,800112,0.00846189699950628,kl_crossfit,none,0.018361214165364466
2-2-4,none,mixture,0.2,2000,800112,0.00846189699950628,cf1_margin,none,0.052346000651319
2-2-4,none,mixture,0.2,2000,800112,0.00846189699950628,slack_plugin,none,0.10469200130263787
2-2-4,none,mixture,0.2,2000,800112,0.00846189699950628,gm_battery,none,0.0
2-2-4,none,mixture,0.2,2000,800112,0.00846189699950628,gtest,none,55.80094582151516
2-2-4,none,mixture,0.2,2000,800113,0.008800565999990795,kl_plugin,none,1.5703284693153324e-07
2-2-4,none,mixture,0.2,2000,800113,0.008800565999990795,kl_split,none,0.021059506029531987
2-2-4,none,mixture,0.2,2000,800113,0.008800565999990795,kl_crossfit,none,0.021404593603230562
2-2-4,none,mixture,0.2,2000,800113,0.008800565999990795,cf1_margin,none,0.0
2-2-4,none,mixture,0.2,2000,800113,0.008800565999990795,slack_plugin,none,0.0
2-2-4,none,mixture,0.2,2000,800113,0.008800565999990795,gm_battery,none,0.0
2-2-4,none,mixture,0.2,2000,800113,0.008800565999990795,gtest,none,33.41319040616911
2-2-4,none,mixture,0.2,2000,800114,0.00672124199627433,kl_plugin,none,0.0013635524500870133
2-2-4,none,mixture,0.2,2000,800114,0.00672124199627433,kl_split,none,0.028273185373354076
2-2-4,none,mixture,0.2,2000,800114,0.00672124199627433,kl_crossfit,none,0.02954179308792194
2-2-4,none,mixture,0.2,2000,800114,0.00672124199627433,cf1_margin,none,0.03469696726958138
2-2-4,none,mixture,0.2,2000,800114,0.00672124199627433,slack_plugin,none,0.06939393453916279
2-2-4,none,mixture,0.2,2000,800114,0.00672124199627433,gm_battery,none,0.0
2-2-4,none,mixture,0.2,2000,800114,0.00672124199627433,gtest,none,67.1241548843376
2-2-4,none,mixture,0.2,2000,800115,0.0073746300040511414,kl_plugin,none,0.0010790415936206346
2-2-4,none,mixture,0.2,2000,800115,0.0073746300040511414,kl_split,none,0.022826833832608265
2-2-4,none,mixture,0.2,2000,800115,0.0073746300040511414,kl_crossfit,none,0.02431289531860217
2-2-4,none,mixture,0.2,2000,800115,0.0073746300040511414,cf1_margin,none,0.032840660093467644
2-2-4,none,mixture,0.2,2000,800115,0.0073746300040511414,slack_plugin,none,0.06568132018693516
2-2-4,none,mixture,0.2,2000,800115,0.0073746300040511414,gm_battery,none,0.0
2-2-4,none,mixture,0.2,2000,800115,0.0073746300040511414,gtest,none,28.443958417217026
2-2-4,none,mixture,0.2,2000,800116,0.00977234300080454,kl_plugin,none,3.6606982733570256e-12
2-2-4,none,mixture,0.2,2000,800116,0.00977234300080454,kl_split,none,0.02206961250589068
2-2-4,none,mixture,0.2,2000,800116,0.00977234300080454,kl_crossfit,none,0.022067896969636687
2-2-4,none,mixture,0.2,2000,800116,0.00977234300080454,cf1_margin,none,1.1102230246251565e-16
2-2-4,none,mixture,0.2,2000,800116,0.00977234300080454,slack_plugin,none,0.0
2-2-4,none,mixture,0.2,2000,800116,0.00977234300080454,gm_battery,none,0.0
2-2-4,none,mixture,0.2,2000,800116,0.00977234300080454,gtest,none,34.804174995778084
2-2-4,none,mixture,0.2,2000,800117,0.008434447001491208,kl_plugin,none,0.0001416664792991528
2-2-4,none,mixture,0.2,2000,800117,0.008434447001491208,kl_split,none,0.017980542353412378
2-2-4,none,mixture,0.2,2000,800117,0.008434447001491208,kl_crossfit,none,0.01926950447702125
2-2-4,none,mixture,0.2,2000,800117,0.008434447001491208,cf1_margin,none,0.011378205128205088
2-2-4,none,mixture,0.2,2000,800117,0.008434447001491208,slack_plugin,none,0.022756410256410196
2-2-4,none,mixture,0.2,2000,800117,0.008434447001491208,gm_battery,none,0.0
2-2-4,none,mixture,0.2,2000,800117,0.008434447001491208,gtest,none,34.367586113103414
2-2-4,none,mixture,0.2,2000,800118,0.006654698001511861,kl_plugin,none,6.074729456207904e-06
2-2-4,none,mixture,0.2,2000,800118,0.006654698001511861,kl_split,none,0.018421764143694327
2-2-4,none,mixture,0.2,2000,800118,0.006654698001511861,kl_crossfit,none,0.01660203267048237
2-2-4,none,mixture,0.2,2000,800118,0.006654698001511861,cf1_margin,none,0.0007101200102820338
2-2-4,none,mixture,0.2,2000,800118,0.006654698001511861,slack_plugin,none,0.0014202400205635193
2-2-4,none,mixture,0.2,2000,800118,0.006654698001511861,gm_battery,none,0.0
2-2-4,none,mixture,0.2,2000,800118,0.006654698001511861,gtest,none,16.38822833185708
2-2-4,none,mixture,0.2,2000,800119,0.006789235994801857,kl_plugin,none,1.4338099021720101e-05
2-2-4,none,mixture,0.2,2000,800119,0.006789235994801857,kl_split,none,0.027301946847280677
2-2-4,none,mixture,0.2,2000,800119,0.006789235994801857,kl_crossfit,none,0.028272326263760913
2-2-4,none,mixture,0.2,2000,800119,0.006789235994801857,cf1_margin,none,0.0027100975635122593
2-2-4,none,mixture,0.2,2000,800119,0.006789235994801857,slack_plugin,none,0.005420195127024532
2-2-4,none,mixture,0.2,2000,800119,0.006789235994801857,gm_battery,none,0.0
2-2-4,none,mixture,0.2,2000,800119,0.006789235994801857,gtest,none,37.704232789790055
2-2-4,none,mixture,0.2,2000,800120,0.007738215004792437,kl_plugin,none,0.0003257380835337397
2-2-4,none,mixture,0.2,2000,800120,0.007738215004792437,kl_split,none,0.0265940833081953
2-2-4,none,mixture,0.2,2000,800120,0.007738215004792437,kl_crossfit,none,0.02636257325225289
2-2-4,none,mixture,0.2,2000,800120,0.007738215004792437,cf1_margin,none,0.018026185701534247
2-2-4,none,mixture,0.2,2000,800120,0.007738215004792437,slack_plugin,none,0.03605237140306864
2-2-4,none,mixture,0.2,2000,800120,0.007738215004792437,gm_battery,none,0.0
2-2-4,none,mixture,0.2,2000,800120,0.007738215004792437,gtest,none,48.12128049180386
2-2-4,none,mixture,0.2,2000,800121,0.007606998995470349,kl_plugin,none,0.00020933199197324323
2-2-4,none,mixture,0.2,2000,800121,0.007606998995470349,kl_split,none,0.020412827027125217
2-2-4,none,mixture,0.2,2000,800121,0.007606998995470349,kl_crossfit,none,0.019143515572662907
2-2-4,none,mixture,0.2,2000,800121,0.007606998995470349,cf1_margin,none,0.01367501367501367
2-2-4,none,mixture,0.2,2000,800121,0.007606998995470349,slack_plugin,none,0.02735002735002734
2-2-4,none,mixture,0.2,2000,800121,0.007606998995470349,gm_battery,none,0.0
2-2-4,none,mixture,0.2,2000,800121,0.007606998995470349,gtest,none,21.84179501905426
2-2-4,none,mixture,0.2,2000,800122,0.006770644002244808,kl_plugin,none,0.0010524778286001967
2-2-4,none,mixture,0.2,2000,800122,0.006770644002244808,kl_split,none,0.031227473852879172
2-2-4,none,mixture,0.2,2000,800122,0.006770644002244808,kl_crossfit,none,0.028084255761390932
2-2-4,none,mixture,0.2,2000,800122,0.006770644002244808,cf1_margin,none,0.03234545110148335
2-2-4,none,mixture,0.2,2000,800122,0.006770644002244808,slack_plugin,none,0.06469090220296646
2-2-4,none,mixture,0.2,2000,800122,0.006770644002244808,gm_battery,none,0.0
2-2-4,none,mixture,0.2,2000,800122,0.006770644002244808,gtest,none,18.774924808386615
2-2-4,none,mixture,0.2,2000,800123,0.007068949002132285,kl_plugin,none,0.0013054738439839363
2-2-4,none,mixture,0.2,2000,800123,0.007068949002132285,kl_split,none,0.018868619915581086
2-2-4,none,mixture,0.2,2000,800123,0.007068949002132285,kl_crossfit,none,0.02061755888098104
2-2-4,none,mixture,0.2,2000,800123,0.007068949002132285,cf1_margin,none,0.03394922217199814
2-2-4,none,mixture,0.2,2000,800123,0.007068949002132285,slack_plugin,none,0.06789844434399636
2-2-4,none,mixture,0.2,2000,800123,0.007068949002132285,gm_battery,none,0.0
2-2-4,none,mixture,0.2,2000,800123,0.007068949002132285,gtest,none,53.94389322757664
2-2-4,none,mixture,0.2,2000,800124,0.006797800000640564,kl_plugin,none,0.000266535838711569
2-2-4,none,mixture,0.2,2000,800124,0.006797800000640564,kl_split,none,0.020416472680058362
2-2-4,none,mixture,0.2,2000,800124,0.006797800000640564,kl_crossfit,none,0.022054006988090187
2-2-4,none,mixture,0.2,2000,800124,0.006797800000640564,cf1_margin,none,0.016255186016459255
2-2-4,none,mixture,0.2,2000,800124,0.006797800000640564,slack_plugin,none,0.03251037203291846
2-2-4,none,mixture,0.2,2000,800124,0.006797800000640564,gm_battery,none,0.0
2-2-4,none,mixture,0.2,2000,800124,0.006797800000640564,gtest,none,21.794006133436234
2-2-4,none,mixture,0.2,2000,800125,0.011152795996167697,kl_plugin,none,0.0004086904662629013
2-2-4,none,mixture,0.2,2000,800125,0.011152795996167697,kl_split,none,0.03733447093768098
2-2-4,none,mixture,0.2,2000,800125,0.011152795996167697,kl_crossfit,none,0.03600945514125889
2-2-4,none,mixture,0.2,2000,800125,0.011152795996167697,cf1_margin,none,0.01901717115454038
2-2-4,none,mixture,0.2,2000,800125,0.011152795996167697,slack_plugin,none,0.03803434230908069
2-2-4,none,mixture,0.2,2000,800125,0.011152795996167697,gm_battery,none,0.0
2-2-4,none,mixture,0.2,2000,800125,0.011152795996167697,gtest,none,34.618280001230914
2-2-4,none,mixture,0.2,2000,800126,0.007022650999715552,kl_plugin,none,2.113188395359844e-06
2-2-4,none,mixture,0.2,2000,800126,0.007022650999715552,kl_split,none,0.019962814183269475
2-2-4,none,mixture,0.2,2000,800126,0.007022650999715552,kl_crossfit,none,0.020246795449729307
2-2-4,none,mixture,0.2,2000,800126,0.007022650999715552,cf1_margin,none,2.220446049250313e-16
2-2-4,none,mixture,0.2,2000,800126,0.007022650999715552,slack_plugin,none,0.0
2-2-4,none,mixture,0.2,2000,800126,0.007022650999715552,gm_battery,none,0.0
2-2-4,none,mixture,0.2,2000,800126,0.007022650999715552,gtest,none,52.054916288227474
2-2-4,none,mixture,0.2,2000,800127,0.00791537400073139,kl_plugin,none,1.3620982995354611e-11
2-2-4,none,mixture,0.2,2000,800127,0.00791537400073139,kl_split,none,0.02428208239585517
2-2-4,none,mixture,0.2,2000,800127,0.00791537400073139,kl_crossfit,none,0.024052642915857292
2-2-4,none,mixture,0.2,2000,800127,0.00791537400073139,cf1_margin,none,0.0
2-2-4,none,mixture,0.2,2000,800127,0.00791537400073139,slack_plugin,none,0.0
2-2-4,none,mixture,0.2,2000,800127,0.00791537400073139,gm_battery,none,0.0
2-2-4,none,mixture,0.2,2000,800127,0.00791537400073139,gtest,none,36.40761474442686
2-2-4,none,mixture,0.2,2000,800128,0.008292480000818614,kl_plugin,none,6.329637538116226e-08
2-2-4,none,mixture,0.2,2000,800128,0.008292480000818614,kl_split,none,0.02264179902002654
2-2-4,none,mixture,0.2,2000,800128,0.008292480000818614,kl_crossfit,none,0.02326841513055318
2-2-4,none,mixture,0.2,2000,800128,0.008292480000818614,cf1_margin,none,0.0
2-2-4,none,mixture,0.2,2000,800128,0.008292480000818614,slack_plugin,none,0.0
2-2-4,none,mixture,0.2,2000,800128,0.008292480000818614,gm_battery,none,0.0
2-2-4,none,mixture,0.2,2000,800128,0.008292480000818614,gtest,none,33.523164358392705
2-2-4,none,mixture,0.2,2000,800129,0.007011248999333475,kl_plugin,none,0.0008341708601709644
2-2-4,none,mixture,0.2,2000,800129,0.007011248999333475,kl_split,none,0.01764321316123333
2-2-4,none,mixture,0.2,2000,800129,0.007011248999333475,kl_crossfit,none,0.01996264084698193
2-2-4,none,mixture,0.2,2000,800129,0.007011248999333475,cf1_margin,none,0.028875414895329854
2-2-4,none,mixture,0.2,2000,800129,0.007011248999333475,slack_plugin,none,0.057750829790659715
2-2-4,none,mixture,0.2,2000,800129,0.007011248999333475,gm_battery,none,0.0
2-2-4,none,mixture,0.2,2000,800129,0.007011248999333475,gtest,none,44.84209470694509
2-2-4,none,mixture,0.2,2000,800130,0.007341024000197649,kl_plugin,none,0.0011930188916399638
2-2-4,none,mixture,0.2,2000,800130,0.007341024000197649,kl_split,none,0.01858460396681242
2-2-4,none,mixture,0.2,2000,800130,0.007341024000197649,kl_crossfit,none,0.01977710082423537
2-2-4,none,mixture,0.2,2000,800130,0.007341024000197649,cf1_margin,none,0.03427723398042304
2-2-4,none,mixture,0.2,2000,800130,0.007341024000197649,slack_plugin,none,0.06855446796084655
2-2-4,none,mixture,0.2,2000,800130,0.007341024000197649,gm_battery,none,0.0
2-2-4,none,mixture,0.2,2000,800130,0.007341024000197649,gtest,none,41.669799075861434
2-2-4,none,mixture,0.2,2000,800131,0.00828042600187473,kl_plugin,none,7.918408278122019e-06
2-2-4,none,mixture,0.2,2000,800131,0.00828042600187473,kl_split,none,0.027549007240077333
2-2-4,none,mixture,0.2,2000,800131,0.00828042600187473,kl_crossfit,none,0.027254448977684156
2-2-4,none,mixture,0.2,2000,800131,0.00828042600187473,cf1_margin,none,0.0008284009460578501
2-2-4,none,mixture,0.2,2000,800131,0.00828042600187473,slack_plugin,none,0.0016568018921157904
2-2-4,none,mixture,0.2,2000,800131,0.00828042600187473,gm_battery,none,0.0
2-2-4,none,mixture,0.2,2000,800131,0.00828042600187473,gtest,none,24.168852408015894
2-2-4,none,mixture,0.2,2000,800132,0.007164729002397507,kl_plugin,none,5.797932965050605e-10
2-2-4,none,mixture,0.2,2000,800132,0.007164729002397507,kl_split,none,0.01922535430206684
2-2-4,none,mixture,0.2,2000,800132,0.007164729002397507,kl_crossfit,none,0.01967963755626782
2-2-4,none,mixture,0.2,2000,800132,0.007164729002397507,cf1_margin,none,2.220446049250313e-16
2-2-4,none,mixture,0.2,2000,800132,0.007164729002397507,slack_plugin,none,0.0
2-2-4,none,mixture,0.2,2000,800132,0.007164729002397507,gm_battery,none,0.0
2-2-4,none,mixture,0.2,2000,800132,0.007164729002397507,gtest,none,32.53284328371119
2-2-4,none,mixture,0.2,2000,800133,0.007050150998111349,kl_plugin,none,0.0002450671398735666
2-2-4,none,mixture,0.2,2000,800133,0.007050150998111349,kl_split,none,0.023441225328466587
2-2-4,none,mixture,0.2,2000,800133,0.007050150998111349,kl_crossfit,none,0.02172412236786362
2-2-4,none,mixture,0.2,2000,800133,0.007050150998111349,cf1_margin,none,0.015038383636318042
2-2-4,none,mixture,0.2,2000,800133,0.007050150998111349,slack_plugin,none,0.030076767272636362
2-2-4,none,mixture,0.2,2000,800133,0.007050150998111349,gm_battery,none,0.0
2-2-4,none,mixture,0.2,2000,800133,0.007050150998111349,gtest,none,25.435938635599513
2-2-4,none,mixture,0.2,2000,800134,0.0070664710001437925,kl_plugin,none,0.0016614645185684188
2-2-4,none,mixture,0.2,2000,800134,0.0070664710001437925,kl_split,none,0.02753310292329997
2-2-4,none,mixture,0.2,2000,800134,0.0070664710001437925,kl_crossfit,none,0.025372120436590297
2-2-4,none,mixture,0.2,2000,800134,0.0070664710001437925,cf1_margin,none,0.03950542189105399
2-2-4,none,mixture,0.2,2000,800134,0.0070664710001437925,slack_plugin,none,0.07901084378210793
2-2-4,none,mixture,0.2,2000,800134,0.0070664710001437925,gm_battery,none,0.0
2-2-4,none,mixture,0.2,2000,800134,0.0070664710001437925,gtest,none,38.65643370352228
2-2-4,none,mixture,0.2,2000,800135,0.007717960994341411,kl_plugin,none,0.0002991686351004547
2-2-4,none,mixture,0.2,2000,800135,0.007717960994341411,kl_split,none,0.030979649527294807
2-2-4,none,mixture,0.2,2000,800135,0.007717960994341411,kl_crossfit,none,0.027138145979547036
2-2-4,none,mixture,0.2,2000,800135,0.007717960994341411,cf1_margin,none,0.01723591286927484
2-2-4,none,mixture,0.2,2000,800135,0.007717960994341411,slack_plugin,none,0.034471825738549844
2-2-4,none,mixture,0.2,2000,800135,0.007717960994341411,gm_battery,none,0.0
2-2-4,none,mixture,0.2,2000,800135,0.007717960994341411,gtest,none,27.812802850771988
2-2-4,none,mixture,0.2,2000,800136,0.006948325004486833,kl_plugin,none,8.657292138099107e-06
2-2-4,none,mixture,0.2,2000,800136,0.006948325004486833,kl_split,none,0.024659364916378528
2-2-4,none,mixture,0.2,2000,800136,0.006948325004486833,kl_crossfit,none,0.02555113489288443
2-2-4,none,mixture,0.2,2000,800136,0.006948325004486833,cf1_margin,none,0.0013920890937020314
2-2-4,none,mixture,0.2,2000,800136,0.006948325004486833,slack_plugin,none,0.0027841781874038546
2-2-4,none,mixture,0.2,2000,800136,0.006948325004486833,gm_battery,none,0.0
2-2-4,none,mixture,0.2,2000,800136,0.006948325004486833,gtest,none,27.893426095362784
2-2-4,none,mixture,0.2,2000,800137,0.006560367997735739,kl_plugin,none,0.002417712582052523
2-2-4,none,mixture,0.2,2000,800137,0.006560367997735739,kl_split,none,0.020933615663517594
2-2-4,none,mixture,0.2,2000,800137,0.006560367997735739,kl_crossfit,none,0.02313708245255814
2-2-4,none,mixture,0.2,2000,800137,0.006560367997735739,cf1_margin,none,0.045110841724978035
2-2-4,none,mixture,0.2,2000,800137,0.006560367997735739,slack_plugin,none,0.09022168344995617
2-2-4,none,mixture,0.2,2000,800137,0.006560367997735739,gm_battery,none,0.0
2-2-4,none,mixture,0.2,2000,800137,0.006560367997735739,gtest,none,24.81803175629679
2-2-4,none,mixture,0.2,2000,800138,0.0077032660046825185,kl_plugin,none,0.0008436140873048798
2-2-4,none,mixture,0.2,2000,800138,0.0077032660046825185,kl_split,none,0.018808243848586002
2-2-4,none,mixture,0.2,2000,800138,0.0077032660046825185,kl_crossfit,none,0.021174061395142225
2-2-4,none,mixture,0.2,2000,800138,0.0077032660046825185,cf1_margin,none,0.027385753193417295
2-2-4,none,mixture,0.2,2000,800138,0.0077032660046825185,slack_plugin,none,0.05477150638683474
2-2-4,none,mixture,0.2,2000,800138,0.0077032660046825185,gm_battery,none,0.0
2-2-4,none,mixture,0.2,2000,800138,0.0077032660046825185,gtest,none,46.295449825112385
2-2-4,none,mixture,0.2,2000,800139,0.006600485998205841,kl_plugin,none,0.0017609000437515468
2-2-4,none,mixture,0.2,2000,800139,0.006600485998205841,kl_split,none,0.020914376941087352
2-2-4,none,mixture,0.2,2000,800139,0.006600485998205841,kl_crossfit,none,0.021559402312942587
2-2-4,none,mixture,0.2,2000,800139,0.006600485998205841,cf1_margin,none,0.039797730873245785
2-2-4,none,mixture,0.2,2000,800139,0.006600485998205841,slack_plugin,none,0.07959546174649151
2-2-4,none,mixture,0.2,2000,800139,0.006600485998205841,gm_battery,none,0.0
2-2-4,none,mixture,0.2,2000,800139,0.006600485998205841,gtest,none,65.85850353689949
2-2-4,none,mixture,0.2,2000,800140,0.010788400999445003,kl_plugin,none,0.0007650554068500907
2-2-4,none,mixture,0.2,2000,800140,0.010788400999445003,kl_split,none,0.02829817462228401
2-2-4,none,mixture,0.2,2000,800140,0.010788400999445003,kl_crossfit,none,0.02663033213015046
2-2-4,none,mixture,0.2,2000,800140,0.010788400999445003,cf1_margin,none,0.026432467086937694
2-2-4,none,mixture,0.2,2000,800140,0.010788400999445003,slack_plugin,none,0.05286493417387548
2-2-4,none,mixture,0.2,2000,800140,0.010788400999445003,gm_battery,none,0.0
2-2-4,none,mixture,0.2,2000,800140,0.010788400999445003,gtest,none,34.97779613886043
2-2-4,none,mixture,0.2,2000,800141,0.007863177001127042,kl_plugin,none,7.110117919363525e-05
2-2-4,none,mixture,0.2,2000,800141,0.007863177001127042,kl_split,none,0.022134493220436917
2-2-4,none,mixture,0.2,2000,800141,0.007863177001127042,kl_crossfit,none,0.020415998619493947
2-2-4,none,mixture,0.2,2000,800141,0.007863177001127042,cf1_margin,none,0.007547832192381976
2-2-4,none,mixture,0.2,2000,800141,0.007863177001127042,slack_plugin,none,0.015095664384763861
2-2-4,none,mixture,0.2,2000,800141,0.007863177001127042,gm_battery,none,0.0
2-2-4,none,mixture,0.2,2000,800141,0.007863177001127042,gtest,none,59.83016846332289
2-2-4,none,mixture,0.2,2000,800142,0.00654242900054669,kl_plugin,none,4.908625696259318e-07
2-2-4,none,mixture,0.2,2000,800142,0.00654242900054669,kl_split,none,0.03004993803421007
2-2-4,none,mixture,0.2,2000,800142,0.00654242900054669,kl_crossfit,none,0.0271908605092068
2-2-4,none,mixture,0.2,2000,800142,0.00654242900054669,cf1_margin,none,1.1102230246251565e-16
2-2-4,none,mixture,0.2,2000,800142,0.00654242900054669,slack_plugin,none,0.0
2-2-4,none,mixture,0.2,2000,800142,0.00654242900054669,gm_battery,none,0.0
2-2-4,none,mixture,0.2,2000,800142,0.00654242900054669,gtest,none,30.013666309600197
2-2-4,none,mixture,0.2,2000,800143,0.006725026003550738,kl_plugin,none,0.00011363015446619676
2-2-4,none,mixture,0.2,2000,800143,0.006725026003550738,kl_split,none,0.026703939999536224
2-2-4,none,mixture,0.2,2000,800143,0.006725026003550738,kl_crossfit,none,0.027890480187965534
2-2-4,none,mixture,0.2,2000,800143,0.006725026003550738,cf1_margin,none,0.010075647448450464
2-2-4,none,mixture,0.2,2000,800143,0.006725026003550738,slack_plugin,none,0.020151294896900922
2-2-4,none,mixture,0.2,2000,800143,0.006725026003550738,gm_battery,none,0.0
2-2-4,none,mixture,0.2,2000,800143,0.006725026003550738,gtest,none,13.143737043351887
2-2-4,none,mixture,0.2,2000,800144,0.007058031995256897,kl_plugin,none,0.0001674335128771156
2-2-4,none,mixture,0.2,2000,800144,0.007058031995256897,kl_split,none,0.025574493997821815
2-2-4,none,mixture,0.2,2000,800144,0.007058031995256897,kl_crossfit,none,0.024229290776617556
2-2-4,none,mixture,0.2,2000,800144,0.007058031995256897,cf1_margin,none,0.012336999296943096
2-2-4,none,mixture,0.2,2000,800144,0.007058031995256897,slack_plugin,none,0.024673998593886082
2-2-4,none,mixture,0.2,2000,800144,0.007058031995256897,gm_battery,none,0.0
2-2-4,none,mixture,0.2,2000,800144,0.007058031995256897,gtest,none,13.37835303339633
2-2-4,none,mixture,0.2,2000,800145,0.006771409003704321,kl_plugin,none,0.0003387896402641949
2-2-4,none,mixture,0.2,2000,800145,0.006771409003704321,kl_split,none,0.019148167006214196
2-2-4,none,mixture,0.2,2000,800145,0.006771409003704321,kl_crossfit,none,0.019526978336700595
2-2-4,none,mixture,0.2,2000,800145,0.006771409003704321,cf1_margin,none,0.01765393405942406
2-2-4,none,mixture,0.2,2000,800145,0.006771409003704321,slack_plugin,none,0.03530786811884834
2-2-4,none,mixture,0.2,2000,800145,0.006771409003704321,gm_battery,none,0.0
2-2-4,none,mixture,0.2,2000,800145,0.006771409003704321,gtest,none,32.994301335938275
2-2-4,none,mixture,0.2,2000,800146,0.006861810004920699,kl_plugin,none,1.930644735467302e-05
2-2-4,none,mixture,0.2,2000,800146,0.006861810004920699,kl_split,none,0.023946108801195402
2-2-4,none,mixture,0.2,2000,800146,0.006861810004920699,kl_crossfit,none,0.02547369345393641
2-2-4,none,mixture,0.2,2000,800146,0.006861810004920699,cf1_margin,none,0.0028800259202330647
2-2-4,none,mixture,0.2,2000,800146,0.006861810004920699,slack_plugin,none,0.00576005184046658
2-2-4,none,mixture,0.2,2000,800146,0.006861810004920699,gm_battery,none,0.0
2-2-4,none,mixture,0.2,2000,800146,0.006861810004920699,gtest,none,16.8816360786019
2-2-4,none,mixture,0.2,2000,800147,0.009448166994843632,kl_plugin,none,6.54912625966367e-05
2-2-4,none,mixture,0.2,2000,800147,0.009448166994843632,kl_split,none,0.02225444853767007
2-2-4,none,mixture,0.2,2000,800147,0.009448166994843632,kl_crossfit,none,0.02538761409343792
2-2-4,none,mixture,0.2,2000,800147,0.009448166994843632,cf1_margin,none,0.007898544113238537
2-2-4,none,mixture,0.2,2000,800147,0.009448166994843632,slack_plugin,none,0.015797088226477143
2-2-4,none,mixture,0.2,2000,800147,0.009448166994843632,gm_battery,none,0.0
2-2-4,none,mixture,0.2,2000,800147,0.009448166994843632,gtest,none,35.77756599949274
2-2-4,none,mixture,0.2,2000,800148,0.007785476998833474,kl_plugin,none,0.0002310272664044306
2-2-4,none,mixture,0.2,2000,800148,0.007785476998833474,kl_split,none,0.029786676806715748
2-2-4,none,mixture,0.2,2000,800148,0.007785476998833474,kl_crossfit,none,0.029781023894116916
2-2-4,none,mixture,0.2,2000,800148,0.007785476998833474,cf1_margin,none,0.015180379509487696
2-2-4,none,mixture,0.2,2000,800148,0.007785476998833474,slack_plugin,none,0.03036075901897553
2-2-4,none,mixture,0.2,2000,800148,0.007785476998833474,gm_battery,none,0.0
2-2-4,none,mixture,0.2,2000,800148,0.007785476998833474,gtest,none,25.51568982415249
2-2-4,none,mixture,0.2,2000,800149,0.0066392200023983605,kl_plugin,none,0.0011457331498335964
2-2-4,none,mixture,0.2,2000,800149,0.0066392200023983605,kl_split,none,0.018737607963335973
2-2-4,none,mixture,0.2,2000,800149,0.0066392200023983605,kl_crossfit,none,0.020317438172422368
2-2-4,none,mixture,0.2,2000,800149,0.0066392200023983605,cf1_margin,none,0.03141262749995999
2-2-4,none,mixture,0.2,2000,800149,0.0066392200023983605,slack_plugin,none,0.06282525499991994
2-2-4,none,mixture,0.2,2000,800149,0.0066392200023983605,gm_battery,none,0.0
2-2-4,none,mixture,0.2,2000,800149,0.0066392200023983605,gtest,none,28.88793019517631
2-2-4,none,mixture,0.2,2000,800150,0.006876216997625306,kl_plugin,none,0.000292862197850359
2-2-4,none,mixture,0.2,2000,800150,0.006876216997625306,kl_split,none,0.024435789328985588
2-2-4,none,mixture,0.2,2000,800150,0.006876216997625306,kl_crossfit,none,0.02393270177948585
2-2-4,none,mixture,0.2,2000,800150,0.006876216997625306,cf1_margin,none,0.017081746498952777
2-2-4,none,mixture,0.2,2000,800150,0.006876216997625306,slack_plugin,none,0.03416349299790566
2-2-4,none,mixture,0.2,2000,800150,0.006876216997625306,gm_battery,none,0.0
2-2-4,none,mixture,0.2,2000,800150,0.006876216997625306,gtest,none,28.460633029412378
2-2-4,none,mixture,0.2,2000,800151,0.006666059001872782,kl_plugin,none,0.0005334709668401941
2-2-4,none,mixture,0.2,2000,800151,0.006666059001872782,kl_split,none,0.021366397155267156
2-2-4,none,mixture,0.2,2000,800151,0.006666059001872782,kl_crossfit,none,0.024333548833568128
2-2-4,none,mixture,0.2,2000,800151,0.006666059001872782,cf1_margin,none,0.022066081237980706
2-2-4,none,mixture,0.2,2000,800151,0.006666059001872782,slack_plugin,none,0.04413216247596149
2-2-4,none,mixture,0.2,2000,800151,0.006666059001872782,gm_battery,none,0.0
2-2-4,none,mixture,0.2,2000,800151,0.006666059001872782,gtest,none,45.39624801678942
2-2-4,none,mixture,0.2,2000,800152,0.006475314999988768,kl_plugin,none,9.918968142866693e-07
2-2-4,none,mixture,0.2,2000,800152,0.006475314999988768,kl_split,none,0.02725743372988323
2-2-4,none,mixture,0.2,2000,800152,0.006475314999988768,kl_crossfit,none,0.02850218407010607
2-2-4,none,mixture,0.2,2000,800152,0.006475314999988768,cf1_margin,none,1.1102230246251565e-16
2-2-4,none,mixture,0.2,2000,800152,0.006475314999988768,slack_plugin,none,0.0
2-2-4,none,mixture,0.2,2000,800152,0.006475314999988768,gm_battery,none,0.0
2-2-4,none,mixture,0.2,2000,800152,0.006475314999988768,gtest,none,37.36851928517696
2-2-4,none,mixture,0.2,2000,800153,0.008752089001063723,kl_plugin,none,0.000790364857128547
2-2-4,none,mixture,0.2,2000,800153,0.008752089001063723,kl_split,none,0.021953467755422614
2-2-4,none,mixture,0.2,2000,800153,0.008752089001063723,kl_crossfit,none,0.02325859883614858
2-2-4,none,mixture,0.2,2000,800153,0.008752089001063723,cf1_margin,none,0.02702226969463295
2-2-4,none,mixture,0.2,2000,800153,0.008752089001063723,slack_plugin,none,0.054044539389265976
2-2-4,none,mixture,0.2,2000,800153,0.008752089001063723,gm_battery,none,0.0
2-2-4,none,mixture,0.2,2000,800153,0.008752089001063723,gtest,none,35.79601711573045
2-2-4,none,mixture,0.2,2000,800154,0.0067957919964101166,kl_plugin,none,9.571956957388e-10
2-2-4,none,mixture,0.2,2000,800154,0.0067957919964101166,kl_split,none,0.027792835804527398
2-2-4,none,mixture,0.2,2000,800154,0.0067957919964101166,kl_crossfit,none,0.027880761489341207
2-2-4,none,mixture,0.2,2000,800154,0.0067957919964101166,cf1_margin,none,0.0
2-2-4,none,mixture,0.2,2000,800154,0.0067957919964101166,slack_plugin,none,0.0
2-2-4,none,mixture,0.2,2000,800154,0.0067957919964101166,gm_battery,none,0.0
2-2-4,none,mixture,0.2,2000,800154,0.0067957919964101166,gtest,none,19.744700752154664
2-2-4,none,mixture,0.2,2000,800155,0.007043435995001346,kl_plugin,none,7.562623130465173e-05
2-2-4,none,mixture,0.2,2000,800155,0.007043435995001346,kl_split,none,0.020281159308815723
2-2-4,none,mixture,0.2,2000,800155,0.007043435995001346,kl_crossfit,none,0.02186546492848256
2-2-4,none,mixture,0.2,2000,800155,0.007043435995001346,cf1_margin,none,0.008240527393753139
2-2-4,none,mixture,0.2,2000,800155,0.007043435995001346,slack_plugin,none,0.016481054787506326
2-2-4,none,mixture,0.2,2000,800155,0.007043435995001346,gm_battery,none,0.0
2-2-4,none,mixture,0.2,2000,800155,0.007043435995001346,gtest,none,38.69629884196115
2-2-4,none,mixture,0.2,2000,800156,0.0070437410031445324,kl_plugin,none,0.00017868897934172553
2-2-4,none,mixture,0.2,2000,800156,0.0070437410031445324,kl_split,none,0.020424969452865167
2-2-4,none,mixture,0.2,2000,800156,0.0070437410031445324,kl_crossfit,none,0.01908560541821642
2-2-4,none,mixture,0.2,2000,800156,0.0070437410031445324,cf1_margin,none,0.012682665290268957
2-2-4,none,mixture,0.2,2000,800156,0.0070437410031445324,slack_plugin,none,0.025365330580537755
2-2-4,none,mixture,0.2,2000,800156,0.0070437410031445324,gm_battery,none,0.0
2-2-4,none,mixture,0.2,2000,800156,0.0070437410031445324,gtest,none,36.934911531227215
2-2-4,none,mixture,0.2,2000,800157,0.006801202995120548,kl_plugin,none,0.0004768351851034292
2-2-4,none,mixture,0.2,2000,800157,0.006801202995120548,kl_split,none,0.020973088733439275
2-2-4,none,mixture,0.2,2000,800157,0.006801202995120548,kl_crossfit,none,0.022358837086472554
2-2-4,none,mixture,0.2,2000,800157,0.006801202995120548,cf1_margin,none,0.02093810386835815
2-2-4,none,mixture,0.2,2000,800157,0.006801202995120548,slack_plugin,none,0.04187620773671643
2-2-4,none,mixture,0.2,2000,800157,0.006801202995120548,gm_battery,none,0.0
2-2-4,none,mixture,0.2,2000,800157,0.006801202995120548,gtest,none,35.35572510822983
2-2-4,none,mixture,0.2,2000,800158,0.006527778998133726,kl_plugin,none,0.0002584717884799711
2-2-4,none,mixture,0.2,2000,800158,0.006527778998133726,kl_split,none,0.027821060000989606
2-2-4,none,mixture,0.2,2000,800158,0.006527778998133726,kl_crossfit,none,0.028085772229946612
2-2-4,none,mixture,0.2,2000,800158,0.006527778998133726,cf1_margin,none,0.015022540811469254
2-2-4,none,mixture,0.2,2000,800158,0.006527778998133726,slack_plugin,none,0.030045081622938438
2-2-4,none,mixture,0.2,2000,800158,0.006527778998133726,gm_battery,none,0.0
2-2-4,none,mixture,0.2,2000,800158,0.006527778998133726,gtest,none,31.176537764395484
2-2-4,none,mixture,0.2,2000,800159,0.007101110997609794,kl_plugin,none,2.0698210488610466e-05
2-2-4,none,mixture,0.2,2000,800159,0.007101110997609794,kl_split,none,0.02105970164356051
2-2-4,none,mixture,0.2,2000,800159,0.007101110997609794,kl_crossfit,none,0.023146967853020492
2-2-4,none,mixture,0.2,2000,800159,0.007101110997609794,cf1_margin,none,0.0036719424575600845
2-2-4,none,mixture,0.2,2000,800159,0.007101110997609794,slack_plugin,none,0.007343884915120162
2-2-4,none,mixture,0.2,2000,800159,0.007101110997609794,gm_battery,none,0.0
2-2-4,none,mixture,0.2,2000,800159,0.007101110997609794,gtest,none,23.5012906397165
2-2-4,none,mixture,0.2,2000,800160,0.007957542002259288,kl_plugin,none,6.58398911700729e-05
2-2-4,none,mixture,0.2,2000,800160,0.007957542002259288,kl_split,none,0.025669075196708066
2-2-4,none,mixture,0.2,2000,800160,0.007957542002259288,kl_crossfit,none,0.027028864369463945
2-2-4,none,mixture,0.2,2000,800160,0.007957542002259288,cf1_margin,none,0.007944031776127236
2-2-4,none,mixture,0.2,2000,800160,0.007957542002259288,slack_plugin,none,0.015888063552254274
2-2-4,none,mixture,0.2,2000,800160,0.007957542002259288,gm_battery,none,0.0
2-2-4,none,mixture,0.2,2000,800160,0.007957542002259288,gtest,none,43.4474372035218
2-2-4,none,mixture,0.2,2000,800161,0.006765839003492147,kl_plugin,none,8.534584664996771e-05
2-2-4,none,mixture,0.2,2000,800161,0.006765839003492147,kl_split,none,0.028478827646192605
2-2-4,none,mixture,0.2,2000,800161,0.006765839003492147,kl_crossfit,none,0.027951931784629062
2-2-4,none,mixture,0.2,2000,800161,0.006765839003492147,cf1_margin,none,0.008665247795682562
2-2-4,none,mixture,0.2,2000,800161,0.006765839003492147,slack_plugin,none,0.017330495591365076
2-2-4,none,mixture,0.2,2000,800161,0.006765839003492147,gm_battery,none,0.0
2-2-4,none,mixture,0.2,2000,800161,0.006765839003492147,gtest,none,42.74436548266867
2-2-4,none,mixture,0.2,2000,800162,0.00666864900267683,kl_plugin,none,0.0010098700498725535
2-2-4,none,mixture,0.2,2000,800162,0.00666864900267683,kl_split,none,0.02723256392458382
2-2-4,none,mixture,0.2,2000,800162,0.00666864900267683,kl_crossfit,none,0.028985095707069964
2-2-4,none,mixture,0.2,2000,800162,0.00666864900267683,cf1_margin,none,0.031748286444808205
2-2-4,none,mixture,0.2,2000,800162,0.00666864900267683,slack_plugin,none,0.06349657288961624
2-2-4,none,mixture,0.2,2000,800162,0.00666864900267683,gm_battery,none,0.0
2-2-4,none,mixture,0.2,2000,800162,0.00666864900267683,gtest,none,28.31257923929512
2-2-4,none,mixture,0.2,2000,800163,0.006673854004475288,kl_plugin,none,1.827693363047069e-05
2-2-4,none,mixture,0.2,2000,800163,0.006673854004475288,kl_split,none,0.02197162432673532
2-2-4,none,mixture,0.2,2000,800163,0.006673854004475288,kl_crossfit,none,0.02324621087318281
2-2-4,none,mixture,0.2,2000,800163,0.006673854004475288,cf1_margin,none,0.002597002134467341
2-2-4,none,mixture,0.2,2000,800163,0.006673854004475288,slack_plugin,none,0.005194004268935022
2-2-4,none,mixture,0.2,2000,800163,0.006673854004475288,gm_battery,none,0.0
2-2-4,none,mixture,0.2,2000,800163,0.006673854004475288,gtest,none,27.578185065540424
2-2-4,none,mixture,0.2,2000,800164,0.0065514810048625804,kl_plugin,none,0.0022301514967523056
2-2-4,none,mixture,0.2,2000,800164,0.0065514810048625804,kl_split,none,0.02172387270108449
2-2-4,none,mixture,0.2,2000,800164,0.0065514810048625804,kl_crossfit,none,0.0233599461081372
2-2-4,none,mixture,0.2,2000,800164,0.0065514810048625804,cf1_margin,none,0.047045220863289106
2-2-4,none,mixture,0.2,2000,800164,0.0065514810048625804,slack_plugin,none,0.09409044172657835
2-2-4,none,mixture,0.2,2000,800164,0.0065514810048625804,gm_battery,none,0.0
2-2-4,none,mixture,0.2,2000,800164,0.0065514810048625804,gtest,none,29.521024746306963
2-2-4,none,mixture,0.2,2000,800165,0.00655690100393258,kl_plugin,none,0.001309773619397681
2-2-4,none,mixture,0.2,2000,800165,0.00655690100393258,kl_split,none,0.017947681730563103
2-2-4,none,mixture,0.2,2000,800165,0.00655690100393258,kl_crossfit,none,0.019027949439318903
2-2-4,none,mixture,0.2,2000,800165,0.00655690100393258,cf1_margin,none,0.03615446178471404
2-2-4,none,mixture,0.2,2000,800165,0.00655690100393258,slack_plugin,none,0.07230892356942767
2-2-4,none,mixture,0.2,2000,800165,0.00655690100393258,gm_battery,none,0.0
2-2-4,none,mixture,0.2,2000,800165,0.00655690100393258,gtest,none,44.867624996464826
2-2-4,none,mixture,0.2,2000,800166,0.008087859001534525,kl_plugin,none,6.813042281260853e-11
2-2-4,none,mixture,0.2,2000,800166,0.008087859001534525,kl_split,none,0.028394379321637603
2-2-4,none,mixture,0.2,2000,800166,0.008087859001534525,kl_crossfit,none,0.02943034573112427
2-2-4,none,mixture,0.2,2000,800166,0.008087859001534525,cf1_margin,none,0.0
2-2-4,none,mixture,0.2,2000,800166,0.008087859001534525,slack_plugin,none,0.0
2-2-4,none,mixture,0.2,2000,800166,0.008087859001534525,gm_battery,none,0.0
2-2-4,none,mixture,0.2,2000,800166,0.008087859001534525,gtest,none,35.11291306181054
2-2-4,none,mixture,0.2,2000,800167,0.0067832429995178245,kl_plugin,none,0.0001102016874943209
2-2-4,none,mixture,0.2,2000,800167,0.0067832429995178245,kl_split,none,0.026840175837038044
2-2-4,none,mixture,0.2,2000,800167,0.0067832429995178245,kl_crossfit,none,0.028259427043946506
2-2-4,none,mixture,0.2,2000,800167,0.0067832429995178245,cf1_margin,none,0.009493367044854484
2-2-4,none,mixture,0.2,2000,800167,0.0067832429995178245,slack_plugin,none,0.018986734089708968
2-2-4,none,mixture,0.2,2000,800167,0.0067832429995178245,gm_battery,none,0.0
2-2-4,none,mixture,0.2,2000,800167,0.0067832429995178245,gtest,none,39.89644593461826
2-2-4,none,mixture,0.2,2000,800168,0.006693195995467249,kl_plugin,none,0.00025951467994388393
2-2-4,none,mixture,0.2,2000,800168,0.006693195995467249,kl_split,none,0.027837355928451768
2-2-4,none,mixture,0.2,2000,800168,0.006693195995467249,kl_crossfit,none,0.027687490260731612
2-2-4,none,mixture,0.2,2000,800168,0.006693195995467249,cf1_margin,none,0.015262945194242983
2-2-4,none,mixture,0.2,2000,800168,0.006693195995467249,slack_plugin,none,0.03052589038848582
2-2-4,none,mixture,0.2,2000,800168,0.006693195995467249,gm_battery,none,0.0
2-2-4,none,mixture,0.2,2000,800168,0.006693195995467249,gtest,none,30.534338655633093
2-2-4,none,mixture,0.2,2000,800169,0.006863688999146689,kl_plugin,none,0.00018134968741438315
2-2-4,none,mixture,0.2,2000,800169,0.006863688999146689,kl_split,none,0.025820068413969104
2-2-4,none,mixture,0.2,2000,800169,0.006863688999146689,kl_crossfit,none,0.027156302068374518
2-2-4,none,mixture,0.2,2000,800169,0.006863688999146689,cf1_margin,none,0.013434502299112805
2-2-4,none,mixture,0.2,2000,800169,0.006863688999146689,slack_plugin,none,0.026869004598225547
2-2-4,none,mixture,0.2,2000,800169,0.006863688999146689,gm_battery,none,0.0
2-2-4,none,mixture,0.2,2000,800169,0.006863688999146689,gtest,none,50.39337051183901
2-2-4,none,mixture,0.2,2000,800170,0.006610869997530244,kl_plugin,none,0.000989282866947605
2-2-4,none,mixture,0.2,2000,800170,0.006610869997530244,kl_split,none,0.027096465326149684
2-2-4,none,mixture,0.2,2000,800170,0.006610869997530244,kl_crossfit,none,0.027179426950468297
2-2-4,none,mixture,0.2,2000,800170,0.006610869997530244,cf1_margin,none,0.03141654474012401
2-2-4,none,mixture,0.2,2000,800170,0.006610869997530244,slack_plugin,none,0.06283308948024793
2-2-4,none,mixture,0.2,2000,800170,0.006610869997530244,gm_battery,none,0.0
2-2-4,none,mixture,0.2,2000,800170,0.006610869997530244,gtest,none,25.532364310672136
2-2-4,none,mixture,0.2,2000,800171,0.006766242004232481,kl_plugin,none,1.5192228634778671e-05
2-2-4,none,mixture,0.2,2000,800171,0.006766242004232481,kl_split,none,0.02664034283160608
2-2-4,none,mixture,0.2,2000,800171,0.006766242004232481,kl_crossfit,none,0.025337465685242488
2-2-4,none,mixture,0.2,2000,800171,0.006766242004232481,cf1_margin,none,0.0029456627741241137
2-2-4,none,mixture,0.2,2000,800171,0.006766242004232481,slack_plugin,none,0.00589132554824838
2-2-4,none,mixture,0.2,2000,800171,0.006766242004232481,gm_battery,none,0.0
2-2-4,none,mixture,0.2,2000,800171,0.006766242004232481,gtest,none,43.563474772501664
2-2-4,none,mixture,0.2,2000,800172,0.0064910159999271855,kl_plugin,none,0.0014531843195226372
2-2-4,none,mixture,0.2,2000,800172,0.0064910159999271855,kl_split,none,0.01986940398942781
2-2-4,none,mixture,0.2,2000,800172,0.0064910159999271855,kl_crossfit,none,0.020213680796855836
2-2-4,none,mixture,0.2,2000,800172,0.0064910159999271855,cf1_margin,none,0.03807523009203684
2-2-4,none,mixture,0.2,2000,800172,0.0064910159999271855,slack_plugin,none,0.07615046018407359
2-2-4,none,mixture,0.2,2000,800172,0.0064910159999271855,gm_battery,none,0.0
2-2-4,none,mixture,0.2,2000,800172,0.0064910159999271855,gtest,none,35.42666926208481
2-2-4,none,mixture,0.2,2000,800173,0.007013373004156165,kl_plugin,none,3.886060552385842e-08
2-2-4,none,mixture,0.2,2000,800173,0.007013373004156165,kl_split,none,0.026481818158864738
2-2-4,none,mixture,0.2,2000,800173,0.007013373004156165,kl_crossfit,none,0.026427561771170623
2-2-4,none,mixture,0.2,2000,800173,0.007013373004156165,cf1_margin,none,0.0
2-2-4,none,mixture,0.2,2000,800173,0.007013373004156165,slack_plugin,none,0.0
2-2-4,none,mixture,0.2,2000,800173,0.007013373004156165,gm_battery,none,0.0
2-2-4,none,mixture,0.2,2000,800173,0.007013373004156165,gtest,none,36.89517267321614
2-2-4,none,mixture,0.2,2000,800174,0.006874656995933037,kl_plugin,none,1.4103287738779537e-05
2-2-4,none,mixture,0.2,2000,800174,0.006874656995933037,kl_split,none,0.025441566638777738
2-2-4,none,mixture,0.2,2000,800174,0.006874656995933037,kl_crossfit,none,0.027981164569727844
2-2-4,none,mixture,0.2,2000,800174,0.006874656995933037,cf1_margin,none,0.001955001955001756
2-2-4,none,mixture,0.2,2000,800174,0.006874656995933037,slack_plugin,none,0.003910003910003991
2-2-4,none,mixture,0.2,2000,800174,0.006874656995933037,gm_battery,none,0.0
2-2-4,none,mixture,0.2,2000,800174,0.006874656995933037,gtest,none,76.60761840800622
2-2-4,none,mixture,0.2,2000,800175,0.007082049000018742,kl_plugin,none,9.662192061308823e-06
2-2-4,none,mixture,0.2,2000,800175,0.007082049000018742,kl_split,none,0.02656576785045258
2-2-4,none,mixture,0.2,2000,800175,0.007082049000018742,kl_crossfit,none,0.02633939120375206
2-2-4,none,mixture,0.2,2000,800175,0.007082049000018742,cf1_margin,none,0.0004550769079975092
2-2-4,none,mixture,0.2,2000,800175,0.007082049000018742,slack_plugin,none,0.0009101538159948658
2-2-4,none,mixture,0.2,2000,800175,0.007082049000018742,gm_battery,none,0.0
2-2-4,none,mixture,0.2,2000,800175,0.007082049000018742,gtest,none,49.403590198614864
2-2-4,none,mixture,0.2,2000,800176,0.006930437004484702,kl_plugin,none,8.531081397744383e-08
2-2-4,none,mixture,0.2,2000,800176,0.006930437004484702,kl_split,none,0.02411484561839217
2-2-4,none,mixture,0.2,2000,800176,0.006930437004484702,kl_crossfit,none,0.02633872596300394
2-2-4,none,mixture,0.2,2000,800176,0.006930437004484702,cf1_margin,none,0.0
2-2-4,none,mixture,0.2,2000,800176,0.006930437004484702,slack_plugin,none,0.0
2-2-4,none,mixture,0.2,2000,800176,0.006930437004484702,gm_battery,none,0.0
2-2-4,none,mixture,0.2,2000,800176,0.006930437004484702,gtest,none,31.56326056301875
2-2-4,none,mixture,0.2,2000,800177,0.006631053998717107,kl_plugin,none,5.703626125501513e-09
2-2-4,none,mixture,0.2,2000,800177,0.006631053998717107,kl_split,none,0.02147932558019769
2-2-4,none,mixture,0.2,2000,800177,0.006631053998717107,kl_crossfit,none,0.022159954072640653
2-2-4,none,mixture,0.2,2000,800177,0.006631053998717107,cf1_margin,none,0.0
2-2-4,none,mixture,0.2,2000,800177,0.006631053998717107,slack_plugin,none,0.0
2-2-4,none,mixture,0.2,2000,800177,0.006631053998717107,gm_battery,none,0.0
2-2-4,none,mixture,0.2,2000,800177,0.006631053998717107,gtest,none,41.48062661614945
2-2-4,none,mixture,0.2,2000,800178,0.007537669996963814,kl_plugin,none,0.0007405986859084519
2-2-4,none,mixture,0.2,2000,800178,0.007537669996963814,kl_split,none,0.02968139990133272
2-2-4,none,mixture,0.2,2000,800178,0.007537669996963814,kl_crossfit,none,0.02689385554498013
2-2-4,none,mixture,0.2,2000,800178,0.007537669996963814,cf1_margin,none,0.02569825921470148
2-2-4,none,mixture,0.2,2000,800178,0.007537669996963814,slack_plugin,none,0.05139651842940308
2-2-4,none,mixture,0.2,2000,800178,0.007537669996963814,gm_battery,none,0.0
2-2-4,none,mixture,0.2,2000,800178,0.007537669996963814,gtest,none,55.04370607342871
2-2-4,none,mixture,0.2,2000,800179,0.0067875450040446594,kl_plugin,none,7.78354886728401e-09
2-2-4,none,mixture,0.2,2000,800179,0.0067875450040446594,kl_split,none,0.018896615322202735
2-2-4,none,mixture,0.2,2000,800179,0.0067875450040446594,kl_crossfit,none,0.019198273354932547
2-2-4,none,mixture,0.2,2000,800179,0.0067875450040446594,cf1_margin,none,0.0
2-2-4,none,mixture,0.2,2000,800179,0.0067875450040446594,slack_plugin,none,0.0
2-2-4,none,mixture,0.2,2000,800179,0.0067875450040446594,gm_battery,none,0.0
2-2-4,none,mixture,0.2,2000,800179,0.0067875450040446594,gtest,none,47.41267723829995
2-2-4,none,mixture,0.2,2000,800180,0.006544418996782042,kl_plugin,none,4.665998065861725e-10
2-2-4,none,mixture,0.2,2000,800180,0.006544418996782042,kl_split,none,0.026611548296152178
2-2-4,none,mixture,0.2,2000,800180,0.006544418996782042,kl_crossfit,none,0.026071934285908368
2-2-4,none,mixture,0.2,2000,800180,0.006544418996782042,cf1_margin,none,0.0
2-2-4,none,mixture,0.2,2000,800180,0.006544418996782042,slack_plugin,none,0.0
2-2-4,none,mixture,0.2,2000,800180,0.006544418996782042,gm_battery,none,0.0
2-2-4,none,mixture,0.2,2000,800180,0.006544418996782042,gtest,none,23.20214973117966
2-2-4,none,mixture,0.2,2000,800181,0.006381703002261929,kl_plugin,none,4.13773468813377e-14
2-2-4,none,mixture,0.2,2000,800181,0.006381703002261929,kl_split,none,0.023640163832760415
2-2-4,none,mixture,0.2,2000,800181,0.006381703002261929,kl_crossfit,none,0.02354822871332895
2-2-4,none,mixture,0.2,2000,800181,0.006381703002261929,cf1_margin,none,0.0
2-2-4,none,mixture,0.2,2000,800181,0.006381703002261929,slack_plugin,none,0.0
2-2-4,none,mixture,0.2,2000,800181,0.006381703002261929,gm_battery,none,0.0
2-2-4,none,mixture,0.2,2000,800181,0.006381703002261929,gtest,none,35.50992756867167
2-2-4,none,mixture,0.2,2000,800182,0.006892534001963213,kl_plugin,none,0.00015024619724830247
2-2-4,none,mixture,0.2,2000,800182,0.006892534001963213,kl_split,none,0.027096704353770262
2-2-4,none,mixture,0.2,2000,800182,0.006892534001963213,kl_crossfit,none,0.026701313491077218
2-2-4,none,mixture,0.2,2000,800182,0.006892534001963213,cf1_margin,none,0.011649677553567606
2-2-4,none,mixture,0.2,2000,800182,0.006892534001963213,slack_plugin,none,0.02329935510713558
2-2-4,none,mixture,0.2,2000,800182,0.006892534001963213,gm_battery,none,0.0
2-2-4,none,mixture,0.2,2000,800182,0.006892534001963213,gtest,none,36.57231038197919
2-2-4,none,mixture,0.2,2000,800183,0.006739948999893386,kl_plugin,none,0.0001535832687522597
2-2-4,none,mixture,0.2,2000,800183,0.006739948999893386,kl_split,none,0.027353471585534448
2-2-4,none,mixture,0.2,2000,800183,0.006739948999893386,kl_crossfit,none,0.027132545559512854
2-2-4,none,mixture,0.2,2000,800183,0.006739948999893386,cf1_margin,none,0.011668186690987126
2-2-4,none,mixture,0.2,2000,800183,0.006739948999893386,slack_plugin,none,0.023336373381974092
2-2-4,none,mixture,0.2,2000,800183,0.006739948999893386,gm_battery,none,0.0
2-2-4,none,mixture,0.2,2000,800183,0.006739948999893386,gtest,none,24.363809386881883
2-2-4,none,mixture,0.2,2000,800184,0.006802302996220533,kl_plugin,none,0.0018020343978609882
2-2-4,none,mixture,0.2,2000,800184,0.006802302996220533,kl_split,none,0.021177916265954007
2-2-4,none,mixture,0.2,2000,800184,0.006802302996220533,kl_crossfit,none,0.025577086115618833
2-2-4,none,mixture,0.2,2000,800184,0.006802302996220533,cf1_margin,none,0.03917827762043058
2-2-4,none,mixture,0.2,2000,800184,0.006802302996220533,slack_plugin,none,0.07835655524086113
2-2-4,none,mixture,0.2,2000,800184,0.006802302996220533,gm_battery,none,0.0
2-2-4,none,mixture,0.2,2000,800184,0.006802302996220533,gtest,none,36.51453769109381
2-2-4,none,mixture,0.2,2000,800185,0.007317959003557917,kl_plugin,none,4.579154380982388e-05
2-2-4,none,mixture,0.2,2000,800185,0.007317959003557917,kl_split,none,0.022550381089024497
2-2-4,none,mixture,0.2,2000,800185,0.007317959003557917,kl_crossfit,none,0.023785211698225922
2-2-4,none,mixture,0.2,2000,800185,0.007317959003557917,cf1_margin,none,0.0061762223440043895
2-2-4,none,mixture,0.2,2000,800185,0.007317959003557917,slack_plugin,none,0.012352444688008793
2-2-4,none,mixture,0.2,2000,800185,0.007317959003557917,gm_battery,none,0.0
2-2-4,none,mixture,0.2,2000,800185,0.007317959003557917,gtest,none,33.55522774526962
2-2-4,none,mixture,0.2,2000,800186,0.006827163000707515,kl_plugin,none,2.2396958681840558e-06
2-2-4,none,mixture,0.2,2000,800186,0.006827163000707515,kl_split,none,0.028153584037297133
2-2-4,none,mixture,0.2,2000,800186,0.006827163000707515,kl_crossfit,none,0.027907220424757496
2-2-4,none,mixture,0.2,2000,800186,0.006827163000707515,cf1_margin,none,1.1102230246251565e-16
2-2-4,none,mixture,0.2,2000,800186,0.006827163000707515,slack_plugin,none,0.0
2-2-4,none,mixture,0.2,2000,800186,0.006827163000707515,gm_battery,none,0.0
2-2-4,none,mixture,0.2,2000,800186,0.006827163000707515,gtest,none,37.87870558458079
2-2-4,none,mixture,0.2,2000,800187,0.00688213999819709,kl_plugin,none,2.5909122994727425e-07
2-2-4,none,mixture,0.2,2000,800187,0.00688213999819709,kl_split,none,0.019497127795624007
2-2-4,none,mixture,0.2,2000,800187,0.00688213999819709,kl_crossfit,none,0.020408388055274965
2-2-4,none,mixture,0.2,2000,800187,0.00688213999819709,cf1_margin,none,0.0
2-2-4,none,mixture,0.2,2000,800187,0.00688213999819709,slack_plugin,none,0.0
2-2-4,none,mixture,0.2,2000,800187,0.00688213999819709,gm_battery,none,0.0
2-2-4,none,mixture,0.2,2000,800187,0.00688213999819709,gtest,none,25.051284832073165
2-2-4,none,mixture,0.2,2000,800188,0.0067618070024764165,kl_plugin,none,0.0015652656849022006
2-2-4,none,mixture,0.2,2000,800188,0.0067618070024764165,kl_split,none,0.022469178961636853
2-2-4,none,mixture,0.2,2000,800188,0.0067618070024764165,kl_crossfit,none,0.02602570775889395
2-2-4,none,mixture,0.2,2000,800188,0.0067618070024764165,cf1_margin,none,0.03750653829113304
2-2-4,none,mixture,0.2,2000,800188,0.0067618070024764165,slack_plugin,none,0.07501307658226643
2-2-4,none,mixture,0.2,2000,800188,0.0067618070024764165,gm_battery,none,0.0
2-2-4,none,mixture,0.2,2000,800188,0.0067618070024764165,gtest,none,29.396528509423533
2-2-4,none,mixture,0.2,2000,800189,0.006809020997025073,kl_plugin,none,0.0003356340220953373
2-2-4,none,mixture,0.2,2000,800189,0.006809020997025073,kl_split,none,0.02579643838178443
2-2-4,none,mixture,0.2,2000,800189,0.006809020997025073,kl_crossfit,none,0.027116759178314655
2-2-4,none,mixture,0.2,2000,800189,0.006809020997025073,cf1_margin,none,0.018031842316910796
2-2-4,none,mixture,0.2,2000,800189,0.006809020997025073,slack_plugin,none,0.03606368463382133
2-2-4,none,mixture,0.2,2000,800189,0.006809020997025073,gm_battery,none,0.0
2-2-4,none,mixture,0.2,2000,800189,0.006809020997025073,gtest,none,18.448312462729724
2-2-4,none,mixture,0.2,2000,800190,0.007107211000402458,kl_plugin,none,9.265456096692846e-05
2-2-4,none,mixture,0.2,2000,800190,0.007107211000402458,kl_split,none,0.026433575350066203
2-2-4,none,mixture,0.2,2000,800190,0.007107211000402458,kl_crossfit,none,0.027827374888223205
2-2-4,none,mixture,0.2,2000,800190,0.007107211000402458,cf1_margin,none,0.008996915000460182
2-2-4,none,mixture,0.2,2000,800190,0.007107211000402458,slack_plugin,none,0.01799383000092033
2-2-4,none,mixture,0.2,2000,800190,0.007107211000402458,gm_battery,none,0.0
2-2-4,none,mixture,0.2,2000,800190,0.007107211000402458,gtest,none,50.92475796177206
2-2-4,none,mixture,0.2,2000,800191,0.006702316997689195,kl_plugin,none,0.0002512199408566968
2-2-4,none,mixture,0.2,2000,800191,0.006702316997689195,kl_split,none,0.019254189569663155
2-2-4,none,mixture,0.2,2000,800191,0.006702316997689195,kl_crossfit,none,0.02056050261204353
2-2-4,none,mixture,0.2,2000,800191,0.006702316997689195,cf1_margin,none,0.015075859420011328
2-2-4,none,mixture,0.2,2000,800191,0.006702316997689195,slack_plugin,none,0.030151718840023038
2-2-4,none,mixture,0.2,2000,800191,0.006702316997689195,gm_battery,none,0.0
2-2-4,none,mixture,0.2,2000,800191,0.006702316997689195,gtest,none,27.821385319831293
2-2-4,none,mixture,0.2,2000,800192,0.007661410003493074,kl_plugin,none,1.1461744427236588e-08
2-2-4,none,mixture,0.2,2000,800192,0.007661410003493074,kl_split,none,0.02561249543056322
2-2-4,none,mixture,0.2,2000,800192,0.007661410003493074,kl_crossfit,none,0.024563292570576517
2-2-4,none,mixture,0.2,2000,800192,0.007661410003493074,cf1_margin,none,0.0
2-2-4,none,mixture,0.2,2000,800192,0.007661410003493074,slack_plugin,none,0.0
2-2-4,none,mixture,0.2,2000,800192,0.007661410003493074,gm_battery,none,0.0
2-2-4,none,mixture,0.2,2000,800192,0.007661410003493074,gtest,none,39.82753545196728
2-2-4,none,mixture,0.2,2000,800193,0.007166477997088805,kl_plugin,none,0.00014576187599746066
2-2-4,none,mixture,0.2,2000,800193,0.007166477997088805,kl_split,none,0.018481998599290346
2-2-4,none,mixture,0.2,2000,800193,0.007166477997088805,kl_crossfit,none,0.019840315339935233
2-2-4,none,mixture,0.2,2000,800193,0.007166477997088805,cf1_margin,none,0.012015815654777051
2-2-4,none,mixture,0.2,2000,800193,0.007166477997088805,slack_plugin,none,0.024031631309553818
2-2-4,none,mixture,0.2,2000,800193,0.007166477997088805,gm_battery,none,0.0
2-2-4,none,mixture,0.2,2000,800193,0.007166477997088805,gtest,none,36.341520776434095
2-2-4,none,mixture,0.2,2000,800194,0.00675551899621496,kl_plugin,none,0.0005101061830437362
2-2-4,none,mixture,0.2,2000,800194,0.00675551899621496,kl_split,none,0.027236440119674462
2-2-4,none,mixture,0.2,2000,800194,0.00675551899621496,kl_crossfit,none,0.028615200914639455
2-2-4,none,mixture,0.2,2000,800194,0.00675551899621496,cf1_margin,none,0.020721954579493884
2-2-4,none,mixture,0.2,2000,800194,0.00675551899621496,slack_plugin,none,0.04144390915898785
2-2-4,none,mixture,0.2,2000,800194,0.00675551899621496,gm_battery,none,0.0
2-2-4,none,mixture,0.2,2000,800194,0.00675551899621496,gtest,none,26.039678270325368
2-2-4,none,mixture,0.2,2000,800195,0.006532447994686663,kl_plugin,none,0.0014879554241994074
2-2-4,none,mixture,0.2,2000,800195,0.006532447994686663,kl_split,none,0.018646842880862175
2-2-4,none,mixture,0.2,2000,800195,0.006532447994686663,kl_crossfit,none,0.020893326445961695
2-2-4,none,mixture,0.2,2000,800195,0.006532447994686663,cf1_margin,none,0.036885229504982964
2-2-4,none,mixture,0.2,2000,800195,0.006532447994686663,slack_plugin,none,0.0737704590099659
2-2-4,none,mixture,0.2,2000,800195,0.006532447994686663,gm_battery,none,0.0
2-2-4,none,mixture,0.2,2000,800195,0.006532447994686663,gtest,none,55.596168733212025
2-2-4,none,mixture,0.2,2000,800196,0.006787295002141036,kl_plugin,none,0.0007933647114763461
2-2-4,none,mixture,0.2,2000,800196,0.006787295002141036,kl_split,none,0.022942398104943536
2-2-4,none,mixture,0.2,2000,800196,0.006787295002141036,kl_crossfit,none,0.024583713489519658
2-2-4,none,mixture,0.2,2000,800196,0.006787295002141036,cf1_margin,none,0.027992799279927816
2-2-4,none,mixture,0.2,2000,800196,0.006787295002141036,slack_plugin,none,0.05598559855985606
2-2-4,none,mixture,0.2,2000,800196,0.006787295002141036,gm_battery,none,0.0
2-2-4,none,mixture,0.2,2000,800196,0.006787295002141036,gtest,none,28.540820048600757
2-2-4,none,mixture,0.2,2000,800197,0.007215108998934738,kl_plugin,none,6.12063595228354e-07
2-2-4,none,mixture,0.2,2000,800197,0.007215108998934738,kl_split,none,0.021365997702074913
2-2-4,none,mixture,0.2,2000,800197,0.007215108998934738,kl_crossfit,none,0.02227151847588704
2-2-4,none,mixture,0.2,2000,800197,0.007215108998934738,cf1_margin,none,0.0
2-2-4,none,mixture,0.2,2000,800197,0.007215108998934738,slack_plugin,none,0.0
2-2-4,none,mixture,0.2,2000,800197,0.007215108998934738,gm_battery,none,0.0
2-2-4,none,mixture,0.2,2000,800197,0.007215108998934738,gtest,none,19.593011320738512
2-2-4,none,mixture,0.2,2000,800198,0.006738236996170599,kl_plugin,none,5.063918496869466e-10
2-2-4,none,mixture,0.2,2000,800198,0.006738236996170599,kl_split,none,0.027412004490381687
2-2-4,none,mixture,0.2,2000,800198,0.006738236996170599,kl_crossfit,none,0.026709761877842082
2-2-4,none,mixture,0.2,2000,800198,0.006738236996170599,cf1_margin,none,0.0
2-2-4,none,mixture,0.2,2000,800198,0.006738236996170599,slack_plugin,none,0.0
2-2-4,none,mixture,0.2,2000,800198,0.006738236996170599,gm_battery,none,0.0
2-2-4,none,mixture,0.2,2000,800198,0.006738236996170599,gtest,none,36.291552236815335
2-2-4,none,mixture,0.2,2000,800199,0.00930768100079149,kl_plugin,none,0.0019354240296513316
2-2-4,none,mixture,0.2,2000,800199,0.00930768100079149,kl_split,none,0.022981740843459407
2-2-4,none,mixture,0.2,2000,800199,0.00930768100079149,kl_crossfit,none,0.021869470646822396
2-2-4,none,mixture,0.2,2000,800199,0.00930768100079149,cf1_margin,none,0.0418481071666873
2-2-4,none,mixture,0.2,2000,800199,0.00930768100079149,slack_plugin,none,0.08369621433337449
2-2-4,none,mixture,0.2,2000,800199,0.00930768100079149,gm_battery,none,0.0
2-2-4,none,mixture,0.2,2000,800199,0.00930768100079149,gtest,none,35.38909444840436
