cell,tail,family,rho,n,seed,dt_stats_s,stat,engine,stat_obs
2-2-4,none,mixture,0.6,500,800000,0.021253512997645885,kl_plugin,none,0.2843274140262705
2-2-4,none,mixture,0.6,500,800000,0.021253512997645885,kl_split,none,0.3961091172303231
2-2-4,none,mixture,0.6,500,800000,0.021253512997645885,kl_crossfit,none,0.34624784549272314
2-2-4,none,mixture,0.6,500,800000,0.021253512997645885,cf1_margin,none,0.5022380516917746
2-2-4,none,mixture,0.6,500,800000,0.021253512997645885,slack_plugin,none,1.0044761033835492
2-2-4,none,mixture,0.6,500,800000,0.021253512997645885,gm_battery,none,0.0
2-2-4,none,mixture,0.6,500,800000,0.021253512997645885,gtest,none,28.187887939033207
2-2-4,none,mixture,0.6,500,800001,0.00740789900009986,kl_plugin,none,0.3827771129076812
2-2-4,none,mixture,0.6,500,800001,0.00740789900009986,kl_split,none,0.4923717841695218
2-2-4,none,mixture,0.6,500,800001,0.00740789900009986,kl_crossfit,none,0.4758987263028208
2-2-4,none,mixture,0.6,500,800001,0.00740789900009986,cf1_margin,none,0.5721153846153846
2-2-4,none,mixture,0.6,500,800001,0.00740789900009986,slack_plugin,none,1.1442307692307692
2-2-4,none,mixture,0.6,500,800001,0.00740789900009986,gm_battery,none,0.0
2-2-4,none,mixture,0.6,500,800001,0.00740789900009986,gtest,none,21.658034862487465
2-2-4,none,mixture,0.6,500,800002,0.004772494998178445,kl_plugin,none,0.3288076841649038
2-2-4,none,mixture,0.6,500,800002,0.004772494998178445,kl_split,none,0.4248003585523893
2-2-4,none,mixture,0.6,500,800002,0.004772494998178445,kl_crossfit,none,0.7859713844857701
2-2-4,none,mixture,0.6,500,800002,0.004772494998178445,cf1_margin,none,0.5315134484142915
2-2-4,none,mixture,0.6,500,800002,0.004772494998178445,slack_plugin,none,1.063026896828583
2-2-4,none,mixture,0.6,500,800002,0.004772494998178445,gm_battery,none,0.0
2-2-4,none,mixture,0.6,500,800002,0.004772494998178445,gtest,none,22.91918008382082
2-2-4,none,mixture,0.6,500,800003,0.004517061999649741,kl_plugin,none,0.2834846171151296
2-2-4,none,mixture,0.6,500,800003,0.004517061999649741,kl_split,none,0.38297701962789404
2-2-4,none,mixture,0.6,500,800003,0.004517061999649741,kl_crossfit,none,0.37890887840353205
2-2-4,none,mixture,0.6,500,800003,0.004517061999649741,cf1_margin,none,0.48226178278688525
2-2-4,none,mixture,0.6,500,800003,0.004517061999649741,slack_plugin,none,0.9645235655737705
2-2-4,none,mixture,0.6,500,800003,0.004517061999649741,gm_battery,none,0.0
2-2-4,none,mixture,0.6,500,800003,0.004517061999649741,gtest,none,36.31815637094993
2-2-4,none,mixture,0.6,500,800004,0.005220778999500908,kl_plugin,none,0.28061864291170363
2-2-4,none,mixture,0.6,500,800004,0.005220778999500908,kl_split,none,0.37055552998500313
2-2-4,none,mixture,0.6,500,800004,0.005220778999500908,kl_crossfit,none,0.3607282065843914
2-2-4,none,mixture,0.6,500,800004,0.005220778999500908,cf1_margin,none,0.4888575819672131
2-2-4,none,mixture,0.6,500,800004,0.005220778999500908,slack_plugin,none,0.9777151639344259
2-2-4,none,mixture,0.6,500,800004,0.005220778999500908,gm_battery,none,0.0
2-2-4,none,mixture,0.6,500,800004,0.005220778999500908,gtest,none,34.900144199454715
2-2-4,none,mixture,0.6,500,800005,0.0062285610038088635,kl_plugin,none,0.29546678405687143
2-2-4,none,mixture,0.6,500,800005,0.0062285610038088635,kl_split,none,0.432248217349966
2-2-4,none,mixture,0.6,500,800005,0.0062285610038088635,kl_crossfit,none,0.4027111855339253
2-2-4,none,mixture,0.6,500,800005,0.0062285610038088635,cf1_margin,none,0.5084103749357987
2-2-4,none,mixture,0.6,500,800005,0.0062285610038088635,slack_plugin,none,1.0168207498715975
2-2-4,none,mixture,0.6,500,800005,0.0062285610038088635,gm_battery,none,0.0
2-2-4,none,mixture,0.6,500,800005,0.0062285610038088635,gtest,none,35.272817217949665
2-2-4,none,mixture,0.6,500,800006,0.003950968995923176,kl_plugin,none,0.3010316435583259
2-2-4,none,mixture,0.6,500,800006,0.003950968995923176,kl_split,none,0.4306143983299643
2-2-4,none,mixture,0.6,500,800006,0.003950968995923176,kl_crossfit,none,0.421792332195665
2-2-4,none,mixture,0.6,500,800006,0.003950968995923176,cf1_margin,none,0.4919999999999999
2-2-4,none,mixture,0.6,500,800006,0.003950968995923176,slack_plugin,none,0.984
2-2-4,none,mixture,0.6,500,800006,0.003950968995923176,gm_battery,none,0.0
2-2-4,none,mixture,0.6,500,800006,0.003950968995923176,gtest,none,22.10688280310565
2-2-4,none,mixture,0.6,500,800007,0.004877073995885439,kl_plugin,none,0.2711521854670001
2-2-4,none,mixture,0.6,500,800007,0.004877073995885439,kl_split,none,0.42807806885056776
2-2-4,none,mixture,0.6,500,800007,0.004877073995885439,kl_crossfit,none,0.348833069299348
2-2-4,none,mixture,0.6,500,800007,0.004877073995885439,cf1_margin,none,0.4833677338837422
2-2-4,none,mixture,0.6,500,800007,0.004877073995885439,slack_plugin,none,0.9667354677674843
2-2-4,none,mixture,0.6,500,800007,0.004877073995885439,gm_battery,none,0.0
2-2-4,none,mixture,0.6,500,800007,0.004877073995885439,gtest,none,24.877792623055697
2-2-4,none,mixture,0.6,500,800008,0.004234007996274158,kl_plugin,none,0.38238785866201747
2-2-4,none,mixture,0.6,500,800008,0.004234007996274158,kl_split,none,0.7920856075632432
2-2-4,none,mixture,0.6,500,800008,0.004234007996274158,kl_crossfit,none,0.730413024335484
2-2-4,none,mixture,0.6,500,800008,0.004234007996274158,cf1_margin,none,0.5497111584068106
2-2-4,none,mixture,0.6,500,800008,0.004234007996274158,slack_plugin,none,1.0994223168136208
2-2-4,none,mixture,0.6,500,800008,0.004234007996274158,gm_battery,none,0.0
2-2-4,none,mixture,0.6,500,800008,0.004234007996274158,gtest,none,32.87963485542818
2-2-4,none,mixture,0.6,500,800009,0.005011374996684026,kl_plugin,none,0.1946947324399763
2-2-4,none,mixture,0.6,500,800009,0.005011374996684026,kl_split,none,0.3519696041620244
2-2-4,none,mixture,0.6,500,800009,0.005011374996684026,kl_crossfit,none,0.6467474871755735
2-2-4,none,mixture,0.6,500,800009,0.005011374996684026,cf1_margin,none,0.4084908226784658
2-2-4,none,mixture,0.6,500,800009,0.005011374996684026,slack_plugin,none,0.8169816453569314
2-2-4,none,mixture,0.6,500,800009,0.005011374996684026,gm_battery,none,0.0
2-2-4,none,mixture,0.6,500,800009,0.005011374996684026,gtest,none,36.75308346751348
2-2-4,none,mixture,0.6,500,800010,0.007043264995445497,kl_plugin,none,0.27236489420183724
2-2-4,none,mixture,0.6,500,800010,0.007043264995445497,kl_split,none,0.4384590184326287
2-2-4,none,mixture,0.6,500,800010,0.007043264995445497,kl_crossfit,none,0.531114281598287
2-2-4,none,mixture,0.6,500,800010,0.007043264995445497,cf1_margin,none,0.49193393508738237
2-2-4,none,mixture,0.6,500,800010,0.007043264995445497,slack_plugin,none,0.9838678701747647
2-2-4,none,mixture,0.6,500,800010,0.007043264995445497,gm_battery,none,0.0
2-2-4,none,mixture,0.6,500,800010,0.007043264995445497,gtest,none,60.799728906779606
2-2-4,none,mixture,0.6,500,800011,0.004811090002476703,kl_plugin,none,0.3216568676515039
2-2-4,none,mixture,0.6,500,800011,0.004811090002476703,kl_split,none,0.4727006777282282
2-2-4,none,mixture,0.6,500,800011,0.004811090002476703,kl_crossfit,none,0.9690180926915102
2-2-4,none,mixture,0.6,500,800011,0.004811090002476703,cf1_margin,none,0.5278004448071169
2-2-4,none,mixture,0.6,500,800011,0.004811090002476703,slack_plugin,none,1.055600889614234
2-2-4,none,mixture,0.6,500,800011,0.004811090002476703,gm_battery,none,0.0
2-2-4,none,mixture,0.6,500,800011,0.004811090002476703,gtest,none,20.522547629973094
2-2-4,none,mixture,0.6,500,800012,0.004642993000743445,kl_plugin,none,0.29552119902294727
2-2-4,none,mixture,0.6,500,800012,0.004642993000743445,kl_split,none,0.3989826732536386
2-2-4,none,mixture,0.6,500,800012,0.004642993000743445,kl_crossfit,none,0.3689228905321026
2-2-4,none,mixture,0.6,500,800012,0.004642993000743445,cf1_margin,none,0.5011531808571978
2-2-4,none,mixture,0.6,500,800012,0.004642993000743445,slack_plugin,none,1.0023063617143957
2-2-4,none,mixture,0.6,500,800012,0.004642993000743445,gm_battery,none,0.0
2-2-4,none,mixture,0.6,500,800012,0.004642993000743445,gtest,none,18.584986627313526
2-2-4,none,mixture,0.6,500,800013,0.005594994996499736,kl_plugin,none,0.4377277837020914
2-2-4,none,mixture,0.6,500,800013,0.005594994996499736,kl_split,none,0.9772060660415467
2-2-4,none,mixture,0.6,500,800013,0.005594994996499736,kl_crossfit,none,0.7549084461924798
2-2-4,none,mixture,0.6,500,800013,0.005594994996499736,cf1_margin,none,0.6067588325652843
2-2-4,none,mixture,0.6,500,800013,0.005594994996499736,slack_plugin,none,1.2135176651305686
2-2-4,none,mixture,0.6,500,800013,0.005594994996499736,gm_battery,none,0.0
2-2-4,none,mixture,0.6,500,800013,0.005594994996499736,gtest,none,13.711487201158306
2-2-4,none,mixture,0.6,500,800014,0.00489442799880635,kl_plugin,none,0.35983108487788806
2-2-4,none,mixture,0.6,500,800014,0.00489442799880635,kl_split,none,0.46362703399937955
2-2-4,none,mixture,0.6,500,800014,0.00489442799880635,kl_crossfit,none,0.4497173974375781
2-2-4,none,mixture,0.6,500,800014,0.00489442799880635,cf1_margin,none,0.5536457333077267
2-2-4,none,mixture,0.6,500,800014,0.00489442799880635,slack_plugin,none,1.1072914666154539
2-2-4,none,mixture,0.6,500,800014,0.00489442799880635,gm_battery,none,0.0
2-2-4,none,mixture,0.6,500,800014,0.00489442799880635,gtest,none,21.243608595849494
2-2-4,none,mixture,0.6,500,800015,0.004169017003732733,kl_plugin,none,0.3037463737909798
2-2-4,none,mixture,0.6,500,800015,0.004169017003732733,kl_split,none,0.44290092289837535
2-2-4,none,mixture,0.6,500,800015,0.004169017003732733,kl_crossfit,none,0.5944824747931283
2-2-4,none,mixture,0.6,500,800015,0.004169017003732733,cf1_margin,none,0.4979505232193663
2-2-4,none,mixture,0.6,500,800015,0.004169017003732733,slack_plugin,none,0.9959010464387329
2-2-4,none,mixture,0.6,500,800015,0.004169017003732733,gm_battery,none,0.0
2-2-4,none,mixture,0.6,500,800015,0.004169017003732733,gtest,none,14.740855813871242
2-2-4,none,mixture,0.6,500,800016,0.004338365004514344,kl_plugin,none,0.290043068896075
2-2-4,none,mixture,0.6,500,800016,0.004338365004514344,kl_split,none,0.48599153012865254
2-2-4,none,mixture,0.6,500,800016,0.004338365004514344,kl_crossfit,none,0.4074318965816759
2-2-4,none,mixture,0.6,500,800016,0.004338365004514344,cf1_margin,none,0.48
2-2-4,none,mixture,0.6,500,800016,0.004338365004514344,slack_plugin,none,0.9599999999999997
2-2-4,none,mixture,0.6,500,800016,0.004338365004514344,gm_battery,none,0.0
2-2-4,none,mixture,0.6,500,800016,0.004338365004514344,gtest,none,28.0462085095968
2-2-4,none,mixture,0.6,500,800017,0.00463981199573027,kl_plugin,none,0.2829058602272335
2-2-4,none,mixture,0.6,500,800017,0.00463981199573027,kl_split,none,0.45645893847408636
2-2-4,none,mixture,0.6,500,800017,0.00463981199573027,kl_crossfit,none,0.36674974801121507
2-2-4,none,mixture,0.6,500,800017,0.00463981199573027,cf1_margin,none,0.4957464874477322
2-2-4,none,mixture,0.6,500,800017,0.00463981199573027,slack_plugin,none,0.9914929748954646
2-2-4,none,mixture,0.6,500,800017,0.00463981199573027,gm_battery,none,0.0
2-2-4,none,mixture,0.6,500,800017,0.00463981199573027,gtest,none,26.681799483772828
2-2-4,none,mixture,0.6,500,800018,0.004644332002499141,kl_plugin,none,0.38956256192537286
2-2-4,none,mixture,0.6,500,800018,0.004644332002499141,kl_split,none,0.3741942366947787
2-2-4,none,mixture,0.6,500,800018,0.004644332002499141,kl_crossfit,none,0.4695680462812173
2-2-4,none,mixture,0.6,500,800018,0.004644332002499141,cf1_margin,none,0.5643313734600042
2-2-4,none,mixture,0.6,500,800018,0.004644332002499141,slack_plugin,none,1.1286627469200086
2-2-4,none,mixture,0.6,500,800018,0.004644332002499141,gm_battery,none,0.0
2-2-4,none,mixture,0.6,500,800018,0.004644332002499141,gtest,none,41.41914616373587
2-2-4,none,mixture,0.6,500,800019,0.004288103002181742,kl_plugin,none,0.32616704553405307
2-2-4,none,mixture,0.6,500,800019,0.004288103002181742,kl_split,none,0.4250484721788908
2-2-4,none,mixture,0.6,500,800019,0.004288103002181742,kl_crossfit,none,0.3912788091811584
2-2-4,none,mixture,0.6,500,800019,0.004288103002181742,cf1_margin,none,0.509814612868048
2-2-4,none,mixture,0.6,500,800019,0.004288103002181742,slack_plugin,none,1.0196292257360957
2-2-4,none,mixture,0.6,500,800019,0.004288103002181742,gm_battery,none,0.0
2-2-4,none,mixture,0.6,500,800019,0.004288103002181742,gtest,none,23.408850055728465
2-2-4,none,mixture,0.6,500,800020,0.004456723996554501,kl_plugin,none,0.2905232676415657
2-2-4,none,mixture,0.6,500,800020,0.004456723996554501,kl_split,none,0.2687300796221349
2-2-4,none,mixture,0.6,500,800020,0.004456723996554501,kl_crossfit,none,0.3300557232066253
2-2-4,none,mixture,0.6,500,800020,0.004456723996554501,cf1_margin,none,0.47719433347772366
2-2-4,none,mixture,0.6,500,800020,0.004456723996554501,slack_plugin,none,0.9543886669554476
2-2-4,none,mixture,0.6,500,800020,0.004456723996554501,gm_battery,none,0.0
2-2-4,none,mixture,0.6,500,800020,0.004456723996554501,gtest,none,26.44784978820909
2-2-4,none,mixture,0.6,500,800021,0.00895495800068602,kl_plugin,none,0.2629175084883793
2-2-4,none,mixture,0.6,500,800021,0.00895495800068602,kl_split,none,0.8449306314430143
2-2-4,none,mixture,0.6,500,800021,0.00895495800068602,kl_crossfit,none,0.6002174738856888
2-2-4,none,mixture,0.6,500,800021,0.00895495800068602,cf1_margin,none,0.47013673890608876
2-2-4,none,mixture,0.6,500,800021,0.00895495800068602,slack_plugin,none,0.9402734778121775
2-2-4,none,mixture,0.6,500,800021,0.00895495800068602,gm_battery,none,0.0
2-2-4,none,mixture,0.6,500,800021,0.00895495800068602,gtest,none,29.066982653564448
2-2-4,none,mixture,0.6,500,800022,0.004252876002283301,kl_plugin,none,0.2863365611662105
2-2-4,none,mixture,0.6,500,800022,0.004252876002283301,kl_split,none,0.4042647537303635
2-2-4,none,mixture,0.6,500,800022,0.004252876002283301,kl_crossfit,none,0.3923071152461929
2-2-4,none,mixture,0.6,500,800022,0.004252876002283301,cf1_margin,none,0.4827697262479872
2-2-4,none,mixture,0.6,500,800022,0.004252876002283301,slack_plugin,none,0.965539452495974
2-2-4,none,mixture,0.6,500,800022,0.004252876002283301,gm_battery,none,0.0
2-2-4,none,mixture,0.6,500,800022,0.004252876002283301,gtest,none,46.79204286879773
2-2-4,none,mixture,0.6,500,800023,0.005438079999294132,kl_plugin,none,0.2738549193462493
2-2-4,none,mixture,0.6,500,800023,0.005438079999294132,kl_split,none,1.642773471259233
2-2-4,none,mixture,0.6,500,800023,0.005438079999294132,kl_crossfit,none,1.7598167276325998
2-2-4,none,mixture,0.6,500,800023,0.005438079999294132,cf1_margin,none,0.4831187135626883
2-2-4,none,mixture,0.6,500,800023,0.005438079999294132,slack_plugin,none,0.9662374271253762
2-2-4,none,mixture,0.6,500,800023,0.005438079999294132,gm_battery,none,0.0
2-2-4,none,mixture,0.6,500,800023,0.005438079999294132,gtest,none,39.40079391959313
2-2-4,none,mixture,0.6,500,800024,0.006505387995275669,kl_plugin,none,0.257791112514174
2-2-4,none,mixture,0.6,500,800024,0.006505387995275669,kl_split,none,0.26518645205140357
2-2-4,none,mixture,0.6,500,800024,0.006505387995275669,kl_crossfit,none,0.6554627792148403
2-2-4,none,mixture,0.6,500,800024,0.006505387995275669,cf1_margin,none,0.47195955135282164
2-2-4,none,mixture,0.6,500,800024,0.006505387995275669,slack_plugin,none,0.9439191027056433
2-2-4,none,mixture,0.6,500,800024,0.006505387995275669,gm_battery,none,0.0
2-2-4,none,mixture,0.6,500,800024,0.006505387995275669,gtest,none,49.29629071666949
2-2-4,none,mixture,0.6,500,800025,0.004268987002433278,kl_plugin,none,0.24999694682759843
2-2-4,none,mixture,0.6,500,800025,0.004268987002433278,kl_split,none,0.4061801992837721
2-2-4,none,mixture,0.6,500,800025,0.004268987002433278,kl_crossfit,none,0.34445843463485204
2-2-4,none,mixture,0.6,500,800025,0.004268987002433278,cf1_margin,none,0.4525089605734768
2-2-4,none,mixture,0.6,500,800025,0.004268987002433278,slack_plugin,none,0.9050179211469536
2-2-4,none,mixture,0.6,500,800025,0.004268987002433278,gm_battery,none,0.0
2-2-4,none,mixture,0.6,500,800025,0.004268987002433278,gtest,none,23.610323413017987
2-2-4,none,mixture,0.6,500,800026,0.004644351000024471,kl_plugin,none,0.24678004460947311
2-2-4,none,mixture,0.6,500,800026,0.004644351000024471,kl_split,none,0.3691513263978151
2-2-4,none,mixture,0.6,500,800026,0.004644351000024471,kl_crossfit,none,0.36945793785712266
2-2-4,none,mixture,0.6,500,800026,0.004644351000024471,cf1_margin,none,0.45458949680253224
2-2-4,none,mixture,0.6,500,800026,0.004644351000024471,slack_plugin,none,0.9091789936050643
2-2-4,none,mixture,0.6,500,800026,0.004644351000024471,gm_battery,none,0.0
2-2-4,none,mixture,0.6,500,800026,0.004644351000024471,gtest,none,25.52967977165703
2-2-4,none,mixture,0.6,500,800027,0.004530772006546613,kl_plugin,none,0.299164800530598
2-2-4,none,mixture,0.6,500,800027,0.004530772006546613,kl_split,none,0.41741756296628996
2-2-4,none,mixture,0.6,500,800027,0.004530772006546613,kl_crossfit,none,0.36399334417499474
2-2-4,none,mixture,0.6,500,800027,0.004530772006546613,cf1_margin,none,0.5001614882759511
2-2-4,none,mixture,0.6,500,800027,0.004530772006546613,slack_plugin,none,1.0003229765519024
2-2-4,none,mixture,0.6,500,800027,0.004530772006546613,gm_battery,none,0.0
2-2-4,none,mixture,0.6,500,800027,0.004530772006546613,gtest,none,40.62962435278408
2-2-4,none,mixture,0.6,500,800028,0.004774303000885993,kl_plugin,none,0.3620303497736241
2-2-4,none,mixture,0.6,500,800028,0.004774303000885993,kl_split,none,0.4391701741908234
2-2-4,none,mixture,0.6,500,800028,0.004774303000885993,kl_crossfit,none,0.44394791844034365
2-2-4,none,mixture,0.6,500,800028,0.004774303000885993,cf1_margin,none,0.5440576230492198
2-2-4,none,mixture,0.6,500,800028,0.004774303000885993,slack_plugin,none,1.0881152460984393
2-2-4,none,mixture,0.6,500,800028,0.004774303000885993,gm_battery,none,0.0
2-2-4,none,mixture,0.6,500,800028,0.004774303000885993,gtest,none,34.52771828902636
2-2-4,none,mixture,0.6,500,800029,0.005645135999657214,kl_plugin,none,0.3792376969456589
2-2-4,none,mixture,0.6,500,800029,0.005645135999657214,kl_split,none,0.45131632204301225
2-2-4,none,mixture,0.6,500,800029,0.005645135999657214,kl_crossfit,none,0.7521594608040404
2-2-4,none,mixture,0.6,500,800029,0.005645135999657214,cf1_margin,none,0.5699567211420451
2-2-4,none,mixture,0.6,500,800029,0.005645135999657214,slack_plugin,none,1.1399134422840898
2-2-4,none,mixture,0.6,500,800029,0.005645135999657214,gm_battery,none,0.0
2-2-4,none,mixture,0.6,500,800029,0.005645135999657214,gtest,none,38.6097018893541
2-2-4,none,mixture,0.6,500,800030,0.005019146999984514,kl_plugin,none,0.2680905301875161
2-2-4,none,mixture,0.6,500,800030,0.005019146999984514,kl_split,none,0.35313568507396875
2-2-4,none,mixture,0.6,500,800030,0.005019146999984514,kl_crossfit,none,0.36087055246018457
2-2-4,none,mixture,0.6,500,800030,0.005019146999984514,cf1_margin,none,0.47213662044170523
2-2-4,none,mixture,0.6,500,800030,0.005019146999984514,slack_plugin,none,0.9442732408834104
2-2-4,none,mixture,0.6,500,800030,0.005019146999984514,gm_battery,none,0.0
2-2-4,none,mixture,0.6,500,800030,0.005019146999984514,gtest,none,24.547186771762192
2-2-4,none,mixture,0.6,500,800031,0.008293323997349944,kl_plugin,none,0.44242933979648136
2-2-4,none,mixture,0.6,500,800031,0.008293323997349944,kl_split,none,0.6587705214191232
2-2-4,none,mixture,0.6,500,800031,0.008293323997349944,kl_crossfit,none,0.580810976412006
2-2-4,none,mixture,0.6,500,800031,0.008293323997349944,cf1_margin,none,0.5921483097055616
2-2-4,none,mixture,0.6,500,800031,0.008293323997349944,slack_plugin,none,1.184296619411123
2-2-4,none,mixture,0.6,500,800031,0.008293323997349944,gm_battery,none,0.0
2-2-4,none,mixture,0.6,500,800031,0.008293323997349944,gtest,none,20.95456866803668
2-2-4,none,mixture,0.6,500,800032,0.004865754002821632,kl_plugin,none,0.3534001652426898
2-2-4,none,mixture,0.6,500,800032,0.004865754002821632,kl_split,none,0.5097312558894487
2-2-4,none,mixture,0.6,500,800032,0.004865754002821632,kl_crossfit,none,0.6681664526105069
2-2-4,none,mixture,0.6,500,800032,0.004865754002821632,cf1_margin,none,0.5525102459016393
2-2-4,none,mixture,0.6,500,800032,0.004865754002821632,slack_plugin,none,1.1050204918032787
2-2-4,none,mixture,0.6,500,800032,0.004865754002821632,gm_battery,none,0.0
2-2-4,none,mixture,0.6,500,800032,0.004865754002821632,gtest,none,28.98523959027205
2-2-4,none,mixture,0.6,500,800033,0.005845182000484783,kl_plugin,none,0.4070244093398352
2-2-4,none,mixture,0.6,500,800033,0.005845182000484783,kl_split,none,0.9555242606025498
2-2-4,none,mixture,0.6,500,800033,0.005845182000484783,kl_crossfit,none,0.7405063343319934
2-2-4,none,mixture,0.6,500,800033,0.005845182000484783,cf1_margin,none,0.57682668208984
2-2-4,none,mixture,0.6,500,800033,0.005845182000484783,slack_plugin,none,1.15365336417968
2-2-4,none,mixture,0.6,500,800033,0.005845182000484783,gm_battery,none,0.0
2-2-4,none,mixture,0.6,500,800033,0.005845182000484783,gtest,none,21.5184247987608
2-2-4,none,mixture,0.6,500,800034,0.00821171399729792,kl_plugin,none,0.3299475569258483
2-2-4,none,mixture,0.6,500,800034,0.00821171399729792,kl_split,none,1.1197767518499266
2-2-4,none,mixture,0.6,500,800034,0.00821171399729792,kl_crossfit,none,1.020250314022887
2-2-4,none,mixture,0.6,500,800034,0.00821171399729792,cf1_margin,none,0.5331541218637993
2-2-4,none,mixture,0.6,500,800034,0.00821171399729792,slack_plugin,none,1.0663082437275988
2-2-4,none,mixture,0.6,500,800034,0.00821171399729792,gm_battery,none,0.0
2-2-4,none,mixture,0.6,500,800034,0.00821171399729792,gtest,none,28.847462112504928
2-2-4,none,mixture,0.6,500,800035,0.004613644996425137,kl_plugin,none,0.27545348323370217
2-2-4,none,mixture,0.6,500,800035,0.004613644996425137,kl_split,none,0.49291491328013715
2-2-4,none,mixture,0.6,500,800035,0.004613644996425137,kl_crossfit,none,0.46082739755747304
2-2-4,none,mixture,0.6,500,800035,0.004613644996425137,cf1_margin,none,0.4727721186494971
2-2-4,none,mixture,0.6,500,800035,0.004613644996425137,slack_plugin,none,0.945544237298994
2-2-4,none,mixture,0.6,500,800035,0.004613644996425137,gm_battery,none,0.0
2-2-4,none,mixture,0.6,500,800035,0.004613644996425137,gtest,none,15.428052256137919
2-2-4,none,mixture,0.6,500,800036,0.004950966998876538,kl_plugin,none,0.2738487591364651
2-2-4,none,mixture,0.6,500,800036,0.004950966998876538,kl_split,none,1.7434278723627035
2-2-4,none,mixture,0.6,500,800036,0.004950966998876538,kl_crossfit,none,1.0329402727574344
2-2-4,none,mixture,0.6,500,800036,0.004950966998876538,cf1_margin,none,0.4907479296066253
2-2-4,none,mixture,0.6,500,800036,0.004950966998876538,slack_plugin,none,0.9814958592132504
2-2-4,none,mixture,0.6,500,800036,0.004950966998876538,gm_battery,none,0.0
2-2-4,none,mixture,0.6,500,800036,0.004950966998876538,gtest,none,46.22778294086059
2-2-4,none,mixture,0.6,500,800037,0.005344447999959812,kl_plugin,none,0.26843538745801476
2-2-4,none,mixture,0.6,500,800037,0.005344447999959812,kl_split,none,0.4146898888314999
2-2-4,none,mixture,0.6,500,800037,0.005344447999959812,kl_crossfit,none,0.6922159885956051
2-2-4,none,mixture,0.6,500,800037,0.005344447999959812,cf1_margin,none,0.4812467997951869
2-2-4,none,mixture,0.6,500,800037,0.005344447999959812,slack_plugin,none,0.9624935995903738
2-2-4,none,mixture,0.6,500,800037,0.005344447999959812,gm_battery,none,0.0
2-2-4,none,mixture,0.6,500,800037,0.005344447999959812,gtest,none,49.99078208506271
2-2-4,none,mixture,0.6,500,800038,0.0051066680025542155,kl_plugin,none,0.23365200182067308
2-2-4,none,mixture,0.6,500,800038,0.0051066680025542155,kl_split,none,0.34620207283989485
2-2-4,none,mixture,0.6,500,800038,0.0051066680025542155,kl_crossfit,none,0.3371862702397588
2-2-4,none,mixture,0.6,500,800038,0.0051066680025542155,cf1_margin,none,0.4477306190384738
2-2-4,none,mixture,0.6,500,800038,0.0051066680025542155,slack_plugin,none,0.8954612380769478
2-2-4,none,mixture,0.6,500,800038,0.0051066680025542155,gm_battery,none,0.0
2-2-4,none,mixture,0.6,500,800038,0.0051066680025542155,gtest,none,28.5577866571019
2-2-4,none,mixture,0.6,500,800039,0.006324622001557145,kl_plugin,none,0.239482787700945
2-2-4,none,mixture,0.6,500,800039,0.006324622001557145,kl_split,none,0.38303669066788176
2-2-4,none,mixture,0.6,500,800039,0.006324622001557145,kl_crossfit,none,0.5589207254555039
2-2-4,none,mixture,0.6,500,800039,0.006324622001557145,cf1_margin,none,0.4599926342252326
2-2-4,none,mixture,0.6,500,800039,0.006324622001557145,slack_plugin,none,0.919985268450465
2-2-4,none,mixture,0.6,500,800039,0.006324622001557145,gm_battery,none,0.0
2-2-4,none,mixture,0.6,500,800039,0.006324622001557145,gtest,none,20.41194908325812
2-2-4,none,mixture,0.6,500,800040,0.004422951002197806,kl_plugin,none,0.3317288389715046
2-2-4,none,mixture,0.6,500,800040,0.004422951002197806,kl_split,none,0.42070376152181377
2-2-4,none,mixture,0.6,500,800040,0.004422951002197806,kl_crossfit,none,0.42121705045639346
2-2-4,none,mixture,0.6,500,800040,0.004422951002197806,cf1_margin,none,0.5291666666666668
2-2-4,none,mixture,0.6,500,800040,0.004422951002197806,slack_plugin,none,1.0583333333333336
2-2-4,none,mixture,0.6,500,800040,0.004422951002197806,gm_battery,none,0.0
2-2-4,none,mixture,0.6,500,800040,0.004422951002197806,gtest,none,42.27729526015081
2-2-4,none,mixture,0.6,500,800041,0.004877585997746792,kl_plugin,none,0.38407950362097565
2-2-4,none,mixture,0.6,500,800041,0.004877585997746792,kl_split,none,0.4513335569122854
2-2-4,none,mixture,0.6,500,800041,0.004877585997746792,kl_crossfit,none,0.47978689897362753
2-2-4,none,mixture,0.6,500,800041,0.004877585997746792,cf1_margin,none,0.5674577139108032
2-2-4,none,mixture,0.6,500,800041,0.004877585997746792,slack_plugin,none,1.1349154278216063
2-2-4,none,mixture,0.6,500,800041,0.004877585997746792,gm_battery,none,0.0
2-2-4,none,mixture,0.6,500,800041,0.004877585997746792,gtest,none,24.486546748140444
2-2-4,none,mixture,0.6,500,800042,0.004773008004121948,kl_plugin,none,0.2699273355448
2-2-4,none,mixture,0.6,500,800042,0.004773008004121948,kl_split,none,0.40982592345911983
2-2-4,none,mixture,0.6,500,800042,0.004773008004121948,kl_crossfit,none,0.3554510742673963
2-2-4,none,mixture,0.6,500,800042,0.004773008004121948,cf1_margin,none,0.4725422427035332
2-2-4,none,mixture,0.6,500,800042,0.004773008004121948,slack_plugin,none,0.9450844854070664
2-2-4,none,mixture,0.6,500,800042,0.004773008004121948,gm_battery,none,0.0
2-2-4,none,mixture,0.6,500,800042,0.004773008004121948,gtest,none,24.969809888478466
2-2-4,none,mixture,0.6,500,800043,0.004897416001767851,kl_plugin,none,0.29783764053506057
2-2-4,none,mixture,0.6,500,800043,0.004897416001767851,kl_split,none,1.1037325135948062
2-2-4,none,mixture,0.6,500,800043,0.004897416001767851,kl_crossfit,none,0.7368026406226359
2-2-4,none,mixture,0.6,500,800043,0.004897416001767851,cf1_margin,none,0.5042424242424244
2-2-4,none,mixture,0.6,500,800043,0.004897416001767851,slack_plugin,none,1.0084848484848483
2-2-4,none,mixture,0.6,500,800043,0.004897416001767851,gm_battery,none,0.0
2-2-4,none,mixture,0.6,500,800043,0.004897416001767851,gtest,none,32.54349944343592
2-2-4,none,mixture,0.6,500,800044,0.0048086120004882105,kl_plugin,none,0.2902713154156248
2-2-4,none,mixture,0.6,500,800044,0.0048086120004882105,kl_split,none,0.4100113301189071
2-2-4,none,mixture,0.6,500,800044,0.0048086120004882105,kl_crossfit,none,0.3908926512873111
2-2-4,none,mixture,0.6,500,800044,0.0048086120004882105,cf1_margin,none,0.497023237948915
2-2-4,none,mixture,0.6,500,800044,0.0048086120004882105,slack_plugin,none,0.99404647589783
2-2-4,none,mixture,0.6,500,800044,0.0048086120004882105,gm_battery,none,0.0
2-2-4,none,mixture,0.6,500,800044,0.0048086120004882105,gtest,none,18.015712054032356
2-2-4,none,mixture,0.6,500,800045,0.005047085003752727,kl_plugin,none,0.33093333049112783
2-2-4,none,mixture,0.6,500,800045,0.005047085003752727,kl_split,none,0.383926053529926
2-2-4,none,mixture,0.6,500,800045,0.005047085003752727,kl_crossfit,none,0.3956703568790555
2-2-4,none,mixture,0.6,500,800045,0.005047085003752727,cf1_margin,none,0.5191961992809451
2-2-4,none,mixture,0.6,500,800045,0.005047085003752727,slack_plugin,none,1.0383923985618901
2-2-4,none,mixture,0.6,500,800045,0.005047085003752727,gm_battery,none,0.0
2-2-4,none,mixture,0.6,500,800045,0.005047085003752727,gtest,none,27.749466507025968
2-2-4,none,mixture,0.6,500,800046,0.00644428299710853,kl_plugin,none,0.36147743971786706
2-2-4,none,mixture,0.6,500,800046,0.00644428299710853,kl_split,none,0.6202180473948539
2-2-4,none,mixture,0.6,500,800046,0.00644428299710853,kl_crossfit,none,0.5221044012191287
2-2-4,none,mixture,0.6,500,800046,0.00644428299710853,cf1_margin,none,0.5479999999999999
2-2-4,none,mixture,0.6,500,800046,0.00644428299710853,slack_plugin,none,1.0959999999999994
2-2-4,none,mixture,0.6,500,800046,0.00644428299710853,gm_battery,none,0.0
2-2-4,none,mixture,0.6,500,800046,0.00644428299710853,gtest,none,12.314377179734251
2-2-4,none,mixture,0.6,500,800047,0.010583367002254818,kl_plugin,none,0.27416486595398826
2-2-4,none,mixture,0.6,500,800047,0.010583367002254818,kl_split,none,0.43589235192015807
2-2-4,none,mixture,0.6,500,800047,0.010583367002254818,kl_crossfit,none,0.3800684231424967
2-2-4,none,mixture,0.6,500,800047,0.010583367002254818,cf1_margin,none,0.48081235184829263
2-2-4,none,mixture,0.6,500,800047,0.010583367002254818,slack_plugin,none,0.961624703696585
2-2-4,none,mixture,0.6,500,800047,0.010583367002254818,gm_battery,none,0.0
2-2-4,none,mixture,0.6,500,800047,0.010583367002254818,gtest,none,37.99550731693203
2-2-4,none,mixture,0.6,500,800048,0.004599410000082571,kl_plugin,none,0.406956030628313
2-2-4,none,mixture,0.6,500,800048,0.004599410000082571,kl_split,none,0.513959924590029
2-2-4,none,mixture,0.6,500,800048,0.004599410000082571,kl_crossfit,none,0.4782689974440989
2-2-4,none,mixture,0.6,500,800048,0.004599410000082571,cf1_margin,none,0.5681992827868853
2-2-4,none,mixture,0.6,500,800048,0.004599410000082571,slack_plugin,none,1.1363985655737705
2-2-4,none,mixture,0.6,500,800048,0.004599410000082571,gm_battery,none,0.0
2-2-4,none,mixture,0.6,500,800048,0.004599410000082571,gtest,none,17.234408861755508
2-2-4,none,mixture,0.6,500,800049,0.005014030000893399,kl_plugin,none,0.34803798505455796
2-2-4,none,mixture,0.6,500,800049,0.005014030000893399,kl_split,none,0.36945850035986416
2-2-4,none,mixture,0.6,500,800049,0.005014030000893399,kl_crossfit,none,0.43504414251614754
2-2-4,none,mixture,0.6,500,800049,0.005014030000893399,cf1_margin,none,0.5332533013205282
2-2-4,none,mixture,0.6,500,800049,0.005014030000893399,slack_plugin,none,1.0665066026410563
2-2-4,none,mixture,0.6,500,800049,0.005014030000893399,gm_battery,none,0.0
2-2-4,none,mixture,0.6,500,800049,0.005014030000893399,gtest,none,18.013954575265174
2-2-4,none,mixture,0.6,500,800050,0.00506599000073038,kl_plugin,none,0.2881151183916524
2-2-4,none,mixture,0.6,500,800050,0.00506599000073038,kl_split,none,0.42579798402754404
2-2-4,none,mixture,0.6,500,800050,0.00506599000073038,kl_crossfit,none,0.41453908330189426
2-2-4,none,mixture,0.6,500,800050,0.00506599000073038,cf1_margin,none,0.4708331331764102
2-2-4,none,mixture,0.6,500,800050,0.00506599000073038,slack_plugin,none,0.9416662663528208
2-2-4,none,mixture,0.6,500,800050,0.00506599000073038,gm_battery,none,0.0
2-2-4,none,mixture,0.6,500,800050,0.00506599000073038,gtest,none,28.76744159299254
2-2-4,none,mixture,0.6,500,800051,0.008051281001826283,kl_plugin,none,0.31564296146029036
2-2-4,none,mixture,0.6,500,800051,0.008051281001826283,kl_split,none,1.227767715414637
2-2-4,none,mixture,0.6,500,800051,0.008051281001826283,kl_crossfit,none,0.8006839120262187
2-2-4,none,mixture,0.6,500,800051,0.008051281001826283,cf1_margin,none,0.5078099993598361
2-2-4,none,mixture,0.6,500,800051,0.008051281001826283,slack_plugin,none,1.0156199987196723
2-2-4,none,mixture,0.6,500,800051,0.008051281001826283,gm_battery,none,0.0
2-2-4,none,mixture,0.6,500,800051,0.008051281001826283,gtest,none,32.33342956156103
2-2-4,none,mixture,0.6,500,800052,0.005770127994765062,kl_plugin,none,0.367937311057635
2-2-4,none,mixture,0.6,500,800052,0.005770127994765062,kl_split,none,0.5223250633900073
2-2-4,none,mixture,0.6,500,800052,0.005770127994765062,kl_crossfit,none,0.6367475400169373
2-2-4,none,mixture,0.6,500,800052,0.005770127994765062,cf1_margin,none,0.581499775482712
2-2-4,none,mixture,0.6,500,800052,0.005770127994765062,slack_plugin,none,1.1629995509654243
2-2-4,none,mixture,0.6,500,800052,0.005770127994765062,gm_battery,none,0.0
2-2-4,none,mixture,0.6,500,800052,0.005770127994765062,gtest,none,56.30066384308345
2-2-4,none,mixture,0.6,500,800053,0.004356024997832719,kl_plugin,none,0.35328277297198096
2-2-4,none,mixture,0.6,500,800053,0.004356024997832719,kl_split,none,0.5075159424870898
2-2-4,none,mixture,0.6,500,800053,0.004356024997832719,kl_crossfit,none,0.44973942400983896
2-2-4,none,mixture,0.6,500,800053,0.004356024997832719,cf1_margin,none,0.5308499743983617
2-2-4,none,mixture,0.6,500,800053,0.004356024997832719,slack_plugin,none,1.0616999487967234
2-2-4,none,mixture,0.6,500,800053,0.004356024997832719,gm_battery,none,0.0
2-2-4,none,mixture,0.6,500,800053,0.004356024997832719,gtest,none,32.70118706055463
2-2-4,none,mixture,0.6,500,800054,0.004668614004913252,kl_plugin,none,0.29488984918960603
2-2-4,none,mixture,0.6,500,800054,0.004668614004913252,kl_split,none,0.390873384349304
2-2-4,none,mixture,0.6,500,800054,0.004668614004913252,kl_crossfit,none,0.39656962940023754
2-2-4,none,mixture,0.6,500,800054,0.004668614004913252,cf1_margin,none,0.49538392614281834
2-2-4,none,mixture,0.6,500,800054,0.004668614004913252,slack_plugin,none,0.9907678522856366
2-2-4,none,mixture,0.6,500,800054,0.004668614004913252,gm_battery,none,0.0
2-2-4,none,mixture,0.6,500,800054,0.004668614004913252,gtest,none,38.492694170872824
2-2-4,none,mixture,0.6,500,800055,0.005505392997292802,kl_plugin,none,0.3378153230434496
2-2-4,none,mixture,0.6,500,800055,0.005505392997292802,kl_split,none,0.45060568837823345
2-2-4,none,mixture,0.6,500,800055,0.005505392997292802,kl_crossfit,none,0.39130555864456434
2-2-4,none,mixture,0.6,500,800055,0.005505392997292802,cf1_margin,none,0.5365000962216948
2-2-4,none,mixture,0.6,500,800055,0.005505392997292802,slack_plugin,none,1.0730001924433896
2-2-4,none,mixture,0.6,500,800055,0.005505392997292802,gm_battery,none,0.0
2-2-4,none,mixture,0.6,500,800055,0.005505392997292802,gtest,none,18.74833446551281
2-2-4,none,mixture,0.6,500,800056,0.005020802993385587,kl_plugin,none,0.38899543940169456
2-2-4,none,mixture,0.6,500,800056,0.005020802993385587,kl_split,none,0.9039416564638827
2-2-4,none,mixture,0.6,500,800056,0.005020802993385587,kl_crossfit,none,0.7267816699200451
2-2-4,none,mixture,0.6,500,800056,0.005020802993385587,cf1_margin,none,0.56173600986879
2-2-4,none,mixture,0.6,500,800056,0.005020802993385587,slack_plugin,none,1.1234720197375798
2-2-4,none,mixture,0.6,500,800056,0.005020802993385587,gm_battery,none,0.0
2-2-4,none,mixture,0.6,500,800056,0.005020802993385587,gtest,none,30.9955540617732
2-2-4,none,mixture,0.6,500,800057,0.004586163006024435,kl_plugin,none,0.33823124873080157
2-2-4,none,mixture,0.6,500,800057,0.004586163006024435,kl_split,none,0.41127304161058276
2-2-4,none,mixture,0.6,500,800057,0.004586163006024435,kl_crossfit,none,0.4189343739346894
2-2-4,none,mixture,0.6,500,800057,0.004586163006024435,cf1_margin,none,0.5271109404007425
2-2-4,none,mixture,0.6,500,800057,0.004586163006024435,slack_plugin,none,1.0542218808014854
2-2-4,none,mixture,0.6,500,800057,0.004586163006024435,gm_battery,none,0.0
2-2-4,none,mixture,0.6,500,800057,0.004586163006024435,gtest,none,25.20882059630896
2-2-4,none,mixture,0.6,500,800058,0.010652662000211421,kl_plugin,none,0.3012861330052943
2-2-4,none,mixture,0.6,500,800058,0.010652662000211421,kl_split,none,0.4535848780812028
2-2-4,none,mixture,0.6,500,800058,0.010652662000211421,kl_crossfit,none,0.3987943871382242
2-2-4,none,mixture,0.6,500,800058,0.010652662000211421,cf1_margin,none,0.5102814805331968
2-2-4,none,mixture,0.6,500,800058,0.010652662000211421,slack_plugin,none,1.0205629610663935
2-2-4,none,mixture,0.6,500,800058,0.010652662000211421,gm_battery,none,0.0
2-2-4,none,mixture,0.6,500,800058,0.010652662000211421,gtest,none,43.77076856566159
2-2-4,none,mixture,0.6,500,800059,0.006370230003085453,kl_plugin,none,0.3084473407891173
2-2-4,none,mixture,0.6,500,800059,0.006370230003085453,kl_split,none,0.44950875287267855
2-2-4,none,mixture,0.6,500,800059,0.006370230003085453,kl_crossfit,none,0.42733753565142146
2-2-4,none,mixture,0.6,500,800059,0.006370230003085453,cf1_margin,none,0.5299879566439181
2-2-4,none,mixture,0.6,500,800059,0.006370230003085453,slack_plugin,none,1.0599759132878361
2-2-4,none,mixture,0.6,500,800059,0.006370230003085453,gm_battery,none,0.0
2-2-4,none,mixture,0.6,500,800059,0.006370230003085453,gtest,none,23.994079269749903
2-2-4,none,mixture,0.6,500,800060,0.008389007001824211,kl_plugin,none,0.3462114479563422
2-2-4,none,mixture,0.6,500,800060,0.008389007001824211,kl_split,none,1.3545208407054437
2-2-4,none,mixture,0.6,500,800060,0.008389007001824211,kl_crossfit,none,1.6574187730950296
2-2-4,none,mixture,0.6,500,800060,0.008389007001824211,cf1_margin,none,0.5213883196721311
2-2-4,none,mixture,0.6,500,800060,0.008389007001824211,slack_plugin,none,1.0427766393442623
2-2-4,none,mixture,0.6,500,800060,0.008389007001824211,gm_battery,none,0.0
2-2-4,none,mixture,0.6,500,800060,0.008389007001824211,gtest,none,19.40330312549616
2-2-4,none,mixture,0.6,500,800061,0.004887417002464645,kl_plugin,none,0.24854295992555192
2-2-4,none,mixture,0.6,500,800061,0.004887417002464645,kl_split,none,0.35840387484782793
2-2-4,none,mixture,0.6,500,800061,0.004887417002464645,kl_crossfit,none,0.32870883836720355
2-2-4,none,mixture,0.6,500,800061,0.004887417002464645,cf1_margin,none,0.4623409340481881
2-2-4,none,mixture,0.6,500,800061,0.004887417002464645,slack_plugin,none,0.924681868096376
2-2-4,none,mixture,0.6,500,800061,0.004887417002464645,gm_battery,none,0.0
2-2-4,none,mixture,0.6,500,800061,0.004887417002464645,gtest,none,32.58585889443157
2-2-4,none,mixture,0.6,500,800062,0.004627164002158679,kl_plugin,none,0.3224359798806691
2-2-4,none,mixture,0.6,500,800062,0.004627164002158679,kl_split,none,0.4427078110442513
2-2-4,none,mixture,0.6,500,800062,0.004627164002158679,kl_crossfit,none,0.42989923508628697
2-2-4,none,mixture,0.6,500,800062,0.004627164002158679,cf1_margin,none,0.5058395680802319
2-2-4,none,mixture,0.6,500,800062,0.004627164002158679,slack_plugin,none,1.0116791361604642
2-2-4,none,mixture,0.6,500,800062,0.004627164002158679,gm_battery,none,0.0
2-2-4,none,mixture,0.6,500,800062,0.004627164002158679,gtest,none,23.94452630355216
2-2-4,none,mixture,0.6,500,800063,0.006137142998341005,kl_plugin,none,0.3760343984318408
2-2-4,none,mixture,0.6,500,800063,0.006137142998341005,kl_split,none,1.0123210821114934
2-2-4,none,mixture,0.6,500,800063,0.006137142998341005,kl_crossfit,none,0.733642856584638
2-2-4,none,mixture,0.6,500,800063,0.006137142998341005,cf1_margin,none,0.5666666666666667
2-2-4,none,mixture,0.6,500,800063,0.006137142998341005,slack_plugin,none,1.1333333333333333
2-2-4,none,mixture,0.6,500,800063,0.006137142998341005,gm_battery,none,0.0
2-2-4,none,mixture,0.6,500,800063,0.006137142998341005,gtest,none,9.467458778362404
2-2-4,none,mixture,0.6,500,800064,0.006065248002414592,kl_plugin,none,0.31241422593720336
2-2-4,none,mixture,0.6,500,800064,0.006065248002414592,kl_split,none,0.4279737296641346
2-2-4,none,mixture,0.6,500,800064,0.006065248002414592,kl_crossfit,none,0.41935188065918644
2-2-4,none,mixture,0.6,500,800064,0.006065248002414592,cf1_margin,none,0.5117470072338518
2-2-4,none,mixture,0.6,500,800064,0.006065248002414592,slack_plugin,none,1.0234940144677038
2-2-4,none,mixture,0.6,500,800064,0.006065248002414592,gm_battery,none,0.0
2-2-4,none,mixture,0.6,500,800064,0.006065248002414592,gtest,none,24.055962395245203
2-2-4,none,mixture,0.6,500,800065,0.005085032003989909,kl_plugin,none,0.3174147226133804
2-2-4,none,mixture,0.6,500,800065,0.005085032003989909,kl_split,none,0.5214306190173373
2-2-4,none,mixture,0.6,500,800065,0.005085032003989909,kl_crossfit,none,0.4488385082409869
2-2-4,none,mixture,0.6,500,800065,0.005085032003989909,cf1_margin,none,0.5158123969191846
2-2-4,none,mixture,0.6,500,800065,0.005085032003989909,slack_plugin,none,1.0316247938383691
2-2-4,none,mixture,0.6,500,800065,0.005085032003989909,gm_battery,none,0.0
2-2-4,none,mixture,0.6,500,800065,0.005085032003989909,gtest,none,29.466986813415826
2-2-4,none,mixture,0.6,500,800066,0.011990196006081533,kl_plugin,none,0.29584509067909437
2-2-4,none,mixture,0.6,500,800066,0.011990196006081533,kl_split,none,1.1765808976141998
2-2-4,none,mixture,0.6,500,800066,0.011990196006081533,kl_crossfit,none,0.7668340472788144
2-2-4,none,mixture,0.6,500,800066,0.011990196006081533,cf1_margin,none,0.5122247823860728
2-2-4,none,mixture,0.6,500,800066,0.011990196006081533,slack_plugin,none,1.0244495647721457
2-2-4,none,mixture,0.6,500,800066,0.011990196006081533,gm_battery,none,0.0
2-2-4,none,mixture,0.6,500,800066,0.011990196006081533,gtest,none,34.31146472217841
2-2-4,none,mixture,0.6,500,800067,0.00989424100407632,kl_plugin,none,0.3544093520653672
2-2-4,none,mixture,0.6,500,800067,0.00989424100407632,kl_split,none,0.5275545917055648
2-2-4,none,mixture,0.6,500,800067,0.00989424100407632,kl_crossfit,none,0.4488178809013351
2-2-4,none,mixture,0.6,500,800067,0.00989424100407632,cf1_margin,none,0.5445389185121136
2-2-4,none,mixture,0.6,500,800067,0.00989424100407632,slack_plugin,none,1.089077837024227
2-2-4,none,mixture,0.6,500,800067,0.00989424100407632,gm_battery,none,0.0
2-2-4,none,mixture,0.6,500,800067,0.00989424100407632,gtest,none,30.702671539222862
2-2-4,none,mixture,0.6,500,800068,0.0049914889968931675,kl_plugin,none,0.3046264678949535
2-2-4,none,mixture,0.6,500,800068,0.0049914889968931675,kl_split,none,0.7164761439650651
2-2-4,none,mixture,0.6,500,800068,0.0049914889968931675,kl_crossfit,none,0.5157215324321665
2-2-4,none,mixture,0.6,500,800068,0.0049914889968931675,cf1_margin,none,0.5110533993812021
2-2-4,none,mixture,0.6,500,800068,0.0049914889968931675,slack_plugin,none,1.0221067987624037
2-2-4,none,mixture,0.6,500,800068,0.0049914889968931675,gm_battery,none,0.0
2-2-4,none,mixture,0.6,500,800068,0.0049914889968931675,gtest,none,18.093012460325117
2-2-4,none,mixture,0.6,500,800069,0.004935028999170754,kl_plugin,none,0.306692707178766
2-2-4,none,mixture,0.6,500,800069,0.004935028999170754,kl_split,none,1.1729275467134195
2-2-4,none,mixture,0.6,500,800069,0.004935028999170754,kl_crossfit,none,0.8128135642305813
2-2-4,none,mixture,0.6,500,800069,0.004935028999170754,cf1_margin,none,0.491196590781653
2-2-4,none,mixture,0.6,500,800069,0.004935028999170754,slack_plugin,none,0.9823931815633059
2-2-4,none,mixture,0.6,500,800069,0.004935028999170754,gm_battery,none,0.0
2-2-4,none,mixture,0.6,500,800069,0.004935028999170754,gtest,none,24.577395464281945
2-2-4,none,mixture,0.6,500,800070,0.004392050002934411,kl_plugin,none,0.38973896302559574
2-2-4,none,mixture,0.6,500,800070,0.004392050002934411,kl_split,none,0.7622080740961557
2-2-4,none,mixture,0.6,500,800070,0.004392050002934411,kl_crossfit,none,0.6599564694977212
2-2-4,none,mixture,0.6,500,800070,0.004392050002934411,cf1_margin,none,0.560796393447883
2-2-4,none,mixture,0.6,500,800070,0.004392050002934411,slack_plugin,none,1.1215927868957662
2-2-4,none,mixture,0.6,500,800070,0.004392050002934411,gm_battery,none,0.0
2-2-4,none,mixture,0.6,500,800070,0.004392050002934411,gtest,none,18.602965265578536
2-2-4,none,mixture,0.6,500,800071,0.005178172003070358,kl_plugin,none,0.39130937844324964
2-2-4,none,mixture,0.6,500,800071,0.005178172003070358,kl_split,none,0.52015505604819
2-2-4,none,mixture,0.6,500,800071,0.005178172003070358,kl_crossfit,none,0.42513581279910473
2-2-4,none,mixture,0.6,500,800071,0.005178172003070358,cf1_margin,none,0.5766022086126248
2-2-4,none,mixture,0.6,500,800071,0.005178172003070358,slack_plugin,none,1.1532044172252496
2-2-4,none,mixture,0.6,500,800071,0.005178172003070358,gm_battery,none,0.0
2-2-4,none,mixture,0.6,500,800071,0.005178172003070358,gtest,none,39.16642779777028
2-2-4,none,mixture,0.6,500,800072,0.004879074003838468,kl_plugin,none,0.33977752745527273
2-2-4,none,mixture,0.6,500,800072,0.004879074003838468,kl_split,none,0.3977699892739023
2-2-4,none,mixture,0.6,500,800072,0.004879074003838468,kl_crossfit,none,0.407584373504706
2-2-4,none,mixture,0.6,500,800072,0.004879074003838468,cf1_margin,none,0.5312339989759345
2-2-4,none,mixture,0.6,500,800072,0.004879074003838468,slack_plugin,none,1.0624679979518692
2-2-4,none,mixture,0.6,500,800072,0.004879074003838468,gm_battery,none,0.0
2-2-4,none,mixture,0.6,500,800072,0.004879074003838468,gtest,none,31.027895305203092
2-2-4,none,mixture,0.6,500,800073,0.004634979006368667,kl_plugin,none,0.3083465785154473
2-2-4,none,mixture,0.6,500,800073,0.004634979006368667,kl_split,none,0.3868661025867072
2-2-4,none,mixture,0.6,500,800073,0.004634979006368667,kl_crossfit,none,0.4006850598214597
2-2-4,none,mixture,0.6,500,800073,0.004634979006368667,cf1_margin,none,0.505839568080232
2-2-4,none,mixture,0.6,500,800073,0.004634979006368667,slack_plugin,none,1.0116791361604638
2-2-4,none,mixture,0.6,500,800073,0.004634979006368667,gm_battery,none,0.0
2-2-4,none,mixture,0.6,500,800073,0.004634979006368667,gtest,none,36.63136824416879
2-2-4,none,mixture,0.6,500,800074,0.005984335999528412,kl_plugin,none,0.27120120757353916
2-2-4,none,mixture,0.6,500,800074,0.005984335999528412,kl_split,none,0.3972262451540374
2-2-4,none,mixture,0.6,500,800074,0.005984335999528412,kl_crossfit,none,0.9101066452786799
2-2-4,none,mixture,0.6,500,800074,0.005984335999528412,cf1_margin,none,0.48165395423524693
2-2-4,none,mixture,0.6,500,800074,0.005984335999528412,slack_plugin,none,0.9633079084704939
2-2-4,none,mixture,0.6,500,800074,0.005984335999528412,gm_battery,none,0.0
2-2-4,none,mixture,0.6,500,800074,0.005984335999528412,gtest,none,43.03993559451428
2-2-4,none,mixture,0.6,500,800075,0.006111010006861761,kl_plugin,none,0.32835119490308884
2-2-4,none,mixture,0.6,500,800075,0.006111010006861761,kl_split,none,0.4092820054403837
2-2-4,none,mixture,0.6,500,800075,0.006111010006861761,kl_crossfit,none,0.397318651443214
2-2-4,none,mixture,0.6,500,800075,0.006111010006861761,cf1_margin,none,0.5391025641025641
2-2-4,none,mixture,0.6,500,800075,0.006111010006861761,slack_plugin,none,1.0782051282051284
2-2-4,none,mixture,0.6,500,800075,0.006111010006861761,gm_battery,none,0.0
2-2-4,none,mixture,0.6,500,800075,0.006111010006861761,gtest,none,25.803552841854973
2-2-4,none,mixture,0.6,500,800076,0.004806554003152996,kl_plugin,none,0.3093824534383947
2-2-4,none,mixture,0.6,500,800076,0.004806554003152996,kl_split,none,0.3324463766633241
2-2-4,none,mixture,0.6,500,800076,0.004806554003152996,kl_crossfit,none,0.37437761298884964
2-2-4,none,mixture,0.6,500,800076,0.004806554003152996,cf1_margin,none,0.5143828913381785
2-2-4,none,mixture,0.6,500,800076,0.004806554003152996,slack_plugin,none,1.028765782676357
2-2-4,none,mixture,0.6,500,800076,0.004806554003152996,gm_battery,none,0.0
2-2-4,none,mixture,0.6,500,800076,0.004806554003152996,gtest,none,23.180506560171608
2-2-4,none,mixture,0.6,500,800077,0.0049416519977967255,kl_plugin,none,0.32283289267609694
2-2-4,none,mixture,0.6,500,800077,0.0049416519977967255,kl_split,none,1.45805202927402
2-2-4,none,mixture,0.6,500,800077,0.0049416519977967255,kl_crossfit,none,1.1654917330320802
2-2-4,none,mixture,0.6,500,800077,0.0049416519977967255,cf1_margin,none,0.5243557611978664
2-2-4,none,mixture,0.6,500,800077,0.0049416519977967255,slack_plugin,none,1.0487115223957324
2-2-4,none,mixture,0.6,500,800077,0.0049416519977967255,gm_battery,none,0.0
2-2-4,none,mixture,0.6,500,800077,0.0049416519977967255,gtest,none,9.650075384690986
2-2-4,none,mixture,0.6,500,800078,0.004810937003639992,kl_plugin,none,0.26965056733783427
2-2-4,none,mixture,0.6,500,800078,0.004810937003639992,kl_split,none,0.3362302732278898
2-2-4,none,mixture,0.6,500,800078,0.004810937003639992,kl_crossfit,none,0.34038480738035626
2-2-4,none,mixture,0.6,500,800078,0.004810937003639992,cf1_margin,none,0.46363636363636374
2-2-4,none,mixture,0.6,500,800078,0.004810937003639992,slack_plugin,none,0.9272727272727274
2-2-4,none,mixture,0.6,500,800078,0.004810937003639992,gm_battery,none,0.0
2-2-4,none,mixture,0.6,500,800078,0.004810937003639992,gtest,none,9.176507872536774
2-2-4,none,mixture,0.6,500,800079,0.004423906997544691,kl_plugin,none,0.3016484237422994
2-2-4,none,mixture,0.6,500,800079,0.004423906997544691,kl_split,none,0.3082620095814178
2-2-4,none,mixture,0.6,500,800079,0.004423906997544691,kl_crossfit,none,0.3852203777223039
2-2-4,none,mixture,0.6,500,800079,0.004423906997544691,cf1_margin,none,0.4967587034813926
2-2-4,none,mixture,0.6,500,800079,0.004423906997544691,slack_plugin,none,0.9935174069627851
2-2-4,none,mixture,0.6,500,800079,0.004423906997544691,gm_battery,none,0.0
2-2-4,none,mixture,0.6,500,800079,0.004423906997544691,gtest,none,37.54979629095547
2-2-4,none,mixture,0.6,500,800080,0.004670205002184957,kl_plugin,none,0.39299418657498153
2-2-4,none,mixture,0.6,500,800080,0.004670205002184957,kl_split,none,0.4788130200066407
2-2-4,none,mixture,0.6,500,800080,0.004670205002184957,kl_crossfit,none,0.45179934526068694
2-2-4,none,mixture,0.6,500,800080,0.004670205002184957,cf1_margin,none,0.5614481753694895
2-2-4,none,mixture,0.6,500,800080,0.004670205002184957,slack_plugin,none,1.122896350738979
2-2-4,none,mixture,0.6,500,800080,0.004670205002184957,gm_battery,none,0.0
2-2-4,none,mixture,0.6,500,800080,0.004670205002184957,gtest,none,37.78862824146843
2-2-4,none,mixture,0.6,500,800081,0.004679659999965224,kl_plugin,none,0.29032639061534127
2-2-4,none,mixture,0.6,500,800081,0.004679659999965224,kl_split,none,0.4920018799232795
2-2-4,none,mixture,0.6,500,800081,0.004679659999965224,kl_crossfit,none,0.6322432426518011
2-2-4,none,mixture,0.6,500,800081,0.004679659999965224,cf1_margin,none,0.4989117214006785
2-2-4,none,mixture,0.6,500,800081,0.004679659999965224,slack_plugin,none,0.9978234428013573
2-2-4,none,mixture,0.6,500,800081,0.004679659999965224,gm_battery,none,0.0
2-2-4,none,mixture,0.6,500,800081,0.004679659999965224,gtest,none,22.09273087745703
2-2-4,none,mixture,0.6,500,800082,0.004612914999597706,kl_plugin,none,0.35511027176195836
2-2-4,none,mixture,0.6,500,800082,0.004612914999597706,kl_split,none,0.500554170300674
2-2-4,none,mixture,0.6,500,800082,0.004612914999597706,kl_crossfit,none,0.7386804372879896
2-2-4,none,mixture,0.6,500,800082,0.004612914999597706,cf1_margin,none,0.5319258083649946
2-2-4,none,mixture,0.6,500,800082,0.004612914999597706,slack_plugin,none,1.063851616729989
2-2-4,none,mixture,0.6,500,800082,0.004612914999597706,gm_battery,none,0.0
2-2-4,none,mixture,0.6,500,800082,0.004612914999597706,gtest,none,22.035716259951215
2-2-4,none,mixture,0.6,500,800083,0.004423682999913581,kl_plugin,none,0.3706688435391276
2-2-4,none,mixture,0.6,500,800083,0.004423682999913581,kl_split,none,0.44280372166815396
2-2-4,none,mixture,0.6,500,800083,0.004423682999913581,kl_crossfit,none,0.4530783823040315
2-2-4,none,mixture,0.6,500,800083,0.004423682999913581,cf1_margin,none,0.5479829095389737
2-2-4,none,mixture,0.6,500,800083,0.004423682999913581,slack_plugin,none,1.095965819077947
2-2-4,none,mixture,0.6,500,800083,0.004423682999913581,gm_battery,none,0.0
2-2-4,none,mixture,0.6,500,800083,0.004423682999913581,gtest,none,25.700159679763843
2-2-4,none,mixture,0.6,500,800084,0.004494777997024357,kl_plugin,none,0.3342104956785147
2-2-4,none,mixture,0.6,500,800084,0.004494777997024357,kl_split,none,0.9419322229126983
2-2-4,none,mixture,0.6,500,800084,0.004494777997024357,kl_crossfit,none,0.6258740013041317
2-2-4,none,mixture,0.6,500,800084,0.004494777997024357,cf1_margin,none,0.5335734293717487
2-2-4,none,mixture,0.6,500,800084,0.004494777997024357,slack_plugin,none,1.0671468587434978
2-2-4,none,mixture,0.6,500,800084,0.004494777997024357,gm_battery,none,0.0
2-2-4,none,mixture,0.6,500,800084,0.004494777997024357,gtest,none,28.723861710303673
2-2-4,none,mixture,0.6,500,800085,0.004475150999496691,kl_plugin,none,0.3055998661644114
2-2-4,none,mixture,0.6,500,800085,0.004475150999496691,kl_split,none,0.4189653896148302
2-2-4,none,mixture,0.6,500,800085,0.004475150999496691,kl_crossfit,none,0.7507315577666587
2-2-4,none,mixture,0.6,500,800085,0.004475150999496691,cf1_margin,none,0.49430641821946164
2-2-4,none,mixture,0.6,500,800085,0.004475150999496691,slack_plugin,none,0.9886128364389233
2-2-4,none,mixture,0.6,500,800085,0.004475150999496691,gm_battery,none,0.0
2-2-4,none,mixture,0.6,500,800085,0.004475150999496691,gtest,none,36.321842955549386
2-2-4,none,mixture,0.6,500,800086,0.004440221004188061,kl_plugin,none,0.3308248269433345
2-2-4,none,mixture,0.6,500,800086,0.004440221004188061,kl_split,none,0.4331206542283538
2-2-4,none,mixture,0.6,500,800086,0.004440221004188061,kl_crossfit,none,0.42464844254337447
2-2-4,none,mixture,0.6,500,800086,0.004440221004188061,cf1_margin,none,0.5112435133576783
2-2-4,none,mixture,0.6,500,800086,0.004440221004188061,slack_plugin,none,1.0224870267153563
2-2-4,none,mixture,0.6,500,800086,0.004440221004188061,gm_battery,none,0.0
2-2-4,none,mixture,0.6,500,800086,0.004440221004188061,gtest,none,23.616965062837103
2-2-4,none,mixture,0.6,500,800087,0.004855079001572449,kl_plugin,none,0.334479546161761
2-2-4,none,mixture,0.6,500,800087,0.004855079001572449,kl_split,none,0.47914412352280966
2-2-4,none,mixture,0.6,500,800087,0.004855079001572449,kl_crossfit,none,0.41473010739769917
2-2-4,none,mixture,0.6,500,800087,0.004855079001572449,cf1_margin,none,0.527073732718894
2-2-4,none,mixture,0.6,500,800087,0.004855079001572449,slack_plugin,none,1.0541474654377883
2-2-4,none,mixture,0.6,500,800087,0.004855079001572449,gm_battery,none,0.0
2-2-4,none,mixture,0.6,500,800087,0.004855079001572449,gtest,none,37.63874477598564
2-2-4,none,mixture,0.6,500,800088,0.004533237995929085,kl_plugin,none,0.4465605087244429
2-2-4,none,mixture,0.6,500,800088,0.004533237995929085,kl_split,none,0.6336095340055509
2-2-4,none,mixture,0.6,500,800088,0.004533237995929085,kl_crossfit,none,0.5313952798537674
2-2-4,none,mixture,0.6,500,800088,0.004533237995929085,cf1_margin,none,0.5993659376559005
2-2-4,none,mixture,0.6,500,800088,0.004533237995929085,slack_plugin,none,1.198731875311801
2-2-4,none,mixture,0.6,500,800088,0.004533237995929085,gm_battery,none,0.0
2-2-4,none,mixture,0.6,500,800088,0.004533237995929085,gtest,none,17.431436564181187
2-2-4,none,mixture,0.6,500,800089,0.0072870830044848844,kl_plugin,none,0.3142976856962846
2-2-4,none,mixture,0.6,500,800089,0.0072870830044848844,kl_split,none,0.49273207671176966
2-2-4,none,mixture,0.6,500,800089,0.0072870830044848844,kl_crossfit,none,0.7926656714124409
2-2-4,none,mixture,0.6,500,800089,0.0072870830044848844,cf1_margin,none,0.5245552513170326
2-2-4,none,mixture,0.6,500,800089,0.0072870830044848844,slack_plugin,none,1.0491105026340652
2-2-4,none,mixture,0.6,500,800089,0.0072870830044848844,gm_battery,none,0.0
2-2-4,none,mixture,0.6,500,800089,0.0072870830044848844,gtest,none,48.04658163503406
2-2-4,none,mixture,0.6,500,800090,0.005019410993554629,kl_plugin,none,0.27425157863765187
2-2-4,none,mixture,0.6,500,800090,0.005019410993554629,kl_split,none,0.4144747364722314
2-2-4,none,mixture,0.6,500,800090,0.005019410993554629,kl_crossfit,none,0.36821009648328673
2-2-4,none,mixture,0.6,500,800090,0.005019410993554629,cf1_margin,none,0.4698895737031332
2-2-4,none,mixture,0.6,500,800090,0.005019410993554629,slack_plugin,none,0.9397791474062661
2-2-4,none,mixture,0.6,500,800090,0.005019410993554629,gm_battery,none,0.0
2-2-4,none,mixture,0.6,500,800090,0.005019410993554629,gtest,none,18.682234418518615
2-2-4,none,mixture,0.6,500,800091,0.004681348997110035,kl_plugin,none,0.29468584097476214
2-2-4,none,mixture,0.6,500,800091,0.004681348997110035,kl_split,none,0.43469772445680566
2-2-4,none,mixture,0.6,500,800091,0.004681348997110035,kl_crossfit,none,0.36998872981167286
2-2-4,none,mixture,0.6,500,800091,0.004681348997110035,cf1_margin,none,0.5020816254360161
2-2-4,none,mixture,0.6,500,800091,0.004681348997110035,slack_plugin,none,1.0041632508720324
2-2-4,none,mixture,0.6,500,800091,0.004681348997110035,gm_battery,none,0.0
2-2-4,none,mixture,0.6,500,800091,0.004681348997110035,gtest,none,30.814113592834833
2-2-4,none,mixture,0.6,500,800092,0.004686402993684169,kl_plugin,none,0.27555322497150947
2-2-4,none,mixture,0.6,500,800092,0.004686402993684169,kl_split,none,0.3870268340686004
2-2-4,none,mixture,0.6,500,800092,0.004686402993684169,kl_crossfit,none,0.5762340178912649
2-2-4,none,mixture,0.6,500,800092,0.004686402993684169,cf1_margin,none,0.4810606060606061
2-2-4,none,mixture,0.6,500,800092,0.004686402993684169,slack_plugin,none,0.9621212121212122
2-2-4,none,mixture,0.6,500,800092,0.004686402993684169,gm_battery,none,0.0
2-2-4,none,mixture,0.6,500,800092,0.004686402993684169,gtest,none,33.10550249552787
2-2-4,none,mixture,0.6,500,800093,0.004617411999788601,kl_plugin,none,0.30739828522581575
2-2-4,none,mixture,0.6,500,800093,0.004617411999788601,kl_split,none,0.42700724463152895
2-2-4,none,mixture,0.6,500,800093,0.004617411999788601,kl_crossfit,none,0.4289153387985061
2-2-4,none,mixture,0.6,500,800093,0.004617411999788601,cf1_margin,none,0.5115384615384616
2-2-4,none,mixture,0.6,500,800093,0.004617411999788601,slack_plugin,none,1.023076923076923
2-2-4,none,mixture,0.6,500,800093,0.004617411999788601,gm_battery,none,0.0
2-2-4,none,mixture,0.6,500,800093,0.004617411999788601,gtest,none,25.62925847227499
2-2-4,none,mixture,0.6,500,800094,0.0049960530013777316,kl_plugin,none,0.31675531627921716
2-2-4,none,mixture,0.6,500,800094,0.0049960530013777316,kl_split,none,0.4364545212102438
2-2-4,none,mixture,0.6,500,800094,0.0049960530013777316,kl_crossfit,none,0.4364278156901482
2-2-4,none,mixture,0.6,500,800094,0.0049960530013777316,cf1_margin,none,0.5203681472589035
2-2-4,none,mixture,0.6,500,800094,0.0049960530013777316,slack_plugin,none,1.0407362945178074
2-2-4,none,mixture,0.6,500,800094,0.0049960530013777316,gm_battery,none,0.0
2-2-4,none,mixture,0.6,500,800094,0.0049960530013777316,gtest,none,34.06948434230134
2-2-4,none,mixture,0.6,500,800095,0.0044711619993904606,kl_plugin,none,0.3294130297807061
2-2-4,none,mixture,0.6,500,800095,0.0044711619993904606,kl_split,none,0.4995185007296278
2-2-4,none,mixture,0.6,500,800095,0.0044711619993904606,kl_crossfit,none,0.4341934737125242
2-2-4,none,mixture,0.6,500,800095,0.0044711619993904606,cf1_margin,none,0.5187247935471481
2-2-4,none,mixture,0.6,500,800095,0.0044711619993904606,slack_plugin,none,1.037449587094296
2-2-4,none,mixture,0.6,500,800095,0.0044711619993904606,gm_battery,none,0.0
2-2-4,none,mixture,0.6,500,800095,0.0044711619993904606,gtest,none,25.548890696266522
2-2-4,none,mixture,0.6,500,800096,0.005851485002494883,kl_plugin,none,0.26632566210466657
2-2-4,none,mixture,0.6,500,800096,0.005851485002494883,kl_split,none,0.4124205659511359
2-2-4,none,mixture,0.6,500,800096,0.005851485002494883,kl_crossfit,none,0.48992553556063756
2-2-4,none,mixture,0.6,500,800096,0.005851485002494883,cf1_margin,none,0.4932958651144118
2-2-4,none,mixture,0.6,500,800096,0.005851485002494883,slack_plugin,none,0.9865917302288238
2-2-4,none,mixture,0.6,500,800096,0.005851485002494883,gm_battery,none,0.0
2-2-4,none,mixture,0.6,500,800096,0.005851485002494883,gtest,none,65.52570824559216
2-2-4,none,mixture,0.6,500,800097,0.00519260999863036,kl_plugin,none,0.309628705852961
2-2-4,none,mixture,0.6,500,800097,0.00519260999863036,kl_split,none,0.4230733042017455
2-2-4,none,mixture,0.6,500,800097,0.00519260999863036,kl_crossfit,none,0.8686139506291914
2-2-4,none,mixture,0.6,500,800097,0.00519260999863036,cf1_margin,none,0.5089041424662795
2-2-4,none,mixture,0.6,500,800097,0.00519260999863036,slack_plugin,none,1.017808284932559
2-2-4,none,mixture,0.6,500,800097,0.00519260999863036,gm_battery,none,0.0
2-2-4,none,mixture,0.6,500,800097,0.00519260999863036,gtest,none,27.071567362667686
2-2-4,none,mixture,0.6,500,800098,0.009192099998472258,kl_plugin,none,0.38241303908045016
2-2-4,none,mixture,0.6,500,800098,0.009192099998472258,kl_split,none,0.45996704875061467
2-2-4,none,mixture,0.6,500,800098,0.009192099998472258,kl_crossfit,none,1.0283798082434252
2-2-4,none,mixture,0.6,500,800098,0.009192099998472258,cf1_margin,none,0.5837373397974368
2-2-4,none,mixture,0.6,500,800098,0.009192099998472258,slack_plugin,none,1.1674746795948736
2-2-4,none,mixture,0.6,500,800098,0.009192099998472258,gm_battery,none,0.0
2-2-4,none,mixture,0.6,500,800098,0.009192099998472258,gtest,none,43.04513505246947
2-2-4,none,mixture,0.6,500,800099,0.005382898001698777,kl_plugin,none,0.33530482288540675
2-2-4,none,mixture,0.6,500,800099,0.005382898001698777,kl_split,none,0.46121954715171454
2-2-4,none,mixture,0.6,500,800099,0.005382898001698777,kl_crossfit,none,0.3876427878482606
2-2-4,none,mixture,0.6,500,800099,0.005382898001698777,cf1_margin,none,0.540872043682247
2-2-4,none,mixture,0.6,500,800099,0.005382898001698777,slack_plugin,none,1.081744087364494
2-2-4,none,mixture,0.6,500,800099,0.005382898001698777,gm_battery,none,0.0
2-2-4,none,mixture,0.6,500,800099,0.005382898001698777,gtest,none,36.10035695822606
2-2-4,none,mixture,0.6,500,800100,0.006785900994145777,kl_plugin,none,0.34484465969633393
2-2-4,none,mixture,0.6,500,800100,0.006785900994145777,kl_split,none,0.48960658662475487
2-2-4,none,mixture,0.6,500,800100,0.006785900994145777,kl_crossfit,none,0.6315540105308715
2-2-4,none,mixture,0.6,500,800100,0.006785900994145777,cf1_margin,none,0.521269780254981
2-2-4,none,mixture,0.6,500,800100,0.006785900994145777,slack_plugin,none,1.042539560509962
2-2-4,none,mixture,0.6,500,800100,0.006785900994145777,gm_battery,none,0.0
2-2-4,none,mixture,0.6,500,800100,0.006785900994145777,gtest,none,22.470218218852352
2-2-4,none,mixture,0.6,500,800101,0.005145335002453066,kl_plugin,none,0.2890149719167645
2-2-4,none,mixture,0.6,500,800101,0.005145335002453066,kl_split,none,1.0060631946738379
2-2-4,none,mixture,0.6,500,800101,0.005145335002453066,kl_crossfit,none,0.6489717543680555
2-2-4,none,mixture,0.6,500,800101,0.005145335002453066,cf1_margin,none,0.5004481147173676
2-2-4,none,mixture,0.6,500,800101,0.005145335002453066,slack_plugin,none,1.0008962294347352
2-2-4,none,mixture,0.6,500,800101,0.005145335002453066,gm_battery,none,0.0
2-2-4,none,mixture,0.6,500,800101,0.005145335002453066,gtest,none,30.47804821134503
2-2-4,none,mixture,0.6,500,800102,0.009435920997930225,kl_plugin,none,0.2707588845083331
2-2-4,none,mixture,0.6,500,800102,0.009435920997930225,kl_split,none,0.3830423843358972
2-2-4,none,mixture,0.6,500,800102,0.009435920997930225,kl_crossfit,none,0.6368688122546948
2-2-4,none,mixture,0.6,500,800102,0.009435920997930225,cf1_margin,none,0.4845517528280452
2-2-4,none,mixture,0.6,500,800102,0.009435920997930225,slack_plugin,none,0.9691035056560905
2-2-4,none,mixture,0.6,500,800102,0.009435920997930225,gm_battery,none,0.0
2-2-4,none,mixture,0.6,500,800102,0.009435920997930225,gtest,none,15.753071691714231
2-2-4,none,mixture,0.6,500,800103,0.004747553000925109,kl_plugin,none,0.3013197613961817
2-2-4,none,mixture,0.6,500,800103,0.004747553000925109,kl_split,none,0.35624401575200726
2-2-4,none,mixture,0.6,500,800103,0.004747553000925109,kl_crossfit,none,0.37389603448665054
2-2-4,none,mixture,0.6,500,800103,0.004747553000925109,cf1_margin,none,0.5030679760970218
2-2-4,none,mixture,0.6,500,800103,0.004747553000925109,slack_plugin,none,1.0061359521940436
2-2-4,none,mixture,0.6,500,800103,0.004747553000925109,gm_battery,none,0.0
2-2-4,none,mixture,0.6,500,800103,0.004747553000925109,gtest,none,3.0500273180803568
2-2-4,none,mixture,0.6,500,800104,0.004820447000383865,kl_plugin,none,0.25201774770848673
2-2-4,none,mixture,0.6,500,800104,0.004820447000383865,kl_split,none,0.4041557312131905
2-2-4,none,mixture,0.6,500,800104,0.004820447000383865,kl_crossfit,none,0.3409323205140098
2-2-4,none,mixture,0.6,500,800104,0.004820447000383865,cf1_margin,none,0.4650715247931233
2-2-4,none,mixture,0.6,500,800104,0.004820447000383865,slack_plugin,none,0.9301430495862467
2-2-4,none,mixture,0.6,500,800104,0.004820447000383865,gm_battery,none,0.0
2-2-4,none,mixture,0.6,500,800104,0.004820447000383865,gtest,none,19.75163090619715
2-2-4,none,mixture,0.6,500,800105,0.005184501998883206,kl_plugin,none,0.2842553679216894
2-2-4,none,mixture,0.6,500,800105,0.005184501998883206,kl_split,none,0.40001410940618265
2-2-4,none,mixture,0.6,500,800105,0.005184501998883206,kl_crossfit,none,1.1070281390332761
2-2-4,none,mixture,0.6,500,800105,0.005184501998883206,cf1_margin,none,0.49295594262295084
2-2-4,none,mixture,0.6,500,800105,0.005184501998883206,slack_plugin,none,0.9859118852459017
2-2-4,none,mixture,0.6,500,800105,0.005184501998883206,gm_battery,none,0.0
2-2-4,none,mixture,0.6,500,800105,0.005184501998883206,gtest,none,37.66540936307633
2-2-4,none,mixture,0.6,500,800106,0.004658984005800448,kl_plugin,none,0.38360030231627845
2-2-4,none,mixture,0.6,500,800106,0.004658984005800448,kl_split,none,1.006837196199113
2-2-4,none,mixture,0.6,500,800106,0.004658984005800448,kl_crossfit,none,0.862335889670014
2-2-4,none,mixture,0.6,500,800106,0.004658984005800448,cf1_margin,none,0.5599999999999998
2-2-4,none,mixture,0.6,500,800106,0.004658984005800448,slack_plugin,none,1.1199999999999997
2-2-4,none,mixture,0.6,500,800106,0.004658984005800448,gm_battery,none,0.0
2-2-4,none,mixture,0.6,500,800106,0.004658984005800448,gtest,none,33.70526205906735
2-2-4,none,mixture,0.6,500,800107,0.004692823000368662,kl_plugin,none,0.24312198080412747
2-2-4,none,mixture,0.6,500,800107,0.004692823000368662,kl_split,none,0.36309056006260243
2-2-4,none,mixture,0.6,500,800107,0.004692823000368662,kl_crossfit,none,0.3239232102373764
2-2-4,none,mixture,0.6,500,800107,0.004692823000368662,cf1_margin,none,0.4403481822836661
2-2-4,none,mixture,0.6,500,800107,0.004692823000368662,slack_plugin,none,0.8806963645673322
2-2-4,none,mixture,0.6,500,800107,0.004692823000368662,gm_battery,none,0.0
2-2-4,none,mixture,0.6,500,800107,0.004692823000368662,gtest,none,36.346945956956844
2-2-4,none,mixture,0.6,500,800108,0.00424745000054827,kl_plugin,none,0.3144851175529846
2-2-4,none,mixture,0.6,500,800108,0.00424745000054827,kl_split,none,0.4606562551768867
2-2-4,none,mixture,0.6,500,800108,0.00424745000054827,kl_crossfit,none,0.4322599164356007
2-2-4,none,mixture,0.6,500,800108,0.00424745000054827,cf1_margin,none,0.5092213114754098
2-2-4,none,mixture,0.6,500,800108,0.00424745000054827,slack_plugin,none,1.0184426229508197
2-2-4,none,mixture,0.6,500,800108,0.00424745000054827,gm_battery,none,0.0
2-2-4,none,mixture,0.6,500,800108,0.00424745000054827,gtest,none,31.490204030558818
2-2-4,none,mixture,0.6,500,800109,0.005325152997102123,kl_plugin,none,0.3140090858396983
2-2-4,none,mixture,0.6,500,800109,0.005325152997102123,kl_split,none,0.585844950780604
2-2-4,none,mixture,0.6,500,800109,0.005325152997102123,kl_crossfit,none,0.5102772683668919
2-2-4,none,mixture,0.6,500,800109,0.005325152997102123,cf1_margin,none,0.5176011264720943
2-2-4,none,mixture,0.6,500,800109,0.005325152997102123,slack_plugin,none,1.0352022529441887
2-2-4,none,mixture,0.6,500,800109,0.005325152997102123,gm_battery,none,0.0
2-2-4,none,mixture,0.6,500,800109,0.005325152997102123,gtest,none,20.17080191576455
2-2-4,none,mixture,0.6,500,800110,0.005119927998748608,kl_plugin,none,0.24255731611610884
2-2-4,none,mixture,0.6,500,800110,0.005119927998748608,kl_split,none,0.35021800223515254
2-2-4,none,mixture,0.6,500,800110,0.005119927998748608,kl_crossfit,none,0.3429045591659175
2-2-4,none,mixture,0.6,500,800110,0.005119927998748608,cf1_margin,none,0.4607906465990569
2-2-4,none,mixture,0.6,500,800110,0.005119927998748608,slack_plugin,none,0.9215812931981137
2-2-4,none,mixture,0.6,500,800110,0.005119927998748608,gm_battery,none,0.0
2-2-4,none,mixture,0.6,500,800110,0.005119927998748608,gtest,none,17.880879372732583
2-2-4,none,mixture,0.6,500,800111,0.004514234002272133,kl_plugin,none,0.4231097321065941
2-2-4,none,mixture,0.6,500,800111,0.004514234002272133,kl_split,none,0.5238040803256829
2-2-4,none,mixture,0.6,500,800111,0.004514234002272133,kl_crossfit,none,0.5067335961598203
2-2-4,none,mixture,0.6,500,800111,0.004514234002272133,cf1_margin,none,0.6001536885245902
2-2-4,none,mixture,0.6,500,800111,0.004514234002272133,slack_plugin,none,1.2003073770491803
2-2-4,none,mixture,0.6,500,800111,0.004514234002272133,gm_battery,none,0.0
2-2-4,none,mixture,0.6,500,800111,0.004514234002272133,gtest,none,41.464314319926196
2-2-4,none,mixture,0.6,500,800112,0.004965305997757241,kl_plugin,none,0.38376455576394086
2-2-4,none,mixture,0.6,500,800112,0.004965305997757241,kl_split,none,0.48493235947933083
2-2-4,none,mixture,0.6,500,800112,0.004965305997757241,kl_crossfit,none,0.4803764717212403
2-2-4,none,mixture,0.6,500,800112,0.004965305997757241,cf1_margin,none,0.5712976804745142
2-2-4,none,mixture,0.6,500,800112,0.004965305997757241,slack_plugin,none,1.1425953609490285
2-2-4,none,mixture,0.6,500,800112,0.004965305997757241,gm_battery,none,0.0
2-2-4,none,mixture,0.6,500,800112,0.004965305997757241,gtest,none,41.47604103434813
2-2-4,none,mixture,0.6,500,800113,0.005461449996801093,kl_plugin,none,0.33698095026784036
2-2-4,none,mixture,0.6,500,800113,0.005461449996801093,kl_split,none,0.43563800634539834
2-2-4,none,mixture,0.6,500,800113,0.005461449996801093,kl_crossfit,none,0.40741422214356376
2-2-4,none,mixture,0.6,500,800113,0.005461449996801093,cf1_margin,none,0.5476067936181164
2-2-4,none,mixture,0.6,500,800113,0.005461449996801093,slack_plugin,none,1.0952135872362325
2-2-4,none,mixture,0.6,500,800113,0.005461449996801093,gm_battery,none,0.0
2-2-4,none,mixture,0.6,500,800113,0.005461449996801093,gtest,none,15.16813486347376
2-2-4,none,mixture,0.6,500,800114,0.00504986300074961,kl_plugin,none,0.3401066454705898
2-2-4,none,mixture,0.6,500,800114,0.00504986300074961,kl_split,none,0.4536647369116348
2-2-4,none,mixture,0.6,500,800114,0.00504986300074961,kl_crossfit,none,0.5234662436663275
2-2-4,none,mixture,0.6,500,800114,0.00504986300074961,cf1_margin,none,0.5404618265030166
2-2-4,none,mixture,0.6,500,800114,0.00504986300074961,slack_plugin,none,1.0809236530060329
2-2-4,none,mixture,0.6,500,800114,0.00504986300074961,gm_battery,none,0.0
2-2-4,none,mixture,0.6,500,800114,0.00504986300074961,gtest,none,23.98443706655145
2-2-4,none,mixture,0.6,500,800115,0.006708250999508891,kl_plugin,none,0.2989348994758318
2-2-4,none,mixture,0.6,500,800115,0.006708250999508891,kl_split,none,0.34993871102705565
2-2-4,none,mixture,0.6,500,800115,0.006708250999508891,kl_crossfit,none,0.37484813532015326
2-2-4,none,mixture,0.6,500,800115,0.006708250999508891,cf1_margin,none,0.5123696978431089
2-2-4,none,mixture,0.6,500,800115,0.006708250999508891,slack_plugin,none,1.0247393956862179
2-2-4,none,mixture,0.6,500,800115,0.006708250999508891,gm_battery,none,0.0
2-2-4,none,mixture,0.6,500,800115,0.006708250999508891,gtest,none,36.293986272705
2-2-4,none,mixture,0.6,500,800116,0.00492902899713954,kl_plugin,none,0.3213011948686897
2-2-4,none,mixture,0.6,500,800116,0.00492902899713954,kl_split,none,0.35164513388837426
2-2-4,none,mixture,0.6,500,800116,0.00492902899713954,kl_crossfit,none,0.39748983972537205
2-2-4,none,mixture,0.6,500,800116,0.00492902899713954,cf1_margin,none,0.5238417097153156
2-2-4,none,mixture,0.6,500,800116,0.00492902899713954,slack_plugin,none,1.047683419430631
2-2-4,none,mixture,0.6,500,800116,0.00492902899713954,gm_battery,none,0.0
2-2-4,none,mixture,0.6,500,800116,0.00492902899713954,gtest,none,18.340494905983626
2-2-4,none,mixture,0.6,500,800117,0.004658360994653776,kl_plugin,none,0.34019485653970377
2-2-4,none,mixture,0.6,500,800117,0.004658360994653776,kl_split,none,0.49193445612578934
2-2-4,none,mixture,0.6,500,800117,0.004658360994653776,kl_crossfit,none,0.42504828248817106
2-2-4,none,mixture,0.6,500,800117,0.004658360994653776,cf1_margin,none,0.5275333044774684
2-2-4,none,mixture,0.6,500,800117,0.004658360994653776,slack_plugin,none,1.0550666089549365
2-2-4,none,mixture,0.6,500,800117,0.004658360994653776,gm_battery,none,0.0
2-2-4,none,mixture,0.6,500,800117,0.004658360994653776,gtest,none,9.591896500090812
2-2-4,none,mixture,0.6,500,800118,0.004516485001659021,kl_plugin,none,0.38611701194865633
2-2-4,none,mixture,0.6,500,800118,0.004516485001659021,kl_split,none,0.5079800787349904
2-2-4,none,mixture,0.6,500,800118,0.004516485001659021,kl_crossfit,none,0.44637573224635696
2-2-4,none,mixture,0.6,500,800118,0.004516485001659021,cf1_margin,none,0.5553421368547418
2-2-4,none,mixture,0.6,500,800118,0.004516485001659021,slack_plugin,none,1.1106842737094835
2-2-4,none,mixture,0.6,500,800118,0.004516485001659021,gm_battery,none,0.0
2-2-4,none,mixture,0.6,500,800118,0.004516485001659021,gtest,none,13.143926675313216
2-2-4,none,mixture,0.6,500,800119,0.005967667995719239,kl_plugin,none,0.3749681488688756
2-2-4,none,mixture,0.6,500,800119,0.005967667995719239,kl_split,none,0.46248604166793894
2-2-4,none,mixture,0.6,500,800119,0.005967667995719239,kl_crossfit,none,0.4355980435870199
2-2-4,none,mixture,0.6,500,800119,0.005967667995719239,cf1_margin,none,0.5600615029790506
2-2-4,none,mixture,0.6,500,800119,0.005967667995719239,slack_plugin,none,1.1201230059581009
2-2-4,none,mixture,0.6,500,800119,0.005967667995719239,gm_battery,none,0.0
2-2-4,none,mixture,0.6,500,800119,0.005967667995719239,gtest,none,26.645384861279645
2-2-4,none,mixture,0.6,500,800120,0.004938662001222838,kl_plugin,none,0.25700246879690086
2-2-4,none,mixture,0.6,500,800120,0.004938662001222838,kl_split,none,1.0252481014983488
2-2-4,none,mixture,0.6,500,800120,0.004938662001222838,kl_crossfit,none,0.7526718080427448
2-2-4,none,mixture,0.6,500,800120,0.004938662001222838,cf1_margin,none,0.4622150306797609
2-2-4,none,mixture,0.6,500,800120,0.004938662001222838,slack_plugin,none,0.924430061359522
2-2-4,none,mixture,0.6,500,800120,0.004938662001222838,gm_battery,none,0.0
2-2-4,none,mixture,0.6,500,800120,0.004938662001222838,gtest,none,15.175794551057397
2-2-4,none,mixture,0.6,500,800121,0.004923079002765007,kl_plugin,none,0.3522168058882691
2-2-4,none,mixture,0.6,500,800121,0.004923079002765007,kl_split,none,0.493076349372479
2-2-4,none,mixture,0.6,500,800121,0.004923079002765007,kl_crossfit,none,0.4137744230951127
2-2-4,none,mixture,0.6,500,800121,0.004923079002765007,cf1_margin,none,0.5345799180327868
2-2-4,none,mixture,0.6,500,800121,0.004923079002765007,slack_plugin,none,1.0691598360655739
2-2-4,none,mixture,0.6,500,800121,0.004923079002765007,gm_battery,none,0.0
2-2-4,none,mixture,0.6,500,800121,0.004923079002765007,gtest,none,24.273820431418855
2-2-4,none,mixture,0.6,500,800122,0.00460296399978688,kl_plugin,none,0.3400466863249052
2-2-4,none,mixture,0.6,500,800122,0.00460296399978688,kl_split,none,0.3941751909549888
2-2-4,none,mixture,0.6,500,800122,0.00460296399978688,kl_crossfit,none,0.7386148852314798
2-2-4,none,mixture,0.6,500,800122,0.00460296399978688,cf1_margin,none,0.5232388378174584
2-2-4,none,mixture,0.6,500,800122,0.00460296399978688,slack_plugin,none,1.0464776756349172
2-2-4,none,mixture,0.6,500,800122,0.00460296399978688,gm_battery,none,0.0
2-2-4,none,mixture,0.6,500,800122,0.00460296399978688,gtest,none,39.26248174550878
2-2-4,none,mixture,0.6,500,800123,0.0046288920057122596,kl_plugin,none,0.30596788075156023
2-2-4,none,mixture,0.6,500,800123,0.0046288920057122596,kl_split,none,0.38090931673168843
2-2-4,none,mixture,0.6,500,800123,0.0046288920057122596,kl_crossfit,none,0.3778901670154585
2-2-4,none,mixture,0.6,500,800123,0.0046288920057122596,cf1_margin,none,0.5005763319672132
2-2-4,none,mixture,0.6,500,800123,0.0046288920057122596,slack_plugin,none,1.0011526639344261
2-2-4,none,mixture,0.6,500,800123,0.0046288920057122596,gm_battery,none,0.0
2-2-4,none,mixture,0.6,500,800123,0.0046288920057122596,gtest,none,18.471280785282048
2-2-4,none,mixture,0.6,500,800124,0.00460231499891961,kl_plugin,none,0.32291167721769454
2-2-4,none,mixture,0.6,500,800124,0.00460231499891961,kl_split,none,0.4190227736894392
2-2-4,none,mixture,0.6,500,800124,0.00460231499891961,kl_crossfit,none,0.3843229325832029
2-2-4,none,mixture,0.6,500,800124,0.00460231499891961,cf1_margin,none,0.5197322057787175
2-2-4,none,mixture,0.6,500,800124,0.00460231499891961,slack_plugin,none,1.039464411557435
2-2-4,none,mixture,0.6,500,800124,0.00460231499891961,gm_battery,none,0.0
2-2-4,none,mixture,0.6,500,800124,0.00460231499891961,gtest,none,32.00076487266445
2-2-4,none,mixture,0.6,500,800125,0.0044458390038926154,kl_plugin,none,0.30949200480406625
2-2-4,none,mixture,0.6,500,800125,0.0044458390038926154,kl_split,none,0.47851164242096395
2-2-4,none,mixture,0.6,500,800125,0.0044458390038926154,kl_crossfit,none,0.3885537403838052
2-2-4,none,mixture,0.6,500,800125,0.0044458390038926154,cf1_margin,none,0.4999999999999999
2-2-4,none,mixture,0.6,500,800125,0.0044458390038926154,slack_plugin,none,1.0
2-2-4,none,mixture,0.6,500,800125,0.0044458390038926154,gm_battery,none,0.0
2-2-4,none,mixture,0.6,500,800125,0.0044458390038926154,gtest,none,15.023243137955358
2-2-4,none,mixture,0.6,500,800126,0.004599289000907447,kl_plugin,none,0.3221148565927613
2-2-4,none,mixture,0.6,500,800126,0.004599289000907447,kl_split,none,0.7521984735031259
2-2-4,none,mixture,0.6,500,800126,0.004599289000907447,kl_crossfit,none,0.6319909546352089
2-2-4,none,mixture,0.6,500,800126,0.004599289000907447,cf1_margin,none,0.4978194048826018
2-2-4,none,mixture,0.6,500,800126,0.004599289000907447,slack_plugin,none,0.995638809765204
2-2-4,none,mixture,0.6,500,800126,0.004599289000907447,gm_battery,none,0.0
2-2-4,none,mixture,0.6,500,800126,0.004599289000907447,gtest,none,11.456155834281073
2-2-4,none,mixture,0.6,500,800127,0.004821205002372153,kl_plugin,none,0.2947807275547988
2-2-4,none,mixture,0.6,500,800127,0.004821205002372153,kl_split,none,1.232841227422581
2-2-4,none,mixture,0.6,500,800127,0.004821205002372153,kl_crossfit,none,0.8583136967153325
2-2-4,none,mixture,0.6,500,800127,0.004821205002372153,cf1_margin,none,0.4995598239295719
2-2-4,none,mixture,0.6,500,800127,0.004821205002372153,slack_plugin,none,0.9991196478591439
2-2-4,none,mixture,0.6,500,800127,0.004821205002372153,gm_battery,none,0.0
2-2-4,none,mixture,0.6,500,800127,0.004821205002372153,gtest,none,18.89892213577484
2-2-4,none,mixture,0.6,500,800128,0.00858818399865413,kl_plugin,none,0.33268126279634214
2-2-4,none,mixture,0.6,500,800128,0.00858818399865413,kl_split,none,0.9821712408188588
2-2-4,none,mixture,0.6,500,800128,0.00858818399865413,kl_crossfit,none,0.68635573047396
2-2-4,none,mixture,0.6,500,800128,0.00858818399865413,cf1_margin,none,0.5284120913411532
2-2-4,none,mixture,0.6,500,800128,0.00858818399865413,slack_plugin,none,1.056824182682306
2-2-4,none,mixture,0.6,500,800128,0.00858818399865413,gm_battery,none,0.0
2-2-4,none,mixture,0.6,500,800128,0.00858818399865413,gtest,none,36.476745218595354
2-2-4,none,mixture,0.6,500,800129,0.00458927499857964,kl_plugin,none,0.3380455215915418
2-2-4,none,mixture,0.6,500,800129,0.00458927499857964,kl_split,none,0.6189013270152883
2-2-4,none,mixture,0.6,500,800129,0.00458927499857964,kl_crossfit,none,0.5696662304090678
2-2-4,none,mixture,0.6,500,800129,0.00458927499857964,cf1_margin,none,0.5123649459783914
2-2-4,none,mixture,0.6,500,800129,0.00458927499857964,slack_plugin,none,1.0247298919567827
2-2-4,none,mixture,0.6,500,800129,0.00458927499857964,gm_battery,none,0.0
2-2-4,none,mixture,0.6,500,800129,0.00458927499857964,gtest,none,10.525681887611263
2-2-4,none,mixture,0.6,500,800130,0.005735339000239037,kl_plugin,none,0.3575899963700928
2-2-4,none,mixture,0.6,500,800130,0.005735339000239037,kl_split,none,0.5033803931927682
2-2-4,none,mixture,0.6,500,800130,0.005735339000239037,kl_crossfit,none,0.46823725790412646
2-2-4,none,mixture,0.6,500,800130,0.005735339000239037,cf1_margin,none,0.5501529982857785
2-2-4,none,mixture,0.6,500,800130,0.005735339000239037,slack_plugin,none,1.1003059965715565
2-2-4,none,mixture,0.6,500,800130,0.005735339000239037,gm_battery,none,0.0
2-2-4,none,mixture,0.6,500,800130,0.005735339000239037,gtest,none,25.129723675950757
2-2-4,none,mixture,0.6,500,800131,0.004505129996687174,kl_plugin,none,0.30858827881104234
2-2-4,none,mixture,0.6,500,800131,0.004505129996687174,kl_split,none,0.3775022081880915
2-2-4,none,mixture,0.6,500,800131,0.004505129996687174,kl_crossfit,none,0.38395716235211763
2-2-4,none,mixture,0.6,500,800131,0.004505129996687174,cf1_margin,none,0.5038015206082433
2-2-4,none,mixture,0.6,500,800131,0.004505129996687174,slack_plugin,none,1.0076030412164867
2-2-4,none,mixture,0.6,500,800131,0.004505129996687174,gm_battery,none,0.0
2-2-4,none,mixture,0.6,500,800131,0.004505129996687174,gtest,none,20.63010406933591
2-2-4,none,mixture,0.6,500,800132,0.004791648003447335,kl_plugin,none,0.31224027431637946
2-2-4,none,mixture,0.6,500,800132,0.004791648003447335,kl_split,none,0.37116088100582584
2-2-4,none,mixture,0.6,500,800132,0.004791648003447335,kl_crossfit,none,0.4021095446875885
2-2-4,none,mixture,0.6,500,800132,0.004791648003447335,cf1_margin,none,0.5152101902673986
2-2-4,none,mixture,0.6,500,800132,0.004791648003447335,slack_plugin,none,1.030420380534797
2-2-4,none,mixture,0.6,500,800132,0.004791648003447335,gm_battery,none,0.0
2-2-4,none,mixture,0.6,500,800132,0.004791648003447335,gtest,none,34.373210080369915
2-2-4,none,mixture,0.6,500,800133,0.004681416998209897,kl_plugin,none,0.24629749286824879
2-2-4,none,mixture,0.6,500,800133,0.004681416998209897,kl_split,none,0.7130830070576917
2-2-4,none,mixture,0.6,500,800133,0.004681416998209897,kl_crossfit,none,1.0082258982926637
2-2-4,none,mixture,0.6,500,800133,0.004681416998209897,cf1_margin,none,0.4515380057965446
2-2-4,none,mixture,0.6,500,800133,0.004681416998209897,slack_plugin,none,0.9030760115930887
2-2-4,none,mixture,0.6,500,800133,0.004681416998209897,gm_battery,none,0.0
2-2-4,none,mixture,0.6,500,800133,0.004681416998209897,gtest,none,40.650172435624995
2-2-4,none,mixture,0.6,500,800134,0.005714562001230661,kl_plugin,none,0.2602272760049226
2-2-4,none,mixture,0.6,500,800134,0.005714562001230661,kl_split,none,0.2715407569737738
2-2-4,none,mixture,0.6,500,800134,0.005714562001230661,kl_crossfit,none,0.3259983421512631
2-2-4,none,mixture,0.6,500,800134,0.005714562001230661,cf1_margin,none,0.48403974463591426
2-2-4,none,mixture,0.6,500,800134,0.005714562001230661,slack_plugin,none,0.9680794892718281
2-2-4,none,mixture,0.6,500,800134,0.005714562001230661,gm_battery,none,0.0
2-2-4,none,mixture,0.6,500,800134,0.005714562001230661,gtest,none,21.3187698639584
2-2-4,none,mixture,0.6,500,800135,0.004843349001021124,kl_plugin,none,0.3024770533755936
2-2-4,none,mixture,0.6,500,800135,0.004843349001021124,kl_split,none,0.4181119792693978
2-2-4,none,mixture,0.6,500,800135,0.004843349001021124,kl_crossfit,none,0.4091719057242079
2-2-4,none,mixture,0.6,500,800135,0.004843349001021124,cf1_margin,none,0.5083333333333333
2-2-4,none,mixture,0.6,500,800135,0.004843349001021124,slack_plugin,none,1.0166666666666666
2-2-4,none,mixture,0.6,500,800135,0.004843349001021124,gm_battery,none,0.0
2-2-4,none,mixture,0.6,500,800135,0.004843349001021124,gtest,none,33.79774749175641
2-2-4,none,mixture,0.6,500,800136,0.005628594997688197,kl_plugin,none,0.42891630773870215
2-2-4,none,mixture,0.6,500,800136,0.005628594997688197,kl_split,none,2.0297589886022274
2-2-4,none,mixture,0.6,500,800136,0.005628594997688197,kl_crossfit,none,1.4883567395972983
2-2-4,none,mixture,0.6,500,800136,0.005628594997688197,cf1_margin,none,0.6091739577972208
2-2-4,none,mixture,0.6,500,800136,0.005628594997688197,slack_plugin,none,1.2183479155944417
2-2-4,none,mixture,0.6,500,800136,0.005628594997688197,gm_battery,none,0.0
2-2-4,none,mixture,0.6,500,800136,0.005628594997688197,gtest,none,38.35067828940818
2-2-4,none,mixture,0.6,500,800137,0.005319827003404498,kl_plugin,none,0.2536787776868468
2-2-4,none,mixture,0.6,500,800137,0.005319827003404498,kl_split,none,0.3411368428443337
2-2-4,none,mixture,0.6,500,800137,0.005319827003404498,kl_crossfit,none,0.34336811834550074
2-2-4,none,mixture,0.6,500,800137,0.005319827003404498,cf1_margin,none,0.4673265423793965
2-2-4,none,mixture,0.6,500,800137,0.005319827003404498,slack_plugin,none,0.934653084758793
2-2-4,none,mixture,0.6,500,800137,0.005319827003404498,gm_battery,none,0.0
2-2-4,none,mixture,0.6,500,800137,0.005319827003404498,gtest,none,44.91006752921789
2-2-4,none,mixture,0.6,500,800138,0.00455128700559726,kl_plugin,none,0.4079115730258381
2-2-4,none,mixture,0.6,500,800138,0.00455128700559726,kl_split,none,0.5791671285563352
2-2-4,none,mixture,0.6,500,800138,0.00455128700559726,kl_crossfit,none,0.4906507954859257
2-2-4,none,mixture,0.6,500,800138,0.00455128700559726,cf1_margin,none,0.5842893252965196
2-2-4,none,mixture,0.6,500,800138,0.00455128700559726,slack_plugin,none,1.1685786505930391
2-2-4,none,mixture,0.6,500,800138,0.00455128700559726,gm_battery,none,0.0
2-2-4,none,mixture,0.6,500,800138,0.00455128700559726,gtest,none,18.18336911239604
2-2-4,none,mixture,0.6,500,800139,0.005186135997064412,kl_plugin,none,0.3348534460833905
2-2-4,none,mixture,0.6,500,800139,0.005186135997064412,kl_split,none,0.470373812268256
2-2-4,none,mixture,0.6,500,800139,0.005186135997064412,kl_crossfit,none,0.4012083767298871
2-2-4,none,mixture,0.6,500,800139,0.005186135997064412,cf1_margin,none,0.5261910860655736
2-2-4,none,mixture,0.6,500,800139,0.005186135997064412,slack_plugin,none,1.0523821721311473
2-2-4,none,mixture,0.6,500,800139,0.005186135997064412,gm_battery,none,0.0
2-2-4,none,mixture,0.6,500,800139,0.005186135997064412,gtest,none,19.849274695786157
2-2-4,none,mixture,0.6,500,800140,0.004745027006720193,kl_plugin,none,0.30159025067643763
2-2-4,none,mixture,0.6,500,800140,0.004745027006720193,kl_split,none,0.4138662041172129
2-2-4,none,mixture,0.6,500,800140,0.004745027006720193,kl_crossfit,none,0.3823396877004906
2-2-4,none,mixture,0.6,500,800140,0.004745027006720193,cf1_margin,none,0.49366359447004604
2-2-4,none,mixture,0.6,500,800140,0.004745027006720193,slack_plugin,none,0.9873271889400923
2-2-4,none,mixture,0.6,500,800140,0.004745027006720193,gm_battery,none,0.0
2-2-4,none,mixture,0.6,500,800140,0.004745027006720193,gtest,none,18.64730448517161
2-2-4,none,mixture,0.6,500,800141,0.004715210001450032,kl_plugin,none,0.34539020951461746
2-2-4,none,mixture,0.6,500,800141,0.004715210001450032,kl_split,none,0.5476414052237152
2-2-4,none,mixture,0.6,500,800141,0.004715210001450032,kl_crossfit,none,0.6366057192814801
2-2-4,none,mixture,0.6,500,800141,0.004715210001450032,cf1_margin,none,0.5394230769230769
2-2-4,none,mixture,0.6,500,800141,0.004715210001450032,slack_plugin,none,1.0788461538461538
2-2-4,none,mixture,0.6,500,800141,0.004715210001450032,gm_battery,none,0.0
2-2-4,none,mixture,0.6,500,800141,0.004715210001450032,gtest,none,25.367662207784814
2-2-4,none,mixture,0.6,500,800142,0.0051679800017154776,kl_plugin,none,0.2738536566232661
2-2-4,none,mixture,0.6,500,800142,0.0051679800017154776,kl_split,none,0.4670580279969011
2-2-4,none,mixture,0.6,500,800142,0.0051679800017154776,kl_crossfit,none,0.3866897518495006
2-2-4,none,mixture,0.6,500,800142,0.0051679800017154776,cf1_margin,none,0.49475790316126456
2-2-4,none,mixture,0.6,500,800142,0.0051679800017154776,slack_plugin,none,0.9895158063225291
2-2-4,none,mixture,0.6,500,800142,0.0051679800017154776,gm_battery,none,0.0
2-2-4,none,mixture,0.6,500,800142,0.0051679800017154776,gtest,none,21.874057658946885
2-2-4,none,mixture,0.6,500,800143,0.005679957001120783,kl_plugin,none,0.3245969412254269
2-2-4,none,mixture,0.6,500,800143,0.005679957001120783,kl_split,none,0.40654133764434536
2-2-4,none,mixture,0.6,500,800143,0.005679957001120783,kl_crossfit,none,0.43909903762781316
2-2-4,none,mixture,0.6,500,800143,0.005679957001120783,cf1_margin,none,0.5351590701256197
2-2-4,none,mixture,0.6,500,800143,0.005679957001120783,slack_plugin,none,1.0703181402512396
2-2-4,none,mixture,0.6,500,800143,0.005679957001120783,gm_battery,none,0.0
2-2-4,none,mixture,0.6,500,800143,0.005679957001120783,gtest,none,31.487180341871827
2-2-4,none,mixture,0.6,500,800144,0.005337470000085887,kl_plugin,none,0.39580356943295536
2-2-4,none,mixture,0.6,500,800144,0.005337470000085887,kl_split,none,0.822702773158101
2-2-4,none,mixture,0.6,500,800144,0.005337470000085887,kl_crossfit,none,0.6868582874917026
2-2-4,none,mixture,0.6,500,800144,0.005337470000085887,cf1_margin,none,0.5761017792109865
2-2-4,none,mixture,0.6,500,800144,0.005337470000085887,slack_plugin,none,1.1522035584219732
2-2-4,none,mixture,0.6,500,800144,0.005337470000085887,gm_battery,none,0.0
2-2-4,none,mixture,0.6,500,800144,0.005337470000085887,gtest,none,32.913346123283965
2-2-4,none,mixture,0.6,500,800145,0.004502472998865414,kl_plugin,none,0.40966010145589016
2-2-4,none,mixture,0.6,500,800145,0.004502472998865414,kl_split,none,0.7571654563301998
2-2-4,none,mixture,0.6,500,800145,0.004502472998865414,kl_crossfit,none,0.6012314570517925
2-2-4,none,mixture,0.6,500,800145,0.004502472998865414,cf1_margin,none,0.5672927575218971
2-2-4,none,mixture,0.6,500,800145,0.004502472998865414,slack_plugin,none,1.1345855150437942
2-2-4,none,mixture,0.6,500,800145,0.004502472998865414,gm_battery,none,0.0
2-2-4,none,mixture,0.6,500,800145,0.004502472998865414,gtest,none,32.23750562508395
2-2-4,none,mixture,0.6,500,800146,0.004709644999820739,kl_plugin,none,0.3666151510851131
2-2-4,none,mixture,0.6,500,800146,0.004709644999820739,kl_split,none,0.45275290283940506
2-2-4,none,mixture,0.6,500,800146,0.004709644999820739,kl_crossfit,none,0.4496937425812213
2-2-4,none,mixture,0.6,500,800146,0.004709644999820739,cf1_margin,none,0.5403168901148245
2-2-4,none,mixture,0.6,500,800146,0.004709644999820739,slack_plugin,none,1.0806337802296488
2-2-4,none,mixture,0.6,500,800146,0.004709644999820739,gm_battery,none,0.0
2-2-4,none,mixture,0.6,500,800146,0.004709644999820739,gtest,none,29.60641672231624
2-2-4,none,mixture,0.6,500,800147,0.0054601089941570535,kl_plugin,none,0.24954250979678805
2-2-4,none,mixture,0.6,500,800147,0.0054601089941570535,kl_split,none,1.18526537937429
2-2-4,none,mixture,0.6,500,800147,0.0054601089941570535,kl_crossfit,none,0.7737784243622543
2-2-4,none,mixture,0.6,500,800147,0.0054601089941570535,cf1_margin,none,0.47562360997775965
2-2-4,none,mixture,0.6,500,800147,0.0054601089941570535,slack_plugin,none,0.9512472199555193
2-2-4,none,mixture,0.6,500,800147,0.0054601089941570535,gm_battery,none,0.0
2-2-4,none,mixture,0.6,500,800147,0.0054601089941570535,gtest,none,29.04984526787979
2-2-4,none,mixture,0.6,500,800148,0.0047320869998657145,kl_plugin,none,0.28643718005040614
2-2-4,none,mixture,0.6,500,800148,0.0047320869998657145,kl_split,none,0.7543624785915839
2-2-4,none,mixture,0.6,500,800148,0.0047320869998657145,kl_crossfit,none,0.5349905281808909
2-2-4,none,mixture,0.6,500,800148,0.0047320869998657145,cf1_margin,none,0.5033213285314125
2-2-4,none,mixture,0.6,500,800148,0.0047320869998657145,slack_plugin,none,1.0066426570628253
2-2-4,none,mixture,0.6,500,800148,0.0047320869998657145,gm_battery,none,0.0
2-2-4,none,mixture,0.6,500,800148,0.0047320869998657145,gtest,none,53.868040383791865
2-2-4,none,mixture,0.6,500,800149,0.005165737995412201,kl_plugin,none,0.316121871699088
2-2-4,none,mixture,0.6,500,800149,0.005165737995412201,kl_split,none,1.0237584975948877
2-2-4,none,mixture,0.6,500,800149,0.005165737995412201,kl_crossfit,none,0.8230620420640592
2-2-4,none,mixture,0.6,500,800149,0.005165737995412201,cf1_margin,none,0.5005364205537141
2-2-4,none,mixture,0.6,500,800149,0.005165737995412201,slack_plugin,none,1.0010728411074283
2-2-4,none,mixture,0.6,500,800149,0.005165737995412201,gm_battery,none,0.0
2-2-4,none,mixture,0.6,500,800149,0.005165737995412201,gtest,none,36.417737941788445
2-2-4,none,mixture,0.6,500,800150,0.004930620001687203,kl_plugin,none,0.29053163104097196
2-2-4,none,mixture,0.6,500,800150,0.004930620001687203,kl_split,none,0.4006125866527867
2-2-4,none,mixture,0.6,500,800150,0.004930620001687203,kl_crossfit,none,0.3647904731996715
2-2-4,none,mixture,0.6,500,800150,0.004930620001687203,cf1_margin,none,0.48921912823225766
2-2-4,none,mixture,0.6,500,800150,0.004930620001687203,slack_plugin,none,0.9784382564645151
2-2-4,none,mixture,0.6,500,800150,0.004930620001687203,gm_battery,none,0.0
2-2-4,none,mixture,0.6,500,800150,0.004930620001687203,gtest,none,26.878675163395407
2-2-4,none,mixture,0.6,500,800151,0.004341348001617007,kl_plugin,none,0.3347194360819766
2-2-4,none,mixture,0.6,500,800151,0.004341348001617007,kl_split,none,0.44053950927152274
2-2-4,none,mixture,0.6,500,800151,0.004341348001617007,kl_crossfit,none,0.42667356795056166
2-2-4,none,mixture,0.6,500,800151,0.004341348001617007,cf1_margin,none,0.5154096677415732
2-2-4,none,mixture,0.6,500,800151,0.004341348001617007,slack_plugin,none,1.0308193354831463
2-2-4,none,mixture,0.6,500,800151,0.004341348001617007,gm_battery,none,0.0
2-2-4,none,mixture,0.6,500,800151,0.004341348001617007,gtest,none,24.733585640263897
2-2-4,none,mixture,0.6,500,800152,0.004679687001043931,kl_plugin,none,0.2791956198830938
2-2-4,none,mixture,0.6,500,800152,0.004679687001043931,kl_split,none,0.4748530806333384
2-2-4,none,mixture,0.6,500,800152,0.004679687001043931,kl_crossfit,none,0.6059152600923077
2-2-4,none,mixture,0.6,500,800152,0.004679687001043931,cf1_margin,none,0.48066086065573776
2-2-4,none,mixture,0.6,500,800152,0.004679687001043931,slack_plugin,none,0.9613217213114755
2-2-4,none,mixture,0.6,500,800152,0.004679687001043931,gm_battery,none,0.0
2-2-4,none,mixture,0.6,500,800152,0.004679687001043931,gtest,none,30.893388308486976
2-2-4,none,mixture,0.6,500,800153,0.005302833000314422,kl_plugin,none,0.24912349671253253
2-2-4,none,mixture,0.6,500,800153,0.005302833000314422,kl_split,none,0.3806554383862883
2-2-4,none,mixture,0.6,500,800153,0.005302833000314422,kl_crossfit,none,0.34321123446203083
2-2-4,none,mixture,0.6,500,800153,0.005302833000314422,cf1_margin,none,0.47128148468399234
2-2-4,none,mixture,0.6,500,800153,0.005302833000314422,slack_plugin,none,0.9425629693679844
2-2-4,none,mixture,0.6,500,800153,0.005302833000314422,gm_battery,none,0.0
2-2-4,none,mixture,0.6,500,800153,0.005302833000314422,gtest,none,30.305537175195727
2-2-4,none,mixture,0.6,500,800154,0.005104520001623314,kl_plugin,none,0.3635082597489799
2-2-4,none,mixture,0.6,500,800154,0.005104520001623314,kl_split,none,0.45041170486374177
2-2-4,none,mixture,0.6,500,800154,0.005104520001623314,kl_crossfit,none,0.4479475119182005
2-2-4,none,mixture,0.6,500,800154,0.005104520001623314,cf1_margin,none,0.545950616888832
2-2-4,none,mixture,0.6,500,800154,0.005104520001623314,slack_plugin,none,1.091901233777664
2-2-4,none,mixture,0.6,500,800154,0.005104520001623314,gm_battery,none,0.0
2-2-4,none,mixture,0.6,500,800154,0.005104520001623314,gtest,none,45.067441940772696
2-2-4,none,mixture,0.6,500,800155,0.004663699997763615,kl_plugin,none,0.2987258969674616
2-2-4,none,mixture,0.6,500,800155,0.004663699997763615,kl_split,none,1.2734126045739456
2-2-4,none,mixture,0.6,500,800155,0.004663699997763615,kl_crossfit,none,0.8976500825029259
2-2-4,none,mixture,0.6,500,800155,0.004663699997763615,cf1_margin,none,0.4911965907816531
2-2-4,none,mixture,0.6,500,800155,0.004663699997763615,slack_plugin,none,0.9823931815633058
2-2-4,none,mixture,0.6,500,800155,0.004663699997763615,gm_battery,none,0.0
2-2-4,none,mixture,0.6,500,800155,0.004663699997763615,gtest,none,28.52488394685531
2-2-4,none,mixture,0.6,500,800156,0.00487325299764052,kl_plugin,none,0.3251224686797725
2-2-4,none,mixture,0.6,500,800156,0.00487325299764052,kl_split,none,0.4510709614788987
2-2-4,none,mixture,0.6,500,800156,0.00487325299764052,kl_crossfit,none,0.3768276017852589
2-2-4,none,mixture,0.6,500,800156,0.00487325299764052,cf1_margin,none,0.5348182283666156
2-2-4,none,mixture,0.6,500,800156,0.00487325299764052,slack_plugin,none,1.0696364567332308
2-2-4,none,mixture,0.6,500,800156,0.00487325299764052,gm_battery,none,0.0
2-2-4,none,mixture,0.6,500,800156,0.00487325299764052,gtest,none,15.413378527692567
2-2-4,none,mixture,0.6,500,800157,0.004545454998151399,kl_plugin,none,0.36909972623808607
2-2-4,none,mixture,0.6,500,800157,0.004545454998151399,kl_split,none,0.5658894583972129
2-2-4,none,mixture,0.6,500,800157,0.004545454998151399,kl_crossfit,none,0.6959168106898036
2-2-4,none,mixture,0.6,500,800157,0.004545454998151399,cf1_margin,none,0.5405362144857944
2-2-4,none,mixture,0.6,500,800157,0.004545454998151399,slack_plugin,none,1.0810724289715887
2-2-4,none,mixture,0.6,500,800157,0.004545454998151399,gm_battery,none,0.0
2-2-4,none,mixture,0.6,500,800157,0.004545454998151399,gtest,none,31.76046984493221
2-2-4,none,mixture,0.6,500,800158,0.004956299002515152,kl_plugin,none,0.23647346232806482
2-2-4,none,mixture,0.6,500,800158,0.004956299002515152,kl_split,none,0.6337494714362947
2-2-4,none,mixture,0.6,500,800158,0.004956299002515152,kl_crossfit,none,0.4841233925875963
2-2-4,none,mixture,0.6,500,800158,0.004956299002515152,cf1_margin,none,0.45408138771983175
2-2-4,none,mixture,0.6,500,800158,0.004956299002515152,slack_plugin,none,0.9081627754396633
2-2-4,none,mixture,0.6,500,800158,0.004956299002515152,gm_battery,none,0.0
2-2-4,none,mixture,0.6,500,800158,0.004956299002515152,gtest,none,16.222105766387696
2-2-4,none,mixture,0.6,500,800159,0.004353739001089707,kl_plugin,none,0.3891299474460179
2-2-4,none,mixture,0.6,500,800159,0.004353739001089707,kl_split,none,0.5966564633663176
2-2-4,none,mixture,0.6,500,800159,0.004353739001089707,kl_crossfit,none,0.5409685708960348
2-2-4,none,mixture,0.6,500,800159,0.004353739001089707,cf1_margin,none,0.5596485893968732
2-2-4,none,mixture,0.6,500,800159,0.004353739001089707,slack_plugin,none,1.119297178793746
2-2-4,none,mixture,0.6,500,800159,0.004353739001089707,gm_battery,none,0.0
2-2-4,none,mixture,0.6,500,800159,0.004353739001089707,gtest,none,17.696201754307005
2-2-4,none,mixture,0.6,500,800160,0.0048198229997069575,kl_plugin,none,0.32878875815684383
2-2-4,none,mixture,0.6,500,800160,0.0048198229997069575,kl_split,none,0.4714460920508117
2-2-4,none,mixture,0.6,500,800160,0.0048198229997069575,kl_crossfit,none,0.6172108518433141
2-2-4,none,mixture,0.6,500,800160,0.0048198229997069575,cf1_margin,none,0.5194031762295083
2-2-4,none,mixture,0.6,500,800160,0.0048198229997069575,slack_plugin,none,1.0388063524590163
2-2-4,none,mixture,0.6,500,800160,0.0048198229997069575,gm_battery,none,0.0
2-2-4,none,mixture,0.6,500,800160,0.0048198229997069575,gtest,none,12.546818180814675
2-2-4,none,mixture,0.6,500,800161,0.004910528994514607,kl_plugin,none,0.3035641809600503
2-2-4,none,mixture,0.6,500,800161,0.004910528994514607,kl_split,none,0.3965023590398835
2-2-4,none,mixture,0.6,500,800161,0.004910528994514607,kl_crossfit,none,0.40688007028941486
2-2-4,none,mixture,0.6,500,800161,0.004910528994514607,cf1_margin,none,0.5066564260112647
2-2-4,none,mixture,0.6,500,800161,0.004910528994514607,slack_plugin,none,1.0133128520225294
2-2-4,none,mixture,0.6,500,800161,0.004910528994514607,gm_battery,none,0.0
2-2-4,none,mixture,0.6,500,800161,0.004910528994514607,gtest,none,29.86146082228914
2-2-4,none,mixture,0.6,500,800162,0.0044238420014153235,kl_plugin,none,0.34503873306028315
2-2-4,none,mixture,0.6,500,800162,0.0044238420014153235,kl_split,none,0.4368995849652116
2-2-4,none,mixture,0.6,500,800162,0.0044238420014153235,kl_crossfit,none,0.43990658888077405
2-2-4,none,mixture,0.6,500,800162,0.0044238420014153235,cf1_margin,none,0.5290190035952748
2-2-4,none,mixture,0.6,500,800162,0.0044238420014153235,slack_plugin,none,1.0580380071905497
2-2-4,none,mixture,0.6,500,800162,0.0044238420014153235,gm_battery,none,0.0
2-2-4,none,mixture,0.6,500,800162,0.0044238420014153235,gtest,none,15.676782630051257
2-2-4,none,mixture,0.6,500,800163,0.0044794589994126,kl_plugin,none,0.3304595919661855
2-2-4,none,mixture,0.6,500,800163,0.0044794589994126,kl_split,none,0.4602452953547387
2-2-4,none,mixture,0.6,500,800163,0.0044794589994126,kl_crossfit,none,0.5330967293426851
2-2-4,none,mixture,0.6,500,800163,0.0044794589994126,cf1_margin,none,0.5207370313302516
2-2-4,none,mixture,0.6,500,800163,0.0044794589994126,slack_plugin,none,1.041474062660503
2-2-4,none,mixture,0.6,500,800163,0.0044794589994126,gm_battery,none,0.0
2-2-4,none,mixture,0.6,500,800163,0.0044794589994126,gtest,none,38.373400388049056
2-2-4,none,mixture,0.6,500,800164,0.0050274780005565844,kl_plugin,none,0.2364274156130618
2-2-4,none,mixture,0.6,500,800164,0.0050274780005565844,kl_split,none,0.334913398145031
2-2-4,none,mixture,0.6,500,800164,0.0050274780005565844,kl_crossfit,none,0.34683190764265226
2-2-4,none,mixture,0.6,500,800164,0.0050274780005565844,cf1_margin,none,0.452915517351979
2-2-4,none,mixture,0.6,500,800164,0.0050274780005565844,slack_plugin,none,0.9058310347039582
2-2-4,none,mixture,0.6,500,800164,0.0050274780005565844,gm_battery,none,0.0
2-2-4,none,mixture,0.6,500,800164,0.0050274780005565844,gtest,none,35.725402051734555
2-2-4,none,mixture,0.6,500,800165,0.00437242000043625,kl_plugin,none,0.290563034925708
2-2-4,none,mixture,0.6,500,800165,0.00437242000043625,kl_split,none,0.841306087318185
2-2-4,none,mixture,0.6,500,800165,0.00437242000043625,kl_crossfit,none,0.8281374248243266
2-2-4,none,mixture,0.6,500,800165,0.00437242000043625,cf1_margin,none,0.4893245341614907
2-2-4,none,mixture,0.6,500,800165,0.00437242000043625,slack_plugin,none,0.9786490683229814
2-2-4,none,mixture,0.6,500,800165,0.00437242000043625,gm_battery,none,0.0
2-2-4,none,mixture,0.6,500,800165,0.00437242000043625,gtest,none,13.911725414089052
2-2-4,none,mixture,0.6,500,800166,0.004213275002257433,kl_plugin,none,0.43688944674151453
2-2-4,none,mixture,0.6,500,800166,0.004213275002257433,kl_split,none,0.5111562272774813
2-2-4,none,mixture,0.6,500,800166,0.004213275002257433,kl_crossfit,none,0.5035668922306515
2-2-4,none,mixture,0.6,500,800166,0.004213275002257433,cf1_margin,none,0.5840928453167447
2-2-4,none,mixture,0.6,500,800166,0.004213275002257433,slack_plugin,none,1.1681856906334889
2-2-4,none,mixture,0.6,500,800166,0.004213275002257433,gm_battery,none,0.0
2-2-4,none,mixture,0.6,500,800166,0.004213275002257433,gtest,none,19.32273751496827
2-2-4,none,mixture,0.6,500,800167,0.004421651996381115,kl_plugin,none,0.2930758753347742
2-2-4,none,mixture,0.6,500,800167,0.004421651996381115,kl_split,none,0.3706951792453805
2-2-4,none,mixture,0.6,500,800167,0.004421651996381115,kl_crossfit,none,0.3745106031979948
2-2-4,none,mixture,0.6,500,800167,0.004421651996381115,cf1_margin,none,0.49920646371375
2-2-4,none,mixture,0.6,500,800167,0.004421651996381115,slack_plugin,none,0.9984129274274995
2-2-4,none,mixture,0.6,500,800167,0.004421651996381115,gm_battery,none,0.0
2-2-4,none,mixture,0.6,500,800167,0.004421651996381115,gtest,none,38.188309203650434
2-2-4,none,mixture,0.6,500,800168,0.004831158999877516,kl_plugin,none,0.37011806706371014
2-2-4,none,mixture,0.6,500,800168,0.004831158999877516,kl_split,none,0.5284827530927837
2-2-4,none,mixture,0.6,500,800168,0.004831158999877516,kl_crossfit,none,0.7012170837685489
2-2-4,none,mixture,0.6,500,800168,0.004831158999877516,cf1_margin,none,0.5595038015206082
2-2-4,none,mixture,0.6,500,800168,0.004831158999877516,slack_plugin,none,1.1190076030412168
2-2-4,none,mixture,0.6,500,800168,0.004831158999877516,gm_battery,none,0.0
2-2-4,none,mixture,0.6,500,800168,0.004831158999877516,gtest,none,14.497261128625897
2-2-4,none,mixture,0.6,500,800169,0.0049950669999816455,kl_plugin,none,0.3080345612806458
2-2-4,none,mixture,0.6,500,800169,0.0049950669999816455,kl_split,none,0.39536393998900365
2-2-4,none,mixture,0.6,500,800169,0.0049950669999816455,kl_crossfit,none,0.38154182271068104
2-2-4,none,mixture,0.6,500,800169,0.0049950669999816455,cf1_margin,none,0.517912435224848
2-2-4,none,mixture,0.6,500,800169,0.0049950669999816455,slack_plugin,none,1.0358248704496962
2-2-4,none,mixture,0.6,500,800169,0.0049950669999816455,gm_battery,none,0.0
2-2-4,none,mixture,0.6,500,800169,0.0049950669999816455,gtest,none,41.76521379700713
2-2-4,none,mixture,0.6,500,800170,0.005519559999811463,kl_plugin,none,0.31136877032984567
2-2-4,none,mixture,0.6,500,800170,0.005519559999811463,kl_split,none,0.8965528049319303
2-2-4,none,mixture,0.6,500,800170,0.005519559999811463,kl_crossfit,none,0.6596367413273172
2-2-4,none,mixture,0.6,500,800170,0.005519559999811463,cf1_margin,none,0.5274909963985593
2-2-4,none,mixture,0.6,500,800170,0.005519559999811463,slack_plugin,none,1.054981992797119
2-2-4,none,mixture,0.6,500,800170,0.005519559999811463,gm_battery,none,0.0
2-2-4,none,mixture,0.6,500,800170,0.005519559999811463,gtest,none,34.69219033920339
2-2-4,none,mixture,0.6,500,800171,0.005166974005987868,kl_plugin,none,0.29935430036814203
2-2-4,none,mixture,0.6,500,800171,0.005166974005987868,kl_split,none,0.30307315193018963
2-2-4,none,mixture,0.6,500,800171,0.005166974005987868,kl_crossfit,none,0.3508782726362034
2-2-4,none,mixture,0.6,500,800171,0.005166974005987868,cf1_margin,none,0.5008401209774207
2-2-4,none,mixture,0.6,500,800171,0.005166974005987868,slack_plugin,none,1.0016802419548414
2-2-4,none,mixture,0.6,500,800171,0.005166974005987868,gm_battery,none,0.0
2-2-4,none,mixture,0.6,500,800171,0.005166974005987868,gtest,none,31.698584057309017
2-2-4,none,mixture,0.6,500,800172,0.005086593002488371,kl_plugin,none,0.27463083122731874
2-2-4,none,mixture,0.6,500,800172,0.005086593002488371,kl_split,none,1.3702767119492987
2-2-4,none,mixture,0.6,500,800172,0.005086593002488371,kl_crossfit,none,0.8873176418573947
2-2-4,none,mixture,0.6,500,800172,0.005086593002488371,cf1_margin,none,0.47383903168249986
2-2-4,none,mixture,0.6,500,800172,0.005086593002488371,slack_plugin,none,0.9476780633649997
2-2-4,none,mixture,0.6,500,800172,0.005086593002488371,gm_battery,none,0.0
2-2-4,none,mixture,0.6,500,800172,0.005086593002488371,gtest,none,22.422472336735396
2-2-4,none,mixture,0.6,500,800173,0.006690381997032091,kl_plugin,none,0.27822813890063613
2-2-4,none,mixture,0.6,500,800173,0.006690381997032091,kl_split,none,1.2550656937987654
2-2-4,none,mixture,0.6,500,800173,0.006690381997032091,kl_crossfit,none,0.8462250277766707
2-2-4,none,mixture,0.6,500,800173,0.006690381997032091,cf1_margin,none,0.496
2-2-4,none,mixture,0.6,500,800173,0.006690381997032091,slack_plugin,none,0.9919999999999998
2-2-4,none,mixture,0.6,500,800173,0.006690381997032091,gm_battery,none,0.0
2-2-4,none,mixture,0.6,500,800173,0.006690381997032091,gtest,none,22.359821860938148
2-2-4,none,mixture,0.6,500,800174,0.0047662060023867525,kl_plugin,none,0.26772867359803454
2-2-4,none,mixture,0.6,500,800174,0.0047662060023867525,kl_split,none,0.34644870980507175
2-2-4,none,mixture,0.6,500,800174,0.0047662060023867525,kl_crossfit,none,0.3429572212130707
2-2-4,none,mixture,0.6,500,800174,0.0047662060023867525,cf1_margin,none,0.48
2-2-4,none,mixture,0.6,500,800174,0.0047662060023867525,slack_plugin,none,0.9599999999999997
2-2-4,none,mixture,0.6,500,800174,0.0047662060023867525,gm_battery,none,0.0
2-2-4,none,mixture,0.6,500,800174,0.0047662060023867525,gtest,none,28.536700233205934
2-2-4,none,mixture,0.6,500,800175,0.007175809005275369,kl_plugin,none,0.35040667302448153
2-2-4,none,mixture,0.6,500,800175,0.007175809005275369,kl_split,none,1.7111850362282162
2-2-4,none,mixture,0.6,500,800175,0.007175809005275369,kl_crossfit,none,1.0893791497638317
2-2-4,none,mixture,0.6,500,800175,0.007175809005275369,cf1_margin,none,0.5478202419819473
2-2-4,none,mixture,0.6,500,800175,0.007175809005275369,slack_plugin,none,1.095640483963895
2-2-4,none,mixture,0.6,500,800175,0.007175809005275369,gm_battery,none,0.0
2-2-4,none,mixture,0.6,500,800175,0.007175809005275369,gtest,none,31.31813447015451
2-2-4,none,mixture,0.6,500,800176,0.006761338998330757,kl_plugin,none,0.4400198522246521
2-2-4,none,mixture,0.6,500,800176,0.006761338998330757,kl_split,none,0.6126598108942235
2-2-4,none,mixture,0.6,500,800176,0.006761338998330757,kl_crossfit,none,0.7662284170876084
2-2-4,none,mixture,0.6,500,800176,0.006761338998330757,cf1_margin,none,0.6129285359722022
2-2-4,none,mixture,0.6,500,800176,0.006761338998330757,slack_plugin,none,1.2258570719444044
2-2-4,none,mixture,0.6,500,800176,0.006761338998330757,gm_battery,none,0.0
2-2-4,none,mixture,0.6,500,800176,0.006761338998330757,gtest,none,21.175937080847305
2-2-4,none,mixture,0.6,500,800177,0.004323617999034468,kl_plugin,none,0.2875300059141829
2-2-4,none,mixture,0.6,500,800177,0.004323617999034468,kl_split,none,0.40526304030607674
2-2-4,none,mixture,0.6,500,800177,0.004323617999034468,kl_crossfit,none,0.3807721900106589
2-2-4,none,mixture,0.6,500,800177,0.004323617999034468,cf1_margin,none,0.489405287753665
2-2-4,none,mixture,0.6,500,800177,0.004323617999034468,slack_plugin,none,0.9788105755073301
2-2-4,none,mixture,0.6,500,800177,0.004323617999034468,gm_battery,none,0.0
2-2-4,none,mixture,0.6,500,800177,0.004323617999034468,gtest,none,21.767389497091308
2-2-4,none,mixture,0.6,500,800178,0.004575353996187914,kl_plugin,none,0.30447780171447114
2-2-4,none,mixture,0.6,500,800178,0.004575353996187914,kl_split,none,1.5435859919138395
2-2-4,none,mixture,0.6,500,800178,0.004575353996187914,kl_crossfit,none,0.9874332424970844
2-2-4,none,mixture,0.6,500,800178,0.004575353996187914,cf1_margin,none,0.5093213422732873
2-2-4,none,mixture,0.6,500,800178,0.004575353996187914,slack_plugin,none,1.0186426845465748
2-2-4,none,mixture,0.6,500,800178,0.004575353996187914,gm_battery,none,0.0
2-2-4,none,mixture,0.6,500,800178,0.004575353996187914,gtest,none,61.531787448654455
2-2-4,none,mixture,0.6,500,800179,0.004431328001373913,kl_plugin,none,0.33276664003316947
2-2-4,none,mixture,0.6,500,800179,0.004431328001373913,kl_split,none,0.46582462609043324
2-2-4,none,mixture,0.6,500,800179,0.004431328001373913,kl_crossfit,none,0.4568358625300508
2-2-4,none,mixture,0.6,500,800179,0.004431328001373913,cf1_margin,none,0.5163549900392006
2-2-4,none,mixture,0.6,500,800179,0.004431328001373913,slack_plugin,none,1.0327099800784008
2-2-4,none,mixture,0.6,500,800179,0.004431328001373913,gm_battery,none,0.0
2-2-4,none,mixture,0.6,500,800179,0.004431328001373913,gtest,none,26.98108732536136
2-2-4,none,mixture,0.6,500,800180,0.004687491004006006,kl_plugin,none,0.27644565175197583
2-2-4,none,mixture,0.6,500,800180,0.004687491004006006,kl_split,none,0.3888167278997136
2-2-4,none,mixture,0.6,500,800180,0.004687491004006006,kl_crossfit,none,0.3797987699461888
2-2-4,none,mixture,0.6,500,800180,0.004687491004006006,cf1_margin,none,0.48663368729757184
2-2-4,none,mixture,0.6,500,800180,0.004687491004006006,slack_plugin,none,0.9732673745951433
2-2-4,none,mixture,0.6,500,800180,0.004687491004006006,gm_battery,none,0.0
2-2-4,none,mixture,0.6,500,800180,0.004687491004006006,gtest,none,25.41544595572011
2-2-4,none,mixture,0.6,500,800181,0.0051155969995306805,kl_plugin,none,0.3644104125391764
2-2-4,none,mixture,0.6,500,800181,0.0051155969995306805,kl_split,none,0.5244942440057997
2-2-4,none,mixture,0.6,500,800181,0.0051155969995306805,kl_crossfit,none,0.7174928509081422
2-2-4,none,mixture,0.6,500,800181,0.0051155969995306805,cf1_margin,none,0.5563236047107016
2-2-4,none,mixture,0.6,500,800181,0.0051155969995306805,slack_plugin,none,1.112647209421403
2-2-4,none,mixture,0.6,500,800181,0.0051155969995306805,gm_battery,none,0.0
2-2-4,none,mixture,0.6,500,800181,0.0051155969995306805,gtest,none,26.84892385169912
2-2-4,none,mixture,0.6,500,800182,0.009497368999291211,kl_plugin,none,0.29826891000071964
2-2-4,none,mixture,0.6,500,800182,0.009497368999291211,kl_split,none,0.4134604482979134
2-2-4,none,mixture,0.6,500,800182,0.009497368999291211,kl_crossfit,none,0.6413622473490654
2-2-4,none,mixture,0.6,500,800182,0.009497368999291211,cf1_margin,none,0.5084949703999616
2-2-4,none,mixture,0.6,500,800182,0.009497368999291211,slack_plugin,none,1.016989940799923
2-2-4,none,mixture,0.6,500,800182,0.009497368999291211,gm_battery,none,0.0
2-2-4,none,mixture,0.6,500,800182,0.009497368999291211,gtest,none,30.901454772954104
2-2-4,none,mixture,0.6,500,800183,0.01089137900271453,kl_plugin,none,0.3031739945313351
2-2-4,none,mixture,0.6,500,800183,0.01089137900271453,kl_split,none,0.4258827691234266
2-2-4,none,mixture,0.6,500,800183,0.01089137900271453,kl_crossfit,none,0.40649244882736857
2-2-4,none,mixture,0.6,500,800183,0.01089137900271453,cf1_margin,none,0.516425120772947
2-2-4,none,mixture,0.6,500,800183,0.01089137900271453,slack_plugin,none,1.0328502415458938
2-2-4,none,mixture,0.6,500,800183,0.01089137900271453,gm_battery,none,0.0
2-2-4,none,mixture,0.6,500,800183,0.01089137900271453,gtest,none,33.95601106202174
2-2-4,none,mixture,0.6,500,800184,0.00803744699805975,kl_plugin,none,0.33759439540937153
2-2-4,none,mixture,0.6,500,800184,0.00803744699805975,kl_split,none,1.339459687048461
2-2-4,none,mixture,0.6,500,800184,0.00803744699805975,kl_crossfit,none,0.902698948892658
2-2-4,none,mixture,0.6,500,800184,0.00803744699805975,cf1_margin,none,0.51393479810746
2-2-4,none,mixture,0.6,500,800184,0.00803744699805975,slack_plugin,none,1.02786959621492
2-2-4,none,mixture,0.6,500,800184,0.00803744699805975,gm_battery,none,0.0
2-2-4,none,mixture,0.6,500,800184,0.00803744699805975,gtest,none,26.707124816506294
2-2-4,none,mixture,0.6,500,800185,0.005057989001215901,kl_plugin,none,0.3129115674943862
2-2-4,none,mixture,0.6,500,800185,0.005057989001215901,kl_split,none,0.4198639492058226
2-2-4,none,mixture,0.6,500,800185,0.005057989001215901,kl_crossfit,none,0.7167565664659497
2-2-4,none,mixture,0.6,500,800185,0.005057989001215901,cf1_margin,none,0.4952879246067937
2-2-4,none,mixture,0.6,500,800185,0.005057989001215901,slack_plugin,none,0.9905758492135874
2-2-4,none,mixture,0.6,500,800185,0.005057989001215901,gm_battery,none,0.0
2-2-4,none,mixture,0.6,500,800185,0.005057989001215901,gtest,none,33.188136854151566
2-2-4,none,mixture,0.6,500,800186,0.010614569997414947,kl_plugin,none,0.29581488847205456
2-2-4,none,mixture,0.6,500,800186,0.010614569997414947,kl_split,none,0.42374067961190365
2-2-4,none,mixture,0.6,500,800186,0.010614569997414947,kl_crossfit,none,0.8482017716999842
2-2-4,none,mixture,0.6,500,800186,0.010614569997414947,cf1_margin,none,0.5151515151515151
2-2-4,none,mixture,0.6,500,800186,0.010614569997414947,slack_plugin,none,1.0303030303030303
2-2-4,none,mixture,0.6,500,800186,0.010614569997414947,gm_battery,none,0.0
2-2-4,none,mixture,0.6,500,800186,0.010614569997414947,gtest,none,16.648953345086646
2-2-4,none,mixture,0.6,500,800187,0.005791141004010569,kl_plugin,none,0.35605538546545074
2-2-4,none,mixture,0.6,500,800187,0.005791141004010569,kl_split,none,0.3458113714194776
2-2-4,none,mixture,0.6,500,800187,0.005791141004010569,kl_crossfit,none,0.5202959107246159
2-2-4,none,mixture,0.6,500,800187,0.005791141004010569,cf1_margin,none,0.5597173937422899
2-2-4,none,mixture,0.6,500,800187,0.005791141004010569,slack_plugin,none,1.1194347874845803
2-2-4,none,mixture,0.6,500,800187,0.005791141004010569,gm_battery,none,0.0
2-2-4,none,mixture,0.6,500,800187,0.005791141004010569,gtest,none,23.936905234844936
2-2-4,none,mixture,0.6,500,800188,0.0048844880002434365,kl_plugin,none,0.4265691709268349
2-2-4,none,mixture,0.6,500,800188,0.0048844880002434365,kl_split,none,0.9094137046993845
2-2-4,none,mixture,0.6,500,800188,0.0048844880002434365,kl_crossfit,none,0.7477921478876972
2-2-4,none,mixture,0.6,500,800188,0.0048844880002434365,cf1_margin,none,0.5883727256724969
2-2-4,none,mixture,0.6,500,800188,0.0048844880002434365,slack_plugin,none,1.1767454513449938
2-2-4,none,mixture,0.6,500,800188,0.0048844880002434365,gm_battery,none,0.0
2-2-4,none,mixture,0.6,500,800188,0.0048844880002434365,gtest,none,17.148229607404577
2-2-4,none,mixture,0.6,500,800189,0.005039677998865955,kl_plugin,none,0.2640497351357925
2-2-4,none,mixture,0.6,500,800189,0.005039677998865955,kl_split,none,0.3496845240030512
2-2-4,none,mixture,0.6,500,800189,0.005039677998865955,kl_crossfit,none,0.36225844046105826
2-2-4,none,mixture,0.6,500,800189,0.005039677998865955,cf1_margin,none,0.46314843348741663
2-2-4,none,mixture,0.6,500,800189,0.005039677998865955,slack_plugin,none,0.926296866974833
2-2-4,none,mixture,0.6,500,800189,0.005039677998865955,gm_battery,none,0.0
2-2-4,none,mixture,0.6,500,800189,0.005039677998865955,gtest,none,24.622055854694757
2-2-4,none,mixture,0.6,500,800190,0.005789995993836783,kl_plugin,none,0.3271031503142192
2-2-4,none,mixture,0.6,500,800190,0.005789995993836783,kl_split,none,0.5037052389742611
2-2-4,none,mixture,0.6,500,800190,0.005789995993836783,kl_crossfit,none,0.4294078741060856
2-2-4,none,mixture,0.6,500,800190,0.005789995993836783,cf1_margin,none,0.5275217613927292
2-2-4,none,mixture,0.6,500,800190,0.005789995993836783,slack_plugin,none,1.0550435227854584
2-2-4,none,mixture,0.6,500,800190,0.005789995993836783,gm_battery,none,0.0
2-2-4,none,mixture,0.6,500,800190,0.005789995993836783,gtest,none,35.49305056546589
2-2-4,none,mixture,0.6,500,800191,0.004808393001439981,kl_plugin,none,0.310569402722966
2-2-4,none,mixture,0.6,500,800191,0.004808393001439981,kl_split,none,0.4179667500456631
2-2-4,none,mixture,0.6,500,800191,0.004808393001439981,kl_crossfit,none,0.3900571901793909
2-2-4,none,mixture,0.6,500,800191,0.004808393001439981,cf1_margin,none,0.5028866508435434
2-2-4,none,mixture,0.6,500,800191,0.004808393001439981,slack_plugin,none,1.005773301687087
2-2-4,none,mixture,0.6,500,800191,0.004808393001439981,gm_battery,none,0.0
2-2-4,none,mixture,0.6,500,800191,0.004808393001439981,gtest,none,14.650053575859397
2-2-4,none,mixture,0.6,500,800192,0.005175330996280536,kl_plugin,none,0.26244397999839564
2-2-4,none,mixture,0.6,500,800192,0.005175330996280536,kl_split,none,0.49121291661352307
2-2-4,none,mixture,0.6,500,800192,0.005175330996280536,kl_crossfit,none,0.4480126860625502
2-2-4,none,mixture,0.6,500,800192,0.005175330996280536,cf1_margin,none,0.4710598326158967
2-2-4,none,mixture,0.6,500,800192,0.005175330996280536,slack_plugin,none,0.9421196652317932
2-2-4,none,mixture,0.6,500,800192,0.005175330996280536,gm_battery,none,0.0
2-2-4,none,mixture,0.6,500,800192,0.005175330996280536,gtest,none,23.75311024986515
2-2-4,none,mixture,0.6,500,800193,0.004764812001667451,kl_plugin,none,0.3244328386742455
2-2-4,none,mixture,0.6,500,800193,0.004764812001667451,kl_split,none,0.7894865316546862
2-2-4,none,mixture,0.6,500,800193,0.004764812001667451,kl_crossfit,none,0.547436019952741
2-2-4,none,mixture,0.6,500,800193,0.004764812001667451,cf1_margin,none,0.5198643178290852
2-2-4,none,mixture,0.6,500,800193,0.004764812001667451,slack_plugin,none,1.0397286356581708
2-2-4,none,mixture,0.6,500,800193,0.004764812001667451,gm_battery,none,0.0
2-2-4,none,mixture,0.6,500,800193,0.004764812001667451,gtest,none,26.77175921205876
2-2-4,none,mixture,0.6,500,800194,0.004583517998980824,kl_plugin,none,0.3262242364076323
2-2-4,none,mixture,0.6,500,800194,0.004583517998980824,kl_split,none,0.44305582940071564
2-2-4,none,mixture,0.6,500,800194,0.004583517998980824,kl_crossfit,none,0.42962471765109456
2-2-4,none,mixture,0.6,500,800194,0.004583517998980824,cf1_margin,none,0.5226151579217118
2-2-4,none,mixture,0.6,500,800194,0.004583517998980824,slack_plugin,none,1.0452303158434235
2-2-4,none,mixture,0.6,500,800194,0.004583517998980824,gm_battery,none,0.0
2-2-4,none,mixture,0.6,500,800194,0.004583517998980824,gtest,none,10.116862145354785
2-2-4,none,mixture,0.6,500,800195,0.005783747001260053,kl_plugin,none,0.2775535800772403
2-2-4,none,mixture,0.6,500,800195,0.005783747001260053,kl_split,none,0.4126881919692031
2-2-4,none,mixture,0.6,500,800195,0.005783747001260053,kl_crossfit,none,0.36720193591970873
2-2-4,none,mixture,0.6,500,800195,0.005783747001260053,cf1_margin,none,0.4788786482334869
2-2-4,none,mixture,0.6,500,800195,0.005783747001260053,slack_plugin,none,0.9577572964669738
2-2-4,none,mixture,0.6,500,800195,0.005783747001260053,gm_battery,none,0.0
2-2-4,none,mixture,0.6,500,800195,0.005783747001260053,gtest,none,27.084486223408035
2-2-4,none,mixture,0.6,500,800196,0.0048801879966049455,kl_plugin,none,0.24018950380305115
2-2-4,none,mixture,0.6,500,800196,0.0048801879966049455,kl_split,none,0.3403219130972508
2-2-4,none,mixture,0.6,500,800196,0.0048801879966049455,kl_crossfit,none,0.3480497391405216
2-2-4,none,mixture,0.6,500,800196,0.0048801879966049455,cf1_margin,none,0.4450580232092838
2-2-4,none,mixture,0.6,500,800196,0.0048801879966049455,slack_plugin,none,0.8901160464185677
2-2-4,none,mixture,0.6,500,800196,0.0048801879966049455,gm_battery,none,0.0
2-2-4,none,mixture,0.6,500,800196,0.0048801879966049455,gtest,none,35.353355449557654
2-2-4,none,mixture,0.6,500,800197,0.004632387004676275,kl_plugin,none,0.2845877183607377
2-2-4,none,mixture,0.6,500,800197,0.004632387004676275,kl_split,none,0.3559165727827867
2-2-4,none,mixture,0.6,500,800197,0.004632387004676275,kl_crossfit,none,0.3755447627002897
2-2-4,none,mixture,0.6,500,800197,0.004632387004676275,cf1_margin,none,0.48296924981112666
2-2-4,none,mixture,0.6,500,800197,0.004632387004676275,slack_plugin,none,0.9659384996222535
2-2-4,none,mixture,0.6,500,800197,0.004632387004676275,gm_battery,none,0.0
2-2-4,none,mixture,0.6,500,800197,0.004632387004676275,gtest,none,16.302502408780185
2-2-4,none,mixture,0.6,500,800198,0.0047727339988341555,kl_plugin,none,0.33769760310580615
2-2-4,none,mixture,0.6,500,800198,0.0047727339988341555,kl_split,none,1.7758973332319856
2-2-4,none,mixture,0.6,500,800198,0.0047727339988341555,kl_crossfit,none,1.3292579914171037
2-2-4,none,mixture,0.6,500,800198,0.0047727339988341555,cf1_margin,none,0.5284964139344261
2-2-4,none,mixture,0.6,500,800198,0.0047727339988341555,slack_plugin,none,1.0569928278688523
2-2-4,none,mixture,0.6,500,800198,0.0047727339988341555,gm_battery,none,0.0
2-2-4,none,mixture,0.6,500,800198,0.0047727339988341555,gtest,none,20.976244757294317
2-2-4,none,mixture,0.6,500,800199,0.004963767001754604,kl_plugin,none,0.36893086459674856
2-2-4,none,mixture,0.6,500,800199,0.004963767001754604,kl_split,none,0.5788189167892221
2-2-4,none,mixture,0.6,500,800199,0.004963767001754604,kl_crossfit,none,0.5648708101050297
2-2-4,none,mixture,0.6,500,800199,0.004963767001754604,cf1_margin,none,0.5439999999999999
2-2-4,none,mixture,0.6,500,800199,0.004963767001754604,slack_plugin,none,1.0879999999999996
2-2-4,none,mixture,0.6,500,800199,0.004963767001754604,gm_battery,none,0.0
2-2-4,none,mixture,0.6,500,800199,0.004963767001754604,gtest,none,34.95534053674105
