cell,tail,family,rho,n,seed,dt_stats_s,stat,engine,stat_obs
2-2-8,t3,mixture,0.6,1000,800000,0.008985455002402887,kl_plugin,none,0.3256700915090124
2-2-8,t3,mixture,0.6,1000,800000,0.008985455002402887,kl_split,none,0.41223574180950234
2-2-8,t3,mixture,0.6,1000,800000,0.008985455002402887,kl_crossfit,none,0.6540150652040533
2-2-8,t3,mixture,0.6,1000,800000,0.008985455002402887,cf1_margin,none,0.5332671618852458
2-2-8,t3,mixture,0.6,1000,800000,0.008985455002402887,slack_plugin,none,1.0665343237704918
2-2-8,t3,mixture,0.6,1000,800000,0.008985455002402887,gm_battery,none,0.0
2-2-8,t3,mixture,0.6,1000,800000,0.008985455002402887,gtest,none,169.70458356903583
2-2-8,t3,mixture,0.6,1000,800001,0.011173197002790403,kl_plugin,none,0.3689053489611202
2-2-8,t3,mixture,0.6,1000,800001,0.011173197002790403,kl_split,none,0.43590733235726065
2-2-8,t3,mixture,0.6,1000,800001,0.011173197002790403,kl_crossfit,none,0.4313076581877709
2-2-8,t3,mixture,0.6,1000,800001,0.011173197002790403,cf1_margin,none,0.5756833749439856
2-2-8,t3,mixture,0.6,1000,800001,0.011173197002790403,slack_plugin,none,1.1513667498879714
2-2-8,t3,mixture,0.6,1000,800001,0.011173197002790403,gm_battery,none,0.0
2-2-8,t3,mixture,0.6,1000,800001,0.011173197002790403,gtest,none,145.18927071014792
2-2-8,t3,mixture,0.6,1000,800002,0.012369332005619071,kl_plugin,none,0.2459544636473689
2-2-8,t3,mixture,0.6,1000,800002,0.012369332005619071,kl_split,none,0.3439837059489799
2-2-8,t3,mixture,0.6,1000,800002,0.012369332005619071,kl_crossfit,none,0.46606950431103844
2-2-8,t3,mixture,0.6,1000,800002,0.012369332005619071,cf1_margin,none,0.4762699050796202
2-2-8,t3,mixture,0.6,1000,800002,0.012369332005619071,slack_plugin,none,0.9525398101592404
2-2-8,t3,mixture,0.6,1000,800002,0.012369332005619071,gm_battery,none,0.0
2-2-8,t3,mixture,0.6,1000,800002,0.012369332005619071,gtest,none,141.7907263201825
2-2-8,t3,mixture,0.6,1000,800003,0.015410486004839186,kl_plugin,none,0.3354422033966536
2-2-8,t3,mixture,0.6,1000,800003,0.015410486004839186,kl_split,none,0.4995054401506228
2-2-8,t3,mixture,0.6,1000,800003,0.015410486004839186,kl_crossfit,none,0.5243781845012303
2-2-8,t3,mixture,0.6,1000,800003,0.015410486004839186,cf1_margin,none,0.5374334237765048
2-2-8,t3,mixture,0.6,1000,800003,0.015410486004839186,slack_plugin,none,1.0748668475530097
2-2-8,t3,mixture,0.6,1000,800003,0.015410486004839186,gm_battery,none,0.0
2-2-8,t3,mixture,0.6,1000,800003,0.015410486004839186,gtest,none,121.68650097863771
2-2-8,t3,mixture,0.6,1000,800004,0.009824471999309026,kl_plugin,none,0.33042439269836804
2-2-8,t3,mixture,0.6,1000,800004,0.009824471999309026,kl_split,none,0.9497248092539002
2-2-8,t3,mixture,0.6,1000,800004,0.009824471999309026,kl_crossfit,none,0.6777056811497939
2-2-8,t3,mixture,0.6,1000,800004,0.009824471999309026,cf1_margin,none,0.5433206931310901
2-2-8,t3,mixture,0.6,1000,800004,0.009824471999309026,slack_plugin,none,1.08664138626218
2-2-8,t3,mixture,0.6,1000,800004,0.009824471999309026,gm_battery,none,0.0
2-2-8,t3,mixture,0.6,1000,800004,0.009824471999309026,gtest,none,156.7312354504343
2-2-8,t3,mixture,0.6,1000,800005,0.009772226003406104,kl_plugin,none,0.3035985785450373
2-2-8,t3,mixture,0.6,1000,800005,0.009772226003406104,kl_split,none,0.5752689894001277
2-2-8,t3,mixture,0.6,1000,800005,0.009772226003406104,kl_crossfit,none,0.7100554106849003
2-2-8,t3,mixture,0.6,1000,800005,0.009772226003406104,cf1_margin,none,0.5136854741896759
2-2-8,t3,mixture,0.6,1000,800005,0.009772226003406104,slack_plugin,none,1.0273709483793514
2-2-8,t3,mixture,0.6,1000,800005,0.009772226003406104,gm_battery,none,0.0
2-2-8,t3,mixture,0.6,1000,800005,0.009772226003406104,gtest,none,176.0006290034659
2-2-8,t3,mixture,0.6,1000,800006,0.008975814998848364,kl_plugin,none,0.3198234913210025
2-2-8,t3,mixture,0.6,1000,800006,0.008975814998848364,kl_split,none,0.6919768592272187
2-2-8,t3,mixture,0.6,1000,800006,0.008975814998848364,kl_crossfit,none,0.5177009118568978
2-2-8,t3,mixture,0.6,1000,800006,0.008975814998848364,cf1_margin,none,0.5208653353814645
2-2-8,t3,mixture,0.6,1000,800006,0.008975814998848364,slack_plugin,none,1.0417306707629286
2-2-8,t3,mixture,0.6,1000,800006,0.008975814998848364,gm_battery,none,0.0
2-2-8,t3,mixture,0.6,1000,800006,0.008975814998848364,gtest,none,130.4754341906986
2-2-8,t3,mixture,0.6,1000,800007,0.011283920001005754,kl_plugin,none,0.31149730230984435
2-2-8,t3,mixture,0.6,1000,800007,0.011283920001005754,kl_split,none,0.5113405145904025
2-2-8,t3,mixture,0.6,1000,800007,0.011283920001005754,kl_crossfit,none,0.8929325146373772
2-2-8,t3,mixture,0.6,1000,800007,0.011283920001005754,cf1_margin,none,0.53
2-2-8,t3,mixture,0.6,1000,800007,0.011283920001005754,slack_plugin,none,1.0599999999999996
2-2-8,t3,mixture,0.6,1000,800007,0.011283920001005754,gm_battery,none,0.0
2-2-8,t3,mixture,0.6,1000,800007,0.011283920001005754,gtest,none,107.15622488760775
2-2-8,t3,mixture,0.6,1000,800008,0.012837876995035913,kl_plugin,none,0.3383650263317316
2-2-8,t3,mixture,0.6,1000,800008,0.012837876995035913,kl_split,none,1.021828272476591
2-2-8,t3,mixture,0.6,1000,800008,0.012837876995035913,kl_crossfit,none,0.7456350010216868
2-2-8,t3,mixture,0.6,1000,800008,0.012837876995035913,cf1_margin,none,0.5397821591286365
2-2-8,t3,mixture,0.6,1000,800008,0.012837876995035913,slack_plugin,none,1.079564318257273
2-2-8,t3,mixture,0.6,1000,800008,0.012837876995035913,gm_battery,none,0.0
2-2-8,t3,mixture,0.6,1000,800008,0.012837876995035913,gtest,none,126.96431303862123
2-2-8,t3,mixture,0.6,1000,800009,0.008257720000983682,kl_plugin,none,0.308689378645429
2-2-8,t3,mixture,0.6,1000,800009,0.008257720000983682,kl_split,none,0.3825104918194221
2-2-8,t3,mixture,0.6,1000,800009,0.008257720000983682,kl_crossfit,none,0.37259338198315417
2-2-8,t3,mixture,0.6,1000,800009,0.008257720000983682,cf1_margin,none,0.5182472989195679
2-2-8,t3,mixture,0.6,1000,800009,0.008257720000983682,slack_plugin,none,1.0364945978391358
2-2-8,t3,mixture,0.6,1000,800009,0.008257720000983682,gm_battery,none,0.0
2-2-8,t3,mixture,0.6,1000,800009,0.008257720000983682,gtest,none,153.22846644293747
2-2-8,t3,mixture,0.6,1000,800010,0.009372405002068263,kl_plugin,none,0.36885905836931226
2-2-8,t3,mixture,0.6,1000,800010,0.009372405002068263,kl_split,none,0.6212049752297579
2-2-8,t3,mixture,0.6,1000,800010,0.009372405002068263,kl_crossfit,none,1.0077381028313064
2-2-8,t3,mixture,0.6,1000,800010,0.009372405002068263,cf1_margin,none,0.5730546788638076
2-2-8,t3,mixture,0.6,1000,800010,0.009372405002068263,slack_plugin,none,1.1461093577276151
2-2-8,t3,mixture,0.6,1000,800010,0.009372405002068263,gm_battery,none,0.0
2-2-8,t3,mixture,0.6,1000,800010,0.009372405002068263,gtest,none,142.59638116660784
2-2-8,t3,mixture,0.6,1000,800011,0.010269796999637038,kl_plugin,none,0.3294864523921205
2-2-8,t3,mixture,0.6,1000,800011,0.010269796999637038,kl_split,none,0.6207532725189143
2-2-8,t3,mixture,0.6,1000,800011,0.010269796999637038,kl_crossfit,none,0.6664498895929988
2-2-8,t3,mixture,0.6,1000,800011,0.010269796999637038,cf1_margin,none,0.54
2-2-8,t3,mixture,0.6,1000,800011,0.010269796999637038,slack_plugin,none,1.0799999999999996
2-2-8,t3,mixture,0.6,1000,800011,0.010269796999637038,gm_battery,none,0.0
2-2-8,t3,mixture,0.6,1000,800011,0.010269796999637038,gtest,none,95.06449821650801
2-2-8,t3,mixture,0.6,1000,800012,0.009768356998392846,kl_plugin,none,0.2571583596899719
2-2-8,t3,mixture,0.6,1000,800012,0.009768356998392846,kl_split,none,0.5060828510729326
2-2-8,t3,mixture,0.6,1000,800012,0.009768356998392846,kl_crossfit,none,0.5701507279111774
2-2-8,t3,mixture,0.6,1000,800012,0.009768356998392846,cf1_margin,none,0.47819686034789
2-2-8,t3,mixture,0.6,1000,800012,0.009768356998392846,slack_plugin,none,0.9563937206957802
2-2-8,t3,mixture,0.6,1000,800012,0.009768356998392846,gm_battery,none,0.0
2-2-8,t3,mixture,0.6,1000,800012,0.009768356998392846,gtest,none,156.59594304628837
2-2-8,t3,mixture,0.6,1000,800013,0.010221877993899398,kl_plugin,none,0.40636500761423755
2-2-8,t3,mixture,0.6,1000,800013,0.010221877993899398,kl_split,none,0.7366130652666197
2-2-8,t3,mixture,0.6,1000,800013,0.010221877993899398,kl_crossfit,none,0.8084263246627906
2-2-8,t3,mixture,0.6,1000,800013,0.010221877993899398,cf1_margin,none,0.6010376373549449
2-2-8,t3,mixture,0.6,1000,800013,0.010221877993899398,slack_plugin,none,1.2020752747098897
2-2-8,t3,mixture,0.6,1000,800013,0.010221877993899398,gm_battery,none,0.0
2-2-8,t3,mixture,0.6,1000,800013,0.010221877993899398,gtest,none,139.67318520654413
2-2-8,t3,mixture,0.6,1000,800014,0.010758104996057227,kl_plugin,none,0.3358304610316612
2-2-8,t3,mixture,0.6,1000,800014,0.010758104996057227,kl_split,none,0.36458483691314003
2-2-8,t3,mixture,0.6,1000,800014,0.010758104996057227,kl_crossfit,none,0.401738207090942
2-2-8,t3,mixture,0.6,1000,800014,0.010758104996057227,cf1_margin,none,0.5412539669199893
2-2-8,t3,mixture,0.6,1000,800014,0.010758104996057227,slack_plugin,none,1.0825079338399792
2-2-8,t3,mixture,0.6,1000,800014,0.010758104996057227,gm_battery,none,0.0
2-2-8,t3,mixture,0.6,1000,800014,0.010758104996057227,gtest,none,108.89875741109057
2-2-8,t3,mixture,0.6,1000,800015,0.009691754006780684,kl_plugin,none,0.35236316838203274
2-2-8,t3,mixture,0.6,1000,800015,0.009691754006780684,kl_split,none,0.44050886785936144
2-2-8,t3,mixture,0.6,1000,800015,0.009691754006780684,kl_crossfit,none,0.5078055894765938
2-2-8,t3,mixture,0.6,1000,800015,0.009691754006780684,cf1_margin,none,0.5577293149457294
2-2-8,t3,mixture,0.6,1000,800015,0.009691754006780684,slack_plugin,none,1.1154586298914588
2-2-8,t3,mixture,0.6,1000,800015,0.009691754006780684,gm_battery,none,0.0
2-2-8,t3,mixture,0.6,1000,800015,0.009691754006780684,gtest,none,163.36336624836554
2-2-8,t3,mixture,0.6,1000,800016,0.010642096000083257,kl_plugin,none,0.37336319666756623
2-2-8,t3,mixture,0.6,1000,800016,0.010642096000083257,kl_split,none,7.6336211491241865
2-2-8,t3,mixture,0.6,1000,800016,0.010642096000083257,kl_crossfit,none,4.046095795297787
2-2-8,t3,mixture,0.6,1000,800016,0.010642096000083257,cf1_margin,none,0.5757928553996583
2-2-8,t3,mixture,0.6,1000,800016,0.010642096000083257,slack_plugin,none,1.1515857107993164
2-2-8,t3,mixture,0.6,1000,800016,0.010642096000083257,gm_battery,none,0.0
2-2-8,t3,mixture,0.6,1000,800016,0.010642096000083257,gtest,none,148.0729867138662
2-2-8,t3,mixture,0.6,1000,800017,0.009589549998054281,kl_plugin,none,0.3652542124956798
2-2-8,t3,mixture,0.6,1000,800017,0.009589549998054281,kl_split,none,0.6416329783490241
2-2-8,t3,mixture,0.6,1000,800017,0.009589549998054281,kl_crossfit,none,0.7291661657661225
2-2-8,t3,mixture,0.6,1000,800017,0.009589549998054281,cf1_margin,none,0.5584342337369349
2-2-8,t3,mixture,0.6,1000,800017,0.009589549998054281,slack_plugin,none,1.1168684674738696
2-2-8,t3,mixture,0.6,1000,800017,0.009589549998054281,gm_battery,none,0.0
2-2-8,t3,mixture,0.6,1000,800017,0.009589549998054281,gtest,none,121.4273390623406
2-2-8,t3,mixture,0.6,1000,800018,0.009267428002203815,kl_plugin,none,0.32354698720639447
2-2-8,t3,mixture,0.6,1000,800018,0.009267428002203815,kl_split,none,0.38474161211671376
2-2-8,t3,mixture,0.6,1000,800018,0.009267428002203815,kl_crossfit,none,0.6636487304697372
2-2-8,t3,mixture,0.6,1000,800018,0.009267428002203815,cf1_margin,none,0.5338058887677208
2-2-8,t3,mixture,0.6,1000,800018,0.009267428002203815,slack_plugin,none,1.067611777535442
2-2-8,t3,mixture,0.6,1000,800018,0.009267428002203815,gm_battery,none,0.0
2-2-8,t3,mixture,0.6,1000,800018,0.009267428002203815,gtest,none,154.71589525549047
2-2-8,t3,mixture,0.6,1000,800019,0.009307628999522422,kl_plugin,none,0.2828278105183083
2-2-8,t3,mixture,0.6,1000,800019,0.009307628999522422,kl_split,none,0.33606198557839145
2-2-8,t3,mixture,0.6,1000,800019,0.009307628999522422,kl_crossfit,none,0.6551137066516097
2-2-8,t3,mixture,0.6,1000,800019,0.009307628999522422,cf1_margin,none,0.4935974389755903
2-2-8,t3,mixture,0.6,1000,800019,0.009307628999522422,slack_plugin,none,0.9871948779511801
2-2-8,t3,mixture,0.6,1000,800019,0.009307628999522422,gm_battery,none,0.0
2-2-8,t3,mixture,0.6,1000,800019,0.009307628999522422,gtest,none,187.08148582680874
2-2-8,t3,mixture,0.6,1000,800020,0.009096535002754536,kl_plugin,none,0.31325713659188226
2-2-8,t3,mixture,0.6,1000,800020,0.009096535002754536,kl_split,none,0.36899905579211667
2-2-8,t3,mixture,0.6,1000,800020,0.009096535002754536,kl_crossfit,none,0.5538447751170592
2-2-8,t3,mixture,0.6,1000,800020,0.009096535002754536,cf1_margin,none,0.5232723723579578
2-2-8,t3,mixture,0.6,1000,800020,0.009096535002754536,slack_plugin,none,1.0465447447159155
2-2-8,t3,mixture,0.6,1000,800020,0.009096535002754536,gm_battery,none,0.0
2-2-8,t3,mixture,0.6,1000,800020,0.009096535002754536,gtest,none,88.56279259901163
2-2-8,t3,mixture,0.6,1000,800021,0.011606619002122898,kl_plugin,none,0.2839848802171905
2-2-8,t3,mixture,0.6,1000,800021,0.011606619002122898,kl_split,none,0.3671257649952075
2-2-8,t3,mixture,0.6,1000,800021,0.011606619002122898,kl_crossfit,none,0.4488575907005927
2-2-8,t3,mixture,0.6,1000,800021,0.011606619002122898,cf1_margin,none,0.5022435897435898
2-2-8,t3,mixture,0.6,1000,800021,0.011606619002122898,slack_plugin,none,1.0044871794871797
2-2-8,t3,mixture,0.6,1000,800021,0.011606619002122898,gm_battery,none,0.0
2-2-8,t3,mixture,0.6,1000,800021,0.011606619002122898,gtest,none,115.51830464175227
2-2-8,t3,mixture,0.6,1000,800022,0.013511532000848092,kl_plugin,none,0.30123434904401464
2-2-8,t3,mixture,0.6,1000,800022,0.013511532000848092,kl_split,none,1.121848039002996
2-2-8,t3,mixture,0.6,1000,800022,0.013511532000848092,kl_crossfit,none,0.7693312873566212
2-2-8,t3,mixture,0.6,1000,800022,0.013511532000848092,cf1_margin,none,0.519684217708371
2-2-8,t3,mixture,0.6,1000,800022,0.013511532000848092,slack_plugin,none,1.0393684354167418
2-2-8,t3,mixture,0.6,1000,800022,0.013511532000848092,gm_battery,none,0.0
2-2-8,t3,mixture,0.6,1000,800022,0.013511532000848092,gtest,none,106.4268262075541
2-2-8,t3,mixture,0.6,1000,800023,0.009397478999744635,kl_plugin,none,0.33095607625765855
2-2-8,t3,mixture,0.6,1000,800023,0.009397478999744635,kl_split,none,12.72393540210424
2-2-8,t3,mixture,0.6,1000,800023,0.009397478999744635,kl_crossfit,none,6.573541199482445
2-2-8,t3,mixture,0.6,1000,800023,0.009397478999744635,cf1_margin,none,0.5445696721311475
2-2-8,t3,mixture,0.6,1000,800023,0.009397478999744635,slack_plugin,none,1.089139344262295
2-2-8,t3,mixture,0.6,1000,800023,0.009397478999744635,gm_battery,none,0.0
2-2-8,t3,mixture,0.6,1000,800023,0.009397478999744635,gtest,none,159.4325938537542
2-2-8,t3,mixture,0.6,1000,800024,0.010335564002161846,kl_plugin,none,0.3516673002260848
2-2-8,t3,mixture,0.6,1000,800024,0.010335564002161846,kl_split,none,0.46657614396218156
2-2-8,t3,mixture,0.6,1000,800024,0.010335564002161846,kl_crossfit,none,0.6773268138078774
2-2-8,t3,mixture,0.6,1000,800024,0.010335564002161846,cf1_margin,none,0.5476147614761475
2-2-8,t3,mixture,0.6,1000,800024,0.010335564002161846,slack_plugin,none,1.095229522952295
2-2-8,t3,mixture,0.6,1000,800024,0.010335564002161846,gm_battery,none,0.0
2-2-8,t3,mixture,0.6,1000,800024,0.010335564002161846,gtest,none,114.12728057594526
2-2-8,t3,mixture,0.6,1000,800025,0.009795523998036515,kl_plugin,none,0.34328863566478157
2-2-8,t3,mixture,0.6,1000,800025,0.009795523998036515,kl_split,none,1.9988898969575555
2-2-8,t3,mixture,0.6,1000,800025,0.009795523998036515,kl_crossfit,none,1.2585461972826035
2-2-8,t3,mixture,0.6,1000,800025,0.009795523998036515,cf1_margin,none,0.5530879111648019
2-2-8,t3,mixture,0.6,1000,800025,0.009795523998036515,slack_plugin,none,1.106175822329604
2-2-8,t3,mixture,0.6,1000,800025,0.009795523998036515,gm_battery,none,0.0
2-2-8,t3,mixture,0.6,1000,800025,0.009795523998036515,gtest,none,124.60445312714583
2-2-8,t3,mixture,0.6,1000,800026,0.009959461000107694,kl_plugin,none,0.3062182627243092
2-2-8,t3,mixture,0.6,1000,800026,0.009959461000107694,kl_split,none,0.7068860522744818
2-2-8,t3,mixture,0.6,1000,800026,0.009959461000107694,kl_crossfit,none,0.6001743845876085
2-2-8,t3,mixture,0.6,1000,800026,0.009959461000107694,cf1_margin,none,0.5232629028894131
2-2-8,t3,mixture,0.6,1000,800026,0.009959461000107694,slack_plugin,none,1.0465258057788263
2-2-8,t3,mixture,0.6,1000,800026,0.009959461000107694,gm_battery,none,0.0
2-2-8,t3,mixture,0.6,1000,800026,0.009959461000107694,gtest,none,138.58032993768143
2-2-8,t3,mixture,0.6,1000,800027,0.00965756899677217,kl_plugin,none,0.3314547629797259
2-2-8,t3,mixture,0.6,1000,800027,0.00965756899677217,kl_split,none,0.4003389239752841
2-2-8,t3,mixture,0.6,1000,800027,0.00965756899677217,kl_crossfit,none,0.5103555057342296
2-2-8,t3,mixture,0.6,1000,800027,0.00965756899677217,cf1_margin,none,0.5389275684883352
2-2-8,t3,mixture,0.6,1000,800027,0.00965756899677217,slack_plugin,none,1.0778551369766705
2-2-8,t3,mixture,0.6,1000,800027,0.00965756899677217,gm_battery,none,0.0
2-2-8,t3,mixture,0.6,1000,800027,0.00965756899677217,gtest,none,103.28605784757659
2-2-8,t3,mixture,0.6,1000,800028,0.010352184006478637,kl_plugin,none,0.33283380350165237
2-2-8,t3,mixture,0.6,1000,800028,0.010352184006478637,kl_split,none,1.5266609193684402
2-2-8,t3,mixture,0.6,1000,800028,0.010352184006478637,kl_crossfit,none,0.977820959815567
2-2-8,t3,mixture,0.6,1000,800028,0.010352184006478637,cf1_margin,none,0.537163987369887
2-2-8,t3,mixture,0.6,1000,800028,0.010352184006478637,slack_plugin,none,1.074327974739774
2-2-8,t3,mixture,0.6,1000,800028,0.010352184006478637,gm_battery,none,0.0
2-2-8,t3,mixture,0.6,1000,800028,0.010352184006478637,gtest,none,139.74907384376425
2-2-8,t3,mixture,0.6,1000,800029,0.011214660997211467,kl_plugin,none,0.33638595714802705
2-2-8,t3,mixture,0.6,1000,800029,0.011214660997211467,kl_split,none,0.42330051777108235
2-2-8,t3,mixture,0.6,1000,800029,0.011214660997211467,kl_crossfit,none,0.4141103175303543
2-2-8,t3,mixture,0.6,1000,800029,0.011214660997211467,cf1_margin,none,0.5377369070315128
2-2-8,t3,mixture,0.6,1000,800029,0.011214660997211467,slack_plugin,none,1.0754738140630258
2-2-8,t3,mixture,0.6,1000,800029,0.011214660997211467,gm_battery,none,0.0
2-2-8,t3,mixture,0.6,1000,800029,0.011214660997211467,gtest,none,130.59709623375664
2-2-8,t3,mixture,0.6,1000,800030,0.00932259600085672,kl_plugin,none,0.2928021213868437
2-2-8,t3,mixture,0.6,1000,800030,0.00932259600085672,kl_split,none,0.6709031097366334
2-2-8,t3,mixture,0.6,1000,800030,0.00932259600085672,kl_crossfit,none,0.6843601630318101
2-2-8,t3,mixture,0.6,1000,800030,0.00932259600085672,cf1_margin,none,0.5113607270865336
2-2-8,t3,mixture,0.6,1000,800030,0.00932259600085672,slack_plugin,none,1.0227214541730671
2-2-8,t3,mixture,0.6,1000,800030,0.00932259600085672,gm_battery,none,0.0
2-2-8,t3,mixture,0.6,1000,800030,0.00932259600085672,gtest,none,117.80888561752963
2-2-8,t3,mixture,0.6,1000,800031,0.010960043000523001,kl_plugin,none,0.3186199722931965
2-2-8,t3,mixture,0.6,1000,800031,0.010960043000523001,kl_split,none,0.9356402724420803
2-2-8,t3,mixture,0.6,1000,800031,0.010960043000523001,kl_crossfit,none,0.6679572227216082
2-2-8,t3,mixture,0.6,1000,800031,0.010960043000523001,cf1_margin,none,0.5353942652329748
2-2-8,t3,mixture,0.6,1000,800031,0.010960043000523001,slack_plugin,none,1.0707885304659501
2-2-8,t3,mixture,0.6,1000,800031,0.010960043000523001,gm_battery,none,0.0
2-2-8,t3,mixture,0.6,1000,800031,0.010960043000523001,gtest,none,179.6632325955506
2-2-8,t3,mixture,0.6,1000,800032,0.00981388599757338,kl_plugin,none,0.3112454646303712
2-2-8,t3,mixture,0.6,1000,800032,0.00981388599757338,kl_split,none,0.5652014677363367
2-2-8,t3,mixture,0.6,1000,800032,0.00981388599757338,kl_crossfit,none,0.7311405873714429
2-2-8,t3,mixture,0.6,1000,800032,0.00981388599757338,cf1_margin,none,0.5128512899302222
2-2-8,t3,mixture,0.6,1000,800032,0.00981388599757338,slack_plugin,none,1.0257025798604444
2-2-8,t3,mixture,0.6,1000,800032,0.00981388599757338,gm_battery,none,0.0
2-2-8,t3,mixture,0.6,1000,800032,0.00981388599757338,gtest,none,173.653994001481
2-2-8,t3,mixture,0.6,1000,800033,0.010391241004981566,kl_plugin,none,0.30196441130932977
2-2-8,t3,mixture,0.6,1000,800033,0.010391241004981566,kl_split,none,0.49618208652849694
2-2-8,t3,mixture,0.6,1000,800033,0.010391241004981566,kl_crossfit,none,0.4362796263485773
2-2-8,t3,mixture,0.6,1000,800033,0.010391241004981566,cf1_margin,none,0.5150698878827599
2-2-8,t3,mixture,0.6,1000,800033,0.010391241004981566,slack_plugin,none,1.0301397757655197
2-2-8,t3,mixture,0.6,1000,800033,0.010391241004981566,gm_battery,none,0.0
2-2-8,t3,mixture,0.6,1000,800033,0.010391241004981566,gtest,none,182.44415575551045
2-2-8,t3,mixture,0.6,1000,800034,0.01052125100250123,kl_plugin,none,0.3114744690633513
2-2-8,t3,mixture,0.6,1000,800034,0.01052125100250123,kl_split,none,0.5455366073777074
2-2-8,t3,mixture,0.6,1000,800034,0.01052125100250123,kl_crossfit,none,0.6917517772909832
2-2-8,t3,mixture,0.6,1000,800034,0.01052125100250123,cf1_margin,none,0.5233943411634722
2-2-8,t3,mixture,0.6,1000,800034,0.01052125100250123,slack_plugin,none,1.0467886823269443
2-2-8,t3,mixture,0.6,1000,800034,0.01052125100250123,gm_battery,none,0.0
2-2-8,t3,mixture,0.6,1000,800034,0.01052125100250123,gtest,none,143.42528744070464
2-2-8,t3,mixture,0.6,1000,800035,0.009858636003627907,kl_plugin,none,0.34231038770368794
2-2-8,t3,mixture,0.6,1000,800035,0.009858636003627907,kl_split,none,0.41461306337966697
2-2-8,t3,mixture,0.6,1000,800035,0.009858636003627907,kl_crossfit,none,0.5248251522274565
2-2-8,t3,mixture,0.6,1000,800035,0.009858636003627907,cf1_margin,none,0.5475550435227854
2-2-8,t3,mixture,0.6,1000,800035,0.009858636003627907,slack_plugin,none,1.0951100870455712
2-2-8,t3,mixture,0.6,1000,800035,0.009858636003627907,gm_battery,none,0.0
2-2-8,t3,mixture,0.6,1000,800035,0.009858636003627907,gtest,none,165.9869399695011
2-2-8,t3,mixture,0.6,1000,800036,0.010118538993992843,kl_plugin,none,0.3044395669252958
2-2-8,t3,mixture,0.6,1000,800036,0.010118538993992843,kl_split,none,0.37051753961852546
2-2-8,t3,mixture,0.6,1000,800036,0.010118538993992843,kl_crossfit,none,0.6706878533892947
2-2-8,t3,mixture,0.6,1000,800036,0.010118538993992843,cf1_margin,none,0.5134728622631848
2-2-8,t3,mixture,0.6,1000,800036,0.010118538993992843,slack_plugin,none,1.02694572452637
2-2-8,t3,mixture,0.6,1000,800036,0.010118538993992843,gm_battery,none,0.0
2-2-8,t3,mixture,0.6,1000,800036,0.010118538993992843,gtest,none,139.5785672076484
2-2-8,t3,mixture,0.6,1000,800037,0.010621274006552994,kl_plugin,none,0.34556790559979816
2-2-8,t3,mixture,0.6,1000,800037,0.010621274006552994,kl_split,none,0.37882252933319177
2-2-8,t3,mixture,0.6,1000,800037,0.010621274006552994,kl_crossfit,none,0.554621486529103
2-2-8,t3,mixture,0.6,1000,800037,0.010621274006552994,cf1_margin,none,0.5509615384615385
2-2-8,t3,mixture,0.6,1000,800037,0.010621274006552994,slack_plugin,none,1.1019230769230774
2-2-8,t3,mixture,0.6,1000,800037,0.010621274006552994,gm_battery,none,0.0
2-2-8,t3,mixture,0.6,1000,800037,0.010621274006552994,gtest,none,157.0109049122347
2-2-8,t3,mixture,0.6,1000,800038,0.012542311000288464,kl_plugin,none,0.34757156082904694
2-2-8,t3,mixture,0.6,1000,800038,0.012542311000288464,kl_split,none,0.36450513458204076
2-2-8,t3,mixture,0.6,1000,800038,0.012542311000288464,kl_crossfit,none,0.41332731495022806
2-2-8,t3,mixture,0.6,1000,800038,0.012542311000288464,cf1_margin,none,0.5516222064888259
2-2-8,t3,mixture,0.6,1000,800038,0.012542311000288464,slack_plugin,none,1.103244412977652
2-2-8,t3,mixture,0.6,1000,800038,0.012542311000288464,gm_battery,none,0.0
2-2-8,t3,mixture,0.6,1000,800038,0.012542311000288464,gtest,none,109.81292583986013
2-2-8,t3,mixture,0.6,1000,800039,0.009780954002053477,kl_plugin,none,0.3382366851598965
2-2-8,t3,mixture,0.6,1000,800039,0.009780954002053477,kl_split,none,0.5698442013305591
2-2-8,t3,mixture,0.6,1000,800039,0.009780954002053477,kl_crossfit,none,0.6040095167090074
2-2-8,t3,mixture,0.6,1000,800039,0.009780954002053477,cf1_margin,none,0.5456436847833046
2-2-8,t3,mixture,0.6,1000,800039,0.009780954002053477,slack_plugin,none,1.0912873695666092
2-2-8,t3,mixture,0.6,1000,800039,0.009780954002053477,gm_battery,none,0.0
2-2-8,t3,mixture,0.6,1000,800039,0.009780954002053477,gtest,none,135.82442922878326
2-2-8,t3,mixture,0.6,1000,800040,0.011770669996622019,kl_plugin,none,0.3977757336630976
2-2-8,t3,mixture,0.6,1000,800040,0.011770669996622019,kl_split,none,0.630152993611736
2-2-8,t3,mixture,0.6,1000,800040,0.011770669996622019,kl_crossfit,none,0.7186052600898487
2-2-8,t3,mixture,0.6,1000,800040,0.011770669996622019,cf1_margin,none,0.5868901524093806
2-2-8,t3,mixture,0.6,1000,800040,0.011770669996622019,slack_plugin,none,1.173780304818761
2-2-8,t3,mixture,0.6,1000,800040,0.011770669996622019,gm_battery,none,0.0
2-2-8,t3,mixture,0.6,1000,800040,0.011770669996622019,gtest,none,133.72298075402978
2-2-8,t3,mixture,0.6,1000,800041,0.009544703003484756,kl_plugin,none,0.3627555951672804
2-2-8,t3,mixture,0.6,1000,800041,0.009544703003484756,kl_split,none,0.43040132891303096
2-2-8,t3,mixture,0.6,1000,800041,0.009544703003484756,kl_crossfit,none,0.6626126469135657
2-2-8,t3,mixture,0.6,1000,800041,0.009544703003484756,cf1_margin,none,0.5627382967061545
2-2-8,t3,mixture,0.6,1000,800041,0.009544703003484756,slack_plugin,none,1.125476593412309
2-2-8,t3,mixture,0.6,1000,800041,0.009544703003484756,gm_battery,none,0.0
2-2-8,t3,mixture,0.6,1000,800041,0.009544703003484756,gtest,none,108.63876149585357
2-2-8,t3,mixture,0.6,1000,800042,0.009534944998449646,kl_plugin,none,0.2797940593578909
2-2-8,t3,mixture,0.6,1000,800042,0.009534944998449646,kl_split,none,0.4035290198248726
2-2-8,t3,mixture,0.6,1000,800042,0.009534944998449646,kl_crossfit,none,0.42895879743972887
2-2-8,t3,mixture,0.6,1000,800042,0.009534944998449646,cf1_margin,none,0.5046602555636928
2-2-8,t3,mixture,0.6,1000,800042,0.009534944998449646,slack_plugin,none,1.009320511127385
2-2-8,t3,mixture,0.6,1000,800042,0.009534944998449646,gm_battery,none,0.0
2-2-8,t3,mixture,0.6,1000,800042,0.009534944998449646,gtest,none,148.1518596360528
2-2-8,t3,mixture,0.6,1000,800043,0.010161605998291634,kl_plugin,none,0.33712225060319095
2-2-8,t3,mixture,0.6,1000,800043,0.010161605998291634,kl_split,none,0.7416449775766185
2-2-8,t3,mixture,0.6,1000,800043,0.010161605998291634,kl_crossfit,none,0.5689136846273443
2-2-8,t3,mixture,0.6,1000,800043,0.010161605998291634,cf1_margin,none,0.5475739203955778
2-2-8,t3,mixture,0.6,1000,800043,0.010161605998291634,slack_plugin,none,1.0951478407911557
2-2-8,t3,mixture,0.6,1000,800043,0.010161605998291634,gm_battery,none,0.0
2-2-8,t3,mixture,0.6,1000,800043,0.010161605998291634,gtest,none,116.44159190530489
2-2-8,t3,mixture,0.6,1000,800044,0.010613507001835387,kl_plugin,none,0.3928076360723738
2-2-8,t3,mixture,0.6,1000,800044,0.010613507001835387,kl_split,none,0.5078695533576846
2-2-8,t3,mixture,0.6,1000,800044,0.010613507001835387,kl_crossfit,none,0.4571526879015978
2-2-8,t3,mixture,0.6,1000,800044,0.010613507001835387,cf1_margin,none,0.5850850630622703
2-2-8,t3,mixture,0.6,1000,800044,0.010613507001835387,slack_plugin,none,1.1701701261245405
2-2-8,t3,mixture,0.6,1000,800044,0.010613507001835387,gm_battery,none,0.0
2-2-8,t3,mixture,0.6,1000,800044,0.010613507001835387,gtest,none,116.09951074191665
2-2-8,t3,mixture,0.6,1000,800045,0.010861693997867405,kl_plugin,none,0.356040629525428
2-2-8,t3,mixture,0.6,1000,800045,0.010861693997867405,kl_split,none,1.523998310378515
2-2-8,t3,mixture,0.6,1000,800045,0.010861693997867405,kl_crossfit,none,1.0643092681374382
2-2-8,t3,mixture,0.6,1000,800045,0.010861693997867405,cf1_margin,none,0.5644066236982449
2-2-8,t3,mixture,0.6,1000,800045,0.010861693997867405,slack_plugin,none,1.12881324739649
2-2-8,t3,mixture,0.6,1000,800045,0.010861693997867405,gm_battery,none,0.0
2-2-8,t3,mixture,0.6,1000,800045,0.010861693997867405,gtest,none,147.88250304975278
2-2-8,t3,mixture,0.6,1000,800046,0.009955245004675817,kl_plugin,none,0.3760809832527102
2-2-8,t3,mixture,0.6,1000,800046,0.009955245004675817,kl_split,none,0.43020955792173293
2-2-8,t3,mixture,0.6,1000,800046,0.009955245004675817,kl_crossfit,none,0.49017341520821134
2-2-8,t3,mixture,0.6,1000,800046,0.009955245004675817,cf1_margin,none,0.5728246216863807
2-2-8,t3,mixture,0.6,1000,800046,0.009955245004675817,slack_plugin,none,1.1456492433727612
2-2-8,t3,mixture,0.6,1000,800046,0.009955245004675817,gm_battery,none,0.0
2-2-8,t3,mixture,0.6,1000,800046,0.009955245004675817,gtest,none,128.38286166107682
2-2-8,t3,mixture,0.6,1000,800047,0.009657071001129225,kl_plugin,none,0.3741391750094105
2-2-8,t3,mixture,0.6,1000,800047,0.009657071001129225,kl_split,none,0.455630788105448
2-2-8,t3,mixture,0.6,1000,800047,0.009657071001129225,kl_crossfit,none,0.6950487980861402
2-2-8,t3,mixture,0.6,1000,800047,0.009657071001129225,cf1_margin,none,0.5661501024590164
2-2-8,t3,mixture,0.6,1000,800047,0.009657071001129225,slack_plugin,none,1.132300204918033
2-2-8,t3,mixture,0.6,1000,800047,0.009657071001129225,gm_battery,none,0.0
2-2-8,t3,mixture,0.6,1000,800047,0.009657071001129225,gtest,none,151.38738321249272
2-2-8,t3,mixture,0.6,1000,800048,0.0073998670050059445,kl_plugin,none,0.34030323576697313
2-2-8,t3,mixture,0.6,1000,800048,0.0073998670050059445,kl_split,none,0.5541517622754961
2-2-8,t3,mixture,0.6,1000,800048,0.0073998670050059445,kl_crossfit,none,0.48725238150400785
2-2-8,t3,mixture,0.6,1000,800048,0.0073998670050059445,cf1_margin,none,0.532808524936399
2-2-8,t3,mixture,0.6,1000,800048,0.0073998670050059445,slack_plugin,none,1.065617049872798
2-2-8,t3,mixture,0.6,1000,800048,0.0073998670050059445,gm_battery,none,0.0
2-2-8,t3,mixture,0.6,1000,800048,0.0073998670050059445,gtest,none,156.18489205229628
2-2-8,t3,mixture,0.6,1000,800049,0.010327928001061082,kl_plugin,none,0.4015416534976799
2-2-8,t3,mixture,0.6,1000,800049,0.010327928001061082,kl_split,none,0.4835869183750229
2-2-8,t3,mixture,0.6,1000,800049,0.010327928001061082,kl_crossfit,none,0.6263761910738176
2-2-8,t3,mixture,0.6,1000,800049,0.010327928001061082,cf1_margin,none,0.5879151660664266
2-2-8,t3,mixture,0.6,1000,800049,0.010327928001061082,slack_plugin,none,1.1758303321328534
2-2-8,t3,mixture,0.6,1000,800049,0.010327928001061082,gm_battery,none,0.0
2-2-8,t3,mixture,0.6,1000,800049,0.010327928001061082,gtest,none,124.47186507158841
2-2-8,t3,mixture,0.6,1000,800050,0.010022813999967184,kl_plugin,none,0.33648437594915925
2-2-8,t3,mixture,0.6,1000,800050,0.010022813999967184,kl_split,none,0.5714408170177572
2-2-8,t3,mixture,0.6,1000,800050,0.010022813999967184,kl_crossfit,none,0.9005243628435032
2-2-8,t3,mixture,0.6,1000,800050,0.010022813999967184,cf1_margin,none,0.546
2-2-8,t3,mixture,0.6,1000,800050,0.010022813999967184,slack_plugin,none,1.0919999999999996
2-2-8,t3,mixture,0.6,1000,800050,0.010022813999967184,gm_battery,none,0.0
2-2-8,t3,mixture,0.6,1000,800050,0.010022813999967184,gtest,none,158.42397092820647
2-2-8,t3,mixture,0.6,1000,800051,0.010097997001139447,kl_plugin,none,0.3203723363501467
2-2-8,t3,mixture,0.6,1000,800051,0.010097997001139447,kl_split,none,0.36689966252912753
2-2-8,t3,mixture,0.6,1000,800051,0.010097997001139447,kl_crossfit,none,0.47266479741693096
2-2-8,t3,mixture,0.6,1000,800051,0.010097997001139447,cf1_margin,none,0.5338016260683847
2-2-8,t3,mixture,0.6,1000,800051,0.010097997001139447,slack_plugin,none,1.067603252136769
2-2-8,t3,mixture,0.6,1000,800051,0.010097997001139447,gm_battery,none,0.0
2-2-8,t3,mixture,0.6,1000,800051,0.010097997001139447,gtest,none,150.19547930493997
2-2-8,t3,mixture,0.6,1000,800052,0.018402093002805486,kl_plugin,none,0.32022002693474816
2-2-8,t3,mixture,0.6,1000,800052,0.018402093002805486,kl_split,none,1.0061587178472657
2-2-8,t3,mixture,0.6,1000,800052,0.018402093002805486,kl_crossfit,none,0.7478166795191133
2-2-8,t3,mixture,0.6,1000,800052,0.018402093002805486,cf1_margin,none,0.5238123812381237
2-2-8,t3,mixture,0.6,1000,800052,0.018402093002805486,slack_plugin,none,1.0476247624762474
2-2-8,t3,mixture,0.6,1000,800052,0.018402093002805486,gm_battery,none,0.0
2-2-8,t3,mixture,0.6,1000,800052,0.018402093002805486,gtest,none,175.80659354972857
2-2-8,t3,mixture,0.6,1000,800053,0.012240641000971664,kl_plugin,none,0.3199359184421242
2-2-8,t3,mixture,0.6,1000,800053,0.012240641000971664,kl_split,none,0.3816768608787925
2-2-8,t3,mixture,0.6,1000,800053,0.012240641000971664,kl_crossfit,none,0.5824817033871552
2-2-8,t3,mixture,0.6,1000,800053,0.012240641000971664,cf1_margin,none,0.5287205430327868
2-2-8,t3,mixture,0.6,1000,800053,0.012240641000971664,slack_plugin,none,1.0574410860655739
2-2-8,t3,mixture,0.6,1000,800053,0.012240641000971664,gm_battery,none,0.0
2-2-8,t3,mixture,0.6,1000,800053,0.012240641000971664,gtest,none,155.8151317107633
2-2-8,t3,mixture,0.6,1000,800054,0.013670432999788318,kl_plugin,none,0.329371475342716
2-2-8,t3,mixture,0.6,1000,800054,0.013670432999788318,kl_split,none,1.0142451874097418
2-2-8,t3,mixture,0.6,1000,800054,0.013670432999788318,kl_crossfit,none,0.7008025928126864
2-2-8,t3,mixture,0.6,1000,800054,0.013670432999788318,cf1_margin,none,0.5337246100235646
2-2-8,t3,mixture,0.6,1000,800054,0.013670432999788318,slack_plugin,none,1.0674492200471293
2-2-8,t3,mixture,0.6,1000,800054,0.013670432999788318,gm_battery,none,0.0
2-2-8,t3,mixture,0.6,1000,800054,0.013670432999788318,gtest,none,134.2450809080248
2-2-8,t3,mixture,0.6,1000,800055,0.009078643000975717,kl_plugin,none,0.3833024884722318
2-2-8,t3,mixture,0.6,1000,800055,0.009078643000975717,kl_split,none,0.45810875081987823
2-2-8,t3,mixture,0.6,1000,800055,0.009078643000975717,kl_crossfit,none,0.8303478566721832
2-2-8,t3,mixture,0.6,1000,800055,0.009078643000975717,cf1_margin,none,0.5769329237071172
2-2-8,t3,mixture,0.6,1000,800055,0.009078643000975717,slack_plugin,none,1.153865847414235
2-2-8,t3,mixture,0.6,1000,800055,0.009078643000975717,gm_battery,none,0.0
2-2-8,t3,mixture,0.6,1000,800055,0.009078643000975717,gtest,none,145.33255182549567
2-2-8,t3,mixture,0.6,1000,800056,0.011603423998167273,kl_plugin,none,0.3799684534679159
2-2-8,t3,mixture,0.6,1000,800056,0.011603423998167273,kl_split,none,0.6215901407416415
2-2-8,t3,mixture,0.6,1000,800056,0.011603423998167273,kl_crossfit,none,0.7250610685167559
2-2-8,t3,mixture,0.6,1000,800056,0.011603423998167273,cf1_margin,none,0.5837056252101648
2-2-8,t3,mixture,0.6,1000,800056,0.011603423998167273,slack_plugin,none,1.1674112504203298
2-2-8,t3,mixture,0.6,1000,800056,0.011603423998167273,gm_battery,none,0.0
2-2-8,t3,mixture,0.6,1000,800056,0.011603423998167273,gtest,none,167.48035435575014
2-2-8,t3,mixture,0.6,1000,800057,0.01729613600036828,kl_plugin,none,0.3049823862356331
2-2-8,t3,mixture,0.6,1000,800057,0.01729613600036828,kl_split,none,0.7828258684336332
2-2-8,t3,mixture,0.6,1000,800057,0.01729613600036828,kl_crossfit,none,0.5751393686447177
2-2-8,t3,mixture,0.6,1000,800057,0.01729613600036828,cf1_margin,none,0.5181878928772923
2-2-8,t3,mixture,0.6,1000,800057,0.01729613600036828,slack_plugin,none,1.0363757857545846
2-2-8,t3,mixture,0.6,1000,800057,0.01729613600036828,gm_battery,none,0.0
2-2-8,t3,mixture,0.6,1000,800057,0.01729613600036828,gtest,none,148.52602191398887
2-2-8,t3,mixture,0.6,1000,800058,0.018446173002303112,kl_plugin,none,0.32174712680337847
2-2-8,t3,mixture,0.6,1000,800058,0.018446173002303112,kl_split,none,0.553241612553032
2-2-8,t3,mixture,0.6,1000,800058,0.018446173002303112,kl_crossfit,none,0.4984263139552364
2-2-8,t3,mixture,0.6,1000,800058,0.018446173002303112,cf1_margin,none,0.5325375094073754
2-2-8,t3,mixture,0.6,1000,800058,0.018446173002303112,slack_plugin,none,1.0650750188147509
2-2-8,t3,mixture,0.6,1000,800058,0.018446173002303112,gm_battery,none,0.0
2-2-8,t3,mixture,0.6,1000,800058,0.018446173002303112,gtest,none,153.62927665317187
2-2-8,t3,mixture,0.6,1000,800059,0.010229084000457078,kl_plugin,none,0.3672477812326248
2-2-8,t3,mixture,0.6,1000,800059,0.010229084000457078,kl_split,none,1.4674484038350826
2-2-8,t3,mixture,0.6,1000,800059,0.010229084000457078,kl_crossfit,none,1.2892846092207864
2-2-8,t3,mixture,0.6,1000,800059,0.010229084000457078,cf1_margin,none,0.566826730692277
2-2-8,t3,mixture,0.6,1000,800059,0.010229084000457078,slack_plugin,none,1.1336534613845535
2-2-8,t3,mixture,0.6,1000,800059,0.010229084000457078,gm_battery,none,0.0
2-2-8,t3,mixture,0.6,1000,800059,0.010229084000457078,gtest,none,166.003174550335
2-2-8,t3,mixture,0.6,1000,800060,0.00984755699755624,kl_plugin,none,0.4085786305799875
2-2-8,t3,mixture,0.6,1000,800060,0.00984755699755624,kl_split,none,0.7146195659517168
2-2-8,t3,mixture,0.6,1000,800060,0.00984755699755624,kl_crossfit,none,0.658308248875574
2-2-8,t3,mixture,0.6,1000,800060,0.00984755699755624,cf1_margin,none,0.5988135572880624
2-2-8,t3,mixture,0.6,1000,800060,0.00984755699755624,slack_plugin,none,1.1976271145761248
2-2-8,t3,mixture,0.6,1000,800060,0.00984755699755624,gm_battery,none,0.0
2-2-8,t3,mixture,0.6,1000,800060,0.00984755699755624,gtest,none,145.46662642477438
2-2-8,t3,mixture,0.6,1000,800061,0.010857199005840812,kl_plugin,none,0.4039072558159517
2-2-8,t3,mixture,0.6,1000,800061,0.010857199005840812,kl_split,none,0.5975191008890025
2-2-8,t3,mixture,0.6,1000,800061,0.010857199005840812,kl_crossfit,none,0.5776729896610677
2-2-8,t3,mixture,0.6,1000,800061,0.010857199005840812,cf1_margin,none,0.5980120946989191
2-2-8,t3,mixture,0.6,1000,800061,0.010857199005840812,slack_plugin,none,1.1960241893978383
2-2-8,t3,mixture,0.6,1000,800061,0.010857199005840812,gm_battery,none,0.0
2-2-8,t3,mixture,0.6,1000,800061,0.010857199005840812,gtest,none,100.17078372647337
2-2-8,t3,mixture,0.6,1000,800062,0.011551420000614598,kl_plugin,none,0.32366673590972506
2-2-8,t3,mixture,0.6,1000,800062,0.011551420000614598,kl_split,none,0.3492255487276345
2-2-8,t3,mixture,0.6,1000,800062,0.011551420000614598,kl_crossfit,none,0.3851273510330977
2-2-8,t3,mixture,0.6,1000,800062,0.011551420000614598,cf1_margin,none,0.5394821074194994
2-2-8,t3,mixture,0.6,1000,800062,0.011551420000614598,slack_plugin,none,1.0789642148389986
2-2-8,t3,mixture,0.6,1000,800062,0.011551420000614598,gm_battery,none,0.0
2-2-8,t3,mixture,0.6,1000,800062,0.011551420000614598,gtest,none,176.69522035916046
2-2-8,t3,mixture,0.6,1000,800063,0.010776508002891205,kl_plugin,none,0.38539362163426977
2-2-8,t3,mixture,0.6,1000,800063,0.010776508002891205,kl_split,none,0.4571131615080087
2-2-8,t3,mixture,0.6,1000,800063,0.010776508002891205,kl_crossfit,none,0.7264697291973607
2-2-8,t3,mixture,0.6,1000,800063,0.010776508002891205,cf1_margin,none,0.5806196092237282
2-2-8,t3,mixture,0.6,1000,800063,0.010776508002891205,slack_plugin,none,1.1612392184474565
2-2-8,t3,mixture,0.6,1000,800063,0.010776508002891205,gm_battery,none,0.0
2-2-8,t3,mixture,0.6,1000,800063,0.010776508002891205,gtest,none,132.99084917940448
2-2-8,t3,mixture,0.6,1000,800064,0.017896154000482056,kl_plugin,none,0.32400578866515867
2-2-8,t3,mixture,0.6,1000,800064,0.017896154000482056,kl_split,none,0.8077058827222605
2-2-8,t3,mixture,0.6,1000,800064,0.017896154000482056,kl_crossfit,none,0.6280556983119212
2-2-8,t3,mixture,0.6,1000,800064,0.017896154000482056,cf1_margin,none,0.5296341185364741
2-2-8,t3,mixture,0.6,1000,800064,0.017896154000482056,slack_plugin,none,1.059268237072948
2-2-8,t3,mixture,0.6,1000,800064,0.017896154000482056,gm_battery,none,0.0
2-2-8,t3,mixture,0.6,1000,800064,0.017896154000482056,gtest,none,163.91572479117997
2-2-8,t3,mixture,0.6,1000,800065,0.013847193993569817,kl_plugin,none,0.28049354586175856
2-2-8,t3,mixture,0.6,1000,800065,0.013847193993569817,kl_split,none,0.3536141741340673
2-2-8,t3,mixture,0.6,1000,800065,0.013847193993569817,kl_crossfit,none,0.3706320467976949
2-2-8,t3,mixture,0.6,1000,800065,0.013847193993569817,cf1_margin,none,0.490874743852459
2-2-8,t3,mixture,0.6,1000,800065,0.013847193993569817,slack_plugin,none,0.981749487704918
2-2-8,t3,mixture,0.6,1000,800065,0.013847193993569817,gm_battery,none,0.0
2-2-8,t3,mixture,0.6,1000,800065,0.013847193993569817,gtest,none,178.53780541595205
2-2-8,t3,mixture,0.6,1000,800066,0.008122683000692632,kl_plugin,none,0.29428698790732793
2-2-8,t3,mixture,0.6,1000,800066,0.008122683000692632,kl_split,none,0.37756703285957255
2-2-8,t3,mixture,0.6,1000,800066,0.008122683000692632,kl_crossfit,none,0.3701879883110385
2-2-8,t3,mixture,0.6,1000,800066,0.008122683000692632,cf1_margin,none,0.5063112370024525
2-2-8,t3,mixture,0.6,1000,800066,0.008122683000692632,slack_plugin,none,1.0126224740049052
2-2-8,t3,mixture,0.6,1000,800066,0.008122683000692632,gm_battery,none,0.0
2-2-8,t3,mixture,0.6,1000,800066,0.008122683000692632,gtest,none,161.52531511327567
2-2-8,t3,mixture,0.6,1000,800067,0.013817173006827943,kl_plugin,none,0.3756985324873358
2-2-8,t3,mixture,0.6,1000,800067,0.013817173006827943,kl_split,none,1.3174901431802346
2-2-8,t3,mixture,0.6,1000,800067,0.013817173006827943,kl_crossfit,none,1.206250678069892
2-2-8,t3,mixture,0.6,1000,800067,0.013817173006827943,cf1_margin,none,0.5683054862044684
2-2-8,t3,mixture,0.6,1000,800067,0.013817173006827943,slack_plugin,none,1.1366109724089362
2-2-8,t3,mixture,0.6,1000,800067,0.013817173006827943,gm_battery,none,0.0
2-2-8,t3,mixture,0.6,1000,800067,0.013817173006827943,gtest,none,184.3492683364609
2-2-8,t3,mixture,0.6,1000,800068,0.013103534998663235,kl_plugin,none,0.29857744445529
2-2-8,t3,mixture,0.6,1000,800068,0.013103534998663235,kl_split,none,0.3658010272019321
2-2-8,t3,mixture,0.6,1000,800068,0.013103534998663235,kl_crossfit,none,0.44301480864063103
2-2-8,t3,mixture,0.6,1000,800068,0.013103534998663235,cf1_margin,none,0.5113841821469144
2-2-8,t3,mixture,0.6,1000,800068,0.013103534998663235,slack_plugin,none,1.0227683642938288
2-2-8,t3,mixture,0.6,1000,800068,0.013103534998663235,gm_battery,none,0.0
2-2-8,t3,mixture,0.6,1000,800068,0.013103534998663235,gtest,none,168.4319629203363
2-2-8,t3,mixture,0.6,1000,800069,0.008102659994619898,kl_plugin,none,0.31739587791526486
2-2-8,t3,mixture,0.6,1000,800069,0.008102659994619898,kl_split,none,0.5867966615891361
2-2-8,t3,mixture,0.6,1000,800069,0.008102659994619898,kl_crossfit,none,0.670763248114054
2-2-8,t3,mixture,0.6,1000,800069,0.008102659994619898,cf1_margin,none,0.5193841937177182
2-2-8,t3,mixture,0.6,1000,800069,0.008102659994619898,slack_plugin,none,1.0387683874354356
2-2-8,t3,mixture,0.6,1000,800069,0.008102659994619898,gm_battery,none,0.0
2-2-8,t3,mixture,0.6,1000,800069,0.008102659994619898,gtest,none,140.20421748865647
2-2-8,t3,mixture,0.6,1000,800070,0.009355156995297875,kl_plugin,none,0.36420126710088063
2-2-8,t3,mixture,0.6,1000,800070,0.009355156995297875,kl_split,none,0.9402142737451555
2-2-8,t3,mixture,0.6,1000,800070,0.009355156995297875,kl_crossfit,none,0.746735640677235
2-2-8,t3,mixture,0.6,1000,800070,0.009355156995297875,cf1_margin,none,0.5660786854467628
2-2-8,t3,mixture,0.6,1000,800070,0.009355156995297875,slack_plugin,none,1.132157370893525
2-2-8,t3,mixture,0.6,1000,800070,0.009355156995297875,gm_battery,none,0.0
2-2-8,t3,mixture,0.6,1000,800070,0.009355156995297875,gtest,none,144.53898173797947
2-2-8,t3,mixture,0.6,1000,800071,0.009778366998943966,kl_plugin,none,0.3351494579509194
2-2-8,t3,mixture,0.6,1000,800071,0.009778366998943966,kl_split,none,0.91993366877579
2-2-8,t3,mixture,0.6,1000,800071,0.009778366998943966,kl_crossfit,none,0.6755787068765594
2-2-8,t3,mixture,0.6,1000,800071,0.009778366998943966,cf1_margin,none,0.5408940894089409
2-2-8,t3,mixture,0.6,1000,800071,0.009778366998943966,slack_plugin,none,1.0817881788178816
2-2-8,t3,mixture,0.6,1000,800071,0.009778366998943966,gm_battery,none,0.0
2-2-8,t3,mixture,0.6,1000,800071,0.009778366998943966,gtest,none,169.06634474195974
2-2-8,t3,mixture,0.6,1000,800072,0.011634416005108505,kl_plugin,none,0.3877551068451417
2-2-8,t3,mixture,0.6,1000,800072,0.011634416005108505,kl_split,none,0.7697144202684059
2-2-8,t3,mixture,0.6,1000,800072,0.011634416005108505,kl_crossfit,none,0.7417896535527143
2-2-8,t3,mixture,0.6,1000,800072,0.011634416005108505,cf1_margin,none,0.5759398496240602
2-2-8,t3,mixture,0.6,1000,800072,0.011634416005108505,slack_plugin,none,1.1518796992481202
2-2-8,t3,mixture,0.6,1000,800072,0.011634416005108505,gm_battery,none,0.0
2-2-8,t3,mixture,0.6,1000,800072,0.011634416005108505,gtest,none,150.20524155458378
2-2-8,t3,mixture,0.6,1000,800073,0.01592319700284861,kl_plugin,none,0.32015121879436675
2-2-8,t3,mixture,0.6,1000,800073,0.01592319700284861,kl_split,none,0.5557948451822516
2-2-8,t3,mixture,0.6,1000,800073,0.01592319700284861,kl_crossfit,none,0.4766481131185666
2-2-8,t3,mixture,0.6,1000,800073,0.01592319700284861,cf1_margin,none,0.5400262467191601
2-2-8,t3,mixture,0.6,1000,800073,0.01592319700284861,slack_plugin,none,1.0800524934383207
2-2-8,t3,mixture,0.6,1000,800073,0.01592319700284861,gm_battery,none,0.0
2-2-8,t3,mixture,0.6,1000,800073,0.01592319700284861,gtest,none,156.04999313163609
2-2-8,t3,mixture,0.6,1000,800074,0.010380161998909898,kl_plugin,none,0.2601660259345766
2-2-8,t3,mixture,0.6,1000,800074,0.010380161998909898,kl_split,none,0.7977601956237677
2-2-8,t3,mixture,0.6,1000,800074,0.010380161998909898,kl_crossfit,none,0.7759107110934893
2-2-8,t3,mixture,0.6,1000,800074,0.010380161998909898,cf1_margin,none,0.4835507759520866
2-2-8,t3,mixture,0.6,1000,800074,0.010380161998909898,slack_plugin,none,0.9671015519041731
2-2-8,t3,mixture,0.6,1000,800074,0.010380161998909898,gm_battery,none,0.0
2-2-8,t3,mixture,0.6,1000,800074,0.010380161998909898,gtest,none,157.9071368381483
2-2-8,t3,mixture,0.6,1000,800075,0.01035318999493029,kl_plugin,none,0.40542030317800304
2-2-8,t3,mixture,0.6,1000,800075,0.01035318999493029,kl_split,none,0.8173330872457676
2-2-8,t3,mixture,0.6,1000,800075,0.01035318999493029,kl_crossfit,none,0.6573189104961108
2-2-8,t3,mixture,0.6,1000,800075,0.01035318999493029,cf1_margin,none,0.5910746556926418
2-2-8,t3,mixture,0.6,1000,800075,0.01035318999493029,slack_plugin,none,1.1821493113852837
2-2-8,t3,mixture,0.6,1000,800075,0.01035318999493029,gm_battery,none,0.0
2-2-8,t3,mixture,0.6,1000,800075,0.01035318999493029,gtest,none,154.05675716430312
2-2-8,t3,mixture,0.6,1000,800076,0.010859443005756475,kl_plugin,none,0.3464890305882909
2-2-8,t3,mixture,0.6,1000,800076,0.010859443005756475,kl_split,none,0.906509056389326
2-2-8,t3,mixture,0.6,1000,800076,0.010859443005756475,kl_crossfit,none,0.7232860612643325
2-2-8,t3,mixture,0.6,1000,800076,0.010859443005756475,cf1_margin,none,0.5531178060254229
2-2-8,t3,mixture,0.6,1000,800076,0.010859443005756475,slack_plugin,none,1.1062356120508459
2-2-8,t3,mixture,0.6,1000,800076,0.010859443005756475,gm_battery,none,0.0
2-2-8,t3,mixture,0.6,1000,800076,0.010859443005756475,gtest,none,112.83781773359077
2-2-8,t3,mixture,0.6,1000,800077,0.0079256839962909,kl_plugin,none,0.3807094605956382
2-2-8,t3,mixture,0.6,1000,800077,0.0079256839962909,kl_split,none,0.47794479040228305
2-2-8,t3,mixture,0.6,1000,800077,0.0079256839962909,kl_crossfit,none,0.4741695896179938
2-2-8,t3,mixture,0.6,1000,800077,0.0079256839962909,cf1_margin,none,0.574028042957039
2-2-8,t3,mixture,0.6,1000,800077,0.0079256839962909,slack_plugin,none,1.1480560859140776
2-2-8,t3,mixture,0.6,1000,800077,0.0079256839962909,gm_battery,none,0.0
2-2-8,t3,mixture,0.6,1000,800077,0.0079256839962909,gtest,none,146.35381136143394
2-2-8,t3,mixture,0.6,1000,800078,0.009887970998534001,kl_plugin,none,0.37132560233297374
2-2-8,t3,mixture,0.6,1000,800078,0.009887970998534001,kl_split,none,0.40534931926343565
2-2-8,t3,mixture,0.6,1000,800078,0.009887970998534001,kl_crossfit,none,0.698868170115042
2-2-8,t3,mixture,0.6,1000,800078,0.009887970998534001,cf1_margin,none,0.5692395119237711
2-2-8,t3,mixture,0.6,1000,800078,0.009887970998534001,slack_plugin,none,1.1384790238475422
2-2-8,t3,mixture,0.6,1000,800078,0.009887970998534001,gm_battery,none,0.0
2-2-8,t3,mixture,0.6,1000,800078,0.009887970998534001,gtest,none,154.51435230222432
2-2-8,t3,mixture,0.6,1000,800079,0.009549394999339711,kl_plugin,none,0.341606090633784
2-2-8,t3,mixture,0.6,1000,800079,0.009549394999339711,kl_split,none,0.3776641931607444
2-2-8,t3,mixture,0.6,1000,800079,0.009549394999339711,kl_crossfit,none,0.6032586247316085
2-2-8,t3,mixture,0.6,1000,800079,0.009549394999339711,cf1_margin,none,0.5492343108797918
2-2-8,t3,mixture,0.6,1000,800079,0.009549394999339711,slack_plugin,none,1.0984686217595838
2-2-8,t3,mixture,0.6,1000,800079,0.009549394999339711,gm_battery,none,0.0
2-2-8,t3,mixture,0.6,1000,800079,0.009549394999339711,gtest,none,121.22795506727968
2-2-8,t3,mixture,0.6,1000,800080,0.014140147002763115,kl_plugin,none,0.3306556774338988
2-2-8,t3,mixture,0.6,1000,800080,0.014140147002763115,kl_split,none,0.7015878545623073
2-2-8,t3,mixture,0.6,1000,800080,0.014140147002763115,kl_crossfit,none,0.640425704860299
2-2-8,t3,mixture,0.6,1000,800080,0.014140147002763115,cf1_margin,none,0.528
2-2-8,t3,mixture,0.6,1000,800080,0.014140147002763115,slack_plugin,none,1.0559999999999996
2-2-8,t3,mixture,0.6,1000,800080,0.014140147002763115,gm_battery,none,0.0
2-2-8,t3,mixture,0.6,1000,800080,0.014140147002763115,gtest,none,132.45671132952432
2-2-8,t3,mixture,0.6,1000,800081,0.008845039999869186,kl_plugin,none,0.3017906383768918
2-2-8,t3,mixture,0.6,1000,800081,0.008845039999869186,kl_split,none,0.7376359239162836
2-2-8,t3,mixture,0.6,1000,800081,0.008845039999869186,kl_crossfit,none,0.5567052960332617
2-2-8,t3,mixture,0.6,1000,800081,0.008845039999869186,cf1_margin,none,0.503447668671637
2-2-8,t3,mixture,0.6,1000,800081,0.008845039999869186,slack_plugin,none,1.0068953373432739
2-2-8,t3,mixture,0.6,1000,800081,0.008845039999869186,gm_battery,none,0.0
2-2-8,t3,mixture,0.6,1000,800081,0.008845039999869186,gtest,none,121.15937749944797
2-2-8,t3,mixture,0.6,1000,800082,0.010029133001808077,kl_plugin,none,0.37521286759095324
2-2-8,t3,mixture,0.6,1000,800082,0.010029133001808077,kl_split,none,0.4372215256052446
2-2-8,t3,mixture,0.6,1000,800082,0.010029133001808077,kl_crossfit,none,0.4393697039447998
2-2-8,t3,mixture,0.6,1000,800082,0.010029133001808077,cf1_margin,none,0.5695404505888377
2-2-8,t3,mixture,0.6,1000,800082,0.010029133001808077,slack_plugin,none,1.1390809011776757
2-2-8,t3,mixture,0.6,1000,800082,0.010029133001808077,gm_battery,none,0.0
2-2-8,t3,mixture,0.6,1000,800082,0.010029133001808077,gtest,none,173.04980875932355
2-2-8,t3,mixture,0.6,1000,800083,0.011360484997567255,kl_plugin,none,0.3039950277633615
2-2-8,t3,mixture,0.6,1000,800083,0.011360484997567255,kl_split,none,0.6907332946143756
2-2-8,t3,mixture,0.6,1000,800083,0.011360484997567255,kl_crossfit,none,0.8488865047043809
2-2-8,t3,mixture,0.6,1000,800083,0.011360484997567255,cf1_margin,none,0.52
2-2-8,t3,mixture,0.6,1000,800083,0.011360484997567255,slack_plugin,none,1.0399999999999996
2-2-8,t3,mixture,0.6,1000,800083,0.011360484997567255,gm_battery,none,0.0
2-2-8,t3,mixture,0.6,1000,800083,0.011360484997567255,gtest,none,142.0953184933214
2-2-8,t3,mixture,0.6,1000,800084,0.011463955001090653,kl_plugin,none,0.3328266441560535
2-2-8,t3,mixture,0.6,1000,800084,0.011463955001090653,kl_split,none,0.5466688849303101
2-2-8,t3,mixture,0.6,1000,800084,0.011463955001090653,kl_crossfit,none,0.46109615531849657
2-2-8,t3,mixture,0.6,1000,800084,0.011463955001090653,cf1_margin,none,0.5335734293717487
2-2-8,t3,mixture,0.6,1000,800084,0.011463955001090653,slack_plugin,none,1.0671468587434974
2-2-8,t3,mixture,0.6,1000,800084,0.011463955001090653,gm_battery,none,0.0
2-2-8,t3,mixture,0.6,1000,800084,0.011463955001090653,gtest,none,155.8880535149998
2-2-8,t3,mixture,0.6,1000,800085,0.00793912499648286,kl_plugin,none,0.29513636531095755
2-2-8,t3,mixture,0.6,1000,800085,0.00793912499648286,kl_split,none,0.339287811062067
2-2-8,t3,mixture,0.6,1000,800085,0.00793912499648286,kl_crossfit,none,0.5336601275079618
2-2-8,t3,mixture,0.6,1000,800085,0.00793912499648286,cf1_margin,none,0.5073904087311627
2-2-8,t3,mixture,0.6,1000,800085,0.00793912499648286,slack_plugin,none,1.014780817462325
2-2-8,t3,mixture,0.6,1000,800085,0.00793912499648286,gm_battery,none,0.0
2-2-8,t3,mixture,0.6,1000,800085,0.00793912499648286,gtest,none,159.21268647871804
2-2-8,t3,mixture,0.6,1000,800086,0.008812441003101412,kl_plugin,none,0.33067097175424276
2-2-8,t3,mixture,0.6,1000,800086,0.008812441003101412,kl_split,none,0.4410207821001577
2-2-8,t3,mixture,0.6,1000,800086,0.008812441003101412,kl_crossfit,none,0.44192071816976364
2-2-8,t3,mixture,0.6,1000,800086,0.008812441003101412,cf1_margin,none,0.5308529328194846
2-2-8,t3,mixture,0.6,1000,800086,0.008812441003101412,slack_plugin,none,1.0617058656389693
2-2-8,t3,mixture,0.6,1000,800086,0.008812441003101412,gm_battery,none,0.0
2-2-8,t3,mixture,0.6,1000,800086,0.008812441003101412,gtest,none,123.45346251649498
2-2-8,t3,mixture,0.6,1000,800087,0.009810033006942831,kl_plugin,none,0.3622379598672045
2-2-8,t3,mixture,0.6,1000,800087,0.009810033006942831,kl_split,none,1.0006851045821485
2-2-8,t3,mixture,0.6,1000,800087,0.009810033006942831,kl_crossfit,none,0.725084513925589
2-2-8,t3,mixture,0.6,1000,800087,0.009810033006942831,cf1_margin,none,0.5697542790171161
2-2-8,t3,mixture,0.6,1000,800087,0.009810033006942831,slack_plugin,none,1.139508558034232
2-2-8,t3,mixture,0.6,1000,800087,0.009810033006942831,gm_battery,none,0.0
2-2-8,t3,mixture,0.6,1000,800087,0.009810033006942831,gtest,none,140.1690299541937
2-2-8,t3,mixture,0.6,1000,800088,0.011546433001058176,kl_plugin,none,0.36430649571259216
2-2-8,t3,mixture,0.6,1000,800088,0.011546433001058176,kl_split,none,0.975591105674956
2-2-8,t3,mixture,0.6,1000,800088,0.011546433001058176,kl_crossfit,none,0.7780082490826306
2-2-8,t3,mixture,0.6,1000,800088,0.011546433001058176,cf1_margin,none,0.572152396387867
2-2-8,t3,mixture,0.6,1000,800088,0.011546433001058176,slack_plugin,none,1.144304792775734
2-2-8,t3,mixture,0.6,1000,800088,0.011546433001058176,gm_battery,none,0.0
2-2-8,t3,mixture,0.6,1000,800088,0.011546433001058176,gtest,none,164.61092531190837
2-2-8,t3,mixture,0.6,1000,800089,0.009864948005997576,kl_plugin,none,0.3543805283109254
2-2-8,t3,mixture,0.6,1000,800089,0.009864948005997576,kl_split,none,1.0254986350554733
2-2-8,t3,mixture,0.6,1000,800089,0.009864948005997576,kl_crossfit,none,0.7334486033455633
2-2-8,t3,mixture,0.6,1000,800089,0.009864948005997576,cf1_margin,none,0.5562556255625563
2-2-8,t3,mixture,0.6,1000,800089,0.009864948005997576,slack_plugin,none,1.1125112511251123
2-2-8,t3,mixture,0.6,1000,800089,0.009864948005997576,gm_battery,none,0.0
2-2-8,t3,mixture,0.6,1000,800089,0.009864948005997576,gtest,none,116.79977825422506
2-2-8,t3,mixture,0.6,1000,800090,0.014932582002074923,kl_plugin,none,0.3786096632922881
2-2-8,t3,mixture,0.6,1000,800090,0.014932582002074923,kl_split,none,0.4221834056835156
2-2-8,t3,mixture,0.6,1000,800090,0.014932582002074923,kl_crossfit,none,0.45019680243132953
2-2-8,t3,mixture,0.6,1000,800090,0.014932582002074923,cf1_margin,none,0.575077507750775
2-2-8,t3,mixture,0.6,1000,800090,0.014932582002074923,slack_plugin,none,1.1501550155015499
2-2-8,t3,mixture,0.6,1000,800090,0.014932582002074923,gm_battery,none,0.0
2-2-8,t3,mixture,0.6,1000,800090,0.014932582002074923,gtest,none,148.47761934844152
2-2-8,t3,mixture,0.6,1000,800091,0.009212574994307943,kl_plugin,none,0.3250940513229828
2-2-8,t3,mixture,0.6,1000,800091,0.009212574994307943,kl_split,none,1.0580966529640587
2-2-8,t3,mixture,0.6,1000,800091,0.009212574994307943,kl_crossfit,none,0.8908076213730729
2-2-8,t3,mixture,0.6,1000,800091,0.009212574994307943,cf1_margin,none,0.5276861107444429
2-2-8,t3,mixture,0.6,1000,800091,0.009212574994307943,slack_plugin,none,1.055372221488886
2-2-8,t3,mixture,0.6,1000,800091,0.009212574994307943,gm_battery,none,0.0
2-2-8,t3,mixture,0.6,1000,800091,0.009212574994307943,gtest,none,174.14408643227688
2-2-8,t3,mixture,0.6,1000,800092,0.012308887999097351,kl_plugin,none,0.34138560972810306
2-2-8,t3,mixture,0.6,1000,800092,0.012308887999097351,kl_split,none,0.44119811583286844
2-2-8,t3,mixture,0.6,1000,800092,0.012308887999097351,kl_crossfit,none,0.6211782004121815
2-2-8,t3,mixture,0.6,1000,800092,0.012308887999097351,cf1_margin,none,0.5359999999999998
2-2-8,t3,mixture,0.6,1000,800092,0.012308887999097351,slack_plugin,none,1.0719999999999996
2-2-8,t3,mixture,0.6,1000,800092,0.012308887999097351,gm_battery,none,0.0
2-2-8,t3,mixture,0.6,1000,800092,0.012308887999097351,gtest,none,140.50635737972448
2-2-8,t3,mixture,0.6,1000,800093,0.010466088002431206,kl_plugin,none,0.3440559049981228
2-2-8,t3,mixture,0.6,1000,800093,0.010466088002431206,kl_split,none,1.1000351873403675
2-2-8,t3,mixture,0.6,1000,800093,0.010466088002431206,kl_crossfit,none,1.14097917457067
2-2-8,t3,mixture,0.6,1000,800093,0.010466088002431206,cf1_margin,none,0.5545128722059554
2-2-8,t3,mixture,0.6,1000,800093,0.010466088002431206,slack_plugin,none,1.109025744411911
2-2-8,t3,mixture,0.6,1000,800093,0.010466088002431206,gm_battery,none,0.0
2-2-8,t3,mixture,0.6,1000,800093,0.010466088002431206,gtest,none,135.92706676774696
2-2-8,t3,mixture,0.6,1000,800094,0.008873929000401404,kl_plugin,none,0.328601982763968
2-2-8,t3,mixture,0.6,1000,800094,0.008873929000401404,kl_split,none,0.5511224488476718
2-2-8,t3,mixture,0.6,1000,800094,0.008873929000401404,kl_crossfit,none,0.47078814916709766
2-2-8,t3,mixture,0.6,1000,800094,0.008873929000401404,cf1_margin,none,0.5335863316840403
2-2-8,t3,mixture,0.6,1000,800094,0.008873929000401404,slack_plugin,none,1.0671726633680807
2-2-8,t3,mixture,0.6,1000,800094,0.008873929000401404,gm_battery,none,0.0
2-2-8,t3,mixture,0.6,1000,800094,0.008873929000401404,gtest,none,163.59418261577358
2-2-8,t3,mixture,0.6,1000,800095,0.009261578998120967,kl_plugin,none,0.37929323453570074
2-2-8,t3,mixture,0.6,1000,800095,0.009261578998120967,kl_split,none,0.44529029614591703
2-2-8,t3,mixture,0.6,1000,800095,0.009261578998120967,kl_crossfit,none,0.6419137614002782
2-2-8,t3,mixture,0.6,1000,800095,0.009261578998120967,cf1_margin,none,0.5753648233486943
2-2-8,t3,mixture,0.6,1000,800095,0.009261578998120967,slack_plugin,none,1.1507296466973886
2-2-8,t3,mixture,0.6,1000,800095,0.009261578998120967,gm_battery,none,0.0
2-2-8,t3,mixture,0.6,1000,800095,0.009261578998120967,gtest,none,114.41062913655752
2-2-8,t3,mixture,0.6,1000,800096,0.008036106002691668,kl_plugin,none,0.38936923168870585
2-2-8,t3,mixture,0.6,1000,800096,0.008036106002691668,kl_split,none,0.8474043959468012
2-2-8,t3,mixture,0.6,1000,800096,0.008036106002691668,kl_crossfit,none,0.6614989461295976
2-2-8,t3,mixture,0.6,1000,800096,0.008036106002691668,cf1_margin,none,0.5688354917563843
2-2-8,t3,mixture,0.6,1000,800096,0.008036106002691668,slack_plugin,none,1.137670983512769
2-2-8,t3,mixture,0.6,1000,800096,0.008036106002691668,gm_battery,none,0.0
2-2-8,t3,mixture,0.6,1000,800096,0.008036106002691668,gtest,none,128.04826235801443
2-2-8,t3,mixture,0.6,1000,800097,0.01694545200007269,kl_plugin,none,0.37591326507752826
2-2-8,t3,mixture,0.6,1000,800097,0.01694545200007269,kl_split,none,0.42794710076900633
2-2-8,t3,mixture,0.6,1000,800097,0.01694545200007269,kl_crossfit,none,0.45106951350312297
2-2-8,t3,mixture,0.6,1000,800097,0.01694545200007269,cf1_margin,none,0.5715371537153715
2-2-8,t3,mixture,0.6,1000,800097,0.01694545200007269,slack_plugin,none,1.143074307430743
2-2-8,t3,mixture,0.6,1000,800097,0.01694545200007269,gm_battery,none,0.0
2-2-8,t3,mixture,0.6,1000,800097,0.01694545200007269,gtest,none,163.7381874444338
2-2-8,t3,mixture,0.6,1000,800098,0.014669264004623983,kl_plugin,none,0.3268306850590074
2-2-8,t3,mixture,0.6,1000,800098,0.014669264004623983,kl_split,none,0.4575861255878422
2-2-8,t3,mixture,0.6,1000,800098,0.014669264004623983,kl_crossfit,none,0.8325787810991362
2-2-8,t3,mixture,0.6,1000,800098,0.014669264004623983,cf1_margin,none,0.541225953361427
2-2-8,t3,mixture,0.6,1000,800098,0.014669264004623983,slack_plugin,none,1.082451906722854
2-2-8,t3,mixture,0.6,1000,800098,0.014669264004623983,gm_battery,none,0.0
2-2-8,t3,mixture,0.6,1000,800098,0.014669264004623983,gtest,none,166.7075044866134
2-2-8,t3,mixture,0.6,1000,800099,0.01360828400356695,kl_plugin,none,0.32091506356399213
2-2-8,t3,mixture,0.6,1000,800099,0.01360828400356695,kl_split,none,0.3811612379241062
2-2-8,t3,mixture,0.6,1000,800099,0.01360828400356695,kl_crossfit,none,0.7181606266671441
2-2-8,t3,mixture,0.6,1000,800099,0.01360828400356695,cf1_margin,none,0.5306564905038481
2-2-8,t3,mixture,0.6,1000,800099,0.01360828400356695,slack_plugin,none,1.0613129810076962
2-2-8,t3,mixture,0.6,1000,800099,0.01360828400356695,gm_battery,none,0.0
2-2-8,t3,mixture,0.6,1000,800099,0.01360828400356695,gtest,none,151.22961277548535
2-2-8,t3,mixture,0.6,1000,800100,0.012361140004941262,kl_plugin,none,0.3088267458727292
2-2-8,t3,mixture,0.6,1000,800100,0.012361140004941262,kl_split,none,1.004982013394101
2-2-8,t3,mixture,0.6,1000,800100,0.012361140004941262,kl_crossfit,none,0.7160854435438391
2-2-8,t3,mixture,0.6,1000,800100,0.012361140004941262,cf1_margin,none,0.5268803831974036
2-2-8,t3,mixture,0.6,1000,800100,0.012361140004941262,slack_plugin,none,1.0537607663948072
2-2-8,t3,mixture,0.6,1000,800100,0.012361140004941262,gm_battery,none,0.0
2-2-8,t3,mixture,0.6,1000,800100,0.012361140004941262,gtest,none,143.12664246890333
2-2-8,t3,mixture,0.6,1000,800101,0.012171426998975221,kl_plugin,none,0.28227900238451137
2-2-8,t3,mixture,0.6,1000,800101,0.012171426998975221,kl_split,none,0.36441553959661394
2-2-8,t3,mixture,0.6,1000,800101,0.012171426998975221,kl_crossfit,none,0.3819312706242357
2-2-8,t3,mixture,0.6,1000,800101,0.012171426998975221,cf1_margin,none,0.5016980067920271
2-2-8,t3,mixture,0.6,1000,800101,0.012171426998975221,slack_plugin,none,1.0033960135840543
2-2-8,t3,mixture,0.6,1000,800101,0.012171426998975221,gm_battery,none,0.0
2-2-8,t3,mixture,0.6,1000,800101,0.012171426998975221,gtest,none,186.66045251308424
2-2-8,t3,mixture,0.6,1000,800102,0.008734260001801886,kl_plugin,none,0.33142367751913887
2-2-8,t3,mixture,0.6,1000,800102,0.008734260001801886,kl_split,none,0.3967888222974585
2-2-8,t3,mixture,0.6,1000,800102,0.008734260001801886,kl_crossfit,none,0.4905904729024242
2-2-8,t3,mixture,0.6,1000,800102,0.008734260001801886,cf1_margin,none,0.5484654572813242
2-2-8,t3,mixture,0.6,1000,800102,0.008734260001801886,slack_plugin,none,1.0969309145626485
2-2-8,t3,mixture,0.6,1000,800102,0.008734260001801886,gm_battery,none,0.0
2-2-8,t3,mixture,0.6,1000,800102,0.008734260001801886,gtest,none,176.5565023858905
2-2-8,t3,mixture,0.6,1000,800103,0.008559563997550867,kl_plugin,none,0.36119883243125084
2-2-8,t3,mixture,0.6,1000,800103,0.008559563997550867,kl_split,none,0.42799121425525066
2-2-8,t3,mixture,0.6,1000,800103,0.008559563997550867,kl_crossfit,none,0.7116110587808375
2-2-8,t3,mixture,0.6,1000,800103,0.008559563997550867,cf1_margin,none,0.5646742264078417
2-2-8,t3,mixture,0.6,1000,800103,0.008559563997550867,slack_plugin,none,1.129348452815683
2-2-8,t3,mixture,0.6,1000,800103,0.008559563997550867,gm_battery,none,0.0
2-2-8,t3,mixture,0.6,1000,800103,0.008559563997550867,gtest,none,163.0864338592401
2-2-8,t3,mixture,0.6,1000,800104,0.010651642005541362,kl_plugin,none,0.3456062077617119
2-2-8,t3,mixture,0.6,1000,800104,0.010651642005541362,kl_split,none,0.5674341347095233
2-2-8,t3,mixture,0.6,1000,800104,0.010651642005541362,kl_crossfit,none,0.5124945284976158
2-2-8,t3,mixture,0.6,1000,800104,0.010651642005541362,cf1_margin,none,0.5549475166410651
2-2-8,t3,mixture,0.6,1000,800104,0.010651642005541362,slack_plugin,none,1.1098950332821302
2-2-8,t3,mixture,0.6,1000,800104,0.010651642005541362,gm_battery,none,0.0
2-2-8,t3,mixture,0.6,1000,800104,0.010651642005541362,gtest,none,150.2415493872257
2-2-8,t3,mixture,0.6,1000,800105,0.008791296000708826,kl_plugin,none,0.32411794852931314
2-2-8,t3,mixture,0.6,1000,800105,0.008791296000708826,kl_split,none,0.40156732776121495
2-2-8,t3,mixture,0.6,1000,800105,0.008791296000708826,kl_crossfit,none,0.7313880718335497
2-2-8,t3,mixture,0.6,1000,800105,0.008791296000708826,cf1_margin,none,0.5262997871693524
2-2-8,t3,mixture,0.6,1000,800105,0.008791296000708826,slack_plugin,none,1.0525995743387049
2-2-8,t3,mixture,0.6,1000,800105,0.008791296000708826,gm_battery,none,0.0
2-2-8,t3,mixture,0.6,1000,800105,0.008791296000708826,gtest,none,154.44877509053956
2-2-8,t3,mixture,0.6,1000,800106,0.009294340998167172,kl_plugin,none,0.38850514870383546
2-2-8,t3,mixture,0.6,1000,800106,0.009294340998167172,kl_split,none,0.5801540122727347
2-2-8,t3,mixture,0.6,1000,800106,0.009294340998167172,kl_crossfit,none,0.7361339625314484
2-2-8,t3,mixture,0.6,1000,800106,0.009294340998167172,cf1_margin,none,0.5887870680401801
2-2-8,t3,mixture,0.6,1000,800106,0.009294340998167172,slack_plugin,none,1.1775741360803607
2-2-8,t3,mixture,0.6,1000,800106,0.009294340998167172,gm_battery,none,0.0
2-2-8,t3,mixture,0.6,1000,800106,0.009294340998167172,gtest,none,178.54104068010645
2-2-8,t3,mixture,0.6,1000,800107,0.009052957000676543,kl_plugin,none,0.3244945445548746
2-2-8,t3,mixture,0.6,1000,800107,0.009052957000676543,kl_split,none,0.5532175799431178
2-2-8,t3,mixture,0.6,1000,800107,0.009052957000676543,kl_crossfit,none,0.6143236967562233
2-2-8,t3,mixture,0.6,1000,800107,0.009052957000676543,cf1_margin,none,0.525963738778384
2-2-8,t3,mixture,0.6,1000,800107,0.009052957000676543,slack_plugin,none,1.051927477556768
2-2-8,t3,mixture,0.6,1000,800107,0.009052957000676543,gm_battery,none,0.0
2-2-8,t3,mixture,0.6,1000,800107,0.009052957000676543,gtest,none,108.14737063071611
2-2-8,t3,mixture,0.6,1000,800108,0.01050974700046936,kl_plugin,none,0.38324863896269384
2-2-8,t3,mixture,0.6,1000,800108,0.01050974700046936,kl_split,none,0.4389283838441571
2-2-8,t3,mixture,0.6,1000,800108,0.01050974700046936,kl_crossfit,none,0.6277539447928853
2-2-8,t3,mixture,0.6,1000,800108,0.01050974700046936,cf1_margin,none,0.5744182976731907
2-2-8,t3,mixture,0.6,1000,800108,0.01050974700046936,slack_plugin,none,1.1488365953463813
2-2-8,t3,mixture,0.6,1000,800108,0.01050974700046936,gm_battery,none,0.0
2-2-8,t3,mixture,0.6,1000,800108,0.01050974700046936,gtest,none,119.39447793725203
2-2-8,t3,mixture,0.6,1000,800109,0.00991535800130805,kl_plugin,none,0.3637456836996098
2-2-8,t3,mixture,0.6,1000,800109,0.00991535800130805,kl_split,none,3.9237410358744422
2-2-8,t3,mixture,0.6,1000,800109,0.00991535800130805,kl_crossfit,none,2.4425581518035653
2-2-8,t3,mixture,0.6,1000,800109,0.00991535800130805,cf1_margin,none,0.5648018060208702
2-2-8,t3,mixture,0.6,1000,800109,0.00991535800130805,slack_plugin,none,1.1296036120417403
2-2-8,t3,mixture,0.6,1000,800109,0.00991535800130805,gm_battery,none,0.0
2-2-8,t3,mixture,0.6,1000,800109,0.00991535800130805,gtest,none,165.7696671853525
2-2-8,t3,mixture,0.6,1000,800110,0.00882572300179163,kl_plugin,none,0.31533140962803663
2-2-8,t3,mixture,0.6,1000,800110,0.00882572300179163,kl_split,none,0.6393297963279069
2-2-8,t3,mixture,0.6,1000,800110,0.00882572300179163,kl_crossfit,none,0.5851972577925848
2-2-8,t3,mixture,0.6,1000,800110,0.00882572300179163,cf1_margin,none,0.5283728372837284
2-2-8,t3,mixture,0.6,1000,800110,0.00882572300179163,slack_plugin,none,1.0567456745674568
2-2-8,t3,mixture,0.6,1000,800110,0.00882572300179163,gm_battery,none,0.0
2-2-8,t3,mixture,0.6,1000,800110,0.00882572300179163,gtest,none,175.22556609379046
2-2-8,t3,mixture,0.6,1000,800111,0.007649188999494072,kl_plugin,none,0.31662943126714765
2-2-8,t3,mixture,0.6,1000,800111,0.007649188999494072,kl_split,none,0.3918009571197195
2-2-8,t3,mixture,0.6,1000,800111,0.007649188999494072,kl_crossfit,none,0.5471299509821131
2-2-8,t3,mixture,0.6,1000,800111,0.007649188999494072,cf1_margin,none,0.525442915944974
2-2-8,t3,mixture,0.6,1000,800111,0.007649188999494072,slack_plugin,none,1.0508858318899477
2-2-8,t3,mixture,0.6,1000,800111,0.007649188999494072,gm_battery,none,0.0
2-2-8,t3,mixture,0.6,1000,800111,0.007649188999494072,gtest,none,187.60110742246093
2-2-8,t3,mixture,0.6,1000,800112,0.011485948001791257,kl_plugin,none,0.2922236615361399
2-2-8,t3,mixture,0.6,1000,800112,0.011485948001791257,kl_split,none,0.5731251890272746
2-2-8,t3,mixture,0.6,1000,800112,0.011485948001791257,kl_crossfit,none,0.7937014320202184
2-2-8,t3,mixture,0.6,1000,800112,0.011485948001791257,cf1_margin,none,0.5096153846153846
2-2-8,t3,mixture,0.6,1000,800112,0.011485948001791257,slack_plugin,none,1.0192307692307694
2-2-8,t3,mixture,0.6,1000,800112,0.011485948001791257,gm_battery,none,0.0
2-2-8,t3,mixture,0.6,1000,800112,0.011485948001791257,gtest,none,177.99390116647072
2-2-8,t3,mixture,0.6,1000,800113,0.010162974998820573,kl_plugin,none,0.31952104782756263
2-2-8,t3,mixture,0.6,1000,800113,0.010162974998820573,kl_split,none,0.7967147301189474
2-2-8,t3,mixture,0.6,1000,800113,0.010162974998820573,kl_crossfit,none,0.5956050397398152
2-2-8,t3,mixture,0.6,1000,800113,0.010162974998820573,cf1_margin,none,0.5369913316879407
2-2-8,t3,mixture,0.6,1000,800113,0.010162974998820573,slack_plugin,none,1.0739826633758813
2-2-8,t3,mixture,0.6,1000,800113,0.010162974998820573,gm_battery,none,0.0
2-2-8,t3,mixture,0.6,1000,800113,0.010162974998820573,gtest,none,156.9764480833427
2-2-8,t3,mixture,0.6,1000,800114,0.01010262199997669,kl_plugin,none,0.32880226559588227
2-2-8,t3,mixture,0.6,1000,800114,0.01010262199997669,kl_split,none,0.3818386059179339
2-2-8,t3,mixture,0.6,1000,800114,0.01010262199997669,kl_crossfit,none,0.39522256437888714
2-2-8,t3,mixture,0.6,1000,800114,0.01010262199997669,cf1_margin,none,0.5373855707061007
2-2-8,t3,mixture,0.6,1000,800114,0.01010262199997669,slack_plugin,none,1.0747711414122016
2-2-8,t3,mixture,0.6,1000,800114,0.01010262199997669,gm_battery,none,0.0
2-2-8,t3,mixture,0.6,1000,800114,0.01010262199997669,gtest,none,168.87557166865676
2-2-8,t3,mixture,0.6,1000,800115,0.01241586499963887,kl_plugin,none,0.30028559070352195
2-2-8,t3,mixture,0.6,1000,800115,0.01241586499963887,kl_split,none,0.31189017176386546
2-2-8,t3,mixture,0.6,1000,800115,0.01241586499963887,kl_crossfit,none,0.3595676034442492
2-2-8,t3,mixture,0.6,1000,800115,0.01241586499963887,cf1_margin,none,0.5126264545523638
2-2-8,t3,mixture,0.6,1000,800115,0.01241586499963887,slack_plugin,none,1.0252529091047278
2-2-8,t3,mixture,0.6,1000,800115,0.01241586499963887,gm_battery,none,0.0
2-2-8,t3,mixture,0.6,1000,800115,0.01241586499963887,gtest,none,146.49818195672958
2-2-8,t3,mixture,0.6,1000,800116,0.009769146003236528,kl_plugin,none,0.3540909239686514
2-2-8,t3,mixture,0.6,1000,800116,0.009769146003236528,kl_split,none,0.731040590644519
2-2-8,t3,mixture,0.6,1000,800116,0.009769146003236528,kl_crossfit,none,0.6264965810177614
2-2-8,t3,mixture,0.6,1000,800116,0.009769146003236528,cf1_margin,none,0.5487004673196338
2-2-8,t3,mixture,0.6,1000,800116,0.009769146003236528,slack_plugin,none,1.0974009346392675
2-2-8,t3,mixture,0.6,1000,800116,0.009769146003236528,gm_battery,none,0.0
2-2-8,t3,mixture,0.6,1000,800116,0.009769146003236528,gtest,none,145.12813042718855
2-2-8,t3,mixture,0.6,1000,800117,0.010001772003306542,kl_plugin,none,0.36611446651474494
2-2-8,t3,mixture,0.6,1000,800117,0.010001772003306542,kl_split,none,0.42787596255944754
2-2-8,t3,mixture,0.6,1000,800117,0.010001772003306542,kl_crossfit,none,0.7967424955604877
2-2-8,t3,mixture,0.6,1000,800117,0.010001772003306542,cf1_margin,none,0.5684009561855257
2-2-8,t3,mixture,0.6,1000,800117,0.010001772003306542,slack_plugin,none,1.1368019123710513
2-2-8,t3,mixture,0.6,1000,800117,0.010001772003306542,gm_battery,none,0.0
2-2-8,t3,mixture,0.6,1000,800117,0.010001772003306542,gtest,none,161.4110414585854
2-2-8,t3,mixture,0.6,1000,800118,0.017363494000164792,kl_plugin,none,0.3163443682452641
2-2-8,t3,mixture,0.6,1000,800118,0.017363494000164792,kl_split,none,0.6889089098165195
2-2-8,t3,mixture,0.6,1000,800118,0.017363494000164792,kl_crossfit,none,0.6641487832773428
2-2-8,t3,mixture,0.6,1000,800118,0.017363494000164792,cf1_margin,none,0.5271308523409364
2-2-8,t3,mixture,0.6,1000,800118,0.017363494000164792,slack_plugin,none,1.0542617046818725
2-2-8,t3,mixture,0.6,1000,800118,0.017363494000164792,gm_battery,none,0.0
2-2-8,t3,mixture,0.6,1000,800118,0.017363494000164792,gtest,none,163.89954199703672
2-2-8,t3,mixture,0.6,1000,800119,0.011065623999456875,kl_plugin,none,0.3361381294173324
2-2-8,t3,mixture,0.6,1000,800119,0.011065623999456875,kl_split,none,0.4151546730358298
2-2-8,t3,mixture,0.6,1000,800119,0.011065623999456875,kl_crossfit,none,0.6431695014297253
2-2-8,t3,mixture,0.6,1000,800119,0.011065623999456875,cf1_margin,none,0.5423821030228353
2-2-8,t3,mixture,0.6,1000,800119,0.011065623999456875,slack_plugin,none,1.0847642060456704
2-2-8,t3,mixture,0.6,1000,800119,0.011065623999456875,gm_battery,none,0.0
2-2-8,t3,mixture,0.6,1000,800119,0.011065623999456875,gtest,none,163.0903000726813
2-2-8,t3,mixture,0.6,1000,800120,0.011768794996896759,kl_plugin,none,0.34312831111529746
2-2-8,t3,mixture,0.6,1000,800120,0.011768794996896759,kl_split,none,0.7529509453151553
2-2-8,t3,mixture,0.6,1000,800120,0.011768794996896759,kl_crossfit,none,0.5907101699286749
2-2-8,t3,mixture,0.6,1000,800120,0.011768794996896759,cf1_margin,none,0.548397680848595
2-2-8,t3,mixture,0.6,1000,800120,0.011768794996896759,slack_plugin,none,1.0967953616971897
2-2-8,t3,mixture,0.6,1000,800120,0.011768794996896759,gm_battery,none,0.0
2-2-8,t3,mixture,0.6,1000,800120,0.011768794996896759,gtest,none,148.238315780376
2-2-8,t3,mixture,0.6,1000,800121,0.009804116001760121,kl_plugin,none,0.33759554415097576
2-2-8,t3,mixture,0.6,1000,800121,0.009804116001760121,kl_split,none,0.5198736582820452
2-2-8,t3,mixture,0.6,1000,800121,0.009804116001760121,kl_crossfit,none,0.45128851534500974
2-2-8,t3,mixture,0.6,1000,800121,0.009804116001760121,cf1_margin,none,0.5393357342937175
2-2-8,t3,mixture,0.6,1000,800121,0.009804116001760121,slack_plugin,none,1.0786714685874348
2-2-8,t3,mixture,0.6,1000,800121,0.009804116001760121,gm_battery,none,0.0
2-2-8,t3,mixture,0.6,1000,800121,0.009804116001760121,gtest,none,127.30658362123913
2-2-8,t3,mixture,0.6,1000,800122,0.014841436001006514,kl_plugin,none,0.32621238160765875
2-2-8,t3,mixture,0.6,1000,800122,0.014841436001006514,kl_split,none,4.731908501061007
2-2-8,t3,mixture,0.6,1000,800122,0.014841436001006514,kl_crossfit,none,2.662786276878011
2-2-8,t3,mixture,0.6,1000,800122,0.014841436001006514,cf1_margin,none,0.5400641025641026
2-2-8,t3,mixture,0.6,1000,800122,0.014841436001006514,slack_plugin,none,1.0801282051282048
2-2-8,t3,mixture,0.6,1000,800122,0.014841436001006514,gm_battery,none,0.0
2-2-8,t3,mixture,0.6,1000,800122,0.014841436001006514,gtest,none,188.10992045162632
2-2-8,t3,mixture,0.6,1000,800123,0.011048387001210358,kl_plugin,none,0.36702804007291917
2-2-8,t3,mixture,0.6,1000,800123,0.011048387001210358,kl_split,none,0.4148691841719297
2-2-8,t3,mixture,0.6,1000,800123,0.011048387001210358,kl_crossfit,none,0.4275571299816932
2-2-8,t3,mixture,0.6,1000,800123,0.011048387001210358,cf1_margin,none,0.568
2-2-8,t3,mixture,0.6,1000,800123,0.011048387001210358,slack_plugin,none,1.1359999999999995
2-2-8,t3,mixture,0.6,1000,800123,0.011048387001210358,gm_battery,none,0.0
2-2-8,t3,mixture,0.6,1000,800123,0.011048387001210358,gtest,none,171.80380824941685
2-2-8,t3,mixture,0.6,1000,800124,0.014302891002444085,kl_plugin,none,0.37053032475506636
2-2-8,t3,mixture,0.6,1000,800124,0.014302891002444085,kl_split,none,0.4178873938144457
2-2-8,t3,mixture,0.6,1000,800124,0.014302891002444085,kl_crossfit,none,0.7584742344673204
2-2-8,t3,mixture,0.6,1000,800124,0.014302891002444085,cf1_margin,none,0.5612329797276756
2-2-8,t3,mixture,0.6,1000,800124,0.014302891002444085,slack_plugin,none,1.122465959455351
2-2-8,t3,mixture,0.6,1000,800124,0.014302891002444085,gm_battery,none,0.0
2-2-8,t3,mixture,0.6,1000,800124,0.014302891002444085,gtest,none,144.1040311933795
2-2-8,t3,mixture,0.6,1000,800125,0.017475895001553,kl_plugin,none,0.33909592980174846
2-2-8,t3,mixture,0.6,1000,800125,0.017475895001553,kl_split,none,0.47208539650482817
2-2-8,t3,mixture,0.6,1000,800125,0.017475895001553,kl_crossfit,none,0.5575220262130675
2-2-8,t3,mixture,0.6,1000,800125,0.017475895001553,cf1_margin,none,0.5333461341525858
2-2-8,t3,mixture,0.6,1000,800125,0.017475895001553,slack_plugin,none,1.0666922683051714
2-2-8,t3,mixture,0.6,1000,800125,0.017475895001553,gm_battery,none,0.0
2-2-8,t3,mixture,0.6,1000,800125,0.017475895001553,gtest,none,127.11366155673599
2-2-8,t3,mixture,0.6,1000,800126,0.012380698004562873,kl_plugin,none,0.29741491023386457
2-2-8,t3,mixture,0.6,1000,800126,0.012380698004562873,kl_split,none,0.9036618993133541
2-2-8,t3,mixture,0.6,1000,800126,0.012380698004562873,kl_crossfit,none,0.7219272796330127
2-2-8,t3,mixture,0.6,1000,800126,0.012380698004562873,cf1_margin,none,0.5092731829573935
2-2-8,t3,mixture,0.6,1000,800126,0.012380698004562873,slack_plugin,none,1.018546365914787
2-2-8,t3,mixture,0.6,1000,800126,0.012380698004562873,gm_battery,none,0.0
2-2-8,t3,mixture,0.6,1000,800126,0.012380698004562873,gtest,none,156.351896994078
2-2-8,t3,mixture,0.6,1000,800127,0.011597601005632896,kl_plugin,none,0.3933841855193694
2-2-8,t3,mixture,0.6,1000,800127,0.011597601005632896,kl_split,none,0.5692061140171373
2-2-8,t3,mixture,0.6,1000,800127,0.011597601005632896,kl_crossfit,none,0.5376160021844076
2-2-8,t3,mixture,0.6,1000,800127,0.011597601005632896,cf1_margin,none,0.5845751906362824
2-2-8,t3,mixture,0.6,1000,800127,0.011597601005632896,slack_plugin,none,1.1691503812725648
2-2-8,t3,mixture,0.6,1000,800127,0.011597601005632896,gm_battery,none,0.0
2-2-8,t3,mixture,0.6,1000,800127,0.011597601005632896,gtest,none,136.19530764229495
2-2-8,t3,mixture,0.6,1000,800128,0.010557951994996984,kl_plugin,none,0.3612631152203699
2-2-8,t3,mixture,0.6,1000,800128,0.010557951994996984,kl_split,none,0.5149788373061708
2-2-8,t3,mixture,0.6,1000,800128,0.010557951994996984,kl_crossfit,none,0.7147027656375186
2-2-8,t3,mixture,0.6,1000,800128,0.010557951994996984,cf1_margin,none,0.5751375137513751
2-2-8,t3,mixture,0.6,1000,800128,0.010557951994996984,slack_plugin,none,1.1502750275027498
2-2-8,t3,mixture,0.6,1000,800128,0.010557951994996984,gm_battery,none,0.0
2-2-8,t3,mixture,0.6,1000,800128,0.010557951994996984,gtest,none,131.6929595853944
2-2-8,t3,mixture,0.6,1000,800129,0.010403068001323845,kl_plugin,none,0.34390759233094775
2-2-8,t3,mixture,0.6,1000,800129,0.010403068001323845,kl_split,none,0.6255988793032461
2-2-8,t3,mixture,0.6,1000,800129,0.010403068001323845,kl_crossfit,none,0.7407347511616311
2-2-8,t3,mixture,0.6,1000,800129,0.010403068001323845,cf1_margin,none,0.5515806322529011
2-2-8,t3,mixture,0.6,1000,800129,0.010403068001323845,slack_plugin,none,1.1031612645058024
2-2-8,t3,mixture,0.6,1000,800129,0.010403068001323845,gm_battery,none,0.0
2-2-8,t3,mixture,0.6,1000,800129,0.010403068001323845,gtest,none,176.71007718947152
2-2-8,t3,mixture,0.6,1000,800130,0.009608303000277374,kl_plugin,none,0.380572901019073
2-2-8,t3,mixture,0.6,1000,800130,0.009608303000277374,kl_split,none,0.7022036125267881
2-2-8,t3,mixture,0.6,1000,800130,0.009608303000277374,kl_crossfit,none,0.6908922954227052
2-2-8,t3,mixture,0.6,1000,800130,0.009608303000277374,cf1_margin,none,0.5773634321275395
2-2-8,t3,mixture,0.6,1000,800130,0.009608303000277374,slack_plugin,none,1.1547268642550788
2-2-8,t3,mixture,0.6,1000,800130,0.009608303000277374,gm_battery,none,0.0
2-2-8,t3,mixture,0.6,1000,800130,0.009608303000277374,gtest,none,130.89305603154608
2-2-8,t3,mixture,0.6,1000,800131,0.01099341699591605,kl_plugin,none,0.30247325957578297
2-2-8,t3,mixture,0.6,1000,800131,0.01099341699591605,kl_split,none,0.38412834937995566
2-2-8,t3,mixture,0.6,1000,800131,0.01099341699591605,kl_crossfit,none,0.4474323170790093
2-2-8,t3,mixture,0.6,1000,800131,0.01099341699591605,cf1_margin,none,0.511547589033092
2-2-8,t3,mixture,0.6,1000,800131,0.01099341699591605,slack_plugin,none,1.023095178066184
2-2-8,t3,mixture,0.6,1000,800131,0.01099341699591605,gm_battery,none,0.0
2-2-8,t3,mixture,0.6,1000,800131,0.01099341699591605,gtest,none,150.69063431672242
2-2-8,t3,mixture,0.6,1000,800132,0.010950026000500657,kl_plugin,none,0.32491907128631325
2-2-8,t3,mixture,0.6,1000,800132,0.010950026000500657,kl_split,none,1.0171684583831322
2-2-8,t3,mixture,0.6,1000,800132,0.010950026000500657,kl_crossfit,none,0.7135587822841215
2-2-8,t3,mixture,0.6,1000,800132,0.010950026000500657,cf1_margin,none,0.533993399339934
2-2-8,t3,mixture,0.6,1000,800132,0.010950026000500657,slack_plugin,none,1.067986798679868
2-2-8,t3,mixture,0.6,1000,800132,0.010950026000500657,gm_battery,none,0.0
2-2-8,t3,mixture,0.6,1000,800132,0.010950026000500657,gtest,none,170.16800143604735
2-2-8,t3,mixture,0.6,1000,800133,0.008341975000803359,kl_plugin,none,0.35663331902768836
2-2-8,t3,mixture,0.6,1000,800133,0.008341975000803359,kl_split,none,0.5630742984949032
2-2-8,t3,mixture,0.6,1000,800133,0.008341975000803359,kl_crossfit,none,0.7818869248153981
2-2-8,t3,mixture,0.6,1000,800133,0.008341975000803359,cf1_margin,none,0.5446067429216126
2-2-8,t3,mixture,0.6,1000,800133,0.008341975000803359,slack_plugin,none,1.0892134858432252
2-2-8,t3,mixture,0.6,1000,800133,0.008341975000803359,gm_battery,none,0.0
2-2-8,t3,mixture,0.6,1000,800133,0.008341975000803359,gtest,none,149.46000845886775
2-2-8,t3,mixture,0.6,1000,800134,0.009878239005047362,kl_plugin,none,0.2806744962574163
2-2-8,t3,mixture,0.6,1000,800134,0.009878239005047362,kl_split,none,5.7933542151604
2-2-8,t3,mixture,0.6,1000,800134,0.009878239005047362,kl_crossfit,none,3.081384219343344
2-2-8,t3,mixture,0.6,1000,800134,0.009878239005047362,cf1_margin,none,0.5007020252729097
2-2-8,t3,mixture,0.6,1000,800134,0.009878239005047362,slack_plugin,none,1.0014040505458195
2-2-8,t3,mixture,0.6,1000,800134,0.009878239005047362,gm_battery,none,0.0
2-2-8,t3,mixture,0.6,1000,800134,0.009878239005047362,gtest,none,146.57754197535448
2-2-8,t3,mixture,0.6,1000,800135,0.01646549200086156,kl_plugin,none,0.3861637971673786
2-2-8,t3,mixture,0.6,1000,800135,0.01646549200086156,kl_split,none,0.46785043836961965
2-2-8,t3,mixture,0.6,1000,800135,0.01646549200086156,kl_crossfit,none,1.0290115518619891
2-2-8,t3,mixture,0.6,1000,800135,0.01646549200086156,cf1_margin,none,0.5588141025641026
2-2-8,t3,mixture,0.6,1000,800135,0.01646549200086156,slack_plugin,none,1.1176282051282056
2-2-8,t3,mixture,0.6,1000,800135,0.01646549200086156,gm_battery,none,0.0
2-2-8,t3,mixture,0.6,1000,800135,0.01646549200086156,gtest,none,149.74758897631443
2-2-8,t3,mixture,0.6,1000,800136,0.013516516002709977,kl_plugin,none,0.3121394769458033
2-2-8,t3,mixture,0.6,1000,800136,0.013516516002709977,kl_split,none,0.5496621515294493
2-2-8,t3,mixture,0.6,1000,800136,0.013516516002709977,kl_crossfit,none,0.5134573165888912
2-2-8,t3,mixture,0.6,1000,800136,0.013516516002709977,cf1_margin,none,0.5311671220163926
2-2-8,t3,mixture,0.6,1000,800136,0.013516516002709977,slack_plugin,none,1.0623342440327854
2-2-8,t3,mixture,0.6,1000,800136,0.013516516002709977,gm_battery,none,0.0
2-2-8,t3,mixture,0.6,1000,800136,0.013516516002709977,gtest,none,176.5453477576664
2-2-8,t3,mixture,0.6,1000,800137,0.017358223005430773,kl_plugin,none,0.34006108066146207
2-2-8,t3,mixture,0.6,1000,800137,0.017358223005430773,kl_split,none,0.4488736538512985
2-2-8,t3,mixture,0.6,1000,800137,0.017358223005430773,kl_crossfit,none,0.4370305952813899
2-2-8,t3,mixture,0.6,1000,800137,0.017358223005430773,cf1_margin,none,0.5525855478303333
2-2-8,t3,mixture,0.6,1000,800137,0.017358223005430773,slack_plugin,none,1.1051710956606664
2-2-8,t3,mixture,0.6,1000,800137,0.017358223005430773,gm_battery,none,0.0
2-2-8,t3,mixture,0.6,1000,800137,0.017358223005430773,gtest,none,153.93773964585458
2-2-8,t3,mixture,0.6,1000,800138,0.01041197400627425,kl_plugin,none,0.29225587660583113
2-2-8,t3,mixture,0.6,1000,800138,0.01041197400627425,kl_split,none,0.35494504030885043
2-2-8,t3,mixture,0.6,1000,800138,0.01041197400627425,kl_crossfit,none,0.3654551794077607
2-2-8,t3,mixture,0.6,1000,800138,0.01041197400627425,cf1_margin,none,0.5036098970503369
2-2-8,t3,mixture,0.6,1000,800138,0.01041197400627425,slack_plugin,none,1.0072197941006733
2-2-8,t3,mixture,0.6,1000,800138,0.01041197400627425,gm_battery,none,0.0
2-2-8,t3,mixture,0.6,1000,800138,0.01041197400627425,gtest,none,154.10473933329305
2-2-8,t3,mixture,0.6,1000,800139,0.010694085998693481,kl_plugin,none,0.34102887864277404
2-2-8,t3,mixture,0.6,1000,800139,0.010694085998693481,kl_split,none,0.5251794571178288
2-2-8,t3,mixture,0.6,1000,800139,0.010694085998693481,kl_crossfit,none,0.8265309250392299
2-2-8,t3,mixture,0.6,1000,800139,0.010694085998693481,cf1_margin,none,0.5379999999999999
2-2-8,t3,mixture,0.6,1000,800139,0.010694085998693481,slack_plugin,none,1.0759999999999996
2-2-8,t3,mixture,0.6,1000,800139,0.010694085998693481,gm_battery,none,0.0
2-2-8,t3,mixture,0.6,1000,800139,0.010694085998693481,gtest,none,143.51970979699564
2-2-8,t3,mixture,0.6,1000,800140,0.010857857996597886,kl_plugin,none,0.30833071270377577
2-2-8,t3,mixture,0.6,1000,800140,0.010857857996597886,kl_split,none,0.3837409722522386
2-2-8,t3,mixture,0.6,1000,800140,0.010857857996597886,kl_crossfit,none,0.6927382582405317
2-2-8,t3,mixture,0.6,1000,800140,0.010857857996597886,cf1_margin,none,0.5215631050871326
2-2-8,t3,mixture,0.6,1000,800140,0.010857857996597886,slack_plugin,none,1.043126210174265
2-2-8,t3,mixture,0.6,1000,800140,0.010857857996597886,gm_battery,none,0.0
2-2-8,t3,mixture,0.6,1000,800140,0.010857857996597886,gtest,none,142.35595561344212
2-2-8,t3,mixture,0.6,1000,800141,0.009925864003889728,kl_plugin,none,0.3086416856311949
2-2-8,t3,mixture,0.6,1000,800141,0.009925864003889728,kl_split,none,0.5670444326442243
2-2-8,t3,mixture,0.6,1000,800141,0.009925864003889728,kl_crossfit,none,0.7070284623910346
2-2-8,t3,mixture,0.6,1000,800141,0.009925864003889728,cf1_margin,none,0.5236185169172631
2-2-8,t3,mixture,0.6,1000,800141,0.009925864003889728,slack_plugin,none,1.0472370338345263
2-2-8,t3,mixture,0.6,1000,800141,0.009925864003889728,gm_battery,none,0.0
2-2-8,t3,mixture,0.6,1000,800141,0.009925864003889728,gtest,none,225.23230834910754
2-2-8,t3,mixture,0.6,1000,800142,0.013222090994531754,kl_plugin,none,0.3211150692737381
2-2-8,t3,mixture,0.6,1000,800142,0.013222090994531754,kl_split,none,0.4053710657993198
2-2-8,t3,mixture,0.6,1000,800142,0.013222090994531754,kl_crossfit,none,0.6992290718039904
2-2-8,t3,mixture,0.6,1000,800142,0.013222090994531754,cf1_margin,none,0.52005200520052
2-2-8,t3,mixture,0.6,1000,800142,0.013222090994531754,slack_plugin,none,1.04010401040104
2-2-8,t3,mixture,0.6,1000,800142,0.013222090994531754,gm_battery,none,0.0
2-2-8,t3,mixture,0.6,1000,800142,0.013222090994531754,gtest,none,152.48095332049562
2-2-8,t3,mixture,0.6,1000,800143,0.011376090995327104,kl_plugin,none,0.27442664129208727
2-2-8,t3,mixture,0.6,1000,800143,0.011376090995327104,kl_split,none,0.46141484429197865
2-2-8,t3,mixture,0.6,1000,800143,0.011376090995327104,kl_crossfit,none,0.40428264273846737
2-2-8,t3,mixture,0.6,1000,800143,0.011376090995327104,cf1_margin,none,0.49179747812660835
2-2-8,t3,mixture,0.6,1000,800143,0.011376090995327104,slack_plugin,none,0.9835949562532165
2-2-8,t3,mixture,0.6,1000,800143,0.011376090995327104,gm_battery,none,0.0
2-2-8,t3,mixture,0.6,1000,800143,0.011376090995327104,gtest,none,168.82210616156019
2-2-8,t3,mixture,0.6,1000,800144,0.01044937600090634,kl_plugin,none,0.27649999293387106
2-2-8,t3,mixture,0.6,1000,800144,0.01044937600090634,kl_split,none,1.1170218002346268
2-2-8,t3,mixture,0.6,1000,800144,0.01044937600090634,kl_crossfit,none,0.7486884783884482
2-2-8,t3,mixture,0.6,1000,800144,0.01044937600090634,cf1_margin,none,0.4999359907826727
2-2-8,t3,mixture,0.6,1000,800144,0.01044937600090634,slack_plugin,none,0.9998719815653457
2-2-8,t3,mixture,0.6,1000,800144,0.01044937600090634,gm_battery,none,0.0
2-2-8,t3,mixture,0.6,1000,800144,0.01044937600090634,gtest,none,190.27906659381566
2-2-8,t3,mixture,0.6,1000,800145,0.01051301100233104,kl_plugin,none,0.39053743500441
2-2-8,t3,mixture,0.6,1000,800145,0.01051301100233104,kl_split,none,0.43621801662517573
2-2-8,t3,mixture,0.6,1000,800145,0.01051301100233104,kl_crossfit,none,0.5970155813164676
2-2-8,t3,mixture,0.6,1000,800145,0.01051301100233104,cf1_margin,none,0.5711484593837535
2-2-8,t3,mixture,0.6,1000,800145,0.01051301100233104,slack_plugin,none,1.1422969187675074
2-2-8,t3,mixture,0.6,1000,800145,0.01051301100233104,gm_battery,none,0.0
2-2-8,t3,mixture,0.6,1000,800145,0.01051301100233104,gtest,none,141.2836137820998
2-2-8,t3,mixture,0.6,1000,800146,0.01067181299731601,kl_plugin,none,0.3028619074954912
2-2-8,t3,mixture,0.6,1000,800146,0.01067181299731601,kl_split,none,0.5154346326985071
2-2-8,t3,mixture,0.6,1000,800146,0.01067181299731601,kl_crossfit,none,0.6093306387035191
2-2-8,t3,mixture,0.6,1000,800146,0.01067181299731601,cf1_margin,none,0.5172066194382998
2-2-8,t3,mixture,0.6,1000,800146,0.01067181299731601,slack_plugin,none,1.0344132388765992
2-2-8,t3,mixture,0.6,1000,800146,0.01067181299731601,gm_battery,none,0.0
2-2-8,t3,mixture,0.6,1000,800146,0.01067181299731601,gtest,none,169.2264135872301
2-2-8,t3,mixture,0.6,1000,800147,0.008947491995058954,kl_plugin,none,0.3524604748895971
2-2-8,t3,mixture,0.6,1000,800147,0.008947491995058954,kl_split,none,0.4475589966265875
2-2-8,t3,mixture,0.6,1000,800147,0.008947491995058954,kl_crossfit,none,0.5487425979522811
2-2-8,t3,mixture,0.6,1000,800147,0.008947491995058954,cf1_margin,none,0.5568300229243817
2-2-8,t3,mixture,0.6,1000,800147,0.008947491995058954,slack_plugin,none,1.113660045848763
2-2-8,t3,mixture,0.6,1000,800147,0.008947491995058954,gm_battery,none,0.0
2-2-8,t3,mixture,0.6,1000,800147,0.008947491995058954,gtest,none,104.52280858697462
2-2-8,t3,mixture,0.6,1000,800148,0.00990976100001717,kl_plugin,none,0.3544710953116629
2-2-8,t3,mixture,0.6,1000,800148,0.00990976100001717,kl_split,none,1.537837631469285
2-2-8,t3,mixture,0.6,1000,800148,0.00990976100001717,kl_crossfit,none,1.1505682060096039
2-2-8,t3,mixture,0.6,1000,800148,0.00990976100001717,cf1_margin,none,0.5596382385529541
2-2-8,t3,mixture,0.6,1000,800148,0.00990976100001717,slack_plugin,none,1.1192764771059083
2-2-8,t3,mixture,0.6,1000,800148,0.00990976100001717,gm_battery,none,0.0
2-2-8,t3,mixture,0.6,1000,800148,0.00990976100001717,gtest,none,153.25874477425373
2-2-8,t3,mixture,0.6,1000,800149,0.009989149999455549,kl_plugin,none,0.28086390976705333
2-2-8,t3,mixture,0.6,1000,800149,0.009989149999455549,kl_split,none,0.3490375857346175
2-2-8,t3,mixture,0.6,1000,800149,0.009989149999455549,kl_crossfit,none,0.5833161473642545
2-2-8,t3,mixture,0.6,1000,800149,0.009989149999455549,cf1_margin,none,0.4883374212475352
2-2-8,t3,mixture,0.6,1000,800149,0.009989149999455549,slack_plugin,none,0.9766748424950707
2-2-8,t3,mixture,0.6,1000,800149,0.009989149999455549,gm_battery,none,0.0
2-2-8,t3,mixture,0.6,1000,800149,0.009989149999455549,gtest,none,142.86194296980108
2-2-8,t3,mixture,0.6,1000,800150,0.00999999200575985,kl_plugin,none,0.28987706387766293
2-2-8,t3,mixture,0.6,1000,800150,0.00999999200575985,kl_split,none,0.8087063975429267
2-2-8,t3,mixture,0.6,1000,800150,0.00999999200575985,kl_crossfit,none,0.8166056711792244
2-2-8,t3,mixture,0.6,1000,800150,0.00999999200575985,cf1_margin,none,0.5088903200515218
2-2-8,t3,mixture,0.6,1000,800150,0.00999999200575985,slack_plugin,none,1.0177806401030436
2-2-8,t3,mixture,0.6,1000,800150,0.00999999200575985,gm_battery,none,0.0
2-2-8,t3,mixture,0.6,1000,800150,0.00999999200575985,gtest,none,197.06330270533746
2-2-8,t3,mixture,0.6,1000,800151,0.011961882002651691,kl_plugin,none,0.3327685831065123
2-2-8,t3,mixture,0.6,1000,800151,0.011961882002651691,kl_split,none,0.5922559550136062
2-2-8,t3,mixture,0.6,1000,800151,0.011961882002651691,kl_crossfit,none,0.8697252713819238
2-2-8,t3,mixture,0.6,1000,800151,0.011961882002651691,cf1_margin,none,0.541936774709884
2-2-8,t3,mixture,0.6,1000,800151,0.011961882002651691,slack_plugin,none,1.0838735494197678
2-2-8,t3,mixture,0.6,1000,800151,0.011961882002651691,gm_battery,none,0.0
2-2-8,t3,mixture,0.6,1000,800151,0.011961882002651691,gtest,none,150.2984231432964
2-2-8,t3,mixture,0.6,1000,800152,0.010200534998148214,kl_plugin,none,0.3259598334343116
2-2-8,t3,mixture,0.6,1000,800152,0.010200534998148214,kl_split,none,0.4005013353506727
2-2-8,t3,mixture,0.6,1000,800152,0.010200534998148214,kl_crossfit,none,0.5835015993450947
2-2-8,t3,mixture,0.6,1000,800152,0.010200534998148214,cf1_margin,none,0.5409154729570264
2-2-8,t3,mixture,0.6,1000,800152,0.010200534998148214,slack_plugin,none,1.0818309459140532
2-2-8,t3,mixture,0.6,1000,800152,0.010200534998148214,gm_battery,none,0.0
2-2-8,t3,mixture,0.6,1000,800152,0.010200534998148214,gtest,none,135.78719284369197
2-2-8,t3,mixture,0.6,1000,800153,0.011288803994830232,kl_plugin,none,0.31206957424075066
2-2-8,t3,mixture,0.6,1000,800153,0.011288803994830232,kl_split,none,0.38699080365060556
2-2-8,t3,mixture,0.6,1000,800153,0.011288803994830232,kl_crossfit,none,0.680977643700508
2-2-8,t3,mixture,0.6,1000,800153,0.011288803994830232,cf1_margin,none,0.52
2-2-8,t3,mixture,0.6,1000,800153,0.011288803994830232,slack_plugin,none,1.0399999999999996
2-2-8,t3,mixture,0.6,1000,800153,0.011288803994830232,gm_battery,none,0.0
2-2-8,t3,mixture,0.6,1000,800153,0.011288803994830232,gtest,none,126.78837036537841
2-2-8,t3,mixture,0.6,1000,800154,0.011852079005620908,kl_plugin,none,0.33472522253049575
2-2-8,t3,mixture,0.6,1000,800154,0.011852079005620908,kl_split,none,0.3952907449494553
2-2-8,t3,mixture,0.6,1000,800154,0.011852079005620908,kl_crossfit,none,0.7349139080026773
2-2-8,t3,mixture,0.6,1000,800154,0.011852079005620908,cf1_margin,none,0.5349358974358974
2-2-8,t3,mixture,0.6,1000,800154,0.011852079005620908,slack_plugin,none,1.0698717948717953
2-2-8,t3,mixture,0.6,1000,800154,0.011852079005620908,gm_battery,none,0.0
2-2-8,t3,mixture,0.6,1000,800154,0.011852079005620908,gtest,none,193.18415075915505
2-2-8,t3,mixture,0.6,1000,800155,0.010815579000336584,kl_plugin,none,0.3312948300471551
2-2-8,t3,mixture,0.6,1000,800155,0.010815579000336584,kl_split,none,0.8647437339101561
2-2-8,t3,mixture,0.6,1000,800155,0.010815579000336584,kl_crossfit,none,0.6800873944563556
2-2-8,t3,mixture,0.6,1000,800155,0.010815579000336584,cf1_margin,none,0.5455200316953406
2-2-8,t3,mixture,0.6,1000,800155,0.010815579000336584,slack_plugin,none,1.0910400633906812
2-2-8,t3,mixture,0.6,1000,800155,0.010815579000336584,gm_battery,none,0.0
2-2-8,t3,mixture,0.6,1000,800155,0.010815579000336584,gtest,none,134.20552066938387
2-2-8,t3,mixture,0.6,1000,800156,0.010622701003740076,kl_plugin,none,0.2941815706866091
2-2-8,t3,mixture,0.6,1000,800156,0.010622701003740076,kl_split,none,0.9881806777525053
2-2-8,t3,mixture,0.6,1000,800156,0.010622701003740076,kl_crossfit,none,0.7539554565851078
2-2-8,t3,mixture,0.6,1000,800156,0.010622701003740076,cf1_margin,none,0.5145514551455146
2-2-8,t3,mixture,0.6,1000,800156,0.010622701003740076,slack_plugin,none,1.0291029102910292
2-2-8,t3,mixture,0.6,1000,800156,0.010622701003740076,gm_battery,none,0.0
2-2-8,t3,mixture,0.6,1000,800156,0.010622701003740076,gtest,none,150.86411800514554
2-2-8,t3,mixture,0.6,1000,800157,0.010765443999844138,kl_plugin,none,0.31464176468897315
2-2-8,t3,mixture,0.6,1000,800157,0.010765443999844138,kl_split,none,0.40142409597001655
2-2-8,t3,mixture,0.6,1000,800157,0.010765443999844138,kl_crossfit,none,0.6804298776058272
2-2-8,t3,mixture,0.6,1000,800157,0.010765443999844138,cf1_margin,none,0.5269749710989595
2-2-8,t3,mixture,0.6,1000,800157,0.010765443999844138,slack_plugin,none,1.053949942197919
2-2-8,t3,mixture,0.6,1000,800157,0.010765443999844138,gm_battery,none,0.0
2-2-8,t3,mixture,0.6,1000,800157,0.010765443999844138,gtest,none,141.0228664453057
2-2-8,t3,mixture,0.6,1000,800158,0.01579298800061224,kl_plugin,none,0.3948791282140166
2-2-8,t3,mixture,0.6,1000,800158,0.01579298800061224,kl_split,none,6.25437034200113
2-2-8,t3,mixture,0.6,1000,800158,0.01579298800061224,kl_crossfit,none,3.371490924695505
2-2-8,t3,mixture,0.6,1000,800158,0.01579298800061224,cf1_margin,none,0.5853773660378566
2-2-8,t3,mixture,0.6,1000,800158,0.01579298800061224,slack_plugin,none,1.170754732075713
2-2-8,t3,mixture,0.6,1000,800158,0.01579298800061224,gm_battery,none,0.0
2-2-8,t3,mixture,0.6,1000,800158,0.01579298800061224,gtest,none,162.93441824993744
2-2-8,t3,mixture,0.6,1000,800159,0.01037537199590588,kl_plugin,none,0.3895811056180475
2-2-8,t3,mixture,0.6,1000,800159,0.01037537199590588,kl_split,none,0.49006215970139033
2-2-8,t3,mixture,0.6,1000,800159,0.01037537199590588,kl_crossfit,none,0.6045289410160302
2-2-8,t3,mixture,0.6,1000,800159,0.01037537199590588,cf1_margin,none,0.5694725252727455
2-2-8,t3,mixture,0.6,1000,800159,0.01037537199590588,slack_plugin,none,1.138945050545491
2-2-8,t3,mixture,0.6,1000,800159,0.01037537199590588,gm_battery,none,0.0
2-2-8,t3,mixture,0.6,1000,800159,0.01037537199590588,gtest,none,135.67584258450037
2-2-8,t3,mixture,0.6,1000,800160,0.010080776002723724,kl_plugin,none,0.34289707902784244
2-2-8,t3,mixture,0.6,1000,800160,0.010080776002723724,kl_split,none,0.8911593370726993
2-2-8,t3,mixture,0.6,1000,800160,0.010080776002723724,kl_crossfit,none,1.0063860615520626
2-2-8,t3,mixture,0.6,1000,800160,0.010080776002723724,cf1_margin,none,0.5437391697581629
2-2-8,t3,mixture,0.6,1000,800160,0.010080776002723724,slack_plugin,none,1.0874783395163259
2-2-8,t3,mixture,0.6,1000,800160,0.010080776002723724,gm_battery,none,0.0
2-2-8,t3,mixture,0.6,1000,800160,0.010080776002723724,gtest,none,139.5620069360255
2-2-8,t3,mixture,0.6,1000,800161,0.010261441995680798,kl_plugin,none,0.3388238747569939
2-2-8,t3,mixture,0.6,1000,800161,0.010261441995680798,kl_split,none,0.6980641227179011
2-2-8,t3,mixture,0.6,1000,800161,0.010261441995680798,kl_crossfit,none,0.5652940397847896
2-2-8,t3,mixture,0.6,1000,800161,0.010261441995680798,cf1_margin,none,0.5512561305174657
2-2-8,t3,mixture,0.6,1000,800161,0.010261441995680798,slack_plugin,none,1.1025122610349316
2-2-8,t3,mixture,0.6,1000,800161,0.010261441995680798,gm_battery,none,0.0
2-2-8,t3,mixture,0.6,1000,800161,0.010261441995680798,gtest,none,154.9249524145774
2-2-8,t3,mixture,0.6,1000,800162,0.009898282994981855,kl_plugin,none,0.35685436500908596
2-2-8,t3,mixture,0.6,1000,800162,0.009898282994981855,kl_split,none,0.9564389072924746
2-2-8,t3,mixture,0.6,1000,800162,0.009898282994981855,kl_crossfit,none,0.6934692469410078
2-2-8,t3,mixture,0.6,1000,800162,0.009898282994981855,cf1_margin,none,0.5581595933742795
2-2-8,t3,mixture,0.6,1000,800162,0.009898282994981855,slack_plugin,none,1.116319186748559
2-2-8,t3,mixture,0.6,1000,800162,0.009898282994981855,gm_battery,none,0.0
2-2-8,t3,mixture,0.6,1000,800162,0.009898282994981855,gtest,none,137.55513446877904
2-2-8,t3,mixture,0.6,1000,800163,0.010266260993375909,kl_plugin,none,0.3465291116562744
2-2-8,t3,mixture,0.6,1000,800163,0.010266260993375909,kl_split,none,0.35852791389444644
2-2-8,t3,mixture,0.6,1000,800163,0.010266260993375909,kl_crossfit,none,0.498040992155249
2-2-8,t3,mixture,0.6,1000,800163,0.010266260993375909,cf1_margin,none,0.5486789069410922
2-2-8,t3,mixture,0.6,1000,800163,0.010266260993375909,slack_plugin,none,1.0973578138821842
2-2-8,t3,mixture,0.6,1000,800163,0.010266260993375909,gm_battery,none,0.0
2-2-8,t3,mixture,0.6,1000,800163,0.010266260993375909,gtest,none,132.31804931099495
2-2-8,t3,mixture,0.6,1000,800164,0.01003282699821284,kl_plugin,none,0.2649476464834341
2-2-8,t3,mixture,0.6,1000,800164,0.01003282699821284,kl_split,none,0.9856242817538199
2-2-8,t3,mixture,0.6,1000,800164,0.01003282699821284,kl_crossfit,none,0.6689578002740802
2-2-8,t3,mixture,0.6,1000,800164,0.01003282699821284,cf1_margin,none,0.48575236860117443
2-2-8,t3,mixture,0.6,1000,800164,0.01003282699821284,slack_plugin,none,0.9715047372023483
2-2-8,t3,mixture,0.6,1000,800164,0.01003282699821284,gm_battery,none,0.0
2-2-8,t3,mixture,0.6,1000,800164,0.01003282699821284,gtest,none,181.4038649904215
2-2-8,t3,mixture,0.6,1000,800165,0.010079535000841133,kl_plugin,none,0.324211739774226
2-2-8,t3,mixture,0.6,1000,800165,0.010079535000841133,kl_split,none,0.9099746947652363
2-2-8,t3,mixture,0.6,1000,800165,0.010079535000841133,kl_crossfit,none,0.6814621748555487
2-2-8,t3,mixture,0.6,1000,800165,0.010079535000841133,cf1_margin,none,0.5289869029275809
2-2-8,t3,mixture,0.6,1000,800165,0.010079535000841133,slack_plugin,none,1.0579738058551622
2-2-8,t3,mixture,0.6,1000,800165,0.010079535000841133,gm_battery,none,0.0
2-2-8,t3,mixture,0.6,1000,800165,0.010079535000841133,gtest,none,171.2946728258887
2-2-8,t3,mixture,0.6,1000,800166,0.01656395699683344,kl_plugin,none,0.35452117693192564
2-2-8,t3,mixture,0.6,1000,800166,0.01656395699683344,kl_split,none,0.6581439879236288
2-2-8,t3,mixture,0.6,1000,800166,0.01656395699683344,kl_crossfit,none,0.8074108204789712
2-2-8,t3,mixture,0.6,1000,800166,0.01656395699683344,cf1_margin,none,0.546114611461146
2-2-8,t3,mixture,0.6,1000,800166,0.01656395699683344,slack_plugin,none,1.0922292229222919
2-2-8,t3,mixture,0.6,1000,800166,0.01656395699683344,gm_battery,none,0.0
2-2-8,t3,mixture,0.6,1000,800166,0.01656395699683344,gtest,none,193.73829082069923
2-2-8,t3,mixture,0.6,1000,800167,0.02178235099563608,kl_plugin,none,0.3649563036955855
2-2-8,t3,mixture,0.6,1000,800167,0.02178235099563608,kl_split,none,0.5829865742975991
2-2-8,t3,mixture,0.6,1000,800167,0.02178235099563608,kl_crossfit,none,0.8967850174651293
2-2-8,t3,mixture,0.6,1000,800167,0.02178235099563608,cf1_margin,none,0.5678977772799283
2-2-8,t3,mixture,0.6,1000,800167,0.02178235099563608,slack_plugin,none,1.1357955545598566
2-2-8,t3,mixture,0.6,1000,800167,0.02178235099563608,gm_battery,none,0.0
2-2-8,t3,mixture,0.6,1000,800167,0.02178235099563608,gtest,none,132.32819305926074
2-2-8,t3,mixture,0.6,1000,800168,0.0107702210007119,kl_plugin,none,0.3875826014967007
2-2-8,t3,mixture,0.6,1000,800168,0.0107702210007119,kl_split,none,0.7912006550420599
2-2-8,t3,mixture,0.6,1000,800168,0.0107702210007119,kl_crossfit,none,1.1109594269241714
2-2-8,t3,mixture,0.6,1000,800168,0.0107702210007119,cf1_margin,none,0.5747385950585259
2-2-8,t3,mixture,0.6,1000,800168,0.0107702210007119,slack_plugin,none,1.1494771901170515
2-2-8,t3,mixture,0.6,1000,800168,0.0107702210007119,gm_battery,none,0.0
2-2-8,t3,mixture,0.6,1000,800168,0.0107702210007119,gtest,none,118.65492435308312
2-2-8,t3,mixture,0.6,1000,800169,0.016102831999887712,kl_plugin,none,0.3734224383919784
2-2-8,t3,mixture,0.6,1000,800169,0.016102831999887712,kl_split,none,1.5199974944524457
2-2-8,t3,mixture,0.6,1000,800169,0.016102831999887712,kl_crossfit,none,1.1796126281669264
2-2-8,t3,mixture,0.6,1000,800169,0.016102831999887712,cf1_margin,none,0.5731086319107488
2-2-8,t3,mixture,0.6,1000,800169,0.016102831999887712,slack_plugin,none,1.1462172638214974
2-2-8,t3,mixture,0.6,1000,800169,0.016102831999887712,gm_battery,none,0.0
2-2-8,t3,mixture,0.6,1000,800169,0.016102831999887712,gtest,none,136.77390228821054
2-2-8,t3,mixture,0.6,1000,800170,0.01620018000539858,kl_plugin,none,0.33303348651771714
2-2-8,t3,mixture,0.6,1000,800170,0.01620018000539858,kl_split,none,0.4975801815722909
2-2-8,t3,mixture,0.6,1000,800170,0.01620018000539858,kl_crossfit,none,0.5895328783644249
2-2-8,t3,mixture,0.6,1000,800170,0.01620018000539858,cf1_margin,none,0.5397292289468103
2-2-8,t3,mixture,0.6,1000,800170,0.01620018000539858,slack_plugin,none,1.0794584578936204
2-2-8,t3,mixture,0.6,1000,800170,0.01620018000539858,gm_battery,none,0.0
2-2-8,t3,mixture,0.6,1000,800170,0.01620018000539858,gtest,none,94.6687878614853
2-2-8,t3,mixture,0.6,1000,800171,0.015214627004752401,kl_plugin,none,0.38832796319244056
2-2-8,t3,mixture,0.6,1000,800171,0.015214627004752401,kl_split,none,0.4745357814750415
2-2-8,t3,mixture,0.6,1000,800171,0.015214627004752401,kl_crossfit,none,0.6952446320532991
2-2-8,t3,mixture,0.6,1000,800171,0.015214627004752401,cf1_margin,none,0.5773157928429677
2-2-8,t3,mixture,0.6,1000,800171,0.015214627004752401,slack_plugin,none,1.1546315856859357
2-2-8,t3,mixture,0.6,1000,800171,0.015214627004752401,gm_battery,none,0.0
2-2-8,t3,mixture,0.6,1000,800171,0.015214627004752401,gtest,none,125.58232448021639
2-2-8,t3,mixture,0.6,1000,800172,0.010650108997651841,kl_plugin,none,0.38559916372641634
2-2-8,t3,mixture,0.6,1000,800172,0.010650108997651841,kl_split,none,0.6312517810476334
2-2-8,t3,mixture,0.6,1000,800172,0.010650108997651841,kl_crossfit,none,0.7491623281982964
2-2-8,t3,mixture,0.6,1000,800172,0.010650108997651841,cf1_margin,none,0.5840418888408512
2-2-8,t3,mixture,0.6,1000,800172,0.010650108997651841,slack_plugin,none,1.1680837776817026
2-2-8,t3,mixture,0.6,1000,800172,0.010650108997651841,gm_battery,none,0.0
2-2-8,t3,mixture,0.6,1000,800172,0.010650108997651841,gtest,none,134.4809202226799
2-2-8,t3,mixture,0.6,1000,800173,0.010251656000036746,kl_plugin,none,0.3768033230759892
2-2-8,t3,mixture,0.6,1000,800173,0.010251656000036746,kl_split,none,0.4531022534348155
2-2-8,t3,mixture,0.6,1000,800173,0.010251656000036746,kl_crossfit,none,0.5703193795376985
2-2-8,t3,mixture,0.6,1000,800173,0.010251656000036746,cf1_margin,none,0.5709596323517638
2-2-8,t3,mixture,0.6,1000,800173,0.010251656000036746,slack_plugin,none,1.1419192647035277
2-2-8,t3,mixture,0.6,1000,800173,0.010251656000036746,gm_battery,none,0.0
2-2-8,t3,mixture,0.6,1000,800173,0.010251656000036746,gtest,none,141.5591930286176
2-2-8,t3,mixture,0.6,1000,800174,0.009804461005842313,kl_plugin,none,0.33988888709641313
2-2-8,t3,mixture,0.6,1000,800174,0.009804461005842313,kl_split,none,0.4536601355584081
2-2-8,t3,mixture,0.6,1000,800174,0.009804461005842313,kl_crossfit,none,0.7705984696343544
2-2-8,t3,mixture,0.6,1000,800174,0.009804461005842313,cf1_margin,none,0.5419503039471104
2-2-8,t3,mixture,0.6,1000,800174,0.009804461005842313,slack_plugin,none,1.083900607894221
2-2-8,t3,mixture,0.6,1000,800174,0.009804461005842313,gm_battery,none,0.0
2-2-8,t3,mixture,0.6,1000,800174,0.009804461005842313,gtest,none,128.0214833514451
2-2-8,t3,mixture,0.6,1000,800175,0.014518142997985706,kl_plugin,none,0.3561494302255838
2-2-8,t3,mixture,0.6,1000,800175,0.014518142997985706,kl_split,none,0.44405463877769313
2-2-8,t3,mixture,0.6,1000,800175,0.014518142997985706,kl_crossfit,none,0.43306621396723
2-2-8,t3,mixture,0.6,1000,800175,0.014518142997985706,cf1_margin,none,0.5511681158027893
2-2-8,t3,mixture,0.6,1000,800175,0.014518142997985706,slack_plugin,none,1.1023362316055791
2-2-8,t3,mixture,0.6,1000,800175,0.014518142997985706,gm_battery,none,0.0
2-2-8,t3,mixture,0.6,1000,800175,0.014518142997985706,gtest,none,139.24850008829924
2-2-8,t3,mixture,0.6,1000,800176,0.01065243699849816,kl_plugin,none,0.3720623883538055
2-2-8,t3,mixture,0.6,1000,800176,0.01065243699849816,kl_split,none,0.5945184205242915
2-2-8,t3,mixture,0.6,1000,800176,0.01065243699849816,kl_crossfit,none,0.5635116840448688
2-2-8,t3,mixture,0.6,1000,800176,0.01065243699849816,cf1_margin,none,0.5711735420486137
2-2-8,t3,mixture,0.6,1000,800176,0.01065243699849816,slack_plugin,none,1.1423470840972274
2-2-8,t3,mixture,0.6,1000,800176,0.01065243699849816,gm_battery,none,0.0
2-2-8,t3,mixture,0.6,1000,800176,0.01065243699849816,gtest,none,166.77638334586857
2-2-8,t3,mixture,0.6,1000,800177,0.016958505002548918,kl_plugin,none,0.33885418675410617
2-2-8,t3,mixture,0.6,1000,800177,0.016958505002548918,kl_split,none,0.4705922083275545
2-2-8,t3,mixture,0.6,1000,800177,0.016958505002548918,kl_crossfit,none,0.4132060311033392
2-2-8,t3,mixture,0.6,1000,800177,0.016958505002548918,cf1_margin,none,0.5435374149659864
2-2-8,t3,mixture,0.6,1000,800177,0.016958505002548918,slack_plugin,none,1.0870748299319728
2-2-8,t3,mixture,0.6,1000,800177,0.016958505002548918,gm_battery,none,0.0
2-2-8,t3,mixture,0.6,1000,800177,0.016958505002548918,gtest,none,117.56490607974806
2-2-8,t3,mixture,0.6,1000,800178,0.015262924003764056,kl_plugin,none,0.31187267140405506
2-2-8,t3,mixture,0.6,1000,800178,0.015262924003764056,kl_split,none,0.3664106124280635
2-2-8,t3,mixture,0.6,1000,800178,0.015262924003764056,kl_crossfit,none,0.4436166598519872
2-2-8,t3,mixture,0.6,1000,800178,0.015262924003764056,cf1_margin,none,0.5288959425447667
2-2-8,t3,mixture,0.6,1000,800178,0.015262924003764056,slack_plugin,none,1.0577918850895334
2-2-8,t3,mixture,0.6,1000,800178,0.015262924003764056,gm_battery,none,0.0
2-2-8,t3,mixture,0.6,1000,800178,0.015262924003764056,gtest,none,150.8282352422503
2-2-8,t3,mixture,0.6,1000,800179,0.013468867997289635,kl_plugin,none,0.35574910822565675
2-2-8,t3,mixture,0.6,1000,800179,0.013468867997289635,kl_split,none,0.4344942513646015
2-2-8,t3,mixture,0.6,1000,800179,0.013468867997289635,kl_crossfit,none,0.48285406218219545
2-2-8,t3,mixture,0.6,1000,800179,0.013468867997289635,cf1_margin,none,0.5487863970750186
2-2-8,t3,mixture,0.6,1000,800179,0.013468867997289635,slack_plugin,none,1.097572794150037
2-2-8,t3,mixture,0.6,1000,800179,0.013468867997289635,gm_battery,none,0.0
2-2-8,t3,mixture,0.6,1000,800179,0.013468867997289635,gtest,none,125.3451884512592
2-2-8,t3,mixture,0.6,1000,800180,0.011084950005169958,kl_plugin,none,0.3716436049462727
2-2-8,t3,mixture,0.6,1000,800180,0.011084950005169958,kl_split,none,0.44852132989393195
2-2-8,t3,mixture,0.6,1000,800180,0.011084950005169958,kl_crossfit,none,0.5056185184452537
2-2-8,t3,mixture,0.6,1000,800180,0.011084950005169958,cf1_margin,none,0.5760429067907693
2-2-8,t3,mixture,0.6,1000,800180,0.011084950005169958,slack_plugin,none,1.1520858135815384
2-2-8,t3,mixture,0.6,1000,800180,0.011084950005169958,gm_battery,none,0.0
2-2-8,t3,mixture,0.6,1000,800180,0.011084950005169958,gtest,none,131.3210392213057
2-2-8,t3,mixture,0.6,1000,800181,0.014309468999272212,kl_plugin,none,0.2773258372254691
2-2-8,t3,mixture,0.6,1000,800181,0.014309468999272212,kl_split,none,0.513856447629917
2-2-8,t3,mixture,0.6,1000,800181,0.014309468999272212,kl_crossfit,none,0.9592581099341104
2-2-8,t3,mixture,0.6,1000,800181,0.014309468999272212,cf1_margin,none,0.49972796082635906
2-2-8,t3,mixture,0.6,1000,800181,0.014309468999272212,slack_plugin,none,0.9994559216527181
2-2-8,t3,mixture,0.6,1000,800181,0.014309468999272212,gm_battery,none,0.0
2-2-8,t3,mixture,0.6,1000,800181,0.014309468999272212,gtest,none,137.6008426707837
2-2-8,t3,mixture,0.6,1000,800182,0.01508608199947048,kl_plugin,none,0.2998253500408956
2-2-8,t3,mixture,0.6,1000,800182,0.01508608199947048,kl_split,none,0.47919951373030284
2-2-8,t3,mixture,0.6,1000,800182,0.01508608199947048,kl_crossfit,none,0.7857580683393829
2-2-8,t3,mixture,0.6,1000,800182,0.01508608199947048,cf1_margin,none,0.5130871136089923
2-2-8,t3,mixture,0.6,1000,800182,0.01508608199947048,slack_plugin,none,1.0261742272179843
2-2-8,t3,mixture,0.6,1000,800182,0.01508608199947048,gm_battery,none,0.0
2-2-8,t3,mixture,0.6,1000,800182,0.01508608199947048,gtest,none,172.70481142241496
2-2-8,t3,mixture,0.6,1000,800183,0.016401181994297076,kl_plugin,none,0.32316964787706803
2-2-8,t3,mixture,0.6,1000,800183,0.016401181994297076,kl_split,none,2.759314077622902
2-2-8,t3,mixture,0.6,1000,800183,0.016401181994297076,kl_crossfit,none,1.5989866002014899
2-2-8,t3,mixture,0.6,1000,800183,0.016401181994297076,cf1_margin,none,0.5332749456633095
2-2-8,t3,mixture,0.6,1000,800183,0.016401181994297076,slack_plugin,none,1.0665498913266185
2-2-8,t3,mixture,0.6,1000,800183,0.016401181994297076,gm_battery,none,0.0
2-2-8,t3,mixture,0.6,1000,800183,0.016401181994297076,gtest,none,172.37933730062798
2-2-8,t3,mixture,0.6,1000,800184,0.013419595001323614,kl_plugin,none,0.34976857014741713
2-2-8,t3,mixture,0.6,1000,800184,0.013419595001323614,kl_split,none,0.4277805378106639
2-2-8,t3,mixture,0.6,1000,800184,0.013419595001323614,kl_crossfit,none,0.7239908354154798
2-2-8,t3,mixture,0.6,1000,800184,0.013419595001323614,cf1_margin,none,0.5552452491011814
2-2-8,t3,mixture,0.6,1000,800184,0.013419595001323614,slack_plugin,none,1.1104904982023627
2-2-8,t3,mixture,0.6,1000,800184,0.013419595001323614,gm_battery,none,0.0
2-2-8,t3,mixture,0.6,1000,800184,0.013419595001323614,gtest,none,123.72136956601597
2-2-8,t3,mixture,0.6,1000,800185,0.012929176999023184,kl_plugin,none,0.30116394930660295
2-2-8,t3,mixture,0.6,1000,800185,0.012929176999023184,kl_split,none,0.4274635428213596
2-2-8,t3,mixture,0.6,1000,800185,0.012929176999023184,kl_crossfit,none,0.7238459222888438
2-2-8,t3,mixture,0.6,1000,800185,0.012929176999023184,cf1_margin,none,0.5163500654002615
2-2-8,t3,mixture,0.6,1000,800185,0.012929176999023184,slack_plugin,none,1.0327001308005233
2-2-8,t3,mixture,0.6,1000,800185,0.012929176999023184,gm_battery,none,0.0
2-2-8,t3,mixture,0.6,1000,800185,0.012929176999023184,gtest,none,150.98866077944854
2-2-8,t3,mixture,0.6,1000,800186,0.012132217001635581,kl_plugin,none,0.32148772786904783
2-2-8,t3,mixture,0.6,1000,800186,0.012132217001635581,kl_split,none,0.5840958184367213
2-2-8,t3,mixture,0.6,1000,800186,0.012132217001635581,kl_crossfit,none,0.8132366698518844
2-2-8,t3,mixture,0.6,1000,800186,0.012132217001635581,cf1_margin,none,0.5332533013205283
2-2-8,t3,mixture,0.6,1000,800186,0.012132217001635581,slack_plugin,none,1.0665066026410561
2-2-8,t3,mixture,0.6,1000,800186,0.012132217001635581,gm_battery,none,0.0
2-2-8,t3,mixture,0.6,1000,800186,0.012132217001635581,gtest,none,103.50465106601112
2-2-8,t3,mixture,0.6,1000,800187,0.01769086599961156,kl_plugin,none,0.3520677670539246
2-2-8,t3,mixture,0.6,1000,800187,0.01769086599961156,kl_split,none,0.41270639134658005
2-2-8,t3,mixture,0.6,1000,800187,0.01769086599961156,kl_crossfit,none,0.7117568529410315
2-2-8,t3,mixture,0.6,1000,800187,0.01769086599961156,cf1_margin,none,0.5524039154744549
2-2-8,t3,mixture,0.6,1000,800187,0.01769086599961156,slack_plugin,none,1.1048078309489098
2-2-8,t3,mixture,0.6,1000,800187,0.01769086599961156,gm_battery,none,0.0
2-2-8,t3,mixture,0.6,1000,800187,0.01769086599961156,gtest,none,146.90840146601923
2-2-8,t3,mixture,0.6,1000,800188,0.015550317999441177,kl_plugin,none,0.40444431644428946
2-2-8,t3,mixture,0.6,1000,800188,0.015550317999441177,kl_split,none,0.9492380333276789
2-2-8,t3,mixture,0.6,1000,800188,0.015550317999441177,kl_crossfit,none,0.7062583948568837
2-2-8,t3,mixture,0.6,1000,800188,0.015550317999441177,cf1_margin,none,0.5979999999999999
2-2-8,t3,mixture,0.6,1000,800188,0.015550317999441177,slack_plugin,none,1.1959999999999997
2-2-8,t3,mixture,0.6,1000,800188,0.015550317999441177,gm_battery,none,0.0
2-2-8,t3,mixture,0.6,1000,800188,0.015550317999441177,gtest,none,107.73484087045533
2-2-8,t3,mixture,0.6,1000,800189,0.01086891600425588,kl_plugin,none,0.3286230406690022
2-2-8,t3,mixture,0.6,1000,800189,0.01086891600425588,kl_split,none,1.7209711889811503
2-2-8,t3,mixture,0.6,1000,800189,0.01086891600425588,kl_crossfit,none,1.0802651644519445
2-2-8,t3,mixture,0.6,1000,800189,0.01086891600425588,cf1_margin,none,0.5323924951684346
2-2-8,t3,mixture,0.6,1000,800189,0.01086891600425588,slack_plugin,none,1.0647849903368694
2-2-8,t3,mixture,0.6,1000,800189,0.01086891600425588,gm_battery,none,0.0
2-2-8,t3,mixture,0.6,1000,800189,0.01086891600425588,gtest,none,132.27167388196574
2-2-8,t3,mixture,0.6,1000,800190,0.010550918996159453,kl_plugin,none,0.31936061500030843
2-2-8,t3,mixture,0.6,1000,800190,0.010550918996159453,kl_split,none,0.5409224520604949
2-2-8,t3,mixture,0.6,1000,800190,0.010550918996159453,kl_crossfit,none,0.5475434552343605
2-2-8,t3,mixture,0.6,1000,800190,0.010550918996159453,cf1_margin,none,0.5294569672131147
2-2-8,t3,mixture,0.6,1000,800190,0.010550918996159453,slack_plugin,none,1.0589139344262295
2-2-8,t3,mixture,0.6,1000,800190,0.010550918996159453,gm_battery,none,0.0
2-2-8,t3,mixture,0.6,1000,800190,0.010550918996159453,gtest,none,153.19117236141332
2-2-8,t3,mixture,0.6,1000,800191,0.011677877002512105,kl_plugin,none,0.34694770571382205
2-2-8,t3,mixture,0.6,1000,800191,0.011677877002512105,kl_split,none,0.4200667831032685
2-2-8,t3,mixture,0.6,1000,800191,0.011677877002512105,kl_crossfit,none,0.39783011187012385
2-2-8,t3,mixture,0.6,1000,800191,0.011677877002512105,cf1_margin,none,0.5541806328115302
2-2-8,t3,mixture,0.6,1000,800191,0.011677877002512105,slack_plugin,none,1.10836126562306
2-2-8,t3,mixture,0.6,1000,800191,0.011677877002512105,gm_battery,none,0.0
2-2-8,t3,mixture,0.6,1000,800191,0.011677877002512105,gtest,none,153.6728706275095
2-2-8,t3,mixture,0.6,1000,800192,0.012178076001873706,kl_plugin,none,0.33351471066378596
2-2-8,t3,mixture,0.6,1000,800192,0.012178076001873706,kl_split,none,0.8371884857444362
2-2-8,t3,mixture,0.6,1000,800192,0.012178076001873706,kl_crossfit,none,0.6414134176935806
2-2-8,t3,mixture,0.6,1000,800192,0.012178076001873706,cf1_margin,none,0.5382421529686119
2-2-8,t3,mixture,0.6,1000,800192,0.012178076001873706,slack_plugin,none,1.0764843059372236
2-2-8,t3,mixture,0.6,1000,800192,0.012178076001873706,gm_battery,none,0.0
2-2-8,t3,mixture,0.6,1000,800192,0.012178076001873706,gtest,none,142.84995213906507
2-2-8,t3,mixture,0.6,1000,800193,0.010855739004909992,kl_plugin,none,0.34207734793468475
2-2-8,t3,mixture,0.6,1000,800193,0.010855739004909992,kl_split,none,0.42675665695070186
2-2-8,t3,mixture,0.6,1000,800193,0.010855739004909992,kl_crossfit,none,0.7295245749851673
2-2-8,t3,mixture,0.6,1000,800193,0.010855739004909992,cf1_margin,none,0.5357371487100697
2-2-8,t3,mixture,0.6,1000,800193,0.010855739004909992,slack_plugin,none,1.0714742974201394
2-2-8,t3,mixture,0.6,1000,800193,0.010855739004909992,gm_battery,none,0.0
2-2-8,t3,mixture,0.6,1000,800193,0.010855739004909992,gtest,none,121.80436078515872
2-2-8,t3,mixture,0.6,1000,800194,0.013913322996813804,kl_plugin,none,0.31102079287343376
2-2-8,t3,mixture,0.6,1000,800194,0.013913322996813804,kl_split,none,0.8510007738170059
2-2-8,t3,mixture,0.6,1000,800194,0.013913322996813804,kl_crossfit,none,0.6304806231146411
2-2-8,t3,mixture,0.6,1000,800194,0.013913322996813804,cf1_margin,none,0.5279368853344861
2-2-8,t3,mixture,0.6,1000,800194,0.013913322996813804,slack_plugin,none,1.055873770668972
2-2-8,t3,mixture,0.6,1000,800194,0.013913322996813804,gm_battery,none,0.0
2-2-8,t3,mixture,0.6,1000,800194,0.013913322996813804,gtest,none,132.4029009536835
2-2-8,t3,mixture,0.6,1000,800195,0.016503525999723934,kl_plugin,none,0.3262012079903458
2-2-8,t3,mixture,0.6,1000,800195,0.016503525999723934,kl_split,none,0.5343325542158582
2-2-8,t3,mixture,0.6,1000,800195,0.016503525999723934,kl_crossfit,none,0.8494529920778431
2-2-8,t3,mixture,0.6,1000,800195,0.016503525999723934,cf1_margin,none,0.5356204753667755
2-2-8,t3,mixture,0.6,1000,800195,0.016503525999723934,slack_plugin,none,1.071240950733551
2-2-8,t3,mixture,0.6,1000,800195,0.016503525999723934,gm_battery,none,0.0
2-2-8,t3,mixture,0.6,1000,800195,0.016503525999723934,gtest,none,169.0303399392678
2-2-8,t3,mixture,0.6,1000,800196,0.011550113995326683,kl_plugin,none,0.2859885420352456
2-2-8,t3,mixture,0.6,1000,800196,0.011550113995326683,kl_split,none,0.8657302017756374
2-2-8,t3,mixture,0.6,1000,800196,0.011550113995326683,kl_crossfit,none,0.7091067129819151
2-2-8,t3,mixture,0.6,1000,800196,0.011550113995326683,cf1_margin,none,0.5084908490849085
2-2-8,t3,mixture,0.6,1000,800196,0.011550113995326683,slack_plugin,none,1.016981698169817
2-2-8,t3,mixture,0.6,1000,800196,0.011550113995326683,gm_battery,none,0.0
2-2-8,t3,mixture,0.6,1000,800196,0.011550113995326683,gtest,none,156.00200429671756
2-2-8,t3,mixture,0.6,1000,800197,0.009786187001736835,kl_plugin,none,0.3355988227816276
2-2-8,t3,mixture,0.6,1000,800197,0.009786187001736835,kl_split,none,0.4078783019309722
2-2-8,t3,mixture,0.6,1000,800197,0.009786187001736835,kl_crossfit,none,0.46250874911163475
2-2-8,t3,mixture,0.6,1000,800197,0.009786187001736835,cf1_margin,none,0.5458817114632113
2-2-8,t3,mixture,0.6,1000,800197,0.009786187001736835,slack_plugin,none,1.0917634229264224
2-2-8,t3,mixture,0.6,1000,800197,0.009786187001736835,gm_battery,none,0.0
2-2-8,t3,mixture,0.6,1000,800197,0.009786187001736835,gtest,none,111.34362719332691
2-2-8,t3,mixture,0.6,1000,800198,0.019791473001532722,kl_plugin,none,0.37058109334042405
2-2-8,t3,mixture,0.6,1000,800198,0.019791473001532722,kl_split,none,0.5682751462114258
2-2-8,t3,mixture,0.6,1000,800198,0.019791473001532722,kl_crossfit,none,0.5629388854968305
2-2-8,t3,mixture,0.6,1000,800198,0.019791473001532722,cf1_margin,none,0.5683822735290942
2-2-8,t3,mixture,0.6,1000,800198,0.019791473001532722,slack_plugin,none,1.1367645470581882
2-2-8,t3,mixture,0.6,1000,800198,0.019791473001532722,gm_battery,none,0.0
2-2-8,t3,mixture,0.6,1000,800198,0.019791473001532722,gtest,none,119.37784950185618
2-2-8,t3,mixture,0.6,1000,800199,0.013656780000019353,kl_plugin,none,0.370538403753697
2-2-8,t3,mixture,0.6,1000,800199,0.013656780000019353,kl_split,none,15.038556007537082
2-2-8,t3,mixture,0.6,1000,800199,0.013656780000019353,kl_crossfit,none,7.758239236789426
2-2-8,t3,mixture,0.6,1000,800199,0.013656780000019353,cf1_margin,none,0.5669467787114846
2-2-8,t3,mixture,0.6,1000,800199,0.013656780000019353,slack_plugin,none,1.1338935574229694
2-2-8,t3,mixture,0.6,1000,800199,0.013656780000019353,gm_battery,none,0.0
2-2-8,t3,mixture,0.6,1000,800199,0.013656780000019353,gtest,none,111.90477004737693
