cell,tail,family,rho,n,seed,dt_stats_s,stat,engine,stat_obs
2-2-5,none,mixture,0.8,500,800000,0.018073943996569142,kl_plugin,none,0.4728102203349044
2-2-5,none,mixture,0.8,500,800000,0.018073943996569142,kl_split,none,0.7502768916968716
2-2-5,none,mixture,0.8,500,800000,0.018073943996569142,kl_crossfit,none,3.3367945537689025
2-2-5,none,mixture,0.8,500,800000,0.018073943996569142,cf1_margin,none,0.6504307647879868
2-2-5,none,mixture,0.8,500,800000,0.018073943996569142,slack_plugin,none,1.3008615295759736
2-2-5,none,mixture,0.8,500,800000,0.018073943996569142,gm_battery,none,0.0
2-2-5,none,mixture,0.8,500,800000,0.018073943996569142,gtest,none,199.21278764691354
2-2-5,none,mixture,0.8,500,800001,0.009048045001691207,kl_plugin,none,0.5213802984992217
2-2-5,none,mixture,0.8,500,800001,0.009048045001691207,kl_split,none,0.8937608027848658
2-2-5,none,mixture,0.8,500,800001,0.009048045001691207,kl_crossfit,none,1.082682805724387
2-2-5,none,mixture,0.8,500,800001,0.009048045001691207,cf1_margin,none,0.6766025641025641
2-2-5,none,mixture,0.8,500,800001,0.009048045001691207,slack_plugin,none,1.353205128205129
2-2-5,none,mixture,0.8,500,800001,0.009048045001691207,gm_battery,none,0.0
2-2-5,none,mixture,0.8,500,800001,0.009048045001691207,gtest,none,161.86671861076226
2-2-5,none,mixture,0.8,500,800002,0.006747141997038852,kl_plugin,none,0.4724872103611944
2-2-5,none,mixture,0.8,500,800002,0.006747141997038852,kl_split,none,1.5324702019295526
2-2-5,none,mixture,0.8,500,800002,0.006747141997038852,kl_crossfit,none,3.143589829563008
2-2-5,none,mixture,0.8,500,800002,0.006747141997038852,cf1_margin,none,0.6533119229225212
2-2-5,none,mixture,0.8,500,800002,0.006747141997038852,slack_plugin,none,1.306623845845042
2-2-5,none,mixture,0.8,500,800002,0.006747141997038852,gm_battery,none,0.0
2-2-5,none,mixture,0.8,500,800002,0.006747141997038852,gtest,none,166.8794235107847
2-2-5,none,mixture,0.8,500,800003,0.005885017002583481,kl_plugin,none,0.5472252385997576
2-2-5,none,mixture,0.8,500,800003,0.005885017002583481,kl_split,none,1.7153254653738208
2-2-5,none,mixture,0.8,500,800003,0.005885017002583481,kl_crossfit,none,1.9606322675836174
2-2-5,none,mixture,0.8,500,800003,0.005885017002583481,cf1_margin,none,0.6956326844262295
2-2-5,none,mixture,0.8,500,800003,0.005885017002583481,slack_plugin,none,1.391265368852459
2-2-5,none,mixture,0.8,500,800003,0.005885017002583481,gm_battery,none,0.0
2-2-5,none,mixture,0.8,500,800003,0.005885017002583481,gtest,none,189.6546323400081
2-2-5,none,mixture,0.8,500,800004,0.006717554002534598,kl_plugin,none,0.46420335014948316
2-2-5,none,mixture,0.8,500,800004,0.006717554002534598,kl_split,none,0.8698127085260169
2-2-5,none,mixture,0.8,500,800004,0.006717554002534598,kl_crossfit,none,0.768824144894588
2-2-5,none,mixture,0.8,500,800004,0.006717554002534598,cf1_margin,none,0.6448514344262295
2-2-5,none,mixture,0.8,500,800004,0.006717554002534598,slack_plugin,none,1.289702868852459
2-2-5,none,mixture,0.8,500,800004,0.006717554002534598,gm_battery,none,0.0
2-2-5,none,mixture,0.8,500,800004,0.006717554002534598,gtest,none,232.93878443358415
2-2-5,none,mixture,0.8,500,800005,0.006256671003939118,kl_plugin,none,0.4841848826147191
2-2-5,none,mixture,0.8,500,800005,0.006256671003939118,kl_split,none,1.2655268319004356
2-2-5,none,mixture,0.8,500,800005,0.006256671003939118,kl_crossfit,none,1.7426252978890002
2-2-5,none,mixture,0.8,500,800005,0.006256671003939118,cf1_margin,none,0.6591551104262969
2-2-5,none,mixture,0.8,500,800005,0.006256671003939118,slack_plugin,none,1.3183102208525939
2-2-5,none,mixture,0.8,500,800005,0.006256671003939118,gm_battery,none,0.0
2-2-5,none,mixture,0.8,500,800005,0.006256671003939118,gtest,none,203.57042496726092
2-2-5,none,mixture,0.8,500,800006,0.005559256998822093,kl_plugin,none,0.4488579267994906
2-2-5,none,mixture,0.8,500,800006,0.005559256998822093,kl_split,none,4.759651709635604
2-2-5,none,mixture,0.8,500,800006,0.005559256998822093,kl_crossfit,none,3.1022320192063466
2-2-5,none,mixture,0.8,500,800006,0.005559256998822093,cf1_margin,none,0.64
2-2-5,none,mixture,0.8,500,800006,0.005559256998822093,slack_plugin,none,1.2800000000000002
2-2-5,none,mixture,0.8,500,800006,0.005559256998822093,gm_battery,none,0.0
2-2-5,none,mixture,0.8,500,800006,0.005559256998822093,gtest,none,194.28062554610983
2-2-5,none,mixture,0.8,500,800007,0.00539828599721659,kl_plugin,none,0.4662104298157319
2-2-5,none,mixture,0.8,500,800007,0.00539828599721659,kl_split,none,1.1079426369570895
2-2-5,none,mixture,0.8,500,800007,0.00539828599721659,kl_crossfit,none,1.574672848812007
2-2-5,none,mixture,0.8,500,800007,0.00539828599721659,cf1_margin,none,0.6442663082609322
2-2-5,none,mixture,0.8,500,800007,0.00539828599721659,slack_plugin,none,1.2885326165218642
2-2-5,none,mixture,0.8,500,800007,0.00539828599721659,gm_battery,none,0.0
2-2-5,none,mixture,0.8,500,800007,0.00539828599721659,gtest,none,179.16947946635645
2-2-5,none,mixture,0.8,500,800008,0.005885225000383798,kl_plugin,none,0.5852913296804508
2-2-5,none,mixture,0.8,500,800008,0.005885225000383798,kl_split,none,1.2685453071271207
2-2-5,none,mixture,0.8,500,800008,0.005885225000383798,kl_crossfit,none,1.2392313597202829
2-2-5,none,mixture,0.8,500,800008,0.005885225000383798,cf1_margin,none,0.7236242018850715
2-2-5,none,mixture,0.8,500,800008,0.005885225000383798,slack_plugin,none,1.447248403770143
2-2-5,none,mixture,0.8,500,800008,0.005885225000383798,gm_battery,none,0.0
2-2-5,none,mixture,0.8,500,800008,0.005885225000383798,gtest,none,194.04783689784492
2-2-5,none,mixture,0.8,500,800009,0.0052917959983460605,kl_plugin,none,0.4161793541706906
2-2-5,none,mixture,0.8,500,800009,0.0052917959983460605,kl_split,none,0.8853681742564992
2-2-5,none,mixture,0.8,500,800009,0.0052917959983460605,kl_crossfit,none,4.974571118066306
2-2-5,none,mixture,0.8,500,800009,0.0052917959983460605,cf1_margin,none,0.6156566545582565
2-2-5,none,mixture,0.8,500,800009,0.0052917959983460605,slack_plugin,none,1.2313133091165127
2-2-5,none,mixture,0.8,500,800009,0.0052917959983460605,gm_battery,none,0.0
2-2-5,none,mixture,0.8,500,800009,0.0052917959983460605,gtest,none,177.7714523121841
2-2-5,none,mixture,0.8,500,800010,0.006832896004198119,kl_plugin,none,0.4872379416086267
2-2-5,none,mixture,0.8,500,800010,0.006832896004198119,kl_split,none,1.193264071189796
2-2-5,none,mixture,0.8,500,800010,0.006832896004198119,kl_crossfit,none,1.5733265715414133
2-2-5,none,mixture,0.8,500,800010,0.006832896004198119,cf1_margin,none,0.6615133474169388
2-2-5,none,mixture,0.8,500,800010,0.006832896004198119,slack_plugin,none,1.3230266948338776
2-2-5,none,mixture,0.8,500,800010,0.006832896004198119,gm_battery,none,0.0
2-2-5,none,mixture,0.8,500,800010,0.006832896004198119,gtest,none,210.87353904098987
2-2-5,none,mixture,0.8,500,800011,0.005112809005368035,kl_plugin,none,0.5009485767672703
2-2-5,none,mixture,0.8,500,800011,0.005112809005368035,kl_split,none,1.4598597900643546
2-2-5,none,mixture,0.8,500,800011,0.005112809005368035,kl_crossfit,none,1.7933509272203658
2-2-5,none,mixture,0.8,500,800011,0.005112809005368035,cf1_margin,none,0.671866749867998
2-2-5,none,mixture,0.8,500,800011,0.005112809005368035,slack_plugin,none,1.343733499735996
2-2-5,none,mixture,0.8,500,800011,0.005112809005368035,gm_battery,none,0.0
2-2-5,none,mixture,0.8,500,800011,0.005112809005368035,gtest,none,211.7201506612215
2-2-5,none,mixture,0.8,500,800012,0.005176836995815393,kl_plugin,none,0.4284181322584077
2-2-5,none,mixture,0.8,500,800012,0.005176836995815393,kl_split,none,0.5733792660504237
2-2-5,none,mixture,0.8,500,800012,0.005176836995815393,kl_crossfit,none,2.550827336677277
2-2-5,none,mixture,0.8,500,800012,0.005176836995815393,cf1_margin,none,0.6189698251009033
2-2-5,none,mixture,0.8,500,800012,0.005176836995815393,slack_plugin,none,1.2379396502018067
2-2-5,none,mixture,0.8,500,800012,0.005176836995815393,gm_battery,none,0.0
2-2-5,none,mixture,0.8,500,800012,0.005176836995815393,gtest,none,161.62035087381284
2-2-5,none,mixture,0.8,500,800013,0.005960910995781887,kl_plugin,none,0.527794973081851
2-2-5,none,mixture,0.8,500,800013,0.005960910995781887,kl_split,none,0.7716803475996092
2-2-5,none,mixture,0.8,500,800013,0.005960910995781887,kl_crossfit,none,8.310062213830616
2-2-5,none,mixture,0.8,500,800013,0.005960910995781887,cf1_margin,none,0.6803635432667691
2-2-5,none,mixture,0.8,500,800013,0.005960910995781887,slack_plugin,none,1.3607270865335381
2-2-5,none,mixture,0.8,500,800013,0.005960910995781887,gm_battery,none,0.0
2-2-5,none,mixture,0.8,500,800013,0.005960910995781887,gtest,none,187.00960399439236
2-2-5,none,mixture,0.8,500,800014,0.005357652000384405,kl_plugin,none,0.520439024535543
2-2-5,none,mixture,0.8,500,800014,0.005357652000384405,kl_split,none,7.476072620550274
2-2-5,none,mixture,0.8,500,800014,0.005357652000384405,kl_crossfit,none,4.417447372944092
2-2-5,none,mixture,0.8,500,800014,0.005357652000384405,cf1_margin,none,0.6803021573522823
2-2-5,none,mixture,0.8,500,800014,0.005357652000384405,slack_plugin,none,1.360604314704564
2-2-5,none,mixture,0.8,500,800014,0.005357652000384405,gm_battery,none,0.0
2-2-5,none,mixture,0.8,500,800014,0.005357652000384405,gtest,none,184.9736081681231
2-2-5,none,mixture,0.8,500,800015,0.005676098997355439,kl_plugin,none,0.50004150852817
2-2-5,none,mixture,0.8,500,800015,0.005676098997355439,kl_split,none,5.513164311299195
2-2-5,none,mixture,0.8,500,800015,0.005676098997355439,kl_crossfit,none,3.4430738004276638
2-2-5,none,mixture,0.8,500,800015,0.005676098997355439,cf1_margin,none,0.6715693366124962
2-2-5,none,mixture,0.8,500,800015,0.005676098997355439,slack_plugin,none,1.3431386732249924
2-2-5,none,mixture,0.8,500,800015,0.005676098997355439,gm_battery,none,0.0
2-2-5,none,mixture,0.8,500,800015,0.005676098997355439,gtest,none,186.97848630384
2-2-5,none,mixture,0.8,500,800016,0.005065724006271921,kl_plugin,none,0.48033207393552163
2-2-5,none,mixture,0.8,500,800016,0.005065724006271921,kl_split,none,0.591510550614218
2-2-5,none,mixture,0.8,500,800016,0.005065724006271921,kl_crossfit,none,1.0789945258382239
2-2-5,none,mixture,0.8,500,800016,0.005065724006271921,cf1_margin,none,0.6559999999999999
2-2-5,none,mixture,0.8,500,800016,0.005065724006271921,slack_plugin,none,1.3119999999999998
2-2-5,none,mixture,0.8,500,800016,0.005065724006271921,gm_battery,none,0.0
2-2-5,none,mixture,0.8,500,800016,0.005065724006271921,gtest,none,162.709434281116
2-2-5,none,mixture,0.8,500,800017,0.005339112001820467,kl_plugin,none,0.46726165200183967
2-2-5,none,mixture,0.8,500,800017,0.005339112001820467,kl_split,none,1.8194649340918234
2-2-5,none,mixture,0.8,500,800017,0.005339112001820467,kl_crossfit,none,1.6204126353543709
2-2-5,none,mixture,0.8,500,800017,0.005339112001820467,cf1_margin,none,0.6498502058668034
2-2-5,none,mixture,0.8,500,800017,0.005339112001820467,slack_plugin,none,1.2997004117336068
2-2-5,none,mixture,0.8,500,800017,0.005339112001820467,gm_battery,none,0.0
2-2-5,none,mixture,0.8,500,800017,0.005339112001820467,gtest,none,192.4433861561496
2-2-5,none,mixture,0.8,500,800018,0.005292825000651646,kl_plugin,none,0.5074559467922444
2-2-5,none,mixture,0.8,500,800018,0.005292825000651646,kl_split,none,3.3714689327236047
2-2-5,none,mixture,0.8,500,800018,0.005292825000651646,kl_crossfit,none,2.337900053827289
2-2-5,none,mixture,0.8,500,800018,0.005292825000651646,cf1_margin,none,0.6733046027651837
2-2-5,none,mixture,0.8,500,800018,0.005292825000651646,slack_plugin,none,1.3466092055303678
2-2-5,none,mixture,0.8,500,800018,0.005292825000651646,gm_battery,none,0.0
2-2-5,none,mixture,0.8,500,800018,0.005292825000651646,gtest,none,200.93708041036078
2-2-5,none,mixture,0.8,500,800019,0.0053234389997669496,kl_plugin,none,0.4955818115558511
2-2-5,none,mixture,0.8,500,800019,0.0053234389997669496,kl_split,none,1.1412034951089676
2-2-5,none,mixture,0.8,500,800019,0.0053234389997669496,kl_crossfit,none,1.2464714098211869
2-2-5,none,mixture,0.8,500,800019,0.0053234389997669496,cf1_margin,none,0.6632240682532555
2-2-5,none,mixture,0.8,500,800019,0.0053234389997669496,slack_plugin,none,1.3264481365065108
2-2-5,none,mixture,0.8,500,800019,0.0053234389997669496,gm_battery,none,0.0
2-2-5,none,mixture,0.8,500,800019,0.0053234389997669496,gtest,none,186.0435898452032
2-2-5,none,mixture,0.8,500,800020,0.004853692000324372,kl_plugin,none,0.4822785150700676
2-2-5,none,mixture,0.8,500,800020,0.004853692000324372,kl_split,none,6.4021064196307504
2-2-5,none,mixture,0.8,500,800020,0.004853692000324372,kl_crossfit,none,3.5636630535285083
2-2-5,none,mixture,0.8,500,800020,0.004853692000324372,cf1_margin,none,0.6517302786735333
2-2-5,none,mixture,0.8,500,800020,0.004853692000324372,slack_plugin,none,1.3034605573470666
2-2-5,none,mixture,0.8,500,800020,0.004853692000324372,gm_battery,none,0.0
2-2-5,none,mixture,0.8,500,800020,0.004853692000324372,gtest,none,135.25931354942793
2-2-5,none,mixture,0.8,500,800021,0.00671950099786045,kl_plugin,none,0.4988247716695657
2-2-5,none,mixture,0.8,500,800021,0.00671950099786045,kl_split,none,2.1672197309077657
2-2-5,none,mixture,0.8,500,800021,0.00671950099786045,kl_crossfit,none,2.0585299095167358
2-2-5,none,mixture,0.8,500,800021,0.00671950099786045,cf1_margin,none,0.6729876160990712
2-2-5,none,mixture,0.8,500,800021,0.00671950099786045,slack_plugin,none,1.3459752321981422
2-2-5,none,mixture,0.8,500,800021,0.00671950099786045,gm_battery,none,0.0
2-2-5,none,mixture,0.8,500,800021,0.00671950099786045,gtest,none,192.74996067386076
2-2-5,none,mixture,0.8,500,800022,0.005315119000442792,kl_plugin,none,0.4928612249654901
2-2-5,none,mixture,0.8,500,800022,0.005315119000442792,kl_split,none,2.349679094048203
2-2-5,none,mixture,0.8,500,800022,0.005315119000442792,kl_crossfit,none,2.132288711969132
2-2-5,none,mixture,0.8,500,800022,0.005315119000442792,cf1_margin,none,0.6632850241545893
2-2-5,none,mixture,0.8,500,800022,0.005315119000442792,slack_plugin,none,1.3265700483091787
2-2-5,none,mixture,0.8,500,800022,0.005315119000442792,gm_battery,none,0.0
2-2-5,none,mixture,0.8,500,800022,0.005315119000442792,gtest,none,231.4719052410577
2-2-5,none,mixture,0.8,500,800023,0.005406655000115279,kl_plugin,none,0.5094925305425876
2-2-5,none,mixture,0.8,500,800023,0.005406655000115279,kl_split,none,0.9529873571321272
2-2-5,none,mixture,0.8,500,800023,0.005406655000115279,kl_crossfit,none,1.2475714351137168
2-2-5,none,mixture,0.8,500,800023,0.005406655000115279,cf1_margin,none,0.6778461144211672
2-2-5,none,mixture,0.8,500,800023,0.005406655000115279,slack_plugin,none,1.3556922288423348
2-2-5,none,mixture,0.8,500,800023,0.005406655000115279,gm_battery,none,0.0
2-2-5,none,mixture,0.8,500,800023,0.005406655000115279,gtest,none,232.033730346153
2-2-5,none,mixture,0.8,500,800024,0.005169841999304481,kl_plugin,none,0.45133534885472193
2-2-5,none,mixture,0.8,500,800024,0.005169841999304481,kl_split,none,2.7194904956231567
2-2-5,none,mixture,0.8,500,800024,0.005169841999304481,kl_crossfit,none,2.0270338135450032
2-2-5,none,mixture,0.8,500,800024,0.005169841999304481,cf1_margin,none,0.6358181730907695
2-2-5,none,mixture,0.8,500,800024,0.005169841999304481,slack_plugin,none,1.271636346181539
2-2-5,none,mixture,0.8,500,800024,0.005169841999304481,gm_battery,none,0.0
2-2-5,none,mixture,0.8,500,800024,0.005169841999304481,gtest,none,197.48307099528864
2-2-5,none,mixture,0.8,500,800025,0.0050759049991029315,kl_plugin,none,0.44145670843082024
2-2-5,none,mixture,0.8,500,800025,0.0050759049991029315,kl_split,none,0.9893903099025406
2-2-5,none,mixture,0.8,500,800025,0.0050759049991029315,kl_crossfit,none,3.091559595034669
2-2-5,none,mixture,0.8,500,800025,0.0050759049991029315,cf1_margin,none,0.6315284178187405
2-2-5,none,mixture,0.8,500,800025,0.0050759049991029315,slack_plugin,none,1.2630568356374807
2-2-5,none,mixture,0.8,500,800025,0.0050759049991029315,gm_battery,none,0.0
2-2-5,none,mixture,0.8,500,800025,0.0050759049991029315,gtest,none,174.54545156258976
2-2-5,none,mixture,0.8,500,800026,0.005102962997625582,kl_plugin,none,0.419190262767607
2-2-5,none,mixture,0.8,500,800026,0.005102962997625582,kl_split,none,0.5774448598628686
2-2-5,none,mixture,0.8,500,800026,0.005102962997625582,kl_crossfit,none,0.9803164275282494
2-2-5,none,mixture,0.8,500,800026,0.005102962997625582,cf1_margin,none,0.615528712615464
2-2-5,none,mixture,0.8,500,800026,0.005102962997625582,slack_plugin,none,1.2310574252309279
2-2-5,none,mixture,0.8,500,800026,0.005102962997625582,gm_battery,none,0.0
2-2-5,none,mixture,0.8,500,800026,0.005102962997625582,gtest,none,202.05235864047108
2-2-5,none,mixture,0.8,500,800027,0.004939268001180608,kl_plugin,none,0.5053702554846375
2-2-5,none,mixture,0.8,500,800027,0.004939268001180608,kl_split,none,1.688012175823899
2-2-5,none,mixture,0.8,500,800027,0.004939268001180608,kl_crossfit,none,1.1677108986968316
2-2-5,none,mixture,0.8,500,800027,0.004939268001180608,cf1_margin,none,0.6728247529229379
2-2-5,none,mixture,0.8,500,800027,0.004939268001180608,slack_plugin,none,1.3456495058458753
2-2-5,none,mixture,0.8,500,800027,0.004939268001180608,gm_battery,none,0.0
2-2-5,none,mixture,0.8,500,800027,0.004939268001180608,gtest,none,208.2074847744447
2-2-5,none,mixture,0.8,500,800028,0.005373452993808314,kl_plugin,none,0.5000113024350935
2-2-5,none,mixture,0.8,500,800028,0.005373452993808314,kl_split,none,3.0948099642245945
2-2-5,none,mixture,0.8,500,800028,0.005373452993808314,kl_crossfit,none,2.100976161492981
2-2-5,none,mixture,0.8,500,800028,0.005373452993808314,cf1_margin,none,0.6682673069227691
2-2-5,none,mixture,0.8,500,800028,0.005373452993808314,slack_plugin,none,1.3365346138455383
2-2-5,none,mixture,0.8,500,800028,0.005373452993808314,gm_battery,none,0.0
2-2-5,none,mixture,0.8,500,800028,0.005373452993808314,gtest,none,167.89000118432003
2-2-5,none,mixture,0.8,500,800029,0.005207838999922387,kl_plugin,none,0.566360390290936
2-2-5,none,mixture,0.8,500,800029,0.005207838999922387,kl_split,none,1.9203865128724673
2-2-5,none,mixture,0.8,500,800029,0.005207838999922387,kl_crossfit,none,3.0879794526979607
2-2-5,none,mixture,0.8,500,800029,0.005207838999922387,cf1_margin,none,0.7108713907370325
2-2-5,none,mixture,0.8,500,800029,0.005207838999922387,slack_plugin,none,1.4217427814740646
2-2-5,none,mixture,0.8,500,800029,0.005207838999922387,gm_battery,none,0.0
2-2-5,none,mixture,0.8,500,800029,0.005207838999922387,gtest,none,234.26672204047213
2-2-5,none,mixture,0.8,500,800030,0.006929267001396511,kl_plugin,none,0.4272624434614356
2-2-5,none,mixture,0.8,500,800030,0.006929267001396511,kl_split,none,1.1212507156223106
2-2-5,none,mixture,0.8,500,800030,0.006929267001396511,kl_crossfit,none,1.1954721659942549
2-2-5,none,mixture,0.8,500,800030,0.006929267001396511,cf1_margin,none,0.6241653826399589
2-2-5,none,mixture,0.8,500,800030,0.006929267001396511,slack_plugin,none,1.2483307652799183
2-2-5,none,mixture,0.8,500,800030,0.006929267001396511,gm_battery,none,0.0
2-2-5,none,mixture,0.8,500,800030,0.006929267001396511,gtest,none,151.02563259516796
2-2-5,none,mixture,0.8,500,800031,0.006711213995004073,kl_plugin,none,0.5096741602119328
2-2-5,none,mixture,0.8,500,800031,0.006711213995004073,kl_split,none,1.872002694436462
2-2-5,none,mixture,0.8,500,800031,0.006711213995004073,kl_crossfit,none,2.0364869132109433
2-2-5,none,mixture,0.8,500,800031,0.006711213995004073,cf1_margin,none,0.6792610173840529
2-2-5,none,mixture,0.8,500,800031,0.006711213995004073,slack_plugin,none,1.3585220347681055
2-2-5,none,mixture,0.8,500,800031,0.006711213995004073,gm_battery,none,0.0
2-2-5,none,mixture,0.8,500,800031,0.006711213995004073,gtest,none,208.28979851326682
2-2-5,none,mixture,0.8,500,800032,0.006015504004608374,kl_plugin,none,0.495330679885465
2-2-5,none,mixture,0.8,500,800032,0.006015504004608374,kl_split,none,9.76338428902832
2-2-5,none,mixture,0.8,500,800032,0.006015504004608374,kl_crossfit,none,5.262064368077171
2-2-5,none,mixture,0.8,500,800032,0.006015504004608374,cf1_margin,none,0.6657274590163934
2-2-5,none,mixture,0.8,500,800032,0.006015504004608374,slack_plugin,none,1.331454918032787
2-2-5,none,mixture,0.8,500,800032,0.006015504004608374,gm_battery,none,0.0
2-2-5,none,mixture,0.8,500,800032,0.006015504004608374,gtest,none,205.79192593822202
2-2-5,none,mixture,0.8,500,800033,0.0055562630004715174,kl_plugin,none,0.46819969738836953
2-2-5,none,mixture,0.8,500,800033,0.0055562630004715174,kl_split,none,0.7433430382593167
2-2-5,none,mixture,0.8,500,800033,0.0055562630004715174,kl_crossfit,none,5.105590338823846
2-2-5,none,mixture,0.8,500,800033,0.0055562630004715174,cf1_margin,none,0.6497975708502024
2-2-5,none,mixture,0.8,500,800033,0.0055562630004715174,slack_plugin,none,1.2995951417004048
2-2-5,none,mixture,0.8,500,800033,0.0055562630004715174,gm_battery,none,0.0
2-2-5,none,mixture,0.8,500,800033,0.0055562630004715174,gtest,none,184.7106630387823
2-2-5,none,mixture,0.8,500,800034,0.005781259002105799,kl_plugin,none,0.5142318324687012
2-2-5,none,mixture,0.8,500,800034,0.005781259002105799,kl_split,none,1.387487182914585
2-2-5,none,mixture,0.8,500,800034,0.005781259002105799,kl_crossfit,none,1.2434567706319373
2-2-5,none,mixture,0.8,500,800034,0.005781259002105799,cf1_margin,none,0.6796594982078854
2-2-5,none,mixture,0.8,500,800034,0.005781259002105799,slack_plugin,none,1.3593189964157706
2-2-5,none,mixture,0.8,500,800034,0.005781259002105799,gm_battery,none,0.0
2-2-5,none,mixture,0.8,500,800034,0.005781259002105799,gtest,none,180.11492525898225
2-2-5,none,mixture,0.8,500,800035,0.005286315004923381,kl_plugin,none,0.41216440113494623
2-2-5,none,mixture,0.8,500,800035,0.005286315004923381,kl_split,none,5.316282861342872
2-2-5,none,mixture,0.8,500,800035,0.005286315004923381,kl_crossfit,none,3.512689226975092
2-2-5,none,mixture,0.8,500,800035,0.005286315004923381,cf1_margin,none,0.6158626433467871
2-2-5,none,mixture,0.8,500,800035,0.005286315004923381,slack_plugin,none,1.231725286693574
2-2-5,none,mixture,0.8,500,800035,0.005286315004923381,gm_battery,none,0.0
2-2-5,none,mixture,0.8,500,800035,0.005286315004923381,gtest,none,239.33198592234842
2-2-5,none,mixture,0.8,500,800036,0.005513871001312509,kl_plugin,none,0.5844219836477347
2-2-5,none,mixture,0.8,500,800036,0.005513871001312509,kl_split,none,0.9917416974684498
2-2-5,none,mixture,0.8,500,800036,0.005513871001312509,kl_crossfit,none,1.4826101113711592
2-2-5,none,mixture,0.8,500,800036,0.005513871001312509,cf1_margin,none,0.718361801242236
2-2-5,none,mixture,0.8,500,800036,0.005513871001312509,slack_plugin,none,1.436723602484472
2-2-5,none,mixture,0.8,500,800036,0.005513871001312509,gm_battery,none,0.0
2-2-5,none,mixture,0.8,500,800036,0.005513871001312509,gtest,none,194.2413832487087
2-2-5,none,mixture,0.8,500,800037,0.005322706994775217,kl_plugin,none,0.5030158760916859
2-2-5,none,mixture,0.8,500,800037,0.005322706994775217,kl_split,none,1.5832451420389306
2-2-5,none,mixture,0.8,500,800037,0.005322706994775217,kl_crossfit,none,2.3852797731379907
2-2-5,none,mixture,0.8,500,800037,0.005322706994775217,cf1_margin,none,0.6716589861751152
2-2-5,none,mixture,0.8,500,800037,0.005322706994775217,slack_plugin,none,1.3433179723502304
2-2-5,none,mixture,0.8,500,800037,0.005322706994775217,gm_battery,none,0.0
2-2-5,none,mixture,0.8,500,800037,0.005322706994775217,gtest,none,197.32542006297044
2-2-5,none,mixture,0.8,500,800038,0.013880536003853194,kl_plugin,none,0.4945449104841749
2-2-5,none,mixture,0.8,500,800038,0.013880536003853194,kl_split,none,1.0956935760222075
2-2-5,none,mixture,0.8,500,800038,0.013880536003853194,kl_crossfit,none,1.2611761193488564
2-2-5,none,mixture,0.8,500,800038,0.013880536003853194,cf1_margin,none,0.6648101914090007
2-2-5,none,mixture,0.8,500,800038,0.013880536003853194,slack_plugin,none,1.3296203828180015
2-2-5,none,mixture,0.8,500,800038,0.013880536003853194,gm_battery,none,0.0
2-2-5,none,mixture,0.8,500,800038,0.013880536003853194,gtest,none,179.069324623732
2-2-5,none,mixture,0.8,500,800039,0.008130130998324603,kl_plugin,none,0.4989908195182491
2-2-5,none,mixture,0.8,500,800039,0.008130130998324603,kl_split,none,1.5323497913738844
2-2-5,none,mixture,0.8,500,800039,0.008130130998324603,kl_crossfit,none,4.199734913309164
2-2-5,none,mixture,0.8,500,800039,0.008130130998324603,cf1_margin,none,0.6694208259275272
2-2-5,none,mixture,0.8,500,800039,0.008130130998324603,slack_plugin,none,1.3388416518550543
2-2-5,none,mixture,0.8,500,800039,0.008130130998324603,gm_battery,none,0.0
2-2-5,none,mixture,0.8,500,800039,0.008130130998324603,gtest,none,198.5677781273855
2-2-5,none,mixture,0.8,500,800040,0.010762620993773453,kl_plugin,none,0.5315998460814695
2-2-5,none,mixture,0.8,500,800040,0.010762620993773453,kl_split,none,3.838769291149623
2-2-5,none,mixture,0.8,500,800040,0.010762620993773453,kl_crossfit,none,3.068276485677827
2-2-5,none,mixture,0.8,500,800040,0.010762620993773453,cf1_margin,none,0.6900641025641026
2-2-5,none,mixture,0.8,500,800040,0.010762620993773453,slack_plugin,none,1.3801282051282053
2-2-5,none,mixture,0.8,500,800040,0.010762620993773453,gm_battery,none,0.0
2-2-5,none,mixture,0.8,500,800040,0.010762620993773453,gtest,none,175.24419972405292
2-2-5,none,mixture,0.8,500,800041,0.007059158997435588,kl_plugin,none,0.6181462145132108
2-2-5,none,mixture,0.8,500,800041,0.007059158997435588,kl_split,none,1.5985393443129197
2-2-5,none,mixture,0.8,500,800041,0.007059158997435588,kl_crossfit,none,1.4067433285631794
2-2-5,none,mixture,0.8,500,800041,0.007059158997435588,cf1_margin,none,0.7314333263990015
2-2-5,none,mixture,0.8,500,800041,0.007059158997435588,slack_plugin,none,1.4628666527980028
2-2-5,none,mixture,0.8,500,800041,0.007059158997435588,gm_battery,none,0.0
2-2-5,none,mixture,0.8,500,800041,0.007059158997435588,gtest,none,171.88540442611966
2-2-5,none,mixture,0.8,500,800042,0.0055328090020339005,kl_plugin,none,0.42843058464305167
2-2-5,none,mixture,0.8,500,800042,0.0055328090020339005,kl_split,none,1.579107945128703
2-2-5,none,mixture,0.8,500,800042,0.0055328090020339005,kl_crossfit,none,1.8545573294912583
2-2-5,none,mixture,0.8,500,800042,0.0055328090020339005,cf1_margin,none,0.6242319508448542
2-2-5,none,mixture,0.8,500,800042,0.0055328090020339005,slack_plugin,none,1.2484639016897083
2-2-5,none,mixture,0.8,500,800042,0.0055328090020339005,gm_battery,none,0.0
2-2-5,none,mixture,0.8,500,800042,0.0055328090020339005,gtest,none,214.51527517628858
2-2-5,none,mixture,0.8,500,800043,0.007005910003499594,kl_plugin,none,0.45260705966137454
2-2-5,none,mixture,0.8,500,800043,0.007005910003499594,kl_split,none,0.8065431228532545
2-2-5,none,mixture,0.8,500,800043,0.007005910003499594,kl_crossfit,none,0.6677924415808578
2-2-5,none,mixture,0.8,500,800043,0.007005910003499594,cf1_margin,none,0.6416161616161616
2-2-5,none,mixture,0.8,500,800043,0.007005910003499594,slack_plugin,none,1.2832323232323235
2-2-5,none,mixture,0.8,500,800043,0.007005910003499594,gm_battery,none,0.0
2-2-5,none,mixture,0.8,500,800043,0.007005910003499594,gtest,none,179.29765982957258
2-2-5,none,mixture,0.8,500,800044,0.006893270001455676,kl_plugin,none,0.3927022094040706
2-2-5,none,mixture,0.8,500,800044,0.006893270001455676,kl_split,none,2.154796911113495
2-2-5,none,mixture,0.8,500,800044,0.006893270001455676,kl_crossfit,none,2.0731840122405885
2-2-5,none,mixture,0.8,500,800044,0.006893270001455676,cf1_margin,none,0.6007938032136226
2-2-5,none,mixture,0.8,500,800044,0.006893270001455676,slack_plugin,none,1.2015876064272453
2-2-5,none,mixture,0.8,500,800044,0.006893270001455676,gm_battery,none,0.0
2-2-5,none,mixture,0.8,500,800044,0.006893270001455676,gtest,none,203.3337325940626
2-2-5,none,mixture,0.8,500,800045,0.00801369099644944,kl_plugin,none,0.5674512022801804
2-2-5,none,mixture,0.8,500,800045,0.00801369099644944,kl_split,none,1.9967165760254761
2-2-5,none,mixture,0.8,500,800045,0.00801369099644944,kl_crossfit,none,1.7713749081208339
2-2-5,none,mixture,0.8,500,800045,0.00801369099644944,cf1_margin,none,0.7077555213148434
2-2-5,none,mixture,0.8,500,800045,0.00801369099644944,slack_plugin,none,1.4155110426296869
2-2-5,none,mixture,0.8,500,800045,0.00801369099644944,gm_battery,none,0.0
2-2-5,none,mixture,0.8,500,800045,0.00801369099644944,gtest,none,175.51820645927288
2-2-5,none,mixture,0.8,500,800046,0.007371838997642044,kl_plugin,none,0.4618819936921543
2-2-5,none,mixture,0.8,500,800046,0.007371838997642044,kl_split,none,0.6257210670440418
2-2-5,none,mixture,0.8,500,800046,0.007371838997642044,kl_crossfit,none,4.21741714716385
2-2-5,none,mixture,0.8,500,800046,0.007371838997642044,cf1_margin,none,0.6479999999999999
2-2-5,none,mixture,0.8,500,800046,0.007371838997642044,slack_plugin,none,1.2959999999999998
2-2-5,none,mixture,0.8,500,800046,0.007371838997642044,gm_battery,none,0.0
2-2-5,none,mixture,0.8,500,800046,0.007371838997642044,gtest,none,188.69967506292969
2-2-5,none,mixture,0.8,500,800047,0.0076980500016361475,kl_plugin,none,0.5343466122961916
2-2-5,none,mixture,0.8,500,800047,0.0076980500016361475,kl_split,none,1.0031980766152184
2-2-5,none,mixture,0.8,500,800047,0.0076980500016361475,kl_crossfit,none,1.927769065138559
2-2-5,none,mixture,0.8,500,800047,0.0076980500016361475,cf1_margin,none,0.6887052341597797
2-2-5,none,mixture,0.8,500,800047,0.0076980500016361475,slack_plugin,none,1.377410468319559
2-2-5,none,mixture,0.8,500,800047,0.0076980500016361475,gm_battery,none,0.0
2-2-5,none,mixture,0.8,500,800047,0.0076980500016361475,gtest,none,161.84396334883823
2-2-5,none,mixture,0.8,500,800048,0.005395426000177395,kl_plugin,none,0.5367188169048668
2-2-5,none,mixture,0.8,500,800048,0.005395426000177395,kl_split,none,1.364175479648101
2-2-5,none,mixture,0.8,500,800048,0.005395426000177395,kl_crossfit,none,3.6046136404484557
2-2-5,none,mixture,0.8,500,800048,0.005395426000177395,cf1_margin,none,0.6923027663934426
2-2-5,none,mixture,0.8,500,800048,0.005395426000177395,slack_plugin,none,1.3846055327868854
2-2-5,none,mixture,0.8,500,800048,0.005395426000177395,gm_battery,none,0.0
2-2-5,none,mixture,0.8,500,800048,0.005395426000177395,gtest,none,222.9182374444827
2-2-5,none,mixture,0.8,500,800049,0.005425783994724043,kl_plugin,none,0.4842210664192256
2-2-5,none,mixture,0.8,500,800049,0.005425783994724043,kl_split,none,1.2718443985305319
2-2-5,none,mixture,0.8,500,800049,0.005425783994724043,kl_crossfit,none,1.0314846687101022
2-2-5,none,mixture,0.8,500,800049,0.005425783994724043,cf1_margin,none,0.6601040416166467
2-2-5,none,mixture,0.8,500,800049,0.005425783994724043,slack_plugin,none,1.3202080832332936
2-2-5,none,mixture,0.8,500,800049,0.005425783994724043,gm_battery,none,0.0
2-2-5,none,mixture,0.8,500,800049,0.005425783994724043,gtest,none,163.08409538706948
2-2-5,none,mixture,0.8,500,800050,0.007829640999261755,kl_plugin,none,0.464962547491081
2-2-5,none,mixture,0.8,500,800050,0.007829640999261755,kl_split,none,1.3791028230376108
2-2-5,none,mixture,0.8,500,800050,0.007829640999261755,kl_crossfit,none,1.3991817716888972
2-2-5,none,mixture,0.8,500,800050,0.007829640999261755,cf1_margin,none,0.6477238154713295
2-2-5,none,mixture,0.8,500,800050,0.007829640999261755,slack_plugin,none,1.2954476309426592
2-2-5,none,mixture,0.8,500,800050,0.007829640999261755,gm_battery,none,0.0
2-2-5,none,mixture,0.8,500,800050,0.007829640999261755,gtest,none,165.25942246352926
2-2-5,none,mixture,0.8,500,800051,0.005151678000402171,kl_plugin,none,0.5112654587651588
2-2-5,none,mixture,0.8,500,800051,0.005151678000402171,kl_split,none,1.8616583376319042
2-2-5,none,mixture,0.8,500,800051,0.005151678000402171,kl_crossfit,none,2.399366102323761
2-2-5,none,mixture,0.8,500,800051,0.005151678000402171,cf1_margin,none,0.6794059279175468
2-2-5,none,mixture,0.8,500,800051,0.005151678000402171,slack_plugin,none,1.3588118558350941
2-2-5,none,mixture,0.8,500,800051,0.005151678000402171,gm_battery,none,0.0
2-2-5,none,mixture,0.8,500,800051,0.005151678000402171,gtest,none,198.42426946949428
2-2-5,none,mixture,0.8,500,800052,0.005388202996982727,kl_plugin,none,0.6439069351060732
2-2-5,none,mixture,0.8,500,800052,0.005388202996982727,kl_split,none,0.9341082149567628
2-2-5,none,mixture,0.8,500,800052,0.005388202996982727,kl_crossfit,none,7.353417679255104
2-2-5,none,mixture,0.8,500,800052,0.005388202996982727,cf1_margin,none,0.749919815254346
2-2-5,none,mixture,0.8,500,800052,0.005388202996982727,slack_plugin,none,1.4998396305086923
2-2-5,none,mixture,0.8,500,800052,0.005388202996982727,gm_battery,none,0.0
2-2-5,none,mixture,0.8,500,800052,0.005388202996982727,gtest,none,136.73990331270159
2-2-5,none,mixture,0.8,500,800053,0.005459730004076846,kl_plugin,none,0.4699767235427011
2-2-5,none,mixture,0.8,500,800053,0.005459730004076846,kl_split,none,1.20651438684241
2-2-5,none,mixture,0.8,500,800053,0.005459730004076846,kl_crossfit,none,1.5233050345765862
2-2-5,none,mixture,0.8,500,800053,0.005459730004076846,cf1_margin,none,0.6486815156169995
2-2-5,none,mixture,0.8,500,800053,0.005459730004076846,slack_plugin,none,1.2973630312339992
2-2-5,none,mixture,0.8,500,800053,0.005459730004076846,gm_battery,none,0.0
2-2-5,none,mixture,0.8,500,800053,0.005459730004076846,gtest,none,189.1644653494688
2-2-5,none,mixture,0.8,500,800054,0.005467452996526845,kl_plugin,none,0.541951223971682
2-2-5,none,mixture,0.8,500,800054,0.005467452996526845,kl_split,none,3.354407123104841
2-2-5,none,mixture,0.8,500,800054,0.005467452996526845,kl_crossfit,none,2.4876954187521845
2-2-5,none,mixture,0.8,500,800054,0.005467452996526845,cf1_margin,none,0.6958991343861503
2-2-5,none,mixture,0.8,500,800054,0.005467452996526845,slack_plugin,none,1.3917982687723003
2-2-5,none,mixture,0.8,500,800054,0.005467452996526845,gm_battery,none,0.0
2-2-5,none,mixture,0.8,500,800054,0.005467452996526845,gtest,none,212.5357549854149
2-2-5,none,mixture,0.8,500,800055,0.005464130001200829,kl_plugin,none,0.5101778364800955
2-2-5,none,mixture,0.8,500,800055,0.005464130001200829,kl_split,none,0.9404248433174862
2-2-5,none,mixture,0.8,500,800055,0.005464130001200829,kl_crossfit,none,6.849955776898984
2-2-5,none,mixture,0.8,500,800055,0.005464130001200829,cf1_margin,none,0.6743216370517673
2-2-5,none,mixture,0.8,500,800055,0.005464130001200829,slack_plugin,none,1.3486432741035344
2-2-5,none,mixture,0.8,500,800055,0.005464130001200829,gm_battery,none,0.0
2-2-5,none,mixture,0.8,500,800055,0.005464130001200829,gtest,none,198.20984936860535
2-2-5,none,mixture,0.8,500,800056,0.005194587000005413,kl_plugin,none,0.53773725509324
2-2-5,none,mixture,0.8,500,800056,0.005194587000005413,kl_split,none,1.2640654051658675
2-2-5,none,mixture,0.8,500,800056,0.005194587000005413,kl_crossfit,none,1.3302788821536202
2-2-5,none,mixture,0.8,500,800056,0.005194587000005413,cf1_margin,none,0.6908793796760602
2-2-5,none,mixture,0.8,500,800056,0.005194587000005413,slack_plugin,none,1.3817587593521206
2-2-5,none,mixture,0.8,500,800056,0.005194587000005413,gm_battery,none,0.0
2-2-5,none,mixture,0.8,500,800056,0.005194587000005413,gtest,none,194.8707091902069
2-2-5,none,mixture,0.8,500,800057,0.005249722998996731,kl_plugin,none,0.5362380925019609
2-2-5,none,mixture,0.8,500,800057,0.005249722998996731,kl_split,none,1.1992064090054857
2-2-5,none,mixture,0.8,500,800057,0.005249722998996731,kl_crossfit,none,2.683725770486374
2-2-5,none,mixture,0.8,500,800057,0.005249722998996731,cf1_margin,none,0.6916010498687664
2-2-5,none,mixture,0.8,500,800057,0.005249722998996731,slack_plugin,none,1.383202099737533
2-2-5,none,mixture,0.8,500,800057,0.005249722998996731,gm_battery,none,0.0
2-2-5,none,mixture,0.8,500,800057,0.005249722998996731,gtest,none,200.29925106725605
2-2-5,none,mixture,0.8,500,800058,0.0061779300012858585,kl_plugin,none,0.587155224868657
2-2-5,none,mixture,0.8,500,800058,0.0061779300012858585,kl_split,none,1.4397836422361492
2-2-5,none,mixture,0.8,500,800058,0.0061779300012858585,kl_crossfit,none,1.6134114123553749
2-2-5,none,mixture,0.8,500,800058,0.0061779300012858585,cf1_margin,none,0.7156230497191596
2-2-5,none,mixture,0.8,500,800058,0.0061779300012858585,slack_plugin,none,1.4312460994383192
2-2-5,none,mixture,0.8,500,800058,0.0061779300012858585,gm_battery,none,0.0
2-2-5,none,mixture,0.8,500,800058,0.0061779300012858585,gtest,none,195.23951424399635
2-2-5,none,mixture,0.8,500,800059,0.00586676099919714,kl_plugin,none,0.6003569996611798
2-2-5,none,mixture,0.8,500,800059,0.00586676099919714,kl_split,none,1.995866601086616
2-2-5,none,mixture,0.8,500,800059,0.00586676099919714,kl_crossfit,none,2.1764839936338447
2-2-5,none,mixture,0.8,500,800059,0.00586676099919714,cf1_margin,none,0.7256523484544359
2-2-5,none,mixture,0.8,500,800059,0.00586676099919714,slack_plugin,none,1.4513046969088719
2-2-5,none,mixture,0.8,500,800059,0.00586676099919714,gm_battery,none,0.0
2-2-5,none,mixture,0.8,500,800059,0.00586676099919714,gtest,none,160.00975204213753
2-2-5,none,mixture,0.8,500,800060,0.0054687910014763474,kl_plugin,none,0.48874673498361904
2-2-5,none,mixture,0.8,500,800060,0.0054687910014763474,kl_split,none,1.6457387890243413
2-2-5,none,mixture,0.8,500,800060,0.0054687910014763474,kl_crossfit,none,2.103825472993269
2-2-5,none,mixture,0.8,500,800060,0.0054687910014763474,cf1_margin,none,0.6604764344262295
2-2-5,none,mixture,0.8,500,800060,0.0054687910014763474,slack_plugin,none,1.320952868852459
2-2-5,none,mixture,0.8,500,800060,0.0054687910014763474,gm_battery,none,0.0
2-2-5,none,mixture,0.8,500,800060,0.0054687910014763474,gtest,none,163.5994688788503
2-2-5,none,mixture,0.8,500,800061,0.005182900000363588,kl_plugin,none,0.4522601598430757
2-2-5,none,mixture,0.8,500,800061,0.005182900000363588,kl_split,none,6.694147213819213
2-2-5,none,mixture,0.8,500,800061,0.005182900000363588,kl_crossfit,none,4.273318049422163
2-2-5,none,mixture,0.8,500,800061,0.005182900000363588,cf1_margin,none,0.6357793424197404
2-2-5,none,mixture,0.8,500,800061,0.005182900000363588,slack_plugin,none,1.2715586848394804
2-2-5,none,mixture,0.8,500,800061,0.005182900000363588,gm_battery,none,0.0
2-2-5,none,mixture,0.8,500,800061,0.005182900000363588,gtest,none,231.18626633573763
2-2-5,none,mixture,0.8,500,800062,0.004981353995390236,kl_plugin,none,0.47302970236482794
2-2-5,none,mixture,0.8,500,800062,0.004981353995390236,kl_split,none,4.184672933205806
2-2-5,none,mixture,0.8,500,800062,0.004981353995390236,kl_crossfit,none,2.7796687524038255
2-2-5,none,mixture,0.8,500,800062,0.004981353995390236,cf1_margin,none,0.6525577147983788
2-2-5,none,mixture,0.8,500,800062,0.004981353995390236,slack_plugin,none,1.3051154295967573
2-2-5,none,mixture,0.8,500,800062,0.004981353995390236,gm_battery,none,0.0
2-2-5,none,mixture,0.8,500,800062,0.004981353995390236,gtest,none,198.41115926097325
2-2-5,none,mixture,0.8,500,800063,0.005475160003697965,kl_plugin,none,0.4064792265495991
2-2-5,none,mixture,0.8,500,800063,0.005475160003697965,kl_split,none,1.6487873396319752
2-2-5,none,mixture,0.8,500,800063,0.005475160003697965,kl_crossfit,none,1.8145724086107087
2-2-5,none,mixture,0.8,500,800063,0.005475160003697965,cf1_margin,none,0.6108974358974358
2-2-5,none,mixture,0.8,500,800063,0.005475160003697965,slack_plugin,none,1.2217948717948717
2-2-5,none,mixture,0.8,500,800063,0.005475160003697965,gm_battery,none,0.0
2-2-5,none,mixture,0.8,500,800063,0.005475160003697965,gtest,none,200.93402554206648
2-2-5,none,mixture,0.8,500,800064,0.005025222999393009,kl_plugin,none,0.38590723826742385
2-2-5,none,mixture,0.8,500,800064,0.005025222999393009,kl_split,none,1.4762457119564405
2-2-5,none,mixture,0.8,500,800064,0.005025222999393009,kl_crossfit,none,1.4969249656144634
2-2-5,none,mixture,0.8,500,800064,0.005025222999393009,cf1_margin,none,0.5921515908072466
2-2-5,none,mixture,0.8,500,800064,0.005025222999393009,slack_plugin,none,1.1843031816144935
2-2-5,none,mixture,0.8,500,800064,0.005025222999393009,gm_battery,none,0.0
2-2-5,none,mixture,0.8,500,800064,0.005025222999393009,gtest,none,174.47394161980588
2-2-5,none,mixture,0.8,500,800065,0.0053667269967263564,kl_plugin,none,0.5273396852361134
2-2-5,none,mixture,0.8,500,800065,0.0053667269967263564,kl_split,none,0.6826154761257254
2-2-5,none,mixture,0.8,500,800065,0.0053667269967263564,kl_crossfit,none,3.0579880881669026
2-2-5,none,mixture,0.8,500,800065,0.0053667269967263564,cf1_margin,none,0.6847608525083666
2-2-5,none,mixture,0.8,500,800065,0.0053667269967263564,slack_plugin,none,1.3695217050167332
2-2-5,none,mixture,0.8,500,800065,0.0053667269967263564,gm_battery,none,0.0
2-2-5,none,mixture,0.8,500,800065,0.0053667269967263564,gtest,none,187.0480414420306
2-2-5,none,mixture,0.8,500,800066,0.005808080000861082,kl_plugin,none,0.5363621468779066
2-2-5,none,mixture,0.8,500,800066,0.005808080000861082,kl_split,none,4.202928237660865
2-2-5,none,mixture,0.8,500,800066,0.005808080000861082,kl_crossfit,none,2.5413632675470423
2-2-5,none,mixture,0.8,500,800066,0.005808080000861082,cf1_margin,none,0.6882360471070149
2-2-5,none,mixture,0.8,500,800066,0.005808080000861082,slack_plugin,none,1.3764720942140298
2-2-5,none,mixture,0.8,500,800066,0.005808080000861082,gm_battery,none,0.0
2-2-5,none,mixture,0.8,500,800066,0.005808080000861082,gtest,none,210.67395789019722
2-2-5,none,mixture,0.8,500,800067,0.009893998001643922,kl_plugin,none,0.5198670349249461
2-2-5,none,mixture,0.8,500,800067,0.009893998001643922,kl_split,none,6.910131459924359
2-2-5,none,mixture,0.8,500,800067,0.009893998001643922,kl_crossfit,none,4.441996188041406
2-2-5,none,mixture,0.8,500,800067,0.009893998001643922,cf1_margin,none,0.6774271028486334
2-2-5,none,mixture,0.8,500,800067,0.009893998001643922,slack_plugin,none,1.3548542056972668
2-2-5,none,mixture,0.8,500,800067,0.009893998001643922,gm_battery,none,0.0
2-2-5,none,mixture,0.8,500,800067,0.009893998001643922,gtest,none,193.64788978441507
2-2-5,none,mixture,0.8,500,800068,0.005593535999651067,kl_plugin,none,0.553487386815079
2-2-5,none,mixture,0.8,500,800068,0.005593535999651067,kl_split,none,3.145225353100764
2-2-5,none,mixture,0.8,500,800068,0.005593535999651067,kl_crossfit,none,2.3020940518063933
2-2-5,none,mixture,0.8,500,800068,0.005593535999651067,cf1_margin,none,0.7016624184421039
2-2-5,none,mixture,0.8,500,800068,0.005593535999651067,slack_plugin,none,1.4033248368842077
2-2-5,none,mixture,0.8,500,800068,0.005593535999651067,gm_battery,none,0.0
2-2-5,none,mixture,0.8,500,800068,0.005593535999651067,gtest,none,174.5501471927022
2-2-5,none,mixture,0.8,500,800069,0.006130262001533993,kl_plugin,none,0.43839897636457004
2-2-5,none,mixture,0.8,500,800069,0.006130262001533993,kl_split,none,2.4660155330168725
2-2-5,none,mixture,0.8,500,800069,0.006130262001533993,kl_crossfit,none,1.6713383459068964
2-2-5,none,mixture,0.8,500,800069,0.006130262001533993,cf1_margin,none,0.6279498229705699
2-2-5,none,mixture,0.8,500,800069,0.006130262001533993,slack_plugin,none,1.2558996459411398
2-2-5,none,mixture,0.8,500,800069,0.006130262001533993,gm_battery,none,0.0
2-2-5,none,mixture,0.8,500,800069,0.006130262001533993,gtest,none,176.95400168653512
2-2-5,none,mixture,0.8,500,800070,0.0060769629999413155,kl_plugin,none,0.4666234507515278
2-2-5,none,mixture,0.8,500,800070,0.0060769629999413155,kl_split,none,1.226305133895629
2-2-5,none,mixture,0.8,500,800070,0.0060769629999413155,kl_crossfit,none,1.4907623283111793
2-2-5,none,mixture,0.8,500,800070,0.0060769629999413155,cf1_margin,none,0.6533506601851407
2-2-5,none,mixture,0.8,500,800070,0.0060769629999413155,slack_plugin,none,1.3067013203702813
2-2-5,none,mixture,0.8,500,800070,0.0060769629999413155,gm_battery,none,0.0
2-2-5,none,mixture,0.8,500,800070,0.0060769629999413155,gtest,none,201.4514578616742
2-2-5,none,mixture,0.8,500,800071,0.0056675699961488135,kl_plugin,none,0.48609714974455653
2-2-5,none,mixture,0.8,500,800071,0.0056675699961488135,kl_split,none,0.9033546713365826
2-2-5,none,mixture,0.8,500,800071,0.0056675699961488135,kl_crossfit,none,1.5811727850852173
2-2-5,none,mixture,0.8,500,800071,0.0056675699961488135,cf1_margin,none,0.6618925913423672
2-2-5,none,mixture,0.8,500,800071,0.0056675699961488135,slack_plugin,none,1.323785182684734
2-2-5,none,mixture,0.8,500,800071,0.0056675699961488135,gm_battery,none,0.0
2-2-5,none,mixture,0.8,500,800071,0.0056675699961488135,gtest,none,178.79776985729765
2-2-5,none,mixture,0.8,500,800072,0.008287851000204682,kl_plugin,none,0.3836632499420795
2-2-5,none,mixture,0.8,500,800072,0.008287851000204682,kl_split,none,0.5601521031725157
2-2-5,none,mixture,0.8,500,800072,0.008287851000204682,kl_crossfit,none,3.408744670111414
2-2-5,none,mixture,0.8,500,800072,0.008287851000204682,cf1_margin,none,0.5958141321044548
2-2-5,none,mixture,0.8,500,800072,0.008287851000204682,slack_plugin,none,1.1916282642089095
2-2-5,none,mixture,0.8,500,800072,0.008287851000204682,gm_battery,none,0.0
2-2-5,none,mixture,0.8,500,800072,0.008287851000204682,gtest,none,278.09313618273524
2-2-5,none,mixture,0.8,500,800073,0.007352095999522135,kl_plugin,none,0.524980140693682
2-2-5,none,mixture,0.8,500,800073,0.007352095999522135,kl_split,none,0.7417248003101474
2-2-5,none,mixture,0.8,500,800073,0.007352095999522135,kl_crossfit,none,1.027940935396413
2-2-5,none,mixture,0.8,500,800073,0.007352095999522135,cf1_margin,none,0.6881718707444848
2-2-5,none,mixture,0.8,500,800073,0.007352095999522135,slack_plugin,none,1.37634374148897
2-2-5,none,mixture,0.8,500,800073,0.007352095999522135,gm_battery,none,0.0
2-2-5,none,mixture,0.8,500,800073,0.007352095999522135,gtest,none,150.5282066938382
2-2-5,none,mixture,0.8,500,800074,0.007257812001626007,kl_plugin,none,0.500274415058592
2-2-5,none,mixture,0.8,500,800074,0.007257812001626007,kl_split,none,0.9724116716151507
2-2-5,none,mixture,0.8,500,800074,0.007257812001626007,kl_crossfit,none,1.196714408237081
2-2-5,none,mixture,0.8,500,800074,0.007257812001626007,cf1_margin,none,0.6646326776395022
2-2-5,none,mixture,0.8,500,800074,0.007257812001626007,slack_plugin,none,1.3292653552790046
2-2-5,none,mixture,0.8,500,800074,0.007257812001626007,gm_battery,none,0.0
2-2-5,none,mixture,0.8,500,800074,0.007257812001626007,gtest,none,201.3465813470171
2-2-5,none,mixture,0.8,500,800075,0.005698624001524877,kl_plugin,none,0.5141658208135212
2-2-5,none,mixture,0.8,500,800075,0.005698624001524877,kl_split,none,0.6526390615894354
2-2-5,none,mixture,0.8,500,800075,0.005698624001524877,kl_crossfit,none,0.7879608261877882
2-2-5,none,mixture,0.8,500,800075,0.005698624001524877,cf1_margin,none,0.6756410256410257
2-2-5,none,mixture,0.8,500,800075,0.005698624001524877,slack_plugin,none,1.3512820512820514
2-2-5,none,mixture,0.8,500,800075,0.005698624001524877,gm_battery,none,0.0
2-2-5,none,mixture,0.8,500,800075,0.005698624001524877,gtest,none,186.32510604952915
2-2-5,none,mixture,0.8,500,800076,0.0056705789975239895,kl_plugin,none,0.45702964042530403
2-2-5,none,mixture,0.8,500,800076,0.0056705789975239895,kl_split,none,2.53392600876519
2-2-5,none,mixture,0.8,500,800076,0.0056705789975239895,kl_crossfit,none,1.657702660584192
2-2-5,none,mixture,0.8,500,800076,0.0056705789975239895,cf1_margin,none,0.6428262020503441
2-2-5,none,mixture,0.8,500,800076,0.0056705789975239895,slack_plugin,none,1.2856524041006883
2-2-5,none,mixture,0.8,500,800076,0.0056705789975239895,gm_battery,none,0.0
2-2-5,none,mixture,0.8,500,800076,0.0056705789975239895,gtest,none,219.279548855928
2-2-5,none,mixture,0.8,500,800077,0.005494782002642751,kl_plugin,none,0.5230156989218313
2-2-5,none,mixture,0.8,500,800077,0.005494782002642751,kl_split,none,1.275722712077062
2-2-5,none,mixture,0.8,500,800077,0.005494782002642751,kl_crossfit,none,1.2213335215460477
2-2-5,none,mixture,0.8,500,800077,0.005494782002642751,cf1_margin,none,0.6870702397018186
2-2-5,none,mixture,0.8,500,800077,0.005494782002642751,slack_plugin,none,1.3741404794036371
2-2-5,none,mixture,0.8,500,800077,0.005494782002642751,gm_battery,none,0.0
2-2-5,none,mixture,0.8,500,800077,0.005494782002642751,gtest,none,176.74589138191297
2-2-5,none,mixture,0.8,500,800078,0.00559009300195612,kl_plugin,none,0.39408463622608186
2-2-5,none,mixture,0.8,500,800078,0.00559009300195612,kl_split,none,0.8013516108872859
2-2-5,none,mixture,0.8,500,800078,0.00559009300195612,kl_crossfit,none,1.463414211446787
2-2-5,none,mixture,0.8,500,800078,0.00559009300195612,cf1_margin,none,0.6003246753246754
2-2-5,none,mixture,0.8,500,800078,0.00559009300195612,slack_plugin,none,1.2006493506493505
2-2-5,none,mixture,0.8,500,800078,0.00559009300195612,gm_battery,none,0.0
2-2-5,none,mixture,0.8,500,800078,0.00559009300195612,gtest,none,203.39510290861648
2-2-5,none,mixture,0.8,500,800079,0.005172056997253094,kl_plugin,none,0.4528665129885685
2-2-5,none,mixture,0.8,500,800079,0.005172056997253094,kl_split,none,1.020140504928696
2-2-5,none,mixture,0.8,500,800079,0.005172056997253094,kl_crossfit,none,1.2210498465222897
2-2-5,none,mixture,0.8,500,800079,0.005172056997253094,cf1_margin,none,0.6370548219287715
2-2-5,none,mixture,0.8,500,800079,0.005172056997253094,slack_plugin,none,1.274109643857543
2-2-5,none,mixture,0.8,500,800079,0.005172056997253094,gm_battery,none,0.0
2-2-5,none,mixture,0.8,500,800079,0.005172056997253094,gtest,none,216.94794325442456
2-2-5,none,mixture,0.8,500,800080,0.005088080004497897,kl_plugin,none,0.5363071721981948
2-2-5,none,mixture,0.8,500,800080,0.005088080004497897,kl_split,none,15.637799983899866
2-2-5,none,mixture,0.8,500,800080,0.005088080004497897,kl_crossfit,none,8.912767873977394
2-2-5,none,mixture,0.8,500,800080,0.005088080004497897,cf1_margin,none,0.6886519030920242
2-2-5,none,mixture,0.8,500,800080,0.005088080004497897,slack_plugin,none,1.3773038061840484
2-2-5,none,mixture,0.8,500,800080,0.005088080004497897,gm_battery,none,0.0
2-2-5,none,mixture,0.8,500,800080,0.005088080004497897,gtest,none,190.93215822445322
2-2-5,none,mixture,0.8,500,800081,0.005098125999211334,kl_plugin,none,0.5021673980512323
2-2-5,none,mixture,0.8,500,800081,0.005098125999211334,kl_split,none,0.8256221647790407
2-2-5,none,mixture,0.8,500,800081,0.005098125999211334,kl_crossfit,none,3.1946094974586927
2-2-5,none,mixture,0.8,500,800081,0.005098125999211334,cf1_margin,none,0.6640419947506562
2-2-5,none,mixture,0.8,500,800081,0.005098125999211334,slack_plugin,none,1.3280839895013123
2-2-5,none,mixture,0.8,500,800081,0.005098125999211334,gm_battery,none,0.0
2-2-5,none,mixture,0.8,500,800081,0.005098125999211334,gtest,none,191.86690617966408
2-2-5,none,mixture,0.8,500,800082,0.005279624994727783,kl_plugin,none,0.5246993152995502
2-2-5,none,mixture,0.8,500,800082,0.005279624994727783,kl_split,none,1.0495857776327957
2-2-5,none,mixture,0.8,500,800082,0.005279624994727783,kl_crossfit,none,1.4261813137089656
2-2-5,none,mixture,0.8,500,800082,0.005279624994727783,cf1_margin,none,0.682200740633867
2-2-5,none,mixture,0.8,500,800082,0.005279624994727783,slack_plugin,none,1.3644014812677345
2-2-5,none,mixture,0.8,500,800082,0.005279624994727783,gm_battery,none,0.0
2-2-5,none,mixture,0.8,500,800082,0.005279624994727783,gtest,none,201.24938909224724
2-2-5,none,mixture,0.8,500,800083,0.00545545200293418,kl_plugin,none,0.4236424854210167
2-2-5,none,mixture,0.8,500,800083,0.00545545200293418,kl_split,none,0.9169463520108494
2-2-5,none,mixture,0.8,500,800083,0.00545545200293418,kl_crossfit,none,1.1422870388071515
2-2-5,none,mixture,0.8,500,800083,0.00545545200293418,cf1_margin,none,0.6241378758541231
2-2-5,none,mixture,0.8,500,800083,0.00545545200293418,slack_plugin,none,1.2482757517082461
2-2-5,none,mixture,0.8,500,800083,0.00545545200293418,gm_battery,none,0.0
2-2-5,none,mixture,0.8,500,800083,0.00545545200293418,gtest,none,202.72755924723236
2-2-5,none,mixture,0.8,500,800084,0.005484305998834316,kl_plugin,none,0.4312260950709158
2-2-5,none,mixture,0.8,500,800084,0.005484305998834316,kl_split,none,1.4827226291054163
2-2-5,none,mixture,0.8,500,800084,0.005484305998834316,kl_crossfit,none,1.9659938783663353
2-2-5,none,mixture,0.8,500,800084,0.005484305998834316,cf1_margin,none,0.6276110444177672
2-2-5,none,mixture,0.8,500,800084,0.005484305998834316,slack_plugin,none,1.2552220888355339
2-2-5,none,mixture,0.8,500,800084,0.005484305998834316,gm_battery,none,0.0
2-2-5,none,mixture,0.8,500,800084,0.005484305998834316,gtest,none,177.68295000611135
2-2-5,none,mixture,0.8,500,800085,0.00570239399530692,kl_plugin,none,0.3515467060662132
2-2-5,none,mixture,0.8,500,800085,0.00570239399530692,kl_split,none,0.5409455759402162
2-2-5,none,mixture,0.8,500,800085,0.00570239399530692,kl_crossfit,none,0.7164813012984623
2-2-5,none,mixture,0.8,500,800085,0.00570239399530692,cf1_margin,none,0.5702639751552796
2-2-5,none,mixture,0.8,500,800085,0.00570239399530692,slack_plugin,none,1.140527950310559
2-2-5,none,mixture,0.8,500,800085,0.00570239399530692,gm_battery,none,0.0
2-2-5,none,mixture,0.8,500,800085,0.00570239399530692,gtest,none,241.10114522793646
2-2-5,none,mixture,0.8,500,800086,0.009168960998067632,kl_plugin,none,0.48441724744879855
2-2-5,none,mixture,0.8,500,800086,0.009168960998067632,kl_split,none,1.11756367776825
2-2-5,none,mixture,0.8,500,800086,0.009168960998067632,kl_crossfit,none,1.1880574093871235
2-2-5,none,mixture,0.8,500,800086,0.009168960998067632,cf1_margin,none,0.6605484015632007
2-2-5,none,mixture,0.8,500,800086,0.009168960998067632,slack_plugin,none,1.3210968031264017
2-2-5,none,mixture,0.8,500,800086,0.009168960998067632,gm_battery,none,0.0
2-2-5,none,mixture,0.8,500,800086,0.009168960998067632,gtest,none,147.65481463852768
2-2-5,none,mixture,0.8,500,800087,0.0062769470023340546,kl_plugin,none,0.56579320794514
2-2-5,none,mixture,0.8,500,800087,0.0062769470023340546,kl_split,none,1.2558328352306523
2-2-5,none,mixture,0.8,500,800087,0.0062769470023340546,kl_crossfit,none,1.01932146698257
2-2-5,none,mixture,0.8,500,800087,0.0062769470023340546,cf1_margin,none,0.7080773169482848
2-2-5,none,mixture,0.8,500,800087,0.0062769470023340546,slack_plugin,none,1.4161546338965696
2-2-5,none,mixture,0.8,500,800087,0.0062769470023340546,gm_battery,none,0.0
2-2-5,none,mixture,0.8,500,800087,0.0062769470023340546,gtest,none,170.5710997930817
2-2-5,none,mixture,0.8,500,800088,0.005675291999068577,kl_plugin,none,0.5385185286421168
2-2-5,none,mixture,0.8,500,800088,0.005675291999068577,kl_split,none,0.780069992634303
2-2-5,none,mixture,0.8,500,800088,0.005675291999068577,kl_crossfit,none,5.022442345366566
2-2-5,none,mixture,0.8,500,800088,0.005675291999068577,cf1_margin,none,0.6873622040908286
2-2-5,none,mixture,0.8,500,800088,0.005675291999068577,slack_plugin,none,1.3747244081816574
2-2-5,none,mixture,0.8,500,800088,0.005675291999068577,gm_battery,none,0.0
2-2-5,none,mixture,0.8,500,800088,0.005675291999068577,gtest,none,187.73480820066095
2-2-5,none,mixture,0.8,500,800089,0.005917848997341935,kl_plugin,none,0.5293040457087312
2-2-5,none,mixture,0.8,500,800089,0.005917848997341935,kl_split,none,1.3081390158414423
2-2-5,none,mixture,0.8,500,800089,0.005917848997341935,kl_crossfit,none,1.4977327054507628
2-2-5,none,mixture,0.8,500,800089,0.005917848997341935,cf1_margin,none,0.6905253718915629
2-2-5,none,mixture,0.8,500,800089,0.005917848997341935,slack_plugin,none,1.381050743783126
2-2-5,none,mixture,0.8,500,800089,0.005917848997341935,gm_battery,none,0.0
2-2-5,none,mixture,0.8,500,800089,0.005917848997341935,gtest,none,202.64771860748098
2-2-5,none,mixture,0.8,500,800090,0.005051590997027233,kl_plugin,none,0.45386858161135546
2-2-5,none,mixture,0.8,500,800090,0.005051590997027233,kl_split,none,0.6898677817773969
2-2-5,none,mixture,0.8,500,800090,0.005051590997027233,kl_crossfit,none,1.644514770260896
2-2-5,none,mixture,0.8,500,800090,0.005051590997027233,cf1_margin,none,0.640215716486903
2-2-5,none,mixture,0.8,500,800090,0.005051590997027233,slack_plugin,none,1.2804314329738058
2-2-5,none,mixture,0.8,500,800090,0.005051590997027233,gm_battery,none,0.0
2-2-5,none,mixture,0.8,500,800090,0.005051590997027233,gtest,none,173.64246386719842
2-2-5,none,mixture,0.8,500,800091,0.008204657999158371,kl_plugin,none,0.44322023748719896
2-2-5,none,mixture,0.8,500,800091,0.008204657999158371,kl_split,none,0.6026879870101468
2-2-5,none,mixture,0.8,500,800091,0.008204657999158371,kl_crossfit,none,1.392006215514291
2-2-5,none,mixture,0.8,500,800091,0.008204657999158371,cf1_margin,none,0.6270916718908232
2-2-5,none,mixture,0.8,500,800091,0.008204657999158371,slack_plugin,none,1.2541833437816463
2-2-5,none,mixture,0.8,500,800091,0.008204657999158371,gm_battery,none,0.0
2-2-5,none,mixture,0.8,500,800091,0.008204657999158371,gtest,none,154.27558359179426
2-2-5,none,mixture,0.8,500,800092,0.007031483000901062,kl_plugin,none,0.4292642217399795
2-2-5,none,mixture,0.8,500,800092,0.007031483000901062,kl_split,none,0.5949656076140302
2-2-5,none,mixture,0.8,500,800092,0.007031483000901062,kl_crossfit,none,1.6090595935397833
2-2-5,none,mixture,0.8,500,800092,0.007031483000901062,cf1_margin,none,0.625256805341551
2-2-5,none,mixture,0.8,500,800092,0.007031483000901062,slack_plugin,none,1.2505136106831025
2-2-5,none,mixture,0.8,500,800092,0.007031483000901062,gm_battery,none,0.0
2-2-5,none,mixture,0.8,500,800092,0.007031483000901062,gtest,none,218.14383392901567
2-2-5,none,mixture,0.8,500,800093,0.0055048239955795,kl_plugin,none,0.4305271998977428
2-2-5,none,mixture,0.8,500,800093,0.0055048239955795,kl_split,none,0.5784797203765841
2-2-5,none,mixture,0.8,500,800093,0.0055048239955795,kl_crossfit,none,1.1469878564995981
2-2-5,none,mixture,0.8,500,800093,0.0055048239955795,cf1_margin,none,0.628525641025641
2-2-5,none,mixture,0.8,500,800093,0.0055048239955795,slack_plugin,none,1.257051282051282
2-2-5,none,mixture,0.8,500,800093,0.0055048239955795,gm_battery,none,0.0
2-2-5,none,mixture,0.8,500,800093,0.0055048239955795,gtest,none,227.8436537691337
2-2-5,none,mixture,0.8,500,800094,0.006643209999310784,kl_plugin,none,0.6616058732912192
2-2-5,none,mixture,0.8,500,800094,0.006643209999310784,kl_split,none,1.060813539523919
2-2-5,none,mixture,0.8,500,800094,0.006643209999310784,kl_crossfit,none,1.0075400905949397
2-2-5,none,mixture,0.8,500,800094,0.006643209999310784,cf1_margin,none,0.7561424569827931
2-2-5,none,mixture,0.8,500,800094,0.006643209999310784,slack_plugin,none,1.512284913965586
2-2-5,none,mixture,0.8,500,800094,0.006643209999310784,gm_battery,none,0.0
2-2-5,none,mixture,0.8,500,800094,0.006643209999310784,gtest,none,125.11759518672196
2-2-5,none,mixture,0.8,500,800095,0.009155139996437356,kl_plugin,none,0.4649859378776778
2-2-5,none,mixture,0.8,500,800095,0.009155139996437356,kl_split,none,1.6178899422554582
2-2-5,none,mixture,0.8,500,800095,0.009155139996437356,kl_crossfit,none,1.8197618034860215
2-2-5,none,mixture,0.8,500,800095,0.009155139996437356,cf1_margin,none,0.6521029383522181
2-2-5,none,mixture,0.8,500,800095,0.009155139996437356,slack_plugin,none,1.3042058767044364
2-2-5,none,mixture,0.8,500,800095,0.009155139996437356,gm_battery,none,0.0
2-2-5,none,mixture,0.8,500,800095,0.009155139996437356,gtest,none,194.4227973202021
2-2-5,none,mixture,0.8,500,800096,0.007919249997939914,kl_plugin,none,0.4685487615456382
2-2-5,none,mixture,0.8,500,800096,0.007919249997939914,kl_split,none,1.0948264177619338
2-2-5,none,mixture,0.8,500,800096,0.007919249997939914,kl_crossfit,none,1.5157151052727567
2-2-5,none,mixture,0.8,500,800096,0.007919249997939914,cf1_margin,none,0.6537936571657967
2-2-5,none,mixture,0.8,500,800096,0.007919249997939914,slack_plugin,none,1.307587314331594
2-2-5,none,mixture,0.8,500,800096,0.007919249997939914,gm_battery,none,0.0
2-2-5,none,mixture,0.8,500,800096,0.007919249997939914,gtest,none,142.8457586256406
2-2-5,none,mixture,0.8,500,800097,0.007373926004220266,kl_plugin,none,0.4990383211257774
2-2-5,none,mixture,0.8,500,800097,0.007373926004220266,kl_split,none,1.5373638629250608
2-2-5,none,mixture,0.8,500,800097,0.007373926004220266,kl_crossfit,none,1.9211971319815264
2-2-5,none,mixture,0.8,500,800097,0.007373926004220266,cf1_margin,none,0.671866749867998
2-2-5,none,mixture,0.8,500,800097,0.007373926004220266,slack_plugin,none,1.343733499735996
2-2-5,none,mixture,0.8,500,800097,0.007373926004220266,gm_battery,none,0.0
2-2-5,none,mixture,0.8,500,800097,0.007373926004220266,gtest,none,180.40418435018594
2-2-5,none,mixture,0.8,500,800098,0.010098235004988965,kl_plugin,none,0.5907565643513604
2-2-5,none,mixture,0.8,500,800098,0.010098235004988965,kl_split,none,6.321446152993346
2-2-5,none,mixture,0.8,500,800098,0.010098235004988965,kl_crossfit,none,4.200009427116513
2-2-5,none,mixture,0.8,500,800098,0.010098235004988965,cf1_margin,none,0.7199315189043025
2-2-5,none,mixture,0.8,500,800098,0.010098235004988965,slack_plugin,none,1.439863037808605
2-2-5,none,mixture,0.8,500,800098,0.010098235004988965,gm_battery,none,0.0
2-2-5,none,mixture,0.8,500,800098,0.010098235004988965,gtest,none,142.31814385518874
2-2-5,none,mixture,0.8,500,800099,0.005647329999192152,kl_plugin,none,0.5535438420670515
2-2-5,none,mixture,0.8,500,800099,0.005647329999192152,kl_split,none,1.6881534929776727
2-2-5,none,mixture,0.8,500,800099,0.005647329999192152,kl_crossfit,none,1.2479346337709298
2-2-5,none,mixture,0.8,500,800099,0.005647329999192152,cf1_margin,none,0.7048886326880275
2-2-5,none,mixture,0.8,500,800099,0.005647329999192152,slack_plugin,none,1.409777265376055
2-2-5,none,mixture,0.8,500,800099,0.005647329999192152,gm_battery,none,0.0
2-2-5,none,mixture,0.8,500,800099,0.005647329999192152,gtest,none,178.40356575104605
2-2-5,none,mixture,0.8,500,800100,0.006949845002964139,kl_plugin,none,0.4546293050377583
2-2-5,none,mixture,0.8,500,800100,0.006949845002964139,kl_split,none,0.991262581354211
2-2-5,none,mixture,0.8,500,800100,0.006949845002964139,kl_crossfit,none,1.3156132139011891
2-2-5,none,mixture,0.8,500,800100,0.006949845002964139,cf1_margin,none,0.6442757383560767
2-2-5,none,mixture,0.8,500,800100,0.006949845002964139,slack_plugin,none,1.288551476712153
2-2-5,none,mixture,0.8,500,800100,0.006949845002964139,gm_battery,none,0.0
2-2-5,none,mixture,0.8,500,800100,0.006949845002964139,gtest,none,235.4391533329012
2-2-5,none,mixture,0.8,500,800101,0.0055509230005554855,kl_plugin,none,0.478798610594154
2-2-5,none,mixture,0.8,500,800101,0.0055509230005554855,kl_split,none,1.0952092086063325
2-2-5,none,mixture,0.8,500,800101,0.0055509230005554855,kl_crossfit,none,1.5539201374105507
2-2-5,none,mixture,0.8,500,800101,0.0055509230005554855,cf1_margin,none,0.6559119134498432
2-2-5,none,mixture,0.8,500,800101,0.0055509230005554855,slack_plugin,none,1.3118238268996865
2-2-5,none,mixture,0.8,500,800101,0.0055509230005554855,gm_battery,none,0.0
2-2-5,none,mixture,0.8,500,800101,0.0055509230005554855,gtest,none,157.8802584274101
2-2-5,none,mixture,0.8,500,800102,0.009086037003726233,kl_plugin,none,0.5273888659538156
2-2-5,none,mixture,0.8,500,800102,0.009086037003726233,kl_split,none,2.085460346234256
2-2-5,none,mixture,0.8,500,800102,0.009086037003726233,kl_crossfit,none,1.6940177433871675
2-2-5,none,mixture,0.8,500,800102,0.009086037003726233,cf1_margin,none,0.6877710043360694
2-2-5,none,mixture,0.8,500,800102,0.009086037003726233,slack_plugin,none,1.375542008672139
2-2-5,none,mixture,0.8,500,800102,0.009086037003726233,gm_battery,none,0.0
2-2-5,none,mixture,0.8,500,800102,0.009086037003726233,gtest,none,195.28550183721933
2-2-5,none,mixture,0.8,500,800103,0.008433486997091677,kl_plugin,none,0.4144289107834476
2-2-5,none,mixture,0.8,500,800103,0.008433486997091677,kl_split,none,3.174013449840705
2-2-5,none,mixture,0.8,500,800103,0.008433486997091677,kl_crossfit,none,1.9605523993466063
2-2-5,none,mixture,0.8,500,800103,0.008433486997091677,cf1_margin,none,0.6143481952610583
2-2-5,none,mixture,0.8,500,800103,0.008433486997091677,slack_plugin,none,1.2286963905221169
2-2-5,none,mixture,0.8,500,800103,0.008433486997091677,gm_battery,none,0.0
2-2-5,none,mixture,0.8,500,800103,0.008433486997091677,gtest,none,214.91886170627873
2-2-5,none,mixture,0.8,500,800104,0.006267635006224737,kl_plugin,none,0.4755411644530148
2-2-5,none,mixture,0.8,500,800104,0.006267635006224737,kl_split,none,1.2196520150447085
2-2-5,none,mixture,0.8,500,800104,0.006267635006224737,kl_crossfit,none,1.068880724780031
2-2-5,none,mixture,0.8,500,800104,0.006267635006224737,cf1_margin,none,0.6594072743601257
2-2-5,none,mixture,0.8,500,800104,0.006267635006224737,slack_plugin,none,1.3188145487202514
2-2-5,none,mixture,0.8,500,800104,0.006267635006224737,gm_battery,none,0.0
2-2-5,none,mixture,0.8,500,800104,0.006267635006224737,gtest,none,206.52049274737274
2-2-5,none,mixture,0.8,500,800105,0.005871818000741769,kl_plugin,none,0.510378444026767
2-2-5,none,mixture,0.8,500,800105,0.005871818000741769,kl_split,none,1.1946985237864172
2-2-5,none,mixture,0.8,500,800105,0.005871818000741769,kl_crossfit,none,2.0552388109291124
2-2-5,none,mixture,0.8,500,800105,0.005871818000741769,cf1_margin,none,0.6761014344262295
2-2-5,none,mixture,0.8,500,800105,0.005871818000741769,slack_plugin,none,1.3522028688524592
2-2-5,none,mixture,0.8,500,800105,0.005871818000741769,gm_battery,none,0.0
2-2-5,none,mixture,0.8,500,800105,0.005871818000741769,gtest,none,196.35434161190608
2-2-5,none,mixture,0.8,500,800106,0.005798179001430981,kl_plugin,none,0.5978319042586691
2-2-5,none,mixture,0.8,500,800106,0.005798179001430981,kl_split,none,3.4316747397070646
2-2-5,none,mixture,0.8,500,800106,0.005798179001430981,kl_crossfit,none,2.448056610806316
2-2-5,none,mixture,0.8,500,800106,0.005798179001430981,cf1_margin,none,0.728
2-2-5,none,mixture,0.8,500,800106,0.005798179001430981,slack_plugin,none,1.456
2-2-5,none,mixture,0.8,500,800106,0.005798179001430981,gm_battery,none,0.0
2-2-5,none,mixture,0.8,500,800106,0.005798179001430981,gtest,none,203.55263286407205
2-2-5,none,mixture,0.8,500,800107,0.006146353000076488,kl_plugin,none,0.5006802677887054
2-2-5,none,mixture,0.8,500,800107,0.006146353000076488,kl_split,none,0.9675982852403151
2-2-5,none,mixture,0.8,500,800107,0.006146353000076488,kl_crossfit,none,2.0485021385746798
2-2-5,none,mixture,0.8,500,800107,0.006146353000076488,cf1_margin,none,0.6674347158218126
2-2-5,none,mixture,0.8,500,800107,0.006146353000076488,slack_plugin,none,1.3348694316436251
2-2-5,none,mixture,0.8,500,800107,0.006146353000076488,gm_battery,none,0.0
2-2-5,none,mixture,0.8,500,800107,0.006146353000076488,gtest,none,192.08684280078333
2-2-5,none,mixture,0.8,500,800108,0.0059003089991165325,kl_plugin,none,0.49054699865095364
2-2-5,none,mixture,0.8,500,800108,0.0059003089991165325,kl_split,none,0.8987127317111459
2-2-5,none,mixture,0.8,500,800108,0.0059003089991165325,kl_crossfit,none,1.2314679545647575
2-2-5,none,mixture,0.8,500,800108,0.0059003089991165325,cf1_margin,none,0.6645747950819672
2-2-5,none,mixture,0.8,500,800108,0.0059003089991165325,slack_plugin,none,1.3291495901639347
2-2-5,none,mixture,0.8,500,800108,0.0059003089991165325,gm_battery,none,0.0
2-2-5,none,mixture,0.8,500,800108,0.0059003089991165325,gtest,none,185.27841671310492
2-2-5,none,mixture,0.8,500,800109,0.005561325000599027,kl_plugin,none,0.5362541604941532
2-2-5,none,mixture,0.8,500,800109,0.005561325000599027,kl_split,none,1.0067927566524733
2-2-5,none,mixture,0.8,500,800109,0.005561325000599027,kl_crossfit,none,1.033869172165434
2-2-5,none,mixture,0.8,500,800109,0.005561325000599027,cf1_margin,none,0.692204301075269
2-2-5,none,mixture,0.8,500,800109,0.005561325000599027,slack_plugin,none,1.384408602150538
2-2-5,none,mixture,0.8,500,800109,0.005561325000599027,gm_battery,none,0.0
2-2-5,none,mixture,0.8,500,800109,0.005561325000599027,gtest,none,159.7041569227295
2-2-5,none,mixture,0.8,500,800110,0.005103129995404743,kl_plugin,none,0.3562105876389778
2-2-5,none,mixture,0.8,500,800110,0.005103129995404743,kl_split,none,0.5425830137331275
2-2-5,none,mixture,0.8,500,800110,0.005103129995404743,kl_crossfit,none,3.0087029349713843
2-2-5,none,mixture,0.8,500,800110,0.005103129995404743,cf1_margin,none,0.5730572960403075
2-2-5,none,mixture,0.8,500,800110,0.005103129995404743,slack_plugin,none,1.1461145920806148
2-2-5,none,mixture,0.8,500,800110,0.005103129995404743,gm_battery,none,0.0
2-2-5,none,mixture,0.8,500,800110,0.005103129995404743,gtest,none,243.02872493359192
2-2-5,none,mixture,0.8,500,800111,0.006692424998618662,kl_plugin,none,0.6142794954404003
2-2-5,none,mixture,0.8,500,800111,0.006692424998618662,kl_split,none,0.7240176214761745
2-2-5,none,mixture,0.8,500,800111,0.006692424998618662,kl_crossfit,none,0.9692912790728894
2-2-5,none,mixture,0.8,500,800111,0.006692424998618662,cf1_margin,none,0.7334784836065573
2-2-5,none,mixture,0.8,500,800111,0.006692424998618662,slack_plugin,none,1.4669569672131146
2-2-5,none,mixture,0.8,500,800111,0.006692424998618662,gm_battery,none,0.0
2-2-5,none,mixture,0.8,500,800111,0.006692424998618662,gtest,none,177.17176966707493
2-2-5,none,mixture,0.8,500,800112,0.005923420998442452,kl_plugin,none,0.5101227214430696
2-2-5,none,mixture,0.8,500,800112,0.005923420998442452,kl_split,none,2.8137955234383814
2-2-5,none,mixture,0.8,500,800112,0.005923420998442452,kl_crossfit,none,2.426938437130871
2-2-5,none,mixture,0.8,500,800112,0.005923420998442452,cf1_margin,none,0.6785134461751137
2-2-5,none,mixture,0.8,500,800112,0.005923420998442452,slack_plugin,none,1.3570268923502273
2-2-5,none,mixture,0.8,500,800112,0.005923420998442452,gm_battery,none,0.0
2-2-5,none,mixture,0.8,500,800112,0.005923420998442452,gtest,none,191.2389409529422
2-2-5,none,mixture,0.8,500,800113,0.005239890997472685,kl_plugin,none,0.510431669516266
2-2-5,none,mixture,0.8,500,800113,0.005239890997472685,kl_split,none,7.47272768836047
2-2-5,none,mixture,0.8,500,800113,0.005239890997472685,kl_crossfit,none,4.591793822647426
2-2-5,none,mixture,0.8,500,800113,0.005239890997472685,cf1_margin,none,0.6706124549665466
2-2-5,none,mixture,0.8,500,800113,0.005239890997472685,slack_plugin,none,1.3412249099330933
2-2-5,none,mixture,0.8,500,800113,0.005239890997472685,gm_battery,none,0.0
2-2-5,none,mixture,0.8,500,800113,0.005239890997472685,gtest,none,173.07044736421003
2-2-5,none,mixture,0.8,500,800114,0.008086793000984471,kl_plugin,none,0.6159357193753208
2-2-5,none,mixture,0.8,500,800114,0.008086793000984471,kl_split,none,1.2352613975974005
2-2-5,none,mixture,0.8,500,800114,0.008086793000984471,kl_crossfit,none,1.2501518356349588
2-2-5,none,mixture,0.8,500,800114,0.008086793000984471,cf1_margin,none,0.7353858955689618
2-2-5,none,mixture,0.8,500,800114,0.008086793000984471,slack_plugin,none,1.4707717911379237
2-2-5,none,mixture,0.8,500,800114,0.008086793000984471,gm_battery,none,0.0
2-2-5,none,mixture,0.8,500,800114,0.008086793000984471,gtest,none,128.47238513486798
2-2-5,none,mixture,0.8,500,800115,0.0054036660003475845,kl_plugin,none,0.5627959603180481
2-2-5,none,mixture,0.8,500,800115,0.0054036660003475845,kl_split,none,17.616701577684466
2-2-5,none,mixture,0.8,500,800115,0.0054036660003475845,kl_crossfit,none,9.302972791585054
2-2-5,none,mixture,0.8,500,800115,0.0054036660003475845,cf1_margin,none,0.7087796832716851
2-2-5,none,mixture,0.8,500,800115,0.0054036660003475845,slack_plugin,none,1.41755936654337
2-2-5,none,mixture,0.8,500,800115,0.0054036660003475845,gm_battery,none,0.0
2-2-5,none,mixture,0.8,500,800115,0.0054036660003475845,gtest,none,190.93815906363938
2-2-5,none,mixture,0.8,500,800116,0.004992554000637028,kl_plugin,none,0.4595793181555839
2-2-5,none,mixture,0.8,500,800116,0.004992554000637028,kl_split,none,9.905121821098495
2-2-5,none,mixture,0.8,500,800116,0.004992554000637028,kl_crossfit,none,5.667374800395787
2-2-5,none,mixture,0.8,500,800116,0.004992554000637028,cf1_margin,none,0.6446836930108306
2-2-5,none,mixture,0.8,500,800116,0.004992554000637028,slack_plugin,none,1.289367386021661
2-2-5,none,mixture,0.8,500,800116,0.004992554000637028,gm_battery,none,0.0
2-2-5,none,mixture,0.8,500,800116,0.004992554000637028,gtest,none,178.61918109440228
2-2-5,none,mixture,0.8,500,800117,0.006768922001356259,kl_plugin,none,0.41252421422895924
2-2-5,none,mixture,0.8,500,800117,0.006768922001356259,kl_split,none,0.5635371133731053
2-2-5,none,mixture,0.8,500,800117,0.006768922001356259,kl_crossfit,none,3.553303326410429
2-2-5,none,mixture,0.8,500,800117,0.006768922001356259,cf1_margin,none,0.6121290819025634
2-2-5,none,mixture,0.8,500,800117,0.006768922001356259,slack_plugin,none,1.224258163805127
2-2-5,none,mixture,0.8,500,800117,0.006768922001356259,gm_battery,none,0.0
2-2-5,none,mixture,0.8,500,800117,0.006768922001356259,gtest,none,168.78825757086065
2-2-5,none,mixture,0.8,500,800118,0.006809726000938099,kl_plugin,none,0.48426305735432185
2-2-5,none,mixture,0.8,500,800118,0.006809726000938099,kl_split,none,0.6347912330093377
2-2-5,none,mixture,0.8,500,800118,0.006809726000938099,kl_crossfit,none,7.934831901674272
2-2-5,none,mixture,0.8,500,800118,0.006809726000938099,cf1_margin,none,0.6589835934373749
2-2-5,none,mixture,0.8,500,800118,0.006809726000938099,slack_plugin,none,1.31796718687475
2-2-5,none,mixture,0.8,500,800118,0.006809726000938099,gm_battery,none,0.0
2-2-5,none,mixture,0.8,500,800118,0.006809726000938099,gtest,none,168.39168086775456
2-2-5,none,mixture,0.8,500,800119,0.006071609001082834,kl_plugin,none,0.5175706846219283
2-2-5,none,mixture,0.8,500,800119,0.006071609001082834,kl_split,none,2.106379694202911
2-2-5,none,mixture,0.8,500,800119,0.006071609001082834,kl_crossfit,none,1.466449238577024
2-2-5,none,mixture,0.8,500,800119,0.006071609001082834,cf1_margin,none,0.6850855275802421
2-2-5,none,mixture,0.8,500,800119,0.006071609001082834,slack_plugin,none,1.3701710551604844
2-2-5,none,mixture,0.8,500,800119,0.006071609001082834,gm_battery,none,0.0
2-2-5,none,mixture,0.8,500,800119,0.006071609001082834,gtest,none,175.51780070409956
2-2-5,none,mixture,0.8,500,800120,0.0048148940040846355,kl_plugin,none,0.44260788697591685
2-2-5,none,mixture,0.8,500,800120,0.0048148940040846355,kl_split,none,3.348523309651782
2-2-5,none,mixture,0.8,500,800120,0.0048148940040846355,kl_crossfit,none,2.2856241437077065
2-2-5,none,mixture,0.8,500,800120,0.0048148940040846355,cf1_margin,none,0.6312340793668594
2-2-5,none,mixture,0.8,500,800120,0.0048148940040846355,slack_plugin,none,1.2624681587337192
2-2-5,none,mixture,0.8,500,800120,0.0048148940040846355,gm_battery,none,0.0
2-2-5,none,mixture,0.8,500,800120,0.0048148940040846355,gtest,none,173.5304014400716
2-2-5,none,mixture,0.8,500,800121,0.005226029999903403,kl_plugin,none,0.5924640317162688
2-2-5,none,mixture,0.8,500,800121,0.005226029999903403,kl_split,none,2.155993650671598
2-2-5,none,mixture,0.8,500,800121,0.005226029999903403,kl_crossfit,none,2.2578707462051986
2-2-5,none,mixture,0.8,500,800121,0.005226029999903403,cf1_margin,none,0.7151639344262295
2-2-5,none,mixture,0.8,500,800121,0.005226029999903403,slack_plugin,none,1.430327868852459
2-2-5,none,mixture,0.8,500,800121,0.005226029999903403,gm_battery,none,0.0
2-2-5,none,mixture,0.8,500,800121,0.005226029999903403,gtest,none,177.46137808133963
2-2-5,none,mixture,0.8,500,800122,0.006014201993821189,kl_plugin,none,0.5489370726295785
2-2-5,none,mixture,0.8,500,800122,0.006014201993821189,kl_split,none,1.0311061870655993
2-2-5,none,mixture,0.8,500,800122,0.006014201993821189,kl_crossfit,none,0.976837376273185
2-2-5,none,mixture,0.8,500,800122,0.006014201993821189,cf1_margin,none,0.6968442668976914
2-2-5,none,mixture,0.8,500,800122,0.006014201993821189,slack_plugin,none,1.3936885337953826
2-2-5,none,mixture,0.8,500,800122,0.006014201993821189,gm_battery,none,0.0
2-2-5,none,mixture,0.8,500,800122,0.006014201993821189,gtest,none,176.70324869358495
2-2-5,none,mixture,0.8,500,800123,0.005787160000181757,kl_plugin,none,0.48080642543115937
2-2-5,none,mixture,0.8,500,800123,0.005787160000181757,kl_split,none,1.4168388810907593
2-2-5,none,mixture,0.8,500,800123,0.005787160000181757,kl_crossfit,none,1.1972778158383968
2-2-5,none,mixture,0.8,500,800123,0.005787160000181757,cf1_margin,none,0.6585553278688525
2-2-5,none,mixture,0.8,500,800123,0.005787160000181757,slack_plugin,none,1.317110655737705
2-2-5,none,mixture,0.8,500,800123,0.005787160000181757,gm_battery,none,0.0
2-2-5,none,mixture,0.8,500,800123,0.005787160000181757,gtest,none,191.14163095960163
2-2-5,none,mixture,0.8,500,800124,0.005482120999658946,kl_plugin,none,0.5228639842542226
2-2-5,none,mixture,0.8,500,800124,0.005482120999658946,kl_split,none,0.9742134243480921
2-2-5,none,mixture,0.8,500,800124,0.005482120999658946,kl_crossfit,none,1.5348357329763835
2-2-5,none,mixture,0.8,500,800124,0.005482120999658946,cf1_margin,none,0.6796719841117305
2-2-5,none,mixture,0.8,500,800124,0.005482120999658946,slack_plugin,none,1.3593439682234605
2-2-5,none,mixture,0.8,500,800124,0.005482120999658946,gm_battery,none,0.0
2-2-5,none,mixture,0.8,500,800124,0.005482120999658946,gtest,none,171.27690344837737
2-2-5,none,mixture,0.8,500,800125,0.00563110599614447,kl_plugin,none,0.39712653018617583
2-2-5,none,mixture,0.8,500,800125,0.00563110599614447,kl_split,none,1.0170367426163003
2-2-5,none,mixture,0.8,500,800125,0.00563110599614447,kl_crossfit,none,1.5995180008124872
2-2-5,none,mixture,0.8,500,800125,0.00563110599614447,cf1_margin,none,0.5959999999999999
2-2-5,none,mixture,0.8,500,800125,0.00563110599614447,slack_plugin,none,1.1919999999999997
2-2-5,none,mixture,0.8,500,800125,0.00563110599614447,gm_battery,none,0.0
2-2-5,none,mixture,0.8,500,800125,0.00563110599614447,gtest,none,198.21473258723935
2-2-5,none,mixture,0.8,500,800126,0.005733819001761731,kl_plugin,none,0.44615196516103667
2-2-5,none,mixture,0.8,500,800126,0.005733819001761731,kl_split,none,0.6611175566532912
2-2-5,none,mixture,0.8,500,800126,0.005733819001761731,kl_crossfit,none,0.6301595836600672
2-2-5,none,mixture,0.8,500,800126,0.005733819001761731,cf1_margin,none,0.6354141521427766
2-2-5,none,mixture,0.8,500,800126,0.005733819001761731,slack_plugin,none,1.2708283042855537
2-2-5,none,mixture,0.8,500,800126,0.005733819001761731,gm_battery,none,0.0
2-2-5,none,mixture,0.8,500,800126,0.005733819001761731,gtest,none,191.64845235437755
2-2-5,none,mixture,0.8,500,800127,0.005860324003151618,kl_plugin,none,0.48428318373146856
2-2-5,none,mixture,0.8,500,800127,0.005860324003151618,kl_split,none,1.3569547220038718
2-2-5,none,mixture,0.8,500,800127,0.005860324003151618,kl_crossfit,none,1.412161625742283
2-2-5,none,mixture,0.8,500,800127,0.005860324003151618,cf1_margin,none,0.6601040416166467
2-2-5,none,mixture,0.8,500,800127,0.005860324003151618,slack_plugin,none,1.3202080832332936
2-2-5,none,mixture,0.8,500,800127,0.005860324003151618,gm_battery,none,0.0
2-2-5,none,mixture,0.8,500,800127,0.005860324003151618,gtest,none,209.63959200197803
2-2-5,none,mixture,0.8,500,800128,0.007092365995049477,kl_plugin,none,0.4590109958637179
2-2-5,none,mixture,0.8,500,800128,0.007092365995049477,kl_split,none,1.4986207078579492
2-2-5,none,mixture,0.8,500,800128,0.007092365995049477,kl_crossfit,none,5.9696638916026
2-2-5,none,mixture,0.8,500,800128,0.007092365995049477,cf1_margin,none,0.6479493046998768
2-2-5,none,mixture,0.8,500,800128,0.007092365995049477,slack_plugin,none,1.2958986093997535
2-2-5,none,mixture,0.8,500,800128,0.007092365995049477,gm_battery,none,0.0
2-2-5,none,mixture,0.8,500,800128,0.007092365995049477,gtest,none,208.88389912900834
2-2-5,none,mixture,0.8,500,800129,0.006729492997692432,kl_plugin,none,0.431913902294235
2-2-5,none,mixture,0.8,500,800129,0.006729492997692432,kl_split,none,1.6879322128065808
2-2-5,none,mixture,0.8,500,800129,0.006729492997692432,kl_crossfit,none,5.844438962375202
2-2-5,none,mixture,0.8,500,800129,0.006729492997692432,cf1_margin,none,0.6315326130452181
2-2-5,none,mixture,0.8,500,800129,0.006729492997692432,slack_plugin,none,1.263065226090436
2-2-5,none,mixture,0.8,500,800129,0.006729492997692432,gm_battery,none,0.0
2-2-5,none,mixture,0.8,500,800129,0.006729492997692432,gtest,none,191.1119544329644
2-2-5,none,mixture,0.8,500,800130,0.006510446000902448,kl_plugin,none,0.5784497371553164
2-2-5,none,mixture,0.8,500,800130,0.006510446000902448,kl_split,none,1.3386862819145438
2-2-5,none,mixture,0.8,500,800130,0.006510446000902448,kl_crossfit,none,1.347799853514481
2-2-5,none,mixture,0.8,500,800130,0.006510446000902448,cf1_margin,none,0.7086303849789326
2-2-5,none,mixture,0.8,500,800130,0.006510446000902448,slack_plugin,none,1.4172607699578654
2-2-5,none,mixture,0.8,500,800130,0.006510446000902448,gm_battery,none,0.0
2-2-5,none,mixture,0.8,500,800130,0.006510446000902448,gtest,none,140.5493280022744
2-2-5,none,mixture,0.8,500,800131,0.005749027004640084,kl_plugin,none,0.46725405145500254
2-2-5,none,mixture,0.8,500,800131,0.005749027004640084,kl_split,none,0.5876954889075612
2-2-5,none,mixture,0.8,500,800131,0.005749027004640084,kl_crossfit,none,1.4071459025408637
2-2-5,none,mixture,0.8,500,800131,0.005749027004640084,cf1_margin,none,0.647859143657463
2-2-5,none,mixture,0.8,500,800131,0.005749027004640084,slack_plugin,none,1.2957182873149262
2-2-5,none,mixture,0.8,500,800131,0.005749027004640084,gm_battery,none,0.0
2-2-5,none,mixture,0.8,500,800131,0.005749027004640084,gtest,none,229.21719055456524
2-2-5,none,mixture,0.8,500,800132,0.005821359998662956,kl_plugin,none,0.5779278331642309
2-2-5,none,mixture,0.8,500,800132,0.005821359998662956,kl_split,none,1.3478186620382382
2-2-5,none,mixture,0.8,500,800132,0.005821359998662956,kl_crossfit,none,1.7282666711163701
2-2-5,none,mixture,0.8,500,800132,0.005821359998662956,cf1_margin,none,0.7161031188491143
2-2-5,none,mixture,0.8,500,800132,0.005821359998662956,slack_plugin,none,1.432206237698229
2-2-5,none,mixture,0.8,500,800132,0.005821359998662956,gm_battery,none,0.0
2-2-5,none,mixture,0.8,500,800132,0.005821359998662956,gtest,none,176.61089788062228
2-2-5,none,mixture,0.8,500,800133,0.005521126004168764,kl_plugin,none,0.497138499564586
2-2-5,none,mixture,0.8,500,800133,0.005521126004168764,kl_split,none,2.248251506246438
2-2-5,none,mixture,0.8,500,800133,0.005521126004168764,kl_crossfit,none,2.06101761683486
2-2-5,none,mixture,0.8,500,800133,0.005521126004168764,cf1_margin,none,0.6691966501737361
2-2-5,none,mixture,0.8,500,800133,0.005521126004168764,slack_plugin,none,1.338393300347473
2-2-5,none,mixture,0.8,500,800133,0.005521126004168764,gm_battery,none,0.0
2-2-5,none,mixture,0.8,500,800133,0.005521126004168764,gtest,none,243.17793648874758
2-2-5,none,mixture,0.8,500,800134,0.0048099820050993,kl_plugin,none,0.4216576017388778
2-2-5,none,mixture,0.8,500,800134,0.0048099820050993,kl_split,none,0.8902195344549594
2-2-5,none,mixture,0.8,500,800134,0.0048099820050993,kl_crossfit,none,0.7001627031111859
2-2-5,none,mixture,0.8,500,800134,0.0048099820050993,cf1_margin,none,0.6198499175986816
2-2-5,none,mixture,0.8,500,800134,0.0048099820050993,slack_plugin,none,1.2396998351973632
2-2-5,none,mixture,0.8,500,800134,0.0048099820050993,gm_battery,none,0.0
2-2-5,none,mixture,0.8,500,800134,0.0048099820050993,gtest,none,195.07243313213306
2-2-5,none,mixture,0.8,500,800135,0.005156400002306327,kl_plugin,none,0.5340929965328
2-2-5,none,mixture,0.8,500,800135,0.005156400002306327,kl_split,none,0.9008296576015256
2-2-5,none,mixture,0.8,500,800135,0.005156400002306327,kl_crossfit,none,1.1144989189842276
2-2-5,none,mixture,0.8,500,800135,0.005156400002306327,cf1_margin,none,0.6929487179487179
2-2-5,none,mixture,0.8,500,800135,0.005156400002306327,slack_plugin,none,1.385897435897436
2-2-5,none,mixture,0.8,500,800135,0.005156400002306327,gm_battery,none,0.0
2-2-5,none,mixture,0.8,500,800135,0.005156400002306327,gtest,none,201.64170561167563
2-2-5,none,mixture,0.8,500,800136,0.005128152995894197,kl_plugin,none,0.5723834757254898
2-2-5,none,mixture,0.8,500,800136,0.005128152995894197,kl_split,none,1.3578918023080493
2-2-5,none,mixture,0.8,500,800136,0.005128152995894197,kl_crossfit,none,1.583040517309384
2-2-5,none,mixture,0.8,500,800136,0.005128152995894197,cf1_margin,none,0.7093412249099331
2-2-5,none,mixture,0.8,500,800136,0.005128152995894197,slack_plugin,none,1.4186824498198665
2-2-5,none,mixture,0.8,500,800136,0.005128152995894197,gm_battery,none,0.0
2-2-5,none,mixture,0.8,500,800136,0.005128152995894197,gtest,none,143.64144163939926
2-2-5,none,mixture,0.8,500,800137,0.005839705001562834,kl_plugin,none,0.45010714235955374
2-2-5,none,mixture,0.8,500,800137,0.005839705001562834,kl_split,none,0.5822381371735148
2-2-5,none,mixture,0.8,500,800137,0.005839705001562834,kl_crossfit,none,4.73955048497782
2-2-5,none,mixture,0.8,500,800137,0.005839705001562834,cf1_margin,none,0.6339291434428855
2-2-5,none,mixture,0.8,500,800137,0.005839705001562834,slack_plugin,none,1.2678582868857708
2-2-5,none,mixture,0.8,500,800137,0.005839705001562834,gm_battery,none,0.0
2-2-5,none,mixture,0.8,500,800137,0.005839705001562834,gtest,none,195.7657320432357
2-2-5,none,mixture,0.8,500,800138,0.00592815299751237,kl_plugin,none,0.45143079055127294
2-2-5,none,mixture,0.8,500,800138,0.00592815299751237,kl_split,none,1.1990986160886283
2-2-5,none,mixture,0.8,500,800138,0.00592815299751237,kl_crossfit,none,0.9175994544873745
2-2-5,none,mixture,0.8,500,800138,0.00592815299751237,cf1_margin,none,0.638116533799987
2-2-5,none,mixture,0.8,500,800138,0.00592815299751237,slack_plugin,none,1.276233067599974
2-2-5,none,mixture,0.8,500,800138,0.00592815299751237,gm_battery,none,0.0
2-2-5,none,mixture,0.8,500,800138,0.00592815299751237,gtest,none,164.38588668302975
2-2-5,none,mixture,0.8,500,800139,0.00770955399639206,kl_plugin,none,0.49892918455863605
2-2-5,none,mixture,0.8,500,800139,0.00770955399639206,kl_split,none,2.5848509111386404
2-2-5,none,mixture,0.8,500,800139,0.00770955399639206,kl_crossfit,none,2.2980314167493416
2-2-5,none,mixture,0.8,500,800139,0.00770955399639206,cf1_margin,none,0.6710425204918034
2-2-5,none,mixture,0.8,500,800139,0.00770955399639206,slack_plugin,none,1.3420850409836065
2-2-5,none,mixture,0.8,500,800139,0.00770955399639206,gm_battery,none,0.0
2-2-5,none,mixture,0.8,500,800139,0.00770955399639206,gtest,none,209.32551464790708
2-2-5,none,mixture,0.8,500,800140,0.005931286999839358,kl_plugin,none,0.435747139128785
2-2-5,none,mixture,0.8,500,800140,0.005931286999839358,kl_split,none,1.0614746525527659
2-2-5,none,mixture,0.8,500,800140,0.005931286999839358,kl_crossfit,none,1.3195371286831339
2-2-5,none,mixture,0.8,500,800140,0.005931286999839358,cf1_margin,none,0.6321044546850999
2-2-5,none,mixture,0.8,500,800140,0.005931286999839358,slack_plugin,none,1.2642089093701998
2-2-5,none,mixture,0.8,500,800140,0.005931286999839358,gm_battery,none,0.0
2-2-5,none,mixture,0.8,500,800140,0.005931286999839358,gtest,none,209.47786422843174
2-2-5,none,mixture,0.8,500,800141,0.009624334998079576,kl_plugin,none,0.44323643699437704
2-2-5,none,mixture,0.8,500,800141,0.009624334998079576,kl_split,none,0.611284540047877
2-2-5,none,mixture,0.8,500,800141,0.009624334998079576,kl_crossfit,none,1.5528594949922092
2-2-5,none,mixture,0.8,500,800141,0.009624334998079576,cf1_margin,none,0.6358974358974359
2-2-5,none,mixture,0.8,500,800141,0.009624334998079576,slack_plugin,none,1.2717948717948717
2-2-5,none,mixture,0.8,500,800141,0.009624334998079576,gm_battery,none,0.0
2-2-5,none,mixture,0.8,500,800141,0.009624334998079576,gtest,none,212.19483988526025
2-2-5,none,mixture,0.8,500,800142,0.006778975002816878,kl_plugin,none,0.44058720913395466
2-2-5,none,mixture,0.8,500,800142,0.006778975002816878,kl_split,none,1.063983979862058
2-2-5,none,mixture,0.8,500,800142,0.006778975002816878,kl_crossfit,none,1.207909088030596
2-2-5,none,mixture,0.8,500,800142,0.006778975002816878,cf1_margin,none,0.6282513005202082
2-2-5,none,mixture,0.8,500,800142,0.006778975002816878,slack_plugin,none,1.2565026010404161
2-2-5,none,mixture,0.8,500,800142,0.006778975002816878,gm_battery,none,0.0
2-2-5,none,mixture,0.8,500,800142,0.006778975002816878,gtest,none,172.99858364346562
2-2-5,none,mixture,0.8,500,800143,0.005354035005439073,kl_plugin,none,0.4074430713495203
2-2-5,none,mixture,0.8,500,800143,0.005354035005439073,kl_split,none,2.583998117912906
2-2-5,none,mixture,0.8,500,800143,0.005354035005439073,kl_crossfit,none,1.5921812911140882
2-2-5,none,mixture,0.8,500,800143,0.005354035005439073,cf1_margin,none,0.6073061558454059
2-2-5,none,mixture,0.8,500,800143,0.005354035005439073,slack_plugin,none,1.214612311690812
2-2-5,none,mixture,0.8,500,800143,0.005354035005439073,gm_battery,none,0.0
2-2-5,none,mixture,0.8,500,800143,0.005354035005439073,gtest,none,172.36510495399278
2-2-5,none,mixture,0.8,500,800144,0.007583184997201897,kl_plugin,none,0.491809458354945
2-2-5,none,mixture,0.8,500,800144,0.007583184997201897,kl_split,none,0.7299486283907699
2-2-5,none,mixture,0.8,500,800144,0.007583184997201897,kl_crossfit,none,1.9603339893679095
2-2-5,none,mixture,0.8,500,800144,0.007583184997201897,cf1_margin,none,0.669394041488184
2-2-5,none,mixture,0.8,500,800144,0.007583184997201897,slack_plugin,none,1.338788082976368
2-2-5,none,mixture,0.8,500,800144,0.007583184997201897,gm_battery,none,0.0
2-2-5,none,mixture,0.8,500,800144,0.007583184997201897,gtest,none,198.46733546678504
2-2-5,none,mixture,0.8,500,800145,0.006842536000476684,kl_plugin,none,0.48938622535161935
2-2-5,none,mixture,0.8,500,800145,0.006842536000476684,kl_split,none,1.6020351669371233
2-2-5,none,mixture,0.8,500,800145,0.006842536000476684,kl_crossfit,none,1.4029184273226152
2-2-5,none,mixture,0.8,500,800145,0.006842536000476684,cf1_margin,none,0.6637363693135419
2-2-5,none,mixture,0.8,500,800145,0.006842536000476684,slack_plugin,none,1.3274727386270837
2-2-5,none,mixture,0.8,500,800145,0.006842536000476684,gm_battery,none,0.0
2-2-5,none,mixture,0.8,500,800145,0.006842536000476684,gtest,none,198.30533547995222
2-2-5,none,mixture,0.8,500,800146,0.005388776000472717,kl_plugin,none,0.5408739853006551
2-2-5,none,mixture,0.8,500,800146,0.005388776000472717,kl_split,none,1.5420142491925903
2-2-5,none,mixture,0.8,500,800146,0.005388776000472717,kl_crossfit,none,2.5366428739538827
2-2-5,none,mixture,0.8,500,800146,0.005388776000472717,cf1_margin,none,0.6949451536339726
2-2-5,none,mixture,0.8,500,800146,0.005388776000472717,slack_plugin,none,1.3898903072679456
2-2-5,none,mixture,0.8,500,800146,0.005388776000472717,gm_battery,none,0.0
2-2-5,none,mixture,0.8,500,800146,0.005388776000472717,gtest,none,193.4587080728388
2-2-5,none,mixture,0.8,500,800147,0.008385890992940404,kl_plugin,none,0.5265490248094731
2-2-5,none,mixture,0.8,500,800147,0.008385890992940404,kl_split,none,1.0719504653989684
2-2-5,none,mixture,0.8,500,800147,0.008385890992940404,kl_crossfit,none,1.2950626128546094
2-2-5,none,mixture,0.8,500,800147,0.008385890992940404,cf1_margin,none,0.6878990063841022
2-2-5,none,mixture,0.8,500,800147,0.008385890992940404,slack_plugin,none,1.3757980127682043
2-2-5,none,mixture,0.8,500,800147,0.008385890992940404,gm_battery,none,0.0
2-2-5,none,mixture,0.8,500,800147,0.008385890992940404,gtest,none,158.52563463424204
2-2-5,none,mixture,0.8,500,800148,0.005054756999015808,kl_plugin,none,0.5608099258411557
2-2-5,none,mixture,0.8,500,800148,0.005054756999015808,kl_split,none,1.202147397189672
2-2-5,none,mixture,0.8,500,800148,0.005054756999015808,kl_crossfit,none,4.634842298010514
2-2-5,none,mixture,0.8,500,800148,0.005054756999015808,cf1_margin,none,0.7084433773509404
2-2-5,none,mixture,0.8,500,800148,0.005054756999015808,slack_plugin,none,1.4168867547018809
2-2-5,none,mixture,0.8,500,800148,0.005054756999015808,gm_battery,none,0.0
2-2-5,none,mixture,0.8,500,800148,0.005054756999015808,gtest,none,205.47896814878092
2-2-5,none,mixture,0.8,500,800149,0.006676034994598012,kl_plugin,none,0.48405828893239594
2-2-5,none,mixture,0.8,500,800149,0.006676034994598012,kl_split,none,1.2663278280767432
2-2-5,none,mixture,0.8,500,800149,0.006676034994598012,kl_crossfit,none,1.3922570383548782
2-2-5,none,mixture,0.8,500,800149,0.006676034994598012,cf1_margin,none,0.6587244399609294
2-2-5,none,mixture,0.8,500,800149,0.006676034994598012,slack_plugin,none,1.3174488799218587
2-2-5,none,mixture,0.8,500,800149,0.006676034994598012,gm_battery,none,0.0
2-2-5,none,mixture,0.8,500,800149,0.006676034994598012,gtest,none,197.0259599935623
2-2-5,none,mixture,0.8,500,800150,0.005681129994627554,kl_plugin,none,0.5594029690603685
2-2-5,none,mixture,0.8,500,800150,0.005681129994627554,kl_split,none,1.4433963556354406
2-2-5,none,mixture,0.8,500,800150,0.005681129994627554,kl_crossfit,none,1.4133736973547015
2-2-5,none,mixture,0.8,500,800150,0.005681129994627554,cf1_margin,none,0.7044838807932157
2-2-5,none,mixture,0.8,500,800150,0.005681129994627554,slack_plugin,none,1.4089677615864318
2-2-5,none,mixture,0.8,500,800150,0.005681129994627554,gm_battery,none,0.0
2-2-5,none,mixture,0.8,500,800150,0.005681129994627554,gtest,none,156.9733970924444
2-2-5,none,mixture,0.8,500,800151,0.0058784540015039966,kl_plugin,none,0.4724129891032838
2-2-5,none,mixture,0.8,500,800151,0.0058784540015039966,kl_split,none,1.797503634957817
2-2-5,none,mixture,0.8,500,800151,0.0058784540015039966,kl_crossfit,none,2.0013144844478963
2-2-5,none,mixture,0.8,500,800151,0.0058784540015039966,cf1_margin,none,0.6550673019845663
2-2-5,none,mixture,0.8,500,800151,0.0058784540015039966,slack_plugin,none,1.3101346039691326
2-2-5,none,mixture,0.8,500,800151,0.0058784540015039966,gm_battery,none,0.0
2-2-5,none,mixture,0.8,500,800151,0.0058784540015039966,gtest,none,204.5726771507454
2-2-5,none,mixture,0.8,500,800152,0.006292215002758894,kl_plugin,none,0.5633044802669109
2-2-5,none,mixture,0.8,500,800152,0.006292215002758894,kl_split,none,5.029806982888521
2-2-5,none,mixture,0.8,500,800152,0.006292215002758894,kl_crossfit,none,3.373446079339532
2-2-5,none,mixture,0.8,500,800152,0.006292215002758894,cf1_margin,none,0.7114497950819672
2-2-5,none,mixture,0.8,500,800152,0.006292215002758894,slack_plugin,none,1.4228995901639345
2-2-5,none,mixture,0.8,500,800152,0.006292215002758894,gm_battery,none,0.0
2-2-5,none,mixture,0.8,500,800152,0.006292215002758894,gtest,none,182.53993117370192
2-2-5,none,mixture,0.8,500,800153,0.006985282001551241,kl_plugin,none,0.4571419102282072
2-2-5,none,mixture,0.8,500,800153,0.006985282001551241,kl_split,none,0.6043425558644722
2-2-5,none,mixture,0.8,500,800153,0.006985282001551241,kl_crossfit,none,0.9874952948040165
2-2-5,none,mixture,0.8,500,800153,0.006985282001551241,cf1_margin,none,0.642487710364926
2-2-5,none,mixture,0.8,500,800153,0.006985282001551241,slack_plugin,none,1.284975420729852
2-2-5,none,mixture,0.8,500,800153,0.006985282001551241,gm_battery,none,0.0
2-2-5,none,mixture,0.8,500,800153,0.006985282001551241,gtest,none,182.4673463938341
2-2-5,none,mixture,0.8,500,800154,0.005555834002734628,kl_plugin,none,0.45536381916159563
2-2-5,none,mixture,0.8,500,800154,0.005555834002734628,kl_split,none,0.732298884079752
2-2-5,none,mixture,0.8,500,800154,0.005555834002734628,kl_crossfit,none,4.559875731784762
2-2-5,none,mixture,0.8,500,800154,0.005555834002734628,cf1_margin,none,0.6436126802259525
2-2-5,none,mixture,0.8,500,800154,0.005555834002734628,slack_plugin,none,1.287225360451905
2-2-5,none,mixture,0.8,500,800154,0.005555834002734628,gm_battery,none,0.0
2-2-5,none,mixture,0.8,500,800154,0.005555834002734628,gtest,none,213.7211735432782
2-2-5,none,mixture,0.8,500,800155,0.005193081000470556,kl_plugin,none,0.4724940970324011
2-2-5,none,mixture,0.8,500,800155,0.005193081000470556,kl_split,none,3.2724137979912773
2-2-5,none,mixture,0.8,500,800155,0.005193081000470556,kl_crossfit,none,2.1388369992894214
2-2-5,none,mixture,0.8,500,800155,0.005193081000470556,cf1_margin,none,0.6519809673336645
2-2-5,none,mixture,0.8,500,800155,0.005193081000470556,slack_plugin,none,1.303961934667329
2-2-5,none,mixture,0.8,500,800155,0.005193081000470556,gm_battery,none,0.0
2-2-5,none,mixture,0.8,500,800155,0.005193081000470556,gtest,none,225.64509651317044
2-2-5,none,mixture,0.8,500,800156,0.009701290997327305,kl_plugin,none,0.5170473538965416
2-2-5,none,mixture,0.8,500,800156,0.009701290997327305,kl_split,none,7.623269008664967
2-2-5,none,mixture,0.8,500,800156,0.009701290997327305,kl_crossfit,none,5.186591035379656
2-2-5,none,mixture,0.8,500,800156,0.009701290997327305,cf1_margin,none,0.6838837685611879
2-2-5,none,mixture,0.8,500,800156,0.009701290997327305,slack_plugin,none,1.3677675371223756
2-2-5,none,mixture,0.8,500,800156,0.009701290997327305,gm_battery,none,0.0
2-2-5,none,mixture,0.8,500,800156,0.009701290997327305,gtest,none,180.39859485780192
2-2-5,none,mixture,0.8,500,800157,0.005077235997305252,kl_plugin,none,0.4485581504034555
2-2-5,none,mixture,0.8,500,800157,0.005077235997305252,kl_split,none,3.8393970261955555
2-2-5,none,mixture,0.8,500,800157,0.005077235997305252,kl_crossfit,none,2.351275133267026
2-2-5,none,mixture,0.8,500,800157,0.005077235997305252,cf1_margin,none,0.6385754301720689
2-2-5,none,mixture,0.8,500,800157,0.005077235997305252,slack_plugin,none,1.2771508603441377
2-2-5,none,mixture,0.8,500,800157,0.005077235997305252,gm_battery,none,0.0
2-2-5,none,mixture,0.8,500,800157,0.005077235997305252,gtest,none,189.90024956233216
2-2-5,none,mixture,0.8,500,800158,0.005681467002432328,kl_plugin,none,0.44029025706568015
2-2-5,none,mixture,0.8,500,800158,0.005681467002432328,kl_split,none,0.6143789174720399
2-2-5,none,mixture,0.8,500,800158,0.005681467002432328,kl_crossfit,none,1.4297616987804784
2-2-5,none,mixture,0.8,500,800158,0.005681467002432328,cf1_margin,none,0.6276103758941287
2-2-5,none,mixture,0.8,500,800158,0.005681467002432328,slack_plugin,none,1.2552207517882574
2-2-5,none,mixture,0.8,500,800158,0.005681467002432328,gm_battery,none,0.0
2-2-5,none,mixture,0.8,500,800158,0.005681467002432328,gtest,none,150.12836570768604
2-2-5,none,mixture,0.8,500,800159,0.006525680000777356,kl_plugin,none,0.48543074815627785
2-2-5,none,mixture,0.8,500,800159,0.006525680000777356,kl_split,none,1.3614557785695558
2-2-5,none,mixture,0.8,500,800159,0.006525680000777356,kl_crossfit,none,1.2485719453398356
2-2-5,none,mixture,0.8,500,800159,0.006525680000777356,cf1_margin,none,0.6645276919876463
2-2-5,none,mixture,0.8,500,800159,0.006525680000777356,slack_plugin,none,1.3290553839752923
2-2-5,none,mixture,0.8,500,800159,0.006525680000777356,gm_battery,none,0.0
2-2-5,none,mixture,0.8,500,800159,0.006525680000777356,gtest,none,153.62731640390683
2-2-5,none,mixture,0.8,500,800160,0.007933860004413873,kl_plugin,none,0.41903598171198625
2-2-5,none,mixture,0.8,500,800160,0.007933860004413873,kl_split,none,1.547002360331435
2-2-5,none,mixture,0.8,500,800160,0.007933860004413873,kl_crossfit,none,1.922398213294236
2-2-5,none,mixture,0.8,500,800160,0.007933860004413873,cf1_margin,none,0.6206454918032787
2-2-5,none,mixture,0.8,500,800160,0.007933860004413873,slack_plugin,none,1.2412909836065573
2-2-5,none,mixture,0.8,500,800160,0.007933860004413873,gm_battery,none,0.0
2-2-5,none,mixture,0.8,500,800160,0.007933860004413873,gtest,none,186.67307299425738
2-2-5,none,mixture,0.8,500,800161,0.006633887001953553,kl_plugin,none,0.5496808429311024
2-2-5,none,mixture,0.8,500,800161,0.006633887001953553,kl_split,none,0.9131000562287029
2-2-5,none,mixture,0.8,500,800161,0.006633887001953553,kl_crossfit,none,1.4492573688199097
2-2-5,none,mixture,0.8,500,800161,0.006633887001953553,cf1_margin,none,0.7003968253968254
2-2-5,none,mixture,0.8,500,800161,0.006633887001953553,slack_plugin,none,1.4007936507936511
2-2-5,none,mixture,0.8,500,800161,0.006633887001953553,gm_battery,none,0.0
2-2-5,none,mixture,0.8,500,800161,0.006633887001953553,gtest,none,199.68234964519604
2-2-5,none,mixture,0.8,500,800162,0.006960032995266374,kl_plugin,none,0.41442616772310137
2-2-5,none,mixture,0.8,500,800162,0.006960032995266374,kl_split,none,2.830352209634309
2-2-5,none,mixture,0.8,500,800162,0.006960032995266374,kl_crossfit,none,2.979379528972561
2-2-5,none,mixture,0.8,500,800162,0.006960032995266374,cf1_margin,none,0.6165896250642013
2-2-5,none,mixture,0.8,500,800162,0.006960032995266374,slack_plugin,none,1.2331792501284027
2-2-5,none,mixture,0.8,500,800162,0.006960032995266374,gm_battery,none,0.0
2-2-5,none,mixture,0.8,500,800162,0.006960032995266374,gtest,none,211.18511217255545
2-2-5,none,mixture,0.8,500,800163,0.005139353001140989,kl_plugin,none,0.48083595892364595
2-2-5,none,mixture,0.8,500,800163,0.005139353001140989,kl_split,none,1.3913245456735577
2-2-5,none,mixture,0.8,500,800163,0.005139353001140989,kl_crossfit,none,1.7294989557460951
2-2-5,none,mixture,0.8,500,800163,0.005139353001140989,cf1_margin,none,0.6600539291217258
2-2-5,none,mixture,0.8,500,800163,0.005139353001140989,slack_plugin,none,1.3201078582434516
2-2-5,none,mixture,0.8,500,800163,0.005139353001140989,gm_battery,none,0.0
2-2-5,none,mixture,0.8,500,800163,0.005139353001140989,gtest,none,207.61799077545146
2-2-5,none,mixture,0.8,500,800164,0.004808605997823179,kl_plugin,none,0.39729658772626386
2-2-5,none,mixture,0.8,500,800164,0.004808605997823179,kl_split,none,1.307184261800881
2-2-5,none,mixture,0.8,500,800164,0.004808605997823179,kl_crossfit,none,2.496458888512339
2-2-5,none,mixture,0.8,500,800164,0.004808605997823179,cf1_margin,none,0.5994611585092051
2-2-5,none,mixture,0.8,500,800164,0.004808605997823179,slack_plugin,none,1.1989223170184102
2-2-5,none,mixture,0.8,500,800164,0.004808605997823179,gm_battery,none,0.0
2-2-5,none,mixture,0.8,500,800164,0.004808605997823179,gtest,none,214.5678047704418
2-2-5,none,mixture,0.8,500,800165,0.005148317999555729,kl_plugin,none,0.4508034377606084
2-2-5,none,mixture,0.8,500,800165,0.005148317999555729,kl_split,none,0.9334293057245443
2-2-5,none,mixture,0.8,500,800165,0.005148317999555729,kl_crossfit,none,1.5738826464879097
2-2-5,none,mixture,0.8,500,800165,0.005148317999555729,cf1_margin,none,0.6316640786749483
2-2-5,none,mixture,0.8,500,800165,0.005148317999555729,slack_plugin,none,1.2633281573498967
2-2-5,none,mixture,0.8,500,800165,0.005148317999555729,gm_battery,none,0.0
2-2-5,none,mixture,0.8,500,800165,0.005148317999555729,gtest,none,171.00124669820678
2-2-5,none,mixture,0.8,500,800166,0.007385579003312159,kl_plugin,none,0.5784179240095966
2-2-5,none,mixture,0.8,500,800166,0.007385579003312159,kl_split,none,1.008490687877161
2-2-5,none,mixture,0.8,500,800166,0.007385579003312159,kl_crossfit,none,1.6760759718195142
2-2-5,none,mixture,0.8,500,800166,0.007385579003312159,cf1_margin,none,0.7144074199096624
2-2-5,none,mixture,0.8,500,800166,0.007385579003312159,slack_plugin,none,1.4288148398193248
2-2-5,none,mixture,0.8,500,800166,0.007385579003312159,gm_battery,none,0.0
2-2-5,none,mixture,0.8,500,800166,0.007385579003312159,gtest,none,184.734299544717
2-2-5,none,mixture,0.8,500,800167,0.01148278499749722,kl_plugin,none,0.502345844653138
2-2-5,none,mixture,0.8,500,800167,0.01148278499749722,kl_split,none,3.807280926416808
2-2-5,none,mixture,0.8,500,800167,0.01148278499749722,kl_crossfit,none,3.075011601207649
2-2-5,none,mixture,0.8,500,800167,0.01148278499749722,cf1_margin,none,0.670001122172526
2-2-5,none,mixture,0.8,500,800167,0.01148278499749722,slack_plugin,none,1.3400022443450519
2-2-5,none,mixture,0.8,500,800167,0.01148278499749722,gm_battery,none,0.0
2-2-5,none,mixture,0.8,500,800167,0.01148278499749722,gtest,none,196.2989883383698
2-2-5,none,mixture,0.8,500,800168,0.005782204003480729,kl_plugin,none,0.5141869419249591
2-2-5,none,mixture,0.8,500,800168,0.005782204003480729,kl_split,none,0.9084346013720171
2-2-5,none,mixture,0.8,500,800168,0.005782204003480729,kl_crossfit,none,1.5920722394896012
2-2-5,none,mixture,0.8,500,800168,0.005782204003480729,cf1_margin,none,0.6759503801520609
2-2-5,none,mixture,0.8,500,800168,0.005782204003480729,slack_plugin,none,1.3519007603041215
2-2-5,none,mixture,0.8,500,800168,0.005782204003480729,gm_battery,none,0.0
2-2-5,none,mixture,0.8,500,800168,0.005782204003480729,gtest,none,171.38509437506727
2-2-5,none,mixture,0.8,500,800169,0.006882902001962066,kl_plugin,none,0.5567955327494339
2-2-5,none,mixture,0.8,500,800169,0.006882902001962066,kl_split,none,2.41754985601707
2-2-5,none,mixture,0.8,500,800169,0.006882902001962066,kl_crossfit,none,2.344332480491153
2-2-5,none,mixture,0.8,500,800169,0.006882902001962066,cf1_margin,none,0.7006465482665127
2-2-5,none,mixture,0.8,500,800169,0.006882902001962066,slack_plugin,none,1.4012930965330255
2-2-5,none,mixture,0.8,500,800169,0.006882902001962066,gm_battery,none,0.0
2-2-5,none,mixture,0.8,500,800169,0.006882902001962066,gtest,none,162.90794108472454
2-2-5,none,mixture,0.8,500,800170,0.00670598400029121,kl_plugin,none,0.4974686763281046
2-2-5,none,mixture,0.8,500,800170,0.00670598400029121,kl_split,none,1.4941875751466518
2-2-5,none,mixture,0.8,500,800170,0.00670598400029121,kl_crossfit,none,1.149695869308327
2-2-5,none,mixture,0.8,500,800170,0.00670598400029121,cf1_margin,none,0.6725090036014406
2-2-5,none,mixture,0.8,500,800170,0.00670598400029121,slack_plugin,none,1.345018007202881
2-2-5,none,mixture,0.8,500,800170,0.00670598400029121,gm_battery,none,0.0
2-2-5,none,mixture,0.8,500,800170,0.00670598400029121,gtest,none,224.58066822563308
2-2-5,none,mixture,0.8,500,800171,0.006433499002014287,kl_plugin,none,0.45449017170151806
2-2-5,none,mixture,0.8,500,800171,0.006433499002014287,kl_split,none,2.77781271919239
2-2-5,none,mixture,0.8,500,800171,0.006433499002014287,kl_crossfit,none,4.671650903228185
2-2-5,none,mixture,0.8,500,800171,0.006433499002014287,cf1_margin,none,0.6443807908338801
2-2-5,none,mixture,0.8,500,800171,0.006433499002014287,slack_plugin,none,1.2887615816677602
2-2-5,none,mixture,0.8,500,800171,0.006433499002014287,gm_battery,none,0.0
2-2-5,none,mixture,0.8,500,800171,0.006433499002014287,gtest,none,215.9324864027153
2-2-5,none,mixture,0.8,500,800172,0.0063477259973296896,kl_plugin,none,0.41170455095048436
2-2-5,none,mixture,0.8,500,800172,0.0063477259973296896,kl_split,none,9.239041145912909
2-2-5,none,mixture,0.8,500,800172,0.0063477259973296896,kl_crossfit,none,5.040370116445592
2-2-5,none,mixture,0.8,500,800172,0.0063477259973296896,cf1_margin,none,0.6132034527655882
2-2-5,none,mixture,0.8,500,800172,0.0063477259973296896,slack_plugin,none,1.2264069055311762
2-2-5,none,mixture,0.8,500,800172,0.0063477259973296896,gm_battery,none,0.0
2-2-5,none,mixture,0.8,500,800172,0.0063477259973296896,gtest,none,219.27614094219462
2-2-5,none,mixture,0.8,500,800173,0.005810333001136314,kl_plugin,none,0.4239554767299812
2-2-5,none,mixture,0.8,500,800173,0.005810333001136314,kl_split,none,0.49901066949134454
2-2-5,none,mixture,0.8,500,800173,0.005810333001136314,kl_crossfit,none,0.7523360022564274
2-2-5,none,mixture,0.8,500,800173,0.005810333001136314,cf1_margin,none,0.6239999999999999
2-2-5,none,mixture,0.8,500,800173,0.005810333001136314,slack_plugin,none,1.248
2-2-5,none,mixture,0.8,500,800173,0.005810333001136314,gm_battery,none,0.0
2-2-5,none,mixture,0.8,500,800173,0.005810333001136314,gtest,none,210.15580777182817
2-2-5,none,mixture,0.8,500,800174,0.006472953005868476,kl_plugin,none,0.41480459411390536
2-2-5,none,mixture,0.8,500,800174,0.006472953005868476,kl_split,none,2.0063602667542266
2-2-5,none,mixture,0.8,500,800174,0.006472953005868476,kl_crossfit,none,1.8130115116282641
2-2-5,none,mixture,0.8,500,800174,0.006472953005868476,cf1_margin,none,0.608
2-2-5,none,mixture,0.8,500,800174,0.006472953005868476,slack_plugin,none,1.216
2-2-5,none,mixture,0.8,500,800174,0.006472953005868476,gm_battery,none,0.0
2-2-5,none,mixture,0.8,500,800174,0.006472953005868476,gtest,none,174.0116143872219
2-2-5,none,mixture,0.8,500,800175,0.00496050099900458,kl_plugin,none,0.4456341469229431
2-2-5,none,mixture,0.8,500,800175,0.00496050099900458,kl_split,none,1.9428066752024102
2-2-5,none,mixture,0.8,500,800175,0.00496050099900458,kl_crossfit,none,2.1097178936176646
2-2-5,none,mixture,0.8,500,800175,0.00496050099900458,cf1_margin,none,0.6360988413033737
2-2-5,none,mixture,0.8,500,800175,0.00496050099900458,slack_plugin,none,1.2721976826067474
2-2-5,none,mixture,0.8,500,800175,0.00496050099900458,gm_battery,none,0.0
2-2-5,none,mixture,0.8,500,800175,0.00496050099900458,gtest,none,175.32021585744752
2-2-5,none,mixture,0.8,500,800176,0.006574002996785566,kl_plugin,none,0.5980338464882534
2-2-5,none,mixture,0.8,500,800176,0.006574002996785566,kl_split,none,0.8535255977606032
2-2-5,none,mixture,0.8,500,800176,0.006574002996785566,kl_crossfit,none,1.825657938072797
2-2-5,none,mixture,0.8,500,800176,0.006574002996785566,cf1_margin,none,0.7273382331748091
2-2-5,none,mixture,0.8,500,800176,0.006574002996785566,slack_plugin,none,1.4546764663496181
2-2-5,none,mixture,0.8,500,800176,0.006574002996785566,gm_battery,none,0.0
2-2-5,none,mixture,0.8,500,800176,0.006574002996785566,gtest,none,182.45871565308653
2-2-5,none,mixture,0.8,500,800177,0.006907577997480985,kl_plugin,none,0.551433533269503
2-2-5,none,mixture,0.8,500,800177,0.006907577997480985,kl_split,none,1.5322986024630598
2-2-5,none,mixture,0.8,500,800177,0.006907577997480985,kl_crossfit,none,1.8774889596449402
2-2-5,none,mixture,0.8,500,800177,0.006907577997480985,cf1_margin,none,0.6999871967223609
2-2-5,none,mixture,0.8,500,800177,0.006907577997480985,slack_plugin,none,1.399974393444722
2-2-5,none,mixture,0.8,500,800177,0.006907577997480985,gm_battery,none,0.0
2-2-5,none,mixture,0.8,500,800177,0.006907577997480985,gtest,none,187.55154940775645
2-2-5,none,mixture,0.8,500,800178,0.0059966580010950565,kl_plugin,none,0.4585472120686493
2-2-5,none,mixture,0.8,500,800178,0.0059966580010950565,kl_split,none,0.7549079499016556
2-2-5,none,mixture,0.8,500,800178,0.0059966580010950565,kl_crossfit,none,2.1307562569149607
2-2-5,none,mixture,0.8,500,800178,0.0059966580010950565,cf1_margin,none,0.6440927493559072
2-2-5,none,mixture,0.8,500,800178,0.0059966580010950565,slack_plugin,none,1.2881854987118144
2-2-5,none,mixture,0.8,500,800178,0.0059966580010950565,gm_battery,none,0.0
2-2-5,none,mixture,0.8,500,800178,0.0059966580010950565,gtest,none,207.72140475279951
2-2-5,none,mixture,0.8,500,800179,0.005561019999731798,kl_plugin,none,0.5846014383455241
2-2-5,none,mixture,0.8,500,800179,0.005561019999731798,kl_split,none,1.5016011345704616
2-2-5,none,mixture,0.8,500,800179,0.005561019999731798,kl_crossfit,none,1.5546016819999209
2-2-5,none,mixture,0.8,500,800179,0.005561019999731798,cf1_margin,none,0.7181736392262709
2-2-5,none,mixture,0.8,500,800179,0.005561019999731798,slack_plugin,none,1.436347278452542
2-2-5,none,mixture,0.8,500,800179,0.005561019999731798,gm_battery,none,0.0
2-2-5,none,mixture,0.8,500,800179,0.005561019999731798,gtest,none,156.21647803968665
2-2-5,none,mixture,0.8,500,800180,0.009359277006296907,kl_plugin,none,0.49035591084603886
2-2-5,none,mixture,0.8,500,800180,0.009359277006296907,kl_split,none,0.6229820462991138
2-2-5,none,mixture,0.8,500,800180,0.009359277006296907,kl_crossfit,none,2.8020067542007787
2-2-5,none,mixture,0.8,500,800180,0.009359277006296907,cf1_margin,none,0.6610000161136982
2-2-5,none,mixture,0.8,500,800180,0.009359277006296907,slack_plugin,none,1.3220000322273964
2-2-5,none,mixture,0.8,500,800180,0.009359277006296907,gm_battery,none,0.0
2-2-5,none,mixture,0.8,500,800180,0.009359277006296907,gtest,none,180.27279310350858
2-2-5,none,mixture,0.8,500,800181,0.0069761819977429695,kl_plugin,none,0.48362695992035337
2-2-5,none,mixture,0.8,500,800181,0.0069761819977429695,kl_split,none,2.929031296230124
2-2-5,none,mixture,0.8,500,800181,0.0069761819977429695,kl_crossfit,none,2.4052224940076687
2-2-5,none,mixture,0.8,500,800181,0.0069761819977429695,cf1_margin,none,0.6603302611367128
2-2-5,none,mixture,0.8,500,800181,0.0069761819977429695,slack_plugin,none,1.3206605222734256
2-2-5,none,mixture,0.8,500,800181,0.0069761819977429695,gm_battery,none,0.0
2-2-5,none,mixture,0.8,500,800181,0.0069761819977429695,gtest,none,221.46480205989928
2-2-5,none,mixture,0.8,500,800182,0.00680324700078927,kl_plugin,none,0.5330528228650898
2-2-5,none,mixture,0.8,500,800182,0.00680324700078927,kl_split,none,1.0367546739323599
2-2-5,none,mixture,0.8,500,800182,0.00680324700078927,kl_crossfit,none,4.399233395730538
2-2-5,none,mixture,0.8,500,800182,0.00680324700078927,cf1_margin,none,0.6883573181883815
2-2-5,none,mixture,0.8,500,800182,0.00680324700078927,slack_plugin,none,1.3767146363767626
2-2-5,none,mixture,0.8,500,800182,0.00680324700078927,gm_battery,none,0.0
2-2-5,none,mixture,0.8,500,800182,0.00680324700078927,gtest,none,168.67923986969902
2-2-5,none,mixture,0.8,500,800183,0.006296765997831244,kl_plugin,none,0.5280999892085044
2-2-5,none,mixture,0.8,500,800183,0.006296765997831244,kl_split,none,1.593597910658547
2-2-5,none,mixture,0.8,500,800183,0.006296765997831244,kl_crossfit,none,1.7899932119742847
2-2-5,none,mixture,0.8,500,800183,0.006296765997831244,cf1_margin,none,0.685024154589372
2-2-5,none,mixture,0.8,500,800183,0.006296765997831244,slack_plugin,none,1.370048309178744
2-2-5,none,mixture,0.8,500,800183,0.006296765997831244,gm_battery,none,0.0
2-2-5,none,mixture,0.8,500,800183,0.006296765997831244,gtest,none,175.12225096742225
2-2-5,none,mixture,0.8,500,800184,0.005102233997604344,kl_plugin,none,0.5085907228997963
2-2-5,none,mixture,0.8,500,800184,0.005102233997604344,kl_split,none,1.3746893181938347
2-2-5,none,mixture,0.8,500,800184,0.005102233997604344,kl_crossfit,none,1.219945088334585
2-2-5,none,mixture,0.8,500,800184,0.005102233997604344,cf1_margin,none,0.6714952362434377
2-2-5,none,mixture,0.8,500,800184,0.005102233997604344,slack_plugin,none,1.3429904724868755
2-2-5,none,mixture,0.8,500,800184,0.005102233997604344,gm_battery,none,0.0
2-2-5,none,mixture,0.8,500,800184,0.005102233997604344,gtest,none,192.8647643490707
2-2-5,none,mixture,0.8,500,800185,0.005198136001126841,kl_plugin,none,0.5332702998045189
2-2-5,none,mixture,0.8,500,800185,0.005198136001126841,kl_split,none,0.7887246784650441
2-2-5,none,mixture,0.8,500,800185,0.005198136001126841,kl_crossfit,none,0.7339455701256026
2-2-5,none,mixture,0.8,500,800185,0.005198136001126841,cf1_margin,none,0.6919150706411303
2-2-5,none,mixture,0.8,500,800185,0.005198136001126841,slack_plugin,none,1.3838301412822607
2-2-5,none,mixture,0.8,500,800185,0.005198136001126841,gm_battery,none,0.0
2-2-5,none,mixture,0.8,500,800185,0.005198136001126841,gtest,none,186.24292908477722
2-2-5,none,mixture,0.8,500,800186,0.014344438000989612,kl_plugin,none,0.41543120524480565
2-2-5,none,mixture,0.8,500,800186,0.014344438000989612,kl_split,none,0.7642479065136981
2-2-5,none,mixture,0.8,500,800186,0.014344438000989612,kl_crossfit,none,3.6618382287836275
2-2-5,none,mixture,0.8,500,800186,0.014344438000989612,cf1_margin,none,0.6128017462763226
2-2-5,none,mixture,0.8,500,800186,0.014344438000989612,slack_plugin,none,1.2256034925526453
2-2-5,none,mixture,0.8,500,800186,0.014344438000989612,gm_battery,none,0.0
2-2-5,none,mixture,0.8,500,800186,0.014344438000989612,gtest,none,195.26319441914723
2-2-5,none,mixture,0.8,500,800187,0.007162469002651051,kl_plugin,none,0.4743368165877961
2-2-5,none,mixture,0.8,500,800187,0.007162469002651051,kl_split,none,1.0691830362202464
2-2-5,none,mixture,0.8,500,800187,0.007162469002651051,kl_crossfit,none,0.9990206306646575
2-2-5,none,mixture,0.8,500,800187,0.007162469002651051,cf1_margin,none,0.6551530783895929
2-2-5,none,mixture,0.8,500,800187,0.007162469002651051,slack_plugin,none,1.3103061567791858
2-2-5,none,mixture,0.8,500,800187,0.007162469002651051,gm_battery,none,0.0
2-2-5,none,mixture,0.8,500,800187,0.007162469002651051,gtest,none,224.34393021424629
2-2-5,none,mixture,0.8,500,800188,0.006790961997467093,kl_plugin,none,0.4810552354354997
2-2-5,none,mixture,0.8,500,800188,0.006790961997467093,kl_split,none,2.6984052851226696
2-2-5,none,mixture,0.8,500,800188,0.006790961997467093,kl_crossfit,none,1.8399403029994406
2-2-5,none,mixture,0.8,500,800188,0.006790961997467093,cf1_margin,none,0.6602870813397129
2-2-5,none,mixture,0.8,500,800188,0.006790961997467093,slack_plugin,none,1.3205741626794258
2-2-5,none,mixture,0.8,500,800188,0.006790961997467093,gm_battery,none,0.0
2-2-5,none,mixture,0.8,500,800188,0.006790961997467093,gtest,none,210.6753202593783
2-2-5,none,mixture,0.8,500,800189,0.00530027399508981,kl_plugin,none,0.5054306984926379
2-2-5,none,mixture,0.8,500,800189,0.00530027399508981,kl_split,none,0.7964078097421912
2-2-5,none,mixture,0.8,500,800189,0.00530027399508981,kl_crossfit,none,3.919542098821996
2-2-5,none,mixture,0.8,500,800189,0.00530027399508981,cf1_margin,none,0.6709681561376477
2-2-5,none,mixture,0.8,500,800189,0.00530027399508981,slack_plugin,none,1.3419363122752954
2-2-5,none,mixture,0.8,500,800189,0.00530027399508981,gm_battery,none,0.0
2-2-5,none,mixture,0.8,500,800189,0.00530027399508981,gtest,none,125.75447938113015
2-2-5,none,mixture,0.8,500,800190,0.0060719329994753934,kl_plugin,none,0.48864718078036457
2-2-5,none,mixture,0.8,500,800190,0.0060719329994753934,kl_split,none,2.0831704620815468
2-2-5,none,mixture,0.8,500,800190,0.0060719329994753934,kl_crossfit,none,2.1413506863355716
2-2-5,none,mixture,0.8,500,800190,0.0060719329994753934,cf1_margin,none,0.6559139784946236
2-2-5,none,mixture,0.8,500,800190,0.0060719329994753934,slack_plugin,none,1.3118279569892475
2-2-5,none,mixture,0.8,500,800190,0.0060719329994753934,gm_battery,none,0.0
2-2-5,none,mixture,0.8,500,800190,0.0060719329994753934,gtest,none,105.56832038274237
2-2-5,none,mixture,0.8,500,800191,0.006994676004978828,kl_plugin,none,0.5178627389080059
2-2-5,none,mixture,0.8,500,800191,0.006994676004978828,kl_split,none,2.046587706614013
2-2-5,none,mixture,0.8,500,800191,0.006994676004978828,kl_crossfit,none,2.8471007879671917
2-2-5,none,mixture,0.8,500,800191,0.006994676004978828,cf1_margin,none,0.6819552248380267
2-2-5,none,mixture,0.8,500,800191,0.006994676004978828,slack_plugin,none,1.3639104496760537
2-2-5,none,mixture,0.8,500,800191,0.006994676004978828,gm_battery,none,0.0
2-2-5,none,mixture,0.8,500,800191,0.006994676004978828,gtest,none,215.46566241622773
2-2-5,none,mixture,0.8,500,800192,0.005699909997929353,kl_plugin,none,0.5194796922284687
2-2-5,none,mixture,0.8,500,800192,0.005699909997929353,kl_split,none,0.7884883776295206
2-2-5,none,mixture,0.8,500,800192,0.005699909997929353,kl_crossfit,none,4.880741539529465
2-2-5,none,mixture,0.8,500,800192,0.005699909997929353,cf1_margin,none,0.6792818165815877
2-2-5,none,mixture,0.8,500,800192,0.005699909997929353,slack_plugin,none,1.3585636331631754
2-2-5,none,mixture,0.8,500,800192,0.005699909997929353,gm_battery,none,0.0
2-2-5,none,mixture,0.8,500,800192,0.005699909997929353,gtest,none,171.20642892287515
2-2-5,none,mixture,0.8,500,800193,0.006836163003754336,kl_plugin,none,0.5513575993055571
2-2-5,none,mixture,0.8,500,800193,0.006836163003754336,kl_split,none,1.0196448531892992
2-2-5,none,mixture,0.8,500,800193,0.006836163003754336,kl_crossfit,none,1.940631516671661
2-2-5,none,mixture,0.8,500,800193,0.006836163003754336,cf1_margin,none,0.7002352037632602
2-2-5,none,mixture,0.8,500,800193,0.006836163003754336,slack_plugin,none,1.4004704075265204
2-2-5,none,mixture,0.8,500,800193,0.006836163003754336,gm_battery,none,0.0
2-2-5,none,mixture,0.8,500,800193,0.006836163003754336,gtest,none,172.09089965400057
2-2-5,none,mixture,0.8,500,800194,0.0059469789994182065,kl_plugin,none,0.46478076146081604
2-2-5,none,mixture,0.8,500,800194,0.0059469789994182065,kl_split,none,0.7602708351312575
2-2-5,none,mixture,0.8,500,800194,0.0059469789994182065,kl_crossfit,none,1.0725886473261266
2-2-5,none,mixture,0.8,500,800194,0.0059469789994182065,cf1_margin,none,0.6419373438400922
2-2-5,none,mixture,0.8,500,800194,0.0059469789994182065,slack_plugin,none,1.2838746876801848
2-2-5,none,mixture,0.8,500,800194,0.0059469789994182065,gm_battery,none,0.0
2-2-5,none,mixture,0.8,500,800194,0.0059469789994182065,gtest,none,133.34990540787402
2-2-5,none,mixture,0.8,500,800195,0.005793645999801811,kl_plugin,none,0.42572755351958147
2-2-5,none,mixture,0.8,500,800195,0.005793645999801811,kl_split,none,0.8086938090457539
2-2-5,none,mixture,0.8,500,800195,0.005793645999801811,kl_crossfit,none,0.7421115444005726
2-2-5,none,mixture,0.8,500,800195,0.005793645999801811,cf1_margin,none,0.6200716845878136
2-2-5,none,mixture,0.8,500,800195,0.005793645999801811,slack_plugin,none,1.2401433691756272
2-2-5,none,mixture,0.8,500,800195,0.005793645999801811,gm_battery,none,0.0
2-2-5,none,mixture,0.8,500,800195,0.005793645999801811,gtest,none,172.00791355724309
2-2-5,none,mixture,0.8,500,800196,0.004935434000799432,kl_plugin,none,0.4668071068631816
2-2-5,none,mixture,0.8,500,800196,0.004935434000799432,kl_split,none,1.5211728950934045
2-2-5,none,mixture,0.8,500,800196,0.004935434000799432,kl_crossfit,none,1.5410871261721992
2-2-5,none,mixture,0.8,500,800196,0.004935434000799432,cf1_margin,none,0.648499399759904
2-2-5,none,mixture,0.8,500,800196,0.004935434000799432,slack_plugin,none,1.296998799519808
2-2-5,none,mixture,0.8,500,800196,0.004935434000799432,gm_battery,none,0.0
2-2-5,none,mixture,0.8,500,800196,0.004935434000799432,gtest,none,178.94237781685462
2-2-5,none,mixture,0.8,500,800197,0.005474424004205503,kl_plugin,none,0.44208337210517007
2-2-5,none,mixture,0.8,500,800197,0.005474424004205503,kl_split,none,3.9588843931870383
2-2-5,none,mixture,0.8,500,800197,0.005474424004205503,kl_crossfit,none,2.666767163741316
2-2-5,none,mixture,0.8,500,800197,0.005474424004205503,cf1_margin,none,0.63622189001945
2-2-5,none,mixture,0.8,500,800197,0.005474424004205503,slack_plugin,none,1.2724437800388995
2-2-5,none,mixture,0.8,500,800197,0.005474424004205503,gm_battery,none,0.0
2-2-5,none,mixture,0.8,500,800197,0.005474424004205503,gtest,none,193.40644441656497
2-2-5,none,mixture,0.8,500,800198,0.005144472001120448,kl_plugin,none,0.47964220813491526
2-2-5,none,mixture,0.8,500,800198,0.005144472001120448,kl_split,none,8.612081797505851
2-2-5,none,mixture,0.8,500,800198,0.005144472001120448,kl_crossfit,none,5.438340460965296
2-2-5,none,mixture,0.8,500,800198,0.005144472001120448,cf1_margin,none,0.6554175204918032
2-2-5,none,mixture,0.8,500,800198,0.005144472001120448,slack_plugin,none,1.3108350409836067
2-2-5,none,mixture,0.8,500,800198,0.005144472001120448,gm_battery,none,0.0
2-2-5,none,mixture,0.8,500,800198,0.005144472001120448,gtest,none,173.36412485873754
2-2-5,none,mixture,0.8,500,800199,0.004903551998722833,kl_plugin,none,0.5530012810405671
2-2-5,none,mixture,0.8,500,800199,0.004903551998722833,kl_split,none,3.5127382751238287
2-2-5,none,mixture,0.8,500,800199,0.004903551998722833,kl_crossfit,none,2.8250481522001523
2-2-5,none,mixture,0.8,500,800199,0.004903551998722833,cf1_margin,none,0.704
2-2-5,none,mixture,0.8,500,800199,0.004903551998722833,slack_plugin,none,1.408
2-2-5,none,mixture,0.8,500,800199,0.004903551998722833,gm_battery,none,0.0
2-2-5,none,mixture,0.8,500,800199,0.004903551998722833,gtest,none,252.18240204358182
