cell,tail,family,rho,n,seed,dt_stats_s,stat,engine,stat_obs
2-2-8,t3,mixture,0.4,500,800000,0.01242335200367961,kl_plugin,none,0.07423550452647701
2-2-8,t3,mixture,0.4,500,800000,0.01242335200367961,kl_split,none,0.54119355523407
2-2-8,t3,mixture,0.4,500,800000,0.01242335200367961,kl_crossfit,none,1.9731546852657822
2-2-8,t3,mixture,0.4,500,800000,0.01242335200367961,cf1_margin,none,0.2562127994096035
2-2-8,t3,mixture,0.4,500,800000,0.01242335200367961,slack_plugin,none,0.5124255988192071
2-2-8,t3,mixture,0.4,500,800000,0.01242335200367961,gm_battery,none,0.0
2-2-8,t3,mixture,0.4,500,800000,0.01242335200367961,gtest,none,87.50882171612808
2-2-8,t3,mixture,0.4,500,800001,0.011805417001596652,kl_plugin,none,0.07128759038706624
2-2-8,t3,mixture,0.4,500,800001,0.011805417001596652,kl_split,none,24.155584311765118
2-2-8,t3,mixture,0.4,500,800001,0.011805417001596652,kl_crossfit,none,13.080303251655376
2-2-8,t3,mixture,0.4,500,800001,0.011805417001596652,cf1_margin,none,0.2535256410256411
2-2-8,t3,mixture,0.4,500,800001,0.011805417001596652,slack_plugin,none,0.507051282051282
2-2-8,t3,mixture,0.4,500,800001,0.011805417001596652,gm_battery,none,0.0
2-2-8,t3,mixture,0.4,500,800001,0.011805417001596652,gtest,none,70.66428358738415
2-2-8,t3,mixture,0.4,500,800002,0.009903396996378433,kl_plugin,none,0.10452572563560025
2-2-8,t3,mixture,0.4,500,800002,0.009903396996378433,kl_split,none,2.527421496347656
2-2-8,t3,mixture,0.4,500,800002,0.009903396996378433,kl_crossfit,none,1.39956172778222
2-2-8,t3,mixture,0.4,500,800002,0.009903396996378433,cf1_margin,none,0.2978723404255319
2-2-8,t3,mixture,0.4,500,800002,0.009903396996378433,slack_plugin,none,0.5957446808510636
2-2-8,t3,mixture,0.4,500,800002,0.009903396996378433,gm_battery,none,0.0
2-2-8,t3,mixture,0.4,500,800002,0.009903396996378433,gtest,none,80.00088514007852
2-2-8,t3,mixture,0.4,500,800003,0.011974218999966979,kl_plugin,none,0.10328726855303526
2-2-8,t3,mixture,0.4,500,800003,0.011974218999966979,kl_split,none,0.3036220573680652
2-2-8,t3,mixture,0.4,500,800003,0.011974218999966979,kl_crossfit,none,2.16816087026279
2-2-8,t3,mixture,0.4,500,800003,0.011974218999966979,cf1_margin,none,0.3096823770491802
2-2-8,t3,mixture,0.4,500,800003,0.011974218999966979,slack_plugin,none,0.6193647540983607
2-2-8,t3,mixture,0.4,500,800003,0.011974218999966979,gm_battery,none,0.0
2-2-8,t3,mixture,0.4,500,800003,0.011974218999966979,gtest,none,70.64688982328947
2-2-8,t3,mixture,0.4,500,800004,0.010070561998873018,kl_plugin,none,0.06411963114808344
2-2-8,t3,mixture,0.4,500,800004,0.010070561998873018,kl_split,none,0.35598609657861846
2-2-8,t3,mixture,0.4,500,800004,0.010070561998873018,kl_crossfit,none,1.0204814094675756
2-2-8,t3,mixture,0.4,500,800004,0.010070561998873018,cf1_margin,none,0.24026639344262302
2-2-8,t3,mixture,0.4,500,800004,0.010070561998873018,slack_plugin,none,0.4805327868852459
2-2-8,t3,mixture,0.4,500,800004,0.010070561998873018,gm_battery,none,0.0
2-2-8,t3,mixture,0.4,500,800004,0.010070561998873018,gtest,none,95.16357656276186
2-2-8,t3,mixture,0.4,500,800005,0.010046953997516539,kl_plugin,none,0.11453125783732834
2-2-8,t3,mixture,0.4,500,800005,0.010046953997516539,kl_split,none,0.23799063231635145
2-2-8,t3,mixture,0.4,500,800005,0.010046953997516539,kl_crossfit,none,0.9117319127706112
2-2-8,t3,mixture,0.4,500,800005,0.010046953997516539,cf1_margin,none,0.3222265023112483
2-2-8,t3,mixture,0.4,500,800005,0.010046953997516539,slack_plugin,none,0.6444530046224962
2-2-8,t3,mixture,0.4,500,800005,0.010046953997516539,gm_battery,none,0.0
2-2-8,t3,mixture,0.4,500,800005,0.010046953997516539,gtest,none,70.28947145067175
2-2-8,t3,mixture,0.4,500,800006,0.009557623001455795,kl_plugin,none,0.1108954979408083
2-2-8,t3,mixture,0.4,500,800006,0.009557623001455795,kl_split,none,0.2885729272232932
2-2-8,t3,mixture,0.4,500,800006,0.009557623001455795,kl_crossfit,none,1.690777432187268
2-2-8,t3,mixture,0.4,500,800006,0.009557623001455795,cf1_margin,none,0.31199999999999983
2-2-8,t3,mixture,0.4,500,800006,0.009557623001455795,slack_plugin,none,0.6239999999999997
2-2-8,t3,mixture,0.4,500,800006,0.009557623001455795,gm_battery,none,0.0
2-2-8,t3,mixture,0.4,500,800006,0.009557623001455795,gtest,none,65.0357393767043
2-2-8,t3,mixture,0.4,500,800007,0.012548981001600623,kl_plugin,none,0.09723903691238271
2-2-8,t3,mixture,0.4,500,800007,0.012548981001600623,kl_split,none,0.7922146864850966
2-2-8,t3,mixture,0.4,500,800007,0.012548981001600623,kl_crossfit,none,1.0926617025340888
2-2-8,t3,mixture,0.4,500,800007,0.012548981001600623,cf1_margin,none,0.2906926510824174
2-2-8,t3,mixture,0.4,500,800007,0.012548981001600623,slack_plugin,none,0.5813853021648344
2-2-8,t3,mixture,0.4,500,800007,0.012548981001600623,gm_battery,none,0.0
2-2-8,t3,mixture,0.4,500,800007,0.012548981001600623,gtest,none,79.98177428252386
2-2-8,t3,mixture,0.4,500,800008,0.012665476002439391,kl_plugin,none,0.10975997239912219
2-2-8,t3,mixture,0.4,500,800008,0.012665476002439391,kl_split,none,1.2686232891729372
2-2-8,t3,mixture,0.4,500,800008,0.012665476002439391,kl_crossfit,none,1.3075014126511033
2-2-8,t3,mixture,0.4,500,800008,0.012665476002439391,cf1_margin,none,0.31702165111776104
2-2-8,t3,mixture,0.4,500,800008,0.012665476002439391,slack_plugin,none,0.634043302235522
2-2-8,t3,mixture,0.4,500,800008,0.012665476002439391,gm_battery,none,0.0
2-2-8,t3,mixture,0.4,500,800008,0.012665476002439391,gtest,none,63.13855938326381
2-2-8,t3,mixture,0.4,500,800009,0.011061350000090897,kl_plugin,none,0.10057782780318847
2-2-8,t3,mixture,0.4,500,800009,0.011061350000090897,kl_split,none,1.3591094049211379
2-2-8,t3,mixture,0.4,500,800009,0.011061350000090897,kl_crossfit,none,1.015164982314376
2-2-8,t3,mixture,0.4,500,800009,0.011061350000090897,cf1_margin,none,0.2880734825814918
2-2-8,t3,mixture,0.4,500,800009,0.011061350000090897,slack_plugin,none,0.5761469651629836
2-2-8,t3,mixture,0.4,500,800009,0.011061350000090897,gm_battery,none,0.0
2-2-8,t3,mixture,0.4,500,800009,0.011061350000090897,gtest,none,44.08911539663373
2-2-8,t3,mixture,0.4,500,800010,0.009663450000516605,kl_plugin,none,0.10744161092683363
2-2-8,t3,mixture,0.4,500,800010,0.009663450000516605,kl_split,none,1.282161361982007
2-2-8,t3,mixture,0.4,500,800010,0.009663450000516605,kl_crossfit,none,2.0991686909553327
2-2-8,t3,mixture,0.4,500,800010,0.009663450000516605,cf1_margin,none,0.3087510402663082
2-2-8,t3,mixture,0.4,500,800010,0.009663450000516605,slack_plugin,none,0.6175020805326165
2-2-8,t3,mixture,0.4,500,800010,0.009663450000516605,gm_battery,none,0.0
2-2-8,t3,mixture,0.4,500,800010,0.009663450000516605,gtest,none,87.02776762102519
2-2-8,t3,mixture,0.4,500,800011,0.009496454003965482,kl_plugin,none,0.04180654141533307
2-2-8,t3,mixture,0.4,500,800011,0.009496454003965482,kl_split,none,0.18621538944305907
2-2-8,t3,mixture,0.4,500,800011,0.009496454003965482,kl_crossfit,none,1.9820938441053038
2-2-8,t3,mixture,0.4,500,800011,0.009496454003965482,cf1_margin,none,0.19099505592089472
2-2-8,t3,mixture,0.4,500,800011,0.009496454003965482,slack_plugin,none,0.38199011184178955
2-2-8,t3,mixture,0.4,500,800011,0.009496454003965482,gm_battery,none,0.0
2-2-8,t3,mixture,0.4,500,800011,0.009496454003965482,gtest,none,85.09170624618726
2-2-8,t3,mixture,0.4,500,800012,0.00917707200278528,kl_plugin,none,0.0834739750820219
2-2-8,t3,mixture,0.4,500,800012,0.00917707200278528,kl_split,none,0.26546271958501866
2-2-8,t3,mixture,0.4,500,800012,0.00917707200278528,kl_crossfit,none,1.1751994742981748
2-2-8,t3,mixture,0.4,500,800012,0.00917707200278528,cf1_margin,none,0.2708053046319432
2-2-8,t3,mixture,0.4,500,800012,0.00917707200278528,slack_plugin,none,0.541610609263886
2-2-8,t3,mixture,0.4,500,800012,0.00917707200278528,gm_battery,none,0.0
2-2-8,t3,mixture,0.4,500,800012,0.00917707200278528,gtest,none,82.34749587338841
2-2-8,t3,mixture,0.4,500,800013,0.010231047999695875,kl_plugin,none,0.08714215539009974
2-2-8,t3,mixture,0.4,500,800013,0.010231047999695875,kl_split,none,2.245299679436946
2-2-8,t3,mixture,0.4,500,800013,0.010231047999695875,kl_crossfit,none,5.614194679302589
2-2-8,t3,mixture,0.4,500,800013,0.010231047999695875,cf1_margin,none,0.28673835125448033
2-2-8,t3,mixture,0.4,500,800013,0.010231047999695875,slack_plugin,none,0.5734767025089609
2-2-8,t3,mixture,0.4,500,800013,0.010231047999695875,gm_battery,none,0.0
2-2-8,t3,mixture,0.4,500,800013,0.010231047999695875,gtest,none,113.39800645361714
2-2-8,t3,mixture,0.4,500,800014,0.010781777004012838,kl_plugin,none,0.18530459324176204
2-2-8,t3,mixture,0.4,500,800014,0.010781777004012838,kl_split,none,1.694327104151364
2-2-8,t3,mixture,0.4,500,800014,0.010781777004012838,kl_crossfit,none,1.8396728695383433
2-2-8,t3,mixture,0.4,500,800014,0.010781777004012838,cf1_margin,none,0.40045451635618723
2-2-8,t3,mixture,0.4,500,800014,0.010781777004012838,slack_plugin,none,0.8009090327123745
2-2-8,t3,mixture,0.4,500,800014,0.010781777004012838,gm_battery,none,0.0
2-2-8,t3,mixture,0.4,500,800014,0.010781777004012838,gtest,none,67.87105393149439
2-2-8,t3,mixture,0.4,500,800015,0.011611854999500792,kl_plugin,none,0.0914554754202929
2-2-8,t3,mixture,0.4,500,800015,0.011611854999500792,kl_split,none,0.8139289130962437
2-2-8,t3,mixture,0.4,500,800015,0.011611854999500792,kl_crossfit,none,2.9515546280010434
2-2-8,t3,mixture,0.4,500,800015,0.011611854999500792,cf1_margin,none,0.27734644998472935
2-2-8,t3,mixture,0.4,500,800015,0.011611854999500792,slack_plugin,none,0.5546928999694587
2-2-8,t3,mixture,0.4,500,800015,0.011611854999500792,gm_battery,none,0.0
2-2-8,t3,mixture,0.4,500,800015,0.011611854999500792,gtest,none,69.88637887570785
2-2-8,t3,mixture,0.4,500,800016,0.008809015002043452,kl_plugin,none,0.08971909799798826
2-2-8,t3,mixture,0.4,500,800016,0.008809015002043452,kl_split,none,3.472946849942666
2-2-8,t3,mixture,0.4,500,800016,0.008809015002043452,kl_crossfit,none,5.281434710204302
2-2-8,t3,mixture,0.4,500,800016,0.008809015002043452,cf1_margin,none,0.2759999999999999
2-2-8,t3,mixture,0.4,500,800016,0.008809015002043452,slack_plugin,none,0.5519999999999997
2-2-8,t3,mixture,0.4,500,800016,0.008809015002043452,gm_battery,none,0.0
2-2-8,t3,mixture,0.4,500,800016,0.008809015002043452,gtest,none,80.75311493495185
2-2-8,t3,mixture,0.4,500,800017,0.009909379004966468,kl_plugin,none,0.15123018999215254
2-2-8,t3,mixture,0.4,500,800017,0.009909379004966468,kl_split,none,0.27265263227216663
2-2-8,t3,mixture,0.4,500,800017,0.009909379004966468,kl_crossfit,none,1.3742111326616544
2-2-8,t3,mixture,0.4,500,800017,0.009909379004966468,cf1_margin,none,0.36826927698296996
2-2-8,t3,mixture,0.4,500,800017,0.009909379004966468,slack_plugin,none,0.7365385539659398
2-2-8,t3,mixture,0.4,500,800017,0.009909379004966468,gm_battery,none,0.0
2-2-8,t3,mixture,0.4,500,800017,0.009909379004966468,gtest,none,89.38472887068716
2-2-8,t3,mixture,0.4,500,800018,0.011924585996894166,kl_plugin,none,0.08482829928732957
2-2-8,t3,mixture,0.4,500,800018,0.011924585996894166,kl_split,none,1.5311111482855198
2-2-8,t3,mixture,0.4,500,800018,0.011924585996894166,kl_crossfit,none,2.0297655474032292
2-2-8,t3,mixture,0.4,500,800018,0.011924585996894166,cf1_margin,none,0.28028324708822616
2-2-8,t3,mixture,0.4,500,800018,0.011924585996894166,slack_plugin,none,0.5605664941764527
2-2-8,t3,mixture,0.4,500,800018,0.011924585996894166,gm_battery,none,0.0
2-2-8,t3,mixture,0.4,500,800018,0.011924585996894166,gtest,none,113.84002174015772
2-2-8,t3,mixture,0.4,500,800019,0.0096703230010462,kl_plugin,none,0.13472885536714335
2-2-8,t3,mixture,0.4,500,800019,0.0096703230010462,kl_split,none,0.32204415165988265
2-2-8,t3,mixture,0.4,500,800019,0.0096703230010462,kl_crossfit,none,7.357807090733783
2-2-8,t3,mixture,0.4,500,800019,0.0096703230010462,cf1_margin,none,0.34944512156007446
2-2-8,t3,mixture,0.4,500,800019,0.0096703230010462,slack_plugin,none,0.6988902431201488
2-2-8,t3,mixture,0.4,500,800019,0.0096703230010462,gm_battery,none,0.0
2-2-8,t3,mixture,0.4,500,800019,0.0096703230010462,gtest,none,74.11547619982838
2-2-8,t3,mixture,0.4,500,800020,0.0118437300043297,kl_plugin,none,0.10616088291016218
2-2-8,t3,mixture,0.4,500,800020,0.0118437300043297,kl_split,none,0.7401704928308125
2-2-8,t3,mixture,0.4,500,800020,0.0118437300043297,kl_crossfit,none,1.7747766911388365
2-2-8,t3,mixture,0.4,500,800020,0.0118437300043297,cf1_margin,none,0.3095249554796169
2-2-8,t3,mixture,0.4,500,800020,0.0118437300043297,slack_plugin,none,0.6190499109592338
2-2-8,t3,mixture,0.4,500,800020,0.0118437300043297,gm_battery,none,0.0
2-2-8,t3,mixture,0.4,500,800020,0.0118437300043297,gtest,none,45.465296123205434
2-2-8,t3,mixture,0.4,500,800021,0.008164981001755223,kl_plugin,none,0.07825096432620214
2-2-8,t3,mixture,0.4,500,800021,0.008164981001755223,kl_split,none,0.27307328275533105
2-2-8,t3,mixture,0.4,500,800021,0.008164981001755223,kl_crossfit,none,2.1330453859778293
2-2-8,t3,mixture,0.4,500,800021,0.008164981001755223,cf1_margin,none,0.25948142414860675
2-2-8,t3,mixture,0.4,500,800021,0.008164981001755223,slack_plugin,none,0.5189628482972135
2-2-8,t3,mixture,0.4,500,800021,0.008164981001755223,gm_battery,none,0.0
2-2-8,t3,mixture,0.4,500,800021,0.008164981001755223,gtest,none,87.22732839300576
2-2-8,t3,mixture,0.4,500,800022,0.009355125999718439,kl_plugin,none,0.08595219829962727
2-2-8,t3,mixture,0.4,500,800022,0.009355125999718439,kl_split,none,1.8695911174422144
2-2-8,t3,mixture,0.4,500,800022,0.009355125999718439,kl_crossfit,none,1.3395969443101121
2-2-8,t3,mixture,0.4,500,800022,0.009355125999718439,cf1_margin,none,0.2809983896940419
2-2-8,t3,mixture,0.4,500,800022,0.009355125999718439,slack_plugin,none,0.5619967793880838
2-2-8,t3,mixture,0.4,500,800022,0.009355125999718439,gm_battery,none,0.0
2-2-8,t3,mixture,0.4,500,800022,0.009355125999718439,gtest,none,59.07025990030385
2-2-8,t3,mixture,0.4,500,800023,0.010791819004225545,kl_plugin,none,0.1520973410173983
2-2-8,t3,mixture,0.4,500,800023,0.010791819004225545,kl_split,none,0.8050246447667615
2-2-8,t3,mixture,0.4,500,800023,0.010791819004225545,kl_crossfit,none,1.616935204566032
2-2-8,t3,mixture,0.4,500,800023,0.010791819004225545,cf1_margin,none,0.3643090524697291
2-2-8,t3,mixture,0.4,500,800023,0.010791819004225545,slack_plugin,none,0.728618104939458
2-2-8,t3,mixture,0.4,500,800023,0.010791819004225545,gm_battery,none,0.0
2-2-8,t3,mixture,0.4,500,800023,0.010791819004225545,gtest,none,60.124761092980066
2-2-8,t3,mixture,0.4,500,800024,0.010404200002085418,kl_plugin,none,0.1498154176354888
2-2-8,t3,mixture,0.4,500,800024,0.010404200002085418,kl_split,none,2.751894216593631
2-2-8,t3,mixture,0.4,500,800024,0.010404200002085418,kl_crossfit,none,1.569149710345986
2-2-8,t3,mixture,0.4,500,800024,0.010404200002085418,cf1_margin,none,0.3685018960303367
2-2-8,t3,mixture,0.4,500,800024,0.010404200002085418,slack_plugin,none,0.7370037920606731
2-2-8,t3,mixture,0.4,500,800024,0.010404200002085418,gm_battery,none,0.0
2-2-8,t3,mixture,0.4,500,800024,0.010404200002085418,gtest,none,71.51822610927037
2-2-8,t3,mixture,0.4,500,800025,0.00803850700322073,kl_plugin,none,0.09040341425494323
2-2-8,t3,mixture,0.4,500,800025,0.00803850700322073,kl_split,none,12.306385969164461
2-2-8,t3,mixture,0.4,500,800025,0.00803850700322073,kl_crossfit,none,6.275685207153518
2-2-8,t3,mixture,0.4,500,800025,0.00803850700322073,cf1_margin,none,0.27425755248335904
2-2-8,t3,mixture,0.4,500,800025,0.00803850700322073,slack_plugin,none,0.5485151049667181
2-2-8,t3,mixture,0.4,500,800025,0.00803850700322073,gm_battery,none,0.0
2-2-8,t3,mixture,0.4,500,800025,0.00803850700322073,gtest,none,84.19779799188773
2-2-8,t3,mixture,0.4,500,800026,0.01024819900339935,kl_plugin,none,0.12576397642939938
2-2-8,t3,mixture,0.4,500,800026,0.01024819900339935,kl_split,none,0.3027782094746112
2-2-8,t3,mixture,0.4,500,800026,0.01024819900339935,kl_crossfit,none,0.2980866923525557
2-2-8,t3,mixture,0.4,500,800026,0.01024819900339935,cf1_margin,none,0.3295329759059492
2-2-8,t3,mixture,0.4,500,800026,0.01024819900339935,slack_plugin,none,0.6590659518118985
2-2-8,t3,mixture,0.4,500,800026,0.01024819900339935,gm_battery,none,0.0
2-2-8,t3,mixture,0.4,500,800026,0.01024819900339935,gtest,none,72.91265638570712
2-2-8,t3,mixture,0.4,500,800027,0.012352803998510353,kl_plugin,none,0.1581364705584026
2-2-8,t3,mixture,0.4,500,800027,0.012352803998510353,kl_split,none,1.2603516439985063
2-2-8,t3,mixture,0.4,500,800027,0.012352803998510353,kl_crossfit,none,1.4398950586888066
2-2-8,t3,mixture,0.4,500,800027,0.012352803998510353,cf1_margin,none,0.36990504489374065
2-2-8,t3,mixture,0.4,500,800027,0.012352803998510353,slack_plugin,none,0.7398100897874814
2-2-8,t3,mixture,0.4,500,800027,0.012352803998510353,gm_battery,none,0.0
2-2-8,t3,mixture,0.4,500,800027,0.012352803998510353,gtest,none,101.0322902988249
2-2-8,t3,mixture,0.4,500,800028,0.009909100997901987,kl_plugin,none,0.141913005411866
2-2-8,t3,mixture,0.4,500,800028,0.009909100997901987,kl_split,none,3.242529734051121
2-2-8,t3,mixture,0.4,500,800028,0.009909100997901987,kl_crossfit,none,1.7691581390778628
2-2-8,t3,mixture,0.4,500,800028,0.009909100997901987,cf1_margin,none,0.35558223289315727
2-2-8,t3,mixture,0.4,500,800028,0.009909100997901987,slack_plugin,none,0.7111644657863146
2-2-8,t3,mixture,0.4,500,800028,0.009909100997901987,gm_battery,none,0.0
2-2-8,t3,mixture,0.4,500,800028,0.009909100997901987,gtest,none,76.87223031431354
2-2-8,t3,mixture,0.4,500,800029,0.01236003600206459,kl_plugin,none,0.08601542020043462
2-2-8,t3,mixture,0.4,500,800029,0.01236003600206459,kl_split,none,0.659893420657232
2-2-8,t3,mixture,0.4,500,800029,0.01236003600206459,kl_crossfit,none,0.9512105818585104
2-2-8,t3,mixture,0.4,500,800029,0.01236003600206459,cf1_margin,none,0.2835088172598669
2-2-8,t3,mixture,0.4,500,800029,0.01236003600206459,slack_plugin,none,0.567017634519734
2-2-8,t3,mixture,0.4,500,800029,0.01236003600206459,gm_battery,none,0.0
2-2-8,t3,mixture,0.4,500,800029,0.01236003600206459,gtest,none,131.85373554593872
2-2-8,t3,mixture,0.4,500,800030,0.0085864419961581,kl_plugin,none,0.09485197035385987
2-2-8,t3,mixture,0.4,500,800030,0.0085864419961581,kl_split,none,0.210862204856666
2-2-8,t3,mixture,0.4,500,800030,0.0085864419961581,kl_crossfit,none,1.3167369428730735
2-2-8,t3,mixture,0.4,500,800030,0.0085864419961581,cf1_margin,none,0.29545454545454564
2-2-8,t3,mixture,0.4,500,800030,0.0085864419961581,slack_plugin,none,0.5909090909090908
2-2-8,t3,mixture,0.4,500,800030,0.0085864419961581,gm_battery,none,0.0
2-2-8,t3,mixture,0.4,500,800030,0.0085864419961581,gtest,none,58.51101828680693
2-2-8,t3,mixture,0.4,500,800031,0.010585727999568917,kl_plugin,none,0.09632430792715982
2-2-8,t3,mixture,0.4,500,800031,0.010585727999568917,kl_split,none,0.29704043637702926
2-2-8,t3,mixture,0.4,500,800031,0.010585727999568917,kl_crossfit,none,2.1807325829748163
2-2-8,t3,mixture,0.4,500,800031,0.010585727999568917,cf1_margin,none,0.2958175636666881
2-2-8,t3,mixture,0.4,500,800031,0.010585727999568917,slack_plugin,none,0.5916351273333761
2-2-8,t3,mixture,0.4,500,800031,0.010585727999568917,gm_battery,none,0.0
2-2-8,t3,mixture,0.4,500,800031,0.010585727999568917,gtest,none,92.25415674385215
2-2-8,t3,mixture,0.4,500,800032,0.01267041299433913,kl_plugin,none,0.10373313683030096
2-2-8,t3,mixture,0.4,500,800032,0.01267041299433913,kl_split,none,4.308577261207892
2-2-8,t3,mixture,0.4,500,800032,0.01267041299433913,kl_crossfit,none,3.2632781830022726
2-2-8,t3,mixture,0.4,500,800032,0.01267041299433913,cf1_margin,none,0.31230788934426235
2-2-8,t3,mixture,0.4,500,800032,0.01267041299433913,slack_plugin,none,0.6246157786885245
2-2-8,t3,mixture,0.4,500,800032,0.01267041299433913,gm_battery,none,0.0
2-2-8,t3,mixture,0.4,500,800032,0.01267041299433913,gtest,none,72.78973074661764
2-2-8,t3,mixture,0.4,500,800033,0.01329341599921463,kl_plugin,none,0.09960493202044784
2-2-8,t3,mixture,0.4,500,800033,0.01329341599921463,kl_split,none,0.5542873445108676
2-2-8,t3,mixture,0.4,500,800033,0.01329341599921463,kl_crossfit,none,0.8907952123294811
2-2-8,t3,mixture,0.4,500,800033,0.01329341599921463,cf1_margin,none,0.302711907975066
2-2-8,t3,mixture,0.4,500,800033,0.01329341599921463,slack_plugin,none,0.6054238159501317
2-2-8,t3,mixture,0.4,500,800033,0.01329341599921463,gm_battery,none,0.0
2-2-8,t3,mixture,0.4,500,800033,0.01329341599921463,gtest,none,64.56899370340592
2-2-8,t3,mixture,0.4,500,800034,0.009344714999315329,kl_plugin,none,0.16019898785491243
2-2-8,t3,mixture,0.4,500,800034,0.009344714999315329,kl_split,none,0.3349584876604276
2-2-8,t3,mixture,0.4,500,800034,0.009344714999315329,kl_crossfit,none,2.166118977897912
2-2-8,t3,mixture,0.4,500,800034,0.009344714999315329,cf1_margin,none,0.37807219662058367
2-2-8,t3,mixture,0.4,500,800034,0.009344714999315329,slack_plugin,none,0.7561443932411678
2-2-8,t3,mixture,0.4,500,800034,0.009344714999315329,gm_battery,none,0.0
2-2-8,t3,mixture,0.4,500,800034,0.009344714999315329,gtest,none,80.91407690354221
2-2-8,t3,mixture,0.4,500,800035,0.009954927001672331,kl_plugin,none,0.09544262891720011
2-2-8,t3,mixture,0.4,500,800035,0.009954927001672331,kl_split,none,2.48314442643112
2-2-8,t3,mixture,0.4,500,800035,0.009954927001672331,kl_crossfit,none,2.588310588762198
2-2-8,t3,mixture,0.4,500,800035,0.009954927001672331,cf1_margin,none,0.2952142994426291
2-2-8,t3,mixture,0.4,500,800035,0.009954927001672331,slack_plugin,none,0.5904285988852586
2-2-8,t3,mixture,0.4,500,800035,0.009954927001672331,gm_battery,none,0.0
2-2-8,t3,mixture,0.4,500,800035,0.009954927001672331,gtest,none,81.87116883144185
2-2-8,t3,mixture,0.4,500,800036,0.012518272997112945,kl_plugin,none,0.10324889846033336
2-2-8,t3,mixture,0.4,500,800036,0.012518272997112945,kl_split,none,1.64483517159261
2-2-8,t3,mixture,0.4,500,800036,0.012518272997112945,kl_crossfit,none,1.4749221142954305
2-2-8,t3,mixture,0.4,500,800036,0.012518272997112945,cf1_margin,none,0.2974249482401653
2-2-8,t3,mixture,0.4,500,800036,0.012518272997112945,slack_plugin,none,0.5948498964803312
2-2-8,t3,mixture,0.4,500,800036,0.012518272997112945,gm_battery,none,0.0
2-2-8,t3,mixture,0.4,500,800036,0.012518272997112945,gtest,none,63.23034198528578
2-2-8,t3,mixture,0.4,500,800037,0.01062013499904424,kl_plugin,none,0.07993760758721265
2-2-8,t3,mixture,0.4,500,800037,0.01062013499904424,kl_split,none,1.9636691436588976
2-2-8,t3,mixture,0.4,500,800037,0.01062013499904424,kl_crossfit,none,2.7827789859945273
2-2-8,t3,mixture,0.4,500,800037,0.01062013499904424,cf1_margin,none,0.26990527393753216
2-2-8,t3,mixture,0.4,500,800037,0.01062013499904424,slack_plugin,none,0.5398105478750639
2-2-8,t3,mixture,0.4,500,800037,0.01062013499904424,gm_battery,none,0.0
2-2-8,t3,mixture,0.4,500,800037,0.01062013499904424,gtest,none,52.188606936656285
2-2-8,t3,mixture,0.4,500,800038,0.009913771995343268,kl_plugin,none,0.10095301904437876
2-2-8,t3,mixture,0.4,500,800038,0.009913771995343268,kl_split,none,0.23372820798757615
2-2-8,t3,mixture,0.4,500,800038,0.009913771995343268,kl_crossfit,none,1.3989566212242497
2-2-8,t3,mixture,0.4,500,800038,0.009913771995343268,cf1_margin,none,0.2960437872095255
2-2-8,t3,mixture,0.4,500,800038,0.009913771995343268,slack_plugin,none,0.5920875744190515
2-2-8,t3,mixture,0.4,500,800038,0.009913771995343268,gm_battery,none,0.0
2-2-8,t3,mixture,0.4,500,800038,0.009913771995343268,gtest,none,57.41957339847839
2-2-8,t3,mixture,0.4,500,800039,0.010097202997712884,kl_plugin,none,0.1320175314727362
2-2-8,t3,mixture,0.4,500,800039,0.010097202997712884,kl_split,none,2.506039428866292
2-2-8,t3,mixture,0.4,500,800039,0.010097202997712884,kl_crossfit,none,1.6684930001959246
2-2-8,t3,mixture,0.4,500,800039,0.010097202997712884,cf1_margin,none,0.32995468447262655
2-2-8,t3,mixture,0.4,500,800039,0.010097202997712884,slack_plugin,none,0.659909368945253
2-2-8,t3,mixture,0.4,500,800039,0.010097202997712884,gm_battery,none,0.0
2-2-8,t3,mixture,0.4,500,800039,0.010097202997712884,gtest,none,64.9213069531894
2-2-8,t3,mixture,0.4,500,800040,0.011990136001259089,kl_plugin,none,0.10876970333611016
2-2-8,t3,mixture,0.4,500,800040,0.011990136001259089,kl_split,none,0.5909810034851666
2-2-8,t3,mixture,0.4,500,800040,0.011990136001259089,kl_crossfit,none,0.9648290852434682
2-2-8,t3,mixture,0.4,500,800040,0.011990136001259089,cf1_margin,none,0.31153846153846154
2-2-8,t3,mixture,0.4,500,800040,0.011990136001259089,slack_plugin,none,0.6230769230769231
2-2-8,t3,mixture,0.4,500,800040,0.011990136001259089,gm_battery,none,0.0
2-2-8,t3,mixture,0.4,500,800040,0.011990136001259089,gtest,none,90.84402101860223
2-2-8,t3,mixture,0.4,500,800041,0.01100003100145841,kl_plugin,none,0.13446057001043932
2-2-8,t3,mixture,0.4,500,800041,0.01100003100145841,kl_split,none,2.455805900632257
2-2-8,t3,mixture,0.4,500,800041,0.01100003100145841,kl_crossfit,none,1.3654475347925066
2-2-8,t3,mixture,0.4,500,800041,0.01100003100145841,cf1_margin,none,0.3539389672112784
2-2-8,t3,mixture,0.4,500,800041,0.01100003100145841,slack_plugin,none,0.707877934422557
2-2-8,t3,mixture,0.4,500,800041,0.01100003100145841,gm_battery,none,0.0
2-2-8,t3,mixture,0.4,500,800041,0.01100003100145841,gtest,none,65.7707157618469
2-2-8,t3,mixture,0.4,500,800042,0.012294223000935744,kl_plugin,none,0.039054601409420894
2-2-8,t3,mixture,0.4,500,800042,0.012294223000935744,kl_split,none,0.8560575718946507
2-2-8,t3,mixture,0.4,500,800042,0.012294223000935744,kl_crossfit,none,1.603049551986272
2-2-8,t3,mixture,0.4,500,800042,0.012294223000935744,cf1_margin,none,0.18926011264720943
2-2-8,t3,mixture,0.4,500,800042,0.012294223000935744,slack_plugin,none,0.3785202252944192
2-2-8,t3,mixture,0.4,500,800042,0.012294223000935744,gm_battery,none,0.0
2-2-8,t3,mixture,0.4,500,800042,0.012294223000935744,gtest,none,81.24035050794001
2-2-8,t3,mixture,0.4,500,800043,0.01182623299973784,kl_plugin,none,0.13104675300142582
2-2-8,t3,mixture,0.4,500,800043,0.01182623299973784,kl_split,none,0.3403400345616653
2-2-8,t3,mixture,0.4,500,800043,0.01182623299973784,kl_crossfit,none,1.4455322145152663
2-2-8,t3,mixture,0.4,500,800043,0.01182623299973784,cf1_margin,none,0.33696969696969703
2-2-8,t3,mixture,0.4,500,800043,0.01182623299973784,slack_plugin,none,0.673939393939394
2-2-8,t3,mixture,0.4,500,800043,0.01182623299973784,gm_battery,none,0.0
2-2-8,t3,mixture,0.4,500,800043,0.01182623299973784,gtest,none,60.51767533720315
2-2-8,t3,mixture,0.4,500,800044,0.012139457001467235,kl_plugin,none,0.09030813782501164
2-2-8,t3,mixture,0.4,500,800044,0.012139457001467235,kl_split,none,0.7359997942372851
2-2-8,t3,mixture,0.4,500,800044,0.012139457001467235,kl_crossfit,none,1.5261909669720364
2-2-8,t3,mixture,0.4,500,800044,0.012139457001467235,cf1_margin,none,0.2855130913513859
2-2-8,t3,mixture,0.4,500,800044,0.012139457001467235,slack_plugin,none,0.571026182702772
2-2-8,t3,mixture,0.4,500,800044,0.012139457001467235,gm_battery,none,0.0
2-2-8,t3,mixture,0.4,500,800044,0.012139457001467235,gtest,none,80.2786745899736
2-2-8,t3,mixture,0.4,500,800045,0.01589777100161882,kl_plugin,none,0.1274661028049841
2-2-8,t3,mixture,0.4,500,800045,0.01589777100161882,kl_split,none,0.7684537422329851
2-2-8,t3,mixture,0.4,500,800045,0.01589777100161882,kl_crossfit,none,1.499673203752176
2-2-8,t3,mixture,0.4,500,800045,0.01589777100161882,cf1_margin,none,0.3411658962506421
2-2-8,t3,mixture,0.4,500,800045,0.01589777100161882,slack_plugin,none,0.6823317925012843
2-2-8,t3,mixture,0.4,500,800045,0.01589777100161882,gm_battery,none,0.0
2-2-8,t3,mixture,0.4,500,800045,0.01589777100161882,gtest,none,73.06906095339238
2-2-8,t3,mixture,0.4,500,800046,0.01579284900071798,kl_plugin,none,0.08516656924747693
2-2-8,t3,mixture,0.4,500,800046,0.01579284900071798,kl_split,none,0.26626135068251533
2-2-8,t3,mixture,0.4,500,800046,0.01579284900071798,kl_crossfit,none,1.4627927498884996
2-2-8,t3,mixture,0.4,500,800046,0.01579284900071798,cf1_margin,none,0.2719999999999999
2-2-8,t3,mixture,0.4,500,800046,0.01579284900071798,slack_plugin,none,0.5439999999999998
2-2-8,t3,mixture,0.4,500,800046,0.01579284900071798,gm_battery,none,0.0
2-2-8,t3,mixture,0.4,500,800046,0.01579284900071798,gtest,none,79.52346175045012
2-2-8,t3,mixture,0.4,500,800047,0.011730186000932008,kl_plugin,none,0.12331582259436358
2-2-8,t3,mixture,0.4,500,800047,0.011730186000932008,kl_split,none,0.6558742956648752
2-2-8,t3,mixture,0.4,500,800047,0.011730186000932008,kl_crossfit,none,1.3233490114794046
2-2-8,t3,mixture,0.4,500,800047,0.011730186000932008,cf1_margin,none,0.32036004868985835
2-2-8,t3,mixture,0.4,500,800047,0.011730186000932008,slack_plugin,none,0.6407200973797167
2-2-8,t3,mixture,0.4,500,800047,0.011730186000932008,gm_battery,none,0.0
2-2-8,t3,mixture,0.4,500,800047,0.011730186000932008,gtest,none,68.22502294226386
2-2-8,t3,mixture,0.4,500,800048,0.012944944006449077,kl_plugin,none,0.106704255688409
2-2-8,t3,mixture,0.4,500,800048,0.012944944006449077,kl_split,none,1.0926480219337575
2-2-8,t3,mixture,0.4,500,800048,0.012944944006449077,kl_crossfit,none,0.6759178817855495
2-2-8,t3,mixture,0.4,500,800048,0.012944944006449077,cf1_margin,none,0.31563780737704916
2-2-8,t3,mixture,0.4,500,800048,0.012944944006449077,slack_plugin,none,0.6312756147540982
2-2-8,t3,mixture,0.4,500,800048,0.012944944006449077,gm_battery,none,0.0
2-2-8,t3,mixture,0.4,500,800048,0.012944944006449077,gtest,none,84.14679621720373
2-2-8,t3,mixture,0.4,500,800049,0.008614685000793543,kl_plugin,none,0.1198721964875824
2-2-8,t3,mixture,0.4,500,800049,0.008614685000793543,kl_split,none,0.7871169955317356
2-2-8,t3,mixture,0.4,500,800049,0.008614685000793543,kl_crossfit,none,10.445726832479904
2-2-8,t3,mixture,0.4,500,800049,0.008614685000793543,cf1_margin,none,0.3279711884753903
2-2-8,t3,mixture,0.4,500,800049,0.008614685000793543,slack_plugin,none,0.6559423769507805
2-2-8,t3,mixture,0.4,500,800049,0.008614685000793543,gm_battery,none,0.0
2-2-8,t3,mixture,0.4,500,800049,0.008614685000793543,gtest,none,92.35946188387028
2-2-8,t3,mixture,0.4,500,800050,0.009830468996369746,kl_plugin,none,0.09277721577304182
2-2-8,t3,mixture,0.4,500,800050,0.009830468996369746,kl_split,none,0.7471428267685616
2-2-8,t3,mixture,0.4,500,800050,0.009830468996369746,kl_crossfit,none,1.749959167689168
2-2-8,t3,mixture,0.4,500,800050,0.009830468996369746,cf1_margin,none,0.2924532833741652
2-2-8,t3,mixture,0.4,500,800050,0.009830468996369746,slack_plugin,none,0.5849065667483311
2-2-8,t3,mixture,0.4,500,800050,0.009830468996369746,gm_battery,none,0.0
2-2-8,t3,mixture,0.4,500,800050,0.009830468996369746,gtest,none,77.8111519158892
2-2-8,t3,mixture,0.4,500,800051,0.010091315998579375,kl_plugin,none,0.08459948897999767
2-2-8,t3,mixture,0.4,500,800051,0.010091315998579375,kl_split,none,0.2561199864062219
2-2-8,t3,mixture,0.4,500,800051,0.010091315998579375,kl_crossfit,none,1.1436313441834194
2-2-8,t3,mixture,0.4,500,800051,0.010091315998579375,cf1_margin,none,0.2769989117214007
2-2-8,t3,mixture,0.4,500,800051,0.010091315998579375,slack_plugin,none,0.5539978234428011
2-2-8,t3,mixture,0.4,500,800051,0.010091315998579375,gm_battery,none,0.0
2-2-8,t3,mixture,0.4,500,800051,0.010091315998579375,gtest,none,91.84402677171634
2-2-8,t3,mixture,0.4,500,800052,0.009786270005861297,kl_plugin,none,0.1233239377206569
2-2-8,t3,mixture,0.4,500,800052,0.009786270005861297,kl_split,none,2.3122319469999395
2-2-8,t3,mixture,0.4,500,800052,0.009786270005861297,kl_crossfit,none,2.6627486096141735
2-2-8,t3,mixture,0.4,500,800052,0.009786270005861297,cf1_margin,none,0.33837962665982424
2-2-8,t3,mixture,0.4,500,800052,0.009786270005861297,slack_plugin,none,0.6767592533196485
2-2-8,t3,mixture,0.4,500,800052,0.009786270005861297,gm_battery,none,0.0
2-2-8,t3,mixture,0.4,500,800052,0.009786270005861297,gtest,none,71.52267981249159
2-2-8,t3,mixture,0.4,500,800053,0.009502795997832436,kl_plugin,none,0.05601090266985826
2-2-8,t3,mixture,0.4,500,800053,0.009502795997832436,kl_split,none,0.7323409926455161
2-2-8,t3,mixture,0.4,500,800053,0.009502795997832436,kl_crossfit,none,1.3175648605817873
2-2-8,t3,mixture,0.4,500,800053,0.009502795997832436,cf1_margin,none,0.226126472094214
2-2-8,t3,mixture,0.4,500,800053,0.009502795997832436,slack_plugin,none,0.4522529441884281
2-2-8,t3,mixture,0.4,500,800053,0.009502795997832436,gm_battery,none,0.0
2-2-8,t3,mixture,0.4,500,800053,0.009502795997832436,gtest,none,47.25497823934362
2-2-8,t3,mixture,0.4,500,800054,0.009680326998932287,kl_plugin,none,0.09354637686587447
2-2-8,t3,mixture,0.4,500,800054,0.009680326998932287,kl_split,none,2.214116198061617
2-2-8,t3,mixture,0.4,500,800054,0.009680326998932287,kl_crossfit,none,1.7436067329541263
2-2-8,t3,mixture,0.4,500,800054,0.009680326998932287,cf1_margin,none,0.2927726843629499
2-2-8,t3,mixture,0.4,500,800054,0.009680326998932287,slack_plugin,none,0.5855453687258998
2-2-8,t3,mixture,0.4,500,800054,0.009680326998932287,gm_battery,none,0.0
2-2-8,t3,mixture,0.4,500,800054,0.009680326998932287,gtest,none,57.42932398503687
2-2-8,t3,mixture,0.4,500,800055,0.00967352899897378,kl_plugin,none,0.1185392295651357
2-2-8,t3,mixture,0.4,500,800055,0.00967352899897378,kl_split,none,2.5685658994358995
2-2-8,t3,mixture,0.4,500,800055,0.00967352899897378,kl_crossfit,none,2.230922429184727
2-2-8,t3,mixture,0.4,500,800055,0.00967352899897378,cf1_margin,none,0.3202258002437617
2-2-8,t3,mixture,0.4,500,800055,0.00967352899897378,slack_plugin,none,0.6404516004875233
2-2-8,t3,mixture,0.4,500,800055,0.00967352899897378,gm_battery,none,0.0
2-2-8,t3,mixture,0.4,500,800055,0.00967352899897378,gtest,none,102.42502653784936
2-2-8,t3,mixture,0.4,500,800056,0.010460343000886496,kl_plugin,none,0.12957313039195936
2-2-8,t3,mixture,0.4,500,800056,0.010460343000886496,kl_split,none,13.062630029900655
2-2-8,t3,mixture,0.4,500,800056,0.010460343000886496,kl_crossfit,none,6.68463293628566
2-2-8,t3,mixture,0.4,500,800056,0.010460343000886496,cf1_margin,none,0.33675643634149854
2-2-8,t3,mixture,0.4,500,800056,0.010460343000886496,slack_plugin,none,0.6735128726829972
2-2-8,t3,mixture,0.4,500,800056,0.010460343000886496,gm_battery,none,0.0
2-2-8,t3,mixture,0.4,500,800056,0.010460343000886496,gtest,none,67.23045932640065
2-2-8,t3,mixture,0.4,500,800057,0.010790601001644973,kl_plugin,none,0.10097861452795992
2-2-8,t3,mixture,0.4,500,800057,0.010790601001644973,kl_split,none,1.4034219731799769
2-2-8,t3,mixture,0.4,500,800057,0.010790601001644973,kl_crossfit,none,1.583644875352527
2-2-8,t3,mixture,0.4,500,800057,0.010790601001644973,cf1_margin,none,0.30455796683951086
2-2-8,t3,mixture,0.4,500,800057,0.010790601001644973,slack_plugin,none,0.6091159336790218
2-2-8,t3,mixture,0.4,500,800057,0.010790601001644973,gm_battery,none,0.0
2-2-8,t3,mixture,0.4,500,800057,0.010790601001644973,gtest,none,55.088449276777375
2-2-8,t3,mixture,0.4,500,800058,0.009897489995637443,kl_plugin,none,0.0641581102863783
2-2-8,t3,mixture,0.4,500,800058,0.009897489995637443,kl_split,none,6.531101537272353
2-2-8,t3,mixture,0.4,500,800058,0.009897489995637443,kl_crossfit,none,4.391018812822742
2-2-8,t3,mixture,0.4,500,800058,0.009897489995637443,cf1_margin,none,0.23409771007025015
2-2-8,t3,mixture,0.4,500,800058,0.009897489995637443,slack_plugin,none,0.46819542014050025
2-2-8,t3,mixture,0.4,500,800058,0.009897489995637443,gm_battery,none,0.0
2-2-8,t3,mixture,0.4,500,800058,0.009897489995637443,gtest,none,117.42340813938023
2-2-8,t3,mixture,0.4,500,800059,0.011259687998972367,kl_plugin,none,0.09831155865285444
2-2-8,t3,mixture,0.4,500,800059,0.011259687998972367,kl_split,none,0.25844205764157613
2-2-8,t3,mixture,0.4,500,800059,0.011259687998972367,kl_crossfit,none,1.1747074333763712
2-2-8,t3,mixture,0.4,500,800059,0.011259687998972367,cf1_margin,none,0.3003613006824568
2-2-8,t3,mixture,0.4,500,800059,0.011259687998972367,slack_plugin,none,0.6007226013649137
2-2-8,t3,mixture,0.4,500,800059,0.011259687998972367,gm_battery,none,0.0
2-2-8,t3,mixture,0.4,500,800059,0.011259687998972367,gtest,none,75.56303566111745
2-2-8,t3,mixture,0.4,500,800060,0.011362978002580348,kl_plugin,none,0.09731340562636275
2-2-8,t3,mixture,0.4,500,800060,0.011362978002580348,kl_split,none,1.6517624868743577
2-2-8,t3,mixture,0.4,500,800060,0.011362978002580348,kl_crossfit,none,1.1593313422237084
2-2-8,t3,mixture,0.4,500,800060,0.011362978002580348,cf1_margin,none,0.3033427254098361
2-2-8,t3,mixture,0.4,500,800060,0.011362978002580348,slack_plugin,none,0.606685450819672
2-2-8,t3,mixture,0.4,500,800060,0.011362978002580348,gm_battery,none,0.0
2-2-8,t3,mixture,0.4,500,800060,0.011362978002580348,gtest,none,87.65192570763111
2-2-8,t3,mixture,0.4,500,800061,0.010624916001688689,kl_plugin,none,0.14368347911933327
2-2-8,t3,mixture,0.4,500,800061,0.010624916001688689,kl_split,none,2.9882292323536555
2-2-8,t3,mixture,0.4,500,800061,0.010624916001688689,kl_crossfit,none,2.5894635340242784
2-2-8,t3,mixture,0.4,500,800061,0.010624916001688689,cf1_margin,none,0.3564692203346036
2-2-8,t3,mixture,0.4,500,800061,0.010624916001688689,slack_plugin,none,0.7129384406692073
2-2-8,t3,mixture,0.4,500,800061,0.010624916001688689,gm_battery,none,0.0
2-2-8,t3,mixture,0.4,500,800061,0.010624916001688689,gtest,none,62.14622706531879
2-2-8,t3,mixture,0.4,500,800062,0.014564008997695055,kl_plugin,none,0.08217920198636881
2-2-8,t3,mixture,0.4,500,800062,0.014564008997695055,kl_split,none,1.2598656381770665
2-2-8,t3,mixture,0.4,500,800062,0.014564008997695055,kl_crossfit,none,1.8446735056143218
2-2-8,t3,mixture,0.4,500,800062,0.014564008997695055,cf1_margin,none,0.26839584100994884
2-2-8,t3,mixture,0.4,500,800062,0.014564008997695055,slack_plugin,none,0.5367916820198975
2-2-8,t3,mixture,0.4,500,800062,0.014564008997695055,gm_battery,none,0.0
2-2-8,t3,mixture,0.4,500,800062,0.014564008997695055,gtest,none,51.18890013878044
2-2-8,t3,mixture,0.4,500,800063,0.0072840280045056716,kl_plugin,none,0.11242441138699204
2-2-8,t3,mixture,0.4,500,800063,0.0072840280045056716,kl_split,none,0.28123122683989066
2-2-8,t3,mixture,0.4,500,800063,0.0072840280045056716,kl_crossfit,none,2.385626239182118
2-2-8,t3,mixture,0.4,500,800063,0.0072840280045056716,cf1_margin,none,0.3253205128205128
2-2-8,t3,mixture,0.4,500,800063,0.0072840280045056716,slack_plugin,none,0.6506410256410257
2-2-8,t3,mixture,0.4,500,800063,0.0072840280045056716,gm_battery,none,0.0
2-2-8,t3,mixture,0.4,500,800063,0.0072840280045056716,gtest,none,68.95846891725597
2-2-8,t3,mixture,0.4,500,800064,0.009942281001713127,kl_plugin,none,0.10631692757419296
2-2-8,t3,mixture,0.4,500,800064,0.009942281001713127,kl_split,none,1.4466881753299872
2-2-8,t3,mixture,0.4,500,800064,0.009942281001713127,kl_crossfit,none,2.181763807153621
2-2-8,t3,mixture,0.4,500,800064,0.009942281001713127,cf1_margin,none,0.3027655079700404
2-2-8,t3,mixture,0.4,500,800064,0.009942281001713127,slack_plugin,none,0.6055310159400807
2-2-8,t3,mixture,0.4,500,800064,0.009942281001713127,gm_battery,none,0.0
2-2-8,t3,mixture,0.4,500,800064,0.009942281001713127,gtest,none,77.58950702590886
2-2-8,t3,mixture,0.4,500,800065,0.010181249999732245,kl_plugin,none,0.11200178816111439
2-2-8,t3,mixture,0.4,500,800065,0.010181249999732245,kl_split,none,0.6889792232199015
2-2-8,t3,mixture,0.4,500,800065,0.010181249999732245,kl_crossfit,none,1.5011825253258517
2-2-8,t3,mixture,0.4,500,800065,0.010181249999732245,cf1_margin,none,0.32230068373604903
2-2-8,t3,mixture,0.4,500,800065,0.010181249999732245,slack_plugin,none,0.6446013674720983
2-2-8,t3,mixture,0.4,500,800065,0.010181249999732245,gm_battery,none,0.0
2-2-8,t3,mixture,0.4,500,800065,0.010181249999732245,gtest,none,63.95523633983834
2-2-8,t3,mixture,0.4,500,800066,0.00893245200131787,kl_plugin,none,0.1367287234675962
2-2-8,t3,mixture,0.4,500,800066,0.00893245200131787,kl_split,none,0.2533342129650399
2-2-8,t3,mixture,0.4,500,800066,0.00893245200131787,kl_crossfit,none,1.0669862406234305
2-2-8,t3,mixture,0.4,500,800066,0.00893245200131787,cf1_margin,none,0.3499103942652332
2-2-8,t3,mixture,0.4,500,800066,0.00893245200131787,slack_plugin,none,0.6998207885304661
2-2-8,t3,mixture,0.4,500,800066,0.00893245200131787,gm_battery,none,0.0
2-2-8,t3,mixture,0.4,500,800066,0.00893245200131787,gtest,none,72.48897370673737
2-2-8,t3,mixture,0.4,500,800067,0.0091877650047536,kl_plugin,none,0.07446916810551488
2-2-8,t3,mixture,0.4,500,800067,0.0091877650047536,kl_split,none,0.20360560350912543
2-2-8,t3,mixture,0.4,500,800067,0.0091877650047536,kl_crossfit,none,0.9910663184271968
2-2-8,t3,mixture,0.4,500,800067,0.0091877650047536,cf1_margin,none,0.2625898704584395
2-2-8,t3,mixture,0.4,500,800067,0.0091877650047536,slack_plugin,none,0.5251797409168789
2-2-8,t3,mixture,0.4,500,800067,0.0091877650047536,gm_battery,none,0.0
2-2-8,t3,mixture,0.4,500,800067,0.0091877650047536,gtest,none,72.89752225174462
2-2-8,t3,mixture,0.4,500,800068,0.009409448997757863,kl_plugin,none,0.12773722274925914
2-2-8,t3,mixture,0.4,500,800068,0.009409448997757863,kl_split,none,1.626576902900366
2-2-8,t3,mixture,0.4,500,800068,0.009409448997757863,kl_crossfit,none,1.9504761671399795
2-2-8,t3,mixture,0.4,500,800068,0.009409448997757863,cf1_margin,none,0.3421664342166434
2-2-8,t3,mixture,0.4,500,800068,0.009409448997757863,slack_plugin,none,0.6843328684332868
2-2-8,t3,mixture,0.4,500,800068,0.009409448997757863,gm_battery,none,0.0
2-2-8,t3,mixture,0.4,500,800068,0.009409448997757863,gtest,none,90.28135729473254
2-2-8,t3,mixture,0.4,500,800069,0.011328059001243673,kl_plugin,none,0.09370163079440623
2-2-8,t3,mixture,0.4,500,800069,0.011328059001243673,kl_split,none,0.25657546894905214
2-2-8,t3,mixture,0.4,500,800069,0.011328059001243673,kl_crossfit,none,0.24328401020365456
2-2-8,t3,mixture,0.4,500,800069,0.011328059001243673,cf1_margin,none,0.28403210560886916
2-2-8,t3,mixture,0.4,500,800069,0.011328059001243673,slack_plugin,none,0.5680642112177382
2-2-8,t3,mixture,0.4,500,800069,0.011328059001243673,gm_battery,none,0.0
2-2-8,t3,mixture,0.4,500,800069,0.011328059001243673,gtest,none,97.10872940652149
2-2-8,t3,mixture,0.4,500,800070,0.011387967999326065,kl_plugin,none,0.10916394816682039
2-2-8,t3,mixture,0.4,500,800070,0.011387967999326065,kl_split,none,2.159099742990644
2-2-8,t3,mixture,0.4,500,800070,0.011387967999326065,kl_crossfit,none,6.307773242963351
2-2-8,t3,mixture,0.4,500,800070,0.011387967999326065,cf1_margin,none,0.30878695993967686
2-2-8,t3,mixture,0.4,500,800070,0.011387967999326065,slack_plugin,none,0.6175739198793538
2-2-8,t3,mixture,0.4,500,800070,0.011387967999326065,gm_battery,none,0.0
2-2-8,t3,mixture,0.4,500,800070,0.011387967999326065,gtest,none,79.605107352051
2-2-8,t3,mixture,0.4,500,800071,0.012253769004018977,kl_plugin,none,0.15386630930770778
2-2-8,t3,mixture,0.4,500,800071,0.012253769004018977,kl_split,none,1.7279359175030196
2-2-8,t3,mixture,0.4,500,800071,0.012253769004018977,kl_crossfit,none,2.061406812738244
2-2-8,t3,mixture,0.4,500,800071,0.012253769004018977,cf1_margin,none,0.3684878879940846
2-2-8,t3,mixture,0.4,500,800071,0.012253769004018977,slack_plugin,none,0.7369757759881693
2-2-8,t3,mixture,0.4,500,800071,0.012253769004018977,gm_battery,none,0.0
2-2-8,t3,mixture,0.4,500,800071,0.012253769004018977,gtest,none,65.98765954987795
2-2-8,t3,mixture,0.4,500,800072,0.009464394002861809,kl_plugin,none,0.10052587218816467
2-2-8,t3,mixture,0.4,500,800072,0.009464394002861809,kl_split,none,2.0339171292346596
2-2-8,t3,mixture,0.4,500,800072,0.009464394002861809,kl_crossfit,none,2.9580233625041013
2-2-8,t3,mixture,0.4,500,800072,0.009464394002861809,cf1_margin,none,0.2932667690732208
2-2-8,t3,mixture,0.4,500,800072,0.009464394002861809,slack_plugin,none,0.5865335381464416
2-2-8,t3,mixture,0.4,500,800072,0.009464394002861809,gm_battery,none,0.0
2-2-8,t3,mixture,0.4,500,800072,0.009464394002861809,gtest,none,102.00130612483612
2-2-8,t3,mixture,0.4,500,800073,0.011696002002281602,kl_plugin,none,0.12169770762578774
2-2-8,t3,mixture,0.4,500,800073,0.011696002002281602,kl_split,none,0.771261482989348
2-2-8,t3,mixture,0.4,500,800073,0.011696002002281602,kl_crossfit,none,0.5237765708697024
2-2-8,t3,mixture,0.4,500,800073,0.011696002002281602,cf1_margin,none,0.3237956391483362
2-2-8,t3,mixture,0.4,500,800073,0.011696002002281602,slack_plugin,none,0.6475912782966727
2-2-8,t3,mixture,0.4,500,800073,0.011696002002281602,gm_battery,none,0.0
2-2-8,t3,mixture,0.4,500,800073,0.011696002002281602,gtest,none,73.06831732209616
2-2-8,t3,mixture,0.4,500,800074,0.008360630003153346,kl_plugin,none,0.11266985472981637
2-2-8,t3,mixture,0.4,500,800074,0.008360630003153346,kl_split,none,0.8117743543197069
2-2-8,t3,mixture,0.4,500,800074,0.008360630003153346,kl_crossfit,none,1.7051247327823909
2-2-8,t3,mixture,0.4,500,800074,0.008360630003153346,cf1_margin,none,0.3079084704937777
2-2-8,t3,mixture,0.4,500,800074,0.008360630003153346,slack_plugin,none,0.6158169409875551
2-2-8,t3,mixture,0.4,500,800074,0.008360630003153346,gm_battery,none,0.0
2-2-8,t3,mixture,0.4,500,800074,0.008360630003153346,gtest,none,80.32451643754078
2-2-8,t3,mixture,0.4,500,800075,0.011912499998288695,kl_plugin,none,0.17880026825416928
2-2-8,t3,mixture,0.4,500,800075,0.011912499998288695,kl_split,none,0.3668184216179686
2-2-8,t3,mixture,0.4,500,800075,0.011912499998288695,kl_crossfit,none,3.5721461257299905
2-2-8,t3,mixture,0.4,500,800075,0.011912499998288695,cf1_margin,none,0.4044871794871796
2-2-8,t3,mixture,0.4,500,800075,0.011912499998288695,slack_plugin,none,0.808974358974359
2-2-8,t3,mixture,0.4,500,800075,0.011912499998288695,gm_battery,none,0.0
2-2-8,t3,mixture,0.4,500,800075,0.011912499998288695,gtest,none,89.89079411166946
2-2-8,t3,mixture,0.4,500,800076,0.009446285002923105,kl_plugin,none,0.08687179052597245
2-2-8,t3,mixture,0.4,500,800076,0.009446285002923105,kl_split,none,1.2403383267302466
2-2-8,t3,mixture,0.4,500,800076,0.009446285002923105,kl_crossfit,none,0.9866130157492754
2-2-8,t3,mixture,0.4,500,800076,0.009446285002923105,cf1_margin,none,0.2859251415828399
2-2-8,t3,mixture,0.4,500,800076,0.009446285002923105,slack_plugin,none,0.5718502831656799
2-2-8,t3,mixture,0.4,500,800076,0.009446285002923105,gm_battery,none,0.0
2-2-8,t3,mixture,0.4,500,800076,0.009446285002923105,gtest,none,71.9235178139276
2-2-8,t3,mixture,0.4,500,800077,0.009461611000006087,kl_plugin,none,0.12479365212526716
2-2-8,t3,mixture,0.4,500,800077,0.009461611000006087,kl_split,none,2.699145632939964
2-2-8,t3,mixture,0.4,500,800077,0.009461611000006087,kl_crossfit,none,1.9663135231095517
2-2-8,t3,mixture,0.4,500,800077,0.009461611000006087,cf1_margin,none,0.33895636527215467
2-2-8,t3,mixture,0.4,500,800077,0.009461611000006087,slack_plugin,none,0.6779127305443093
2-2-8,t3,mixture,0.4,500,800077,0.009461611000006087,gm_battery,none,0.0
2-2-8,t3,mixture,0.4,500,800077,0.009461611000006087,gtest,none,86.87674338117688
2-2-8,t3,mixture,0.4,500,800078,0.011405803998059127,kl_plugin,none,0.178902507623186
2-2-8,t3,mixture,0.4,500,800078,0.011405803998059127,kl_split,none,0.894575363587488
2-2-8,t3,mixture,0.4,500,800078,0.011405803998059127,kl_crossfit,none,1.142899831174614
2-2-8,t3,mixture,0.4,500,800078,0.011405803998059127,cf1_margin,none,0.39350649350649347
2-2-8,t3,mixture,0.4,500,800078,0.011405803998059127,slack_plugin,none,0.7870129870129872
2-2-8,t3,mixture,0.4,500,800078,0.011405803998059127,gm_battery,none,0.0
2-2-8,t3,mixture,0.4,500,800078,0.011405803998059127,gtest,none,70.61731822871147
2-2-8,t3,mixture,0.4,500,800079,0.008150967994879466,kl_plugin,none,0.12680334104245872
2-2-8,t3,mixture,0.4,500,800079,0.008150967994879466,kl_split,none,2.134562577099456
2-2-8,t3,mixture,0.4,500,800079,0.008150967994879466,kl_crossfit,none,1.7568826932383814
2-2-8,t3,mixture,0.4,500,800079,0.008150967994879466,cf1_margin,none,0.3228491396558625
2-2-8,t3,mixture,0.4,500,800079,0.008150967994879466,slack_plugin,none,0.6456982793117246
2-2-8,t3,mixture,0.4,500,800079,0.008150967994879466,gm_battery,none,0.0
2-2-8,t3,mixture,0.4,500,800079,0.008150967994879466,gtest,none,96.06413685965394
2-2-8,t3,mixture,0.4,500,800080,0.009158637003565673,kl_plugin,none,0.1146777381578493
2-2-8,t3,mixture,0.4,500,800080,0.009158637003565673,kl_split,none,0.2501953676216578
2-2-8,t3,mixture,0.4,500,800080,0.009158637003565673,kl_crossfit,none,1.518239722074294
2-2-8,t3,mixture,0.4,500,800080,0.009158637003565673,cf1_margin,none,0.3195305119213464
2-2-8,t3,mixture,0.4,500,800080,0.009158637003565673,slack_plugin,none,0.6390610238426927
2-2-8,t3,mixture,0.4,500,800080,0.009158637003565673,gm_battery,none,0.0
2-2-8,t3,mixture,0.4,500,800080,0.009158637003565673,gtest,none,67.26928976397124
2-2-8,t3,mixture,0.4,500,800081,0.00985201900039101,kl_plugin,none,0.1124903129196969
2-2-8,t3,mixture,0.4,500,800081,0.00985201900039101,kl_split,none,0.2966794881880902
2-2-8,t3,mixture,0.4,500,800081,0.00985201900039101,kl_crossfit,none,0.7254191032505417
2-2-8,t3,mixture,0.4,500,800081,0.00985201900039101,cf1_margin,none,0.3201139491709878
2-2-8,t3,mixture,0.4,500,800081,0.00985201900039101,slack_plugin,none,0.6402278983419755
2-2-8,t3,mixture,0.4,500,800081,0.00985201900039101,gm_battery,none,0.0
2-2-8,t3,mixture,0.4,500,800081,0.00985201900039101,gtest,none,82.9379161695588
2-2-8,t3,mixture,0.4,500,800082,0.010172358001000248,kl_plugin,none,0.11040282469503913
2-2-8,t3,mixture,0.4,500,800082,0.010172358001000248,kl_split,none,0.34665690555618467
2-2-8,t3,mixture,0.4,500,800082,0.010172358001000248,kl_crossfit,none,0.9840538328049868
2-2-8,t3,mixture,0.4,500,800082,0.010172358001000248,cf1_margin,none,0.314641145257218
2-2-8,t3,mixture,0.4,500,800082,0.010172358001000248,slack_plugin,none,0.629282290514436
2-2-8,t3,mixture,0.4,500,800082,0.010172358001000248,gm_battery,none,0.0
2-2-8,t3,mixture,0.4,500,800082,0.010172358001000248,gtest,none,75.28710625791868
2-2-8,t3,mixture,0.4,500,800083,0.009881241996481549,kl_plugin,none,0.0871884274331086
2-2-8,t3,mixture,0.4,500,800083,0.009881241996481549,kl_split,none,0.2916758986865573
2-2-8,t3,mixture,0.4,500,800083,0.009881241996481549,kl_crossfit,none,1.5917187018731853
2-2-8,t3,mixture,0.4,500,800083,0.009881241996481549,cf1_margin,none,0.28277671984765806
2-2-8,t3,mixture,0.4,500,800083,0.009881241996481549,slack_plugin,none,0.5655534396953159
2-2-8,t3,mixture,0.4,500,800083,0.009881241996481549,gm_battery,none,0.0
2-2-8,t3,mixture,0.4,500,800083,0.009881241996481549,gtest,none,59.05023455808286
2-2-8,t3,mixture,0.4,500,800084,0.011863851999805775,kl_plugin,none,0.12155644080934393
2-2-8,t3,mixture,0.4,500,800084,0.011863851999805775,kl_split,none,0.9848569884176896
2-2-8,t3,mixture,0.4,500,800084,0.011863851999805775,kl_crossfit,none,2.9703543779366104
2-2-8,t3,mixture,0.4,500,800084,0.011863851999805775,cf1_margin,none,0.3262104841936774
2-2-8,t3,mixture,0.4,500,800084,0.011863851999805775,slack_plugin,none,0.6524209683873551
2-2-8,t3,mixture,0.4,500,800084,0.011863851999805775,gm_battery,none,0.0
2-2-8,t3,mixture,0.4,500,800084,0.011863851999805775,gtest,none,86.98297946619427
2-2-8,t3,mixture,0.4,500,800085,0.010585285002889577,kl_plugin,none,0.1426462019376586
2-2-8,t3,mixture,0.4,500,800085,0.010585285002889577,kl_split,none,0.7816308590125521
2-2-8,t3,mixture,0.4,500,800085,0.010585285002889577,kl_crossfit,none,0.7762161393022284
2-2-8,t3,mixture,0.4,500,800085,0.010585285002889577,cf1_margin,none,0.35015527950310554
2-2-8,t3,mixture,0.4,500,800085,0.010585285002889577,slack_plugin,none,0.7003105590062112
2-2-8,t3,mixture,0.4,500,800085,0.010585285002889577,gm_battery,none,0.0
2-2-8,t3,mixture,0.4,500,800085,0.010585285002889577,gtest,none,75.07751652214667
2-2-8,t3,mixture,0.4,500,800086,0.010418342004413716,kl_plugin,none,0.09653028562989632
2-2-8,t3,mixture,0.4,500,800086,0.010418342004413716,kl_split,none,0.8978583883387676
2-2-8,t3,mixture,0.4,500,800086,0.010418342004413716,kl_crossfit,none,1.7616685408459172
2-2-8,t3,mixture,0.4,500,800086,0.010418342004413716,cf1_margin,none,0.2990902684348772
2-2-8,t3,mixture,0.4,500,800086,0.010418342004413716,slack_plugin,none,0.5981805368697547
2-2-8,t3,mixture,0.4,500,800086,0.010418342004413716,gm_battery,none,0.0
2-2-8,t3,mixture,0.4,500,800086,0.010418342004413716,gtest,none,56.364661012697546
2-2-8,t3,mixture,0.4,500,800087,0.010425997999846004,kl_plugin,none,0.08297138140652736
2-2-8,t3,mixture,0.4,500,800087,0.010425997999846004,kl_split,none,0.8488549432677457
2-2-8,t3,mixture,0.4,500,800087,0.010425997999846004,kl_crossfit,none,2.100733869092655
2-2-8,t3,mixture,0.4,500,800087,0.010425997999846004,cf1_margin,none,0.2704813108038914
2-2-8,t3,mixture,0.4,500,800087,0.010425997999846004,slack_plugin,none,0.5409626216077829
2-2-8,t3,mixture,0.4,500,800087,0.010425997999846004,gm_battery,none,0.0
2-2-8,t3,mixture,0.4,500,800087,0.010425997999846004,gtest,none,96.2979464088028
2-2-8,t3,mixture,0.4,500,800088,0.0117273430005298,kl_plugin,none,0.08009504577282692
2-2-8,t3,mixture,0.4,500,800088,0.0117273430005298,kl_split,none,0.7932949739835629
2-2-8,t3,mixture,0.4,500,800088,0.0117273430005298,kl_crossfit,none,0.7155997124388366
2-2-8,t3,mixture,0.4,500,800088,0.0117273430005298,cf1_margin,none,0.2737411287597161
2-2-8,t3,mixture,0.4,500,800088,0.0117273430005298,slack_plugin,none,0.5474822575194322
2-2-8,t3,mixture,0.4,500,800088,0.0117273430005298,gm_battery,none,0.0
2-2-8,t3,mixture,0.4,500,800088,0.0117273430005298,gtest,none,89.73351582414118
2-2-8,t3,mixture,0.4,500,800089,0.009021985999424942,kl_plugin,none,0.11785636835966223
2-2-8,t3,mixture,0.4,500,800089,0.009021985999424942,kl_split,none,2.7009021975059504
2-2-8,t3,mixture,0.4,500,800089,0.009021985999424942,kl_crossfit,none,1.7444733214944288
2-2-8,t3,mixture,0.4,500,800089,0.009021985999424942,cf1_margin,none,0.3268642615810795
2-2-8,t3,mixture,0.4,500,800089,0.009021985999424942,slack_plugin,none,0.6537285231621591
2-2-8,t3,mixture,0.4,500,800089,0.009021985999424942,gm_battery,none,0.0
2-2-8,t3,mixture,0.4,500,800089,0.009021985999424942,gtest,none,65.67070534547004
2-2-8,t3,mixture,0.4,500,800090,0.009494327998254448,kl_plugin,none,0.09446265441284878
2-2-8,t3,mixture,0.4,500,800090,0.009494327998254448,kl_split,none,0.8781470055224506
2-2-8,t3,mixture,0.4,500,800090,0.009494327998254448,kl_crossfit,none,1.6594245464807815
2-2-8,t3,mixture,0.4,500,800090,0.009494327998254448,cf1_margin,none,0.2905752439650745
2-2-8,t3,mixture,0.4,500,800090,0.009494327998254448,slack_plugin,none,0.5811504879301491
2-2-8,t3,mixture,0.4,500,800090,0.009494327998254448,gm_battery,none,0.0
2-2-8,t3,mixture,0.4,500,800090,0.009494327998254448,gtest,none,58.04019482824174
2-2-8,t3,mixture,0.4,500,800091,0.009904156999255065,kl_plugin,none,0.08754990639192639
2-2-8,t3,mixture,0.4,500,800091,0.009904156999255065,kl_split,none,0.26286870943001334
2-2-8,t3,mixture,0.4,500,800091,0.009904156999255065,kl_crossfit,none,0.2808339475674403
2-2-8,t3,mixture,0.4,500,800091,0.009904156999255065,cf1_margin,none,0.27250807734966476
2-2-8,t3,mixture,0.4,500,800091,0.009904156999255065,slack_plugin,none,0.5450161546993297
2-2-8,t3,mixture,0.4,500,800091,0.009904156999255065,gm_battery,none,0.0
2-2-8,t3,mixture,0.4,500,800091,0.009904156999255065,gtest,none,73.04356301724205
2-2-8,t3,mixture,0.4,500,800092,0.011193439000635408,kl_plugin,none,0.12537602073654333
2-2-8,t3,mixture,0.4,500,800092,0.011193439000635408,kl_split,none,1.7753940610757464
2-2-8,t3,mixture,0.4,500,800092,0.011193439000635408,kl_crossfit,none,1.6425116451436577
2-2-8,t3,mixture,0.4,500,800092,0.011193439000635408,cf1_margin,none,0.33468156137647664
2-2-8,t3,mixture,0.4,500,800092,0.011193439000635408,slack_plugin,none,0.6693631227529533
2-2-8,t3,mixture,0.4,500,800092,0.011193439000635408,gm_battery,none,0.0
2-2-8,t3,mixture,0.4,500,800092,0.011193439000635408,gtest,none,74.16164954366778
2-2-8,t3,mixture,0.4,500,800093,0.010241486001177691,kl_plugin,none,0.08697390184576054
2-2-8,t3,mixture,0.4,500,800093,0.010241486001177691,kl_split,none,0.7310338819974055
2-2-8,t3,mixture,0.4,500,800093,0.010241486001177691,kl_crossfit,none,0.9868986682442407
2-2-8,t3,mixture,0.4,500,800093,0.010241486001177691,cf1_margin,none,0.28044871794871795
2-2-8,t3,mixture,0.4,500,800093,0.010241486001177691,slack_plugin,none,0.5608974358974359
2-2-8,t3,mixture,0.4,500,800093,0.010241486001177691,gm_battery,none,0.0
2-2-8,t3,mixture,0.4,500,800093,0.010241486001177691,gtest,none,88.84077579557376
2-2-8,t3,mixture,0.4,500,800094,0.013841744003002532,kl_plugin,none,0.13783154361382166
2-2-8,t3,mixture,0.4,500,800094,0.013841744003002532,kl_split,none,0.830324602804201
2-2-8,t3,mixture,0.4,500,800094,0.013841744003002532,kl_crossfit,none,1.230020998719574
2-2-8,t3,mixture,0.4,500,800094,0.013841744003002532,cf1_margin,none,0.34885954381752704
2-2-8,t3,mixture,0.4,500,800094,0.013841744003002532,slack_plugin,none,0.6977190876350541
2-2-8,t3,mixture,0.4,500,800094,0.013841744003002532,gm_battery,none,0.0
2-2-8,t3,mixture,0.4,500,800094,0.013841744003002532,gtest,none,43.755279324675364
2-2-8,t3,mixture,0.4,500,800095,0.01007931400090456,kl_plugin,none,0.07991529745043628
2-2-8,t3,mixture,0.4,500,800095,0.01007931400090456,kl_split,none,1.2272549485713908
2-2-8,t3,mixture,0.4,500,800095,0.01007931400090456,kl_crossfit,none,0.981582575511574
2-2-8,t3,mixture,0.4,500,800095,0.01007931400090456,cf1_margin,none,0.2649958389347673
2-2-8,t3,mixture,0.4,500,800095,0.01007931400090456,slack_plugin,none,0.5299916778695346
2-2-8,t3,mixture,0.4,500,800095,0.01007931400090456,gm_battery,none,0.0
2-2-8,t3,mixture,0.4,500,800095,0.01007931400090456,gtest,none,88.54335995519807
2-2-8,t3,mixture,0.4,500,800096,0.011437660999945365,kl_plugin,none,0.11411458213521936
2-2-8,t3,mixture,0.4,500,800096,0.011437660999945365,kl_split,none,0.6928989437409754
2-2-8,t3,mixture,0.4,500,800096,0.011437660999945365,kl_crossfit,none,1.0154032380514946
2-2-8,t3,mixture,0.4,500,800096,0.011437660999945365,cf1_margin,none,0.3226013649136893
2-2-8,t3,mixture,0.4,500,800096,0.011437660999945365,slack_plugin,none,0.6452027298273787
2-2-8,t3,mixture,0.4,500,800096,0.011437660999945365,gm_battery,none,0.0
2-2-8,t3,mixture,0.4,500,800096,0.011437660999945365,gtest,none,48.33043176423873
2-2-8,t3,mixture,0.4,500,800097,0.010534195993386675,kl_plugin,none,0.08730552970501976
2-2-8,t3,mixture,0.4,500,800097,0.010534195993386675,kl_split,none,2.736738013345524
2-2-8,t3,mixture,0.4,500,800097,0.010534195993386675,kl_crossfit,none,1.7707175474873946
2-2-8,t3,mixture,0.4,500,800097,0.010534195993386675,cf1_margin,none,0.28050048800780814
2-2-8,t3,mixture,0.4,500,800097,0.010534195993386675,slack_plugin,none,0.5610009760156164
2-2-8,t3,mixture,0.4,500,800097,0.010534195993386675,gm_battery,none,0.0
2-2-8,t3,mixture,0.4,500,800097,0.010534195993386675,gtest,none,59.37659654070693
2-2-8,t3,mixture,0.4,500,800098,0.010776082999655046,kl_plugin,none,0.1416504675479019
2-2-8,t3,mixture,0.4,500,800098,0.010776082999655046,kl_split,none,4.660574141458634
2-2-8,t3,mixture,0.4,500,800098,0.010776082999655046,kl_crossfit,none,3.2377432796225976
2-2-8,t3,mixture,0.4,500,800098,0.010776082999655046,cf1_margin,none,0.35291764668234704
2-2-8,t3,mixture,0.4,500,800098,0.010776082999655046,slack_plugin,none,0.705835293364694
2-2-8,t3,mixture,0.4,500,800098,0.010776082999655046,gm_battery,none,0.0
2-2-8,t3,mixture,0.4,500,800098,0.010776082999655046,gtest,none,104.62910936520973
2-2-8,t3,mixture,0.4,500,800099,0.01092260599398287,kl_plugin,none,0.12832247995600427
2-2-8,t3,mixture,0.4,500,800099,0.01092260599398287,kl_split,none,1.6653764312460386
2-2-8,t3,mixture,0.4,500,800099,0.01092260599398287,kl_crossfit,none,0.9660717210797204
2-2-8,t3,mixture,0.4,500,800099,0.01092260599398287,cf1_margin,none,0.33562312853276977
2-2-8,t3,mixture,0.4,500,800099,0.01092260599398287,slack_plugin,none,0.6712462570655394
2-2-8,t3,mixture,0.4,500,800099,0.01092260599398287,gm_battery,none,0.0
2-2-8,t3,mixture,0.4,500,800099,0.01092260599398287,gtest,none,59.64150954304477
2-2-8,t3,mixture,0.4,500,800100,0.01022591599758016,kl_plugin,none,0.08589757214282924
2-2-8,t3,mixture,0.4,500,800100,0.01022591599758016,kl_split,none,1.841419334710089
2-2-8,t3,mixture,0.4,500,800100,0.01022591599758016,kl_crossfit,none,1.0322046824614686
2-2-8,t3,mixture,0.4,500,800100,0.01022591599758016,cf1_margin,none,0.2734960599654046
2-2-8,t3,mixture,0.4,500,800100,0.01022591599758016,slack_plugin,none,0.5469921199308092
2-2-8,t3,mixture,0.4,500,800100,0.01022591599758016,gm_battery,none,0.0
2-2-8,t3,mixture,0.4,500,800100,0.01022591599758016,gtest,none,86.22139576548832
2-2-8,t3,mixture,0.4,500,800101,0.012526881997473538,kl_plugin,none,0.118137180169824
2-2-8,t3,mixture,0.4,500,800101,0.012526881997473538,kl_split,none,0.32687183253206964
2-2-8,t3,mixture,0.4,500,800101,0.012526881997473538,kl_crossfit,none,1.5961359301245994
2-2-8,t3,mixture,0.4,500,800101,0.012526881997473538,cf1_margin,none,0.3208821458293324
2-2-8,t3,mixture,0.4,500,800101,0.012526881997473538,slack_plugin,none,0.6417642916586647
2-2-8,t3,mixture,0.4,500,800101,0.012526881997473538,gm_battery,none,0.0
2-2-8,t3,mixture,0.4,500,800101,0.012526881997473538,gtest,none,73.77698923741788
2-2-8,t3,mixture,0.4,500,800102,0.01345942299667513,kl_plugin,none,0.1669494034032129
2-2-8,t3,mixture,0.4,500,800102,0.01345942299667513,kl_split,none,2.233905258792569
2-2-8,t3,mixture,0.4,500,800102,0.01345942299667513,kl_crossfit,none,1.9038707262562626
2-2-8,t3,mixture,0.4,500,800102,0.01345942299667513,cf1_margin,none,0.38048608777740456
2-2-8,t3,mixture,0.4,500,800102,0.01345942299667513,slack_plugin,none,0.7609721755548089
2-2-8,t3,mixture,0.4,500,800102,0.01345942299667513,gm_battery,none,0.0
2-2-8,t3,mixture,0.4,500,800102,0.01345942299667513,gtest,none,63.02018481402264
2-2-8,t3,mixture,0.4,500,800103,0.015730134000477847,kl_plugin,none,0.13874002319074624
2-2-8,t3,mixture,0.4,500,800103,0.015730134000477847,kl_split,none,1.1321866706343797
2-2-8,t3,mixture,0.4,500,800103,0.015730134000477847,kl_crossfit,none,0.6942242533662802
2-2-8,t3,mixture,0.4,500,800103,0.015730134000477847,cf1_margin,none,0.34119418766721665
2-2-8,t3,mixture,0.4,500,800103,0.015730134000477847,slack_plugin,none,0.6823883753344334
2-2-8,t3,mixture,0.4,500,800103,0.015730134000477847,gm_battery,none,0.0
2-2-8,t3,mixture,0.4,500,800103,0.015730134000477847,gtest,none,66.50185201100363
2-2-8,t3,mixture,0.4,500,800104,0.010390486997494008,kl_plugin,none,0.07965961581819626
2-2-8,t3,mixture,0.4,500,800104,0.010390486997494008,kl_split,none,0.23943685499143533
2-2-8,t3,mixture,0.4,500,800104,0.010390486997494008,kl_crossfit,none,1.1071264040592534
2-2-8,t3,mixture,0.4,500,800104,0.010390486997494008,cf1_margin,none,0.2650907691320803
2-2-8,t3,mixture,0.4,500,800104,0.010390486997494008,slack_plugin,none,0.5301815382641606
2-2-8,t3,mixture,0.4,500,800104,0.010390486997494008,gm_battery,none,0.0
2-2-8,t3,mixture,0.4,500,800104,0.010390486997494008,gtest,none,99.17257053181599
2-2-8,t3,mixture,0.4,500,800105,0.00836711999727413,kl_plugin,none,0.13388762541322702
2-2-8,t3,mixture,0.4,500,800105,0.00836711999727413,kl_split,none,1.9343383315112412
2-2-8,t3,mixture,0.4,500,800105,0.00836711999727413,kl_crossfit,none,1.8181731844049096
2-2-8,t3,mixture,0.4,500,800105,0.00836711999727413,cf1_margin,none,0.34157274590163933
2-2-8,t3,mixture,0.4,500,800105,0.00836711999727413,slack_plugin,none,0.6831454918032787
2-2-8,t3,mixture,0.4,500,800105,0.00836711999727413,gm_battery,none,0.0
2-2-8,t3,mixture,0.4,500,800105,0.00836711999727413,gtest,none,83.95024685636011
2-2-8,t3,mixture,0.4,500,800106,0.017026267996698152,kl_plugin,none,0.1049884333603853
2-2-8,t3,mixture,0.4,500,800106,0.017026267996698152,kl_split,none,1.8863036137311806
2-2-8,t3,mixture,0.4,500,800106,0.017026267996698152,kl_crossfit,none,1.538639866700338
2-2-8,t3,mixture,0.4,500,800106,0.017026267996698152,cf1_margin,none,0.31599999999999984
2-2-8,t3,mixture,0.4,500,800106,0.017026267996698152,slack_plugin,none,0.6319999999999999
2-2-8,t3,mixture,0.4,500,800106,0.017026267996698152,gm_battery,none,0.0
2-2-8,t3,mixture,0.4,500,800106,0.017026267996698152,gtest,none,96.74706632731116
2-2-8,t3,mixture,0.4,500,800107,0.010134714997548144,kl_plugin,none,0.1665273850831214
2-2-8,t3,mixture,0.4,500,800107,0.010134714997548144,kl_split,none,0.6436635527727661
2-2-8,t3,mixture,0.4,500,800107,0.010134714997548144,kl_crossfit,none,1.2812464403751753
2-2-8,t3,mixture,0.4,500,800107,0.010134714997548144,cf1_margin,none,0.38197644649257556
2-2-8,t3,mixture,0.4,500,800107,0.010134714997548144,slack_plugin,none,0.7639528929851513
2-2-8,t3,mixture,0.4,500,800107,0.010134714997548144,gm_battery,none,0.0
2-2-8,t3,mixture,0.4,500,800107,0.010134714997548144,gtest,none,52.73693331575484
2-2-8,t3,mixture,0.4,500,800108,0.009902685997076333,kl_plugin,none,0.10823156862953398
2-2-8,t3,mixture,0.4,500,800108,0.009902685997076333,kl_split,none,0.8507336048102423
2-2-8,t3,mixture,0.4,500,800108,0.009902685997076333,kl_crossfit,none,1.8727207992393746
2-2-8,t3,mixture,0.4,500,800108,0.009902685997076333,cf1_margin,none,0.30878586065573776
2-2-8,t3,mixture,0.4,500,800108,0.009902685997076333,slack_plugin,none,0.6175717213114754
2-2-8,t3,mixture,0.4,500,800108,0.009902685997076333,gm_battery,none,0.0
2-2-8,t3,mixture,0.4,500,800108,0.009902685997076333,gtest,none,74.15528934941396
2-2-8,t3,mixture,0.4,500,800109,0.010560540998994838,kl_plugin,none,0.13830899955120435
2-2-8,t3,mixture,0.4,500,800109,0.010560540998994838,kl_split,none,2.8741814028791395
2-2-8,t3,mixture,0.4,500,800109,0.010560540998994838,kl_crossfit,none,2.2852018649406136
2-2-8,t3,mixture,0.4,500,800109,0.010560540998994838,cf1_margin,none,0.349846390168971
2-2-8,t3,mixture,0.4,500,800109,0.010560540998994838,slack_plugin,none,0.6996927803379418
2-2-8,t3,mixture,0.4,500,800109,0.010560540998994838,gm_battery,none,0.0
2-2-8,t3,mixture,0.4,500,800109,0.010560540998994838,gtest,none,79.30554453071738
2-2-8,t3,mixture,0.4,500,800110,0.011408985999878496,kl_plugin,none,0.0750211010662883
2-2-8,t3,mixture,0.4,500,800110,0.011408985999878496,kl_split,none,2.7197589148396166
2-2-8,t3,mixture,0.4,500,800110,0.011408985999878496,kl_crossfit,none,1.4783378243547716
2-2-8,t3,mixture,0.4,500,800110,0.011408985999878496,cf1_margin,none,0.2562495962793101
2-2-8,t3,mixture,0.4,500,800110,0.011408985999878496,slack_plugin,none,0.5124991925586203
2-2-8,t3,mixture,0.4,500,800110,0.011408985999878496,gm_battery,none,0.0
2-2-8,t3,mixture,0.4,500,800110,0.011408985999878496,gtest,none,63.90532307337564
2-2-8,t3,mixture,0.4,500,800111,0.009412334999069571,kl_plugin,none,0.11175602925271846
2-2-8,t3,mixture,0.4,500,800111,0.009412334999069571,kl_split,none,1.3152578229883822
2-2-8,t3,mixture,0.4,500,800111,0.009412334999069571,kl_crossfit,none,2.36834184552568
2-2-8,t3,mixture,0.4,500,800111,0.009412334999069571,cf1_margin,none,0.32441086065573765
2-2-8,t3,mixture,0.4,500,800111,0.009412334999069571,slack_plugin,none,0.6488217213114753
2-2-8,t3,mixture,0.4,500,800111,0.009412334999069571,gm_battery,none,0.0
2-2-8,t3,mixture,0.4,500,800111,0.009412334999069571,gtest,none,76.67493393025211
2-2-8,t3,mixture,0.4,500,800112,0.009754086000612006,kl_plugin,none,0.15919453217645718
2-2-8,t3,mixture,0.4,500,800112,0.009754086000612006,kl_split,none,0.3305539443214352
2-2-8,t3,mixture,0.4,500,800112,0.009754086000612006,kl_crossfit,none,0.5421115556334463
2-2-8,t3,mixture,0.4,500,800112,0.009754086000612006,cf1_margin,none,0.37990066065486816
2-2-8,t3,mixture,0.4,500,800112,0.009754086000612006,slack_plugin,none,0.7598013213097361
2-2-8,t3,mixture,0.4,500,800112,0.009754086000612006,gm_battery,none,0.0
2-2-8,t3,mixture,0.4,500,800112,0.009754086000612006,gtest,none,86.00976757105653
2-2-8,t3,mixture,0.4,500,800113,0.010049422999145463,kl_plugin,none,0.09865766447801769
2-2-8,t3,mixture,0.4,500,800113,0.010049422999145463,kl_split,none,0.2615967501606511
2-2-8,t3,mixture,0.4,500,800113,0.010049422999145463,kl_crossfit,none,1.1579820085884354
2-2-8,t3,mixture,0.4,500,800113,0.010049422999145463,cf1_margin,none,0.3008234688625836
2-2-8,t3,mixture,0.4,500,800113,0.010049422999145463,slack_plugin,none,0.6016469377251676
2-2-8,t3,mixture,0.4,500,800113,0.010049422999145463,gm_battery,none,0.0
2-2-8,t3,mixture,0.4,500,800113,0.010049422999145463,gtest,none,54.49949141459117
2-2-8,t3,mixture,0.4,500,800114,0.011987359001068398,kl_plugin,none,0.15779188848197787
2-2-8,t3,mixture,0.4,500,800114,0.011987359001068398,kl_split,none,0.34498770943527596
2-2-8,t3,mixture,0.4,500,800114,0.011987359001068398,kl_crossfit,none,1.2182446832747738
2-2-8,t3,mixture,0.4,500,800114,0.011987359001068398,cf1_margin,none,0.3747419628426494
2-2-8,t3,mixture,0.4,500,800114,0.011987359001068398,slack_plugin,none,0.749483925685299
2-2-8,t3,mixture,0.4,500,800114,0.011987359001068398,gm_battery,none,0.0
2-2-8,t3,mixture,0.4,500,800114,0.011987359001068398,gtest,none,60.21434354161163
2-2-8,t3,mixture,0.4,500,800115,0.014546327998687048,kl_plugin,none,0.14802659710555968
2-2-8,t3,mixture,0.4,500,800115,0.014546327998687048,kl_split,none,0.20271993272037625
2-2-8,t3,mixture,0.4,500,800115,0.014546327998687048,kl_crossfit,none,0.8378589212970706
2-2-8,t3,mixture,0.4,500,800115,0.014546327998687048,cf1_margin,none,0.35643944852764575
2-2-8,t3,mixture,0.4,500,800115,0.014546327998687048,slack_plugin,none,0.7128788970552914
2-2-8,t3,mixture,0.4,500,800115,0.014546327998687048,gm_battery,none,0.0
2-2-8,t3,mixture,0.4,500,800115,0.014546327998687048,gtest,none,76.14025384211615
2-2-8,t3,mixture,0.4,500,800116,0.009670544000982773,kl_plugin,none,0.12268747645294519
2-2-8,t3,mixture,0.4,500,800116,0.009670544000982773,kl_split,none,0.2420827218479083
2-2-8,t3,mixture,0.4,500,800116,0.009670544000982773,kl_crossfit,none,0.5353838041954675
2-2-8,t3,mixture,0.4,500,800116,0.009670544000982773,cf1_margin,none,0.338450892354238
2-2-8,t3,mixture,0.4,500,800116,0.009670544000982773,slack_plugin,none,0.6769017847084762
2-2-8,t3,mixture,0.4,500,800116,0.009670544000982773,gm_battery,none,0.0
2-2-8,t3,mixture,0.4,500,800116,0.009670544000982773,gtest,none,43.8658194654042
2-2-8,t3,mixture,0.4,500,800117,0.012434732001565862,kl_plugin,none,0.11332913923162437
2-2-8,t3,mixture,0.4,500,800117,0.012434732001565862,kl_split,none,0.2911193556544668
2-2-8,t3,mixture,0.4,500,800117,0.012434732001565862,kl_crossfit,none,0.9604021280726274
2-2-8,t3,mixture,0.4,500,800117,0.012434732001565862,cf1_margin,none,0.3243719841613364
2-2-8,t3,mixture,0.4,500,800117,0.012434732001565862,slack_plugin,none,0.6487439683226727
2-2-8,t3,mixture,0.4,500,800117,0.012434732001565862,gm_battery,none,0.0
2-2-8,t3,mixture,0.4,500,800117,0.012434732001565862,gtest,none,75.49123249312551
2-2-8,t3,mixture,0.4,500,800118,0.00954329199885251,kl_plugin,none,0.12075861891285541
2-2-8,t3,mixture,0.4,500,800118,0.00954329199885251,kl_split,none,0.6782853279680495
2-2-8,t3,mixture,0.4,500,800118,0.00954329199885251,kl_crossfit,none,1.834225276031549
2-2-8,t3,mixture,0.4,500,800118,0.00954329199885251,cf1_margin,none,0.3258903561424571
2-2-8,t3,mixture,0.4,500,800118,0.00954329199885251,slack_plugin,none,0.6517807122849139
2-2-8,t3,mixture,0.4,500,800118,0.00954329199885251,gm_battery,none,0.0
2-2-8,t3,mixture,0.4,500,800118,0.00954329199885251,gtest,none,65.28939686012896
2-2-8,t3,mixture,0.4,500,800119,0.010248615995806176,kl_plugin,none,0.10841638323644137
2-2-8,t3,mixture,0.4,500,800119,0.010248615995806176,kl_split,none,0.33396514424662493
2-2-8,t3,mixture,0.4,500,800119,0.010248615995806176,kl_crossfit,none,1.4936730700262513
2-2-8,t3,mixture,0.4,500,800119,0.010248615995806176,cf1_margin,none,0.3127682747133065
2-2-8,t3,mixture,0.4,500,800119,0.010248615995806176,slack_plugin,none,0.6255365494266126
2-2-8,t3,mixture,0.4,500,800119,0.010248615995806176,gm_battery,none,0.0
2-2-8,t3,mixture,0.4,500,800119,0.010248615995806176,gtest,none,78.85780000519215
2-2-8,t3,mixture,0.4,500,800120,0.009644245001254603,kl_plugin,none,0.07896612895951878
2-2-8,t3,mixture,0.4,500,800120,0.009644245001254603,kl_split,none,1.4353695641510962
2-2-8,t3,mixture,0.4,500,800120,0.009644245001254603,kl_crossfit,none,1.796991063550658
2-2-8,t3,mixture,0.4,500,800120,0.009644245001254603,cf1_margin,none,0.2687002355052146
2-2-8,t3,mixture,0.4,500,800120,0.009644245001254603,slack_plugin,none,0.5374004710104296
2-2-8,t3,mixture,0.4,500,800120,0.009644245001254603,gm_battery,none,0.0
2-2-8,t3,mixture,0.4,500,800120,0.009644245001254603,gtest,none,59.33237236290656
2-2-8,t3,mixture,0.4,500,800121,0.009930542000802234,kl_plugin,none,0.07337604958688336
2-2-8,t3,mixture,0.4,500,800121,0.009930542000802234,kl_split,none,0.809484503118079
2-2-8,t3,mixture,0.4,500,800121,0.009930542000802234,kl_crossfit,none,0.5061025217533802
2-2-8,t3,mixture,0.4,500,800121,0.009930542000802234,cf1_margin,none,0.25704405737704916
2-2-8,t3,mixture,0.4,500,800121,0.009930542000802234,slack_plugin,none,0.5140881147540983
2-2-8,t3,mixture,0.4,500,800121,0.009930542000802234,gm_battery,none,0.0
2-2-8,t3,mixture,0.4,500,800121,0.009930542000802234,gtest,none,92.56175631750114
2-2-8,t3,mixture,0.4,500,800122,0.010660768995876424,kl_plugin,none,0.10108147314933233
2-2-8,t3,mixture,0.4,500,800122,0.010660768995876424,kl_split,none,1.8045100911760326
2-2-8,t3,mixture,0.4,500,800122,0.010660768995876424,kl_crossfit,none,1.4620165687527475
2-2-8,t3,mixture,0.4,500,800122,0.010660768995876424,cf1_margin,none,0.2985833694309411
2-2-8,t3,mixture,0.4,500,800122,0.010660768995876424,slack_plugin,none,0.5971667388618827
2-2-8,t3,mixture,0.4,500,800122,0.010660768995876424,gm_battery,none,0.0
2-2-8,t3,mixture,0.4,500,800122,0.010660768995876424,gtest,none,87.16383979431637
2-2-8,t3,mixture,0.4,500,800123,0.01091569000709569,kl_plugin,none,0.07076930508006793
2-2-8,t3,mixture,0.4,500,800123,0.01091569000709569,kl_split,none,8.398991924392504
2-2-8,t3,mixture,0.4,500,800123,0.01091569000709569,kl_crossfit,none,5.052606536669621
2-2-8,t3,mixture,0.4,500,800123,0.01091569000709569,cf1_margin,none,0.252561475409836
2-2-8,t3,mixture,0.4,500,800123,0.01091569000709569,slack_plugin,none,0.5051229508196721
2-2-8,t3,mixture,0.4,500,800123,0.01091569000709569,gm_battery,none,0.0
2-2-8,t3,mixture,0.4,500,800123,0.01091569000709569,gtest,none,55.43769845236565
2-2-8,t3,mixture,0.4,500,800124,0.011223774999962188,kl_plugin,none,0.08452887511782595
2-2-8,t3,mixture,0.4,500,800124,0.011223774999962188,kl_split,none,0.7167984306615969
2-2-8,t3,mixture,0.4,500,800124,0.011223774999962188,kl_crossfit,none,1.9746247877613732
2-2-8,t3,mixture,0.4,500,800124,0.011223774999962188,cf1_margin,none,0.2779165865846627
2-2-8,t3,mixture,0.4,500,800124,0.011223774999962188,slack_plugin,none,0.5558331731693252
2-2-8,t3,mixture,0.4,500,800124,0.011223774999962188,gm_battery,none,0.0
2-2-8,t3,mixture,0.4,500,800124,0.011223774999962188,gtest,none,80.35439264233291
2-2-8,t3,mixture,0.4,500,800125,0.009292542999901343,kl_plugin,none,0.07260462213133617
2-2-8,t3,mixture,0.4,500,800125,0.009292542999901343,kl_split,none,0.7459039440348758
2-2-8,t3,mixture,0.4,500,800125,0.009292542999901343,kl_crossfit,none,1.251514181078266
2-2-8,t3,mixture,0.4,500,800125,0.009292542999901343,cf1_margin,none,0.2559999999999998
2-2-8,t3,mixture,0.4,500,800125,0.009292542999901343,slack_plugin,none,0.5119999999999998
2-2-8,t3,mixture,0.4,500,800125,0.009292542999901343,gm_battery,none,0.0
2-2-8,t3,mixture,0.4,500,800125,0.009292542999901343,gtest,none,96.3001193230923
2-2-8,t3,mixture,0.4,500,800126,0.009884218001388945,kl_plugin,none,0.11408619056641969
2-2-8,t3,mixture,0.4,500,800126,0.009884218001388945,kl_split,none,4.084761255582761
2-2-8,t3,mixture,0.4,500,800126,0.009884218001388945,kl_crossfit,none,3.384512659041497
2-2-8,t3,mixture,0.4,500,800126,0.009884218001388945,cf1_margin,none,0.3162908962165467
2-2-8,t3,mixture,0.4,500,800126,0.009884218001388945,slack_plugin,none,0.6325817924330934
2-2-8,t3,mixture,0.4,500,800126,0.009884218001388945,gm_battery,none,0.0
2-2-8,t3,mixture,0.4,500,800126,0.009884218001388945,gtest,none,63.82152000526154
2-2-8,t3,mixture,0.4,500,800127,0.011440962000051513,kl_plugin,none,0.12360273404429631
2-2-8,t3,mixture,0.4,500,800127,0.011440962000051513,kl_split,none,1.1625638125342015
2-2-8,t3,mixture,0.4,500,800127,0.011440962000051513,kl_crossfit,none,1.292784900702575
2-2-8,t3,mixture,0.4,500,800127,0.011440962000051513,cf1_margin,none,0.32645058023209284
2-2-8,t3,mixture,0.4,500,800127,0.011440962000051513,slack_plugin,none,0.6529011604641854
2-2-8,t3,mixture,0.4,500,800127,0.011440962000051513,gm_battery,none,0.0
2-2-8,t3,mixture,0.4,500,800127,0.011440962000051513,gtest,none,66.41186753133782
2-2-8,t3,mixture,0.4,500,800128,0.01507648199913092,kl_plugin,none,0.09375004798811121
2-2-8,t3,mixture,0.4,500,800128,0.01507648199913092,kl_split,none,1.7957356204508697
2-2-8,t3,mixture,0.4,500,800128,0.01507648199913092,kl_crossfit,none,1.6613193078900126
2-2-8,t3,mixture,0.4,500,800128,0.01507648199913092,cf1_margin,none,0.29048983053559707
2-2-8,t3,mixture,0.4,500,800128,0.01507648199913092,slack_plugin,none,0.5809796610711944
2-2-8,t3,mixture,0.4,500,800128,0.01507648199913092,gm_battery,none,0.0
2-2-8,t3,mixture,0.4,500,800128,0.01507648199913092,gtest,none,106.71090620882948
2-2-8,t3,mixture,0.4,500,800129,0.015679612006351817,kl_plugin,none,0.1271582788592069
2-2-8,t3,mixture,0.4,500,800129,0.015679612006351817,kl_split,none,0.884895598485796
2-2-8,t3,mixture,0.4,500,800129,0.015679612006351817,kl_crossfit,none,0.9777988462624415
2-2-8,t3,mixture,0.4,500,800129,0.015679612006351817,cf1_margin,none,0.344137655062025
2-2-8,t3,mixture,0.4,500,800129,0.015679612006351817,slack_plugin,none,0.6882753101240496
2-2-8,t3,mixture,0.4,500,800129,0.015679612006351817,gm_battery,none,0.0
2-2-8,t3,mixture,0.4,500,800129,0.015679612006351817,gtest,none,61.8474302826055
2-2-8,t3,mixture,0.4,500,800130,0.011963031996856444,kl_plugin,none,0.1283806530880689
2-2-8,t3,mixture,0.4,500,800130,0.011963031996856444,kl_split,none,0.29208532911456647
2-2-8,t3,mixture,0.4,500,800130,0.011963031996856444,kl_crossfit,none,2.420375929874951
2-2-8,t3,mixture,0.4,500,800130,0.011963031996856444,cf1_margin,none,0.3426841186177285
2-2-8,t3,mixture,0.4,500,800130,0.011963031996856444,slack_plugin,none,0.6853682372354568
2-2-8,t3,mixture,0.4,500,800130,0.011963031996856444,gm_battery,none,0.0
2-2-8,t3,mixture,0.4,500,800130,0.011963031996856444,gtest,none,83.63669666056693
2-2-8,t3,mixture,0.4,500,800131,0.01251761699677445,kl_plugin,none,0.12499604919972421
2-2-8,t3,mixture,0.4,500,800131,0.01251761699677445,kl_split,none,2.205537801160264
2-2-8,t3,mixture,0.4,500,800131,0.01251761699677445,kl_crossfit,none,1.415895027860269
2-2-8,t3,mixture,0.4,500,800131,0.01251761699677445,cf1_margin,none,0.33677470988395364
2-2-8,t3,mixture,0.4,500,800131,0.01251761699677445,slack_plugin,none,0.6735494197679072
2-2-8,t3,mixture,0.4,500,800131,0.01251761699677445,gm_battery,none,0.0
2-2-8,t3,mixture,0.4,500,800131,0.01251761699677445,gtest,none,70.05198405122492
2-2-8,t3,mixture,0.4,500,800132,0.01534629899833817,kl_plugin,none,0.15260596741150415
2-2-8,t3,mixture,0.4,500,800132,0.01534629899833817,kl_split,none,1.7490876606205912
2-2-8,t3,mixture,0.4,500,800132,0.01534629899833817,kl_crossfit,none,1.015885186760508
2-2-8,t3,mixture,0.4,500,800132,0.01534629899833817,cf1_margin,none,0.37360579923508985
2-2-8,t3,mixture,0.4,500,800132,0.01534629899833817,slack_plugin,none,0.7472115984701798
2-2-8,t3,mixture,0.4,500,800132,0.01534629899833817,gm_battery,none,0.0
2-2-8,t3,mixture,0.4,500,800132,0.01534629899833817,gtest,none,53.059381255044144
2-2-8,t3,mixture,0.4,500,800133,0.008241163995990064,kl_plugin,none,0.15258220940936568
2-2-8,t3,mixture,0.4,500,800133,0.008241163995990064,kl_split,none,3.228567092531993
2-2-8,t3,mixture,0.4,500,800133,0.008241163995990064,kl_crossfit,none,1.9190888483117141
2-2-8,t3,mixture,0.4,500,800133,0.008241163995990064,cf1_margin,none,0.3525483979439882
2-2-8,t3,mixture,0.4,500,800133,0.008241163995990064,slack_plugin,none,0.7050967958879764
2-2-8,t3,mixture,0.4,500,800133,0.008241163995990064,gm_battery,none,0.0
2-2-8,t3,mixture,0.4,500,800133,0.008241163995990064,gtest,none,65.33033657328122
2-2-8,t3,mixture,0.4,500,800134,0.014250458996684756,kl_plugin,none,0.07660318963321984
2-2-8,t3,mixture,0.4,500,800134,0.014250458996684756,kl_split,none,1.6588205636328188
2-2-8,t3,mixture,0.4,500,800134,0.014250458996684756,kl_crossfit,none,3.9382996230330996
2-2-8,t3,mixture,0.4,500,800134,0.014250458996684756,cf1_margin,none,0.2567881086097379
2-2-8,t3,mixture,0.4,500,800134,0.014250458996684756,slack_plugin,none,0.5135762172194754
2-2-8,t3,mixture,0.4,500,800134,0.014250458996684756,gm_battery,none,0.0
2-2-8,t3,mixture,0.4,500,800134,0.014250458996684756,gtest,none,59.3036648548441
2-2-8,t3,mixture,0.4,500,800135,0.015327695000451058,kl_plugin,none,0.12842902513141227
2-2-8,t3,mixture,0.4,500,800135,0.015327695000451058,kl_split,none,0.842991459743182
2-2-8,t3,mixture,0.4,500,800135,0.015327695000451058,kl_crossfit,none,2.114961987255053
2-2-8,t3,mixture,0.4,500,800135,0.015327695000451058,cf1_margin,none,0.3375
2-2-8,t3,mixture,0.4,500,800135,0.015327695000451058,slack_plugin,none,0.6749999999999998
2-2-8,t3,mixture,0.4,500,800135,0.015327695000451058,gm_battery,none,0.0
2-2-8,t3,mixture,0.4,500,800135,0.015327695000451058,gtest,none,65.17607764357135
2-2-8,t3,mixture,0.4,500,800136,0.015380431999801658,kl_plugin,none,0.18496096786246918
2-2-8,t3,mixture,0.4,500,800136,0.015380431999801658,kl_split,none,2.771518685836397
2-2-8,t3,mixture,0.4,500,800136,0.015380431999801658,kl_crossfit,none,1.8591638340068757
2-2-8,t3,mixture,0.4,500,800136,0.015380431999801658,cf1_margin,none,0.405108080288214
2-2-8,t3,mixture,0.4,500,800136,0.015380431999801658,slack_plugin,none,0.810216160576428
2-2-8,t3,mixture,0.4,500,800136,0.015380431999801658,gm_battery,none,0.0
2-2-8,t3,mixture,0.4,500,800136,0.015380431999801658,gtest,none,91.31478524713364
2-2-8,t3,mixture,0.4,500,800137,0.010870034006075002,kl_plugin,none,0.06450867991492606
2-2-8,t3,mixture,0.4,500,800137,0.010870034006075002,kl_split,none,0.788792210689692
2-2-8,t3,mixture,0.4,500,800137,0.010870034006075002,kl_crossfit,none,1.0799197281854291
2-2-8,t3,mixture,0.4,500,800137,0.010870034006075002,cf1_margin,none,0.23524889486834522
2-2-8,t3,mixture,0.4,500,800137,0.010870034006075002,slack_plugin,none,0.4704977897366903
2-2-8,t3,mixture,0.4,500,800137,0.010870034006075002,gm_battery,none,0.0
2-2-8,t3,mixture,0.4,500,800137,0.010870034006075002,gtest,none,80.84421259972171
2-2-8,t3,mixture,0.4,500,800138,0.009927227998559829,kl_plugin,none,0.13606048156364253
2-2-8,t3,mixture,0.4,500,800138,0.009927227998559829,kl_split,none,0.7413022261409665
2-2-8,t3,mixture,0.4,500,800138,0.009927227998559829,kl_crossfit,none,1.6188770622686288
2-2-8,t3,mixture,0.4,500,800138,0.009927227998559829,cf1_margin,none,0.3467172208179403
2-2-8,t3,mixture,0.4,500,800138,0.009927227998559829,slack_plugin,none,0.6934344416358804
2-2-8,t3,mixture,0.4,500,800138,0.009927227998559829,gm_battery,none,0.0
2-2-8,t3,mixture,0.4,500,800138,0.009927227998559829,gtest,none,83.65562800019666
2-2-8,t3,mixture,0.4,500,800139,0.01411711699620355,kl_plugin,none,0.14299361569633998
2-2-8,t3,mixture,0.4,500,800139,0.01411711699620355,kl_split,none,0.722227331061811
2-2-8,t3,mixture,0.4,500,800139,0.01411711699620355,kl_crossfit,none,1.3003955694089717
2-2-8,t3,mixture,0.4,500,800139,0.01411711699620355,cf1_margin,none,0.3581582991803278
2-2-8,t3,mixture,0.4,500,800139,0.01411711699620355,slack_plugin,none,0.7163165983606558
2-2-8,t3,mixture,0.4,500,800139,0.01411711699620355,gm_battery,none,0.0
2-2-8,t3,mixture,0.4,500,800139,0.01411711699620355,gtest,none,72.20238197870415
2-2-8,t3,mixture,0.4,500,800140,0.012954893994901795,kl_plugin,none,0.1137550269423443
2-2-8,t3,mixture,0.4,500,800140,0.012954893994901795,kl_split,none,1.299729006654902
2-2-8,t3,mixture,0.4,500,800140,0.012954893994901795,kl_crossfit,none,1.7401318984136245
2-2-8,t3,mixture,0.4,500,800140,0.012954893994901795,cf1_margin,none,0.31490015360983115
2-2-8,t3,mixture,0.4,500,800140,0.012954893994901795,slack_plugin,none,0.6298003072196621
2-2-8,t3,mixture,0.4,500,800140,0.012954893994901795,gm_battery,none,0.0
2-2-8,t3,mixture,0.4,500,800140,0.012954893994901795,gtest,none,78.91003532896829
2-2-8,t3,mixture,0.4,500,800141,0.00979040200036252,kl_plugin,none,0.12099832622205048
2-2-8,t3,mixture,0.4,500,800141,0.00979040200036252,kl_split,none,9.42130618662697
2-2-8,t3,mixture,0.4,500,800141,0.00979040200036252,kl_crossfit,none,4.869942909146298
2-2-8,t3,mixture,0.4,500,800141,0.00979040200036252,cf1_margin,none,0.3326923076923076
2-2-8,t3,mixture,0.4,500,800141,0.00979040200036252,slack_plugin,none,0.6653846153846156
2-2-8,t3,mixture,0.4,500,800141,0.00979040200036252,gm_battery,none,0.0
2-2-8,t3,mixture,0.4,500,800141,0.00979040200036252,gtest,none,101.88459125375519
2-2-8,t3,mixture,0.4,500,800142,0.011625512001046445,kl_plugin,none,0.1397080673775171
2-2-8,t3,mixture,0.4,500,800142,0.011625512001046445,kl_split,none,1.4139318244574426
2-2-8,t3,mixture,0.4,500,800142,0.011625512001046445,kl_crossfit,none,1.2326535044546056
2-2-8,t3,mixture,0.4,500,800142,0.011625512001046445,cf1_margin,none,0.3502200880352141
2-2-8,t3,mixture,0.4,500,800142,0.011625512001046445,slack_plugin,none,0.7004401760704282
2-2-8,t3,mixture,0.4,500,800142,0.011625512001046445,gm_battery,none,0.0
2-2-8,t3,mixture,0.4,500,800142,0.011625512001046445,gtest,none,90.90258293291103
2-2-8,t3,mixture,0.4,500,800143,0.011037402000511065,kl_plugin,none,0.08227071976219905
2-2-8,t3,mixture,0.4,500,800143,0.011037402000511065,kl_split,none,0.7536853570839528
2-2-8,t3,mixture,0.4,500,800143,0.011037402000511065,kl_crossfit,none,4.822778042995154
2-2-8,t3,mixture,0.4,500,800143,0.011037402000511065,cf1_margin,none,0.2651489627953987
2-2-8,t3,mixture,0.4,500,800143,0.011037402000511065,slack_plugin,none,0.5302979255907978
2-2-8,t3,mixture,0.4,500,800143,0.011037402000511065,gm_battery,none,0.0
2-2-8,t3,mixture,0.4,500,800143,0.011037402000511065,gtest,none,100.88340967107811
2-2-8,t3,mixture,0.4,500,800144,0.00937031799549004,kl_plugin,none,0.10620596426886397
2-2-8,t3,mixture,0.4,500,800144,0.00937031799549004,kl_split,none,1.7613112305008949
2-2-8,t3,mixture,0.4,500,800144,0.00937031799549004,kl_crossfit,none,3.724047237884994
2-2-8,t3,mixture,0.4,500,800144,0.00937031799549004,cf1_margin,none,0.30522532929040125
2-2-8,t3,mixture,0.4,500,800144,0.00937031799549004,slack_plugin,none,0.6104506585808026
2-2-8,t3,mixture,0.4,500,800144,0.00937031799549004,gm_battery,none,0.0
2-2-8,t3,mixture,0.4,500,800144,0.00937031799549004,gtest,none,65.22675227245819
2-2-8,t3,mixture,0.4,500,800145,0.00909988200146472,kl_plugin,none,0.10869718576461265
2-2-8,t3,mixture,0.4,500,800145,0.00909988200146472,kl_split,none,0.4353362210350794
2-2-8,t3,mixture,0.4,500,800145,0.00909988200146472,kl_crossfit,none,1.0132204671433047
2-2-8,t3,mixture,0.4,500,800145,0.00909988200146472,cf1_margin,none,0.3182655201678116
2-2-8,t3,mixture,0.4,500,800145,0.00909988200146472,slack_plugin,none,0.6365310403356232
2-2-8,t3,mixture,0.4,500,800145,0.00909988200146472,gm_battery,none,0.0
2-2-8,t3,mixture,0.4,500,800145,0.00909988200146472,gtest,none,123.71198858419991
2-2-8,t3,mixture,0.4,500,800146,0.009499545994913206,kl_plugin,none,0.0869551578512426
2-2-8,t3,mixture,0.4,500,800146,0.009499545994913206,kl_split,none,4.147387769370506
2-2-8,t3,mixture,0.4,500,800146,0.009499545994913206,kl_crossfit,none,2.191497347556604
2-2-8,t3,mixture,0.4,500,800146,0.009499545994913206,cf1_margin,none,0.2822503047020335
2-2-8,t3,mixture,0.4,500,800146,0.009499545994913206,slack_plugin,none,0.5645006094040669
2-2-8,t3,mixture,0.4,500,800146,0.009499545994913206,gm_battery,none,0.0
2-2-8,t3,mixture,0.4,500,800146,0.009499545994913206,gtest,none,121.16346667446746
2-2-8,t3,mixture,0.4,500,800147,0.01069945299968822,kl_plugin,none,0.09752861970956361
2-2-8,t3,mixture,0.4,500,800147,0.01069945299968822,kl_split,none,0.6303838610995435
2-2-8,t3,mixture,0.4,500,800147,0.01069945299968822,kl_crossfit,none,0.42731913721994985
2-2-8,t3,mixture,0.4,500,800147,0.01069945299968822,cf1_margin,none,0.28741259860157786
2-2-8,t3,mixture,0.4,500,800147,0.01069945299968822,slack_plugin,none,0.5748251972031552
2-2-8,t3,mixture,0.4,500,800147,0.01069945299968822,gm_battery,none,0.0
2-2-8,t3,mixture,0.4,500,800147,0.01069945299968822,gtest,none,67.25851783701665
2-2-8,t3,mixture,0.4,500,800148,0.009699253001599573,kl_plugin,none,0.08711992596966076
2-2-8,t3,mixture,0.4,500,800148,0.009699253001599573,kl_split,none,1.7272240499988398
2-2-8,t3,mixture,0.4,500,800148,0.009699253001599573,kl_crossfit,none,3.4018793711739077
2-2-8,t3,mixture,0.4,500,800148,0.009699253001599573,cf1_margin,none,0.27851140456182477
2-2-8,t3,mixture,0.4,500,800148,0.009699253001599573,slack_plugin,none,0.5570228091236493
2-2-8,t3,mixture,0.4,500,800148,0.009699253001599573,gm_battery,none,0.0
2-2-8,t3,mixture,0.4,500,800148,0.009699253001599573,gtest,none,89.0948352161029
2-2-8,t3,mixture,0.4,500,800149,0.009419615998922382,kl_plugin,none,0.18568065446497287
2-2-8,t3,mixture,0.4,500,800149,0.009419615998922382,kl_split,none,0.7605915161541028
2-2-8,t3,mixture,0.4,500,800149,0.009419615998922382,kl_crossfit,none,1.5820518617320058
2-2-8,t3,mixture,0.4,500,800149,0.009419615998922382,cf1_margin,none,0.4096972026068437
2-2-8,t3,mixture,0.4,500,800149,0.009419615998922382,slack_plugin,none,0.8193944052136879
2-2-8,t3,mixture,0.4,500,800149,0.009419615998922382,gm_battery,none,0.0
2-2-8,t3,mixture,0.4,500,800149,0.009419615998922382,gtest,none,61.93380921766284
2-2-8,t3,mixture,0.4,500,800150,0.009831076000409666,kl_plugin,none,0.11552473777210391
2-2-8,t3,mixture,0.4,500,800150,0.009831076000409666,kl_split,none,0.7732111258790282
2-2-8,t3,mixture,0.4,500,800150,0.009831076000409666,kl_crossfit,none,0.780417142917654
2-2-8,t3,mixture,0.4,500,800150,0.009831076000409666,cf1_margin,none,0.3254300325430033
2-2-8,t3,mixture,0.4,500,800150,0.009831076000409666,slack_plugin,none,0.6508600650860068
2-2-8,t3,mixture,0.4,500,800150,0.009831076000409666,gm_battery,none,0.0
2-2-8,t3,mixture,0.4,500,800150,0.009831076000409666,gtest,none,82.38987386954753
2-2-8,t3,mixture,0.4,500,800151,0.009219844003382605,kl_plugin,none,0.13548416805696425
2-2-8,t3,mixture,0.4,500,800151,0.009219844003382605,kl_split,none,1.9432130651901633
2-2-8,t3,mixture,0.4,500,800151,0.009219844003382605,kl_crossfit,none,1.1074486077148498
2-2-8,t3,mixture,0.4,500,800151,0.009219844003382605,cf1_margin,none,0.3465851662896474
2-2-8,t3,mixture,0.4,500,800151,0.009219844003382605,slack_plugin,none,0.6931703325792945
2-2-8,t3,mixture,0.4,500,800151,0.009219844003382605,gm_battery,none,0.0
2-2-8,t3,mixture,0.4,500,800151,0.009219844003382605,gtest,none,87.59621652804012
2-2-8,t3,mixture,0.4,500,800152,0.009203914996760432,kl_plugin,none,0.10141574454473576
2-2-8,t3,mixture,0.4,500,800152,0.009203914996760432,kl_split,none,0.7288453806682613
2-2-8,t3,mixture,0.4,500,800152,0.009203914996760432,kl_crossfit,none,1.0635528434880777
2-2-8,t3,mixture,0.4,500,800152,0.009203914996760432,cf1_margin,none,0.29335297131147553
2-2-8,t3,mixture,0.4,500,800152,0.009203914996760432,slack_plugin,none,0.5867059426229508
2-2-8,t3,mixture,0.4,500,800152,0.009203914996760432,gm_battery,none,0.0
2-2-8,t3,mixture,0.4,500,800152,0.009203914996760432,gtest,none,62.37117733098128
2-2-8,t3,mixture,0.4,500,800153,0.009497872997599188,kl_plugin,none,0.1146416562609999
2-2-8,t3,mixture,0.4,500,800153,0.009497872997599188,kl_split,none,1.3384667040233773
2-2-8,t3,mixture,0.4,500,800153,0.009497872997599188,kl_crossfit,none,2.0871728579570394
2-2-8,t3,mixture,0.4,500,800153,0.009497872997599188,cf1_margin,none,0.3225248594898401
2-2-8,t3,mixture,0.4,500,800153,0.009497872997599188,slack_plugin,none,0.6450497189796802
2-2-8,t3,mixture,0.4,500,800153,0.009497872997599188,gm_battery,none,0.0
2-2-8,t3,mixture,0.4,500,800153,0.009497872997599188,gtest,none,67.8376336406572
2-2-8,t3,mixture,0.4,500,800154,0.009282995000830851,kl_plugin,none,0.12337260342414472
2-2-8,t3,mixture,0.4,500,800154,0.009282995000830851,kl_split,none,0.3122786566199551
2-2-8,t3,mixture,0.4,500,800154,0.009282995000830851,kl_crossfit,none,0.5174559281217427
2-2-8,t3,mixture,0.4,500,800154,0.009282995000830851,cf1_margin,none,0.32731113280312363
2-2-8,t3,mixture,0.4,500,800154,0.009282995000830851,slack_plugin,none,0.654622265606247
2-2-8,t3,mixture,0.4,500,800154,0.009282995000830851,gm_battery,none,0.0
2-2-8,t3,mixture,0.4,500,800154,0.009282995000830851,gtest,none,74.54064266033305
2-2-8,t3,mixture,0.4,500,800155,0.009640509997552726,kl_plugin,none,0.11522939941266899
2-2-8,t3,mixture,0.4,500,800155,0.009640509997552726,kl_split,none,0.5795999118426456
2-2-8,t3,mixture,0.4,500,800155,0.009640509997552726,kl_crossfit,none,0.4169766748816666
2-2-8,t3,mixture,0.4,500,800155,0.009640509997552726,cf1_margin,none,0.31221262756532475
2-2-8,t3,mixture,0.4,500,800155,0.009640509997552726,slack_plugin,none,0.6244252551306495
2-2-8,t3,mixture,0.4,500,800155,0.009640509997552726,gm_battery,none,0.0
2-2-8,t3,mixture,0.4,500,800155,0.009640509997552726,gtest,none,73.41814373202348
2-2-8,t3,mixture,0.4,500,800156,0.014303100004326552,kl_plugin,none,0.15174139937127756
2-2-8,t3,mixture,0.4,500,800156,0.014303100004326552,kl_split,none,1.170536050437351
2-2-8,t3,mixture,0.4,500,800156,0.014303100004326552,kl_crossfit,none,1.73003705377759
2-2-8,t3,mixture,0.4,500,800156,0.014303100004326552,cf1_margin,none,0.3731438812083976
2-2-8,t3,mixture,0.4,500,800156,0.014303100004326552,slack_plugin,none,0.7462877624167948
2-2-8,t3,mixture,0.4,500,800156,0.014303100004326552,gm_battery,none,0.0
2-2-8,t3,mixture,0.4,500,800156,0.014303100004326552,gtest,none,70.65631144822989
2-2-8,t3,mixture,0.4,500,800157,0.011861284998303745,kl_plugin,none,0.11569759124217052
2-2-8,t3,mixture,0.4,500,800157,0.011861284998303745,kl_split,none,2.4895445238072007
2-2-8,t3,mixture,0.4,500,800157,0.011861284998303745,kl_crossfit,none,1.4046795054556909
2-2-8,t3,mixture,0.4,500,800157,0.011861284998303745,cf1_margin,none,0.3224489795918366
2-2-8,t3,mixture,0.4,500,800157,0.011861284998303745,slack_plugin,none,0.6448979591836734
2-2-8,t3,mixture,0.4,500,800157,0.011861284998303745,gm_battery,none,0.0
2-2-8,t3,mixture,0.4,500,800157,0.011861284998303745,gtest,none,66.81364405774873
2-2-8,t3,mixture,0.4,500,800158,0.014305272998171858,kl_plugin,none,0.10193101525315809
2-2-8,t3,mixture,0.4,500,800158,0.014305272998171858,kl_split,none,0.7099932771875879
2-2-8,t3,mixture,0.4,500,800158,0.014305272998171858,kl_crossfit,none,5.773141138952418
2-2-8,t3,mixture,0.4,500,800158,0.014305272998171858,cf1_margin,none,0.298683010353491
2-2-8,t3,mixture,0.4,500,800158,0.014305272998171858,slack_plugin,none,0.5973660207069817
2-2-8,t3,mixture,0.4,500,800158,0.014305272998171858,gm_battery,none,0.0
2-2-8,t3,mixture,0.4,500,800158,0.014305272998171858,gtest,none,54.94222455487653
2-2-8,t3,mixture,0.4,500,800159,0.01382667100551771,kl_plugin,none,0.13318871234328358
2-2-8,t3,mixture,0.4,500,800159,0.01382667100551771,kl_split,none,4.742574284204328
2-2-8,t3,mixture,0.4,500,800159,0.01382667100551771,kl_crossfit,none,2.7799324049102028
2-2-8,t3,mixture,0.4,500,800159,0.01382667100551771,cf1_margin,none,0.3507545086492455
2-2-8,t3,mixture,0.4,500,800159,0.01382667100551771,slack_plugin,none,0.701509017298491
2-2-8,t3,mixture,0.4,500,800159,0.01382667100551771,gm_battery,none,0.0
2-2-8,t3,mixture,0.4,500,800159,0.01382667100551771,gtest,none,39.03521745297732
2-2-8,t3,mixture,0.4,500,800160,0.011529134004376829,kl_plugin,none,0.10394298550090583
2-2-8,t3,mixture,0.4,500,800160,0.011529134004376829,kl_split,none,0.2872285637946938
2-2-8,t3,mixture,0.4,500,800160,0.011529134004376829,kl_crossfit,none,1.0518973965821892
2-2-8,t3,mixture,0.4,500,800160,0.011529134004376829,cf1_margin,none,0.30641649590163944
2-2-8,t3,mixture,0.4,500,800160,0.011529134004376829,slack_plugin,none,0.612832991803279
2-2-8,t3,mixture,0.4,500,800160,0.011529134004376829,gm_battery,none,0.0
2-2-8,t3,mixture,0.4,500,800160,0.011529134004376829,gtest,none,71.82841041268222
2-2-8,t3,mixture,0.4,500,800161,0.0232638260058593,kl_plugin,none,0.10812975648856339
2-2-8,t3,mixture,0.4,500,800161,0.0232638260058593,kl_split,none,0.3107851133994622
2-2-8,t3,mixture,0.4,500,800161,0.0232638260058593,kl_crossfit,none,1.9213693398668847
2-2-8,t3,mixture,0.4,500,800161,0.0232638260058593,cf1_margin,none,0.3139400921658986
2-2-8,t3,mixture,0.4,500,800161,0.0232638260058593,slack_plugin,none,0.6278801843317972
2-2-8,t3,mixture,0.4,500,800161,0.0232638260058593,gm_battery,none,0.0
2-2-8,t3,mixture,0.4,500,800161,0.0232638260058593,gtest,none,67.57917281700284
2-2-8,t3,mixture,0.4,500,800162,0.01404069099953631,kl_plugin,none,0.0884896867439386
2-2-8,t3,mixture,0.4,500,800162,0.01404069099953631,kl_split,none,0.7873178448074005
2-2-8,t3,mixture,0.4,500,800162,0.01404069099953631,kl_crossfit,none,0.5107470578407727
2-2-8,t3,mixture,0.4,500,800162,0.01404069099953631,cf1_margin,none,0.28787878787878796
2-2-8,t3,mixture,0.4,500,800162,0.01404069099953631,slack_plugin,none,0.5757575757575757
2-2-8,t3,mixture,0.4,500,800162,0.01404069099953631,gm_battery,none,0.0
2-2-8,t3,mixture,0.4,500,800162,0.01404069099953631,gtest,none,127.67744759842469
2-2-8,t3,mixture,0.4,500,800163,0.020507601999270264,kl_plugin,none,0.169792580907945
2-2-8,t3,mixture,0.4,500,800163,0.020507601999270264,kl_split,none,0.30106215042818624
2-2-8,t3,mixture,0.4,500,800163,0.020507601999270264,kl_crossfit,none,0.7860725492610424
2-2-8,t3,mixture,0.4,500,800163,0.020507601999270264,cf1_margin,none,0.3859784283513098
2-2-8,t3,mixture,0.4,500,800163,0.020507601999270264,slack_plugin,none,0.7719568567026198
2-2-8,t3,mixture,0.4,500,800163,0.020507601999270264,gm_battery,none,0.0
2-2-8,t3,mixture,0.4,500,800163,0.020507601999270264,gtest,none,75.72620621866558
2-2-8,t3,mixture,0.4,500,800164,0.015719768998678774,kl_plugin,none,0.09706918442753262
2-2-8,t3,mixture,0.4,500,800164,0.015719768998678774,kl_split,none,0.6213045492501381
2-2-8,t3,mixture,0.4,500,800164,0.015719768998678774,kl_crossfit,none,1.5713822618380378
2-2-8,t3,mixture,0.4,500,800164,0.015719768998678774,cf1_margin,none,0.29389312977099236
2-2-8,t3,mixture,0.4,500,800164,0.015719768998678774,slack_plugin,none,0.5877862595419847
2-2-8,t3,mixture,0.4,500,800164,0.015719768998678774,gm_battery,none,0.0
2-2-8,t3,mixture,0.4,500,800164,0.015719768998678774,gtest,none,65.61505709627625
2-2-8,t3,mixture,0.4,500,800165,0.011859220998303499,kl_plugin,none,0.13657609739825047
2-2-8,t3,mixture,0.4,500,800165,0.011859220998303499,kl_split,none,0.31022070033396487
2-2-8,t3,mixture,0.4,500,800165,0.011859220998303499,kl_crossfit,none,1.6001427054199389
2-2-8,t3,mixture,0.4,500,800165,0.011859220998303499,cf1_margin,none,0.34847308488612827
2-2-8,t3,mixture,0.4,500,800165,0.011859220998303499,slack_plugin,none,0.6969461697722569
2-2-8,t3,mixture,0.4,500,800165,0.011859220998303499,gm_battery,none,0.0
2-2-8,t3,mixture,0.4,500,800165,0.011859220998303499,gtest,none,47.99522181512422
2-2-8,t3,mixture,0.4,500,800166,0.011662696000712458,kl_plugin,none,0.12129944697377806
2-2-8,t3,mixture,0.4,500,800166,0.011662696000712458,kl_split,none,0.27062531448124744
2-2-8,t3,mixture,0.4,500,800166,0.011662696000712458,kl_crossfit,none,0.8254549249533057
2-2-8,t3,mixture,0.4,500,800166,0.011662696000712458,cf1_margin,none,0.32026490492035176
2-2-8,t3,mixture,0.4,500,800166,0.011662696000712458,slack_plugin,none,0.6405298098407034
2-2-8,t3,mixture,0.4,500,800166,0.011662696000712458,gm_battery,none,0.0
2-2-8,t3,mixture,0.4,500,800166,0.011662696000712458,gtest,none,80.69750256891187
2-2-8,t3,mixture,0.4,500,800167,0.016162214997166302,kl_plugin,none,0.07052396325230631
2-2-8,t3,mixture,0.4,500,800167,0.016162214997166302,kl_split,none,0.2603961899849998
2-2-8,t3,mixture,0.4,500,800167,0.016162214997166302,kl_crossfit,none,0.24268353147289493
2-2-8,t3,mixture,0.4,500,800167,0.016162214997166302,cf1_margin,none,0.24921848699081428
2-2-8,t3,mixture,0.4,500,800167,0.016162214997166302,slack_plugin,none,0.49843697398162834
2-2-8,t3,mixture,0.4,500,800167,0.016162214997166302,gm_battery,none,0.0
2-2-8,t3,mixture,0.4,500,800167,0.016162214997166302,gtest,none,67.81297896497858
2-2-8,t3,mixture,0.4,500,800168,0.015687542996602133,kl_plugin,none,0.11115912130473185
2-2-8,t3,mixture,0.4,500,800168,0.015687542996602133,kl_split,none,0.31307957223672966
2-2-8,t3,mixture,0.4,500,800168,0.015687542996602133,kl_crossfit,none,1.6698623997991882
2-2-8,t3,mixture,0.4,500,800168,0.015687542996602133,cf1_margin,none,0.31980792316926776
2-2-8,t3,mixture,0.4,500,800168,0.015687542996602133,slack_plugin,none,0.6396158463385353
2-2-8,t3,mixture,0.4,500,800168,0.015687542996602133,gm_battery,none,0.0
2-2-8,t3,mixture,0.4,500,800168,0.015687542996602133,gtest,none,86.3900340427341
2-2-8,t3,mixture,0.4,500,800169,0.013034904004598502,kl_plugin,none,0.11135592835640518
2-2-8,t3,mixture,0.4,500,800169,0.013034904004598502,kl_split,none,2.5638662784581356
2-2-8,t3,mixture,0.4,500,800169,0.013034904004598502,kl_crossfit,none,1.9183363327768275
2-2-8,t3,mixture,0.4,500,800169,0.013034904004598502,cf1_margin,none,0.3193114180744735
2-2-8,t3,mixture,0.4,500,800169,0.013034904004598502,slack_plugin,none,0.638622836148947
2-2-8,t3,mixture,0.4,500,800169,0.013034904004598502,gm_battery,none,0.0
2-2-8,t3,mixture,0.4,500,800169,0.013034904004598502,gtest,none,74.35814175040638
2-2-8,t3,mixture,0.4,500,800170,0.010086983005749062,kl_plugin,none,0.10458403919785778
2-2-8,t3,mixture,0.4,500,800170,0.010086983005749062,kl_split,none,1.274054184464854
2-2-8,t3,mixture,0.4,500,800170,0.010086983005749062,kl_crossfit,none,1.800487146864425
2-2-8,t3,mixture,0.4,500,800170,0.010086983005749062,cf1_margin,none,0.3036414565826331
2-2-8,t3,mixture,0.4,500,800170,0.010086983005749062,slack_plugin,none,0.6072829131652662
2-2-8,t3,mixture,0.4,500,800170,0.010086983005749062,gm_battery,none,0.0
2-2-8,t3,mixture,0.4,500,800170,0.010086983005749062,gtest,none,79.76791391633387
2-2-8,t3,mixture,0.4,500,800171,0.014276324000093155,kl_plugin,none,0.06904390888407339
2-2-8,t3,mixture,0.4,500,800171,0.014276324000093155,kl_split,none,1.8748381880270373
2-2-8,t3,mixture,0.4,500,800171,0.014276324000093155,kl_crossfit,none,2.2215486910803866
2-2-8,t3,mixture,0.4,500,800171,0.014276324000093155,cf1_margin,none,0.24549135075450879
2-2-8,t3,mixture,0.4,500,800171,0.014276324000093155,slack_plugin,none,0.49098270150901735
2-2-8,t3,mixture,0.4,500,800171,0.014276324000093155,gm_battery,none,0.0
2-2-8,t3,mixture,0.4,500,800171,0.014276324000093155,gtest,none,82.3841008158623
2-2-8,t3,mixture,0.4,500,800172,0.009700380003778264,kl_plugin,none,0.14423275845367758
2-2-8,t3,mixture,0.4,500,800172,0.009700380003778264,kl_split,none,3.243977825980421
2-2-8,t3,mixture,0.4,500,800172,0.009700380003778264,kl_crossfit,none,2.717484146410506
2-2-8,t3,mixture,0.4,500,800172,0.009700380003778264,cf1_margin,none,0.3585218048255132
2-2-8,t3,mixture,0.4,500,800172,0.009700380003778264,slack_plugin,none,0.7170436096510263
2-2-8,t3,mixture,0.4,500,800172,0.009700380003778264,gm_battery,none,0.0
2-2-8,t3,mixture,0.4,500,800172,0.009700380003778264,gtest,none,109.67663206591007
2-2-8,t3,mixture,0.4,500,800173,0.008883822003554087,kl_plugin,none,0.16066622598295904
2-2-8,t3,mixture,0.4,500,800173,0.008883822003554087,kl_split,none,24.483062064428825
2-2-8,t3,mixture,0.4,500,800173,0.008883822003554087,kl_crossfit,none,13.471061024121509
2-2-8,t3,mixture,0.4,500,800173,0.008883822003554087,cf1_margin,none,0.3799999999999999
2-2-8,t3,mixture,0.4,500,800173,0.008883822003554087,slack_plugin,none,0.76
2-2-8,t3,mixture,0.4,500,800173,0.008883822003554087,gm_battery,none,0.0
2-2-8,t3,mixture,0.4,500,800173,0.008883822003554087,gtest,none,67.11560561831332
2-2-8,t3,mixture,0.4,500,800174,0.012296863002120517,kl_plugin,none,0.10551602658290232
2-2-8,t3,mixture,0.4,500,800174,0.012296863002120517,kl_split,none,0.528668132430785
2-2-8,t3,mixture,0.4,500,800174,0.012296863002120517,kl_crossfit,none,0.9047704360606108
2-2-8,t3,mixture,0.4,500,800174,0.012296863002120517,cf1_margin,none,0.30799999999999983
2-2-8,t3,mixture,0.4,500,800174,0.012296863002120517,slack_plugin,none,0.6159999999999997
2-2-8,t3,mixture,0.4,500,800174,0.012296863002120517,gm_battery,none,0.0
2-2-8,t3,mixture,0.4,500,800174,0.012296863002120517,gtest,none,101.94940480310724
2-2-8,t3,mixture,0.4,500,800175,0.00979917599761393,kl_plugin,none,0.0572917378786972
2-2-8,t3,mixture,0.4,500,800175,0.00979917599761393,kl_split,none,0.7234451421115716
2-2-8,t3,mixture,0.4,500,800175,0.00979917599761393,kl_crossfit,none,1.290592643591671
2-2-8,t3,mixture,0.4,500,800175,0.00979917599761393,cf1_margin,none,0.2287305550220856
2-2-8,t3,mixture,0.4,500,800175,0.00979917599761393,slack_plugin,none,0.45746111004417156
2-2-8,t3,mixture,0.4,500,800175,0.00979917599761393,gm_battery,none,0.0
2-2-8,t3,mixture,0.4,500,800175,0.00979917599761393,gtest,none,42.44392974896671
2-2-8,t3,mixture,0.4,500,800176,0.008615937003924046,kl_plugin,none,0.10795922750361295
2-2-8,t3,mixture,0.4,500,800176,0.008615937003924046,kl_split,none,0.8480122980033065
2-2-8,t3,mixture,0.4,500,800176,0.008615937003924046,kl_crossfit,none,5.960565422594653
2-2-8,t3,mixture,0.4,500,800176,0.008615937003924046,cf1_margin,none,0.3136218795535701
2-2-8,t3,mixture,0.4,500,800176,0.008615937003924046,slack_plugin,none,0.6272437591071399
2-2-8,t3,mixture,0.4,500,800176,0.008615937003924046,gm_battery,none,0.0
2-2-8,t3,mixture,0.4,500,800176,0.008615937003924046,gtest,none,88.07823110172423
2-2-8,t3,mixture,0.4,500,800177,0.009340733005956281,kl_plugin,none,0.09771306386127813
2-2-8,t3,mixture,0.4,500,800177,0.009340733005956281,kl_split,none,0.6187906223687479
2-2-8,t3,mixture,0.4,500,800177,0.009340733005956281,kl_crossfit,none,0.9532270408269492
2-2-8,t3,mixture,0.4,500,800177,0.009340733005956281,cf1_margin,none,0.30458997503360863
2-2-8,t3,mixture,0.4,500,800177,0.009340733005956281,slack_plugin,none,0.6091799500672175
2-2-8,t3,mixture,0.4,500,800177,0.009340733005956281,gm_battery,none,0.0
2-2-8,t3,mixture,0.4,500,800177,0.009340733005956281,gtest,none,79.74453155459787
2-2-8,t3,mixture,0.4,500,800178,0.011195289000170305,kl_plugin,none,0.15337243609061352
2-2-8,t3,mixture,0.4,500,800178,0.011195289000170305,kl_split,none,0.3093327249983785
2-2-8,t3,mixture,0.4,500,800178,0.011195289000170305,kl_crossfit,none,1.6223064760786925
2-2-8,t3,mixture,0.4,500,800178,0.011195289000170305,cf1_margin,none,0.36259621385479524
2-2-8,t3,mixture,0.4,500,800178,0.011195289000170305,slack_plugin,none,0.7251924277095899
2-2-8,t3,mixture,0.4,500,800178,0.011195289000170305,gm_battery,none,0.0
2-2-8,t3,mixture,0.4,500,800178,0.011195289000170305,gtest,none,83.04296542053629
2-2-8,t3,mixture,0.4,500,800179,0.0146732850043918,kl_plugin,none,0.11046966390605845
2-2-8,t3,mixture,0.4,500,800179,0.0146732850043918,kl_split,none,2.9113388061470222
2-2-8,t3,mixture,0.4,500,800179,0.0146732850043918,kl_crossfit,none,3.1647811621286905
2-2-8,t3,mixture,0.4,500,800179,0.0146732850043918,cf1_margin,none,0.31752458068247547
2-2-8,t3,mixture,0.4,500,800179,0.0146732850043918,slack_plugin,none,0.6350491613649509
2-2-8,t3,mixture,0.4,500,800179,0.0146732850043918,gm_battery,none,0.0
2-2-8,t3,mixture,0.4,500,800179,0.0146732850043918,gtest,none,84.72072546862084
2-2-8,t3,mixture,0.4,500,800180,0.010895600004005246,kl_plugin,none,0.12238087815613129
2-2-8,t3,mixture,0.4,500,800180,0.010895600004005246,kl_split,none,0.9410165738992058
2-2-8,t3,mixture,0.4,500,800180,0.010895600004005246,kl_crossfit,none,0.615688310407985
2-2-8,t3,mixture,0.4,500,800180,0.010895600004005246,cf1_margin,none,0.3224834431750433
2-2-8,t3,mixture,0.4,500,800180,0.010895600004005246,slack_plugin,none,0.6449668863500864
2-2-8,t3,mixture,0.4,500,800180,0.010895600004005246,gm_battery,none,0.0
2-2-8,t3,mixture,0.4,500,800180,0.010895600004005246,gtest,none,57.09349313672491
2-2-8,t3,mixture,0.4,500,800181,0.009591226000338793,kl_plugin,none,0.15796350925489805
2-2-8,t3,mixture,0.4,500,800181,0.009591226000338793,kl_split,none,0.2696937151752856
2-2-8,t3,mixture,0.4,500,800181,0.009591226000338793,kl_crossfit,none,1.5320222592761028
2-2-8,t3,mixture,0.4,500,800181,0.009591226000338793,cf1_margin,none,0.37429595494111634
2-2-8,t3,mixture,0.4,500,800181,0.009591226000338793,slack_plugin,none,0.7485919098822327
2-2-8,t3,mixture,0.4,500,800181,0.009591226000338793,gm_battery,none,0.0
2-2-8,t3,mixture,0.4,500,800181,0.009591226000338793,gtest,none,84.43842961948745
2-2-8,t3,mixture,0.4,500,800182,0.010141789003682788,kl_plugin,none,0.1440850471351613
2-2-8,t3,mixture,0.4,500,800182,0.010141789003682788,kl_split,none,0.34215597987791563
2-2-8,t3,mixture,0.4,500,800182,0.010141789003682788,kl_crossfit,none,0.4308840649547706
2-2-8,t3,mixture,0.4,500,800182,0.010141789003682788,cf1_margin,none,0.3588262662238694
2-2-8,t3,mixture,0.4,500,800182,0.010141789003682788,slack_plugin,none,0.7176525324477387
2-2-8,t3,mixture,0.4,500,800182,0.010141789003682788,gm_battery,none,0.0
2-2-8,t3,mixture,0.4,500,800182,0.010141789003682788,gtest,none,57.737923384574415
2-2-8,t3,mixture,0.4,500,800183,0.010339521999412682,kl_plugin,none,0.08335872466985052
2-2-8,t3,mixture,0.4,500,800183,0.010339521999412682,kl_split,none,2.232479554046291
2-2-8,t3,mixture,0.4,500,800183,0.010339521999412682,kl_crossfit,none,2.3869402942420637
2-2-8,t3,mixture,0.4,500,800183,0.010339521999412682,cf1_margin,none,0.27471819645732687
2-2-8,t3,mixture,0.4,500,800183,0.010339521999412682,slack_plugin,none,0.549436392914654
2-2-8,t3,mixture,0.4,500,800183,0.010339521999412682,gm_battery,none,0.0
2-2-8,t3,mixture,0.4,500,800183,0.010339521999412682,gtest,none,75.17592823777824
2-2-8,t3,mixture,0.4,500,800184,0.00909570200019516,kl_plugin,none,0.12042407616184615
2-2-8,t3,mixture,0.4,500,800184,0.00909570200019516,kl_split,none,19.268962961173006
2-2-8,t3,mixture,0.4,500,800184,0.00909570200019516,kl_crossfit,none,9.817268530064196
2-2-8,t3,mixture,0.4,500,800184,0.00909570200019516,cf1_margin,none,0.3332361138116533
2-2-8,t3,mixture,0.4,500,800184,0.00909570200019516,slack_plugin,none,0.6664722276233068
2-2-8,t3,mixture,0.4,500,800184,0.00909570200019516,gm_battery,none,0.0
2-2-8,t3,mixture,0.4,500,800184,0.00909570200019516,gtest,none,100.35803736973608
2-2-8,t3,mixture,0.4,500,800185,0.01133438299439149,kl_plugin,none,0.13328858264245227
2-2-8,t3,mixture,0.4,500,800185,0.01133438299439149,kl_split,none,2.1733634246660354
2-2-8,t3,mixture,0.4,500,800185,0.01133438299439149,kl_crossfit,none,1.2339612613959925
2-2-8,t3,mixture,0.4,500,800185,0.01133438299439149,cf1_margin,none,0.3412214595433527
2-2-8,t3,mixture,0.4,500,800185,0.01133438299439149,slack_plugin,none,0.6824429190867055
2-2-8,t3,mixture,0.4,500,800185,0.01133438299439149,gm_battery,none,0.0
2-2-8,t3,mixture,0.4,500,800185,0.01133438299439149,gtest,none,75.96600794888477
2-2-8,t3,mixture,0.4,500,800186,0.010528257000260055,kl_plugin,none,0.09178091612328151
2-2-8,t3,mixture,0.4,500,800186,0.010528257000260055,kl_split,none,0.2294111459543762
2-2-8,t3,mixture,0.4,500,800186,0.010528257000260055,kl_crossfit,none,0.770821391238727
2-2-8,t3,mixture,0.4,500,800186,0.010528257000260055,cf1_margin,none,0.28280688238315355
2-2-8,t3,mixture,0.4,500,800186,0.010528257000260055,slack_plugin,none,0.5656137647663074
2-2-8,t3,mixture,0.4,500,800186,0.010528257000260055,gm_battery,none,0.0
2-2-8,t3,mixture,0.4,500,800186,0.010528257000260055,gtest,none,54.14833267856772
2-2-8,t3,mixture,0.4,500,800187,0.009420561997103505,kl_plugin,none,0.10990076335292949
2-2-8,t3,mixture,0.4,500,800187,0.009420561997103505,kl_split,none,1.6760210645463447
2-2-8,t3,mixture,0.4,500,800187,0.009420561997103505,kl_crossfit,none,0.9924146196188244
2-2-8,t3,mixture,0.4,500,800187,0.009420561997103505,cf1_margin,none,0.31676252423140383
2-2-8,t3,mixture,0.4,500,800187,0.009420561997103505,slack_plugin,none,0.6335250484628079
2-2-8,t3,mixture,0.4,500,800187,0.009420561997103505,gm_battery,none,0.0
2-2-8,t3,mixture,0.4,500,800187,0.009420561997103505,gtest,none,94.1363529343926
2-2-8,t3,mixture,0.4,500,800188,0.009779216001334134,kl_plugin,none,0.16253358565226908
2-2-8,t3,mixture,0.4,500,800188,0.009779216001334134,kl_split,none,1.5110958817134936
2-2-8,t3,mixture,0.4,500,800188,0.009779216001334134,kl_crossfit,none,4.942199897177301
2-2-8,t3,mixture,0.4,500,800188,0.009779216001334134,cf1_margin,none,0.3858475620489348
2-2-8,t3,mixture,0.4,500,800188,0.009779216001334134,slack_plugin,none,0.7716951240978702
2-2-8,t3,mixture,0.4,500,800188,0.009779216001334134,gm_battery,none,0.0
2-2-8,t3,mixture,0.4,500,800188,0.009779216001334134,gtest,none,78.66059052606012
2-2-8,t3,mixture,0.4,500,800189,0.009247000998584554,kl_plugin,none,0.12391017437492619
2-2-8,t3,mixture,0.4,500,800189,0.009247000998584554,kl_split,none,1.204220964970518
2-2-8,t3,mixture,0.4,500,800189,0.009247000998584554,kl_crossfit,none,0.7359083467776197
2-2-8,t3,mixture,0.4,500,800189,0.009247000998584554,cf1_margin,none,0.33468156137647687
2-2-8,t3,mixture,0.4,500,800189,0.009247000998584554,slack_plugin,none,0.6693631227529535
2-2-8,t3,mixture,0.4,500,800189,0.009247000998584554,gm_battery,none,0.0
2-2-8,t3,mixture,0.4,500,800189,0.009247000998584554,gtest,none,90.98322113719954
2-2-8,t3,mixture,0.4,500,800190,0.010055452999949921,kl_plugin,none,0.09272539706830378
2-2-8,t3,mixture,0.4,500,800190,0.010055452999949921,kl_split,none,0.2477729109043892
2-2-8,t3,mixture,0.4,500,800190,0.010055452999949921,kl_crossfit,none,0.4482454954768804
2-2-8,t3,mixture,0.4,500,800190,0.010055452999949921,cf1_margin,none,0.2814900153609833
2-2-8,t3,mixture,0.4,500,800190,0.010055452999949921,slack_plugin,none,0.5629800307219665
2-2-8,t3,mixture,0.4,500,800190,0.010055452999949921,gm_battery,none,0.0
2-2-8,t3,mixture,0.4,500,800190,0.010055452999949921,gtest,none,28.12823048677848
2-2-8,t3,mixture,0.4,500,800191,0.010725690000981558,kl_plugin,none,0.14577683919351697
2-2-8,t3,mixture,0.4,500,800191,0.010725690000981558,kl_split,none,2.024353198231149
2-2-8,t3,mixture,0.4,500,800191,0.010725690000981558,kl_crossfit,none,1.4051220721430382
2-2-8,t3,mixture,0.4,500,800191,0.010725690000981558,cf1_margin,none,0.37032522932837253
2-2-8,t3,mixture,0.4,500,800191,0.010725690000981558,slack_plugin,none,0.7406504586567453
2-2-8,t3,mixture,0.4,500,800191,0.010725690000981558,gm_battery,none,0.0
2-2-8,t3,mixture,0.4,500,800191,0.010725690000981558,gtest,none,77.7084059852728
2-2-8,t3,mixture,0.4,500,800192,0.009222904001944698,kl_plugin,none,0.14110113935661278
2-2-8,t3,mixture,0.4,500,800192,0.009222904001944698,kl_split,none,1.292005376112347
2-2-8,t3,mixture,0.4,500,800192,0.009222904001944698,kl_crossfit,none,1.6435553725258778
2-2-8,t3,mixture,0.4,500,800192,0.009222904001944698,cf1_margin,none,0.3468819510009441
2-2-8,t3,mixture,0.4,500,800192,0.009222904001944698,slack_plugin,none,0.6937639020018883
2-2-8,t3,mixture,0.4,500,800192,0.009222904001944698,gm_battery,none,0.0
2-2-8,t3,mixture,0.4,500,800192,0.009222904001944698,gtest,none,79.55350784687933
2-2-8,t3,mixture,0.4,500,800193,0.009351786000479478,kl_plugin,none,0.12752935776253554
2-2-8,t3,mixture,0.4,500,800193,0.009351786000479478,kl_split,none,2.7272179786966575
2-2-8,t3,mixture,0.4,500,800193,0.009351786000479478,kl_crossfit,none,3.102973916574288
2-2-8,t3,mixture,0.4,500,800193,0.009351786000479478,cf1_margin,none,0.3309812957007313
2-2-8,t3,mixture,0.4,500,800193,0.009351786000479478,slack_plugin,none,0.6619625914014624
2-2-8,t3,mixture,0.4,500,800193,0.009351786000479478,gm_battery,none,0.0
2-2-8,t3,mixture,0.4,500,800193,0.009351786000479478,gtest,none,67.68035726568732
2-2-8,t3,mixture,0.4,500,800194,0.008979089005151764,kl_plugin,none,0.05937135514355975
2-2-8,t3,mixture,0.4,500,800194,0.008979089005151764,kl_split,none,0.7091076961689806
2-2-8,t3,mixture,0.4,500,800194,0.008979089005151764,kl_crossfit,none,1.3392030828859838
2-2-8,t3,mixture,0.4,500,800194,0.008979089005151764,cf1_margin,none,0.23230187712217298
2-2-8,t3,mixture,0.4,500,800194,0.008979089005151764,slack_plugin,none,0.46460375424434597
2-2-8,t3,mixture,0.4,500,800194,0.008979089005151764,gm_battery,none,0.0
2-2-8,t3,mixture,0.4,500,800194,0.008979089005151764,gtest,none,73.53006799240646
2-2-8,t3,mixture,0.4,500,800195,0.011408038997615222,kl_plugin,none,0.07547965123530914
2-2-8,t3,mixture,0.4,500,800195,0.011408038997615222,kl_split,none,0.8988097964693458
2-2-8,t3,mixture,0.4,500,800195,0.011408038997615222,kl_crossfit,none,0.8586428501521238
2-2-8,t3,mixture,0.4,500,800195,0.011408038997615222,cf1_margin,none,0.2532002048131081
2-2-8,t3,mixture,0.4,500,800195,0.011408038997615222,slack_plugin,none,0.5064004096262162
2-2-8,t3,mixture,0.4,500,800195,0.011408038997615222,gm_battery,none,0.0
2-2-8,t3,mixture,0.4,500,800195,0.011408038997615222,gtest,none,118.71740520081867
2-2-8,t3,mixture,0.4,500,800196,0.011692136999045033,kl_plugin,none,0.16627218493676085
2-2-8,t3,mixture,0.4,500,800196,0.011692136999045033,kl_split,none,1.9236375606119018
2-2-8,t3,mixture,0.4,500,800196,0.011692136999045033,kl_crossfit,none,2.006397536243505
2-2-8,t3,mixture,0.4,500,800196,0.011692136999045033,cf1_margin,none,0.36918767507002803
2-2-8,t3,mixture,0.4,500,800196,0.011692136999045033,slack_plugin,none,0.7383753501400561
2-2-8,t3,mixture,0.4,500,800196,0.011692136999045033,gm_battery,none,0.0
2-2-8,t3,mixture,0.4,500,800196,0.011692136999045033,gtest,none,52.252682945044
2-2-8,t3,mixture,0.4,500,800197,0.012955553997016978,kl_plugin,none,0.1462990301805686
2-2-8,t3,mixture,0.4,500,800197,0.012955553997016978,kl_split,none,1.542178665924022
2-2-8,t3,mixture,0.4,500,800197,0.012955553997016978,kl_crossfit,none,0.9243794984994956
2-2-8,t3,mixture,0.4,500,800197,0.012955553997016978,cf1_margin,none,0.36172059603607076
2-2-8,t3,mixture,0.4,500,800197,0.012955553997016978,slack_plugin,none,0.7234411920721413
2-2-8,t3,mixture,0.4,500,800197,0.012955553997016978,gm_battery,none,0.0
2-2-8,t3,mixture,0.4,500,800197,0.012955553997016978,gtest,none,60.86887096685024
2-2-8,t3,mixture,0.4,500,800198,0.009372667002025992,kl_plugin,none,0.10657465197872931
2-2-8,t3,mixture,0.4,500,800198,0.009372667002025992,kl_split,none,0.760266975017159
2-2-8,t3,mixture,0.4,500,800198,0.009372667002025992,kl_crossfit,none,3.8705833140765353
2-2-8,t3,mixture,0.4,500,800198,0.009372667002025992,cf1_margin,none,0.3095543032786885
2-2-8,t3,mixture,0.4,500,800198,0.009372667002025992,slack_plugin,none,0.619108606557377
2-2-8,t3,mixture,0.4,500,800198,0.009372667002025992,gm_battery,none,0.0
2-2-8,t3,mixture,0.4,500,800198,0.009372667002025992,gtest,none,60.22669070719493
2-2-8,t3,mixture,0.4,500,800199,0.011504879003041424,kl_plugin,none,0.13598744878315971
2-2-8,t3,mixture,0.4,500,800199,0.011504879003041424,kl_split,none,1.3870510089111758
2-2-8,t3,mixture,0.4,500,800199,0.011504879003041424,kl_crossfit,none,2.0664584214693713
2-2-8,t3,mixture,0.4,500,800199,0.011504879003041424,cf1_margin,none,0.34799999999999986
2-2-8,t3,mixture,0.4,500,800199,0.011504879003041424,slack_plugin,none,0.6959999999999997
2-2-8,t3,mixture,0.4,500,800199,0.011504879003041424,gm_battery,none,0.0
2-2-8,t3,mixture,0.4,500,800199,0.011504879003041424,gtest,none,107.1118843289818
