cell,tail,family,rho,n,seed,dt_stats_s,stat,engine,stat_obs
2-2-5,t3,mixture,0.8,2000,800000,0.009506090005743317,kl_plugin,none,0.5130973379262864
2-2-5,t3,mixture,0.8,2000,800000,0.009506090005743317,kl_split,none,0.5114711460462231
2-2-5,t3,mixture,0.8,2000,800000,0.009506090005743317,kl_crossfit,none,0.5400872476262171
2-2-5,t3,mixture,0.8,2000,800000,0.009506090005743317,cf1_margin,none,0.683068732274929
2-2-5,t3,mixture,0.8,2000,800000,0.009506090005743317,slack_plugin,none,1.3661374645498583
2-2-5,t3,mixture,0.8,2000,800000,0.009506090005743317,gm_battery,none,0.0
2-2-5,t3,mixture,0.8,2000,800000,0.009506090005743317,gtest,none,837.9885474008354
2-2-5,t3,mixture,0.8,2000,800001,0.006179354997584596,kl_plugin,none,0.43073712587749896
2-2-5,t3,mixture,0.8,2000,800001,0.006179354997584596,kl_split,none,0.5916470672840396
2-2-5,t3,mixture,0.8,2000,800001,0.006179354997584596,kl_crossfit,none,0.527866402236064
2-2-5,t3,mixture,0.8,2000,800001,0.006179354997584596,cf1_margin,none,0.6307162339893362
2-2-5,t3,mixture,0.8,2000,800001,0.006179354997584596,slack_plugin,none,1.261432467978672
2-2-5,t3,mixture,0.8,2000,800001,0.006179354997584596,gm_battery,none,0.0
2-2-5,t3,mixture,0.8,2000,800001,0.006179354997584596,gtest,none,1041.2215051144897
2-2-5,t3,mixture,0.8,2000,800002,0.0062331099979928695,kl_plugin,none,0.40327819127043696
2-2-5,t3,mixture,0.8,2000,800002,0.0062331099979928695,kl_split,none,0.5555698782684577
2-2-5,t3,mixture,0.8,2000,800002,0.0062331099979928695,kl_crossfit,none,0.5385146919946098
2-2-5,t3,mixture,0.8,2000,800002,0.0062331099979928695,cf1_margin,none,0.6120117199226678
2-2-5,t3,mixture,0.8,2000,800002,0.0062331099979928695,slack_plugin,none,1.2240234398453353
2-2-5,t3,mixture,0.8,2000,800002,0.0062331099979928695,gm_battery,none,0.0
2-2-5,t3,mixture,0.8,2000,800002,0.0062331099979928695,gtest,none,1082.7705944092672
2-2-5,t3,mixture,0.8,2000,800003,0.005613207998976577,kl_plugin,none,0.4437801640348689
2-2-5,t3,mixture,0.8,2000,800003,0.005613207998976577,kl_split,none,0.6459675541807288
2-2-5,t3,mixture,0.8,2000,800003,0.005613207998976577,kl_crossfit,none,1.3970563402468508
2-2-5,t3,mixture,0.8,2000,800003,0.005613207998976577,cf1_margin,none,0.6395695641240655
2-2-5,t3,mixture,0.8,2000,800003,0.005613207998976577,slack_plugin,none,1.2791391282481308
2-2-5,t3,mixture,0.8,2000,800003,0.005613207998976577,gm_battery,none,0.0
2-2-5,t3,mixture,0.8,2000,800003,0.005613207998976577,gtest,none,1046.3515920555128
2-2-5,t3,mixture,0.8,2000,800004,0.004983001999789849,kl_plugin,none,0.4004515118252966
2-2-5,t3,mixture,0.8,2000,800004,0.004983001999789849,kl_split,none,0.5133948578230428
2-2-5,t3,mixture,0.8,2000,800004,0.004983001999789849,kl_crossfit,none,0.5771272841683543
2-2-5,t3,mixture,0.8,2000,800004,0.004983001999789849,cf1_margin,none,0.6097164833163375
2-2-5,t3,mixture,0.8,2000,800004,0.004983001999789849,slack_plugin,none,1.219432966632675
2-2-5,t3,mixture,0.8,2000,800004,0.004983001999789849,gm_battery,none,0.0
2-2-5,t3,mixture,0.8,2000,800004,0.004983001999789849,gtest,none,1013.2696724751218
2-2-5,t3,mixture,0.8,2000,800005,0.0055919169972185045,kl_plugin,none,0.45358791689616557
2-2-5,t3,mixture,0.8,2000,800005,0.0055919169972185045,kl_split,none,0.5542413886627551
2-2-5,t3,mixture,0.8,2000,800005,0.0055919169972185045,kl_crossfit,none,1.2595702672252183
2-2-5,t3,mixture,0.8,2000,800005,0.0055919169972185045,cf1_margin,none,0.6458031204242769
2-2-5,t3,mixture,0.8,2000,800005,0.0055919169972185045,slack_plugin,none,1.2916062408485538
2-2-5,t3,mixture,0.8,2000,800005,0.0055919169972185045,gm_battery,none,0.0
2-2-5,t3,mixture,0.8,2000,800005,0.0055919169972185045,gtest,none,997.0210018919138
2-2-5,t3,mixture,0.8,2000,800006,0.00575633900007233,kl_plugin,none,0.4555546047056584
2-2-5,t3,mixture,0.8,2000,800006,0.00575633900007233,kl_split,none,0.5319104926231774
2-2-5,t3,mixture,0.8,2000,800006,0.00575633900007233,kl_crossfit,none,0.5185727661377855
2-2-5,t3,mixture,0.8,2000,800006,0.00575633900007233,cf1_margin,none,0.6472989195678271
2-2-5,t3,mixture,0.8,2000,800006,0.00575633900007233,slack_plugin,none,1.2945978391356543
2-2-5,t3,mixture,0.8,2000,800006,0.00575633900007233,gm_battery,none,0.0
2-2-5,t3,mixture,0.8,2000,800006,0.00575633900007233,gtest,none,957.6305681607772
2-2-5,t3,mixture,0.8,2000,800007,0.005294871996738948,kl_plugin,none,0.42424994916146647
2-2-5,t3,mixture,0.8,2000,800007,0.005294871996738948,kl_split,none,0.42940681194630687
2-2-5,t3,mixture,0.8,2000,800007,0.005294871996738948,kl_crossfit,none,0.4582361415997853
2-2-5,t3,mixture,0.8,2000,800007,0.005294871996738948,cf1_margin,none,0.6264026402640264
2-2-5,t3,mixture,0.8,2000,800007,0.005294871996738948,slack_plugin,none,1.252805280528053
2-2-5,t3,mixture,0.8,2000,800007,0.005294871996738948,gm_battery,none,0.0
2-2-5,t3,mixture,0.8,2000,800007,0.005294871996738948,gtest,none,1036.358047593301
2-2-5,t3,mixture,0.8,2000,800008,0.005287432002660353,kl_plugin,none,0.45236293045556863
2-2-5,t3,mixture,0.8,2000,800008,0.005287432002660353,kl_split,none,1.7760364998409894
2-2-5,t3,mixture,0.8,2000,800008,0.005287432002660353,kl_crossfit,none,1.111894011659602
2-2-5,t3,mixture,0.8,2000,800008,0.005287432002660353,cf1_margin,none,0.6443959719126016
2-2-5,t3,mixture,0.8,2000,800008,0.005287432002660353,slack_plugin,none,1.2887919438252027
2-2-5,t3,mixture,0.8,2000,800008,0.005287432002660353,gm_battery,none,0.0
2-2-5,t3,mixture,0.8,2000,800008,0.005287432002660353,gtest,none,1045.4616166754633
2-2-5,t3,mixture,0.8,2000,800009,0.0053109729997231625,kl_plugin,none,0.4168628175691745
2-2-5,t3,mixture,0.8,2000,800009,0.0053109729997231625,kl_split,none,3.393693484856831
2-2-5,t3,mixture,0.8,2000,800009,0.0053109729997231625,kl_crossfit,none,1.8862007513862074
2-2-5,t3,mixture,0.8,2000,800009,0.0053109729997231625,cf1_margin,none,0.621048621048621
2-2-5,t3,mixture,0.8,2000,800009,0.0053109729997231625,slack_plugin,none,1.242097242097242
2-2-5,t3,mixture,0.8,2000,800009,0.0053109729997231625,gm_battery,none,0.0
2-2-5,t3,mixture,0.8,2000,800009,0.0053109729997231625,gtest,none,1114.8350662344671
2-2-5,t3,mixture,0.8,2000,800010,0.00987666800210718,kl_plugin,none,0.44307016792505016
2-2-5,t3,mixture,0.8,2000,800010,0.00987666800210718,kl_split,none,0.4328124614322728
2-2-5,t3,mixture,0.8,2000,800010,0.00987666800210718,kl_crossfit,none,0.4779513100967442
2-2-5,t3,mixture,0.8,2000,800010,0.00987666800210718,cf1_margin,none,0.6392452920892677
2-2-5,t3,mixture,0.8,2000,800010,0.00987666800210718,slack_plugin,none,1.278490584178536
2-2-5,t3,mixture,0.8,2000,800010,0.00987666800210718,gm_battery,none,0.0
2-2-5,t3,mixture,0.8,2000,800010,0.00987666800210718,gtest,none,1001.9641263576148
2-2-5,t3,mixture,0.8,2000,800011,0.005892332999792416,kl_plugin,none,0.4264311041000435
2-2-5,t3,mixture,0.8,2000,800011,0.005892332999792416,kl_split,none,0.4439388422350161
2-2-5,t3,mixture,0.8,2000,800011,0.005892332999792416,kl_crossfit,none,1.2335211912300126
2-2-5,t3,mixture,0.8,2000,800011,0.005892332999792416,cf1_margin,none,0.6281730819303074
2-2-5,t3,mixture,0.8,2000,800011,0.005892332999792416,slack_plugin,none,1.2563461638606148
2-2-5,t3,mixture,0.8,2000,800011,0.005892332999792416,gm_battery,none,0.0
2-2-5,t3,mixture,0.8,2000,800011,0.005892332999792416,gtest,none,1085.360800225711
2-2-5,t3,mixture,0.8,2000,800012,0.007700418005697429,kl_plugin,none,0.4976731214918478
2-2-5,t3,mixture,0.8,2000,800012,0.007700418005697429,kl_split,none,0.4967635894051739
2-2-5,t3,mixture,0.8,2000,800012,0.007700418005697429,kl_crossfit,none,0.529381065650252
2-2-5,t3,mixture,0.8,2000,800012,0.007700418005697429,cf1_margin,none,0.6736325465786238
2-2-5,t3,mixture,0.8,2000,800012,0.007700418005697429,slack_plugin,none,1.3472650931572479
2-2-5,t3,mixture,0.8,2000,800012,0.007700418005697429,gm_battery,none,0.0
2-2-5,t3,mixture,0.8,2000,800012,0.007700418005697429,gtest,none,890.3359825526873
2-2-5,t3,mixture,0.8,2000,800013,0.00483950600028038,kl_plugin,none,0.4225622971688083
2-2-5,t3,mixture,0.8,2000,800013,0.00483950600028038,kl_split,none,0.4030911999083022
2-2-5,t3,mixture,0.8,2000,800013,0.00483950600028038,kl_crossfit,none,0.5038611204749486
2-2-5,t3,mixture,0.8,2000,800013,0.00483950600028038,cf1_margin,none,0.6249999999999999
2-2-5,t3,mixture,0.8,2000,800013,0.00483950600028038,slack_plugin,none,1.2499999999999998
2-2-5,t3,mixture,0.8,2000,800013,0.00483950600028038,gm_battery,none,0.0
2-2-5,t3,mixture,0.8,2000,800013,0.00483950600028038,gtest,none,995.0721119754627
2-2-5,t3,mixture,0.8,2000,800014,0.005313904999638908,kl_plugin,none,0.4772845916454683
2-2-5,t3,mixture,0.8,2000,800014,0.005313904999638908,kl_split,none,0.50388269496739
2-2-5,t3,mixture,0.8,2000,800014,0.005313904999638908,kl_crossfit,none,0.5830825888457567
2-2-5,t3,mixture,0.8,2000,800014,0.005313904999638908,cf1_margin,none,0.6613608598948844
2-2-5,t3,mixture,0.8,2000,800014,0.005313904999638908,slack_plugin,none,1.3227217197897692
2-2-5,t3,mixture,0.8,2000,800014,0.005313904999638908,gm_battery,none,0.0
2-2-5,t3,mixture,0.8,2000,800014,0.005313904999638908,gtest,none,907.8617322815428
2-2-5,t3,mixture,0.8,2000,800015,0.006573327002115548,kl_plugin,none,0.44131514192431043
2-2-5,t3,mixture,0.8,2000,800015,0.006573327002115548,kl_split,none,0.5166807664573211
2-2-5,t3,mixture,0.8,2000,800015,0.006573327002115548,kl_crossfit,none,0.5015231556701828
2-2-5,t3,mixture,0.8,2000,800015,0.006573327002115548,cf1_margin,none,0.637395784993039
2-2-5,t3,mixture,0.8,2000,800015,0.006573327002115548,slack_plugin,none,1.2747915699860783
2-2-5,t3,mixture,0.8,2000,800015,0.006573327002115548,gm_battery,none,0.0
2-2-5,t3,mixture,0.8,2000,800015,0.006573327002115548,gtest,none,966.652301639377
2-2-5,t3,mixture,0.8,2000,800016,0.004938181999023072,kl_plugin,none,0.39665245026979756
2-2-5,t3,mixture,0.8,2000,800016,0.004938181999023072,kl_split,none,0.49124585872338977
2-2-5,t3,mixture,0.8,2000,800016,0.004938181999023072,kl_crossfit,none,0.8288911885497587
2-2-5,t3,mixture,0.8,2000,800016,0.004938181999023072,cf1_margin,none,0.6064551228649521
2-2-5,t3,mixture,0.8,2000,800016,0.004938181999023072,slack_plugin,none,1.212910245729904
2-2-5,t3,mixture,0.8,2000,800016,0.004938181999023072,gm_battery,none,0.0
2-2-5,t3,mixture,0.8,2000,800016,0.004938181999023072,gtest,none,1102.8673759616422
2-2-5,t3,mixture,0.8,2000,800017,0.005387007993704174,kl_plugin,none,0.48174060555983783
2-2-5,t3,mixture,0.8,2000,800017,0.005387007993704174,kl_split,none,2.4164848879104857
2-2-5,t3,mixture,0.8,2000,800017,0.005387007993704174,kl_crossfit,none,1.457684108707155
2-2-5,t3,mixture,0.8,2000,800017,0.005387007993704174,cf1_margin,none,0.6634972831712638
2-2-5,t3,mixture,0.8,2000,800017,0.005387007993704174,slack_plugin,none,1.3269945663425275
2-2-5,t3,mixture,0.8,2000,800017,0.005387007993704174,gm_battery,none,0.0
2-2-5,t3,mixture,0.8,2000,800017,0.005387007993704174,gtest,none,974.2516847716375
2-2-5,t3,mixture,0.8,2000,800018,0.005008653002732899,kl_plugin,none,0.4501631953689928
2-2-5,t3,mixture,0.8,2000,800018,0.005008653002732899,kl_split,none,0.4676953947074391
2-2-5,t3,mixture,0.8,2000,800018,0.005008653002732899,kl_crossfit,none,0.48439760798032694
2-2-5,t3,mixture,0.8,2000,800018,0.005008653002732899,cf1_margin,none,0.642331058276457
2-2-5,t3,mixture,0.8,2000,800018,0.005008653002732899,slack_plugin,none,1.2846621165529135
2-2-5,t3,mixture,0.8,2000,800018,0.005008653002732899,gm_battery,none,0.0
2-2-5,t3,mixture,0.8,2000,800018,0.005008653002732899,gtest,none,1012.0751788979981
2-2-5,t3,mixture,0.8,2000,800019,0.00511874099902343,kl_plugin,none,0.4525168917194951
2-2-5,t3,mixture,0.8,2000,800019,0.00511874099902343,kl_split,none,4.987872430449079
2-2-5,t3,mixture,0.8,2000,800019,0.00511874099902343,kl_crossfit,none,2.738200630712304
2-2-5,t3,mixture,0.8,2000,800019,0.00511874099902343,cf1_margin,none,0.6453399677283499
2-2-5,t3,mixture,0.8,2000,800019,0.00511874099902343,slack_plugin,none,1.2906799354566998
2-2-5,t3,mixture,0.8,2000,800019,0.00511874099902343,gm_battery,none,0.0
2-2-5,t3,mixture,0.8,2000,800019,0.00511874099902343,gtest,none,971.7242445217457
2-2-5,t3,mixture,0.8,2000,800020,0.005375723994802684,kl_plugin,none,0.48489531459532065
2-2-5,t3,mixture,0.8,2000,800020,0.005375723994802684,kl_split,none,0.5400488583590017
2-2-5,t3,mixture,0.8,2000,800020,0.005375723994802684,kl_crossfit,none,0.5480791918338425
2-2-5,t3,mixture,0.8,2000,800020,0.005375723994802684,cf1_margin,none,0.6661330587155743
2-2-5,t3,mixture,0.8,2000,800020,0.005375723994802684,slack_plugin,none,1.3322661174311485
2-2-5,t3,mixture,0.8,2000,800020,0.005375723994802684,gm_battery,none,0.0
2-2-5,t3,mixture,0.8,2000,800020,0.005375723994802684,gtest,none,986.0462262263188
2-2-5,t3,mixture,0.8,2000,800021,0.005071081999631133,kl_plugin,none,0.4391626571021314
2-2-5,t3,mixture,0.8,2000,800021,0.005071081999631133,kl_split,none,0.43087679056504546
2-2-5,t3,mixture,0.8,2000,800021,0.005071081999631133,kl_crossfit,none,0.5088718211935785
2-2-5,t3,mixture,0.8,2000,800021,0.005071081999631133,cf1_margin,none,0.6361840604248472
2-2-5,t3,mixture,0.8,2000,800021,0.005071081999631133,slack_plugin,none,1.2723681208496946
2-2-5,t3,mixture,0.8,2000,800021,0.005071081999631133,gm_battery,none,0.0
2-2-5,t3,mixture,0.8,2000,800021,0.005071081999631133,gtest,none,1047.4421382538524
2-2-5,t3,mixture,0.8,2000,800022,0.004959871002938598,kl_plugin,none,0.415747222081412
2-2-5,t3,mixture,0.8,2000,800022,0.004959871002938598,kl_split,none,0.5004408269729139
2-2-5,t3,mixture,0.8,2000,800022,0.004959871002938598,kl_crossfit,none,1.2869147203917557
2-2-5,t3,mixture,0.8,2000,800022,0.004959871002938598,cf1_margin,none,0.6206046360431097
2-2-5,t3,mixture,0.8,2000,800022,0.004959871002938598,slack_plugin,none,1.2412092720862198
2-2-5,t3,mixture,0.8,2000,800022,0.004959871002938598,gm_battery,none,0.0
2-2-5,t3,mixture,0.8,2000,800022,0.004959871002938598,gtest,none,1070.800173428478
2-2-5,t3,mixture,0.8,2000,800023,0.005217122001340613,kl_plugin,none,0.4760305033479644
2-2-5,t3,mixture,0.8,2000,800023,0.005217122001340613,kl_split,none,0.5417856248132412
2-2-5,t3,mixture,0.8,2000,800023,0.005217122001340613,kl_crossfit,none,0.5815216623977524
2-2-5,t3,mixture,0.8,2000,800023,0.005217122001340613,cf1_margin,none,0.6603769056055784
2-2-5,t3,mixture,0.8,2000,800023,0.005217122001340613,slack_plugin,none,1.3207538112111563
2-2-5,t3,mixture,0.8,2000,800023,0.005217122001340613,gm_battery,none,0.0
2-2-5,t3,mixture,0.8,2000,800023,0.005217122001340613,gtest,none,958.8374965569358
2-2-5,t3,mixture,0.8,2000,800024,0.006850385994766839,kl_plugin,none,0.4510593385338599
2-2-5,t3,mixture,0.8,2000,800024,0.006850385994766839,kl_split,none,0.5410213388132117
2-2-5,t3,mixture,0.8,2000,800024,0.006850385994766839,kl_crossfit,none,1.5320460693561255
2-2-5,t3,mixture,0.8,2000,800024,0.006850385994766839,cf1_margin,none,0.6448544854485447
2-2-5,t3,mixture,0.8,2000,800024,0.006850385994766839,slack_plugin,none,1.2897089708970897
2-2-5,t3,mixture,0.8,2000,800024,0.006850385994766839,gm_battery,none,0.0
2-2-5,t3,mixture,0.8,2000,800024,0.006850385994766839,gtest,none,1000.3823582152045
2-2-5,t3,mixture,0.8,2000,800025,0.005306414001097437,kl_plugin,none,0.448360626121965
2-2-5,t3,mixture,0.8,2000,800025,0.005306414001097437,kl_split,none,0.4756216472825594
2-2-5,t3,mixture,0.8,2000,800025,0.005306414001097437,kl_crossfit,none,0.521193579561503
2-2-5,t3,mixture,0.8,2000,800025,0.005306414001097437,cf1_margin,none,0.6421862749803997
2-2-5,t3,mixture,0.8,2000,800025,0.005306414001097437,slack_plugin,none,1.2843725499607994
2-2-5,t3,mixture,0.8,2000,800025,0.005306414001097437,gm_battery,none,0.0
2-2-5,t3,mixture,0.8,2000,800025,0.005306414001097437,gtest,none,1078.1424563983367
2-2-5,t3,mixture,0.8,2000,800026,0.004852655001741368,kl_plugin,none,0.493953758112629
2-2-5,t3,mixture,0.8,2000,800026,0.004852655001741368,kl_split,none,1.359339063964499
2-2-5,t3,mixture,0.8,2000,800026,0.004852655001741368,kl_crossfit,none,0.9524490548790507
2-2-5,t3,mixture,0.8,2000,800026,0.004852655001741368,cf1_margin,none,0.6702615853591434
2-2-5,t3,mixture,0.8,2000,800026,0.004852655001741368,slack_plugin,none,1.3405231707182872
2-2-5,t3,mixture,0.8,2000,800026,0.004852655001741368,gm_battery,none,0.0
2-2-5,t3,mixture,0.8,2000,800026,0.004852655001741368,gtest,none,982.4856743581712
2-2-5,t3,mixture,0.8,2000,800027,0.004831854996155016,kl_plugin,none,0.42141937035774113
2-2-5,t3,mixture,0.8,2000,800027,0.004831854996155016,kl_split,none,0.39926041867618883
2-2-5,t3,mixture,0.8,2000,800027,0.004831854996155016,kl_crossfit,none,1.1974471228398738
2-2-5,t3,mixture,0.8,2000,800027,0.004831854996155016,cf1_margin,none,0.6235576923076923
2-2-5,t3,mixture,0.8,2000,800027,0.004831854996155016,slack_plugin,none,1.2471153846153846
2-2-5,t3,mixture,0.8,2000,800027,0.004831854996155016,gm_battery,none,0.0
2-2-5,t3,mixture,0.8,2000,800027,0.004831854996155016,gtest,none,1047.0613272173694
2-2-5,t3,mixture,0.8,2000,800028,0.006563157003256492,kl_plugin,none,0.4744685261760791
2-2-5,t3,mixture,0.8,2000,800028,0.006563157003256492,kl_split,none,0.6566825587982942
2-2-5,t3,mixture,0.8,2000,800028,0.006563157003256492,kl_crossfit,none,0.701558482798037
2-2-5,t3,mixture,0.8,2000,800028,0.006563157003256492,cf1_margin,none,0.6591356788343661
2-2-5,t3,mixture,0.8,2000,800028,0.006563157003256492,slack_plugin,none,1.3182713576687317
2-2-5,t3,mixture,0.8,2000,800028,0.006563157003256492,gm_battery,none,0.0
2-2-5,t3,mixture,0.8,2000,800028,0.006563157003256492,gtest,none,998.0300903003089
2-2-5,t3,mixture,0.8,2000,800029,0.004881040993495844,kl_plugin,none,0.44255569920599175
2-2-5,t3,mixture,0.8,2000,800029,0.004881040993495844,kl_split,none,0.4411765048481096
2-2-5,t3,mixture,0.8,2000,800029,0.004881040993495844,kl_crossfit,none,1.21810398179199
2-2-5,t3,mixture,0.8,2000,800029,0.004881040993495844,cf1_margin,none,0.6386302565766026
2-2-5,t3,mixture,0.8,2000,800029,0.004881040993495844,slack_plugin,none,1.2772605131532049
2-2-5,t3,mixture,0.8,2000,800029,0.004881040993495844,gm_battery,none,0.0
2-2-5,t3,mixture,0.8,2000,800029,0.004881040993495844,gtest,none,981.7003430820203
2-2-5,t3,mixture,0.8,2000,800030,0.00504760100011481,kl_plugin,none,0.39970333505326977
2-2-5,t3,mixture,0.8,2000,800030,0.00504760100011481,kl_split,none,0.3971901848180089
2-2-5,t3,mixture,0.8,2000,800030,0.00504760100011481,kl_crossfit,none,0.42683618592872874
2-2-5,t3,mixture,0.8,2000,800030,0.00504760100011481,cf1_margin,none,0.6100870455709165
2-2-5,t3,mixture,0.8,2000,800030,0.00504760100011481,slack_plugin,none,1.2201740911418335
2-2-5,t3,mixture,0.8,2000,800030,0.00504760100011481,gm_battery,none,0.0
2-2-5,t3,mixture,0.8,2000,800030,0.00504760100011481,gtest,none,1012.0989456686311
2-2-5,t3,mixture,0.8,2000,800031,0.00466605100518791,kl_plugin,none,0.40052298575805867
2-2-5,t3,mixture,0.8,2000,800031,0.00466605100518791,kl_split,none,0.38136310785409655
2-2-5,t3,mixture,0.8,2000,800031,0.00466605100518791,kl_crossfit,none,0.4839025025459948
2-2-5,t3,mixture,0.8,2000,800031,0.00466605100518791,cf1_margin,none,0.6100313780737705
2-2-5,t3,mixture,0.8,2000,800031,0.00466605100518791,slack_plugin,none,1.220062756147541
2-2-5,t3,mixture,0.8,2000,800031,0.00466605100518791,gm_battery,none,0.0
2-2-5,t3,mixture,0.8,2000,800031,0.00466605100518791,gtest,none,1054.938392986577
2-2-5,t3,mixture,0.8,2000,800032,0.0068023010026081465,kl_plugin,none,0.43337360307974276
2-2-5,t3,mixture,0.8,2000,800032,0.0068023010026081465,kl_split,none,0.4698237746486982
2-2-5,t3,mixture,0.8,2000,800032,0.0068023010026081465,kl_crossfit,none,2.4067863127915676
2-2-5,t3,mixture,0.8,2000,800032,0.0068023010026081465,cf1_margin,none,0.6327572446679504
2-2-5,t3,mixture,0.8,2000,800032,0.0068023010026081465,slack_plugin,none,1.265514489335901
2-2-5,t3,mixture,0.8,2000,800032,0.0068023010026081465,gm_battery,none,0.0
2-2-5,t3,mixture,0.8,2000,800032,0.0068023010026081465,gtest,none,1045.105303981255
2-2-5,t3,mixture,0.8,2000,800033,0.005074729997431859,kl_plugin,none,0.5070202976590815
2-2-5,t3,mixture,0.8,2000,800033,0.005074729997431859,kl_split,none,0.5381470474590516
2-2-5,t3,mixture,0.8,2000,800033,0.005074729997431859,kl_crossfit,none,0.5504474672990551
2-2-5,t3,mixture,0.8,2000,800033,0.005074729997431859,cf1_margin,none,0.6794699443057423
2-2-5,t3,mixture,0.8,2000,800033,0.005074729997431859,slack_plugin,none,1.3589398886114847
2-2-5,t3,mixture,0.8,2000,800033,0.005074729997431859,gm_battery,none,0.0
2-2-5,t3,mixture,0.8,2000,800033,0.005074729997431859,gtest,none,886.2130304337719
2-2-5,t3,mixture,0.8,2000,800034,0.004676081996876746,kl_plugin,none,0.4288651558329987
2-2-5,t3,mixture,0.8,2000,800034,0.004676081996876746,kl_split,none,0.49872705005186424
2-2-5,t3,mixture,0.8,2000,800034,0.004676081996876746,kl_crossfit,none,0.5092246503712421
2-2-5,t3,mixture,0.8,2000,800034,0.004676081996876746,cf1_margin,none,0.6286075333851607
2-2-5,t3,mixture,0.8,2000,800034,0.004676081996876746,slack_plugin,none,1.2572150667703217
2-2-5,t3,mixture,0.8,2000,800034,0.004676081996876746,gm_battery,none,0.0
2-2-5,t3,mixture,0.8,2000,800034,0.004676081996876746,gtest,none,1021.9713106346704
2-2-5,t3,mixture,0.8,2000,800035,0.007458649997715838,kl_plugin,none,0.4287488512637558
2-2-5,t3,mixture,0.8,2000,800035,0.007458649997715838,kl_split,none,0.3697232546969449
2-2-5,t3,mixture,0.8,2000,800035,0.007458649997715838,kl_crossfit,none,0.4555943074913871
2-2-5,t3,mixture,0.8,2000,800035,0.007458649997715838,cf1_margin,none,0.6292686536715322
2-2-5,t3,mixture,0.8,2000,800035,0.007458649997715838,slack_plugin,none,1.2585373073430643
2-2-5,t3,mixture,0.8,2000,800035,0.007458649997715838,gm_battery,none,0.0
2-2-5,t3,mixture,0.8,2000,800035,0.007458649997715838,gtest,none,992.788507908279
2-2-5,t3,mixture,0.8,2000,800036,0.0057789019992924295,kl_plugin,none,0.457156122761271
2-2-5,t3,mixture,0.8,2000,800036,0.0057789019992924295,kl_split,none,0.5207381001992967
2-2-5,t3,mixture,0.8,2000,800036,0.0057789019992924295,kl_crossfit,none,1.6033713891549555
2-2-5,t3,mixture,0.8,2000,800036,0.0057789019992924295,cf1_margin,none,0.648122833105498
2-2-5,t3,mixture,0.8,2000,800036,0.0057789019992924295,slack_plugin,none,1.296245666210996
2-2-5,t3,mixture,0.8,2000,800036,0.0057789019992924295,gm_battery,none,0.0
2-2-5,t3,mixture,0.8,2000,800036,0.0057789019992924295,gtest,none,977.6233774493817
2-2-5,t3,mixture,0.8,2000,800037,0.005546445994696114,kl_plugin,none,0.47824082781971333
2-2-5,t3,mixture,0.8,2000,800037,0.005546445994696114,kl_split,none,0.4848501768311143
2-2-5,t3,mixture,0.8,2000,800037,0.005546445994696114,kl_crossfit,none,1.1704487108175923
2-2-5,t3,mixture,0.8,2000,800037,0.005546445994696114,cf1_margin,none,0.662314240369355
2-2-5,t3,mixture,0.8,2000,800037,0.005546445994696114,slack_plugin,none,1.3246284807387103
2-2-5,t3,mixture,0.8,2000,800037,0.005546445994696114,gm_battery,none,0.0
2-2-5,t3,mixture,0.8,2000,800037,0.005546445994696114,gtest,none,981.9777585104343
2-2-5,t3,mixture,0.8,2000,800038,0.006659609003691003,kl_plugin,none,0.43301935104400197
2-2-5,t3,mixture,0.8,2000,800038,0.006659609003691003,kl_split,none,0.4489074172724277
2-2-5,t3,mixture,0.8,2000,800038,0.006659609003691003,kl_crossfit,none,0.4957394278612478
2-2-5,t3,mixture,0.8,2000,800038,0.006659609003691003,cf1_margin,none,0.6328967842842343
2-2-5,t3,mixture,0.8,2000,800038,0.006659609003691003,slack_plugin,none,1.2657935685684687
2-2-5,t3,mixture,0.8,2000,800038,0.006659609003691003,gm_battery,none,0.0
2-2-5,t3,mixture,0.8,2000,800038,0.006659609003691003,gtest,none,1085.9711696105499
2-2-5,t3,mixture,0.8,2000,800039,0.004880048996710684,kl_plugin,none,0.4328554762619975
2-2-5,t3,mixture,0.8,2000,800039,0.004880048996710684,kl_split,none,0.4302336753209678
2-2-5,t3,mixture,0.8,2000,800039,0.004880048996710684,kl_crossfit,none,0.4504839816527123
2-2-5,t3,mixture,0.8,2000,800039,0.004880048996710684,cf1_margin,none,0.6318707261152614
2-2-5,t3,mixture,0.8,2000,800039,0.004880048996710684,slack_plugin,none,1.2637414522305226
2-2-5,t3,mixture,0.8,2000,800039,0.004880048996710684,gm_battery,none,0.0
2-2-5,t3,mixture,0.8,2000,800039,0.004880048996710684,gtest,none,950.189140796114
2-2-5,t3,mixture,0.8,2000,800040,0.006122366001363844,kl_plugin,none,0.44227813280954703
2-2-5,t3,mixture,0.8,2000,800040,0.006122366001363844,kl_split,none,0.5121117562298
2-2-5,t3,mixture,0.8,2000,800040,0.006122366001363844,kl_crossfit,none,0.5064754941427042
2-2-5,t3,mixture,0.8,2000,800040,0.006122366001363844,cf1_margin,none,0.6385519514810132
2-2-5,t3,mixture,0.8,2000,800040,0.006122366001363844,slack_plugin,none,1.2771039029620266
2-2-5,t3,mixture,0.8,2000,800040,0.006122366001363844,gm_battery,none,0.0
2-2-5,t3,mixture,0.8,2000,800040,0.006122366001363844,gtest,none,982.9887911364036
2-2-5,t3,mixture,0.8,2000,800041,0.005361443996662274,kl_plugin,none,0.4515391612537265
2-2-5,t3,mixture,0.8,2000,800041,0.005361443996662274,kl_split,none,0.6463324849503088
2-2-5,t3,mixture,0.8,2000,800041,0.005361443996662274,kl_crossfit,none,1.5470041984260836
2-2-5,t3,mixture,0.8,2000,800041,0.005361443996662274,cf1_margin,none,0.6430926317137187
2-2-5,t3,mixture,0.8,2000,800041,0.005361443996662274,slack_plugin,none,1.2861852634274373
2-2-5,t3,mixture,0.8,2000,800041,0.005361443996662274,gm_battery,none,0.0
2-2-5,t3,mixture,0.8,2000,800041,0.005361443996662274,gtest,none,1067.9889155643684
2-2-5,t3,mixture,0.8,2000,800042,0.004804528005479369,kl_plugin,none,0.43657352452196396
2-2-5,t3,mixture,0.8,2000,800042,0.004804528005479369,kl_split,none,0.533154451143595
2-2-5,t3,mixture,0.8,2000,800042,0.004804528005479369,kl_crossfit,none,0.5070407885860067
2-2-5,t3,mixture,0.8,2000,800042,0.004804528005479369,cf1_margin,none,0.6341196467642229
2-2-5,t3,mixture,0.8,2000,800042,0.004804528005479369,slack_plugin,none,1.268239293528446
2-2-5,t3,mixture,0.8,2000,800042,0.004804528005479369,gm_battery,none,0.0
2-2-5,t3,mixture,0.8,2000,800042,0.004804528005479369,gtest,none,1040.7712327695838
2-2-5,t3,mixture,0.8,2000,800043,0.004873448000580538,kl_plugin,none,0.3976393004743657
2-2-5,t3,mixture,0.8,2000,800043,0.004873448000580538,kl_split,none,0.5118215118900152
2-2-5,t3,mixture,0.8,2000,800043,0.004873448000580538,kl_crossfit,none,1.4591078844615324
2-2-5,t3,mixture,0.8,2000,800043,0.004873448000580538,cf1_margin,none,0.6077236097982986
2-2-5,t3,mixture,0.8,2000,800043,0.004873448000580538,slack_plugin,none,1.215447219596597
2-2-5,t3,mixture,0.8,2000,800043,0.004873448000580538,gm_battery,none,0.0
2-2-5,t3,mixture,0.8,2000,800043,0.004873448000580538,gtest,none,1108.9149327742302
2-2-5,t3,mixture,0.8,2000,800044,0.007493231998523697,kl_plugin,none,0.4513643234184404
2-2-5,t3,mixture,0.8,2000,800044,0.007493231998523697,kl_split,none,0.5400519603426824
2-2-5,t3,mixture,0.8,2000,800044,0.007493231998523697,kl_crossfit,none,0.5008033941012583
2-2-5,t3,mixture,0.8,2000,800044,0.007493231998523697,cf1_margin,none,0.6443949888724962
2-2-5,t3,mixture,0.8,2000,800044,0.007493231998523697,slack_plugin,none,1.2887899777449925
2-2-5,t3,mixture,0.8,2000,800044,0.007493231998523697,gm_battery,none,0.0
2-2-5,t3,mixture,0.8,2000,800044,0.007493231998523697,gtest,none,985.9884327738612
2-2-5,t3,mixture,0.8,2000,800045,0.005135357998369727,kl_plugin,none,0.43030913256905623
2-2-5,t3,mixture,0.8,2000,800045,0.005135357998369727,kl_split,none,0.48750332945228836
2-2-5,t3,mixture,0.8,2000,800045,0.005135357998369727,kl_crossfit,none,0.5753814455867241
2-2-5,t3,mixture,0.8,2000,800045,0.005135357998369727,cf1_margin,none,0.631020631020631
2-2-5,t3,mixture,0.8,2000,800045,0.005135357998369727,slack_plugin,none,1.2620412620412624
2-2-5,t3,mixture,0.8,2000,800045,0.005135357998369727,gm_battery,none,0.0
2-2-5,t3,mixture,0.8,2000,800045,0.005135357998369727,gtest,none,1007.194547884029
2-2-5,t3,mixture,0.8,2000,800046,0.006874393002362922,kl_plugin,none,0.4444113530236842
2-2-5,t3,mixture,0.8,2000,800046,0.006874393002362922,kl_split,none,0.43023518615484224
2-2-5,t3,mixture,0.8,2000,800046,0.006874393002362922,kl_crossfit,none,1.3138931397403988
2-2-5,t3,mixture,0.8,2000,800046,0.006874393002362922,cf1_margin,none,0.640098760888848
2-2-5,t3,mixture,0.8,2000,800046,0.006874393002362922,slack_plugin,none,1.2801975217776962
2-2-5,t3,mixture,0.8,2000,800046,0.006874393002362922,gm_battery,none,0.0
2-2-5,t3,mixture,0.8,2000,800046,0.006874393002362922,gtest,none,994.4706193078109
2-2-5,t3,mixture,0.8,2000,800047,0.007627744002093095,kl_plugin,none,0.43977480213359366
2-2-5,t3,mixture,0.8,2000,800047,0.007627744002093095,kl_split,none,0.49773474660919614
2-2-5,t3,mixture,0.8,2000,800047,0.007627744002093095,kl_crossfit,none,1.1797676427978294
2-2-5,t3,mixture,0.8,2000,800047,0.007627744002093095,cf1_margin,none,0.6363109071926589
2-2-5,t3,mixture,0.8,2000,800047,0.007627744002093095,slack_plugin,none,1.2726218143853179
2-2-5,t3,mixture,0.8,2000,800047,0.007627744002093095,gm_battery,none,0.0
2-2-5,t3,mixture,0.8,2000,800047,0.007627744002093095,gtest,none,1077.7831960683059
2-2-5,t3,mixture,0.8,2000,800048,0.005409457997302525,kl_plugin,none,0.43243807467756107
2-2-5,t3,mixture,0.8,2000,800048,0.005409457997302525,kl_split,none,0.44261659242682744
2-2-5,t3,mixture,0.8,2000,800048,0.005409457997302525,kl_crossfit,none,0.8421248810121605
2-2-5,t3,mixture,0.8,2000,800048,0.005409457997302525,cf1_margin,none,0.631582947944504
2-2-5,t3,mixture,0.8,2000,800048,0.005409457997302525,slack_plugin,none,1.2631658958890082
2-2-5,t3,mixture,0.8,2000,800048,0.005409457997302525,gm_battery,none,0.0
2-2-5,t3,mixture,0.8,2000,800048,0.005409457997302525,gtest,none,970.1389068200629
2-2-5,t3,mixture,0.8,2000,800049,0.004765948993735947,kl_plugin,none,0.39925312297604043
2-2-5,t3,mixture,0.8,2000,800049,0.004765948993735947,kl_split,none,0.4314110791641662
2-2-5,t3,mixture,0.8,2000,800049,0.004765948993735947,kl_crossfit,none,0.4418354436679706
2-2-5,t3,mixture,0.8,2000,800049,0.004765948993735947,cf1_margin,none,0.6085914077916671
2-2-5,t3,mixture,0.8,2000,800049,0.004765948993735947,slack_plugin,none,1.2171828155833342
2-2-5,t3,mixture,0.8,2000,800049,0.004765948993735947,gm_battery,none,0.0
2-2-5,t3,mixture,0.8,2000,800049,0.004765948993735947,gtest,none,1052.3784684049474
2-2-5,t3,mixture,0.8,2000,800050,0.005086652003228664,kl_plugin,none,0.46780250075985846
2-2-5,t3,mixture,0.8,2000,800050,0.005086652003228664,kl_split,none,0.5078535852504746
2-2-5,t3,mixture,0.8,2000,800050,0.005086652003228664,kl_crossfit,none,0.4985274149441136
2-2-5,t3,mixture,0.8,2000,800050,0.005086652003228664,cf1_margin,none,0.6555878059493472
2-2-5,t3,mixture,0.8,2000,800050,0.005086652003228664,slack_plugin,none,1.3111756118986948
2-2-5,t3,mixture,0.8,2000,800050,0.005086652003228664,gm_battery,none,0.0
2-2-5,t3,mixture,0.8,2000,800050,0.005086652003228664,gtest,none,925.6675250020774
2-2-5,t3,mixture,0.8,2000,800051,0.006104590000177268,kl_plugin,none,0.4253511793519381
2-2-5,t3,mixture,0.8,2000,800051,0.006104590000177268,kl_split,none,0.5170451911855238
2-2-5,t3,mixture,0.8,2000,800051,0.006104590000177268,kl_crossfit,none,0.5573006082709447
2-2-5,t3,mixture,0.8,2000,800051,0.006104590000177268,cf1_margin,none,0.626954626954627
2-2-5,t3,mixture,0.8,2000,800051,0.006104590000177268,slack_plugin,none,1.2539092539092542
2-2-5,t3,mixture,0.8,2000,800051,0.006104590000177268,gm_battery,none,0.0
2-2-5,t3,mixture,0.8,2000,800051,0.006104590000177268,gtest,none,1034.1073462989877
2-2-5,t3,mixture,0.8,2000,800052,0.005227786998148076,kl_plugin,none,0.48757812098538844
2-2-5,t3,mixture,0.8,2000,800052,0.005227786998148076,kl_split,none,0.49667703647022954
2-2-5,t3,mixture,0.8,2000,800052,0.005227786998148076,kl_crossfit,none,1.1189151060439446
2-2-5,t3,mixture,0.8,2000,800052,0.005227786998148076,cf1_margin,none,0.6672918473438824
2-2-5,t3,mixture,0.8,2000,800052,0.005227786998148076,slack_plugin,none,1.334583694687765
2-2-5,t3,mixture,0.8,2000,800052,0.005227786998148076,gm_battery,none,0.0
2-2-5,t3,mixture,0.8,2000,800052,0.005227786998148076,gtest,none,999.0030839750244
2-2-5,t3,mixture,0.8,2000,800053,0.004927059002511669,kl_plugin,none,0.4231730150433682
2-2-5,t3,mixture,0.8,2000,800053,0.004927059002511669,kl_split,none,2.220216161792406
2-2-5,t3,mixture,0.8,2000,800053,0.004927059002511669,kl_crossfit,none,1.3219749616007817
2-2-5,t3,mixture,0.8,2000,800053,0.004927059002511669,cf1_margin,none,0.6257296607533769
2-2-5,t3,mixture,0.8,2000,800053,0.004927059002511669,slack_plugin,none,1.2514593215067538
2-2-5,t3,mixture,0.8,2000,800053,0.004927059002511669,gm_battery,none,0.0
2-2-5,t3,mixture,0.8,2000,800053,0.004927059002511669,gtest,none,1078.6500945409193
2-2-5,t3,mixture,0.8,2000,800054,0.0049023630053852685,kl_plugin,none,0.425224461713763
2-2-5,t3,mixture,0.8,2000,800054,0.0049023630053852685,kl_split,none,0.4253091891383634
2-2-5,t3,mixture,0.8,2000,800054,0.0049023630053852685,kl_crossfit,none,0.44671565593430723
2-2-5,t3,mixture,0.8,2000,800054,0.0049023630053852685,cf1_margin,none,0.6273663407530685
2-2-5,t3,mixture,0.8,2000,800054,0.0049023630053852685,slack_plugin,none,1.2547326815061366
2-2-5,t3,mixture,0.8,2000,800054,0.0049023630053852685,gm_battery,none,0.0
2-2-5,t3,mixture,0.8,2000,800054,0.0049023630053852685,gtest,none,1063.174786492756
2-2-5,t3,mixture,0.8,2000,800055,0.006398238001565915,kl_plugin,none,0.45030747640488894
2-2-5,t3,mixture,0.8,2000,800055,0.006398238001565915,kl_split,none,0.6268864709806126
2-2-5,t3,mixture,0.8,2000,800055,0.006398238001565915,kl_crossfit,none,0.5429308124466434
2-2-5,t3,mixture,0.8,2000,800055,0.006398238001565915,cf1_margin,none,0.6442147122073116
2-2-5,t3,mixture,0.8,2000,800055,0.006398238001565915,slack_plugin,none,1.2884294244146233
2-2-5,t3,mixture,0.8,2000,800055,0.006398238001565915,gm_battery,none,0.0
2-2-5,t3,mixture,0.8,2000,800055,0.006398238001565915,gtest,none,1044.0917735846533
2-2-5,t3,mixture,0.8,2000,800056,0.004955311000230722,kl_plugin,none,0.4782906979923007
2-2-5,t3,mixture,0.8,2000,800056,0.004955311000230722,kl_split,none,0.5186772272894794
2-2-5,t3,mixture,0.8,2000,800056,0.004955311000230722,kl_crossfit,none,1.313353434755061
2-2-5,t3,mixture,0.8,2000,800056,0.004955311000230722,cf1_margin,none,0.6622140463938184
2-2-5,t3,mixture,0.8,2000,800056,0.004955311000230722,slack_plugin,none,1.324428092787637
2-2-5,t3,mixture,0.8,2000,800056,0.004955311000230722,gm_battery,none,0.0
2-2-5,t3,mixture,0.8,2000,800056,0.004955311000230722,gtest,none,956.0190778119112
2-2-5,t3,mixture,0.8,2000,800057,0.005252070994174574,kl_plugin,none,0.44071082696539376
2-2-5,t3,mixture,0.8,2000,800057,0.005252070994174574,kl_split,none,0.4442751888768156
2-2-5,t3,mixture,0.8,2000,800057,0.005252070994174574,kl_crossfit,none,0.4696009979012019
2-2-5,t3,mixture,0.8,2000,800057,0.005252070994174574,cf1_margin,none,0.6376261527644845
2-2-5,t3,mixture,0.8,2000,800057,0.005252070994174574,slack_plugin,none,1.2752523055289688
2-2-5,t3,mixture,0.8,2000,800057,0.005252070994174574,gm_battery,none,0.0
2-2-5,t3,mixture,0.8,2000,800057,0.005252070994174574,gtest,none,968.4703431068805
2-2-5,t3,mixture,0.8,2000,800058,0.004841811998630874,kl_plugin,none,0.42640951198482163
2-2-5,t3,mixture,0.8,2000,800058,0.004841811998630874,kl_split,none,0.5326636663440882
2-2-5,t3,mixture,0.8,2000,800058,0.004841811998630874,kl_crossfit,none,0.49453810835685763
2-2-5,t3,mixture,0.8,2000,800058,0.004841811998630874,cf1_margin,none,0.627058627058627
2-2-5,t3,mixture,0.8,2000,800058,0.004841811998630874,slack_plugin,none,1.2541172541172547
2-2-5,t3,mixture,0.8,2000,800058,0.004841811998630874,gm_battery,none,0.0
2-2-5,t3,mixture,0.8,2000,800058,0.004841811998630874,gtest,none,1089.9087532647445
2-2-5,t3,mixture,0.8,2000,800059,0.005161052002222277,kl_plugin,none,0.4458425216395628
2-2-5,t3,mixture,0.8,2000,800059,0.005161052002222277,kl_split,none,2.2109984894068977
2-2-5,t3,mixture,0.8,2000,800059,0.005161052002222277,kl_crossfit,none,1.358720939211119
2-2-5,t3,mixture,0.8,2000,800059,0.005161052002222277,cf1_margin,none,0.6412319397871227
2-2-5,t3,mixture,0.8,2000,800059,0.005161052002222277,slack_plugin,none,1.2824638795742456
2-2-5,t3,mixture,0.8,2000,800059,0.005161052002222277,gm_battery,none,0.0
2-2-5,t3,mixture,0.8,2000,800059,0.005161052002222277,gtest,none,1023.4480704828112
2-2-5,t3,mixture,0.8,2000,800060,0.0055204989985213615,kl_plugin,none,0.4168630259513802
2-2-5,t3,mixture,0.8,2000,800060,0.0055204989985213615,kl_split,none,0.4155710307668769
2-2-5,t3,mixture,0.8,2000,800060,0.0055204989985213615,kl_crossfit,none,1.271813695830976
2-2-5,t3,mixture,0.8,2000,800060,0.0055204989985213615,cf1_margin,none,0.6212964435257328
2-2-5,t3,mixture,0.8,2000,800060,0.0055204989985213615,slack_plugin,none,1.2425928870514655
2-2-5,t3,mixture,0.8,2000,800060,0.0055204989985213615,gm_battery,none,0.0
2-2-5,t3,mixture,0.8,2000,800060,0.0055204989985213615,gtest,none,1007.2247871397105
2-2-5,t3,mixture,0.8,2000,800061,0.0055045609988155775,kl_plugin,none,0.49512998079418574
2-2-5,t3,mixture,0.8,2000,800061,0.0055045609988155775,kl_split,none,0.5847689011243516
2-2-5,t3,mixture,0.8,2000,800061,0.0055045609988155775,kl_crossfit,none,0.5691857389772896
2-2-5,t3,mixture,0.8,2000,800061,0.0055045609988155775,cf1_margin,none,0.6720677495577103
2-2-5,t3,mixture,0.8,2000,800061,0.0055045609988155775,slack_plugin,none,1.3441354991154206
2-2-5,t3,mixture,0.8,2000,800061,0.0055045609988155775,gm_battery,none,0.0
2-2-5,t3,mixture,0.8,2000,800061,0.0055045609988155775,gtest,none,882.8235056396277
2-2-5,t3,mixture,0.8,2000,800062,0.00878533299692208,kl_plugin,none,0.43970814641960043
2-2-5,t3,mixture,0.8,2000,800062,0.00878533299692208,kl_split,none,0.40019134602292866
2-2-5,t3,mixture,0.8,2000,800062,0.00878533299692208,kl_crossfit,none,0.4597492143241435
2-2-5,t3,mixture,0.8,2000,800062,0.00878533299692208,cf1_margin,none,0.6373324957286159
2-2-5,t3,mixture,0.8,2000,800062,0.00878533299692208,slack_plugin,none,1.2746649914572323
2-2-5,t3,mixture,0.8,2000,800062,0.00878533299692208,gm_battery,none,0.0
2-2-5,t3,mixture,0.8,2000,800062,0.00878533299692208,gtest,none,1011.5003313571232
2-2-5,t3,mixture,0.8,2000,800063,0.006403223000233993,kl_plugin,none,0.4227724584516256
2-2-5,t3,mixture,0.8,2000,800063,0.006403223000233993,kl_split,none,0.389774605651019
2-2-5,t3,mixture,0.8,2000,800063,0.006403223000233993,kl_crossfit,none,0.4524083849680176
2-2-5,t3,mixture,0.8,2000,800063,0.006403223000233993,cf1_margin,none,0.6258545307631075
2-2-5,t3,mixture,0.8,2000,800063,0.006403223000233993,slack_plugin,none,1.2517090615262148
2-2-5,t3,mixture,0.8,2000,800063,0.006403223000233993,gm_battery,none,0.0
2-2-5,t3,mixture,0.8,2000,800063,0.006403223000233993,gtest,none,1068.9884290335772
2-2-5,t3,mixture,0.8,2000,800064,0.004994861003069673,kl_plugin,none,0.46052962054010305
2-2-5,t3,mixture,0.8,2000,800064,0.004994861003069673,kl_split,none,0.4631402880770898
2-2-5,t3,mixture,0.8,2000,800064,0.004994861003069673,kl_crossfit,none,0.8767780043757836
2-2-5,t3,mixture,0.8,2000,800064,0.004994861003069673,cf1_margin,none,0.6503850385038503
2-2-5,t3,mixture,0.8,2000,800064,0.004994861003069673,slack_plugin,none,1.3007700770077006
2-2-5,t3,mixture,0.8,2000,800064,0.004994861003069673,gm_battery,none,0.0
2-2-5,t3,mixture,0.8,2000,800064,0.004994861003069673,gtest,none,1004.2255805654262
2-2-5,t3,mixture,0.8,2000,800065,0.007447832002071664,kl_plugin,none,0.4594994127439146
2-2-5,t3,mixture,0.8,2000,800065,0.007447832002071664,kl_split,none,0.5479804016685742
2-2-5,t3,mixture,0.8,2000,800065,0.007447832002071664,kl_crossfit,none,1.3531628815621946
2-2-5,t3,mixture,0.8,2000,800065,0.007447832002071664,cf1_margin,none,0.6500808507276565
2-2-5,t3,mixture,0.8,2000,800065,0.007447832002071664,slack_plugin,none,1.300161701455313
2-2-5,t3,mixture,0.8,2000,800065,0.007447832002071664,gm_battery,none,0.0
2-2-5,t3,mixture,0.8,2000,800065,0.007447832002071664,gtest,none,1092.8910317254943
2-2-5,t3,mixture,0.8,2000,800066,0.005156970000825822,kl_plugin,none,0.46994398503146195
2-2-5,t3,mixture,0.8,2000,800066,0.005156970000825822,kl_split,none,0.4765241887727674
2-2-5,t3,mixture,0.8,2000,800066,0.005156970000825822,kl_crossfit,none,0.49395440444477523
2-2-5,t3,mixture,0.8,2000,800066,0.005156970000825822,cf1_margin,none,0.6563856385638563
2-2-5,t3,mixture,0.8,2000,800066,0.005156970000825822,slack_plugin,none,1.312771277127713
2-2-5,t3,mixture,0.8,2000,800066,0.005156970000825822,gm_battery,none,0.0
2-2-5,t3,mixture,0.8,2000,800066,0.005156970000825822,gtest,none,968.0832983046726
2-2-5,t3,mixture,0.8,2000,800067,0.0050448990004952066,kl_plugin,none,0.4372817139164569
2-2-5,t3,mixture,0.8,2000,800067,0.0050448990004952066,kl_split,none,0.4192893015233571
2-2-5,t3,mixture,0.8,2000,800067,0.0050448990004952066,kl_crossfit,none,1.38295659090818
2-2-5,t3,mixture,0.8,2000,800067,0.0050448990004952066,cf1_margin,none,0.6356187183919083
2-2-5,t3,mixture,0.8,2000,800067,0.0050448990004952066,slack_plugin,none,1.2712374367838168
2-2-5,t3,mixture,0.8,2000,800067,0.0050448990004952066,gm_battery,none,0.0
2-2-5,t3,mixture,0.8,2000,800067,0.0050448990004952066,gtest,none,971.3744504179654
2-2-5,t3,mixture,0.8,2000,800068,0.005247988003247883,kl_plugin,none,0.44825927731427795
2-2-5,t3,mixture,0.8,2000,800068,0.005247988003247883,kl_split,none,0.4217078846448391
2-2-5,t3,mixture,0.8,2000,800068,0.005247988003247883,kl_crossfit,none,0.4715527129025873
2-2-5,t3,mixture,0.8,2000,800068,0.005247988003247883,cf1_margin,none,0.6430285721142884
2-2-5,t3,mixture,0.8,2000,800068,0.005247988003247883,slack_plugin,none,1.286057144228577
2-2-5,t3,mixture,0.8,2000,800068,0.005247988003247883,gm_battery,none,0.0
2-2-5,t3,mixture,0.8,2000,800068,0.005247988003247883,gtest,none,992.3048815589991
2-2-5,t3,mixture,0.8,2000,800069,0.004996663999918383,kl_plugin,none,0.44627981424761104
2-2-5,t3,mixture,0.8,2000,800069,0.004996663999918383,kl_split,none,0.5925498151113735
2-2-5,t3,mixture,0.8,2000,800069,0.004996663999918383,kl_crossfit,none,0.6043678737317636
2-2-5,t3,mixture,0.8,2000,800069,0.004996663999918383,cf1_margin,none,0.6405849974398363
2-2-5,t3,mixture,0.8,2000,800069,0.004996663999918383,slack_plugin,none,1.2811699948796722
2-2-5,t3,mixture,0.8,2000,800069,0.004996663999918383,gm_battery,none,0.0
2-2-5,t3,mixture,0.8,2000,800069,0.004996663999918383,gtest,none,922.7859273560988
2-2-5,t3,mixture,0.8,2000,800070,0.0049583139989408664,kl_plugin,none,0.39673481654210513
2-2-5,t3,mixture,0.8,2000,800070,0.0049583139989408664,kl_split,none,0.44894352271884636
2-2-5,t3,mixture,0.8,2000,800070,0.0049583139989408664,kl_crossfit,none,0.8037642360934062
2-2-5,t3,mixture,0.8,2000,800070,0.0049583139989408664,cf1_margin,none,0.6069026440660331
2-2-5,t3,mixture,0.8,2000,800070,0.0049583139989408664,slack_plugin,none,1.213805288132066
2-2-5,t3,mixture,0.8,2000,800070,0.0049583139989408664,gm_battery,none,0.0
2-2-5,t3,mixture,0.8,2000,800070,0.0049583139989408664,gtest,none,1060.1309375585436
2-2-5,t3,mixture,0.8,2000,800071,0.004743209996377118,kl_plugin,none,0.40030951016163174
2-2-5,t3,mixture,0.8,2000,800071,0.004743209996377118,kl_split,none,0.5805367247219672
2-2-5,t3,mixture,0.8,2000,800071,0.004743209996377118,kl_crossfit,none,1.332509437896882
2-2-5,t3,mixture,0.8,2000,800071,0.004743209996377118,cf1_margin,none,0.610204900040102
2-2-5,t3,mixture,0.8,2000,800071,0.004743209996377118,slack_plugin,none,1.2204098000802035
2-2-5,t3,mixture,0.8,2000,800071,0.004743209996377118,gm_battery,none,0.0
2-2-5,t3,mixture,0.8,2000,800071,0.004743209996377118,gtest,none,1119.8013602556157
2-2-5,t3,mixture,0.8,2000,800072,0.004869395001151133,kl_plugin,none,0.41747113412097364
2-2-5,t3,mixture,0.8,2000,800072,0.004869395001151133,kl_split,none,0.44845957897340616
2-2-5,t3,mixture,0.8,2000,800072,0.004869395001151133,kl_crossfit,none,1.9976792722048284
2-2-5,t3,mixture,0.8,2000,800072,0.004869395001151133,cf1_margin,none,0.6218005450136255
2-2-5,t3,mixture,0.8,2000,800072,0.004869395001151133,slack_plugin,none,1.2436010900272505
2-2-5,t3,mixture,0.8,2000,800072,0.004869395001151133,gm_battery,none,0.0
2-2-5,t3,mixture,0.8,2000,800072,0.004869395001151133,gtest,none,1039.832989127961
2-2-5,t3,mixture,0.8,2000,800073,0.005425973002274986,kl_plugin,none,0.4015426049885156
2-2-5,t3,mixture,0.8,2000,800073,0.005425973002274986,kl_split,none,0.3918276000556528
2-2-5,t3,mixture,0.8,2000,800073,0.005425973002274986,kl_crossfit,none,0.453610541036672
2-2-5,t3,mixture,0.8,2000,800073,0.005425973002274986,cf1_margin,none,0.6103099711589618
2-2-5,t3,mixture,0.8,2000,800073,0.005425973002274986,slack_plugin,none,1.2206199423179234
2-2-5,t3,mixture,0.8,2000,800073,0.005425973002274986,gm_battery,none,0.0
2-2-5,t3,mixture,0.8,2000,800073,0.005425973002274986,gtest,none,1052.174497765891
2-2-5,t3,mixture,0.8,2000,800074,0.0061391929993988015,kl_plugin,none,0.4379176843351807
2-2-5,t3,mixture,0.8,2000,800074,0.0061391929993988015,kl_split,none,0.4453323902439007
2-2-5,t3,mixture,0.8,2000,800074,0.0061391929993988015,kl_crossfit,none,0.4610120365564
2-2-5,t3,mixture,0.8,2000,800074,0.0061391929993988015,cf1_margin,none,0.6357581521494553
2-2-5,t3,mixture,0.8,2000,800074,0.0061391929993988015,slack_plugin,none,1.2715163042989106
2-2-5,t3,mixture,0.8,2000,800074,0.0061391929993988015,gm_battery,none,0.0
2-2-5,t3,mixture,0.8,2000,800074,0.0061391929993988015,gtest,none,975.9738268220196
2-2-5,t3,mixture,0.8,2000,800075,0.005377966997912154,kl_plugin,none,0.49269404836543307
2-2-5,t3,mixture,0.8,2000,800075,0.005377966997912154,kl_split,none,0.559371951377096
2-2-5,t3,mixture,0.8,2000,800075,0.005377966997912154,kl_crossfit,none,0.6242456567120689
2-2-5,t3,mixture,0.8,2000,800075,0.005377966997912154,cf1_margin,none,0.6693985133950551
2-2-5,t3,mixture,0.8,2000,800075,0.005377966997912154,slack_plugin,none,1.3387970267901101
2-2-5,t3,mixture,0.8,2000,800075,0.005377966997912154,gm_battery,none,0.0
2-2-5,t3,mixture,0.8,2000,800075,0.005377966997912154,gtest,none,935.8387252014743
2-2-5,t3,mixture,0.8,2000,800076,0.0067624980001710355,kl_plugin,none,0.40780938496059216
2-2-5,t3,mixture,0.8,2000,800076,0.0067624980001710355,kl_split,none,0.3893843546965609
2-2-5,t3,mixture,0.8,2000,800076,0.0067624980001710355,kl_crossfit,none,1.092534858633598
2-2-5,t3,mixture,0.8,2000,800076,0.0067624980001710355,cf1_margin,none,0.6155514386661278
2-2-5,t3,mixture,0.8,2000,800076,0.0067624980001710355,slack_plugin,none,1.2311028773322557
2-2-5,t3,mixture,0.8,2000,800076,0.0067624980001710355,gm_battery,none,0.0
2-2-5,t3,mixture,0.8,2000,800076,0.0067624980001710355,gtest,none,1058.214455809848
2-2-5,t3,mixture,0.8,2000,800077,0.006338190003589261,kl_plugin,none,0.4447232284138075
2-2-5,t3,mixture,0.8,2000,800077,0.006338190003589261,kl_split,none,0.4128388935535171
2-2-5,t3,mixture,0.8,2000,800077,0.006338190003589261,kl_crossfit,none,0.46940710657381646
2-2-5,t3,mixture,0.8,2000,800077,0.006338190003589261,cf1_margin,none,0.6392653388049245
2-2-5,t3,mixture,0.8,2000,800077,0.006338190003589261,slack_plugin,none,1.2785306776098488
2-2-5,t3,mixture,0.8,2000,800077,0.006338190003589261,gm_battery,none,0.0
2-2-5,t3,mixture,0.8,2000,800077,0.006338190003589261,gtest,none,1029.6320547789048
2-2-5,t3,mixture,0.8,2000,800078,0.005198443999688607,kl_plugin,none,0.4584923562542153
2-2-5,t3,mixture,0.8,2000,800078,0.005198443999688607,kl_split,none,0.45347394933206514
2-2-5,t3,mixture,0.8,2000,800078,0.005198443999688607,kl_crossfit,none,0.6634536979232246
2-2-5,t3,mixture,0.8,2000,800078,0.005198443999688607,cf1_margin,none,0.6482812070301758
2-2-5,t3,mixture,0.8,2000,800078,0.005198443999688607,slack_plugin,none,1.296562414060351
2-2-5,t3,mixture,0.8,2000,800078,0.005198443999688607,gm_battery,none,0.0
2-2-5,t3,mixture,0.8,2000,800078,0.005198443999688607,gtest,none,997.6363649079625
2-2-5,t3,mixture,0.8,2000,800079,0.005543195999052841,kl_plugin,none,0.48404823964370697
2-2-5,t3,mixture,0.8,2000,800079,0.005543195999052841,kl_split,none,0.5288369443123528
2-2-5,t3,mixture,0.8,2000,800079,0.005543195999052841,kl_crossfit,none,1.57068451603142
2-2-5,t3,mixture,0.8,2000,800079,0.005543195999052841,cf1_margin,none,0.6659306195596519
2-2-5,t3,mixture,0.8,2000,800079,0.005543195999052841,slack_plugin,none,1.3318612391193039
2-2-5,t3,mixture,0.8,2000,800079,0.005543195999052841,gm_battery,none,0.0
2-2-5,t3,mixture,0.8,2000,800079,0.005543195999052841,gtest,none,838.3216864967086
2-2-5,t3,mixture,0.8,2000,800080,0.004825327996513806,kl_plugin,none,0.42281379003728675
2-2-5,t3,mixture,0.8,2000,800080,0.004825327996513806,kl_split,none,0.5295683960385414
2-2-5,t3,mixture,0.8,2000,800080,0.004825327996513806,kl_crossfit,none,0.5279489454520521
2-2-5,t3,mixture,0.8,2000,800080,0.004825327996513806,cf1_margin,none,0.6231644926579707
2-2-5,t3,mixture,0.8,2000,800080,0.004825327996513806,slack_plugin,none,1.2463289853159414
2-2-5,t3,mixture,0.8,2000,800080,0.004825327996513806,gm_battery,none,0.0
2-2-5,t3,mixture,0.8,2000,800080,0.004825327996513806,gtest,none,1112.8437004223072
2-2-5,t3,mixture,0.8,2000,800081,0.005917399997997563,kl_plugin,none,0.4713356187255067
2-2-5,t3,mixture,0.8,2000,800081,0.005917399997997563,kl_split,none,0.4599767810176468
2-2-5,t3,mixture,0.8,2000,800081,0.005917399997997563,kl_crossfit,none,0.49374696752498726
2-2-5,t3,mixture,0.8,2000,800081,0.005917399997997563,cf1_margin,none,0.6567167164764294
2-2-5,t3,mixture,0.8,2000,800081,0.005917399997997563,slack_plugin,none,1.3134334329528583
2-2-5,t3,mixture,0.8,2000,800081,0.005917399997997563,gm_battery,none,0.0
2-2-5,t3,mixture,0.8,2000,800081,0.005917399997997563,gtest,none,892.5258948296414
2-2-5,t3,mixture,0.8,2000,800082,0.005838512006448582,kl_plugin,none,0.48416715266961863
2-2-5,t3,mixture,0.8,2000,800082,0.005838512006448582,kl_split,none,0.5231763364439842
2-2-5,t3,mixture,0.8,2000,800082,0.005838512006448582,kl_crossfit,none,0.5339229776845382
2-2-5,t3,mixture,0.8,2000,800082,0.005838512006448582,cf1_margin,none,0.6652331491668493
2-2-5,t3,mixture,0.8,2000,800082,0.005838512006448582,slack_plugin,none,1.3304662983336986
2-2-5,t3,mixture,0.8,2000,800082,0.005838512006448582,gm_battery,none,0.0
2-2-5,t3,mixture,0.8,2000,800082,0.005838512006448582,gtest,none,943.667423234581
2-2-5,t3,mixture,0.8,2000,800083,0.0055220560025190935,kl_plugin,none,0.44567603652601523
2-2-5,t3,mixture,0.8,2000,800083,0.0055220560025190935,kl_split,none,0.47259621448095707
2-2-5,t3,mixture,0.8,2000,800083,0.0055220560025190935,kl_crossfit,none,0.5635013685304083
2-2-5,t3,mixture,0.8,2000,800083,0.0055220560025190935,cf1_margin,none,0.6413075120118363
2-2-5,t3,mixture,0.8,2000,800083,0.0055220560025190935,slack_plugin,none,1.2826150240236727
2-2-5,t3,mixture,0.8,2000,800083,0.0055220560025190935,gm_battery,none,0.0
2-2-5,t3,mixture,0.8,2000,800083,0.0055220560025190935,gtest,none,995.1165033748064
2-2-5,t3,mixture,0.8,2000,800084,0.01006663199950708,kl_plugin,none,0.47125997108119305
2-2-5,t3,mixture,0.8,2000,800084,0.01006663199950708,kl_split,none,0.5189719603975784
2-2-5,t3,mixture,0.8,2000,800084,0.01006663199950708,kl_crossfit,none,1.052078330791399
2-2-5,t3,mixture,0.8,2000,800084,0.01006663199950708,cf1_margin,none,0.6579331485184967
2-2-5,t3,mixture,0.8,2000,800084,0.01006663199950708,slack_plugin,none,1.3158662970369934
2-2-5,t3,mixture,0.8,2000,800084,0.01006663199950708,gm_battery,none,0.0
2-2-5,t3,mixture,0.8,2000,800084,0.01006663199950708,gtest,none,989.4530383656912
2-2-5,t3,mixture,0.8,2000,800085,0.006714333998388611,kl_plugin,none,0.4176690642817441
2-2-5,t3,mixture,0.8,2000,800085,0.006714333998388611,kl_split,none,0.4550790385504556
2-2-5,t3,mixture,0.8,2000,800085,0.006714333998388611,kl_crossfit,none,0.8391947167670781
2-2-5,t3,mixture,0.8,2000,800085,0.006714333998388611,cf1_margin,none,0.622
2-2-5,t3,mixture,0.8,2000,800085,0.006714333998388611,slack_plugin,none,1.2439999999999998
2-2-5,t3,mixture,0.8,2000,800085,0.006714333998388611,gm_battery,none,0.0
2-2-5,t3,mixture,0.8,2000,800085,0.006714333998388611,gtest,none,1027.311915576332
2-2-5,t3,mixture,0.8,2000,800086,0.005866858999070246,kl_plugin,none,0.47434103186387205
2-2-5,t3,mixture,0.8,2000,800086,0.005866858999070246,kl_split,none,0.479180409784834
2-2-5,t3,mixture,0.8,2000,800086,0.005866858999070246,kl_crossfit,none,0.549768561335756
2-2-5,t3,mixture,0.8,2000,800086,0.005866858999070246,cf1_margin,none,0.6598537926288117
2-2-5,t3,mixture,0.8,2000,800086,0.005866858999070246,slack_plugin,none,1.3197075852576234
2-2-5,t3,mixture,0.8,2000,800086,0.005866858999070246,gm_battery,none,0.0
2-2-5,t3,mixture,0.8,2000,800086,0.005866858999070246,gtest,none,948.008555863425
2-2-5,t3,mixture,0.8,2000,800087,0.00574095099727856,kl_plugin,none,0.4441861700382447
2-2-5,t3,mixture,0.8,2000,800087,0.00574095099727856,kl_split,none,0.641781018403298
2-2-5,t3,mixture,0.8,2000,800087,0.00574095099727856,kl_crossfit,none,0.5579341507940276
2-2-5,t3,mixture,0.8,2000,800087,0.00574095099727856,cf1_margin,none,0.6387066696413117
2-2-5,t3,mixture,0.8,2000,800087,0.00574095099727856,slack_plugin,none,1.2774133392826235
2-2-5,t3,mixture,0.8,2000,800087,0.00574095099727856,gm_battery,none,0.0
2-2-5,t3,mixture,0.8,2000,800087,0.00574095099727856,gtest,none,1062.698141909777
2-2-5,t3,mixture,0.8,2000,800088,0.005921823998505715,kl_plugin,none,0.40574586322826134
2-2-5,t3,mixture,0.8,2000,800088,0.005921823998505715,kl_split,none,0.3744585055229505
2-2-5,t3,mixture,0.8,2000,800088,0.005921823998505715,kl_crossfit,none,0.49283804589271896
2-2-5,t3,mixture,0.8,2000,800088,0.005921823998505715,cf1_margin,none,0.6135613561356136
2-2-5,t3,mixture,0.8,2000,800088,0.005921823998505715,slack_plugin,none,1.227122712271227
2-2-5,t3,mixture,0.8,2000,800088,0.005921823998505715,gm_battery,none,0.0
2-2-5,t3,mixture,0.8,2000,800088,0.005921823998505715,gtest,none,999.1130991642002
2-2-5,t3,mixture,0.8,2000,800089,0.00649101900489768,kl_plugin,none,0.4394738600809916
2-2-5,t3,mixture,0.8,2000,800089,0.00649101900489768,kl_split,none,1.7711112204310544
2-2-5,t3,mixture,0.8,2000,800089,0.00649101900489768,kl_crossfit,none,1.1204641608896546
2-2-5,t3,mixture,0.8,2000,800089,0.00649101900489768,cf1_margin,none,0.6372116887754031
2-2-5,t3,mixture,0.8,2000,800089,0.00649101900489768,slack_plugin,none,1.2744233775508063
2-2-5,t3,mixture,0.8,2000,800089,0.00649101900489768,gm_battery,none,0.0
2-2-5,t3,mixture,0.8,2000,800089,0.00649101900489768,gtest,none,1047.6936197159146
2-2-5,t3,mixture,0.8,2000,800090,0.0049479480003356,kl_plugin,none,0.42889219110865384
2-2-5,t3,mixture,0.8,2000,800090,0.0049479480003356,kl_split,none,0.4860683053584918
2-2-5,t3,mixture,0.8,2000,800090,0.0049479480003356,kl_crossfit,none,0.5210148983099737
2-2-5,t3,mixture,0.8,2000,800090,0.0049479480003356,cf1_margin,none,0.6291496623469611
2-2-5,t3,mixture,0.8,2000,800090,0.0049479480003356,slack_plugin,none,1.2582993246939222
2-2-5,t3,mixture,0.8,2000,800090,0.0049479480003356,gm_battery,none,0.0
2-2-5,t3,mixture,0.8,2000,800090,0.0049479480003356,gtest,none,1053.0888597726503
2-2-5,t3,mixture,0.8,2000,800091,0.006672221003100276,kl_plugin,none,0.4441024180297844
2-2-5,t3,mixture,0.8,2000,800091,0.006672221003100276,kl_split,none,0.6828292755292197
2-2-5,t3,mixture,0.8,2000,800091,0.006672221003100276,kl_crossfit,none,1.5786944944175603
2-2-5,t3,mixture,0.8,2000,800091,0.006672221003100276,cf1_margin,none,0.6397249407035941
2-2-5,t3,mixture,0.8,2000,800091,0.006672221003100276,slack_plugin,none,1.2794498814071877
2-2-5,t3,mixture,0.8,2000,800091,0.006672221003100276,gm_battery,none,0.0
2-2-5,t3,mixture,0.8,2000,800091,0.006672221003100276,gtest,none,968.7974893004681
2-2-5,t3,mixture,0.8,2000,800092,0.005520794002222829,kl_plugin,none,0.4377869880351245
2-2-5,t3,mixture,0.8,2000,800092,0.005520794002222829,kl_split,none,2.547943792729318
2-2-5,t3,mixture,0.8,2000,800092,0.005520794002222829,kl_crossfit,none,1.5432941132785754
2-2-5,t3,mixture,0.8,2000,800092,0.005520794002222829,cf1_margin,none,0.6350506350506351
2-2-5,t3,mixture,0.8,2000,800092,0.005520794002222829,slack_plugin,none,1.2701012701012702
2-2-5,t3,mixture,0.8,2000,800092,0.005520794002222829,gm_battery,none,0.0
2-2-5,t3,mixture,0.8,2000,800092,0.005520794002222829,gtest,none,948.3192993660541
2-2-5,t3,mixture,0.8,2000,800093,0.005447653995361179,kl_plugin,none,0.41160262501229616
2-2-5,t3,mixture,0.8,2000,800093,0.005447653995361179,kl_split,none,0.4363938243382024
2-2-5,t3,mixture,0.8,2000,800093,0.005447653995361179,kl_crossfit,none,0.4657054855487807
2-2-5,t3,mixture,0.8,2000,800093,0.005447653995361179,cf1_margin,none,0.6167016208961285
2-2-5,t3,mixture,0.8,2000,800093,0.005447653995361179,slack_plugin,none,1.2334032417922565
2-2-5,t3,mixture,0.8,2000,800093,0.005447653995361179,gm_battery,none,0.0
2-2-5,t3,mixture,0.8,2000,800093,0.005447653995361179,gtest,none,1074.5226103609336
2-2-5,t3,mixture,0.8,2000,800094,0.007193240999185946,kl_plugin,none,0.4599685026444333
2-2-5,t3,mixture,0.8,2000,800094,0.007193240999185946,kl_split,none,0.5817970956499671
2-2-5,t3,mixture,0.8,2000,800094,0.007193240999185946,kl_crossfit,none,0.5842624440685353
2-2-5,t3,mixture,0.8,2000,800094,0.007193240999185946,cf1_margin,none,0.6497657823110878
2-2-5,t3,mixture,0.8,2000,800094,0.007193240999185946,slack_plugin,none,1.2995315646221757
2-2-5,t3,mixture,0.8,2000,800094,0.007193240999185946,gm_battery,none,0.0
2-2-5,t3,mixture,0.8,2000,800094,0.007193240999185946,gtest,none,1068.434776356683
2-2-5,t3,mixture,0.8,2000,800095,0.00613463999616215,kl_plugin,none,0.40669797870011176
2-2-5,t3,mixture,0.8,2000,800095,0.00613463999616215,kl_split,none,3.102484016461636
2-2-5,t3,mixture,0.8,2000,800095,0.00613463999616215,kl_crossfit,none,1.7594860572284863
2-2-5,t3,mixture,0.8,2000,800095,0.00613463999616215,cf1_margin,none,0.6146783760835062
2-2-5,t3,mixture,0.8,2000,800095,0.00613463999616215,slack_plugin,none,1.2293567521670123
2-2-5,t3,mixture,0.8,2000,800095,0.00613463999616215,gm_battery,none,0.0
2-2-5,t3,mixture,0.8,2000,800095,0.00613463999616215,gtest,none,1024.370296612095
2-2-5,t3,mixture,0.8,2000,800096,0.004988619999494404,kl_plugin,none,0.4062371188015261
2-2-5,t3,mixture,0.8,2000,800096,0.004988619999494404,kl_split,none,0.41974756047958367
2-2-5,t3,mixture,0.8,2000,800096,0.004988619999494404,kl_crossfit,none,1.3793524792124896
2-2-5,t3,mixture,0.8,2000,800096,0.004988619999494404,cf1_margin,none,0.613957613957614
2-2-5,t3,mixture,0.8,2000,800096,0.004988619999494404,slack_plugin,none,1.227915227915228
2-2-5,t3,mixture,0.8,2000,800096,0.004988619999494404,gm_battery,none,0.0
2-2-5,t3,mixture,0.8,2000,800096,0.004988619999494404,gtest,none,1090.820189583452
2-2-5,t3,mixture,0.8,2000,800097,0.005266118998406455,kl_plugin,none,0.4346416012190217
2-2-5,t3,mixture,0.8,2000,800097,0.005266118998406455,kl_split,none,0.8500732139818142
2-2-5,t3,mixture,0.8,2000,800097,0.005266118998406455,kl_crossfit,none,0.6651594395028804
2-2-5,t3,mixture,0.8,2000,800097,0.005266118998406455,cf1_margin,none,0.6331821309140946
2-2-5,t3,mixture,0.8,2000,800097,0.005266118998406455,slack_plugin,none,1.266364261828189
2-2-5,t3,mixture,0.8,2000,800097,0.005266118998406455,gm_battery,none,0.0
2-2-5,t3,mixture,0.8,2000,800097,0.005266118998406455,gtest,none,1114.111413109719
2-2-5,t3,mixture,0.8,2000,800098,0.005758915001933929,kl_plugin,none,0.5182967968386751
2-2-5,t3,mixture,0.8,2000,800098,0.005758915001933929,kl_split,none,2.7277145544414645
2-2-5,t3,mixture,0.8,2000,800098,0.005758915001933929,kl_crossfit,none,1.6408796704534074
2-2-5,t3,mixture,0.8,2000,800098,0.005758915001933929,cf1_margin,none,0.6854515215732475
2-2-5,t3,mixture,0.8,2000,800098,0.005758915001933929,slack_plugin,none,1.3709030431464948
2-2-5,t3,mixture,0.8,2000,800098,0.005758915001933929,gm_battery,none,0.0
2-2-5,t3,mixture,0.8,2000,800098,0.005758915001933929,gtest,none,958.2588883297226
2-2-5,t3,mixture,0.8,2000,800099,0.005045060999691486,kl_plugin,none,0.4502400969882342
2-2-5,t3,mixture,0.8,2000,800099,0.005045060999691486,kl_split,none,0.603719487488715
2-2-5,t3,mixture,0.8,2000,800099,0.005045060999691486,kl_crossfit,none,0.5256244717066288
2-2-5,t3,mixture,0.8,2000,800099,0.005045060999691486,cf1_margin,none,0.643730542796597
2-2-5,t3,mixture,0.8,2000,800099,0.005045060999691486,slack_plugin,none,1.287461085593194
2-2-5,t3,mixture,0.8,2000,800099,0.005045060999691486,gm_battery,none,0.0
2-2-5,t3,mixture,0.8,2000,800099,0.005045060999691486,gtest,none,978.5128549552655
2-2-5,t3,mixture,0.8,2000,800100,0.005820282996864989,kl_plugin,none,0.4969597743212362
2-2-5,t3,mixture,0.8,2000,800100,0.005820282996864989,kl_split,none,0.5310036220178089
2-2-5,t3,mixture,0.8,2000,800100,0.005820282996864989,kl_crossfit,none,1.34580927356639
2-2-5,t3,mixture,0.8,2000,800100,0.005820282996864989,cf1_margin,none,0.6728455284552846
2-2-5,t3,mixture,0.8,2000,800100,0.005820282996864989,slack_plugin,none,1.345691056910569
2-2-5,t3,mixture,0.8,2000,800100,0.005820282996864989,gm_battery,none,0.0
2-2-5,t3,mixture,0.8,2000,800100,0.005820282996864989,gtest,none,837.3063391512435
2-2-5,t3,mixture,0.8,2000,800101,0.005138029999216087,kl_plugin,none,0.4082731972383741
2-2-5,t3,mixture,0.8,2000,800101,0.005138029999216087,kl_split,none,0.5249471789171771
2-2-5,t3,mixture,0.8,2000,800101,0.005138029999216087,kl_crossfit,none,0.4794556121757219
2-2-5,t3,mixture,0.8,2000,800101,0.005138029999216087,cf1_margin,none,0.6158078944392233
2-2-5,t3,mixture,0.8,2000,800101,0.005138029999216087,slack_plugin,none,1.2316157888784467
2-2-5,t3,mixture,0.8,2000,800101,0.005138029999216087,gm_battery,none,0.0
2-2-5,t3,mixture,0.8,2000,800101,0.005138029999216087,gtest,none,958.3141388736543
2-2-5,t3,mixture,0.8,2000,800102,0.006274565996136516,kl_plugin,none,0.4388603617880801
2-2-5,t3,mixture,0.8,2000,800102,0.006274565996136516,kl_split,none,0.4603486901674605
2-2-5,t3,mixture,0.8,2000,800102,0.006274565996136516,kl_crossfit,none,0.4678459987369894
2-2-5,t3,mixture,0.8,2000,800102,0.006274565996136516,cf1_margin,none,0.6351164828306348
2-2-5,t3,mixture,0.8,2000,800102,0.006274565996136516,slack_plugin,none,1.2702329656612696
2-2-5,t3,mixture,0.8,2000,800102,0.006274565996136516,gm_battery,none,0.0
2-2-5,t3,mixture,0.8,2000,800102,0.006274565996136516,gtest,none,1055.5626385256846
2-2-5,t3,mixture,0.8,2000,800103,0.004970921996573452,kl_plugin,none,0.43820203620553333
2-2-5,t3,mixture,0.8,2000,800103,0.004970921996573452,kl_split,none,0.47743072086577637
2-2-5,t3,mixture,0.8,2000,800103,0.004970921996573452,kl_crossfit,none,0.5044694957188263
2-2-5,t3,mixture,0.8,2000,800103,0.004970921996573452,cf1_margin,none,0.6355435543554355
2-2-5,t3,mixture,0.8,2000,800103,0.004970921996573452,slack_plugin,none,1.2710871087108708
2-2-5,t3,mixture,0.8,2000,800103,0.004970921996573452,gm_battery,none,0.0
2-2-5,t3,mixture,0.8,2000,800103,0.004970921996573452,gtest,none,980.9382499419634
2-2-5,t3,mixture,0.8,2000,800104,0.0050673279984039254,kl_plugin,none,0.45404408403194335
2-2-5,t3,mixture,0.8,2000,800104,0.0050673279984039254,kl_split,none,0.406852734017049
2-2-5,t3,mixture,0.8,2000,800104,0.0050673279984039254,kl_crossfit,none,0.4706743139006835
2-2-5,t3,mixture,0.8,2000,800104,0.0050673279984039254,cf1_margin,none,0.6464354450842072
2-2-5,t3,mixture,0.8,2000,800104,0.0050673279984039254,slack_plugin,none,1.2928708901684152
2-2-5,t3,mixture,0.8,2000,800104,0.0050673279984039254,gm_battery,none,0.0
2-2-5,t3,mixture,0.8,2000,800104,0.0050673279984039254,gtest,none,990.3091406841252
2-2-5,t3,mixture,0.8,2000,800105,0.004959858000802342,kl_plugin,none,0.4577736084639165
2-2-5,t3,mixture,0.8,2000,800105,0.004959858000802342,kl_split,none,0.6118162089634548
2-2-5,t3,mixture,0.8,2000,800105,0.004959858000802342,kl_crossfit,none,0.5518234041658556
2-2-5,t3,mixture,0.8,2000,800105,0.004959858000802342,cf1_margin,none,0.649024649024649
2-2-5,t3,mixture,0.8,2000,800105,0.004959858000802342,slack_plugin,none,1.2980492980492984
2-2-5,t3,mixture,0.8,2000,800105,0.004959858000802342,gm_battery,none,0.0
2-2-5,t3,mixture,0.8,2000,800105,0.004959858000802342,gtest,none,1006.8076565784571
2-2-5,t3,mixture,0.8,2000,800106,0.005471559998113662,kl_plugin,none,0.43374225948888545
2-2-5,t3,mixture,0.8,2000,800106,0.005471559998113662,kl_split,none,0.4212504344814286
2-2-5,t3,mixture,0.8,2000,800106,0.005471559998113662,kl_crossfit,none,2.540921566703834
2-2-5,t3,mixture,0.8,2000,800106,0.005471559998113662,cf1_margin,none,0.6328925461065573
2-2-5,t3,mixture,0.8,2000,800106,0.005471559998113662,slack_plugin,none,1.2657850922131146
2-2-5,t3,mixture,0.8,2000,800106,0.005471559998113662,gm_battery,none,0.0
2-2-5,t3,mixture,0.8,2000,800106,0.005471559998113662,gtest,none,1017.5848112944757
2-2-5,t3,mixture,0.8,2000,800107,0.004908169998088852,kl_plugin,none,0.42685454034621895
2-2-5,t3,mixture,0.8,2000,800107,0.004908169998088852,kl_split,none,0.4644858354175086
2-2-5,t3,mixture,0.8,2000,800107,0.004908169998088852,kl_crossfit,none,0.45094445941231853
2-2-5,t3,mixture,0.8,2000,800107,0.004908169998088852,cf1_margin,none,0.6282617848274565
2-2-5,t3,mixture,0.8,2000,800107,0.004908169998088852,slack_plugin,none,1.256523569654913
2-2-5,t3,mixture,0.8,2000,800107,0.004908169998088852,gm_battery,none,0.0
2-2-5,t3,mixture,0.8,2000,800107,0.004908169998088852,gtest,none,1056.3230450921005
2-2-5,t3,mixture,0.8,2000,800108,0.004813515006389935,kl_plugin,none,0.44043398414305984
2-2-5,t3,mixture,0.8,2000,800108,0.004813515006389935,kl_split,none,0.5518488235845895
2-2-5,t3,mixture,0.8,2000,800108,0.004813515006389935,kl_crossfit,none,1.5645677026923301
2-2-5,t3,mixture,0.8,2000,800108,0.004813515006389935,cf1_margin,none,0.637862666876017
2-2-5,t3,mixture,0.8,2000,800108,0.004813515006389935,slack_plugin,none,1.275725333752034
2-2-5,t3,mixture,0.8,2000,800108,0.004813515006389935,gm_battery,none,0.0
2-2-5,t3,mixture,0.8,2000,800108,0.004813515006389935,gtest,none,993.713523049462
2-2-5,t3,mixture,0.8,2000,800109,0.004744814999867231,kl_plugin,none,0.39715434578882114
2-2-5,t3,mixture,0.8,2000,800109,0.004744814999867231,kl_split,none,0.3689743629201795
2-2-5,t3,mixture,0.8,2000,800109,0.004744814999867231,kl_crossfit,none,0.4516660337529079
2-2-5,t3,mixture,0.8,2000,800109,0.004744814999867231,cf1_margin,none,0.6079007332476343
2-2-5,t3,mixture,0.8,2000,800109,0.004744814999867231,slack_plugin,none,1.2158014664952688
2-2-5,t3,mixture,0.8,2000,800109,0.004744814999867231,gm_battery,none,0.0
2-2-5,t3,mixture,0.8,2000,800109,0.004744814999867231,gtest,none,1080.3764296695294
2-2-5,t3,mixture,0.8,2000,800110,0.005429810000350699,kl_plugin,none,0.4410293858989186
2-2-5,t3,mixture,0.8,2000,800110,0.005429810000350699,kl_split,none,0.4493821150894758
2-2-5,t3,mixture,0.8,2000,800110,0.005429810000350699,kl_crossfit,none,0.52314506499612
2-2-5,t3,mixture,0.8,2000,800110,0.005429810000350699,cf1_margin,none,0.6361676081355716
2-2-5,t3,mixture,0.8,2000,800110,0.005429810000350699,slack_plugin,none,1.2723352162711432
2-2-5,t3,mixture,0.8,2000,800110,0.005429810000350699,gm_battery,none,0.0
2-2-5,t3,mixture,0.8,2000,800110,0.005429810000350699,gtest,none,1048.6235337713258
2-2-5,t3,mixture,0.8,2000,800111,0.005692344995622989,kl_plugin,none,0.4632419356538547
2-2-5,t3,mixture,0.8,2000,800111,0.005692344995622989,kl_split,none,0.5478363664454887
2-2-5,t3,mixture,0.8,2000,800111,0.005692344995622989,kl_crossfit,none,1.3324022160994884
2-2-5,t3,mixture,0.8,2000,800111,0.005692344995622989,cf1_margin,none,0.6523252325232523
2-2-5,t3,mixture,0.8,2000,800111,0.005692344995622989,slack_plugin,none,1.3046504650465043
2-2-5,t3,mixture,0.8,2000,800111,0.005692344995622989,gm_battery,none,0.0
2-2-5,t3,mixture,0.8,2000,800111,0.005692344995622989,gtest,none,969.4334181950104
2-2-5,t3,mixture,0.8,2000,800112,0.00572313999873586,kl_plugin,none,0.4719782598579223
2-2-5,t3,mixture,0.8,2000,800112,0.00572313999873586,kl_split,none,0.5534165188442357
2-2-5,t3,mixture,0.8,2000,800112,0.00572313999873586,kl_crossfit,none,0.5493001316884243
2-2-5,t3,mixture,0.8,2000,800112,0.00572313999873586,cf1_margin,none,0.6582629825396428
2-2-5,t3,mixture,0.8,2000,800112,0.00572313999873586,slack_plugin,none,1.3165259650792853
2-2-5,t3,mixture,0.8,2000,800112,0.00572313999873586,gm_battery,none,0.0
2-2-5,t3,mixture,0.8,2000,800112,0.00572313999873586,gtest,none,976.804907584758
2-2-5,t3,mixture,0.8,2000,800113,0.005404171999543905,kl_plugin,none,0.42323649499087357
2-2-5,t3,mixture,0.8,2000,800113,0.005404171999543905,kl_split,none,0.5790836220993066
2-2-5,t3,mixture,0.8,2000,800113,0.005404171999543905,kl_crossfit,none,1.33347829627935
2-2-5,t3,mixture,0.8,2000,800113,0.005404171999543905,cf1_margin,none,0.6259676259676259
2-2-5,t3,mixture,0.8,2000,800113,0.005404171999543905,slack_plugin,none,1.2519352519352518
2-2-5,t3,mixture,0.8,2000,800113,0.005404171999543905,gm_battery,none,0.0
2-2-5,t3,mixture,0.8,2000,800113,0.005404171999543905,gtest,none,1083.1723755761955
2-2-5,t3,mixture,0.8,2000,800114,0.00508970699593192,kl_plugin,none,0.4655294174049757
2-2-5,t3,mixture,0.8,2000,800114,0.00508970699593192,kl_split,none,0.5905295770059688
2-2-5,t3,mixture,0.8,2000,800114,0.00508970699593192,kl_crossfit,none,0.5937008074932443
2-2-5,t3,mixture,0.8,2000,800114,0.00508970699593192,cf1_margin,none,0.6539555263621655
2-2-5,t3,mixture,0.8,2000,800114,0.00508970699593192,slack_plugin,none,1.307911052724331
2-2-5,t3,mixture,0.8,2000,800114,0.00508970699593192,gm_battery,none,0.0
2-2-5,t3,mixture,0.8,2000,800114,0.00508970699593192,gtest,none,978.2568612857021
2-2-5,t3,mixture,0.8,2000,800115,0.005954535998171195,kl_plugin,none,0.49247795583938736
2-2-5,t3,mixture,0.8,2000,800115,0.005954535998171195,kl_split,none,0.5944690012741112
2-2-5,t3,mixture,0.8,2000,800115,0.005954535998171195,kl_crossfit,none,1.611933609781313
2-2-5,t3,mixture,0.8,2000,800115,0.005954535998171195,cf1_margin,none,0.6707303291566618
2-2-5,t3,mixture,0.8,2000,800115,0.005954535998171195,slack_plugin,none,1.3414606583133235
2-2-5,t3,mixture,0.8,2000,800115,0.005954535998171195,gm_battery,none,0.0
2-2-5,t3,mixture,0.8,2000,800115,0.005954535998171195,gtest,none,932.1763880380696
2-2-5,t3,mixture,0.8,2000,800116,0.005229039001278579,kl_plugin,none,0.4406878863839151
2-2-5,t3,mixture,0.8,2000,800116,0.005229039001278579,kl_split,none,0.46376254512271126
2-2-5,t3,mixture,0.8,2000,800116,0.005229039001278579,kl_crossfit,none,1.1963936507417858
2-2-5,t3,mixture,0.8,2000,800116,0.005229039001278579,cf1_margin,none,0.6380305521222085
2-2-5,t3,mixture,0.8,2000,800116,0.005229039001278579,slack_plugin,none,1.276061104244417
2-2-5,t3,mixture,0.8,2000,800116,0.005229039001278579,gm_battery,none,0.0
2-2-5,t3,mixture,0.8,2000,800116,0.005229039001278579,gtest,none,1051.8964993221587
2-2-5,t3,mixture,0.8,2000,800117,0.00537211999471765,kl_plugin,none,0.4346427688913535
2-2-5,t3,mixture,0.8,2000,800117,0.00537211999471765,kl_split,none,0.4009557846810758
2-2-5,t3,mixture,0.8,2000,800117,0.00537211999471765,kl_crossfit,none,0.4584034244514634
2-2-5,t3,mixture,0.8,2000,800117,0.00537211999471765,cf1_margin,none,0.6330929487179486
2-2-5,t3,mixture,0.8,2000,800117,0.00537211999471765,slack_plugin,none,1.2661858974358973
2-2-5,t3,mixture,0.8,2000,800117,0.00537211999471765,gm_battery,none,0.0
2-2-5,t3,mixture,0.8,2000,800117,0.00537211999471765,gtest,none,1009.1208758506726
2-2-5,t3,mixture,0.8,2000,800118,0.005281028999888804,kl_plugin,none,0.4446847339034659
2-2-5,t3,mixture,0.8,2000,800118,0.005281028999888804,kl_split,none,0.5148927406159461
2-2-5,t3,mixture,0.8,2000,800118,0.005281028999888804,kl_crossfit,none,0.5575751891696381
2-2-5,t3,mixture,0.8,2000,800118,0.005281028999888804,cf1_margin,none,0.6403812244269282
2-2-5,t3,mixture,0.8,2000,800118,0.005281028999888804,slack_plugin,none,1.2807624488538565
2-2-5,t3,mixture,0.8,2000,800118,0.005281028999888804,gm_battery,none,0.0
2-2-5,t3,mixture,0.8,2000,800118,0.005281028999888804,gtest,none,974.5587102085516
2-2-5,t3,mixture,0.8,2000,800119,0.0064190679986495525,kl_plugin,none,0.4442639489478638
2-2-5,t3,mixture,0.8,2000,800119,0.0064190679986495525,kl_split,none,0.5058718912128085
2-2-5,t3,mixture,0.8,2000,800119,0.0064190679986495525,kl_crossfit,none,0.5009133574308788
2-2-5,t3,mixture,0.8,2000,800119,0.0064190679986495525,cf1_margin,none,0.6397590313251277
2-2-5,t3,mixture,0.8,2000,800119,0.0064190679986495525,slack_plugin,none,1.2795180626502556
2-2-5,t3,mixture,0.8,2000,800119,0.0064190679986495525,gm_battery,none,0.0
2-2-5,t3,mixture,0.8,2000,800119,0.0064190679986495525,gtest,none,900.3892794469947
2-2-5,t3,mixture,0.8,2000,800120,0.005178275998332538,kl_plugin,none,0.43637347770126766
2-2-5,t3,mixture,0.8,2000,800120,0.005178275998332538,kl_split,none,0.47744514102457836
2-2-5,t3,mixture,0.8,2000,800120,0.005178275998332538,kl_crossfit,none,0.5115767041665749
2-2-5,t3,mixture,0.8,2000,800120,0.005178275998332538,cf1_margin,none,0.633270090581233
2-2-5,t3,mixture,0.8,2000,800120,0.005178275998332538,slack_plugin,none,1.2665401811624657
2-2-5,t3,mixture,0.8,2000,800120,0.005178275998332538,gm_battery,none,0.0
2-2-5,t3,mixture,0.8,2000,800120,0.005178275998332538,gtest,none,1047.6652558363573
2-2-5,t3,mixture,0.8,2000,800121,0.005022108001867309,kl_plugin,none,0.49300243650566705
2-2-5,t3,mixture,0.8,2000,800121,0.005022108001867309,kl_split,none,0.5366971265733118
2-2-5,t3,mixture,0.8,2000,800121,0.005022108001867309,kl_crossfit,none,0.5254908724626707
2-2-5,t3,mixture,0.8,2000,800121,0.005022108001867309,cf1_margin,none,0.671030671030671
2-2-5,t3,mixture,0.8,2000,800121,0.005022108001867309,slack_plugin,none,1.342061342061342
2-2-5,t3,mixture,0.8,2000,800121,0.005022108001867309,gm_battery,none,0.0
2-2-5,t3,mixture,0.8,2000,800121,0.005022108001867309,gtest,none,911.7224896330387
2-2-5,t3,mixture,0.8,2000,800122,0.005829764995723963,kl_plugin,none,0.4479831215912563
2-2-5,t3,mixture,0.8,2000,800122,0.005829764995723963,kl_split,none,2.518160611828997
2-2-5,t3,mixture,0.8,2000,800122,0.005829764995723963,kl_crossfit,none,1.5218242515151967
2-2-5,t3,mixture,0.8,2000,800122,0.005829764995723963,cf1_margin,none,0.6422697739306127
2-2-5,t3,mixture,0.8,2000,800122,0.005829764995723963,slack_plugin,none,1.2845395478612254
2-2-5,t3,mixture,0.8,2000,800122,0.005829764995723963,gm_battery,none,0.0
2-2-5,t3,mixture,0.8,2000,800122,0.005829764995723963,gtest,none,998.5970371583421
2-2-5,t3,mixture,0.8,2000,800123,0.0053220260015223175,kl_plugin,none,0.47492670512440915
2-2-5,t3,mixture,0.8,2000,800123,0.0053220260015223175,kl_split,none,0.44796123718164055
2-2-5,t3,mixture,0.8,2000,800123,0.0053220260015223175,kl_crossfit,none,1.4842546489567414
2-2-5,t3,mixture,0.8,2000,800123,0.0053220260015223175,cf1_margin,none,0.6592697337104136
2-2-5,t3,mixture,0.8,2000,800123,0.0053220260015223175,slack_plugin,none,1.318539467420827
2-2-5,t3,mixture,0.8,2000,800123,0.0053220260015223175,gm_battery,none,0.0
2-2-5,t3,mixture,0.8,2000,800123,0.0053220260015223175,gtest,none,994.1741524072977
2-2-5,t3,mixture,0.8,2000,800124,0.0050351700047031045,kl_plugin,none,0.45870621174066833
2-2-5,t3,mixture,0.8,2000,800124,0.0050351700047031045,kl_split,none,0.4341953330752515
2-2-5,t3,mixture,0.8,2000,800124,0.0050351700047031045,kl_crossfit,none,0.5082184036253277
2-2-5,t3,mixture,0.8,2000,800124,0.0050351700047031045,cf1_margin,none,0.6498753755736124
2-2-5,t3,mixture,0.8,2000,800124,0.0050351700047031045,slack_plugin,none,1.2997507511472246
2-2-5,t3,mixture,0.8,2000,800124,0.0050351700047031045,gm_battery,none,0.0
2-2-5,t3,mixture,0.8,2000,800124,0.0050351700047031045,gtest,none,963.2704634952393
2-2-5,t3,mixture,0.8,2000,800125,0.004884811998635996,kl_plugin,none,0.4619882131477638
2-2-5,t3,mixture,0.8,2000,800125,0.004884811998635996,kl_split,none,0.4912157221803222
2-2-5,t3,mixture,0.8,2000,800125,0.004884811998635996,kl_crossfit,none,0.5288913492629277
2-2-5,t3,mixture,0.8,2000,800125,0.004884811998635996,cf1_margin,none,0.6519668677018093
2-2-5,t3,mixture,0.8,2000,800125,0.004884811998635996,slack_plugin,none,1.3039337354036187
2-2-5,t3,mixture,0.8,2000,800125,0.004884811998635996,gm_battery,none,0.0
2-2-5,t3,mixture,0.8,2000,800125,0.004884811998635996,gtest,none,984.8794393205382
2-2-5,t3,mixture,0.8,2000,800126,0.004951399001583923,kl_plugin,none,0.4239687386133759
2-2-5,t3,mixture,0.8,2000,800126,0.004951399001583923,kl_split,none,0.46646775715994704
2-2-5,t3,mixture,0.8,2000,800126,0.004951399001583923,kl_crossfit,none,2.0569144901056795
2-2-5,t3,mixture,0.8,2000,800126,0.004951399001583923,cf1_margin,none,0.6251629072681704
2-2-5,t3,mixture,0.8,2000,800126,0.004951399001583923,slack_plugin,none,1.2503258145363412
2-2-5,t3,mixture,0.8,2000,800126,0.004951399001583923,gm_battery,none,0.0
2-2-5,t3,mixture,0.8,2000,800126,0.004951399001583923,gtest,none,1098.0746640295686
2-2-5,t3,mixture,0.8,2000,800127,0.005378027002734598,kl_plugin,none,0.3948383533012377
2-2-5,t3,mixture,0.8,2000,800127,0.005378027002734598,kl_split,none,0.4524124991276851
2-2-5,t3,mixture,0.8,2000,800127,0.005378027002734598,kl_crossfit,none,0.5005733761140652
2-2-5,t3,mixture,0.8,2000,800127,0.005378027002734598,cf1_margin,none,0.604226635890386
2-2-5,t3,mixture,0.8,2000,800127,0.005378027002734598,slack_plugin,none,1.2084532717807723
2-2-5,t3,mixture,0.8,2000,800127,0.005378027002734598,gm_battery,none,0.0
2-2-5,t3,mixture,0.8,2000,800127,0.005378027002734598,gtest,none,1034.7316132841795
2-2-5,t3,mixture,0.8,2000,800128,0.006070613999327179,kl_plugin,none,0.39835370338643367
2-2-5,t3,mixture,0.8,2000,800128,0.006070613999327179,kl_split,none,0.5079251546785117
2-2-5,t3,mixture,0.8,2000,800128,0.006070613999327179,kl_crossfit,none,0.46456161505678945
2-2-5,t3,mixture,0.8,2000,800128,0.006070613999327179,cf1_margin,none,0.6084586234934427
2-2-5,t3,mixture,0.8,2000,800128,0.006070613999327179,slack_plugin,none,1.2169172469868852
2-2-5,t3,mixture,0.8,2000,800128,0.006070613999327179,gm_battery,none,0.0
2-2-5,t3,mixture,0.8,2000,800128,0.006070613999327179,gtest,none,1070.2917762672416
2-2-5,t3,mixture,0.8,2000,800129,0.008041166998737026,kl_plugin,none,0.460421522873341
2-2-5,t3,mixture,0.8,2000,800129,0.008041166998737026,kl_split,none,0.7130907651358573
2-2-5,t3,mixture,0.8,2000,800129,0.008041166998737026,kl_crossfit,none,0.5893133287048312
2-2-5,t3,mixture,0.8,2000,800129,0.008041166998737026,cf1_margin,none,0.6502768635663148
2-2-5,t3,mixture,0.8,2000,800129,0.008041166998737026,slack_plugin,none,1.3005537271326293
2-2-5,t3,mixture,0.8,2000,800129,0.008041166998737026,gm_battery,none,0.0
2-2-5,t3,mixture,0.8,2000,800129,0.008041166998737026,gtest,none,967.5259296919935
2-2-5,t3,mixture,0.8,2000,800130,0.005683717005013023,kl_plugin,none,0.457016057758664
2-2-5,t3,mixture,0.8,2000,800130,0.005683717005013023,kl_split,none,0.6194418322116223
2-2-5,t3,mixture,0.8,2000,800130,0.005683717005013023,kl_crossfit,none,0.5730822635148234
2-2-5,t3,mixture,0.8,2000,800130,0.005683717005013023,cf1_margin,none,0.648215335752087
2-2-5,t3,mixture,0.8,2000,800130,0.005683717005013023,slack_plugin,none,1.296430671504174
2-2-5,t3,mixture,0.8,2000,800130,0.005683717005013023,gm_battery,none,0.0
2-2-5,t3,mixture,0.8,2000,800130,0.005683717005013023,gtest,none,938.4828072569159
2-2-5,t3,mixture,0.8,2000,800131,0.006753311005013529,kl_plugin,none,0.4614180561782359
2-2-5,t3,mixture,0.8,2000,800131,0.006753311005013529,kl_split,none,0.4650128198350978
2-2-5,t3,mixture,0.8,2000,800131,0.006753311005013529,kl_crossfit,none,0.4882396632803018
2-2-5,t3,mixture,0.8,2000,800131,0.006753311005013529,cf1_margin,none,0.650887029322192
2-2-5,t3,mixture,0.8,2000,800131,0.006753311005013529,slack_plugin,none,1.3017740586443836
2-2-5,t3,mixture,0.8,2000,800131,0.006753311005013529,gm_battery,none,0.0
2-2-5,t3,mixture,0.8,2000,800131,0.006753311005013529,gtest,none,992.3679267147453
2-2-5,t3,mixture,0.8,2000,800132,0.0051698999959626235,kl_plugin,none,0.42079877803215854
2-2-5,t3,mixture,0.8,2000,800132,0.0051698999959626235,kl_split,none,0.4253692961954223
2-2-5,t3,mixture,0.8,2000,800132,0.0051698999959626235,kl_crossfit,none,0.46543341568624713
2-2-5,t3,mixture,0.8,2000,800132,0.0051698999959626235,cf1_margin,none,0.6242241244762465
2-2-5,t3,mixture,0.8,2000,800132,0.0051698999959626235,slack_plugin,none,1.248448248952493
2-2-5,t3,mixture,0.8,2000,800132,0.0051698999959626235,gm_battery,none,0.0
2-2-5,t3,mixture,0.8,2000,800132,0.0051698999959626235,gtest,none,1094.0588394156262
2-2-5,t3,mixture,0.8,2000,800133,0.010423191997688264,kl_plugin,none,0.4823744320558383
2-2-5,t3,mixture,0.8,2000,800133,0.010423191997688264,kl_split,none,0.49879920640168096
2-2-5,t3,mixture,0.8,2000,800133,0.010423191997688264,kl_crossfit,none,0.5462475762532221
2-2-5,t3,mixture,0.8,2000,800133,0.010423191997688264,cf1_margin,none,0.6646395438973769
2-2-5,t3,mixture,0.8,2000,800133,0.010423191997688264,slack_plugin,none,1.3292790877947538
2-2-5,t3,mixture,0.8,2000,800133,0.010423191997688264,gm_battery,none,0.0
2-2-5,t3,mixture,0.8,2000,800133,0.010423191997688264,gtest,none,951.4096159659018
2-2-5,t3,mixture,0.8,2000,800134,0.007411767001030967,kl_plugin,none,0.4153298214286366
2-2-5,t3,mixture,0.8,2000,800134,0.007411767001030967,kl_split,none,0.4630189029460925
2-2-5,t3,mixture,0.8,2000,800134,0.007411767001030967,kl_crossfit,none,0.4697830080800153
2-2-5,t3,mixture,0.8,2000,800134,0.007411767001030967,cf1_margin,none,0.6206306981378789
2-2-5,t3,mixture,0.8,2000,800134,0.007411767001030967,slack_plugin,none,1.2412613962757573
2-2-5,t3,mixture,0.8,2000,800134,0.007411767001030967,gm_battery,none,0.0
2-2-5,t3,mixture,0.8,2000,800134,0.007411767001030967,gtest,none,1017.6595712009321
2-2-5,t3,mixture,0.8,2000,800135,0.008908825999242254,kl_plugin,none,0.5085181431589378
2-2-5,t3,mixture,0.8,2000,800135,0.008908825999242254,kl_split,none,0.5363082378053685
2-2-5,t3,mixture,0.8,2000,800135,0.008908825999242254,kl_crossfit,none,0.5796136725785543
2-2-5,t3,mixture,0.8,2000,800135,0.008908825999242254,cf1_margin,none,0.680413989964304
2-2-5,t3,mixture,0.8,2000,800135,0.008908825999242254,slack_plugin,none,1.360827979928608
2-2-5,t3,mixture,0.8,2000,800135,0.008908825999242254,gm_battery,none,0.0
2-2-5,t3,mixture,0.8,2000,800135,0.008908825999242254,gtest,none,937.1285733405414
2-2-5,t3,mixture,0.8,2000,800136,0.005769924995547626,kl_plugin,none,0.44116687306684516
2-2-5,t3,mixture,0.8,2000,800136,0.005769924995547626,kl_split,none,0.42259766702038
2-2-5,t3,mixture,0.8,2000,800136,0.005769924995547626,kl_crossfit,none,1.0106364681687794
2-2-5,t3,mixture,0.8,2000,800136,0.005769924995547626,cf1_margin,none,0.636520737327189
2-2-5,t3,mixture,0.8,2000,800136,0.005769924995547626,slack_plugin,none,1.2730414746543781
2-2-5,t3,mixture,0.8,2000,800136,0.005769924995547626,gm_battery,none,0.0
2-2-5,t3,mixture,0.8,2000,800136,0.005769924995547626,gtest,none,1049.2812754079043
2-2-5,t3,mixture,0.8,2000,800137,0.007682199000555556,kl_plugin,none,0.469904264940678
2-2-5,t3,mixture,0.8,2000,800137,0.007682199000555556,kl_split,none,0.44883887838675335
2-2-5,t3,mixture,0.8,2000,800137,0.007682199000555556,kl_crossfit,none,0.580277587573509
2-2-5,t3,mixture,0.8,2000,800137,0.007682199000555556,cf1_margin,none,0.6565266792291289
2-2-5,t3,mixture,0.8,2000,800137,0.007682199000555556,slack_plugin,none,1.3130533584582573
2-2-5,t3,mixture,0.8,2000,800137,0.007682199000555556,gm_battery,none,0.0
2-2-5,t3,mixture,0.8,2000,800137,0.007682199000555556,gtest,none,980.9492928042548
2-2-5,t3,mixture,0.8,2000,800138,0.005845927997143008,kl_plugin,none,0.4400828960016566
2-2-5,t3,mixture,0.8,2000,800138,0.005845927997143008,kl_split,none,0.6353823917842784
2-2-5,t3,mixture,0.8,2000,800138,0.005845927997143008,kl_crossfit,none,1.4669385524268652
2-2-5,t3,mixture,0.8,2000,800138,0.005845927997143008,cf1_margin,none,0.6369032045942308
2-2-5,t3,mixture,0.8,2000,800138,0.005845927997143008,slack_plugin,none,1.2738064091884613
2-2-5,t3,mixture,0.8,2000,800138,0.005845927997143008,gm_battery,none,0.0
2-2-5,t3,mixture,0.8,2000,800138,0.005845927997143008,gtest,none,1020.6357746099753
2-2-5,t3,mixture,0.8,2000,800139,0.005181340005947277,kl_plugin,none,0.49551077399377524
2-2-5,t3,mixture,0.8,2000,800139,0.005181340005947277,kl_split,none,0.5643979378091752
2-2-5,t3,mixture,0.8,2000,800139,0.005181340005947277,kl_crossfit,none,1.4394872742594311
2-2-5,t3,mixture,0.8,2000,800139,0.005181340005947277,cf1_margin,none,0.6726768654686275
2-2-5,t3,mixture,0.8,2000,800139,0.005181340005947277,slack_plugin,none,1.345353730937255
2-2-5,t3,mixture,0.8,2000,800139,0.005181340005947277,gm_battery,none,0.0
2-2-5,t3,mixture,0.8,2000,800139,0.005181340005947277,gtest,none,969.4416252303841
2-2-5,t3,mixture,0.8,2000,800140,0.00607315800152719,kl_plugin,none,0.4379260763367994
2-2-5,t3,mixture,0.8,2000,800140,0.00607315800152719,kl_split,none,0.6185192836290613
2-2-5,t3,mixture,0.8,2000,800140,0.00607315800152719,kl_crossfit,none,0.532025638920707
2-2-5,t3,mixture,0.8,2000,800140,0.00607315800152719,cf1_margin,none,0.6361985175494659
2-2-5,t3,mixture,0.8,2000,800140,0.00607315800152719,slack_plugin,none,1.272397035098932
2-2-5,t3,mixture,0.8,2000,800140,0.00607315800152719,gm_battery,none,0.0
2-2-5,t3,mixture,0.8,2000,800140,0.00607315800152719,gtest,none,992.8463742472424
2-2-5,t3,mixture,0.8,2000,800141,0.006157538999104872,kl_plugin,none,0.43645711091288075
2-2-5,t3,mixture,0.8,2000,800141,0.006157538999104872,kl_split,none,1.2466559153681758
2-2-5,t3,mixture,0.8,2000,800141,0.006157538999104872,kl_crossfit,none,0.8724486657835367
2-2-5,t3,mixture,0.8,2000,800141,0.006157538999104872,cf1_margin,none,0.6336367511722962
2-2-5,t3,mixture,0.8,2000,800141,0.006157538999104872,slack_plugin,none,1.2672735023445922
2-2-5,t3,mixture,0.8,2000,800141,0.006157538999104872,gm_battery,none,0.0
2-2-5,t3,mixture,0.8,2000,800141,0.006157538999104872,gtest,none,1043.4315745038011
2-2-5,t3,mixture,0.8,2000,800142,0.006317066996416543,kl_plugin,none,0.3962429846804003
2-2-5,t3,mixture,0.8,2000,800142,0.006317066996416543,kl_split,none,0.5756829067728986
2-2-5,t3,mixture,0.8,2000,800142,0.006317066996416543,kl_crossfit,none,0.4871473342314143
2-2-5,t3,mixture,0.8,2000,800142,0.006317066996416543,cf1_margin,none,0.6062901572539314
2-2-5,t3,mixture,0.8,2000,800142,0.006317066996416543,slack_plugin,none,1.2125803145078629
2-2-5,t3,mixture,0.8,2000,800142,0.006317066996416543,gm_battery,none,0.0
2-2-5,t3,mixture,0.8,2000,800142,0.006317066996416543,gtest,none,1040.7757561246165
2-2-5,t3,mixture,0.8,2000,800143,0.006479903997387737,kl_plugin,none,0.41609917874042335
2-2-5,t3,mixture,0.8,2000,800143,0.006479903997387737,kl_split,none,0.36219657778018904
2-2-5,t3,mixture,0.8,2000,800143,0.006479903997387737,kl_crossfit,none,0.44495553043647407
2-2-5,t3,mixture,0.8,2000,800143,0.006479903997387737,cf1_margin,none,0.621426368882428
2-2-5,t3,mixture,0.8,2000,800143,0.006479903997387737,slack_plugin,none,1.2428527377648564
2-2-5,t3,mixture,0.8,2000,800143,0.006479903997387737,gm_battery,none,0.0
2-2-5,t3,mixture,0.8,2000,800143,0.006479903997387737,gtest,none,980.9673707162802
2-2-5,t3,mixture,0.8,2000,800144,0.012007962002826389,kl_plugin,none,0.4271272880481505
2-2-5,t3,mixture,0.8,2000,800144,0.012007962002826389,kl_split,none,0.45401744298648755
2-2-5,t3,mixture,0.8,2000,800144,0.012007962002826389,kl_crossfit,none,0.45389622721915046
2-2-5,t3,mixture,0.8,2000,800144,0.012007962002826389,cf1_margin,none,0.6290509531272033
2-2-5,t3,mixture,0.8,2000,800144,0.012007962002826389,slack_plugin,none,1.258101906254407
2-2-5,t3,mixture,0.8,2000,800144,0.012007962002826389,gm_battery,none,0.0
2-2-5,t3,mixture,0.8,2000,800144,0.012007962002826389,gtest,none,937.4690756095775
2-2-5,t3,mixture,0.8,2000,800145,0.007471037002687808,kl_plugin,none,0.4821537913239822
2-2-5,t3,mixture,0.8,2000,800145,0.007471037002687808,kl_split,none,0.6483626723999786
2-2-5,t3,mixture,0.8,2000,800145,0.007471037002687808,kl_crossfit,none,0.564062905018366
2-2-5,t3,mixture,0.8,2000,800145,0.007471037002687808,cf1_margin,none,0.6633844478867714
2-2-5,t3,mixture,0.8,2000,800145,0.007471037002687808,slack_plugin,none,1.3267688957735433
2-2-5,t3,mixture,0.8,2000,800145,0.007471037002687808,gm_battery,none,0.0
2-2-5,t3,mixture,0.8,2000,800145,0.007471037002687808,gtest,none,1012.3022889491255
2-2-5,t3,mixture,0.8,2000,800146,0.005675943000824191,kl_plugin,none,0.45737547350002905
2-2-5,t3,mixture,0.8,2000,800146,0.005675943000824191,kl_split,none,0.536673670071993
2-2-5,t3,mixture,0.8,2000,800146,0.005675943000824191,kl_crossfit,none,0.5456603251651879
2-2-5,t3,mixture,0.8,2000,800146,0.005675943000824191,cf1_margin,none,0.649023841214571
2-2-5,t3,mixture,0.8,2000,800146,0.005675943000824191,slack_plugin,none,1.2980476824291418
2-2-5,t3,mixture,0.8,2000,800146,0.005675943000824191,gm_battery,none,0.0
2-2-5,t3,mixture,0.8,2000,800146,0.005675943000824191,gtest,none,970.9093210254779
2-2-5,t3,mixture,0.8,2000,800147,0.00541681799950311,kl_plugin,none,0.4533136774468126
2-2-5,t3,mixture,0.8,2000,800147,0.00541681799950311,kl_split,none,0.6085225726447634
2-2-5,t3,mixture,0.8,2000,800147,0.00541681799950311,kl_crossfit,none,1.5414564626183485
2-2-5,t3,mixture,0.8,2000,800147,0.00541681799950311,cf1_margin,none,0.6453926663251115
2-2-5,t3,mixture,0.8,2000,800147,0.00541681799950311,slack_plugin,none,1.2907853326502232
2-2-5,t3,mixture,0.8,2000,800147,0.00541681799950311,gm_battery,none,0.0
2-2-5,t3,mixture,0.8,2000,800147,0.00541681799950311,gtest,none,995.3977140401562
2-2-5,t3,mixture,0.8,2000,800148,0.005226303997915238,kl_plugin,none,0.4244635276115366
2-2-5,t3,mixture,0.8,2000,800148,0.005226303997915238,kl_split,none,2.1042297197965376
2-2-5,t3,mixture,0.8,2000,800148,0.005226303997915238,kl_crossfit,none,1.2932473868931758
2-2-5,t3,mixture,0.8,2000,800148,0.005226303997915238,cf1_margin,none,0.6262406560164003
2-2-5,t3,mixture,0.8,2000,800148,0.005226303997915238,slack_plugin,none,1.2524813120328009
2-2-5,t3,mixture,0.8,2000,800148,0.005226303997915238,gm_battery,none,0.0
2-2-5,t3,mixture,0.8,2000,800148,0.005226303997915238,gtest,none,1001.2104743080359
2-2-5,t3,mixture,0.8,2000,800149,0.005520498001715168,kl_plugin,none,0.4862365353433659
2-2-5,t3,mixture,0.8,2000,800149,0.005520498001715168,kl_split,none,0.48265652672461806
2-2-5,t3,mixture,0.8,2000,800149,0.005520498001715168,kl_crossfit,none,1.0215107354253044
2-2-5,t3,mixture,0.8,2000,800149,0.005520498001715168,cf1_margin,none,0.6668588173127732
2-2-5,t3,mixture,0.8,2000,800149,0.005520498001715168,slack_plugin,none,1.3337176346255464
2-2-5,t3,mixture,0.8,2000,800149,0.005520498001715168,gm_battery,none,0.0
2-2-5,t3,mixture,0.8,2000,800149,0.005520498001715168,gtest,none,967.8528739648298
2-2-5,t3,mixture,0.8,2000,800150,0.005286309999064542,kl_plugin,none,0.42468183628483297
2-2-5,t3,mixture,0.8,2000,800150,0.005286309999064542,kl_split,none,0.4005570883423552
2-2-5,t3,mixture,0.8,2000,800150,0.005286309999064542,kl_crossfit,none,0.5574504863087276
2-2-5,t3,mixture,0.8,2000,800150,0.005286309999064542,cf1_margin,none,0.6262759750271314
2-2-5,t3,mixture,0.8,2000,800150,0.005286309999064542,slack_plugin,none,1.2525519500542628
2-2-5,t3,mixture,0.8,2000,800150,0.005286309999064542,gm_battery,none,0.0
2-2-5,t3,mixture,0.8,2000,800150,0.005286309999064542,gtest,none,1097.7001707026984
2-2-5,t3,mixture,0.8,2000,800151,0.005016472001443617,kl_plugin,none,0.41741569361820874
2-2-5,t3,mixture,0.8,2000,800151,0.005016472001443617,kl_split,none,0.6212532772411737
2-2-5,t3,mixture,0.8,2000,800151,0.005016472001443617,kl_crossfit,none,0.5218508213051123
2-2-5,t3,mixture,0.8,2000,800151,0.005016472001443617,cf1_margin,none,0.6213524462698672
2-2-5,t3,mixture,0.8,2000,800151,0.005016472001443617,slack_plugin,none,1.242704892539734
2-2-5,t3,mixture,0.8,2000,800151,0.005016472001443617,gm_battery,none,0.0
2-2-5,t3,mixture,0.8,2000,800151,0.005016472001443617,gtest,none,1030.8401100895157
2-2-5,t3,mixture,0.8,2000,800152,0.004904055000224616,kl_plugin,none,0.42930654484371794
2-2-5,t3,mixture,0.8,2000,800152,0.004904055000224616,kl_split,none,0.40245933610441054
2-2-5,t3,mixture,0.8,2000,800152,0.004904055000224616,kl_crossfit,none,0.5083511373402687
2-2-5,t3,mixture,0.8,2000,800152,0.004904055000224616,cf1_margin,none,0.6298420774732396
2-2-5,t3,mixture,0.8,2000,800152,0.004904055000224616,slack_plugin,none,1.2596841549464792
2-2-5,t3,mixture,0.8,2000,800152,0.004904055000224616,gm_battery,none,0.0
2-2-5,t3,mixture,0.8,2000,800152,0.004904055000224616,gtest,none,955.9976361588266
2-2-5,t3,mixture,0.8,2000,800153,0.005897598006413318,kl_plugin,none,0.45529300640309067
2-2-5,t3,mixture,0.8,2000,800153,0.005897598006413318,kl_split,none,0.5706905861491895
2-2-5,t3,mixture,0.8,2000,800153,0.005897598006413318,kl_crossfit,none,1.2789250722206205
2-2-5,t3,mixture,0.8,2000,800153,0.005897598006413318,cf1_margin,none,0.64571613165193
2-2-5,t3,mixture,0.8,2000,800153,0.005897598006413318,slack_plugin,none,1.2914322633038597
2-2-5,t3,mixture,0.8,2000,800153,0.005897598006413318,gm_battery,none,0.0
2-2-5,t3,mixture,0.8,2000,800153,0.005897598006413318,gtest,none,1070.6743626015955
2-2-5,t3,mixture,0.8,2000,800154,0.0048722470019129105,kl_plugin,none,0.40073625792615536
2-2-5,t3,mixture,0.8,2000,800154,0.0048722470019129105,kl_split,none,0.39615278397692344
2-2-5,t3,mixture,0.8,2000,800154,0.0048722470019129105,kl_crossfit,none,0.45404231689020846
2-2-5,t3,mixture,0.8,2000,800154,0.0048722470019129105,cf1_margin,none,0.6104964334692726
2-2-5,t3,mixture,0.8,2000,800154,0.0048722470019129105,slack_plugin,none,1.2209928669385453
2-2-5,t3,mixture,0.8,2000,800154,0.0048722470019129105,gm_battery,none,0.0
2-2-5,t3,mixture,0.8,2000,800154,0.0048722470019129105,gtest,none,1056.0586500667753
2-2-5,t3,mixture,0.8,2000,800155,0.005307965002430137,kl_plugin,none,0.4658068918563455
2-2-5,t3,mixture,0.8,2000,800155,0.005307965002430137,kl_split,none,0.47363884586811855
2-2-5,t3,mixture,0.8,2000,800155,0.005307965002430137,kl_crossfit,none,0.5122109698021393
2-2-5,t3,mixture,0.8,2000,800155,0.005307965002430137,cf1_margin,none,0.6536738351254481
2-2-5,t3,mixture,0.8,2000,800155,0.005307965002430137,slack_plugin,none,1.307347670250896
2-2-5,t3,mixture,0.8,2000,800155,0.005307965002430137,gm_battery,none,0.0
2-2-5,t3,mixture,0.8,2000,800155,0.005307965002430137,gtest,none,995.7215391322475
2-2-5,t3,mixture,0.8,2000,800156,0.008258112000476103,kl_plugin,none,0.44383003141427757
2-2-5,t3,mixture,0.8,2000,800156,0.008258112000476103,kl_split,none,2.226020678768207
2-2-5,t3,mixture,0.8,2000,800156,0.008258112000476103,kl_crossfit,none,1.348464589487762
2-2-5,t3,mixture,0.8,2000,800156,0.008258112000476103,cf1_margin,none,0.6401680085544723
2-2-5,t3,mixture,0.8,2000,800156,0.008258112000476103,slack_plugin,none,1.2803360171089444
2-2-5,t3,mixture,0.8,2000,800156,0.008258112000476103,gm_battery,none,0.0
2-2-5,t3,mixture,0.8,2000,800156,0.008258112000476103,gtest,none,1026.8903395805037
2-2-5,t3,mixture,0.8,2000,800157,0.005757224003900774,kl_plugin,none,0.4638991611393458
2-2-5,t3,mixture,0.8,2000,800157,0.005757224003900774,kl_split,none,0.4334071451306012
2-2-5,t3,mixture,0.8,2000,800157,0.005757224003900774,kl_crossfit,none,0.5078293620561367
2-2-5,t3,mixture,0.8,2000,800157,0.005757224003900774,cf1_margin,none,0.6524138731191313
2-2-5,t3,mixture,0.8,2000,800157,0.005757224003900774,slack_plugin,none,1.3048277462382623
2-2-5,t3,mixture,0.8,2000,800157,0.005757224003900774,gm_battery,none,0.0
2-2-5,t3,mixture,0.8,2000,800157,0.005757224003900774,gtest,none,1028.6943962628404
2-2-5,t3,mixture,0.8,2000,800158,0.00523099100246327,kl_plugin,none,0.44556848639619046
2-2-5,t3,mixture,0.8,2000,800158,0.00523099100246327,kl_split,none,0.43354526179159886
2-2-5,t3,mixture,0.8,2000,800158,0.00523099100246327,kl_crossfit,none,0.46874319437842293
2-2-5,t3,mixture,0.8,2000,800158,0.00523099100246327,cf1_margin,none,0.6407890684064625
2-2-5,t3,mixture,0.8,2000,800158,0.00523099100246327,slack_plugin,none,1.2815781368129253
2-2-5,t3,mixture,0.8,2000,800158,0.00523099100246327,gm_battery,none,0.0
2-2-5,t3,mixture,0.8,2000,800158,0.00523099100246327,gtest,none,964.5780599885474
2-2-5,t3,mixture,0.8,2000,800159,0.005240277998382226,kl_plugin,none,0.45959898268444305
2-2-5,t3,mixture,0.8,2000,800159,0.005240277998382226,kl_split,none,0.4761125460633309
2-2-5,t3,mixture,0.8,2000,800159,0.005240277998382226,kl_crossfit,none,1.0805292610157977
2-2-5,t3,mixture,0.8,2000,800159,0.005240277998382226,cf1_margin,none,0.6484930528249444
2-2-5,t3,mixture,0.8,2000,800159,0.005240277998382226,slack_plugin,none,1.2969861056498888
2-2-5,t3,mixture,0.8,2000,800159,0.005240277998382226,gm_battery,none,0.0
2-2-5,t3,mixture,0.8,2000,800159,0.005240277998382226,gtest,none,1015.7878225505028
2-2-5,t3,mixture,0.8,2000,800160,0.0049769890028983355,kl_plugin,none,0.45203213691458877
2-2-5,t3,mixture,0.8,2000,800160,0.0049769890028983355,kl_split,none,0.5918788598414557
2-2-5,t3,mixture,0.8,2000,800160,0.0049769890028983355,kl_crossfit,none,0.5616097124845083
2-2-5,t3,mixture,0.8,2000,800160,0.0049769890028983355,cf1_margin,none,0.6449245796983187
2-2-5,t3,mixture,0.8,2000,800160,0.0049769890028983355,slack_plugin,none,1.289849159396638
2-2-5,t3,mixture,0.8,2000,800160,0.0049769890028983355,gm_battery,none,0.0
2-2-5,t3,mixture,0.8,2000,800160,0.0049769890028983355,gtest,none,1016.2138131319662
2-2-5,t3,mixture,0.8,2000,800161,0.004971094000211451,kl_plugin,none,0.4141072386256823
2-2-5,t3,mixture,0.8,2000,800161,0.004971094000211451,kl_split,none,0.4176409128790591
2-2-5,t3,mixture,0.8,2000,800161,0.004971094000211451,kl_crossfit,none,0.43299534428869313
2-2-5,t3,mixture,0.8,2000,800161,0.004971094000211451,cf1_margin,none,0.6195372133587237
2-2-5,t3,mixture,0.8,2000,800161,0.004971094000211451,slack_plugin,none,1.2390744267174474
2-2-5,t3,mixture,0.8,2000,800161,0.004971094000211451,gm_battery,none,0.0
2-2-5,t3,mixture,0.8,2000,800161,0.004971094000211451,gtest,none,1055.9671017636322
2-2-5,t3,mixture,0.8,2000,800162,0.005882823003048543,kl_plugin,none,0.39649835318255283
2-2-5,t3,mixture,0.8,2000,800162,0.005882823003048543,kl_split,none,0.3795412713025217
2-2-5,t3,mixture,0.8,2000,800162,0.005882823003048543,kl_crossfit,none,0.445334642024992
2-2-5,t3,mixture,0.8,2000,800162,0.005882823003048543,cf1_margin,none,0.6078369391682905
2-2-5,t3,mixture,0.8,2000,800162,0.005882823003048543,slack_plugin,none,1.2156738783365812
2-2-5,t3,mixture,0.8,2000,800162,0.005882823003048543,gm_battery,none,0.0
2-2-5,t3,mixture,0.8,2000,800162,0.005882823003048543,gtest,none,1123.4644993819636
2-2-5,t3,mixture,0.8,2000,800163,0.012287347002711613,kl_plugin,none,0.47288226468417305
2-2-5,t3,mixture,0.8,2000,800163,0.012287347002711613,kl_split,none,0.5793047604894431
2-2-5,t3,mixture,0.8,2000,800163,0.012287347002711613,kl_crossfit,none,0.6121597485442949
2-2-5,t3,mixture,0.8,2000,800163,0.012287347002711613,cf1_margin,none,0.6577123154366447
2-2-5,t3,mixture,0.8,2000,800163,0.012287347002711613,slack_plugin,none,1.3154246308732898
2-2-5,t3,mixture,0.8,2000,800163,0.012287347002711613,gm_battery,none,0.0
2-2-5,t3,mixture,0.8,2000,800163,0.012287347002711613,gtest,none,967.5516696092922
2-2-5,t3,mixture,0.8,2000,800164,0.006890040000143927,kl_plugin,none,0.46945712433405234
2-2-5,t3,mixture,0.8,2000,800164,0.006890040000143927,kl_split,none,0.5322987803925805
2-2-5,t3,mixture,0.8,2000,800164,0.006890040000143927,kl_crossfit,none,0.5904017727468599
2-2-5,t3,mixture,0.8,2000,800164,0.006890040000143927,cf1_margin,none,0.6556745122043921
2-2-5,t3,mixture,0.8,2000,800164,0.006890040000143927,slack_plugin,none,1.3113490244087842
2-2-5,t3,mixture,0.8,2000,800164,0.006890040000143927,gm_battery,none,0.0
2-2-5,t3,mixture,0.8,2000,800164,0.006890040000143927,gtest,none,1010.6394536832
2-2-5,t3,mixture,0.8,2000,800165,0.004928176000248641,kl_plugin,none,0.49220304804899306
2-2-5,t3,mixture,0.8,2000,800165,0.004928176000248641,kl_split,none,0.5029099154809347
2-2-5,t3,mixture,0.8,2000,800165,0.004928176000248641,kl_crossfit,none,0.5499306798304033
2-2-5,t3,mixture,0.8,2000,800165,0.004928176000248641,cf1_margin,none,0.6699279711884754
2-2-5,t3,mixture,0.8,2000,800165,0.004928176000248641,slack_plugin,none,1.3398559423769512
2-2-5,t3,mixture,0.8,2000,800165,0.004928176000248641,gm_battery,none,0.0
2-2-5,t3,mixture,0.8,2000,800165,0.004928176000248641,gtest,none,909.455152873508
2-2-5,t3,mixture,0.8,2000,800166,0.004861077002715319,kl_plugin,none,0.44877187711182986
2-2-5,t3,mixture,0.8,2000,800166,0.004861077002715319,kl_split,none,0.5844287114654176
2-2-5,t3,mixture,0.8,2000,800166,0.004861077002715319,kl_crossfit,none,0.524009971661261
2-2-5,t3,mixture,0.8,2000,800166,0.004861077002715319,cf1_margin,none,0.642932571730287
2-2-5,t3,mixture,0.8,2000,800166,0.004861077002715319,slack_plugin,none,1.2858651434605737
2-2-5,t3,mixture,0.8,2000,800166,0.004861077002715319,gm_battery,none,0.0
2-2-5,t3,mixture,0.8,2000,800166,0.004861077002715319,gtest,none,1039.903997351287
2-2-5,t3,mixture,0.8,2000,800167,0.00558304999867687,kl_plugin,none,0.4842395482888294
2-2-5,t3,mixture,0.8,2000,800167,0.00558304999867687,kl_split,none,0.5621874337499518
2-2-5,t3,mixture,0.8,2000,800167,0.00558304999867687,kl_crossfit,none,1.3482529371093215
2-2-5,t3,mixture,0.8,2000,800167,0.00558304999867687,cf1_margin,none,0.665639852138708
2-2-5,t3,mixture,0.8,2000,800167,0.00558304999867687,slack_plugin,none,1.3312797042774163
2-2-5,t3,mixture,0.8,2000,800167,0.00558304999867687,gm_battery,none,0.0
2-2-5,t3,mixture,0.8,2000,800167,0.00558304999867687,gtest,none,938.0448883640942
2-2-5,t3,mixture,0.8,2000,800168,0.004868698000791483,kl_plugin,none,0.42934219944352325
2-2-5,t3,mixture,0.8,2000,800168,0.004868698000791483,kl_split,none,0.37935088427880104
2-2-5,t3,mixture,0.8,2000,800168,0.004868698000791483,kl_crossfit,none,2.104805678318572
2-2-5,t3,mixture,0.8,2000,800168,0.004868698000791483,cf1_margin,none,0.6297620429019002
2-2-5,t3,mixture,0.8,2000,800168,0.004868698000791483,slack_plugin,none,1.2595240858038002
2-2-5,t3,mixture,0.8,2000,800168,0.004868698000791483,gm_battery,none,0.0
2-2-5,t3,mixture,0.8,2000,800168,0.004868698000791483,gtest,none,955.6756162730608
2-2-5,t3,mixture,0.8,2000,800169,0.004969844994775485,kl_plugin,none,0.43410555955171254
2-2-5,t3,mixture,0.8,2000,800169,0.004969844994775485,kl_split,none,0.43601169988078786
2-2-5,t3,mixture,0.8,2000,800169,0.004969844994775485,kl_crossfit,none,1.0135769332035518
2-2-5,t3,mixture,0.8,2000,800169,0.004969844994775485,cf1_margin,none,0.6332945145450398
2-2-5,t3,mixture,0.8,2000,800169,0.004969844994775485,slack_plugin,none,1.2665890290900794
2-2-5,t3,mixture,0.8,2000,800169,0.004969844994775485,gm_battery,none,0.0
2-2-5,t3,mixture,0.8,2000,800169,0.004969844994775485,gtest,none,1079.7962551310304
2-2-5,t3,mixture,0.8,2000,800170,0.005166490002011415,kl_plugin,none,0.46785584951111825
2-2-5,t3,mixture,0.8,2000,800170,0.005166490002011415,kl_split,none,2.2389420258731634
2-2-5,t3,mixture,0.8,2000,800170,0.005166490002011415,kl_crossfit,none,1.3685157320964283
2-2-5,t3,mixture,0.8,2000,800170,0.005166490002011415,cf1_margin,none,0.6552870782533385
2-2-5,t3,mixture,0.8,2000,800170,0.005166490002011415,slack_plugin,none,1.310574156506677
2-2-5,t3,mixture,0.8,2000,800170,0.005166490002011415,gm_battery,none,0.0
2-2-5,t3,mixture,0.8,2000,800170,0.005166490002011415,gtest,none,1006.2766081185372
2-2-5,t3,mixture,0.8,2000,800171,0.004934149001201149,kl_plugin,none,0.4301210935487867
2-2-5,t3,mixture,0.8,2000,800171,0.004934149001201149,kl_split,none,1.6545018435704713
2-2-5,t3,mixture,0.8,2000,800171,0.004934149001201149,kl_crossfit,none,1.070316026930834
2-2-5,t3,mixture,0.8,2000,800171,0.004934149001201149,cf1_margin,none,0.6304218449151059
2-2-5,t3,mixture,0.8,2000,800171,0.004934149001201149,slack_plugin,none,1.260843689830212
2-2-5,t3,mixture,0.8,2000,800171,0.004934149001201149,gm_battery,none,0.0
2-2-5,t3,mixture,0.8,2000,800171,0.004934149001201149,gtest,none,1034.2499952973726
2-2-5,t3,mixture,0.8,2000,800172,0.00582699099322781,kl_plugin,none,0.47767651998979227
2-2-5,t3,mixture,0.8,2000,800172,0.00582699099322781,kl_split,none,0.8893391740716747
2-2-5,t3,mixture,0.8,2000,800172,0.00582699099322781,kl_crossfit,none,0.7213694727766427
2-2-5,t3,mixture,0.8,2000,800172,0.00582699099322781,cf1_margin,none,0.661984793917567
2-2-5,t3,mixture,0.8,2000,800172,0.00582699099322781,slack_plugin,none,1.3239695878351339
2-2-5,t3,mixture,0.8,2000,800172,0.00582699099322781,gm_battery,none,0.0
2-2-5,t3,mixture,0.8,2000,800172,0.00582699099322781,gtest,none,1063.5369147029942
2-2-5,t3,mixture,0.8,2000,800173,0.005738966996432282,kl_plugin,none,0.4465786926888081
2-2-5,t3,mixture,0.8,2000,800173,0.005738966996432282,kl_split,none,0.4822767683455175
2-2-5,t3,mixture,0.8,2000,800173,0.005738966996432282,kl_crossfit,none,2.327539494376387
2-2-5,t3,mixture,0.8,2000,800173,0.005738966996432282,cf1_margin,none,0.64073601840046
2-2-5,t3,mixture,0.8,2000,800173,0.005738966996432282,slack_plugin,none,1.28147203680092
2-2-5,t3,mixture,0.8,2000,800173,0.005738966996432282,gm_battery,none,0.0
2-2-5,t3,mixture,0.8,2000,800173,0.005738966996432282,gtest,none,1035.4466346904708
2-2-5,t3,mixture,0.8,2000,800174,0.006428394000977278,kl_plugin,none,0.4517809982820041
2-2-5,t3,mixture,0.8,2000,800174,0.006428394000977278,kl_split,none,0.4656280122593344
2-2-5,t3,mixture,0.8,2000,800174,0.006428394000977278,kl_crossfit,none,1.071049790922188
2-2-5,t3,mixture,0.8,2000,800174,0.006428394000977278,cf1_margin,none,0.643943643943644
2-2-5,t3,mixture,0.8,2000,800174,0.006428394000977278,slack_plugin,none,1.2878872878872878
2-2-5,t3,mixture,0.8,2000,800174,0.006428394000977278,gm_battery,none,0.0
2-2-5,t3,mixture,0.8,2000,800174,0.006428394000977278,gtest,none,1052.6685158818764
2-2-5,t3,mixture,0.8,2000,800175,0.0050011630009976216,kl_plugin,none,0.4767243416655722
2-2-5,t3,mixture,0.8,2000,800175,0.0050011630009976216,kl_split,none,2.249162722155204
2-2-5,t3,mixture,0.8,2000,800175,0.0050011630009976216,kl_crossfit,none,1.376082145004109
2-2-5,t3,mixture,0.8,2000,800175,0.0050011630009976216,cf1_margin,none,0.660540631366701
2-2-5,t3,mixture,0.8,2000,800175,0.0050011630009976216,slack_plugin,none,1.321081262733402
2-2-5,t3,mixture,0.8,2000,800175,0.0050011630009976216,gm_battery,none,0.0
2-2-5,t3,mixture,0.8,2000,800175,0.0050011630009976216,gtest,none,1010.3465870315811
2-2-5,t3,mixture,0.8,2000,800176,0.0065356600025552325,kl_plugin,none,0.4364078074220362
2-2-5,t3,mixture,0.8,2000,800176,0.0065356600025552325,kl_split,none,0.49518758234299004
2-2-5,t3,mixture,0.8,2000,800176,0.0065356600025552325,kl_crossfit,none,1.3331833958156594
2-2-5,t3,mixture,0.8,2000,800176,0.0065356600025552325,cf1_margin,none,0.6351872409598562
2-2-5,t3,mixture,0.8,2000,800176,0.0065356600025552325,slack_plugin,none,1.2703744819197125
2-2-5,t3,mixture,0.8,2000,800176,0.0065356600025552325,gm_battery,none,0.0
2-2-5,t3,mixture,0.8,2000,800176,0.0065356600025552325,gtest,none,1085.2251084991792
2-2-5,t3,mixture,0.8,2000,800177,0.005022238998208195,kl_plugin,none,0.4493622089649502
2-2-5,t3,mixture,0.8,2000,800177,0.005022238998208195,kl_split,none,0.5588959108943105
2-2-5,t3,mixture,0.8,2000,800177,0.005022238998208195,kl_crossfit,none,2.2007814880031025
2-2-5,t3,mixture,0.8,2000,800177,0.005022238998208195,cf1_margin,none,0.6428022063860214
2-2-5,t3,mixture,0.8,2000,800177,0.005022238998208195,slack_plugin,none,1.285604412772043
2-2-5,t3,mixture,0.8,2000,800177,0.005022238998208195,gm_battery,none,0.0
2-2-5,t3,mixture,0.8,2000,800177,0.005022238998208195,gtest,none,930.3298232145654
2-2-5,t3,mixture,0.8,2000,800178,0.004962703998899087,kl_plugin,none,0.4378992645631584
2-2-5,t3,mixture,0.8,2000,800178,0.004962703998899087,kl_split,none,0.5375865645760779
2-2-5,t3,mixture,0.8,2000,800178,0.004962703998899087,kl_crossfit,none,0.5013438430371404
2-2-5,t3,mixture,0.8,2000,800178,0.004962703998899087,cf1_margin,none,0.6345690938856003
2-2-5,t3,mixture,0.8,2000,800178,0.004962703998899087,slack_plugin,none,1.269138187771201
2-2-5,t3,mixture,0.8,2000,800178,0.004962703998899087,gm_battery,none,0.0
2-2-5,t3,mixture,0.8,2000,800178,0.004962703998899087,gtest,none,1075.2896239167183
2-2-5,t3,mixture,0.8,2000,800179,0.005154524005774874,kl_plugin,none,0.4517003599494288
2-2-5,t3,mixture,0.8,2000,800179,0.005154524005774874,kl_split,none,0.5007847247455729
2-2-5,t3,mixture,0.8,2000,800179,0.005154524005774874,kl_crossfit,none,1.846690931828879
2-2-5,t3,mixture,0.8,2000,800179,0.005154524005774874,cf1_margin,none,0.6439826503787227
2-2-5,t3,mixture,0.8,2000,800179,0.005154524005774874,slack_plugin,none,1.2879653007574454
2-2-5,t3,mixture,0.8,2000,800179,0.005154524005774874,gm_battery,none,0.0
2-2-5,t3,mixture,0.8,2000,800179,0.005154524005774874,gtest,none,1045.8475632740135
2-2-5,t3,mixture,0.8,2000,800180,0.00500280900450889,kl_plugin,none,0.44256262996738405
2-2-5,t3,mixture,0.8,2000,800180,0.00500280900450889,kl_split,none,0.503275827425362
2-2-5,t3,mixture,0.8,2000,800180,0.00500280900450889,kl_crossfit,none,1.3249581790550096
2-2-5,t3,mixture,0.8,2000,800180,0.00500280900450889,cf1_margin,none,0.6393429487179487
2-2-5,t3,mixture,0.8,2000,800180,0.00500280900450889,slack_plugin,none,1.2786858974358974
2-2-5,t3,mixture,0.8,2000,800180,0.00500280900450889,gm_battery,none,0.0
2-2-5,t3,mixture,0.8,2000,800180,0.00500280900450889,gtest,none,965.1255444425943
2-2-5,t3,mixture,0.8,2000,800181,0.005063559001428075,kl_plugin,none,0.4419565184362716
2-2-5,t3,mixture,0.8,2000,800181,0.005063559001428075,kl_split,none,0.5602284376342297
2-2-5,t3,mixture,0.8,2000,800181,0.005063559001428075,kl_crossfit,none,0.5347368230333739
2-2-5,t3,mixture,0.8,2000,800181,0.005063559001428075,cf1_margin,none,0.6386170906718853
2-2-5,t3,mixture,0.8,2000,800181,0.005063559001428075,slack_plugin,none,1.2772341813437706
2-2-5,t3,mixture,0.8,2000,800181,0.005063559001428075,gm_battery,none,0.0
2-2-5,t3,mixture,0.8,2000,800181,0.005063559001428075,gtest,none,974.0457246586761
2-2-5,t3,mixture,0.8,2000,800182,0.0048451089969603345,kl_plugin,none,0.4587542323805469
2-2-5,t3,mixture,0.8,2000,800182,0.0048451089969603345,kl_split,none,0.4389864881107074
2-2-5,t3,mixture,0.8,2000,800182,0.0048451089969603345,kl_crossfit,none,1.3533250318752472
2-2-5,t3,mixture,0.8,2000,800182,0.0048451089969603345,cf1_margin,none,0.649925589284857
2-2-5,t3,mixture,0.8,2000,800182,0.0048451089969603345,slack_plugin,none,1.2998511785697138
2-2-5,t3,mixture,0.8,2000,800182,0.0048451089969603345,gm_battery,none,0.0
2-2-5,t3,mixture,0.8,2000,800182,0.0048451089969603345,gtest,none,999.1562300240532
2-2-5,t3,mixture,0.8,2000,800183,0.005331964006472845,kl_plugin,none,0.4168193288412274
2-2-5,t3,mixture,0.8,2000,800183,0.005331964006472845,kl_split,none,0.5223969756421705
2-2-5,t3,mixture,0.8,2000,800183,0.005331964006472845,kl_crossfit,none,0.521130530951573
2-2-5,t3,mixture,0.8,2000,800183,0.005331964006472845,cf1_margin,none,0.6220259524152387
2-2-5,t3,mixture,0.8,2000,800183,0.005331964006472845,slack_plugin,none,1.2440519048304775
2-2-5,t3,mixture,0.8,2000,800183,0.005331964006472845,gm_battery,none,0.0
2-2-5,t3,mixture,0.8,2000,800183,0.005331964006472845,gtest,none,1094.4252836729943
2-2-5,t3,mixture,0.8,2000,800184,0.0055072369941626675,kl_plugin,none,0.4538885389740796
2-2-5,t3,mixture,0.8,2000,800184,0.0055072369941626675,kl_split,none,0.559372571721838
2-2-5,t3,mixture,0.8,2000,800184,0.0055072369941626675,kl_crossfit,none,1.3320456611310039
2-2-5,t3,mixture,0.8,2000,800184,0.0055072369941626675,cf1_margin,none,0.6466971934623169
2-2-5,t3,mixture,0.8,2000,800184,0.0055072369941626675,slack_plugin,none,1.293394386924634
2-2-5,t3,mixture,0.8,2000,800184,0.0055072369941626675,gm_battery,none,0.0
2-2-5,t3,mixture,0.8,2000,800184,0.0055072369941626675,gtest,none,1006.4240943516766
2-2-5,t3,mixture,0.8,2000,800185,0.008122535000438802,kl_plugin,none,0.44352034762460835
2-2-5,t3,mixture,0.8,2000,800185,0.008122535000438802,kl_split,none,0.40823991389797526
2-2-5,t3,mixture,0.8,2000,800185,0.008122535000438802,kl_crossfit,none,0.5252449231877565
2-2-5,t3,mixture,0.8,2000,800185,0.008122535000438802,cf1_margin,none,0.6392450128204615
2-2-5,t3,mixture,0.8,2000,800185,0.008122535000438802,slack_plugin,none,1.2784900256409228
2-2-5,t3,mixture,0.8,2000,800185,0.008122535000438802,gm_battery,none,0.0
2-2-5,t3,mixture,0.8,2000,800185,0.008122535000438802,gtest,none,1037.0967737494514
2-2-5,t3,mixture,0.8,2000,800186,0.005820186001074035,kl_plugin,none,0.4107924987761684
2-2-5,t3,mixture,0.8,2000,800186,0.005820186001074035,kl_split,none,0.39282575834839356
2-2-5,t3,mixture,0.8,2000,800186,0.005820186001074035,kl_crossfit,none,0.491933660755537
2-2-5,t3,mixture,0.8,2000,800186,0.005820186001074035,cf1_margin,none,0.617584911096971
2-2-5,t3,mixture,0.8,2000,800186,0.005820186001074035,slack_plugin,none,1.2351698221939418
2-2-5,t3,mixture,0.8,2000,800186,0.005820186001074035,gm_battery,none,0.0
2-2-5,t3,mixture,0.8,2000,800186,0.005820186001074035,gtest,none,1059.5339801138825
2-2-5,t3,mixture,0.8,2000,800187,0.005385550000937656,kl_plugin,none,0.4308976236962883
2-2-5,t3,mixture,0.8,2000,800187,0.005385550000937656,kl_split,none,0.39972260131779164
2-2-5,t3,mixture,0.8,2000,800187,0.005385550000937656,kl_crossfit,none,0.4566844693599821
2-2-5,t3,mixture,0.8,2000,800187,0.005385550000937656,cf1_margin,none,0.6314946505221346
2-2-5,t3,mixture,0.8,2000,800187,0.005385550000937656,slack_plugin,none,1.2629893010442692
2-2-5,t3,mixture,0.8,2000,800187,0.005385550000937656,gm_battery,none,0.0
2-2-5,t3,mixture,0.8,2000,800187,0.005385550000937656,gtest,none,978.5321285939277
2-2-5,t3,mixture,0.8,2000,800188,0.008270783997431863,kl_plugin,none,0.4970794569510419
2-2-5,t3,mixture,0.8,2000,800188,0.008270783997431863,kl_split,none,0.4971914637571947
2-2-5,t3,mixture,0.8,2000,800188,0.008270783997431863,kl_crossfit,none,1.5967962121874686
2-2-5,t3,mixture,0.8,2000,800188,0.008270783997431863,cf1_margin,none,0.6740045545511006
2-2-5,t3,mixture,0.8,2000,800188,0.008270783997431863,slack_plugin,none,1.3480091091022013
2-2-5,t3,mixture,0.8,2000,800188,0.008270783997431863,gm_battery,none,0.0
2-2-5,t3,mixture,0.8,2000,800188,0.008270783997431863,gtest,none,992.6120579076631
2-2-5,t3,mixture,0.8,2000,800189,0.005507900998054538,kl_plugin,none,0.4377044193583079
2-2-5,t3,mixture,0.8,2000,800189,0.005507900998054538,kl_split,none,0.4841369881777619
2-2-5,t3,mixture,0.8,2000,800189,0.005507900998054538,kl_crossfit,none,0.5779639938199899
2-2-5,t3,mixture,0.8,2000,800189,0.005507900998054538,cf1_margin,none,0.635619940860839
2-2-5,t3,mixture,0.8,2000,800189,0.005507900998054538,slack_plugin,none,1.2712398817216783
2-2-5,t3,mixture,0.8,2000,800189,0.005507900998054538,gm_battery,none,0.0
2-2-5,t3,mixture,0.8,2000,800189,0.005507900998054538,gtest,none,1043.6073955070588
2-2-5,t3,mixture,0.8,2000,800190,0.006918711005710065,kl_plugin,none,0.4856581388984556
2-2-5,t3,mixture,0.8,2000,800190,0.006918711005710065,kl_split,none,0.4548693584293044
2-2-5,t3,mixture,0.8,2000,800190,0.006918711005710065,kl_crossfit,none,0.5727343079937981
2-2-5,t3,mixture,0.8,2000,800190,0.006918711005710065,cf1_margin,none,0.6643132374889464
2-2-5,t3,mixture,0.8,2000,800190,0.006918711005710065,slack_plugin,none,1.3286264749778929
2-2-5,t3,mixture,0.8,2000,800190,0.006918711005710065,gm_battery,none,0.0
2-2-5,t3,mixture,0.8,2000,800190,0.006918711005710065,gtest,none,981.7884676114136
2-2-5,t3,mixture,0.8,2000,800191,0.007498199993278831,kl_plugin,none,0.4290643746300913
2-2-5,t3,mixture,0.8,2000,800191,0.007498199993278831,kl_split,none,0.3737378734467883
2-2-5,t3,mixture,0.8,2000,800191,0.007498199993278831,kl_crossfit,none,0.46068225236589067
2-2-5,t3,mixture,0.8,2000,800191,0.007498199993278831,cf1_margin,none,0.6302573458805455
2-2-5,t3,mixture,0.8,2000,800191,0.007498199993278831,slack_plugin,none,1.2605146917610905
2-2-5,t3,mixture,0.8,2000,800191,0.007498199993278831,gm_battery,none,0.0
2-2-5,t3,mixture,0.8,2000,800191,0.007498199993278831,gtest,none,1023.3934114482672
2-2-5,t3,mixture,0.8,2000,800192,0.00708982499781996,kl_plugin,none,0.45457371363774307
2-2-5,t3,mixture,0.8,2000,800192,0.00708982499781996,kl_split,none,0.4743565311712397
2-2-5,t3,mixture,0.8,2000,800192,0.00708982499781996,kl_crossfit,none,0.47367739367653344
2-2-5,t3,mixture,0.8,2000,800192,0.00708982499781996,cf1_margin,none,0.6465122605720367
2-2-5,t3,mixture,0.8,2000,800192,0.00708982499781996,slack_plugin,none,1.2930245211440736
2-2-5,t3,mixture,0.8,2000,800192,0.00708982499781996,gm_battery,none,0.0
2-2-5,t3,mixture,0.8,2000,800192,0.00708982499781996,gtest,none,994.8272390542242
2-2-5,t3,mixture,0.8,2000,800193,0.005092020001029596,kl_plugin,none,0.4530584634090344
2-2-5,t3,mixture,0.8,2000,800193,0.005092020001029596,kl_split,none,0.558610645413154
2-2-5,t3,mixture,0.8,2000,800193,0.005092020001029596,kl_crossfit,none,1.716166395639268
2-2-5,t3,mixture,0.8,2000,800193,0.005092020001029596,cf1_margin,none,0.6443898847041968
2-2-5,t3,mixture,0.8,2000,800193,0.005092020001029596,slack_plugin,none,1.2887797694083938
2-2-5,t3,mixture,0.8,2000,800193,0.005092020001029596,gm_battery,none,0.0
2-2-5,t3,mixture,0.8,2000,800193,0.005092020001029596,gtest,none,1025.8609103057781
2-2-5,t3,mixture,0.8,2000,800194,0.00544381399959093,kl_plugin,none,0.44320283630149093
2-2-5,t3,mixture,0.8,2000,800194,0.00544381399959093,kl_split,none,0.42723728832953484
2-2-5,t3,mixture,0.8,2000,800194,0.00544381399959093,kl_crossfit,none,2.309542054394998
2-2-5,t3,mixture,0.8,2000,800194,0.00544381399959093,cf1_margin,none,0.639214932461926
2-2-5,t3,mixture,0.8,2000,800194,0.00544381399959093,slack_plugin,none,1.2784298649238517
2-2-5,t3,mixture,0.8,2000,800194,0.00544381399959093,gm_battery,none,0.0
2-2-5,t3,mixture,0.8,2000,800194,0.00544381399959093,gtest,none,1026.9217865029673
2-2-5,t3,mixture,0.8,2000,800195,0.006416263997380156,kl_plugin,none,0.4844240187514178
2-2-5,t3,mixture,0.8,2000,800195,0.006416263997380156,kl_split,none,0.5352488529993767
2-2-5,t3,mixture,0.8,2000,800195,0.006416263997380156,kl_crossfit,none,0.5141041461483238
2-2-5,t3,mixture,0.8,2000,800195,0.006416263997380156,cf1_margin,none,0.665458429852251
2-2-5,t3,mixture,0.8,2000,800195,0.006416263997380156,slack_plugin,none,1.330916859704502
2-2-5,t3,mixture,0.8,2000,800195,0.006416263997380156,gm_battery,none,0.0
2-2-5,t3,mixture,0.8,2000,800195,0.006416263997380156,gtest,none,887.6793402486677
2-2-5,t3,mixture,0.8,2000,800196,0.005417799002316315,kl_plugin,none,0.4535698481081815
2-2-5,t3,mixture,0.8,2000,800196,0.005417799002316315,kl_split,none,0.49421155231153197
2-2-5,t3,mixture,0.8,2000,800196,0.005417799002316315,kl_crossfit,none,0.5035372888843762
2-2-5,t3,mixture,0.8,2000,800196,0.005417799002316315,cf1_margin,none,0.6446444644464446
2-2-5,t3,mixture,0.8,2000,800196,0.005417799002316315,slack_plugin,none,1.2892889288928893
2-2-5,t3,mixture,0.8,2000,800196,0.005417799002316315,gm_battery,none,0.0
2-2-5,t3,mixture,0.8,2000,800196,0.005417799002316315,gtest,none,1057.0125276159492
2-2-5,t3,mixture,0.8,2000,800197,0.0047635849987273104,kl_plugin,none,0.45601722447161874
2-2-5,t3,mixture,0.8,2000,800197,0.0047635849987273104,kl_split,none,0.5449939060619885
2-2-5,t3,mixture,0.8,2000,800197,0.0047635849987273104,kl_crossfit,none,0.5018774962151619
2-2-5,t3,mixture,0.8,2000,800197,0.0047635849987273104,cf1_margin,none,0.6477108018579232
2-2-5,t3,mixture,0.8,2000,800197,0.0047635849987273104,slack_plugin,none,1.2954216037158464
2-2-5,t3,mixture,0.8,2000,800197,0.0047635849987273104,gm_battery,none,0.0
2-2-5,t3,mixture,0.8,2000,800197,0.0047635849987273104,gtest,none,1036.7006165633393
2-2-5,t3,mixture,0.8,2000,800198,0.0049621150028542615,kl_plugin,none,0.4628453176310225
2-2-5,t3,mixture,0.8,2000,800198,0.0049621150028542615,kl_split,none,0.5061480653671825
2-2-5,t3,mixture,0.8,2000,800198,0.0049621150028542615,kl_crossfit,none,0.5145064396398417
2-2-5,t3,mixture,0.8,2000,800198,0.0049621150028542615,cf1_margin,none,0.6506066291432145
2-2-5,t3,mixture,0.8,2000,800198,0.0049621150028542615,slack_plugin,none,1.3012132582864289
2-2-5,t3,mixture,0.8,2000,800198,0.0049621150028542615,gm_battery,none,0.0
2-2-5,t3,mixture,0.8,2000,800198,0.0049621150028542615,gtest,none,1056.3874698784768
2-2-5,t3,mixture,0.8,2000,800199,0.0049159440022776835,kl_plugin,none,0.45250268225914775
2-2-5,t3,mixture,0.8,2000,800199,0.0049159440022776835,kl_split,none,3.734869236134971
2-2-5,t3,mixture,0.8,2000,800199,0.0049159440022776835,kl_crossfit,none,2.105003627649462
2-2-5,t3,mixture,0.8,2000,800199,0.0049159440022776835,cf1_margin,none,0.6458721598497057
2-2-5,t3,mixture,0.8,2000,800199,0.0049159440022776835,slack_plugin,none,1.2917443196994114
2-2-5,t3,mixture,0.8,2000,800199,0.0049159440022776835,gm_battery,none,0.0
2-2-5,t3,mixture,0.8,2000,800199,0.0049159440022776835,gtest,none,1030.5583765994088
