cell,tail,family,rho,n,seed,dt_stats_s,stat,engine,stat_obs
2-2-5,t3,mixture,0.2,1000,800000,0.004481996002141386,kl_plugin,none,9.599632677896166e-17
2-2-5,t3,mixture,0.2,1000,800000,0.004481996002141386,kl_split,none,0.04361904115062647
2-2-5,t3,mixture,0.2,1000,800000,0.004481996002141386,kl_crossfit,none,0.04781117765281974
2-2-5,t3,mixture,0.2,1000,800000,0.004481996002141386,cf1_margin,none,0.0
2-2-5,t3,mixture,0.2,1000,800000,0.004481996002141386,slack_plugin,none,0.0
2-2-5,t3,mixture,0.2,1000,800000,0.004481996002141386,gm_battery,none,0.0
2-2-5,t3,mixture,0.2,1000,800000,0.004481996002141386,gtest,none,441.1752476653598
2-2-5,t3,mixture,0.2,1000,800001,0.004196518995740917,kl_plugin,none,9.240131582248871e-17
2-2-5,t3,mixture,0.2,1000,800001,0.004196518995740917,kl_split,none,0.03532890608925779
2-2-5,t3,mixture,0.2,1000,800001,0.004196518995740917,kl_crossfit,none,0.039611500083887474
2-2-5,t3,mixture,0.2,1000,800001,0.004196518995740917,cf1_margin,none,0.0
2-2-5,t3,mixture,0.2,1000,800001,0.004196518995740917,slack_plugin,none,0.0
2-2-5,t3,mixture,0.2,1000,800001,0.004196518995740917,gm_battery,none,0.0
2-2-5,t3,mixture,0.2,1000,800001,0.004196518995740917,gtest,none,417.87440564835646
2-2-5,t3,mixture,0.2,1000,800002,0.004333805998612661,kl_plugin,none,0.0
2-2-5,t3,mixture,0.2,1000,800002,0.004333805998612661,kl_split,none,0.46839823457605667
2-2-5,t3,mixture,0.2,1000,800002,0.004333805998612661,kl_crossfit,none,0.36887345492557877
2-2-5,t3,mixture,0.2,1000,800002,0.004333805998612661,cf1_margin,none,0.0
2-2-5,t3,mixture,0.2,1000,800002,0.004333805998612661,slack_plugin,none,0.0
2-2-5,t3,mixture,0.2,1000,800002,0.004333805998612661,gm_battery,none,0.0
2-2-5,t3,mixture,0.2,1000,800002,0.004333805998612661,gtest,none,353.04406168022246
2-2-5,t3,mixture,0.2,1000,800003,0.00428450400067959,kl_plugin,none,1.1523514761161155e-16
2-2-5,t3,mixture,0.2,1000,800003,0.00428450400067959,kl_split,none,0.0822728519700444
2-2-5,t3,mixture,0.2,1000,800003,0.00428450400067959,kl_crossfit,none,0.08189067522213407
2-2-5,t3,mixture,0.2,1000,800003,0.00428450400067959,cf1_margin,none,0.0
2-2-5,t3,mixture,0.2,1000,800003,0.00428450400067959,slack_plugin,none,0.0
2-2-5,t3,mixture,0.2,1000,800003,0.00428450400067959,gm_battery,none,0.0
2-2-5,t3,mixture,0.2,1000,800003,0.00428450400067959,gtest,none,435.2691845440792
2-2-5,t3,mixture,0.2,1000,800004,0.004403931998240296,kl_plugin,none,0.0
2-2-5,t3,mixture,0.2,1000,800004,0.004403931998240296,kl_split,none,0.08079588406471531
2-2-5,t3,mixture,0.2,1000,800004,0.004403931998240296,kl_crossfit,none,0.08173597546345314
2-2-5,t3,mixture,0.2,1000,800004,0.004403931998240296,cf1_margin,none,1.1102230246251565e-16
2-2-5,t3,mixture,0.2,1000,800004,0.004403931998240296,slack_plugin,none,0.0
2-2-5,t3,mixture,0.2,1000,800004,0.004403931998240296,gm_battery,none,0.0
2-2-5,t3,mixture,0.2,1000,800004,0.004403931998240296,gtest,none,451.1339310650123
2-2-5,t3,mixture,0.2,1000,800005,0.004512489998887759,kl_plugin,none,6.671112020340507e-17
2-2-5,t3,mixture,0.2,1000,800005,0.004512489998887759,kl_split,none,0.08237008531599488
2-2-5,t3,mixture,0.2,1000,800005,0.004512489998887759,kl_crossfit,none,0.079320276807682
2-2-5,t3,mixture,0.2,1000,800005,0.004512489998887759,cf1_margin,none,0.0
2-2-5,t3,mixture,0.2,1000,800005,0.004512489998887759,slack_plugin,none,0.0
2-2-5,t3,mixture,0.2,1000,800005,0.004512489998887759,gm_battery,none,0.0
2-2-5,t3,mixture,0.2,1000,800005,0.004512489998887759,gtest,none,446.78056534252386
2-2-5,t3,mixture,0.2,1000,800006,0.00482023000222398,kl_plugin,none,5.1147429014191965e-16
2-2-5,t3,mixture,0.2,1000,800006,0.00482023000222398,kl_split,none,0.08653847991445263
2-2-5,t3,mixture,0.2,1000,800006,0.00482023000222398,kl_crossfit,none,0.0871928810034402
2-2-5,t3,mixture,0.2,1000,800006,0.00482023000222398,cf1_margin,none,2.220446049250313e-16
2-2-5,t3,mixture,0.2,1000,800006,0.00482023000222398,slack_plugin,none,0.0
2-2-5,t3,mixture,0.2,1000,800006,0.00482023000222398,gm_battery,none,0.0
2-2-5,t3,mixture,0.2,1000,800006,0.00482023000222398,gtest,none,465.76675878626804
2-2-5,t3,mixture,0.2,1000,800007,0.004504859003645834,kl_plugin,none,0.0
2-2-5,t3,mixture,0.2,1000,800007,0.004504859003645834,kl_split,none,0.2587895497681359
2-2-5,t3,mixture,0.2,1000,800007,0.004504859003645834,kl_crossfit,none,0.164900386408633
2-2-5,t3,mixture,0.2,1000,800007,0.004504859003645834,cf1_margin,none,0.0
2-2-5,t3,mixture,0.2,1000,800007,0.004504859003645834,slack_plugin,none,0.0
2-2-5,t3,mixture,0.2,1000,800007,0.004504859003645834,gm_battery,none,0.0
2-2-5,t3,mixture,0.2,1000,800007,0.004504859003645834,gtest,none,377.49304720948095
2-2-5,t3,mixture,0.2,1000,800008,0.004358910002338234,kl_plugin,none,1.4885041666890542e-17
2-2-5,t3,mixture,0.2,1000,800008,0.004358910002338234,kl_split,none,0.06295334164073343
2-2-5,t3,mixture,0.2,1000,800008,0.004358910002338234,kl_crossfit,none,0.0584751032401747
2-2-5,t3,mixture,0.2,1000,800008,0.004358910002338234,cf1_margin,none,1.1102230246251565e-16
2-2-5,t3,mixture,0.2,1000,800008,0.004358910002338234,slack_plugin,none,0.0
2-2-5,t3,mixture,0.2,1000,800008,0.004358910002338234,gm_battery,none,0.0
2-2-5,t3,mixture,0.2,1000,800008,0.004358910002338234,gtest,none,432.1658824018741
2-2-5,t3,mixture,0.2,1000,800009,0.0044511539963423274,kl_plugin,none,1.9014623931291717e-17
2-2-5,t3,mixture,0.2,1000,800009,0.0044511539963423274,kl_split,none,0.05054973958403791
2-2-5,t3,mixture,0.2,1000,800009,0.0044511539963423274,kl_crossfit,none,0.054625073033976415
2-2-5,t3,mixture,0.2,1000,800009,0.0044511539963423274,cf1_margin,none,0.0
2-2-5,t3,mixture,0.2,1000,800009,0.0044511539963423274,slack_plugin,none,0.0
2-2-5,t3,mixture,0.2,1000,800009,0.0044511539963423274,gm_battery,none,0.0
2-2-5,t3,mixture,0.2,1000,800009,0.0044511539963423274,gtest,none,417.7231219238946
2-2-5,t3,mixture,0.2,1000,800010,0.004487883998081088,kl_plugin,none,0.0
2-2-5,t3,mixture,0.2,1000,800010,0.004487883998081088,kl_split,none,0.2680587310029871
2-2-5,t3,mixture,0.2,1000,800010,0.004487883998081088,kl_crossfit,none,0.18065432455414515
2-2-5,t3,mixture,0.2,1000,800010,0.004487883998081088,cf1_margin,none,0.0
2-2-5,t3,mixture,0.2,1000,800010,0.004487883998081088,slack_plugin,none,0.0
2-2-5,t3,mixture,0.2,1000,800010,0.004487883998081088,gm_battery,none,0.0
2-2-5,t3,mixture,0.2,1000,800010,0.004487883998081088,gtest,none,444.9391703949842
2-2-5,t3,mixture,0.2,1000,800011,0.004364266998891253,kl_plugin,none,8.615330673593598e-17
2-2-5,t3,mixture,0.2,1000,800011,0.004364266998891253,kl_split,none,0.04868855264242823
2-2-5,t3,mixture,0.2,1000,800011,0.004364266998891253,kl_crossfit,none,0.34209496606601475
2-2-5,t3,mixture,0.2,1000,800011,0.004364266998891253,cf1_margin,none,0.0
2-2-5,t3,mixture,0.2,1000,800011,0.004364266998891253,slack_plugin,none,0.0
2-2-5,t3,mixture,0.2,1000,800011,0.004364266998891253,gm_battery,none,0.0
2-2-5,t3,mixture,0.2,1000,800011,0.004364266998891253,gtest,none,417.6743805447365
2-2-5,t3,mixture,0.2,1000,800012,0.004451777000213042,kl_plugin,none,1.6462626002075607e-16
2-2-5,t3,mixture,0.2,1000,800012,0.004451777000213042,kl_split,none,0.04975425138285298
2-2-5,t3,mixture,0.2,1000,800012,0.004451777000213042,kl_crossfit,none,0.05454516001736476
2-2-5,t3,mixture,0.2,1000,800012,0.004451777000213042,cf1_margin,none,0.0
2-2-5,t3,mixture,0.2,1000,800012,0.004451777000213042,slack_plugin,none,0.0
2-2-5,t3,mixture,0.2,1000,800012,0.004451777000213042,gm_battery,none,0.0
2-2-5,t3,mixture,0.2,1000,800012,0.004451777000213042,gtest,none,440.8102175793532
2-2-5,t3,mixture,0.2,1000,800013,0.004537781001999974,kl_plugin,none,9.134799811489988e-17
2-2-5,t3,mixture,0.2,1000,800013,0.004537781001999974,kl_split,none,0.046829962399208454
2-2-5,t3,mixture,0.2,1000,800013,0.004537781001999974,kl_crossfit,none,0.14698895505206072
2-2-5,t3,mixture,0.2,1000,800013,0.004537781001999974,cf1_margin,none,0.0
2-2-5,t3,mixture,0.2,1000,800013,0.004537781001999974,slack_plugin,none,0.0
2-2-5,t3,mixture,0.2,1000,800013,0.004537781001999974,gm_battery,none,0.0
2-2-5,t3,mixture,0.2,1000,800013,0.004537781001999974,gtest,none,461.30929484324986
2-2-5,t3,mixture,0.2,1000,800014,0.004654390002542641,kl_plugin,none,0.0
2-2-5,t3,mixture,0.2,1000,800014,0.004654390002542641,kl_split,none,0.06164266545723172
2-2-5,t3,mixture,0.2,1000,800014,0.004654390002542641,kl_crossfit,none,0.05870012976112517
2-2-5,t3,mixture,0.2,1000,800014,0.004654390002542641,cf1_margin,none,0.0
2-2-5,t3,mixture,0.2,1000,800014,0.004654390002542641,slack_plugin,none,0.0
2-2-5,t3,mixture,0.2,1000,800014,0.004654390002542641,gm_battery,none,0.0
2-2-5,t3,mixture,0.2,1000,800014,0.004654390002542641,gtest,none,432.0901057773725
2-2-5,t3,mixture,0.2,1000,800015,0.004401628997584339,kl_plugin,none,0.0
2-2-5,t3,mixture,0.2,1000,800015,0.004401628997584339,kl_split,none,0.05950385391258681
2-2-5,t3,mixture,0.2,1000,800015,0.004401628997584339,kl_crossfit,none,0.06321896242200306
2-2-5,t3,mixture,0.2,1000,800015,0.004401628997584339,cf1_margin,none,1.1102230246251565e-16
2-2-5,t3,mixture,0.2,1000,800015,0.004401628997584339,slack_plugin,none,0.0
2-2-5,t3,mixture,0.2,1000,800015,0.004401628997584339,gm_battery,none,0.0
2-2-5,t3,mixture,0.2,1000,800015,0.004401628997584339,gtest,none,457.85100992434815
2-2-5,t3,mixture,0.2,1000,800016,0.004398778997710906,kl_plugin,none,0.0
2-2-5,t3,mixture,0.2,1000,800016,0.004398778997710906,kl_split,none,0.056882744429718635
2-2-5,t3,mixture,0.2,1000,800016,0.004398778997710906,kl_crossfit,none,0.051763297645850595
2-2-5,t3,mixture,0.2,1000,800016,0.004398778997710906,cf1_margin,none,0.0
2-2-5,t3,mixture,0.2,1000,800016,0.004398778997710906,slack_plugin,none,0.0
2-2-5,t3,mixture,0.2,1000,800016,0.004398778997710906,gm_battery,none,0.0
2-2-5,t3,mixture,0.2,1000,800016,0.004398778997710906,gtest,none,412.7136348734304
2-2-5,t3,mixture,0.2,1000,800017,0.004375080003228504,kl_plugin,none,0.0
2-2-5,t3,mixture,0.2,1000,800017,0.004375080003228504,kl_split,none,0.052362185019854346
2-2-5,t3,mixture,0.2,1000,800017,0.004375080003228504,kl_crossfit,none,0.14830050256748034
2-2-5,t3,mixture,0.2,1000,800017,0.004375080003228504,cf1_margin,none,0.0
2-2-5,t3,mixture,0.2,1000,800017,0.004375080003228504,slack_plugin,none,0.0
2-2-5,t3,mixture,0.2,1000,800017,0.004375080003228504,gm_battery,none,0.0
2-2-5,t3,mixture,0.2,1000,800017,0.004375080003228504,gtest,none,469.60095616243507
2-2-5,t3,mixture,0.2,1000,800018,0.004372720999526791,kl_plugin,none,4.072978045995976e-17
2-2-5,t3,mixture,0.2,1000,800018,0.004372720999526791,kl_split,none,0.06338312519161639
2-2-5,t3,mixture,0.2,1000,800018,0.004372720999526791,kl_crossfit,none,0.06427153244008735
2-2-5,t3,mixture,0.2,1000,800018,0.004372720999526791,cf1_margin,none,1.1102230246251565e-16
2-2-5,t3,mixture,0.2,1000,800018,0.004372720999526791,slack_plugin,none,0.0
2-2-5,t3,mixture,0.2,1000,800018,0.004372720999526791,gm_battery,none,0.0
2-2-5,t3,mixture,0.2,1000,800018,0.004372720999526791,gtest,none,449.33692311559514
2-2-5,t3,mixture,0.2,1000,800019,0.004295585997169837,kl_plugin,none,0.0
2-2-5,t3,mixture,0.2,1000,800019,0.004295585997169837,kl_split,none,0.040059124935923326
2-2-5,t3,mixture,0.2,1000,800019,0.004295585997169837,kl_crossfit,none,0.13826570070748645
2-2-5,t3,mixture,0.2,1000,800019,0.004295585997169837,cf1_margin,none,0.0
2-2-5,t3,mixture,0.2,1000,800019,0.004295585997169837,slack_plugin,none,0.0
2-2-5,t3,mixture,0.2,1000,800019,0.004295585997169837,gm_battery,none,0.0
2-2-5,t3,mixture,0.2,1000,800019,0.004295585997169837,gtest,none,428.8037050467799
2-2-5,t3,mixture,0.2,1000,800020,0.004443408994120546,kl_plugin,none,0.0
2-2-5,t3,mixture,0.2,1000,800020,0.004443408994120546,kl_split,none,0.05155185670106315
2-2-5,t3,mixture,0.2,1000,800020,0.004443408994120546,kl_crossfit,none,0.05847378157317337
2-2-5,t3,mixture,0.2,1000,800020,0.004443408994120546,cf1_margin,none,0.0
2-2-5,t3,mixture,0.2,1000,800020,0.004443408994120546,slack_plugin,none,0.0
2-2-5,t3,mixture,0.2,1000,800020,0.004443408994120546,gm_battery,none,0.0
2-2-5,t3,mixture,0.2,1000,800020,0.004443408994120546,gtest,none,406.5422981843007
2-2-5,t3,mixture,0.2,1000,800021,0.00462442499701865,kl_plugin,none,0.0
2-2-5,t3,mixture,0.2,1000,800021,0.00462442499701865,kl_split,none,0.05688939040159145
2-2-5,t3,mixture,0.2,1000,800021,0.00462442499701865,kl_crossfit,none,0.05913011505526211
2-2-5,t3,mixture,0.2,1000,800021,0.00462442499701865,cf1_margin,none,0.0
2-2-5,t3,mixture,0.2,1000,800021,0.00462442499701865,slack_plugin,none,0.0
2-2-5,t3,mixture,0.2,1000,800021,0.00462442499701865,gm_battery,none,0.0
2-2-5,t3,mixture,0.2,1000,800021,0.00462442499701865,gtest,none,406.9618626103563
2-2-5,t3,mixture,0.2,1000,800022,0.004724278005596716,kl_plugin,none,0.0
2-2-5,t3,mixture,0.2,1000,800022,0.004724278005596716,kl_split,none,0.22789239647020895
2-2-5,t3,mixture,0.2,1000,800022,0.004724278005596716,kl_crossfit,none,0.23537478797873201
2-2-5,t3,mixture,0.2,1000,800022,0.004724278005596716,cf1_margin,none,2.220446049250313e-16
2-2-5,t3,mixture,0.2,1000,800022,0.004724278005596716,slack_plugin,none,0.0
2-2-5,t3,mixture,0.2,1000,800022,0.004724278005596716,gm_battery,none,0.0
2-2-5,t3,mixture,0.2,1000,800022,0.004724278005596716,gtest,none,425.4235718611963
2-2-5,t3,mixture,0.2,1000,800023,0.00447930700465804,kl_plugin,none,0.0
2-2-5,t3,mixture,0.2,1000,800023,0.00447930700465804,kl_split,none,0.04397302965453868
2-2-5,t3,mixture,0.2,1000,800023,0.00447930700465804,kl_crossfit,none,0.045443620861033554
2-2-5,t3,mixture,0.2,1000,800023,0.00447930700465804,cf1_margin,none,1.1102230246251565e-16
2-2-5,t3,mixture,0.2,1000,800023,0.00447930700465804,slack_plugin,none,0.0
2-2-5,t3,mixture,0.2,1000,800023,0.00447930700465804,gm_battery,none,0.0
2-2-5,t3,mixture,0.2,1000,800023,0.00447930700465804,gtest,none,469.3778909059004
2-2-5,t3,mixture,0.2,1000,800024,0.004541210000752471,kl_plugin,none,9.120283936625505e-17
2-2-5,t3,mixture,0.2,1000,800024,0.004541210000752471,kl_split,none,0.627571051241392
2-2-5,t3,mixture,0.2,1000,800024,0.004541210000752471,kl_crossfit,none,0.34159388522405665
2-2-5,t3,mixture,0.2,1000,800024,0.004541210000752471,cf1_margin,none,0.0
2-2-5,t3,mixture,0.2,1000,800024,0.004541210000752471,slack_plugin,none,0.0
2-2-5,t3,mixture,0.2,1000,800024,0.004541210000752471,gm_battery,none,0.0
2-2-5,t3,mixture,0.2,1000,800024,0.004541210000752471,gtest,none,476.2032270898315
2-2-5,t3,mixture,0.2,1000,800025,0.004616370999428909,kl_plugin,none,1.3267376317958272e-16
2-2-5,t3,mixture,0.2,1000,800025,0.004616370999428909,kl_split,none,0.040903707551855115
2-2-5,t3,mixture,0.2,1000,800025,0.004616370999428909,kl_crossfit,none,0.04089290807346289
2-2-5,t3,mixture,0.2,1000,800025,0.004616370999428909,cf1_margin,none,0.0
2-2-5,t3,mixture,0.2,1000,800025,0.004616370999428909,slack_plugin,none,0.0
2-2-5,t3,mixture,0.2,1000,800025,0.004616370999428909,gm_battery,none,0.0
2-2-5,t3,mixture,0.2,1000,800025,0.004616370999428909,gtest,none,377.1613938890023
2-2-5,t3,mixture,0.2,1000,800026,0.004845306000788696,kl_plugin,none,1.012026951178681e-16
2-2-5,t3,mixture,0.2,1000,800026,0.004845306000788696,kl_split,none,0.25372120345366567
2-2-5,t3,mixture,0.2,1000,800026,0.004845306000788696,kl_crossfit,none,0.1538140326799139
2-2-5,t3,mixture,0.2,1000,800026,0.004845306000788696,cf1_margin,none,1.1102230246251565e-16
2-2-5,t3,mixture,0.2,1000,800026,0.004845306000788696,slack_plugin,none,0.0
2-2-5,t3,mixture,0.2,1000,800026,0.004845306000788696,gm_battery,none,0.0
2-2-5,t3,mixture,0.2,1000,800026,0.004845306000788696,gtest,none,386.5554834476505
2-2-5,t3,mixture,0.2,1000,800027,0.004547702003037557,kl_plugin,none,9.16604940942878e-17
2-2-5,t3,mixture,0.2,1000,800027,0.004547702003037557,kl_split,none,0.05276367175219966
2-2-5,t3,mixture,0.2,1000,800027,0.004547702003037557,kl_crossfit,none,0.15560149220164599
2-2-5,t3,mixture,0.2,1000,800027,0.004547702003037557,cf1_margin,none,0.0
2-2-5,t3,mixture,0.2,1000,800027,0.004547702003037557,slack_plugin,none,0.0
2-2-5,t3,mixture,0.2,1000,800027,0.004547702003037557,gm_battery,none,0.0
2-2-5,t3,mixture,0.2,1000,800027,0.004547702003037557,gtest,none,432.49285922063973
2-2-5,t3,mixture,0.2,1000,800028,0.00438260700320825,kl_plugin,none,0.0
2-2-5,t3,mixture,0.2,1000,800028,0.00438260700320825,kl_split,none,0.06279897640759721
2-2-5,t3,mixture,0.2,1000,800028,0.00438260700320825,kl_crossfit,none,0.15213249794966927
2-2-5,t3,mixture,0.2,1000,800028,0.00438260700320825,cf1_margin,none,0.0
2-2-5,t3,mixture,0.2,1000,800028,0.00438260700320825,slack_plugin,none,0.0
2-2-5,t3,mixture,0.2,1000,800028,0.00438260700320825,gm_battery,none,0.0
2-2-5,t3,mixture,0.2,1000,800028,0.00438260700320825,gtest,none,410.51752699891415
2-2-5,t3,mixture,0.2,1000,800029,0.004645314002118539,kl_plugin,none,0.0
2-2-5,t3,mixture,0.2,1000,800029,0.004645314002118539,kl_split,none,0.43949793267205656
2-2-5,t3,mixture,0.2,1000,800029,0.004645314002118539,kl_crossfit,none,0.24612663719563846
2-2-5,t3,mixture,0.2,1000,800029,0.004645314002118539,cf1_margin,none,0.0
2-2-5,t3,mixture,0.2,1000,800029,0.004645314002118539,slack_plugin,none,0.0
2-2-5,t3,mixture,0.2,1000,800029,0.004645314002118539,gm_battery,none,0.0
2-2-5,t3,mixture,0.2,1000,800029,0.004645314002118539,gtest,none,432.0935730150465
2-2-5,t3,mixture,0.2,1000,800030,0.004504614997131284,kl_plugin,none,0.0
2-2-5,t3,mixture,0.2,1000,800030,0.004504614997131284,kl_split,none,0.04534575274311394
2-2-5,t3,mixture,0.2,1000,800030,0.004504614997131284,kl_crossfit,none,0.04594272690972863
2-2-5,t3,mixture,0.2,1000,800030,0.004504614997131284,cf1_margin,none,1.1102230246251565e-16
2-2-5,t3,mixture,0.2,1000,800030,0.004504614997131284,slack_plugin,none,0.0
2-2-5,t3,mixture,0.2,1000,800030,0.004504614997131284,gm_battery,none,0.0
2-2-5,t3,mixture,0.2,1000,800030,0.004504614997131284,gtest,none,383.9657260466818
2-2-5,t3,mixture,0.2,1000,800031,0.004489626000577118,kl_plugin,none,0.0
2-2-5,t3,mixture,0.2,1000,800031,0.004489626000577118,kl_split,none,0.04945374184036122
2-2-5,t3,mixture,0.2,1000,800031,0.004489626000577118,kl_crossfit,none,0.05184143791733493
2-2-5,t3,mixture,0.2,1000,800031,0.004489626000577118,cf1_margin,none,0.0
2-2-5,t3,mixture,0.2,1000,800031,0.004489626000577118,slack_plugin,none,0.0
2-2-5,t3,mixture,0.2,1000,800031,0.004489626000577118,gm_battery,none,0.0
2-2-5,t3,mixture,0.2,1000,800031,0.004489626000577118,gtest,none,424.9112495226559
2-2-5,t3,mixture,0.2,1000,800032,0.0044930090007255785,kl_plugin,none,7.292035212231307e-17
2-2-5,t3,mixture,0.2,1000,800032,0.0044930090007255785,kl_split,none,0.05099149746523662
2-2-5,t3,mixture,0.2,1000,800032,0.0044930090007255785,kl_crossfit,none,0.3418260924669118
2-2-5,t3,mixture,0.2,1000,800032,0.0044930090007255785,cf1_margin,none,0.0
2-2-5,t3,mixture,0.2,1000,800032,0.0044930090007255785,slack_plugin,none,0.0
2-2-5,t3,mixture,0.2,1000,800032,0.0044930090007255785,gm_battery,none,0.0
2-2-5,t3,mixture,0.2,1000,800032,0.0044930090007255785,gtest,none,424.91250468159956
2-2-5,t3,mixture,0.2,1000,800033,0.004763072996865958,kl_plugin,none,0.0
2-2-5,t3,mixture,0.2,1000,800033,0.004763072996865958,kl_split,none,0.04314757108379244
2-2-5,t3,mixture,0.2,1000,800033,0.004763072996865958,kl_crossfit,none,0.13934169054773043
2-2-5,t3,mixture,0.2,1000,800033,0.004763072996865958,cf1_margin,none,0.0
2-2-5,t3,mixture,0.2,1000,800033,0.004763072996865958,slack_plugin,none,0.0
2-2-5,t3,mixture,0.2,1000,800033,0.004763072996865958,gm_battery,none,0.0
2-2-5,t3,mixture,0.2,1000,800033,0.004763072996865958,gtest,none,393.19305786586347
2-2-5,t3,mixture,0.2,1000,800034,0.0044061110020265914,kl_plugin,none,8.108676018181478e-17
2-2-5,t3,mixture,0.2,1000,800034,0.0044061110020265914,kl_split,none,0.04569141781741158
2-2-5,t3,mixture,0.2,1000,800034,0.0044061110020265914,kl_crossfit,none,0.14026824829768705
2-2-5,t3,mixture,0.2,1000,800034,0.0044061110020265914,cf1_margin,none,0.0
2-2-5,t3,mixture,0.2,1000,800034,0.0044061110020265914,slack_plugin,none,0.0
2-2-5,t3,mixture,0.2,1000,800034,0.0044061110020265914,gm_battery,none,0.0
2-2-5,t3,mixture,0.2,1000,800034,0.0044061110020265914,gtest,none,455.8039520213878
2-2-5,t3,mixture,0.2,1000,800035,0.006201135001902003,kl_plugin,none,0.0
2-2-5,t3,mixture,0.2,1000,800035,0.006201135001902003,kl_split,none,0.051535887479314486
2-2-5,t3,mixture,0.2,1000,800035,0.006201135001902003,kl_crossfit,none,0.05504180556871289
2-2-5,t3,mixture,0.2,1000,800035,0.006201135001902003,cf1_margin,none,0.0
2-2-5,t3,mixture,0.2,1000,800035,0.006201135001902003,slack_plugin,none,0.0
2-2-5,t3,mixture,0.2,1000,800035,0.006201135001902003,gm_battery,none,0.0
2-2-5,t3,mixture,0.2,1000,800035,0.006201135001902003,gtest,none,407.47483365997937
2-2-5,t3,mixture,0.2,1000,800036,0.0064101859970833175,kl_plugin,none,1.2019599629759789e-16
2-2-5,t3,mixture,0.2,1000,800036,0.0064101859970833175,kl_split,none,0.06834039573734291
2-2-5,t3,mixture,0.2,1000,800036,0.0064101859970833175,kl_crossfit,none,0.07081604624980725
2-2-5,t3,mixture,0.2,1000,800036,0.0064101859970833175,cf1_margin,none,0.0
2-2-5,t3,mixture,0.2,1000,800036,0.0064101859970833175,slack_plugin,none,0.0
2-2-5,t3,mixture,0.2,1000,800036,0.0064101859970833175,gm_battery,none,0.0
2-2-5,t3,mixture,0.2,1000,800036,0.0064101859970833175,gtest,none,454.0131129577278
2-2-5,t3,mixture,0.2,1000,800037,0.00479570100287674,kl_plugin,none,0.0
2-2-5,t3,mixture,0.2,1000,800037,0.00479570100287674,kl_split,none,0.05746179450461973
2-2-5,t3,mixture,0.2,1000,800037,0.00479570100287674,kl_crossfit,none,0.06153291370560327
2-2-5,t3,mixture,0.2,1000,800037,0.00479570100287674,cf1_margin,none,2.220446049250313e-16
2-2-5,t3,mixture,0.2,1000,800037,0.00479570100287674,slack_plugin,none,0.0
2-2-5,t3,mixture,0.2,1000,800037,0.00479570100287674,gm_battery,none,0.0
2-2-5,t3,mixture,0.2,1000,800037,0.00479570100287674,gtest,none,409.55691088632375
2-2-5,t3,mixture,0.2,1000,800038,0.004376084994873963,kl_plugin,none,4.360973386929094e-19
2-2-5,t3,mixture,0.2,1000,800038,0.004376084994873963,kl_split,none,0.06446648456710004
2-2-5,t3,mixture,0.2,1000,800038,0.004376084994873963,kl_crossfit,none,0.06030327672657827
2-2-5,t3,mixture,0.2,1000,800038,0.004376084994873963,cf1_margin,none,0.0
2-2-5,t3,mixture,0.2,1000,800038,0.004376084994873963,slack_plugin,none,0.0
2-2-5,t3,mixture,0.2,1000,800038,0.004376084994873963,gm_battery,none,0.0
2-2-5,t3,mixture,0.2,1000,800038,0.004376084994873963,gtest,none,472.77413659318046
2-2-5,t3,mixture,0.2,1000,800039,0.0047734920008224435,kl_plugin,none,0.0
2-2-5,t3,mixture,0.2,1000,800039,0.0047734920008224435,kl_split,none,0.09075408287573807
2-2-5,t3,mixture,0.2,1000,800039,0.0047734920008224435,kl_crossfit,none,0.09239369833689688
2-2-5,t3,mixture,0.2,1000,800039,0.0047734920008224435,cf1_margin,none,0.0
2-2-5,t3,mixture,0.2,1000,800039,0.0047734920008224435,slack_plugin,none,0.0
2-2-5,t3,mixture,0.2,1000,800039,0.0047734920008224435,gm_battery,none,0.0
2-2-5,t3,mixture,0.2,1000,800039,0.0047734920008224435,gtest,none,498.8520921625427
2-2-5,t3,mixture,0.2,1000,800040,0.004666335000365507,kl_plugin,none,1.4768397517644545e-16
2-2-5,t3,mixture,0.2,1000,800040,0.004666335000365507,kl_split,none,0.05740087200740621
2-2-5,t3,mixture,0.2,1000,800040,0.004666335000365507,kl_crossfit,none,0.4474579202437544
2-2-5,t3,mixture,0.2,1000,800040,0.004666335000365507,cf1_margin,none,0.0
2-2-5,t3,mixture,0.2,1000,800040,0.004666335000365507,slack_plugin,none,0.0
2-2-5,t3,mixture,0.2,1000,800040,0.004666335000365507,gm_battery,none,0.0
2-2-5,t3,mixture,0.2,1000,800040,0.004666335000365507,gtest,none,507.30457680681997
2-2-5,t3,mixture,0.2,1000,800041,0.004489291997742839,kl_plugin,none,2.4891638080971994e-17
2-2-5,t3,mixture,0.2,1000,800041,0.004489291997742839,kl_split,none,0.04182738143714266
2-2-5,t3,mixture,0.2,1000,800041,0.004489291997742839,kl_crossfit,none,0.13788947228573986
2-2-5,t3,mixture,0.2,1000,800041,0.004489291997742839,cf1_margin,none,0.0
2-2-5,t3,mixture,0.2,1000,800041,0.004489291997742839,slack_plugin,none,0.0
2-2-5,t3,mixture,0.2,1000,800041,0.004489291997742839,gm_battery,none,0.0
2-2-5,t3,mixture,0.2,1000,800041,0.004489291997742839,gtest,none,419.51926086315365
2-2-5,t3,mixture,0.2,1000,800042,0.004715328999736812,kl_plugin,none,0.0
2-2-5,t3,mixture,0.2,1000,800042,0.004715328999736812,kl_split,none,0.05695228222971965
2-2-5,t3,mixture,0.2,1000,800042,0.004715328999736812,kl_crossfit,none,0.060730646431539886
2-2-5,t3,mixture,0.2,1000,800042,0.004715328999736812,cf1_margin,none,0.0
2-2-5,t3,mixture,0.2,1000,800042,0.004715328999736812,slack_plugin,none,0.0
2-2-5,t3,mixture,0.2,1000,800042,0.004715328999736812,gm_battery,none,0.0
2-2-5,t3,mixture,0.2,1000,800042,0.004715328999736812,gtest,none,409.90106877946005
2-2-5,t3,mixture,0.2,1000,800043,0.004589225995005108,kl_plugin,none,0.0
2-2-5,t3,mixture,0.2,1000,800043,0.004589225995005108,kl_split,none,0.0789087965349079
2-2-5,t3,mixture,0.2,1000,800043,0.004589225995005108,kl_crossfit,none,0.07804335295698256
2-2-5,t3,mixture,0.2,1000,800043,0.004589225995005108,cf1_margin,none,0.0
2-2-5,t3,mixture,0.2,1000,800043,0.004589225995005108,slack_plugin,none,0.0
2-2-5,t3,mixture,0.2,1000,800043,0.004589225995005108,gm_battery,none,0.0
2-2-5,t3,mixture,0.2,1000,800043,0.004589225995005108,gtest,none,427.3113304863523
2-2-5,t3,mixture,0.2,1000,800044,0.004388904002553318,kl_plugin,none,0.0
2-2-5,t3,mixture,0.2,1000,800044,0.004388904002553318,kl_split,none,0.08176938030522052
2-2-5,t3,mixture,0.2,1000,800044,0.004388904002553318,kl_crossfit,none,0.0842862158867602
2-2-5,t3,mixture,0.2,1000,800044,0.004388904002553318,cf1_margin,none,1.1102230246251565e-16
2-2-5,t3,mixture,0.2,1000,800044,0.004388904002553318,slack_plugin,none,0.0
2-2-5,t3,mixture,0.2,1000,800044,0.004388904002553318,gm_battery,none,0.0
2-2-5,t3,mixture,0.2,1000,800044,0.004388904002553318,gtest,none,467.1576911730084
2-2-5,t3,mixture,0.2,1000,800045,0.004751702996145468,kl_plugin,none,3.3219676606804346e-16
2-2-5,t3,mixture,0.2,1000,800045,0.004751702996145468,kl_split,none,0.2657690850241319
2-2-5,t3,mixture,0.2,1000,800045,0.004751702996145468,kl_crossfit,none,0.26228667466145084
2-2-5,t3,mixture,0.2,1000,800045,0.004751702996145468,cf1_margin,none,0.0
2-2-5,t3,mixture,0.2,1000,800045,0.004751702996145468,slack_plugin,none,0.0
2-2-5,t3,mixture,0.2,1000,800045,0.004751702996145468,gm_battery,none,0.0
2-2-5,t3,mixture,0.2,1000,800045,0.004751702996145468,gtest,none,433.40138433905645
2-2-5,t3,mixture,0.2,1000,800046,0.0056190629984484985,kl_plugin,none,0.0
2-2-5,t3,mixture,0.2,1000,800046,0.0056190629984484985,kl_split,none,0.2758720345446295
2-2-5,t3,mixture,0.2,1000,800046,0.0056190629984484985,kl_crossfit,none,0.3675576951592735
2-2-5,t3,mixture,0.2,1000,800046,0.0056190629984484985,cf1_margin,none,0.0
2-2-5,t3,mixture,0.2,1000,800046,0.0056190629984484985,slack_plugin,none,0.0
2-2-5,t3,mixture,0.2,1000,800046,0.0056190629984484985,gm_battery,none,0.0
2-2-5,t3,mixture,0.2,1000,800046,0.0056190629984484985,gtest,none,431.27375461377164
2-2-5,t3,mixture,0.2,1000,800047,0.005707657001039479,kl_plugin,none,6.772531072861804e-17
2-2-5,t3,mixture,0.2,1000,800047,0.005707657001039479,kl_split,none,0.2414385049950409
2-2-5,t3,mixture,0.2,1000,800047,0.005707657001039479,kl_crossfit,none,0.45451718495492366
2-2-5,t3,mixture,0.2,1000,800047,0.005707657001039479,cf1_margin,none,0.0
2-2-5,t3,mixture,0.2,1000,800047,0.005707657001039479,slack_plugin,none,0.0
2-2-5,t3,mixture,0.2,1000,800047,0.005707657001039479,gm_battery,none,0.0
2-2-5,t3,mixture,0.2,1000,800047,0.005707657001039479,gtest,none,453.33387240846787
2-2-5,t3,mixture,0.2,1000,800048,0.0063904729977366515,kl_plugin,none,0.0
2-2-5,t3,mixture,0.2,1000,800048,0.0063904729977366515,kl_split,none,0.25255201987640835
2-2-5,t3,mixture,0.2,1000,800048,0.0063904729977366515,kl_crossfit,none,0.16208007427845883
2-2-5,t3,mixture,0.2,1000,800048,0.0063904729977366515,cf1_margin,none,1.1102230246251565e-16
2-2-5,t3,mixture,0.2,1000,800048,0.0063904729977366515,slack_plugin,none,0.0
2-2-5,t3,mixture,0.2,1000,800048,0.0063904729977366515,gm_battery,none,0.0
2-2-5,t3,mixture,0.2,1000,800048,0.0063904729977366515,gtest,none,377.7301660459454
2-2-5,t3,mixture,0.2,1000,800049,0.00439612000627676,kl_plugin,none,7.572973852200302e-17
2-2-5,t3,mixture,0.2,1000,800049,0.00439612000627676,kl_split,none,0.44899091718725487
2-2-5,t3,mixture,0.2,1000,800049,0.00439612000627676,kl_crossfit,none,0.2593521019514262
2-2-5,t3,mixture,0.2,1000,800049,0.00439612000627676,cf1_margin,none,0.0
2-2-5,t3,mixture,0.2,1000,800049,0.00439612000627676,slack_plugin,none,0.0
2-2-5,t3,mixture,0.2,1000,800049,0.00439612000627676,gm_battery,none,0.0
2-2-5,t3,mixture,0.2,1000,800049,0.00439612000627676,gtest,none,449.7132106036552
2-2-5,t3,mixture,0.2,1000,800050,0.005150812001375016,kl_plugin,none,0.0
2-2-5,t3,mixture,0.2,1000,800050,0.005150812001375016,kl_split,none,0.06053695275202666
2-2-5,t3,mixture,0.2,1000,800050,0.005150812001375016,kl_crossfit,none,0.34691615605492504
2-2-5,t3,mixture,0.2,1000,800050,0.005150812001375016,cf1_margin,none,0.0
2-2-5,t3,mixture,0.2,1000,800050,0.005150812001375016,slack_plugin,none,0.0
2-2-5,t3,mixture,0.2,1000,800050,0.005150812001375016,gm_battery,none,0.0
2-2-5,t3,mixture,0.2,1000,800050,0.005150812001375016,gtest,none,393.8796912017891
2-2-5,t3,mixture,0.2,1000,800051,0.005301577002683189,kl_plugin,none,0.0
2-2-5,t3,mixture,0.2,1000,800051,0.005301577002683189,kl_split,none,0.048918228412588374
2-2-5,t3,mixture,0.2,1000,800051,0.005301577002683189,kl_crossfit,none,0.050422267520919196
2-2-5,t3,mixture,0.2,1000,800051,0.005301577002683189,cf1_margin,none,0.0
2-2-5,t3,mixture,0.2,1000,800051,0.005301577002683189,slack_plugin,none,0.0
2-2-5,t3,mixture,0.2,1000,800051,0.005301577002683189,gm_battery,none,0.0
2-2-5,t3,mixture,0.2,1000,800051,0.005301577002683189,gtest,none,414.08177068010525
2-2-5,t3,mixture,0.2,1000,800052,0.004885456997726578,kl_plugin,none,7.777890076538801e-17
2-2-5,t3,mixture,0.2,1000,800052,0.004885456997726578,kl_split,none,0.2396048022617617
2-2-5,t3,mixture,0.2,1000,800052,0.004885456997726578,kl_crossfit,none,0.14508036127453067
2-2-5,t3,mixture,0.2,1000,800052,0.004885456997726578,cf1_margin,none,0.0
2-2-5,t3,mixture,0.2,1000,800052,0.004885456997726578,slack_plugin,none,0.0
2-2-5,t3,mixture,0.2,1000,800052,0.004885456997726578,gm_battery,none,0.0
2-2-5,t3,mixture,0.2,1000,800052,0.004885456997726578,gtest,none,464.48222888738115
2-2-5,t3,mixture,0.2,1000,800053,0.005148048003320582,kl_plugin,none,1.6044059329614544e-16
2-2-5,t3,mixture,0.2,1000,800053,0.005148048003320582,kl_split,none,0.05805623949059853
2-2-5,t3,mixture,0.2,1000,800053,0.005148048003320582,kl_crossfit,none,0.15299356685067678
2-2-5,t3,mixture,0.2,1000,800053,0.005148048003320582,cf1_margin,none,0.0
2-2-5,t3,mixture,0.2,1000,800053,0.005148048003320582,slack_plugin,none,0.0
2-2-5,t3,mixture,0.2,1000,800053,0.005148048003320582,gm_battery,none,0.0
2-2-5,t3,mixture,0.2,1000,800053,0.005148048003320582,gtest,none,422.7805379345688
2-2-5,t3,mixture,0.2,1000,800054,0.005749397998442873,kl_plugin,none,4.802522624465703e-17
2-2-5,t3,mixture,0.2,1000,800054,0.005749397998442873,kl_split,none,0.042935280358982954
2-2-5,t3,mixture,0.2,1000,800054,0.005749397998442873,kl_crossfit,none,0.046404915808956615
2-2-5,t3,mixture,0.2,1000,800054,0.005749397998442873,cf1_margin,none,0.0
2-2-5,t3,mixture,0.2,1000,800054,0.005749397998442873,slack_plugin,none,0.0
2-2-5,t3,mixture,0.2,1000,800054,0.005749397998442873,gm_battery,none,0.0
2-2-5,t3,mixture,0.2,1000,800054,0.005749397998442873,gtest,none,469.32449978721695
2-2-5,t3,mixture,0.2,1000,800055,0.00582853800005978,kl_plugin,none,3.310417309817189e-16
2-2-5,t3,mixture,0.2,1000,800055,0.00582853800005978,kl_split,none,0.04531114841918937
2-2-5,t3,mixture,0.2,1000,800055,0.00582853800005978,kl_crossfit,none,0.052486328571880375
2-2-5,t3,mixture,0.2,1000,800055,0.00582853800005978,cf1_margin,none,2.220446049250313e-16
2-2-5,t3,mixture,0.2,1000,800055,0.00582853800005978,slack_plugin,none,0.0
2-2-5,t3,mixture,0.2,1000,800055,0.00582853800005978,gm_battery,none,0.0
2-2-5,t3,mixture,0.2,1000,800055,0.00582853800005978,gtest,none,436.6686530613806
2-2-5,t3,mixture,0.2,1000,800056,0.004765666999446694,kl_plugin,none,4.965257415697024e-18
2-2-5,t3,mixture,0.2,1000,800056,0.004765666999446694,kl_split,none,0.048098888242335096
2-2-5,t3,mixture,0.2,1000,800056,0.004765666999446694,kl_crossfit,none,0.14389714840961113
2-2-5,t3,mixture,0.2,1000,800056,0.004765666999446694,cf1_margin,none,0.0
2-2-5,t3,mixture,0.2,1000,800056,0.004765666999446694,slack_plugin,none,0.0
2-2-5,t3,mixture,0.2,1000,800056,0.004765666999446694,gm_battery,none,0.0
2-2-5,t3,mixture,0.2,1000,800056,0.004765666999446694,gtest,none,484.47311899927723
2-2-5,t3,mixture,0.2,1000,800057,0.005469075993460137,kl_plugin,none,7.947064358990282e-17
2-2-5,t3,mixture,0.2,1000,800057,0.005469075993460137,kl_split,none,0.06267233246654955
2-2-5,t3,mixture,0.2,1000,800057,0.005469075993460137,kl_crossfit,none,0.05912711153204349
2-2-5,t3,mixture,0.2,1000,800057,0.005469075993460137,cf1_margin,none,1.1102230246251565e-16
2-2-5,t3,mixture,0.2,1000,800057,0.005469075993460137,slack_plugin,none,0.0
2-2-5,t3,mixture,0.2,1000,800057,0.005469075993460137,gm_battery,none,0.0
2-2-5,t3,mixture,0.2,1000,800057,0.005469075993460137,gtest,none,509.9681616747558
2-2-5,t3,mixture,0.2,1000,800058,0.005372742998588365,kl_plugin,none,4.89992507940981e-17
2-2-5,t3,mixture,0.2,1000,800058,0.005372742998588365,kl_split,none,0.0739250952858263
2-2-5,t3,mixture,0.2,1000,800058,0.005372742998588365,kl_crossfit,none,0.07395360882871568
2-2-5,t3,mixture,0.2,1000,800058,0.005372742998588365,cf1_margin,none,1.1102230246251565e-16
2-2-5,t3,mixture,0.2,1000,800058,0.005372742998588365,slack_plugin,none,0.0
2-2-5,t3,mixture,0.2,1000,800058,0.005372742998588365,gm_battery,none,0.0
2-2-5,t3,mixture,0.2,1000,800058,0.005372742998588365,gtest,none,371.8737081589292
2-2-5,t3,mixture,0.2,1000,800059,0.006027549999998882,kl_plugin,none,5.00795439089383e-16
2-2-5,t3,mixture,0.2,1000,800059,0.006027549999998882,kl_split,none,0.0957594572222172
2-2-5,t3,mixture,0.2,1000,800059,0.006027549999998882,kl_crossfit,none,0.09919675668865231
2-2-5,t3,mixture,0.2,1000,800059,0.006027549999998882,cf1_margin,none,0.0
2-2-5,t3,mixture,0.2,1000,800059,0.006027549999998882,slack_plugin,none,0.0
2-2-5,t3,mixture,0.2,1000,800059,0.006027549999998882,gm_battery,none,0.0
2-2-5,t3,mixture,0.2,1000,800059,0.006027549999998882,gtest,none,454.2993779912493
2-2-5,t3,mixture,0.2,1000,800060,0.005980328998703044,kl_plugin,none,0.0
2-2-5,t3,mixture,0.2,1000,800060,0.005980328998703044,kl_split,none,0.27277126470608437
2-2-5,t3,mixture,0.2,1000,800060,0.005980328998703044,kl_crossfit,none,0.17361199524785342
2-2-5,t3,mixture,0.2,1000,800060,0.005980328998703044,cf1_margin,none,0.0
2-2-5,t3,mixture,0.2,1000,800060,0.005980328998703044,slack_plugin,none,0.0
2-2-5,t3,mixture,0.2,1000,800060,0.005980328998703044,gm_battery,none,0.0
2-2-5,t3,mixture,0.2,1000,800060,0.005980328998703044,gtest,none,465.2773391533833
2-2-5,t3,mixture,0.2,1000,800061,0.0046344340007635765,kl_plugin,none,0.0
2-2-5,t3,mixture,0.2,1000,800061,0.0046344340007635765,kl_split,none,0.4348880533949562
2-2-5,t3,mixture,0.2,1000,800061,0.0046344340007635765,kl_crossfit,none,0.25016480730083923
2-2-5,t3,mixture,0.2,1000,800061,0.0046344340007635765,cf1_margin,none,0.0
2-2-5,t3,mixture,0.2,1000,800061,0.0046344340007635765,slack_plugin,none,0.0
2-2-5,t3,mixture,0.2,1000,800061,0.0046344340007635765,gm_battery,none,0.0
2-2-5,t3,mixture,0.2,1000,800061,0.0046344340007635765,gtest,none,475.1914156304716
2-2-5,t3,mixture,0.2,1000,800062,0.009266230998036917,kl_plugin,none,0.0
2-2-5,t3,mixture,0.2,1000,800062,0.009266230998036917,kl_split,none,0.057054850435328736
2-2-5,t3,mixture,0.2,1000,800062,0.009266230998036917,kl_crossfit,none,0.059730829210071605
2-2-5,t3,mixture,0.2,1000,800062,0.009266230998036917,cf1_margin,none,0.0
2-2-5,t3,mixture,0.2,1000,800062,0.009266230998036917,slack_plugin,none,0.0
2-2-5,t3,mixture,0.2,1000,800062,0.009266230998036917,gm_battery,none,0.0
2-2-5,t3,mixture,0.2,1000,800062,0.009266230998036917,gtest,none,412.13297288257365
2-2-5,t3,mixture,0.2,1000,800063,0.005709584002033807,kl_plugin,none,0.0
2-2-5,t3,mixture,0.2,1000,800063,0.005709584002033807,kl_split,none,0.07944079246191585
2-2-5,t3,mixture,0.2,1000,800063,0.005709584002033807,kl_crossfit,none,0.07916074639513977
2-2-5,t3,mixture,0.2,1000,800063,0.005709584002033807,cf1_margin,none,0.0
2-2-5,t3,mixture,0.2,1000,800063,0.005709584002033807,slack_plugin,none,0.0
2-2-5,t3,mixture,0.2,1000,800063,0.005709584002033807,gm_battery,none,0.0
2-2-5,t3,mixture,0.2,1000,800063,0.005709584002033807,gtest,none,466.2854047283061
2-2-5,t3,mixture,0.2,1000,800064,0.004597895000188146,kl_plugin,none,0.0
2-2-5,t3,mixture,0.2,1000,800064,0.004597895000188146,kl_split,none,0.06464131244537731
2-2-5,t3,mixture,0.2,1000,800064,0.004597895000188146,kl_crossfit,none,0.06169103118283568
2-2-5,t3,mixture,0.2,1000,800064,0.004597895000188146,cf1_margin,none,0.0
2-2-5,t3,mixture,0.2,1000,800064,0.004597895000188146,slack_plugin,none,0.0
2-2-5,t3,mixture,0.2,1000,800064,0.004597895000188146,gm_battery,none,0.0
2-2-5,t3,mixture,0.2,1000,800064,0.004597895000188146,gtest,none,427.86372067311333
2-2-5,t3,mixture,0.2,1000,800065,0.0057549639968783595,kl_plugin,none,0.0
2-2-5,t3,mixture,0.2,1000,800065,0.0057549639968783595,kl_split,none,0.04293618335291514
2-2-5,t3,mixture,0.2,1000,800065,0.0057549639968783595,kl_crossfit,none,0.13629480390870852
2-2-5,t3,mixture,0.2,1000,800065,0.0057549639968783595,cf1_margin,none,2.220446049250313e-16
2-2-5,t3,mixture,0.2,1000,800065,0.0057549639968783595,slack_plugin,none,0.0
2-2-5,t3,mixture,0.2,1000,800065,0.0057549639968783595,gm_battery,none,0.0
2-2-5,t3,mixture,0.2,1000,800065,0.0057549639968783595,gtest,none,363.9464468911278
2-2-5,t3,mixture,0.2,1000,800066,0.0047569050002493896,kl_plugin,none,4.446470952365253e-17
2-2-5,t3,mixture,0.2,1000,800066,0.0047569050002493896,kl_split,none,0.07427309138796417
2-2-5,t3,mixture,0.2,1000,800066,0.0047569050002493896,kl_crossfit,none,0.1673030430638663
2-2-5,t3,mixture,0.2,1000,800066,0.0047569050002493896,cf1_margin,none,1.1102230246251565e-16
2-2-5,t3,mixture,0.2,1000,800066,0.0047569050002493896,slack_plugin,none,0.0
2-2-5,t3,mixture,0.2,1000,800066,0.0047569050002493896,gm_battery,none,0.0
2-2-5,t3,mixture,0.2,1000,800066,0.0047569050002493896,gtest,none,446.58401764745213
2-2-5,t3,mixture,0.2,1000,800067,0.0048348810014431365,kl_plugin,none,2.1801479598103974e-17
2-2-5,t3,mixture,0.2,1000,800067,0.0048348810014431365,kl_split,none,0.42473880311092
2-2-5,t3,mixture,0.2,1000,800067,0.0048348810014431365,kl_crossfit,none,0.43686033833370586
2-2-5,t3,mixture,0.2,1000,800067,0.0048348810014431365,cf1_margin,none,2.220446049250313e-16
2-2-5,t3,mixture,0.2,1000,800067,0.0048348810014431365,slack_plugin,none,0.0
2-2-5,t3,mixture,0.2,1000,800067,0.0048348810014431365,gm_battery,none,0.0
2-2-5,t3,mixture,0.2,1000,800067,0.0048348810014431365,gtest,none,496.4587780316906
2-2-5,t3,mixture,0.2,1000,800068,0.007335869995586108,kl_plugin,none,1.7054275522494063e-16
2-2-5,t3,mixture,0.2,1000,800068,0.007335869995586108,kl_split,none,0.4661473405373279
2-2-5,t3,mixture,0.2,1000,800068,0.007335869995586108,kl_crossfit,none,0.27149764893847045
2-2-5,t3,mixture,0.2,1000,800068,0.007335869995586108,cf1_margin,none,0.0
2-2-5,t3,mixture,0.2,1000,800068,0.007335869995586108,slack_plugin,none,0.0
2-2-5,t3,mixture,0.2,1000,800068,0.007335869995586108,gm_battery,none,0.0
2-2-5,t3,mixture,0.2,1000,800068,0.007335869995586108,gtest,none,473.70293267687373
2-2-5,t3,mixture,0.2,1000,800069,0.005066484001872595,kl_plugin,none,0.0
2-2-5,t3,mixture,0.2,1000,800069,0.005066484001872595,kl_split,none,0.037220817560620366
2-2-5,t3,mixture,0.2,1000,800069,0.005066484001872595,kl_crossfit,none,0.039172605253407475
2-2-5,t3,mixture,0.2,1000,800069,0.005066484001872595,cf1_margin,none,0.0
2-2-5,t3,mixture,0.2,1000,800069,0.005066484001872595,slack_plugin,none,0.0
2-2-5,t3,mixture,0.2,1000,800069,0.005066484001872595,gm_battery,none,0.0
2-2-5,t3,mixture,0.2,1000,800069,0.005066484001872595,gtest,none,399.9215373532806
2-2-5,t3,mixture,0.2,1000,800070,0.00491323099413421,kl_plugin,none,0.0
2-2-5,t3,mixture,0.2,1000,800070,0.00491323099413421,kl_split,none,0.06398402314869979
2-2-5,t3,mixture,0.2,1000,800070,0.00491323099413421,kl_crossfit,none,0.06025288553260396
2-2-5,t3,mixture,0.2,1000,800070,0.00491323099413421,cf1_margin,none,0.0
2-2-5,t3,mixture,0.2,1000,800070,0.00491323099413421,slack_plugin,none,0.0
2-2-5,t3,mixture,0.2,1000,800070,0.00491323099413421,gm_battery,none,0.0
2-2-5,t3,mixture,0.2,1000,800070,0.00491323099413421,gtest,none,417.3679939079929
2-2-5,t3,mixture,0.2,1000,800071,0.004947479996189941,kl_plugin,none,4.595006473967578e-17
2-2-5,t3,mixture,0.2,1000,800071,0.004947479996189941,kl_split,none,0.0429262585962014
2-2-5,t3,mixture,0.2,1000,800071,0.004947479996189941,kl_crossfit,none,0.04012196173538604
2-2-5,t3,mixture,0.2,1000,800071,0.004947479996189941,cf1_margin,none,0.0
2-2-5,t3,mixture,0.2,1000,800071,0.004947479996189941,slack_plugin,none,0.0
2-2-5,t3,mixture,0.2,1000,800071,0.004947479996189941,gm_battery,none,0.0
2-2-5,t3,mixture,0.2,1000,800071,0.004947479996189941,gtest,none,461.9139402920597
2-2-5,t3,mixture,0.2,1000,800072,0.004526349999650847,kl_plugin,none,0.0
2-2-5,t3,mixture,0.2,1000,800072,0.004526349999650847,kl_split,none,0.08375102998926476
2-2-5,t3,mixture,0.2,1000,800072,0.004526349999650847,kl_crossfit,none,0.2778409384867303
2-2-5,t3,mixture,0.2,1000,800072,0.004526349999650847,cf1_margin,none,0.0
2-2-5,t3,mixture,0.2,1000,800072,0.004526349999650847,slack_plugin,none,0.0
2-2-5,t3,mixture,0.2,1000,800072,0.004526349999650847,gm_battery,none,0.0
2-2-5,t3,mixture,0.2,1000,800072,0.004526349999650847,gtest,none,461.1296007842172
2-2-5,t3,mixture,0.2,1000,800073,0.0051723680007853545,kl_plugin,none,4.368504789622581e-16
2-2-5,t3,mixture,0.2,1000,800073,0.0051723680007853545,kl_split,none,0.0548074172815891
2-2-5,t3,mixture,0.2,1000,800073,0.0051723680007853545,kl_crossfit,none,0.1519333689914062
2-2-5,t3,mixture,0.2,1000,800073,0.0051723680007853545,cf1_margin,none,1.1102230246251565e-16
2-2-5,t3,mixture,0.2,1000,800073,0.0051723680007853545,slack_plugin,none,0.0
2-2-5,t3,mixture,0.2,1000,800073,0.0051723680007853545,gm_battery,none,0.0
2-2-5,t3,mixture,0.2,1000,800073,0.0051723680007853545,gtest,none,414.7585938853257
2-2-5,t3,mixture,0.2,1000,800074,0.00435070999810705,kl_plugin,none,6.172184576664363e-17
2-2-5,t3,mixture,0.2,1000,800074,0.00435070999810705,kl_split,none,0.03468206551025321
2-2-5,t3,mixture,0.2,1000,800074,0.00435070999810705,kl_crossfit,none,0.03358969863734141
2-2-5,t3,mixture,0.2,1000,800074,0.00435070999810705,cf1_margin,none,0.0
2-2-5,t3,mixture,0.2,1000,800074,0.00435070999810705,slack_plugin,none,0.0
2-2-5,t3,mixture,0.2,1000,800074,0.00435070999810705,gm_battery,none,0.0
2-2-5,t3,mixture,0.2,1000,800074,0.00435070999810705,gtest,none,409.95413257770707
2-2-5,t3,mixture,0.2,1000,800075,0.004252460006682668,kl_plugin,none,0.0
2-2-5,t3,mixture,0.2,1000,800075,0.004252460006682668,kl_split,none,0.24654756534224678
2-2-5,t3,mixture,0.2,1000,800075,0.004252460006682668,kl_crossfit,none,0.4328203257327221
2-2-5,t3,mixture,0.2,1000,800075,0.004252460006682668,cf1_margin,none,0.0
2-2-5,t3,mixture,0.2,1000,800075,0.004252460006682668,slack_plugin,none,0.0
2-2-5,t3,mixture,0.2,1000,800075,0.004252460006682668,gm_battery,none,0.0
2-2-5,t3,mixture,0.2,1000,800075,0.004252460006682668,gtest,none,436.8579450256545
2-2-5,t3,mixture,0.2,1000,800076,0.00606197799788788,kl_plugin,none,0.0
2-2-5,t3,mixture,0.2,1000,800076,0.00606197799788788,kl_split,none,0.06955520008959248
2-2-5,t3,mixture,0.2,1000,800076,0.00606197799788788,kl_crossfit,none,0.065807350965403
2-2-5,t3,mixture,0.2,1000,800076,0.00606197799788788,cf1_margin,none,0.0
2-2-5,t3,mixture,0.2,1000,800076,0.00606197799788788,slack_plugin,none,0.0
2-2-5,t3,mixture,0.2,1000,800076,0.00606197799788788,gm_battery,none,0.0
2-2-5,t3,mixture,0.2,1000,800076,0.00606197799788788,gtest,none,486.9030337756498
2-2-5,t3,mixture,0.2,1000,800077,0.005861908997758292,kl_plugin,none,0.0
2-2-5,t3,mixture,0.2,1000,800077,0.005861908997758292,kl_split,none,0.24320918244365058
2-2-5,t3,mixture,0.2,1000,800077,0.005861908997758292,kl_crossfit,none,0.43522344061866514
2-2-5,t3,mixture,0.2,1000,800077,0.005861908997758292,cf1_margin,none,0.0
2-2-5,t3,mixture,0.2,1000,800077,0.005861908997758292,slack_plugin,none,0.0
2-2-5,t3,mixture,0.2,1000,800077,0.005861908997758292,gm_battery,none,0.0
2-2-5,t3,mixture,0.2,1000,800077,0.005861908997758292,gtest,none,449.71457142579357
2-2-5,t3,mixture,0.2,1000,800078,0.0043076669971924275,kl_plugin,none,0.0
2-2-5,t3,mixture,0.2,1000,800078,0.0043076669971924275,kl_split,none,0.23121945526926344
2-2-5,t3,mixture,0.2,1000,800078,0.0043076669971924275,kl_crossfit,none,0.14303000141466649
2-2-5,t3,mixture,0.2,1000,800078,0.0043076669971924275,cf1_margin,none,0.0
2-2-5,t3,mixture,0.2,1000,800078,0.0043076669971924275,slack_plugin,none,0.0
2-2-5,t3,mixture,0.2,1000,800078,0.0043076669971924275,gm_battery,none,0.0
2-2-5,t3,mixture,0.2,1000,800078,0.0043076669971924275,gtest,none,451.1814919662143
2-2-5,t3,mixture,0.2,1000,800079,0.005009727996366564,kl_plugin,none,0.0
2-2-5,t3,mixture,0.2,1000,800079,0.005009727996366564,kl_split,none,0.2694788834381337
2-2-5,t3,mixture,0.2,1000,800079,0.005009727996366564,kl_crossfit,none,0.17436417601992996
2-2-5,t3,mixture,0.2,1000,800079,0.005009727996366564,cf1_margin,none,0.0
2-2-5,t3,mixture,0.2,1000,800079,0.005009727996366564,slack_plugin,none,0.0
2-2-5,t3,mixture,0.2,1000,800079,0.005009727996366564,gm_battery,none,0.0
2-2-5,t3,mixture,0.2,1000,800079,0.005009727996366564,gtest,none,428.46092284076354
2-2-5,t3,mixture,0.2,1000,800080,0.004256173997418955,kl_plugin,none,0.0
2-2-5,t3,mixture,0.2,1000,800080,0.004256173997418955,kl_split,none,0.23504818140253875
2-2-5,t3,mixture,0.2,1000,800080,0.004256173997418955,kl_crossfit,none,0.14443186663804874
2-2-5,t3,mixture,0.2,1000,800080,0.004256173997418955,cf1_margin,none,0.0
2-2-5,t3,mixture,0.2,1000,800080,0.004256173997418955,slack_plugin,none,0.0
2-2-5,t3,mixture,0.2,1000,800080,0.004256173997418955,gm_battery,none,0.0
2-2-5,t3,mixture,0.2,1000,800080,0.004256173997418955,gtest,none,411.19541690064517
2-2-5,t3,mixture,0.2,1000,800081,0.004922154999803752,kl_plugin,none,0.0
2-2-5,t3,mixture,0.2,1000,800081,0.004922154999803752,kl_split,none,0.2283258445440987
2-2-5,t3,mixture,0.2,1000,800081,0.004922154999803752,kl_crossfit,none,0.1368936314723078
2-2-5,t3,mixture,0.2,1000,800081,0.004922154999803752,cf1_margin,none,0.0
2-2-5,t3,mixture,0.2,1000,800081,0.004922154999803752,slack_plugin,none,0.0
2-2-5,t3,mixture,0.2,1000,800081,0.004922154999803752,gm_battery,none,0.0
2-2-5,t3,mixture,0.2,1000,800081,0.004922154999803752,gtest,none,407.6863377785447
2-2-5,t3,mixture,0.2,1000,800082,0.004641969004296698,kl_plugin,none,0.0
2-2-5,t3,mixture,0.2,1000,800082,0.004641969004296698,kl_split,none,0.24869776733498244
2-2-5,t3,mixture,0.2,1000,800082,0.004641969004296698,kl_crossfit,none,0.1557921760886174
2-2-5,t3,mixture,0.2,1000,800082,0.004641969004296698,cf1_margin,none,0.0
2-2-5,t3,mixture,0.2,1000,800082,0.004641969004296698,slack_plugin,none,0.0
2-2-5,t3,mixture,0.2,1000,800082,0.004641969004296698,gm_battery,none,0.0
2-2-5,t3,mixture,0.2,1000,800082,0.004641969004296698,gtest,none,469.04264764208284
2-2-5,t3,mixture,0.2,1000,800083,0.006531299004564062,kl_plugin,none,8.082423618411062e-17
2-2-5,t3,mixture,0.2,1000,800083,0.006531299004564062,kl_split,none,0.05456384593479108
2-2-5,t3,mixture,0.2,1000,800083,0.006531299004564062,kl_crossfit,none,0.15093285677730933
2-2-5,t3,mixture,0.2,1000,800083,0.006531299004564062,cf1_margin,none,1.1102230246251565e-16
2-2-5,t3,mixture,0.2,1000,800083,0.006531299004564062,slack_plugin,none,0.0
2-2-5,t3,mixture,0.2,1000,800083,0.006531299004564062,gm_battery,none,0.0
2-2-5,t3,mixture,0.2,1000,800083,0.006531299004564062,gtest,none,431.2685115045426
2-2-5,t3,mixture,0.2,1000,800084,0.0045376689959084615,kl_plugin,none,0.0
2-2-5,t3,mixture,0.2,1000,800084,0.0045376689959084615,kl_split,none,0.05456510082978083
2-2-5,t3,mixture,0.2,1000,800084,0.0045376689959084615,kl_crossfit,none,0.05734155681838222
2-2-5,t3,mixture,0.2,1000,800084,0.0045376689959084615,cf1_margin,none,0.0
2-2-5,t3,mixture,0.2,1000,800084,0.0045376689959084615,slack_plugin,none,0.0
2-2-5,t3,mixture,0.2,1000,800084,0.0045376689959084615,gm_battery,none,0.0
2-2-5,t3,mixture,0.2,1000,800084,0.0045376689959084615,gtest,none,417.3734683597661
2-2-5,t3,mixture,0.2,1000,800085,0.005326407997927163,kl_plugin,none,0.0
2-2-5,t3,mixture,0.2,1000,800085,0.005326407997927163,kl_split,none,0.061011126899881626
2-2-5,t3,mixture,0.2,1000,800085,0.005326407997927163,kl_crossfit,none,0.1466407745903903
2-2-5,t3,mixture,0.2,1000,800085,0.005326407997927163,cf1_margin,none,0.0
2-2-5,t3,mixture,0.2,1000,800085,0.005326407997927163,slack_plugin,none,0.0
2-2-5,t3,mixture,0.2,1000,800085,0.005326407997927163,gm_battery,none,0.0
2-2-5,t3,mixture,0.2,1000,800085,0.005326407997927163,gtest,none,431.0818951582563
2-2-5,t3,mixture,0.2,1000,800086,0.006582791997061577,kl_plugin,none,1.5101901571333065e-17
2-2-5,t3,mixture,0.2,1000,800086,0.006582791997061577,kl_split,none,0.8246229482170334
2-2-5,t3,mixture,0.2,1000,800086,0.006582791997061577,kl_crossfit,none,0.5351921193637504
2-2-5,t3,mixture,0.2,1000,800086,0.006582791997061577,cf1_margin,none,0.0
2-2-5,t3,mixture,0.2,1000,800086,0.006582791997061577,slack_plugin,none,0.0
2-2-5,t3,mixture,0.2,1000,800086,0.006582791997061577,gm_battery,none,0.0
2-2-5,t3,mixture,0.2,1000,800086,0.006582791997061577,gtest,none,406.24280358310995
2-2-5,t3,mixture,0.2,1000,800087,0.004578077998303343,kl_plugin,none,1.5556951341110434e-17
2-2-5,t3,mixture,0.2,1000,800087,0.004578077998303343,kl_split,none,0.05975062864150014
2-2-5,t3,mixture,0.2,1000,800087,0.004578077998303343,kl_crossfit,none,0.05577582475034305
2-2-5,t3,mixture,0.2,1000,800087,0.004578077998303343,cf1_margin,none,0.0
2-2-5,t3,mixture,0.2,1000,800087,0.004578077998303343,slack_plugin,none,0.0
2-2-5,t3,mixture,0.2,1000,800087,0.004578077998303343,gm_battery,none,0.0
2-2-5,t3,mixture,0.2,1000,800087,0.004578077998303343,gtest,none,435.60171587846355
2-2-5,t3,mixture,0.2,1000,800088,0.004798725000000559,kl_plugin,none,1.3834908081939587e-16
2-2-5,t3,mixture,0.2,1000,800088,0.004798725000000559,kl_split,none,0.07122466461121357
2-2-5,t3,mixture,0.2,1000,800088,0.004798725000000559,kl_crossfit,none,0.2711199827776737
2-2-5,t3,mixture,0.2,1000,800088,0.004798725000000559,cf1_margin,none,0.0
2-2-5,t3,mixture,0.2,1000,800088,0.004798725000000559,slack_plugin,none,0.0
2-2-5,t3,mixture,0.2,1000,800088,0.004798725000000559,gm_battery,none,0.0
2-2-5,t3,mixture,0.2,1000,800088,0.004798725000000559,gtest,none,520.7468491240694
2-2-5,t3,mixture,0.2,1000,800089,0.006759438001608942,kl_plugin,none,0.0
2-2-5,t3,mixture,0.2,1000,800089,0.006759438001608942,kl_split,none,0.07091924390989593
2-2-5,t3,mixture,0.2,1000,800089,0.006759438001608942,kl_crossfit,none,0.07141292591451551
2-2-5,t3,mixture,0.2,1000,800089,0.006759438001608942,cf1_margin,none,1.1102230246251565e-16
2-2-5,t3,mixture,0.2,1000,800089,0.006759438001608942,slack_plugin,none,0.0
2-2-5,t3,mixture,0.2,1000,800089,0.006759438001608942,gm_battery,none,0.0
2-2-5,t3,mixture,0.2,1000,800089,0.006759438001608942,gtest,none,411.16890078344045
2-2-5,t3,mixture,0.2,1000,800090,0.005127635005919728,kl_plugin,none,9.393426057382171e-19
2-2-5,t3,mixture,0.2,1000,800090,0.005127635005919728,kl_split,none,0.07562832039293368
2-2-5,t3,mixture,0.2,1000,800090,0.005127635005919728,kl_crossfit,none,0.06794456070414706
2-2-5,t3,mixture,0.2,1000,800090,0.005127635005919728,cf1_margin,none,1.1102230246251565e-16
2-2-5,t3,mixture,0.2,1000,800090,0.005127635005919728,slack_plugin,none,0.0
2-2-5,t3,mixture,0.2,1000,800090,0.005127635005919728,gm_battery,none,0.0
2-2-5,t3,mixture,0.2,1000,800090,0.005127635005919728,gtest,none,416.91577940030254
2-2-5,t3,mixture,0.2,1000,800091,0.004857238003751263,kl_plugin,none,1.6925639807316836e-17
2-2-5,t3,mixture,0.2,1000,800091,0.004857238003751263,kl_split,none,0.2540801810040357
2-2-5,t3,mixture,0.2,1000,800091,0.004857238003751263,kl_crossfit,none,0.153652668637039
2-2-5,t3,mixture,0.2,1000,800091,0.004857238003751263,cf1_margin,none,0.0
2-2-5,t3,mixture,0.2,1000,800091,0.004857238003751263,slack_plugin,none,0.0
2-2-5,t3,mixture,0.2,1000,800091,0.004857238003751263,gm_battery,none,0.0
2-2-5,t3,mixture,0.2,1000,800091,0.004857238003751263,gtest,none,387.8909143066054
2-2-5,t3,mixture,0.2,1000,800092,0.004582966997986659,kl_plugin,none,1.239008895499834e-16
2-2-5,t3,mixture,0.2,1000,800092,0.004582966997986659,kl_split,none,0.26593719081453954
2-2-5,t3,mixture,0.2,1000,800092,0.004582966997986659,kl_crossfit,none,0.1713334025691567
2-2-5,t3,mixture,0.2,1000,800092,0.004582966997986659,cf1_margin,none,0.0
2-2-5,t3,mixture,0.2,1000,800092,0.004582966997986659,slack_plugin,none,0.0
2-2-5,t3,mixture,0.2,1000,800092,0.004582966997986659,gm_battery,none,0.0
2-2-5,t3,mixture,0.2,1000,800092,0.004582966997986659,gtest,none,420.2656486307863
2-2-5,t3,mixture,0.2,1000,800093,0.004636853002011776,kl_plugin,none,2.0534125433476313e-17
2-2-5,t3,mixture,0.2,1000,800093,0.004636853002011776,kl_split,none,0.0405988492685041
2-2-5,t3,mixture,0.2,1000,800093,0.004636853002011776,kl_crossfit,none,0.04571040181207278
2-2-5,t3,mixture,0.2,1000,800093,0.004636853002011776,cf1_margin,none,0.0
2-2-5,t3,mixture,0.2,1000,800093,0.004636853002011776,slack_plugin,none,0.0
2-2-5,t3,mixture,0.2,1000,800093,0.004636853002011776,gm_battery,none,0.0
2-2-5,t3,mixture,0.2,1000,800093,0.004636853002011776,gtest,none,454.337131730279
2-2-5,t3,mixture,0.2,1000,800094,0.004440115997567773,kl_plugin,none,1.9944139495702807e-16
2-2-5,t3,mixture,0.2,1000,800094,0.004440115997567773,kl_split,none,0.045555846013696055
2-2-5,t3,mixture,0.2,1000,800094,0.004440115997567773,kl_crossfit,none,0.05133774994466537
2-2-5,t3,mixture,0.2,1000,800094,0.004440115997567773,cf1_margin,none,0.0
2-2-5,t3,mixture,0.2,1000,800094,0.004440115997567773,slack_plugin,none,0.0
2-2-5,t3,mixture,0.2,1000,800094,0.004440115997567773,gm_battery,none,0.0
2-2-5,t3,mixture,0.2,1000,800094,0.004440115997567773,gtest,none,467.5838516360632
2-2-5,t3,mixture,0.2,1000,800095,0.0045017000011284836,kl_plugin,none,4.63538009268408e-16
2-2-5,t3,mixture,0.2,1000,800095,0.0045017000011284836,kl_split,none,0.06041860606858951
2-2-5,t3,mixture,0.2,1000,800095,0.0045017000011284836,kl_crossfit,none,0.060214394039942
2-2-5,t3,mixture,0.2,1000,800095,0.0045017000011284836,cf1_margin,none,0.0
2-2-5,t3,mixture,0.2,1000,800095,0.0045017000011284836,slack_plugin,none,0.0
2-2-5,t3,mixture,0.2,1000,800095,0.0045017000011284836,gm_battery,none,0.0
2-2-5,t3,mixture,0.2,1000,800095,0.0045017000011284836,gtest,none,491.44644882365844
2-2-5,t3,mixture,0.2,1000,800096,0.005694535000657197,kl_plugin,none,1.462374853133066e-16
2-2-5,t3,mixture,0.2,1000,800096,0.005694535000657197,kl_split,none,0.05712132459505886
2-2-5,t3,mixture,0.2,1000,800096,0.005694535000657197,kl_crossfit,none,0.1551490453798086
2-2-5,t3,mixture,0.2,1000,800096,0.005694535000657197,cf1_margin,none,1.1102230246251565e-16
2-2-5,t3,mixture,0.2,1000,800096,0.005694535000657197,slack_plugin,none,0.0
2-2-5,t3,mixture,0.2,1000,800096,0.005694535000657197,gm_battery,none,0.0
2-2-5,t3,mixture,0.2,1000,800096,0.005694535000657197,gtest,none,474.4891329404687
2-2-5,t3,mixture,0.2,1000,800097,0.005151004996150732,kl_plugin,none,2.5815266796017923e-17
2-2-5,t3,mixture,0.2,1000,800097,0.005151004996150732,kl_split,none,0.0827128553976958
2-2-5,t3,mixture,0.2,1000,800097,0.005151004996150732,kl_crossfit,none,0.08816187030452982
2-2-5,t3,mixture,0.2,1000,800097,0.005151004996150732,cf1_margin,none,0.0
2-2-5,t3,mixture,0.2,1000,800097,0.005151004996150732,slack_plugin,none,0.0
2-2-5,t3,mixture,0.2,1000,800097,0.005151004996150732,gm_battery,none,0.0
2-2-5,t3,mixture,0.2,1000,800097,0.005151004996150732,gtest,none,484.64987801630224
2-2-5,t3,mixture,0.2,1000,800098,0.004635588004020974,kl_plugin,none,0.0
2-2-5,t3,mixture,0.2,1000,800098,0.004635588004020974,kl_split,none,0.044519131663806555
2-2-5,t3,mixture,0.2,1000,800098,0.004635588004020974,kl_crossfit,none,0.14058870953850716
2-2-5,t3,mixture,0.2,1000,800098,0.004635588004020974,cf1_margin,none,0.0
2-2-5,t3,mixture,0.2,1000,800098,0.004635588004020974,slack_plugin,none,0.0
2-2-5,t3,mixture,0.2,1000,800098,0.004635588004020974,gm_battery,none,0.0
2-2-5,t3,mixture,0.2,1000,800098,0.004635588004020974,gtest,none,429.6496704469284
2-2-5,t3,mixture,0.2,1000,800099,0.00438971200492233,kl_plugin,none,0.0
2-2-5,t3,mixture,0.2,1000,800099,0.00438971200492233,kl_split,none,0.06670850311907021
2-2-5,t3,mixture,0.2,1000,800099,0.00438971200492233,kl_crossfit,none,0.06897474861427977
2-2-5,t3,mixture,0.2,1000,800099,0.00438971200492233,cf1_margin,none,1.1102230246251565e-16
2-2-5,t3,mixture,0.2,1000,800099,0.00438971200492233,slack_plugin,none,0.0
2-2-5,t3,mixture,0.2,1000,800099,0.00438971200492233,gm_battery,none,0.0
2-2-5,t3,mixture,0.2,1000,800099,0.00438971200492233,gtest,none,393.40590161846774
2-2-5,t3,mixture,0.2,1000,800100,0.004515979999268893,kl_plugin,none,0.0
2-2-5,t3,mixture,0.2,1000,800100,0.004515979999268893,kl_split,none,0.08090514764576615
2-2-5,t3,mixture,0.2,1000,800100,0.004515979999268893,kl_crossfit,none,0.07893011509869147
2-2-5,t3,mixture,0.2,1000,800100,0.004515979999268893,cf1_margin,none,0.0
2-2-5,t3,mixture,0.2,1000,800100,0.004515979999268893,slack_plugin,none,0.0
2-2-5,t3,mixture,0.2,1000,800100,0.004515979999268893,gm_battery,none,0.0
2-2-5,t3,mixture,0.2,1000,800100,0.004515979999268893,gtest,none,396.47769167583124
2-2-5,t3,mixture,0.2,1000,800101,0.0065667360031511635,kl_plugin,none,0.0
2-2-5,t3,mixture,0.2,1000,800101,0.0065667360031511635,kl_split,none,0.24350835547146157
2-2-5,t3,mixture,0.2,1000,800101,0.0065667360031511635,kl_crossfit,none,0.14653445127716286
2-2-5,t3,mixture,0.2,1000,800101,0.0065667360031511635,cf1_margin,none,0.0
2-2-5,t3,mixture,0.2,1000,800101,0.0065667360031511635,slack_plugin,none,0.0
2-2-5,t3,mixture,0.2,1000,800101,0.0065667360031511635,gm_battery,none,0.0
2-2-5,t3,mixture,0.2,1000,800101,0.0065667360031511635,gtest,none,388.2497907581083
2-2-5,t3,mixture,0.2,1000,800102,0.00505559299926972,kl_plugin,none,1.0946768187333028e-17
2-2-5,t3,mixture,0.2,1000,800102,0.00505559299926972,kl_split,none,0.049511913533818494
2-2-5,t3,mixture,0.2,1000,800102,0.00505559299926972,kl_crossfit,none,0.1425094987249216
2-2-5,t3,mixture,0.2,1000,800102,0.00505559299926972,cf1_margin,none,0.0
2-2-5,t3,mixture,0.2,1000,800102,0.00505559299926972,slack_plugin,none,0.0
2-2-5,t3,mixture,0.2,1000,800102,0.00505559299926972,gm_battery,none,0.0
2-2-5,t3,mixture,0.2,1000,800102,0.00505559299926972,gtest,none,425.28859573199105
2-2-5,t3,mixture,0.2,1000,800103,0.004397513002913911,kl_plugin,none,0.0
2-2-5,t3,mixture,0.2,1000,800103,0.004397513002913911,kl_split,none,0.07252458693229295
2-2-5,t3,mixture,0.2,1000,800103,0.004397513002913911,kl_crossfit,none,0.07806932763183747
2-2-5,t3,mixture,0.2,1000,800103,0.004397513002913911,cf1_margin,none,0.0
2-2-5,t3,mixture,0.2,1000,800103,0.004397513002913911,slack_plugin,none,0.0
2-2-5,t3,mixture,0.2,1000,800103,0.004397513002913911,gm_battery,none,0.0
2-2-5,t3,mixture,0.2,1000,800103,0.004397513002913911,gtest,none,468.4083687044497
2-2-5,t3,mixture,0.2,1000,800104,0.00448941200011177,kl_plugin,none,0.0
2-2-5,t3,mixture,0.2,1000,800104,0.00448941200011177,kl_split,none,0.06526580246023685
2-2-5,t3,mixture,0.2,1000,800104,0.00448941200011177,kl_crossfit,none,0.0656772143408386
2-2-5,t3,mixture,0.2,1000,800104,0.00448941200011177,cf1_margin,none,0.0
2-2-5,t3,mixture,0.2,1000,800104,0.00448941200011177,slack_plugin,none,0.0
2-2-5,t3,mixture,0.2,1000,800104,0.00448941200011177,gm_battery,none,0.0
2-2-5,t3,mixture,0.2,1000,800104,0.00448941200011177,gtest,none,439.28897823467446
2-2-5,t3,mixture,0.2,1000,800105,0.004378272999019828,kl_plugin,none,0.0
2-2-5,t3,mixture,0.2,1000,800105,0.004378272999019828,kl_split,none,0.04841587899106714
2-2-5,t3,mixture,0.2,1000,800105,0.004378272999019828,kl_crossfit,none,0.3466007018304084
2-2-5,t3,mixture,0.2,1000,800105,0.004378272999019828,cf1_margin,none,0.0
2-2-5,t3,mixture,0.2,1000,800105,0.004378272999019828,slack_plugin,none,0.0
2-2-5,t3,mixture,0.2,1000,800105,0.004378272999019828,gm_battery,none,0.0
2-2-5,t3,mixture,0.2,1000,800105,0.004378272999019828,gtest,none,453.7917938545254
2-2-5,t3,mixture,0.2,1000,800106,0.004464480000024196,kl_plugin,none,0.0
2-2-5,t3,mixture,0.2,1000,800106,0.004464480000024196,kl_split,none,0.0479277687812489
2-2-5,t3,mixture,0.2,1000,800106,0.004464480000024196,kl_crossfit,none,0.05300945785334216
2-2-5,t3,mixture,0.2,1000,800106,0.004464480000024196,cf1_margin,none,1.1102230246251565e-16
2-2-5,t3,mixture,0.2,1000,800106,0.004464480000024196,slack_plugin,none,0.0
2-2-5,t3,mixture,0.2,1000,800106,0.004464480000024196,gm_battery,none,0.0
2-2-5,t3,mixture,0.2,1000,800106,0.004464480000024196,gtest,none,441.8369059614221
2-2-5,t3,mixture,0.2,1000,800107,0.004715948998637032,kl_plugin,none,0.0
2-2-5,t3,mixture,0.2,1000,800107,0.004715948998637032,kl_split,none,0.4213220343033232
2-2-5,t3,mixture,0.2,1000,800107,0.004715948998637032,kl_crossfit,none,0.24114289587779206
2-2-5,t3,mixture,0.2,1000,800107,0.004715948998637032,cf1_margin,none,0.0
2-2-5,t3,mixture,0.2,1000,800107,0.004715948998637032,slack_plugin,none,0.0
2-2-5,t3,mixture,0.2,1000,800107,0.004715948998637032,gm_battery,none,0.0
2-2-5,t3,mixture,0.2,1000,800107,0.004715948998637032,gtest,none,449.89506067440857
2-2-5,t3,mixture,0.2,1000,800108,0.0045997799970791675,kl_plugin,none,0.0
2-2-5,t3,mixture,0.2,1000,800108,0.0045997799970791675,kl_split,none,0.056558109886208546
2-2-5,t3,mixture,0.2,1000,800108,0.0045997799970791675,kl_crossfit,none,0.06109165899325025
2-2-5,t3,mixture,0.2,1000,800108,0.0045997799970791675,cf1_margin,none,0.0
2-2-5,t3,mixture,0.2,1000,800108,0.0045997799970791675,slack_plugin,none,0.0
2-2-5,t3,mixture,0.2,1000,800108,0.0045997799970791675,gm_battery,none,0.0
2-2-5,t3,mixture,0.2,1000,800108,0.0045997799970791675,gtest,none,486.9656821883307
2-2-5,t3,mixture,0.2,1000,800109,0.0044149629975436255,kl_plugin,none,5.051287901923091e-17
2-2-5,t3,mixture,0.2,1000,800109,0.0044149629975436255,kl_split,none,0.06488224870185054
2-2-5,t3,mixture,0.2,1000,800109,0.0044149629975436255,kl_crossfit,none,0.06630535685039494
2-2-5,t3,mixture,0.2,1000,800109,0.0044149629975436255,cf1_margin,none,0.0
2-2-5,t3,mixture,0.2,1000,800109,0.0044149629975436255,slack_plugin,none,0.0
2-2-5,t3,mixture,0.2,1000,800109,0.0044149629975436255,gm_battery,none,0.0
2-2-5,t3,mixture,0.2,1000,800109,0.0044149629975436255,gtest,none,415.0462905164619
2-2-5,t3,mixture,0.2,1000,800110,0.004314254998462275,kl_plugin,none,8.62685149737183e-17
2-2-5,t3,mixture,0.2,1000,800110,0.004314254998462275,kl_split,none,0.2651945716994031
2-2-5,t3,mixture,0.2,1000,800110,0.004314254998462275,kl_crossfit,none,0.16900103739900818
2-2-5,t3,mixture,0.2,1000,800110,0.004314254998462275,cf1_margin,none,0.0
2-2-5,t3,mixture,0.2,1000,800110,0.004314254998462275,slack_plugin,none,0.0
2-2-5,t3,mixture,0.2,1000,800110,0.004314254998462275,gm_battery,none,0.0
2-2-5,t3,mixture,0.2,1000,800110,0.004314254998462275,gtest,none,473.1450579211372
2-2-5,t3,mixture,0.2,1000,800111,0.00438346600276418,kl_plugin,none,2.2928618427854343e-16
2-2-5,t3,mixture,0.2,1000,800111,0.00438346600276418,kl_split,none,0.6401294418714599
2-2-5,t3,mixture,0.2,1000,800111,0.00438346600276418,kl_crossfit,none,0.3512303511080099
2-2-5,t3,mixture,0.2,1000,800111,0.00438346600276418,cf1_margin,none,0.0
2-2-5,t3,mixture,0.2,1000,800111,0.00438346600276418,slack_plugin,none,0.0
2-2-5,t3,mixture,0.2,1000,800111,0.00438346600276418,gm_battery,none,0.0
2-2-5,t3,mixture,0.2,1000,800111,0.00438346600276418,gtest,none,460.17121549974524
2-2-5,t3,mixture,0.2,1000,800112,0.0042911929995170794,kl_plugin,none,0.0
2-2-5,t3,mixture,0.2,1000,800112,0.0042911929995170794,kl_split,none,0.04233633843942802
2-2-5,t3,mixture,0.2,1000,800112,0.0042911929995170794,kl_crossfit,none,0.04584921686975019
2-2-5,t3,mixture,0.2,1000,800112,0.0042911929995170794,cf1_margin,none,1.1102230246251565e-16
2-2-5,t3,mixture,0.2,1000,800112,0.0042911929995170794,slack_plugin,none,0.0
2-2-5,t3,mixture,0.2,1000,800112,0.0042911929995170794,gm_battery,none,0.0
2-2-5,t3,mixture,0.2,1000,800112,0.0042911929995170794,gtest,none,453.5175809614966
2-2-5,t3,mixture,0.2,1000,800113,0.004333984004915692,kl_plugin,none,0.0
2-2-5,t3,mixture,0.2,1000,800113,0.004333984004915692,kl_split,none,0.6466933038153309
2-2-5,t3,mixture,0.2,1000,800113,0.004333984004915692,kl_crossfit,none,0.35011678789078554
2-2-5,t3,mixture,0.2,1000,800113,0.004333984004915692,cf1_margin,none,0.0
2-2-5,t3,mixture,0.2,1000,800113,0.004333984004915692,slack_plugin,none,0.0
2-2-5,t3,mixture,0.2,1000,800113,0.004333984004915692,gm_battery,none,0.0
2-2-5,t3,mixture,0.2,1000,800113,0.004333984004915692,gtest,none,410.79151361122297
2-2-5,t3,mixture,0.2,1000,800114,0.004321966000134125,kl_plugin,none,7.274267140433017e-17
2-2-5,t3,mixture,0.2,1000,800114,0.004321966000134125,kl_split,none,0.04768738734160353
2-2-5,t3,mixture,0.2,1000,800114,0.004321966000134125,kl_crossfit,none,0.04960545387375621
2-2-5,t3,mixture,0.2,1000,800114,0.004321966000134125,cf1_margin,none,0.0
2-2-5,t3,mixture,0.2,1000,800114,0.004321966000134125,slack_plugin,none,0.0
2-2-5,t3,mixture,0.2,1000,800114,0.004321966000134125,gm_battery,none,0.0
2-2-5,t3,mixture,0.2,1000,800114,0.004321966000134125,gtest,none,355.91293458895825
2-2-5,t3,mixture,0.2,1000,800115,0.00485316200501984,kl_plugin,none,0.0
2-2-5,t3,mixture,0.2,1000,800115,0.00485316200501984,kl_split,none,0.27387133208635517
2-2-5,t3,mixture,0.2,1000,800115,0.00485316200501984,kl_crossfit,none,0.17909205004650527
2-2-5,t3,mixture,0.2,1000,800115,0.00485316200501984,cf1_margin,none,0.0
2-2-5,t3,mixture,0.2,1000,800115,0.00485316200501984,slack_plugin,none,0.0
2-2-5,t3,mixture,0.2,1000,800115,0.00485316200501984,gm_battery,none,0.0
2-2-5,t3,mixture,0.2,1000,800115,0.00485316200501984,gtest,none,435.0095131167324
2-2-5,t3,mixture,0.2,1000,800116,0.004728213003545534,kl_plugin,none,0.0
2-2-5,t3,mixture,0.2,1000,800116,0.004728213003545534,kl_split,none,0.048959999329717334
2-2-5,t3,mixture,0.2,1000,800116,0.004728213003545534,kl_crossfit,none,0.05017172151913597
2-2-5,t3,mixture,0.2,1000,800116,0.004728213003545534,cf1_margin,none,0.0
2-2-5,t3,mixture,0.2,1000,800116,0.004728213003545534,slack_plugin,none,0.0
2-2-5,t3,mixture,0.2,1000,800116,0.004728213003545534,gm_battery,none,0.0
2-2-5,t3,mixture,0.2,1000,800116,0.004728213003545534,gtest,none,424.0656550576968
2-2-5,t3,mixture,0.2,1000,800117,0.004831901998841204,kl_plugin,none,5.662171267880066e-17
2-2-5,t3,mixture,0.2,1000,800117,0.004831901998841204,kl_split,none,0.059011569882015925
2-2-5,t3,mixture,0.2,1000,800117,0.004831901998841204,kl_crossfit,none,0.05940732948674762
2-2-5,t3,mixture,0.2,1000,800117,0.004831901998841204,cf1_margin,none,0.0
2-2-5,t3,mixture,0.2,1000,800117,0.004831901998841204,slack_plugin,none,0.0
2-2-5,t3,mixture,0.2,1000,800117,0.004831901998841204,gm_battery,none,0.0
2-2-5,t3,mixture,0.2,1000,800117,0.004831901998841204,gtest,none,441.8762205693235
2-2-5,t3,mixture,0.2,1000,800118,0.005547879001824185,kl_plugin,none,2.7806222043452827e-16
2-2-5,t3,mixture,0.2,1000,800118,0.005547879001824185,kl_split,none,0.44526444561933154
2-2-5,t3,mixture,0.2,1000,800118,0.005547879001824185,kl_crossfit,none,0.3574305249538302
2-2-5,t3,mixture,0.2,1000,800118,0.005547879001824185,cf1_margin,none,0.0
2-2-5,t3,mixture,0.2,1000,800118,0.005547879001824185,slack_plugin,none,0.0
2-2-5,t3,mixture,0.2,1000,800118,0.005547879001824185,gm_battery,none,0.0
2-2-5,t3,mixture,0.2,1000,800118,0.005547879001824185,gtest,none,487.522541760017
2-2-5,t3,mixture,0.2,1000,800119,0.004465898004127666,kl_plugin,none,0.0
2-2-5,t3,mixture,0.2,1000,800119,0.004465898004127666,kl_split,none,0.03551414913023582
2-2-5,t3,mixture,0.2,1000,800119,0.004465898004127666,kl_crossfit,none,0.1310195064086872
2-2-5,t3,mixture,0.2,1000,800119,0.004465898004127666,cf1_margin,none,1.1102230246251565e-16
2-2-5,t3,mixture,0.2,1000,800119,0.004465898004127666,slack_plugin,none,0.0
2-2-5,t3,mixture,0.2,1000,800119,0.004465898004127666,gm_battery,none,0.0
2-2-5,t3,mixture,0.2,1000,800119,0.004465898004127666,gtest,none,428.5943328542852
2-2-5,t3,mixture,0.2,1000,800120,0.00447107099898858,kl_plugin,none,1.1335852457038892e-16
2-2-5,t3,mixture,0.2,1000,800120,0.00447107099898858,kl_split,none,0.041113613022144294
2-2-5,t3,mixture,0.2,1000,800120,0.00447107099898858,kl_crossfit,none,0.039982688204912284
2-2-5,t3,mixture,0.2,1000,800120,0.00447107099898858,cf1_margin,none,0.0
2-2-5,t3,mixture,0.2,1000,800120,0.00447107099898858,slack_plugin,none,0.0
2-2-5,t3,mixture,0.2,1000,800120,0.00447107099898858,gm_battery,none,0.0
2-2-5,t3,mixture,0.2,1000,800120,0.00447107099898858,gtest,none,450.01872037378064
2-2-5,t3,mixture,0.2,1000,800121,0.004485716002818663,kl_plugin,none,0.0
2-2-5,t3,mixture,0.2,1000,800121,0.004485716002818663,kl_split,none,0.22587194489157347
2-2-5,t3,mixture,0.2,1000,800121,0.004485716002818663,kl_crossfit,none,0.13595813495857073
2-2-5,t3,mixture,0.2,1000,800121,0.004485716002818663,cf1_margin,none,1.1102230246251565e-16
2-2-5,t3,mixture,0.2,1000,800121,0.004485716002818663,slack_plugin,none,0.0
2-2-5,t3,mixture,0.2,1000,800121,0.004485716002818663,gm_battery,none,0.0
2-2-5,t3,mixture,0.2,1000,800121,0.004485716002818663,gtest,none,437.63040226081716
2-2-5,t3,mixture,0.2,1000,800122,0.00446729199757101,kl_plugin,none,6.917543461795556e-17
2-2-5,t3,mixture,0.2,1000,800122,0.00446729199757101,kl_split,none,0.051542384070849316
2-2-5,t3,mixture,0.2,1000,800122,0.00446729199757101,kl_crossfit,none,0.05211658852242895
2-2-5,t3,mixture,0.2,1000,800122,0.00446729199757101,cf1_margin,none,1.1102230246251565e-16
2-2-5,t3,mixture,0.2,1000,800122,0.00446729199757101,slack_plugin,none,0.0
2-2-5,t3,mixture,0.2,1000,800122,0.00446729199757101,gm_battery,none,0.0
2-2-5,t3,mixture,0.2,1000,800122,0.00446729199757101,gtest,none,481.40652773311274
2-2-5,t3,mixture,0.2,1000,800123,0.004491195002628956,kl_plugin,none,0.0
2-2-5,t3,mixture,0.2,1000,800123,0.004491195002628956,kl_split,none,0.05423202048504594
2-2-5,t3,mixture,0.2,1000,800123,0.004491195002628956,kl_crossfit,none,0.05711409696366793
2-2-5,t3,mixture,0.2,1000,800123,0.004491195002628956,cf1_margin,none,0.0
2-2-5,t3,mixture,0.2,1000,800123,0.004491195002628956,slack_plugin,none,0.0
2-2-5,t3,mixture,0.2,1000,800123,0.004491195002628956,gm_battery,none,0.0
2-2-5,t3,mixture,0.2,1000,800123,0.004491195002628956,gtest,none,434.39364535765077
2-2-5,t3,mixture,0.2,1000,800124,0.00475792200450087,kl_plugin,none,3.314113163042073e-16
2-2-5,t3,mixture,0.2,1000,800124,0.00475792200450087,kl_split,none,0.4757495297360856
2-2-5,t3,mixture,0.2,1000,800124,0.00475792200450087,kl_crossfit,none,0.28924109855293195
2-2-5,t3,mixture,0.2,1000,800124,0.00475792200450087,cf1_margin,none,0.0
2-2-5,t3,mixture,0.2,1000,800124,0.00475792200450087,slack_plugin,none,0.0
2-2-5,t3,mixture,0.2,1000,800124,0.00475792200450087,gm_battery,none,0.0
2-2-5,t3,mixture,0.2,1000,800124,0.00475792200450087,gtest,none,427.55906126185147
2-2-5,t3,mixture,0.2,1000,800125,0.005131473000801634,kl_plugin,none,1.0886211356229742e-17
2-2-5,t3,mixture,0.2,1000,800125,0.005131473000801634,kl_split,none,0.33705782287769426
2-2-5,t3,mixture,0.2,1000,800125,0.005131473000801634,kl_crossfit,none,0.47671603651107003
2-2-5,t3,mixture,0.2,1000,800125,0.005131473000801634,cf1_margin,none,0.0
2-2-5,t3,mixture,0.2,1000,800125,0.005131473000801634,slack_plugin,none,0.0
2-2-5,t3,mixture,0.2,1000,800125,0.005131473000801634,gm_battery,none,0.0
2-2-5,t3,mixture,0.2,1000,800125,0.005131473000801634,gtest,none,403.20311735121726
2-2-5,t3,mixture,0.2,1000,800126,0.010799210998811759,kl_plugin,none,0.0
2-2-5,t3,mixture,0.2,1000,800126,0.010799210998811759,kl_split,none,0.26733708407236767
2-2-5,t3,mixture,0.2,1000,800126,0.010799210998811759,kl_crossfit,none,0.17159210200505054
2-2-5,t3,mixture,0.2,1000,800126,0.010799210998811759,cf1_margin,none,1.1102230246251565e-16
2-2-5,t3,mixture,0.2,1000,800126,0.010799210998811759,slack_plugin,none,0.0
2-2-5,t3,mixture,0.2,1000,800126,0.010799210998811759,gm_battery,none,0.0
2-2-5,t3,mixture,0.2,1000,800126,0.010799210998811759,gtest,none,455.2781969837308
2-2-5,t3,mixture,0.2,1000,800127,0.006221972005732823,kl_plugin,none,0.0
2-2-5,t3,mixture,0.2,1000,800127,0.006221972005732823,kl_split,none,0.06397826897798316
2-2-5,t3,mixture,0.2,1000,800127,0.006221972005732823,kl_crossfit,none,0.06595796670885357
2-2-5,t3,mixture,0.2,1000,800127,0.006221972005732823,cf1_margin,none,0.0
2-2-5,t3,mixture,0.2,1000,800127,0.006221972005732823,slack_plugin,none,0.0
2-2-5,t3,mixture,0.2,1000,800127,0.006221972005732823,gm_battery,none,0.0
2-2-5,t3,mixture,0.2,1000,800127,0.006221972005732823,gtest,none,433.72957782901057
2-2-5,t3,mixture,0.2,1000,800128,0.00453807000303641,kl_plugin,none,0.0
2-2-5,t3,mixture,0.2,1000,800128,0.00453807000303641,kl_split,none,0.26361059286350086
2-2-5,t3,mixture,0.2,1000,800128,0.00453807000303641,kl_crossfit,none,0.17312680956664261
2-2-5,t3,mixture,0.2,1000,800128,0.00453807000303641,cf1_margin,none,0.0
2-2-5,t3,mixture,0.2,1000,800128,0.00453807000303641,slack_plugin,none,0.0
2-2-5,t3,mixture,0.2,1000,800128,0.00453807000303641,gm_battery,none,0.0
2-2-5,t3,mixture,0.2,1000,800128,0.00453807000303641,gtest,none,426.8144376516766
2-2-5,t3,mixture,0.2,1000,800129,0.004604893001669552,kl_plugin,none,0.0
2-2-5,t3,mixture,0.2,1000,800129,0.004604893001669552,kl_split,none,0.04951940958690594
2-2-5,t3,mixture,0.2,1000,800129,0.004604893001669552,kl_crossfit,none,0.055860446896215735
2-2-5,t3,mixture,0.2,1000,800129,0.004604893001669552,cf1_margin,none,1.1102230246251565e-16
2-2-5,t3,mixture,0.2,1000,800129,0.004604893001669552,slack_plugin,none,0.0
2-2-5,t3,mixture,0.2,1000,800129,0.004604893001669552,gm_battery,none,0.0
2-2-5,t3,mixture,0.2,1000,800129,0.004604893001669552,gtest,none,397.7780369838588
2-2-5,t3,mixture,0.2,1000,800130,0.004352920994278975,kl_plugin,none,1.201317767121811e-17
2-2-5,t3,mixture,0.2,1000,800130,0.004352920994278975,kl_split,none,0.2429949847674299
2-2-5,t3,mixture,0.2,1000,800130,0.004352920994278975,kl_crossfit,none,0.14632168309318405
2-2-5,t3,mixture,0.2,1000,800130,0.004352920994278975,cf1_margin,none,0.0
2-2-5,t3,mixture,0.2,1000,800130,0.004352920994278975,slack_plugin,none,0.0
2-2-5,t3,mixture,0.2,1000,800130,0.004352920994278975,gm_battery,none,0.0
2-2-5,t3,mixture,0.2,1000,800130,0.004352920994278975,gtest,none,435.7816360332074
2-2-5,t3,mixture,0.2,1000,800131,0.004485698998905718,kl_plugin,none,0.0
2-2-5,t3,mixture,0.2,1000,800131,0.004485698998905718,kl_split,none,0.05413108880669133
2-2-5,t3,mixture,0.2,1000,800131,0.004485698998905718,kl_crossfit,none,0.04982924407552276
2-2-5,t3,mixture,0.2,1000,800131,0.004485698998905718,cf1_margin,none,0.0
2-2-5,t3,mixture,0.2,1000,800131,0.004485698998905718,slack_plugin,none,0.0
2-2-5,t3,mixture,0.2,1000,800131,0.004485698998905718,gm_battery,none,0.0
2-2-5,t3,mixture,0.2,1000,800131,0.004485698998905718,gtest,none,388.57308588986984
2-2-5,t3,mixture,0.2,1000,800132,0.004336532998422626,kl_plugin,none,4.683833191425943e-17
2-2-5,t3,mixture,0.2,1000,800132,0.004336532998422626,kl_split,none,0.25959427872321045
2-2-5,t3,mixture,0.2,1000,800132,0.004336532998422626,kl_crossfit,none,0.15819220978063211
2-2-5,t3,mixture,0.2,1000,800132,0.004336532998422626,cf1_margin,none,0.0
2-2-5,t3,mixture,0.2,1000,800132,0.004336532998422626,slack_plugin,none,0.0
2-2-5,t3,mixture,0.2,1000,800132,0.004336532998422626,gm_battery,none,0.0
2-2-5,t3,mixture,0.2,1000,800132,0.004336532998422626,gtest,none,488.7830509017194
2-2-5,t3,mixture,0.2,1000,800133,0.004488319005758967,kl_plugin,none,1.9965811994471043e-16
2-2-5,t3,mixture,0.2,1000,800133,0.004488319005758967,kl_split,none,0.4648062813605764
2-2-5,t3,mixture,0.2,1000,800133,0.004488319005758967,kl_crossfit,none,0.36271152403288204
2-2-5,t3,mixture,0.2,1000,800133,0.004488319005758967,cf1_margin,none,0.0
2-2-5,t3,mixture,0.2,1000,800133,0.004488319005758967,slack_plugin,none,0.0
2-2-5,t3,mixture,0.2,1000,800133,0.004488319005758967,gm_battery,none,0.0
2-2-5,t3,mixture,0.2,1000,800133,0.004488319005758967,gtest,none,390.13419038806586
2-2-5,t3,mixture,0.2,1000,800134,0.004617774000507779,kl_plugin,none,0.0
2-2-5,t3,mixture,0.2,1000,800134,0.004617774000507779,kl_split,none,0.06480319364787988
2-2-5,t3,mixture,0.2,1000,800134,0.004617774000507779,kl_crossfit,none,0.06355070370776361
2-2-5,t3,mixture,0.2,1000,800134,0.004617774000507779,cf1_margin,none,0.0
2-2-5,t3,mixture,0.2,1000,800134,0.004617774000507779,slack_plugin,none,0.0
2-2-5,t3,mixture,0.2,1000,800134,0.004617774000507779,gm_battery,none,0.0
2-2-5,t3,mixture,0.2,1000,800134,0.004617774000507779,gtest,none,387.71260368257583
2-2-5,t3,mixture,0.2,1000,800135,0.00460806000046432,kl_plugin,none,0.0
2-2-5,t3,mixture,0.2,1000,800135,0.00460806000046432,kl_split,none,0.6901235214763727
2-2-5,t3,mixture,0.2,1000,800135,0.00460806000046432,kl_crossfit,none,0.47524776161803517
2-2-5,t3,mixture,0.2,1000,800135,0.00460806000046432,cf1_margin,none,0.0
2-2-5,t3,mixture,0.2,1000,800135,0.00460806000046432,slack_plugin,none,0.0
2-2-5,t3,mixture,0.2,1000,800135,0.00460806000046432,gm_battery,none,0.0
2-2-5,t3,mixture,0.2,1000,800135,0.00460806000046432,gtest,none,461.5505684564704
2-2-5,t3,mixture,0.2,1000,800136,0.004982990001735743,kl_plugin,none,0.0
2-2-5,t3,mixture,0.2,1000,800136,0.004982990001735743,kl_split,none,0.23252248933963848
2-2-5,t3,mixture,0.2,1000,800136,0.004982990001735743,kl_crossfit,none,0.24043574631195125
2-2-5,t3,mixture,0.2,1000,800136,0.004982990001735743,cf1_margin,none,0.0
2-2-5,t3,mixture,0.2,1000,800136,0.004982990001735743,slack_plugin,none,0.0
2-2-5,t3,mixture,0.2,1000,800136,0.004982990001735743,gm_battery,none,0.0
2-2-5,t3,mixture,0.2,1000,800136,0.004982990001735743,gtest,none,406.54816894146273
2-2-5,t3,mixture,0.2,1000,800137,0.004439541000465397,kl_plugin,none,2.901864202818118e-17
2-2-5,t3,mixture,0.2,1000,800137,0.004439541000465397,kl_split,none,0.058734986266996594
2-2-5,t3,mixture,0.2,1000,800137,0.004439541000465397,kl_crossfit,none,0.1584651323073392
2-2-5,t3,mixture,0.2,1000,800137,0.004439541000465397,cf1_margin,none,0.0
2-2-5,t3,mixture,0.2,1000,800137,0.004439541000465397,slack_plugin,none,0.0
2-2-5,t3,mixture,0.2,1000,800137,0.004439541000465397,gm_battery,none,0.0
2-2-5,t3,mixture,0.2,1000,800137,0.004439541000465397,gtest,none,463.07892570495187
2-2-5,t3,mixture,0.2,1000,800138,0.004603330999088939,kl_plugin,none,0.0
2-2-5,t3,mixture,0.2,1000,800138,0.004603330999088939,kl_split,none,0.04071669363601361
2-2-5,t3,mixture,0.2,1000,800138,0.004603330999088939,kl_crossfit,none,0.03890532230175671
2-2-5,t3,mixture,0.2,1000,800138,0.004603330999088939,cf1_margin,none,0.0
2-2-5,t3,mixture,0.2,1000,800138,0.004603330999088939,slack_plugin,none,0.0
2-2-5,t3,mixture,0.2,1000,800138,0.004603330999088939,gm_battery,none,0.0
2-2-5,t3,mixture,0.2,1000,800138,0.004603330999088939,gtest,none,386.7538813812661
2-2-5,t3,mixture,0.2,1000,800139,0.004673764000472147,kl_plugin,none,0.0
2-2-5,t3,mixture,0.2,1000,800139,0.004673764000472147,kl_split,none,0.07856480758947078
2-2-5,t3,mixture,0.2,1000,800139,0.004673764000472147,kl_crossfit,none,0.0808778542761883
2-2-5,t3,mixture,0.2,1000,800139,0.004673764000472147,cf1_margin,none,0.0
2-2-5,t3,mixture,0.2,1000,800139,0.004673764000472147,slack_plugin,none,0.0
2-2-5,t3,mixture,0.2,1000,800139,0.004673764000472147,gm_battery,none,0.0
2-2-5,t3,mixture,0.2,1000,800139,0.004673764000472147,gtest,none,479.41425780296936
2-2-5,t3,mixture,0.2,1000,800140,0.00452005799888866,kl_plugin,none,0.0
2-2-5,t3,mixture,0.2,1000,800140,0.00452005799888866,kl_split,none,0.0786340021297099
2-2-5,t3,mixture,0.2,1000,800140,0.00452005799888866,kl_crossfit,none,0.07613810835735133
2-2-5,t3,mixture,0.2,1000,800140,0.00452005799888866,cf1_margin,none,0.0
2-2-5,t3,mixture,0.2,1000,800140,0.00452005799888866,slack_plugin,none,0.0
2-2-5,t3,mixture,0.2,1000,800140,0.00452005799888866,gm_battery,none,0.0
2-2-5,t3,mixture,0.2,1000,800140,0.00452005799888866,gtest,none,403.29773356911784
2-2-5,t3,mixture,0.2,1000,800141,0.004413590002513956,kl_plugin,none,5.951197894679939e-17
2-2-5,t3,mixture,0.2,1000,800141,0.004413590002513956,kl_split,none,0.054503390972011886
2-2-5,t3,mixture,0.2,1000,800141,0.004413590002513956,kl_crossfit,none,0.05685062278994374
2-2-5,t3,mixture,0.2,1000,800141,0.004413590002513956,cf1_margin,none,0.0
2-2-5,t3,mixture,0.2,1000,800141,0.004413590002513956,slack_plugin,none,0.0
2-2-5,t3,mixture,0.2,1000,800141,0.004413590002513956,gm_battery,none,0.0
2-2-5,t3,mixture,0.2,1000,800141,0.004413590002513956,gtest,none,458.0717309168707
2-2-5,t3,mixture,0.2,1000,800142,0.005532093004148919,kl_plugin,none,0.0
2-2-5,t3,mixture,0.2,1000,800142,0.005532093004148919,kl_split,none,0.0678949478094028
2-2-5,t3,mixture,0.2,1000,800142,0.005532093004148919,kl_crossfit,none,0.06746783334508238
2-2-5,t3,mixture,0.2,1000,800142,0.005532093004148919,cf1_margin,none,0.0
2-2-5,t3,mixture,0.2,1000,800142,0.005532093004148919,slack_plugin,none,0.0
2-2-5,t3,mixture,0.2,1000,800142,0.005532093004148919,gm_battery,none,0.0
2-2-5,t3,mixture,0.2,1000,800142,0.005532093004148919,gtest,none,456.36193329276233
2-2-5,t3,mixture,0.2,1000,800143,0.004455692003830336,kl_plugin,none,0.0
2-2-5,t3,mixture,0.2,1000,800143,0.004455692003830336,kl_split,none,0.2521590808883499
2-2-5,t3,mixture,0.2,1000,800143,0.004455692003830336,kl_crossfit,none,0.15387061531781032
2-2-5,t3,mixture,0.2,1000,800143,0.004455692003830336,cf1_margin,none,0.0
2-2-5,t3,mixture,0.2,1000,800143,0.004455692003830336,slack_plugin,none,0.0
2-2-5,t3,mixture,0.2,1000,800143,0.004455692003830336,gm_battery,none,0.0
2-2-5,t3,mixture,0.2,1000,800143,0.004455692003830336,gtest,none,410.55006784617615
2-2-5,t3,mixture,0.2,1000,800144,0.004581793000397738,kl_plugin,none,0.0
2-2-5,t3,mixture,0.2,1000,800144,0.004581793000397738,kl_split,none,0.24436394562342675
2-2-5,t3,mixture,0.2,1000,800144,0.004581793000397738,kl_crossfit,none,0.2465332941526071
2-2-5,t3,mixture,0.2,1000,800144,0.004581793000397738,cf1_margin,none,0.0
2-2-5,t3,mixture,0.2,1000,800144,0.004581793000397738,slack_plugin,none,0.0
2-2-5,t3,mixture,0.2,1000,800144,0.004581793000397738,gm_battery,none,0.0
2-2-5,t3,mixture,0.2,1000,800144,0.004581793000397738,gtest,none,393.8247609246799
2-2-5,t3,mixture,0.2,1000,800145,0.004343913999036886,kl_plugin,none,1.5682622172239547e-17
2-2-5,t3,mixture,0.2,1000,800145,0.004343913999036886,kl_split,none,0.07058884263436095
2-2-5,t3,mixture,0.2,1000,800145,0.004343913999036886,kl_crossfit,none,0.07334293442364268
2-2-5,t3,mixture,0.2,1000,800145,0.004343913999036886,cf1_margin,none,1.1102230246251565e-16
2-2-5,t3,mixture,0.2,1000,800145,0.004343913999036886,slack_plugin,none,0.0
2-2-5,t3,mixture,0.2,1000,800145,0.004343913999036886,gm_battery,none,0.0
2-2-5,t3,mixture,0.2,1000,800145,0.004343913999036886,gtest,none,478.04650086971156
2-2-5,t3,mixture,0.2,1000,800146,0.004457813003682531,kl_plugin,none,9.818277708307936e-18
2-2-5,t3,mixture,0.2,1000,800146,0.004457813003682531,kl_split,none,0.6625853645195552
2-2-5,t3,mixture,0.2,1000,800146,0.004457813003682531,kl_crossfit,none,0.36933466766835626
2-2-5,t3,mixture,0.2,1000,800146,0.004457813003682531,cf1_margin,none,1.1102230246251565e-16
2-2-5,t3,mixture,0.2,1000,800146,0.004457813003682531,slack_plugin,none,0.0
2-2-5,t3,mixture,0.2,1000,800146,0.004457813003682531,gm_battery,none,0.0
2-2-5,t3,mixture,0.2,1000,800146,0.004457813003682531,gtest,none,348.53022146868324
2-2-5,t3,mixture,0.2,1000,800147,0.004618552004103549,kl_plugin,none,0.0
2-2-5,t3,mixture,0.2,1000,800147,0.004618552004103549,kl_split,none,0.2557496410618685
2-2-5,t3,mixture,0.2,1000,800147,0.004618552004103549,kl_crossfit,none,0.158318891124568
2-2-5,t3,mixture,0.2,1000,800147,0.004618552004103549,cf1_margin,none,1.1102230246251565e-16
2-2-5,t3,mixture,0.2,1000,800147,0.004618552004103549,slack_plugin,none,0.0
2-2-5,t3,mixture,0.2,1000,800147,0.004618552004103549,gm_battery,none,0.0
2-2-5,t3,mixture,0.2,1000,800147,0.004618552004103549,gtest,none,439.8341543318082
2-2-5,t3,mixture,0.2,1000,800148,0.005533045004995074,kl_plugin,none,0.0
2-2-5,t3,mixture,0.2,1000,800148,0.005533045004995074,kl_split,none,0.2576998623441304
2-2-5,t3,mixture,0.2,1000,800148,0.005533045004995074,kl_crossfit,none,0.2537859346054729
2-2-5,t3,mixture,0.2,1000,800148,0.005533045004995074,cf1_margin,none,0.0
2-2-5,t3,mixture,0.2,1000,800148,0.005533045004995074,slack_plugin,none,0.0
2-2-5,t3,mixture,0.2,1000,800148,0.005533045004995074,gm_battery,none,0.0
2-2-5,t3,mixture,0.2,1000,800148,0.005533045004995074,gtest,none,483.3690995837376
2-2-5,t3,mixture,0.2,1000,800149,0.004553398997813929,kl_plugin,none,0.0
2-2-5,t3,mixture,0.2,1000,800149,0.004553398997813929,kl_split,none,0.051138963686364766
2-2-5,t3,mixture,0.2,1000,800149,0.004553398997813929,kl_crossfit,none,0.05281164308493654
2-2-5,t3,mixture,0.2,1000,800149,0.004553398997813929,cf1_margin,none,0.0
2-2-5,t3,mixture,0.2,1000,800149,0.004553398997813929,slack_plugin,none,0.0
2-2-5,t3,mixture,0.2,1000,800149,0.004553398997813929,gm_battery,none,0.0
2-2-5,t3,mixture,0.2,1000,800149,0.004553398997813929,gtest,none,402.85797728787577
2-2-5,t3,mixture,0.2,1000,800150,0.0044407710011000745,kl_plugin,none,0.0
2-2-5,t3,mixture,0.2,1000,800150,0.0044407710011000745,kl_split,none,0.24351974082270542
2-2-5,t3,mixture,0.2,1000,800150,0.0044407710011000745,kl_crossfit,none,0.3462726932316517
2-2-5,t3,mixture,0.2,1000,800150,0.0044407710011000745,cf1_margin,none,0.0
2-2-5,t3,mixture,0.2,1000,800150,0.0044407710011000745,slack_plugin,none,0.0
2-2-5,t3,mixture,0.2,1000,800150,0.0044407710011000745,gm_battery,none,0.0
2-2-5,t3,mixture,0.2,1000,800150,0.0044407710011000745,gtest,none,484.41664708684596
2-2-5,t3,mixture,0.2,1000,800151,0.004704471000877675,kl_plugin,none,0.0
2-2-5,t3,mixture,0.2,1000,800151,0.004704471000877675,kl_split,none,0.24055025808227964
2-2-5,t3,mixture,0.2,1000,800151,0.004704471000877675,kl_crossfit,none,0.14874260481019871
2-2-5,t3,mixture,0.2,1000,800151,0.004704471000877675,cf1_margin,none,0.0
2-2-5,t3,mixture,0.2,1000,800151,0.004704471000877675,slack_plugin,none,0.0
2-2-5,t3,mixture,0.2,1000,800151,0.004704471000877675,gm_battery,none,0.0
2-2-5,t3,mixture,0.2,1000,800151,0.004704471000877675,gtest,none,428.173813556534
2-2-5,t3,mixture,0.2,1000,800152,0.00460680499963928,kl_plugin,none,0.0
2-2-5,t3,mixture,0.2,1000,800152,0.00460680499963928,kl_split,none,0.0641473144025365
2-2-5,t3,mixture,0.2,1000,800152,0.00460680499963928,kl_crossfit,none,0.15492817300732173
2-2-5,t3,mixture,0.2,1000,800152,0.00460680499963928,cf1_margin,none,1.1102230246251565e-16
2-2-5,t3,mixture,0.2,1000,800152,0.00460680499963928,slack_plugin,none,0.0
2-2-5,t3,mixture,0.2,1000,800152,0.00460680499963928,gm_battery,none,0.0
2-2-5,t3,mixture,0.2,1000,800152,0.00460680499963928,gtest,none,405.325156393503
2-2-5,t3,mixture,0.2,1000,800153,0.004659809004806448,kl_plugin,none,1.3766765505657489e-17
2-2-5,t3,mixture,0.2,1000,800153,0.004659809004806448,kl_split,none,0.050778712239508764
2-2-5,t3,mixture,0.2,1000,800153,0.004659809004806448,kl_crossfit,none,0.052932494809897375
2-2-5,t3,mixture,0.2,1000,800153,0.004659809004806448,cf1_margin,none,1.1102230246251565e-16
2-2-5,t3,mixture,0.2,1000,800153,0.004659809004806448,slack_plugin,none,0.0
2-2-5,t3,mixture,0.2,1000,800153,0.004659809004806448,gm_battery,none,0.0
2-2-5,t3,mixture,0.2,1000,800153,0.004659809004806448,gtest,none,383.8723268914707
2-2-5,t3,mixture,0.2,1000,800154,0.00457654100318905,kl_plugin,none,0.0
2-2-5,t3,mixture,0.2,1000,800154,0.00457654100318905,kl_split,none,0.0478321514087876
2-2-5,t3,mixture,0.2,1000,800154,0.00457654100318905,kl_crossfit,none,0.04861848006053417
2-2-5,t3,mixture,0.2,1000,800154,0.00457654100318905,cf1_margin,none,0.0
2-2-5,t3,mixture,0.2,1000,800154,0.00457654100318905,slack_plugin,none,0.0
2-2-5,t3,mixture,0.2,1000,800154,0.00457654100318905,gm_battery,none,0.0
2-2-5,t3,mixture,0.2,1000,800154,0.00457654100318905,gtest,none,466.04941925135364
2-2-5,t3,mixture,0.2,1000,800155,0.0047214430014719255,kl_plugin,none,0.0
2-2-5,t3,mixture,0.2,1000,800155,0.0047214430014719255,kl_split,none,0.06251203665597746
2-2-5,t3,mixture,0.2,1000,800155,0.0047214430014719255,kl_crossfit,none,0.06112691892273511
2-2-5,t3,mixture,0.2,1000,800155,0.0047214430014719255,cf1_margin,none,0.0
2-2-5,t3,mixture,0.2,1000,800155,0.0047214430014719255,slack_plugin,none,0.0
2-2-5,t3,mixture,0.2,1000,800155,0.0047214430014719255,gm_battery,none,0.0
2-2-5,t3,mixture,0.2,1000,800155,0.0047214430014719255,gtest,none,416.436591088405
2-2-5,t3,mixture,0.2,1000,800156,0.007970405997184571,kl_plugin,none,0.0
2-2-5,t3,mixture,0.2,1000,800156,0.007970405997184571,kl_split,none,0.05396455144454787
2-2-5,t3,mixture,0.2,1000,800156,0.007970405997184571,kl_crossfit,none,0.0519479295964594
2-2-5,t3,mixture,0.2,1000,800156,0.007970405997184571,cf1_margin,none,0.0
2-2-5,t3,mixture,0.2,1000,800156,0.007970405997184571,slack_plugin,none,0.0
2-2-5,t3,mixture,0.2,1000,800156,0.007970405997184571,gm_battery,none,0.0
2-2-5,t3,mixture,0.2,1000,800156,0.007970405997184571,gtest,none,393.79027429660437
2-2-5,t3,mixture,0.2,1000,800157,0.004653666997910477,kl_plugin,none,0.0
2-2-5,t3,mixture,0.2,1000,800157,0.004653666997910477,kl_split,none,0.07805006888037828
2-2-5,t3,mixture,0.2,1000,800157,0.004653666997910477,kl_crossfit,none,0.07988615124683025
2-2-5,t3,mixture,0.2,1000,800157,0.004653666997910477,cf1_margin,none,0.0
2-2-5,t3,mixture,0.2,1000,800157,0.004653666997910477,slack_plugin,none,0.0
2-2-5,t3,mixture,0.2,1000,800157,0.004653666997910477,gm_battery,none,0.0
2-2-5,t3,mixture,0.2,1000,800157,0.004653666997910477,gtest,none,453.49567015770015
2-2-5,t3,mixture,0.2,1000,800158,0.004567391995806247,kl_plugin,none,3.587072522465137e-16
2-2-5,t3,mixture,0.2,1000,800158,0.004567391995806247,kl_split,none,0.24224412927543573
2-2-5,t3,mixture,0.2,1000,800158,0.004567391995806247,kl_crossfit,none,0.1533131862002583
2-2-5,t3,mixture,0.2,1000,800158,0.004567391995806247,cf1_margin,none,0.0
2-2-5,t3,mixture,0.2,1000,800158,0.004567391995806247,slack_plugin,none,0.0
2-2-5,t3,mixture,0.2,1000,800158,0.004567391995806247,gm_battery,none,0.0
2-2-5,t3,mixture,0.2,1000,800158,0.004567391995806247,gtest,none,439.60136659478786
2-2-5,t3,mixture,0.2,1000,800159,0.004568553005810827,kl_plugin,none,5.221548568751901e-16
2-2-5,t3,mixture,0.2,1000,800159,0.004568553005810827,kl_split,none,0.05042983737793291
2-2-5,t3,mixture,0.2,1000,800159,0.004568553005810827,kl_crossfit,none,0.057171746343997853
2-2-5,t3,mixture,0.2,1000,800159,0.004568553005810827,cf1_margin,none,0.0
2-2-5,t3,mixture,0.2,1000,800159,0.004568553005810827,slack_plugin,none,0.0
2-2-5,t3,mixture,0.2,1000,800159,0.004568553005810827,gm_battery,none,0.0
2-2-5,t3,mixture,0.2,1000,800159,0.004568553005810827,gtest,none,509.38450979789235
2-2-5,t3,mixture,0.2,1000,800160,0.00462372900074115,kl_plugin,none,0.0
2-2-5,t3,mixture,0.2,1000,800160,0.00462372900074115,kl_split,none,0.0804934219195714
2-2-5,t3,mixture,0.2,1000,800160,0.00462372900074115,kl_crossfit,none,0.07873805043462984
2-2-5,t3,mixture,0.2,1000,800160,0.00462372900074115,cf1_margin,none,0.0
2-2-5,t3,mixture,0.2,1000,800160,0.00462372900074115,slack_plugin,none,0.0
2-2-5,t3,mixture,0.2,1000,800160,0.00462372900074115,gm_battery,none,0.0
2-2-5,t3,mixture,0.2,1000,800160,0.00462372900074115,gtest,none,426.73018082906924
2-2-5,t3,mixture,0.2,1000,800161,0.005104058000142686,kl_plugin,none,0.0
2-2-5,t3,mixture,0.2,1000,800161,0.005104058000142686,kl_split,none,0.6251136283590198
2-2-5,t3,mixture,0.2,1000,800161,0.005104058000142686,kl_crossfit,none,0.3367395170846862
2-2-5,t3,mixture,0.2,1000,800161,0.005104058000142686,cf1_margin,none,0.0
2-2-5,t3,mixture,0.2,1000,800161,0.005104058000142686,slack_plugin,none,0.0
2-2-5,t3,mixture,0.2,1000,800161,0.005104058000142686,gm_battery,none,0.0
2-2-5,t3,mixture,0.2,1000,800161,0.005104058000142686,gtest,none,411.9265426835017
2-2-5,t3,mixture,0.2,1000,800162,0.004864032998739276,kl_plugin,none,3.023293480125514e-17
2-2-5,t3,mixture,0.2,1000,800162,0.004864032998739276,kl_split,none,0.26613725009729744
2-2-5,t3,mixture,0.2,1000,800162,0.004864032998739276,kl_crossfit,none,0.16263449198871974
2-2-5,t3,mixture,0.2,1000,800162,0.004864032998739276,cf1_margin,none,0.0
2-2-5,t3,mixture,0.2,1000,800162,0.004864032998739276,slack_plugin,none,0.0
2-2-5,t3,mixture,0.2,1000,800162,0.004864032998739276,gm_battery,none,0.0
2-2-5,t3,mixture,0.2,1000,800162,0.004864032998739276,gtest,none,451.9374564795865
2-2-5,t3,mixture,0.2,1000,800163,0.004619662999175489,kl_plugin,none,0.0
2-2-5,t3,mixture,0.2,1000,800163,0.004619662999175489,kl_split,none,0.054850253093301146
2-2-5,t3,mixture,0.2,1000,800163,0.004619662999175489,kl_crossfit,none,0.05202334680596504
2-2-5,t3,mixture,0.2,1000,800163,0.004619662999175489,cf1_margin,none,1.1102230246251565e-16
2-2-5,t3,mixture,0.2,1000,800163,0.004619662999175489,slack_plugin,none,0.0
2-2-5,t3,mixture,0.2,1000,800163,0.004619662999175489,gm_battery,none,0.0
2-2-5,t3,mixture,0.2,1000,800163,0.004619662999175489,gtest,none,400.4784402711597
2-2-5,t3,mixture,0.2,1000,800164,0.004348935995949432,kl_plugin,none,4.637116777355206e-16
2-2-5,t3,mixture,0.2,1000,800164,0.004348935995949432,kl_split,none,0.08047413846528517
2-2-5,t3,mixture,0.2,1000,800164,0.004348935995949432,kl_crossfit,none,0.1679967414571956
2-2-5,t3,mixture,0.2,1000,800164,0.004348935995949432,cf1_margin,none,0.0
2-2-5,t3,mixture,0.2,1000,800164,0.004348935995949432,slack_plugin,none,0.0
2-2-5,t3,mixture,0.2,1000,800164,0.004348935995949432,gm_battery,none,0.0
2-2-5,t3,mixture,0.2,1000,800164,0.004348935995949432,gtest,none,450.96790393696466
2-2-5,t3,mixture,0.2,1000,800165,0.004475410998566076,kl_plugin,none,4.838194560037491e-16
2-2-5,t3,mixture,0.2,1000,800165,0.004475410998566076,kl_split,none,0.07457587556400745
2-2-5,t3,mixture,0.2,1000,800165,0.004475410998566076,kl_crossfit,none,0.16737361807378326
2-2-5,t3,mixture,0.2,1000,800165,0.004475410998566076,cf1_margin,none,0.0
2-2-5,t3,mixture,0.2,1000,800165,0.004475410998566076,slack_plugin,none,0.0
2-2-5,t3,mixture,0.2,1000,800165,0.004475410998566076,gm_battery,none,0.0
2-2-5,t3,mixture,0.2,1000,800165,0.004475410998566076,gtest,none,401.30192093040824
2-2-5,t3,mixture,0.2,1000,800166,0.0063459299999522045,kl_plugin,none,0.0
2-2-5,t3,mixture,0.2,1000,800166,0.0063459299999522045,kl_split,none,0.05437770171313851
2-2-5,t3,mixture,0.2,1000,800166,0.0063459299999522045,kl_crossfit,none,0.05773839516830645
2-2-5,t3,mixture,0.2,1000,800166,0.0063459299999522045,cf1_margin,none,2.220446049250313e-16
2-2-5,t3,mixture,0.2,1000,800166,0.0063459299999522045,slack_plugin,none,0.0
2-2-5,t3,mixture,0.2,1000,800166,0.0063459299999522045,gm_battery,none,0.0
2-2-5,t3,mixture,0.2,1000,800166,0.0063459299999522045,gtest,none,454.91628119593497
2-2-5,t3,mixture,0.2,1000,800167,0.005598565003310796,kl_plugin,none,0.0
2-2-5,t3,mixture,0.2,1000,800167,0.005598565003310796,kl_split,none,0.03475226235708098
2-2-5,t3,mixture,0.2,1000,800167,0.005598565003310796,kl_crossfit,none,0.03639279341099329
2-2-5,t3,mixture,0.2,1000,800167,0.005598565003310796,cf1_margin,none,0.0
2-2-5,t3,mixture,0.2,1000,800167,0.005598565003310796,slack_plugin,none,0.0
2-2-5,t3,mixture,0.2,1000,800167,0.005598565003310796,gm_battery,none,0.0
2-2-5,t3,mixture,0.2,1000,800167,0.005598565003310796,gtest,none,421.4071960356339
2-2-5,t3,mixture,0.2,1000,800168,0.004841883004701231,kl_plugin,none,0.0
2-2-5,t3,mixture,0.2,1000,800168,0.004841883004701231,kl_split,none,0.4390408490856092
2-2-5,t3,mixture,0.2,1000,800168,0.004841883004701231,kl_crossfit,none,0.2437723276172393
2-2-5,t3,mixture,0.2,1000,800168,0.004841883004701231,cf1_margin,none,1.1102230246251565e-16
2-2-5,t3,mixture,0.2,1000,800168,0.004841883004701231,slack_plugin,none,0.0
2-2-5,t3,mixture,0.2,1000,800168,0.004841883004701231,gm_battery,none,0.0
2-2-5,t3,mixture,0.2,1000,800168,0.004841883004701231,gtest,none,442.6083327305005
2-2-5,t3,mixture,0.2,1000,800169,0.004716306000773329,kl_plugin,none,8.798700995375128e-17
2-2-5,t3,mixture,0.2,1000,800169,0.004716306000773329,kl_split,none,0.46285863864335586
2-2-5,t3,mixture,0.2,1000,800169,0.004716306000773329,kl_crossfit,none,0.2703886700175768
2-2-5,t3,mixture,0.2,1000,800169,0.004716306000773329,cf1_margin,none,0.0
2-2-5,t3,mixture,0.2,1000,800169,0.004716306000773329,slack_plugin,none,0.0
2-2-5,t3,mixture,0.2,1000,800169,0.004716306000773329,gm_battery,none,0.0
2-2-5,t3,mixture,0.2,1000,800169,0.004716306000773329,gtest,none,517.5990918799555
2-2-5,t3,mixture,0.2,1000,800170,0.006487974002084229,kl_plugin,none,0.0
2-2-5,t3,mixture,0.2,1000,800170,0.006487974002084229,kl_split,none,0.07851956523908724
2-2-5,t3,mixture,0.2,1000,800170,0.006487974002084229,kl_crossfit,none,0.1735954223088435
2-2-5,t3,mixture,0.2,1000,800170,0.006487974002084229,cf1_margin,none,0.0
2-2-5,t3,mixture,0.2,1000,800170,0.006487974002084229,slack_plugin,none,0.0
2-2-5,t3,mixture,0.2,1000,800170,0.006487974002084229,gm_battery,none,0.0
2-2-5,t3,mixture,0.2,1000,800170,0.006487974002084229,gtest,none,447.51599621866256
2-2-5,t3,mixture,0.2,1000,800171,0.004401708996738307,kl_plugin,none,2.580783462573259e-16
2-2-5,t3,mixture,0.2,1000,800171,0.004401708996738307,kl_split,none,0.0458206710419359
2-2-5,t3,mixture,0.2,1000,800171,0.004401708996738307,kl_crossfit,none,0.04724939846569154
2-2-5,t3,mixture,0.2,1000,800171,0.004401708996738307,cf1_margin,none,0.0
2-2-5,t3,mixture,0.2,1000,800171,0.004401708996738307,slack_plugin,none,0.0
2-2-5,t3,mixture,0.2,1000,800171,0.004401708996738307,gm_battery,none,0.0
2-2-5,t3,mixture,0.2,1000,800171,0.004401708996738307,gtest,none,437.33615771106315
2-2-5,t3,mixture,0.2,1000,800172,0.004446756000106689,kl_plugin,none,0.0
2-2-5,t3,mixture,0.2,1000,800172,0.004446756000106689,kl_split,none,0.231476473884677
2-2-5,t3,mixture,0.2,1000,800172,0.004446756000106689,kl_crossfit,none,0.13610352193257508
2-2-5,t3,mixture,0.2,1000,800172,0.004446756000106689,cf1_margin,none,1.1102230246251565e-16
2-2-5,t3,mixture,0.2,1000,800172,0.004446756000106689,slack_plugin,none,0.0
2-2-5,t3,mixture,0.2,1000,800172,0.004446756000106689,gm_battery,none,0.0
2-2-5,t3,mixture,0.2,1000,800172,0.004446756000106689,gtest,none,475.878455804129
2-2-5,t3,mixture,0.2,1000,800173,0.005244038999080658,kl_plugin,none,4.321711693848177e-18
2-2-5,t3,mixture,0.2,1000,800173,0.005244038999080658,kl_split,none,0.06914546333502158
2-2-5,t3,mixture,0.2,1000,800173,0.005244038999080658,kl_crossfit,none,0.0685097488605379
2-2-5,t3,mixture,0.2,1000,800173,0.005244038999080658,cf1_margin,none,0.0
2-2-5,t3,mixture,0.2,1000,800173,0.005244038999080658,slack_plugin,none,0.0
2-2-5,t3,mixture,0.2,1000,800173,0.005244038999080658,gm_battery,none,0.0
2-2-5,t3,mixture,0.2,1000,800173,0.005244038999080658,gtest,none,416.615203235213
2-2-5,t3,mixture,0.2,1000,800174,0.008691467002790887,kl_plugin,none,0.0
2-2-5,t3,mixture,0.2,1000,800174,0.008691467002790887,kl_split,none,0.05206453704197854
2-2-5,t3,mixture,0.2,1000,800174,0.008691467002790887,kl_crossfit,none,0.05612141465769664
2-2-5,t3,mixture,0.2,1000,800174,0.008691467002790887,cf1_margin,none,0.0
2-2-5,t3,mixture,0.2,1000,800174,0.008691467002790887,slack_plugin,none,0.0
2-2-5,t3,mixture,0.2,1000,800174,0.008691467002790887,gm_battery,none,0.0
2-2-5,t3,mixture,0.2,1000,800174,0.008691467002790887,gtest,none,463.4899741935414
2-2-5,t3,mixture,0.2,1000,800175,0.004575913000735454,kl_plugin,none,2.3656171618133393e-16
2-2-5,t3,mixture,0.2,1000,800175,0.004575913000735454,kl_split,none,0.04690537065350048
2-2-5,t3,mixture,0.2,1000,800175,0.004575913000735454,kl_crossfit,none,0.04801274620891903
2-2-5,t3,mixture,0.2,1000,800175,0.004575913000735454,cf1_margin,none,0.0
2-2-5,t3,mixture,0.2,1000,800175,0.004575913000735454,slack_plugin,none,0.0
2-2-5,t3,mixture,0.2,1000,800175,0.004575913000735454,gm_battery,none,0.0
2-2-5,t3,mixture,0.2,1000,800175,0.004575913000735454,gtest,none,372.9976082961286
2-2-5,t3,mixture,0.2,1000,800176,0.004831382000702433,kl_plugin,none,6.924001243370168e-17
2-2-5,t3,mixture,0.2,1000,800176,0.004831382000702433,kl_split,none,0.2579248576576213
2-2-5,t3,mixture,0.2,1000,800176,0.004831382000702433,kl_crossfit,none,0.25185143530452603
2-2-5,t3,mixture,0.2,1000,800176,0.004831382000702433,cf1_margin,none,0.0
2-2-5,t3,mixture,0.2,1000,800176,0.004831382000702433,slack_plugin,none,0.0
2-2-5,t3,mixture,0.2,1000,800176,0.004831382000702433,gm_battery,none,0.0
2-2-5,t3,mixture,0.2,1000,800176,0.004831382000702433,gtest,none,422.46377256285825
2-2-5,t3,mixture,0.2,1000,800177,0.006234959000721574,kl_plugin,none,0.0
2-2-5,t3,mixture,0.2,1000,800177,0.006234959000721574,kl_split,none,0.06916647527641245
2-2-5,t3,mixture,0.2,1000,800177,0.006234959000721574,kl_crossfit,none,0.07216083397161406
2-2-5,t3,mixture,0.2,1000,800177,0.006234959000721574,cf1_margin,none,0.0
2-2-5,t3,mixture,0.2,1000,800177,0.006234959000721574,slack_plugin,none,0.0
2-2-5,t3,mixture,0.2,1000,800177,0.006234959000721574,gm_battery,none,0.0
2-2-5,t3,mixture,0.2,1000,800177,0.006234959000721574,gtest,none,425.05034956889403
2-2-5,t3,mixture,0.2,1000,800178,0.004492921994824428,kl_plugin,none,0.0
2-2-5,t3,mixture,0.2,1000,800178,0.004492921994824428,kl_split,none,0.04115176142848875
2-2-5,t3,mixture,0.2,1000,800178,0.004492921994824428,kl_crossfit,none,0.04186688534292888
2-2-5,t3,mixture,0.2,1000,800178,0.004492921994824428,cf1_margin,none,1.1102230246251565e-16
2-2-5,t3,mixture,0.2,1000,800178,0.004492921994824428,slack_plugin,none,0.0
2-2-5,t3,mixture,0.2,1000,800178,0.004492921994824428,gm_battery,none,0.0
2-2-5,t3,mixture,0.2,1000,800178,0.004492921994824428,gtest,none,411.66896414189483
2-2-5,t3,mixture,0.2,1000,800179,0.005874727001355495,kl_plugin,none,0.0
2-2-5,t3,mixture,0.2,1000,800179,0.005874727001355495,kl_split,none,0.23960384432585335
2-2-5,t3,mixture,0.2,1000,800179,0.005874727001355495,kl_crossfit,none,0.14429247856518573
2-2-5,t3,mixture,0.2,1000,800179,0.005874727001355495,cf1_margin,none,0.0
2-2-5,t3,mixture,0.2,1000,800179,0.005874727001355495,slack_plugin,none,0.0
2-2-5,t3,mixture,0.2,1000,800179,0.005874727001355495,gm_battery,none,0.0
2-2-5,t3,mixture,0.2,1000,800179,0.005874727001355495,gtest,none,424.91277532006586
2-2-5,t3,mixture,0.2,1000,800180,0.007349030995101202,kl_plugin,none,0.0
2-2-5,t3,mixture,0.2,1000,800180,0.007349030995101202,kl_split,none,0.08218309069940806
2-2-5,t3,mixture,0.2,1000,800180,0.007349030995101202,kl_crossfit,none,0.08831248155905203
2-2-5,t3,mixture,0.2,1000,800180,0.007349030995101202,cf1_margin,none,2.220446049250313e-16
2-2-5,t3,mixture,0.2,1000,800180,0.007349030995101202,slack_plugin,none,0.0
2-2-5,t3,mixture,0.2,1000,800180,0.007349030995101202,gm_battery,none,0.0
2-2-5,t3,mixture,0.2,1000,800180,0.007349030995101202,gtest,none,383.2430327914259
2-2-5,t3,mixture,0.2,1000,800181,0.004839619003178086,kl_plugin,none,1.8191447791001224e-16
2-2-5,t3,mixture,0.2,1000,800181,0.004839619003178086,kl_split,none,0.23873212592534576
2-2-5,t3,mixture,0.2,1000,800181,0.004839619003178086,kl_crossfit,none,0.1468771604117306
2-2-5,t3,mixture,0.2,1000,800181,0.004839619003178086,cf1_margin,none,0.0
2-2-5,t3,mixture,0.2,1000,800181,0.004839619003178086,slack_plugin,none,0.0
2-2-5,t3,mixture,0.2,1000,800181,0.004839619003178086,gm_battery,none,0.0
2-2-5,t3,mixture,0.2,1000,800181,0.004839619003178086,gtest,none,437.93078804653743
2-2-5,t3,mixture,0.2,1000,800182,0.004632614000001922,kl_plugin,none,0.0
2-2-5,t3,mixture,0.2,1000,800182,0.004632614000001922,kl_split,none,0.23610062785521044
2-2-5,t3,mixture,0.2,1000,800182,0.004632614000001922,kl_crossfit,none,0.4630756689269754
2-2-5,t3,mixture,0.2,1000,800182,0.004632614000001922,cf1_margin,none,0.0
2-2-5,t3,mixture,0.2,1000,800182,0.004632614000001922,slack_plugin,none,0.0
2-2-5,t3,mixture,0.2,1000,800182,0.004632614000001922,gm_battery,none,0.0
2-2-5,t3,mixture,0.2,1000,800182,0.004632614000001922,gtest,none,473.24575536408247
2-2-5,t3,mixture,0.2,1000,800183,0.005080465001810808,kl_plugin,none,0.0
2-2-5,t3,mixture,0.2,1000,800183,0.005080465001810808,kl_split,none,0.08179658207892587
2-2-5,t3,mixture,0.2,1000,800183,0.005080465001810808,kl_crossfit,none,0.08098211772392902
2-2-5,t3,mixture,0.2,1000,800183,0.005080465001810808,cf1_margin,none,0.0
2-2-5,t3,mixture,0.2,1000,800183,0.005080465001810808,slack_plugin,none,0.0
2-2-5,t3,mixture,0.2,1000,800183,0.005080465001810808,gm_battery,none,0.0
2-2-5,t3,mixture,0.2,1000,800183,0.005080465001810808,gtest,none,451.8342005925393
2-2-5,t3,mixture,0.2,1000,800184,0.004552099999273196,kl_plugin,none,3.785278887313908e-16
2-2-5,t3,mixture,0.2,1000,800184,0.004552099999273196,kl_split,none,0.03585421676319433
2-2-5,t3,mixture,0.2,1000,800184,0.004552099999273196,kl_crossfit,none,0.037333962944000626
2-2-5,t3,mixture,0.2,1000,800184,0.004552099999273196,cf1_margin,none,0.0
2-2-5,t3,mixture,0.2,1000,800184,0.004552099999273196,slack_plugin,none,0.0
2-2-5,t3,mixture,0.2,1000,800184,0.004552099999273196,gm_battery,none,0.0
2-2-5,t3,mixture,0.2,1000,800184,0.004552099999273196,gtest,none,494.01064830316756
2-2-5,t3,mixture,0.2,1000,800185,0.004460014999494888,kl_plugin,none,0.0
2-2-5,t3,mixture,0.2,1000,800185,0.004460014999494888,kl_split,none,0.07902406323913248
2-2-5,t3,mixture,0.2,1000,800185,0.004460014999494888,kl_crossfit,none,0.08344338437136228
2-2-5,t3,mixture,0.2,1000,800185,0.004460014999494888,cf1_margin,none,1.1102230246251565e-16
2-2-5,t3,mixture,0.2,1000,800185,0.004460014999494888,slack_plugin,none,0.0
2-2-5,t3,mixture,0.2,1000,800185,0.004460014999494888,gm_battery,none,0.0
2-2-5,t3,mixture,0.2,1000,800185,0.004460014999494888,gtest,none,416.8109066142488
2-2-5,t3,mixture,0.2,1000,800186,0.00464676899719052,kl_plugin,none,0.0
2-2-5,t3,mixture,0.2,1000,800186,0.00464676899719052,kl_split,none,0.07861610984013143
2-2-5,t3,mixture,0.2,1000,800186,0.00464676899719052,kl_crossfit,none,0.07878611568546895
2-2-5,t3,mixture,0.2,1000,800186,0.00464676899719052,cf1_margin,none,0.0
2-2-5,t3,mixture,0.2,1000,800186,0.00464676899719052,slack_plugin,none,0.0
2-2-5,t3,mixture,0.2,1000,800186,0.00464676899719052,gm_battery,none,0.0
2-2-5,t3,mixture,0.2,1000,800186,0.00464676899719052,gtest,none,447.02408361645365
2-2-5,t3,mixture,0.2,1000,800187,0.006535062006150838,kl_plugin,none,9.918352829017349e-17
2-2-5,t3,mixture,0.2,1000,800187,0.006535062006150838,kl_split,none,0.053340762089443695
2-2-5,t3,mixture,0.2,1000,800187,0.006535062006150838,kl_crossfit,none,0.05500244793902291
2-2-5,t3,mixture,0.2,1000,800187,0.006535062006150838,cf1_margin,none,0.0
2-2-5,t3,mixture,0.2,1000,800187,0.006535062006150838,slack_plugin,none,0.0
2-2-5,t3,mixture,0.2,1000,800187,0.006535062006150838,gm_battery,none,0.0
2-2-5,t3,mixture,0.2,1000,800187,0.006535062006150838,gtest,none,484.16968875599906
2-2-5,t3,mixture,0.2,1000,800188,0.004871732002357021,kl_plugin,none,0.0
2-2-5,t3,mixture,0.2,1000,800188,0.004871732002357021,kl_split,none,0.042837957566555236
2-2-5,t3,mixture,0.2,1000,800188,0.004871732002357021,kl_crossfit,none,0.048173400485284235
2-2-5,t3,mixture,0.2,1000,800188,0.004871732002357021,cf1_margin,none,0.0
2-2-5,t3,mixture,0.2,1000,800188,0.004871732002357021,slack_plugin,none,0.0
2-2-5,t3,mixture,0.2,1000,800188,0.004871732002357021,gm_battery,none,0.0
2-2-5,t3,mixture,0.2,1000,800188,0.004871732002357021,gtest,none,488.5103324936716
2-2-5,t3,mixture,0.2,1000,800189,0.0048340840003220364,kl_plugin,none,3.9806043714455616e-16
2-2-5,t3,mixture,0.2,1000,800189,0.0048340840003220364,kl_split,none,0.0537098544326095
2-2-5,t3,mixture,0.2,1000,800189,0.0048340840003220364,kl_crossfit,none,0.05077772078871576
2-2-5,t3,mixture,0.2,1000,800189,0.0048340840003220364,cf1_margin,none,0.0
2-2-5,t3,mixture,0.2,1000,800189,0.0048340840003220364,slack_plugin,none,0.0
2-2-5,t3,mixture,0.2,1000,800189,0.0048340840003220364,gm_battery,none,0.0
2-2-5,t3,mixture,0.2,1000,800189,0.0048340840003220364,gtest,none,420.0761487521513
2-2-5,t3,mixture,0.2,1000,800190,0.0064643560035619885,kl_plugin,none,8.140403199025126e-18
2-2-5,t3,mixture,0.2,1000,800190,0.0064643560035619885,kl_split,none,0.05108847927747502
2-2-5,t3,mixture,0.2,1000,800190,0.0064643560035619885,kl_crossfit,none,0.0545758371077644
2-2-5,t3,mixture,0.2,1000,800190,0.0064643560035619885,cf1_margin,none,0.0
2-2-5,t3,mixture,0.2,1000,800190,0.0064643560035619885,slack_plugin,none,0.0
2-2-5,t3,mixture,0.2,1000,800190,0.0064643560035619885,gm_battery,none,0.0
2-2-5,t3,mixture,0.2,1000,800190,0.0064643560035619885,gtest,none,458.6170438615037
2-2-5,t3,mixture,0.2,1000,800191,0.005085631004476454,kl_plugin,none,0.0
2-2-5,t3,mixture,0.2,1000,800191,0.005085631004476454,kl_split,none,0.05585814279345154
2-2-5,t3,mixture,0.2,1000,800191,0.005085631004476454,kl_crossfit,none,0.05328485689946342
2-2-5,t3,mixture,0.2,1000,800191,0.005085631004476454,cf1_margin,none,0.0
2-2-5,t3,mixture,0.2,1000,800191,0.005085631004476454,slack_plugin,none,0.0
2-2-5,t3,mixture,0.2,1000,800191,0.005085631004476454,gm_battery,none,0.0
2-2-5,t3,mixture,0.2,1000,800191,0.005085631004476454,gtest,none,451.06629954503705
2-2-5,t3,mixture,0.2,1000,800192,0.005896941001992673,kl_plugin,none,0.0
2-2-5,t3,mixture,0.2,1000,800192,0.005896941001992673,kl_split,none,0.3113387427639417
2-2-5,t3,mixture,0.2,1000,800192,0.005896941001992673,kl_crossfit,none,0.18503572466723275
2-2-5,t3,mixture,0.2,1000,800192,0.005896941001992673,cf1_margin,none,0.0
2-2-5,t3,mixture,0.2,1000,800192,0.005896941001992673,slack_plugin,none,0.0
2-2-5,t3,mixture,0.2,1000,800192,0.005896941001992673,gm_battery,none,0.0
2-2-5,t3,mixture,0.2,1000,800192,0.005896941001992673,gtest,none,444.09931844323853
2-2-5,t3,mixture,0.2,1000,800193,0.005274473995086737,kl_plugin,none,0.0
2-2-5,t3,mixture,0.2,1000,800193,0.005274473995086737,kl_split,none,0.054521804915297664
2-2-5,t3,mixture,0.2,1000,800193,0.005274473995086737,kl_crossfit,none,0.05698025844521411
2-2-5,t3,mixture,0.2,1000,800193,0.005274473995086737,cf1_margin,none,0.0
2-2-5,t3,mixture,0.2,1000,800193,0.005274473995086737,slack_plugin,none,0.0
2-2-5,t3,mixture,0.2,1000,800193,0.005274473995086737,gm_battery,none,0.0
2-2-5,t3,mixture,0.2,1000,800193,0.005274473995086737,gtest,none,424.0384474697579
2-2-5,t3,mixture,0.2,1000,800194,0.004566660994896665,kl_plugin,none,4.055321891214548e-17
2-2-5,t3,mixture,0.2,1000,800194,0.004566660994896665,kl_split,none,0.08838652885113532
2-2-5,t3,mixture,0.2,1000,800194,0.004566660994896665,kl_crossfit,none,0.08828348915114587
2-2-5,t3,mixture,0.2,1000,800194,0.004566660994896665,cf1_margin,none,1.1102230246251565e-16
2-2-5,t3,mixture,0.2,1000,800194,0.004566660994896665,slack_plugin,none,0.0
2-2-5,t3,mixture,0.2,1000,800194,0.004566660994896665,gm_battery,none,0.0
2-2-5,t3,mixture,0.2,1000,800194,0.004566660994896665,gtest,none,424.79976186867117
2-2-5,t3,mixture,0.2,1000,800195,0.0046379839986911975,kl_plugin,none,4.095463301438815e-16
2-2-5,t3,mixture,0.2,1000,800195,0.0046379839986911975,kl_split,none,0.44434433917701266
2-2-5,t3,mixture,0.2,1000,800195,0.0046379839986911975,kl_crossfit,none,0.44213240046702473
2-2-5,t3,mixture,0.2,1000,800195,0.0046379839986911975,cf1_margin,none,0.0
2-2-5,t3,mixture,0.2,1000,800195,0.0046379839986911975,slack_plugin,none,0.0
2-2-5,t3,mixture,0.2,1000,800195,0.0046379839986911975,gm_battery,none,0.0
2-2-5,t3,mixture,0.2,1000,800195,0.0046379839986911975,gtest,none,482.23404882578876
2-2-5,t3,mixture,0.2,1000,800196,0.004579059001116548,kl_plugin,none,0.0
2-2-5,t3,mixture,0.2,1000,800196,0.004579059001116548,kl_split,none,0.2541048656238953
2-2-5,t3,mixture,0.2,1000,800196,0.004579059001116548,kl_crossfit,none,0.15610542095316376
2-2-5,t3,mixture,0.2,1000,800196,0.004579059001116548,cf1_margin,none,1.1102230246251565e-16
2-2-5,t3,mixture,0.2,1000,800196,0.004579059001116548,slack_plugin,none,0.0
2-2-5,t3,mixture,0.2,1000,800196,0.004579059001116548,gm_battery,none,0.0
2-2-5,t3,mixture,0.2,1000,800196,0.004579059001116548,gtest,none,433.86092890369287
2-2-5,t3,mixture,0.2,1000,800197,0.005481330998009071,kl_plugin,none,0.0
2-2-5,t3,mixture,0.2,1000,800197,0.005481330998009071,kl_split,none,0.05943500233869507
2-2-5,t3,mixture,0.2,1000,800197,0.005481330998009071,kl_crossfit,none,0.06328346548753573
2-2-5,t3,mixture,0.2,1000,800197,0.005481330998009071,cf1_margin,none,0.0
2-2-5,t3,mixture,0.2,1000,800197,0.005481330998009071,slack_plugin,none,0.0
2-2-5,t3,mixture,0.2,1000,800197,0.005481330998009071,gm_battery,none,0.0
2-2-5,t3,mixture,0.2,1000,800197,0.005481330998009071,gtest,none,423.779826328216
2-2-5,t3,mixture,0.2,1000,800198,0.004549741999653634,kl_plugin,none,1.4167124187443011e-16
2-2-5,t3,mixture,0.2,1000,800198,0.004549741999653634,kl_split,none,0.6311906819619945
2-2-5,t3,mixture,0.2,1000,800198,0.004549741999653634,kl_crossfit,none,0.3444360923583287
2-2-5,t3,mixture,0.2,1000,800198,0.004549741999653634,cf1_margin,none,0.0
2-2-5,t3,mixture,0.2,1000,800198,0.004549741999653634,slack_plugin,none,0.0
2-2-5,t3,mixture,0.2,1000,800198,0.004549741999653634,gm_battery,none,0.0
2-2-5,t3,mixture,0.2,1000,800198,0.004549741999653634,gtest,none,428.9000643729873
2-2-5,t3,mixture,0.2,1000,800199,0.004536729997198563,kl_plugin,none,0.0
2-2-5,t3,mixture,0.2,1000,800199,0.004536729997198563,kl_split,none,0.050304164036330534
2-2-5,t3,mixture,0.2,1000,800199,0.004536729997198563,kl_crossfit,none,0.3377941482266547
2-2-5,t3,mixture,0.2,1000,800199,0.004536729997198563,cf1_margin,none,0.0
2-2-5,t3,mixture,0.2,1000,800199,0.004536729997198563,slack_plugin,none,0.0
2-2-5,t3,mixture,0.2,1000,800199,0.004536729997198563,gm_battery,none,0.0
2-2-5,t3,mixture,0.2,1000,800199,0.004536729997198563,gtest,none,450.5421309779288
