block,cfg,noise,n,d,b,seed,method,detrend,trim,B,stat_obs,cv_0.01,cv_0.02,cv_0.03,cv_0.04,cv_0.05,cv_0.06,cv_0.07,cv_0.08,cv_0.09,cv_0.10,cv_0.11,cv_0.12,cv_0.13,cv_0.14,cv_0.15,cv_0.16,cv_0.17,cv_0.18,cv_0.19,cv_0.20
alt,conf_nonlin,t3,20000,2,0.4,900000,k1,linear,0.05,99,0.022988795577338128,0.015608387875579721,0.012949966200221041,0.011708716554214904,0.010773087116390578,0.010369994981143438,0.010225987049396146,0.010224929951584305,0.010158270826893023,0.00994872247996037,0.00981800216914519,0.00973219653676305,0.009585007389118938,0.00943343552450604,0.009426608392351654,0.009249406310476771,0.009190684489813417,0.009184265059443586,0.009175127159421814,0.009154055300890751,0.008975427087890897
alt,conf_nonlin,t3,20000,2,0.4,900000,k2,linear,0.05,99,0.18714533983783416,0.11629970547838057,0.09294600615768478,0.08781204895488073,0.08309031196735644,0.08124420118677826,0.08070061213444953,0.07234143550612049,0.0722282135923957,0.07016589920325961,0.06731986440745319,0.06702187999825203,0.06661422143511982,0.06658061246036223,0.0656624825845577,0.06429629806091833,0.06353934759729418,0.06294058685185444,0.06287012922102508,0.0613708624240066,0.061062328335830474
alt,conf_nonlin,t3,20000,2,0.4,900000,k1,quadratic,0.05,99,0.023012754467858,0.014818639704772596,0.014320486251890308,0.01408966867258854,0.013664954319422273,0.011765634366732947,0.011615757645913827,0.01149993526856019,0.01083757536573704,0.010709180924365014,0.010679478122223807,0.01034990513106071,0.009727711575972964,0.009654643644731342,0.009580080686305448,0.009375274643601772,0.009221891541816407,0.009186463708688475,0.009141789740989337,0.009129162514796008,0.008816572429667935
alt,conf_nonlin,t3,20000,2,0.4,900000,k2,quadratic,0.05,99,0.19354619525810832,0.13119052017260802,0.10747410587024751,0.09811430821239439,0.09303591081364146,0.09098362174987072,0.08690192249976533,0.08534834915177361,0.07840977337565135,0.0783653785067818,0.07518393290495146,0.07496835651997023,0.07409689481827693,0.07388095101058839,0.07145760887245299,0.07134298528180412,0.06673530129181049,0.06269367657027958,0.06265217507036784,0.0624810445627044,0.06178780698750477
alt,conf_nonlin,t3,20000,2,0.4,900001,k1,linear,0.05,99,0.0499331727003931,0.014826834097027453,0.013897572606457742,0.013049694034583226,0.01180077272231006,0.011563276892448404,0.011480707755787023,0.011031157850622808,0.01081514288204588,0.01055223607885658,0.010511046927743517,0.010331005244894387,0.01016988804027008,0.009917831084863549,0.00989343165695833,0.00979164575981073,0.009739320139820595,0.009724103196111611,0.009691646485558092,0.00897432034658685,0.00858402016798987
alt,conf_nonlin,t3,20000,2,0.4,900001,k2,linear,0.05,99,0.16943072614130025,0.12252912199429362,0.12176697911971356,0.11794333987981044,0.11013437359049037,0.1053122752873289,0.10181420902713283,0.09592876228767164,0.09441469897326299,0.09287377454551834,0.09123662452455487,0.08773855300130455,0.08387654507481021,0.08357912785922553,0.07985309886397265,0.07974710126537947,0.07792530245226076,0.07432470403676034,0.07190575881367618,0.0711430759219357,0.07102255808846969
alt,conf_nonlin,t3,20000,2,0.4,900001,k1,quadratic,0.05,99,0.04936250908086426,0.015493846749397466,0.011500622284162931,0.01143594171071427,0.011303406127623927,0.011193210796677122,0.011063644312249044,0.010718679154206878,0.010667566701372144,0.009842451831620247,0.00967102777784612,0.009565284945392105,0.009506677270717079,0.009483375966246044,0.00942952709243583,0.00931160135225495,0.009311307496132626,0.009188344685031824,0.009182688591009791,0.009150858866206257,0.009063860779484068
alt,conf_nonlin,t3,20000,2,0.4,900001,k2,quadratic,0.05,99,0.16639212000004638,0.13222758082394023,0.10187829534229453,0.10131789381090754,0.08991333618438153,0.08533919701738461,0.08347749707053195,0.08193971864299769,0.08076243224360988,0.07991256672596442,0.0789280535619045,0.07465908015527094,0.07450289381287156,0.07313269770631986,0.07156468711808416,0.06911450754522572,0.066724353897639,0.06415977682881432,0.06348716578775966,0.06248241813801765,0.061296827426601995
alt,conf_nonlin,t3,20000,2,0.4,900002,k1,linear,0.05,99,0.03259623975400061,0.015237859130100007,0.0144570006282001,0.012979673358796018,0.012436191646261308,0.012343263637187074,0.012236526297734751,0.011580569643016125,0.011318521646013435,0.011307298171087221,0.011300588572631054,0.011143150991267947,0.011000554680087649,0.01076764991139556,0.010665343177835851,0.01060284928964228,0.010403142412073296,0.010376183475149126,0.010369664443821702,0.010344994940397534,0.010322692552348522
alt,conf_nonlin,t3,20000,2,0.4,900002,k2,linear,0.05,99,0.20866826652112713,0.11577408195385103,0.10624919755149458,0.09981844961378265,0.0954642127774156,0.09502055281121737,0.08772115452779958,0.08495770175200064,0.08235896305404476,0.08162414462545885,0.08066251135859621,0.07999687045650765,0.07597529650822413,0.07593534401332945,0.07564286684814876,0.07352457007458257,0.07068970580583941,0.0706531867318916,0.06787762089503664,0.06730866920971798,0.06627780416979082
alt,conf_nonlin,t3,20000,2,0.4,900002,k1,quadratic,0.05,99,0.03269984255573366,0.015403547680124197,0.014170478555632915,0.013097257745896651,0.012811100925942842,0.012772447448701096,0.012079580231954878,0.011724039813276077,0.011557481306401773,0.011126991019217436,0.010886832150576953,0.010756024466188285,0.00972912871139664,0.0096568204979115,0.009610270575602597,0.00927825426451745,0.009235427998549817,0.009117287299229004,0.00906028377467738,0.008768417174445098,0.008737740139177386
alt,conf_nonlin,t3,20000,2,0.4,900002,k2,quadratic,0.05,99,0.2114867553886552,0.10505162515383662,0.09492648206316132,0.0883126489723637,0.08621853265528796,0.08606711276796974,0.07665229678692029,0.07567224945813661,0.075564103790522,0.0739316849859029,0.07375067325786085,0.07215337675506626,0.06992177586695397,0.06983806973163542,0.06882035533384404,0.06802595267084845,0.06765632784983645,0.06737026574361668,0.06445958665545501,0.0640703885711141,0.06177816779693676
alt,conf_nonlin,t3,20000,2,0.4,900003,k1,linear,0.05,99,0.028375227379933032,0.020330645484306298,0.016132719396519057,0.015657468899647364,0.014881550776481234,0.01404198141242996,0.012781655217455667,0.012497748807288822,0.012054323021192914,0.011886309258386185,0.011819822029344396,0.011797687193519368,0.011758789555797122,0.011450133660740658,0.01130546765628282,0.010656509860424879,0.010564787628987493,0.01056309958723034,0.010509918985988964,0.01017275293242903,0.010170295120154993
alt,conf_nonlin,t3,20000,2,0.4,900003,k2,linear,0.05,99,0.18322759527299126,0.10511813501700348,0.09682561303959995,0.09201808378360328,0.08958149853401615,0.08472953558557134,0.08181063835186493,0.08100144174220651,0.08031523815758687,0.07537170227139975,0.07458496918551268,0.07388137224726672,0.07311946069948261,0.06908853224214984,0.06841816848623236,0.06751865427692841,0.06452129352326892,0.06445672810885995,0.0643528164402831,0.06330892922201428,0.06328789028797589
alt,conf_nonlin,t3,20000,2,0.4,900003,k1,quadratic,0.05,99,0.028020923968113953,0.018693866153447924,0.014164511763759768,0.01247554270331086,0.012455522995824975,0.01148103582719917,0.011224231775755822,0.011203755132013327,0.011072842782627657,0.010643980342494808,0.010634217218205566,0.009993976786250802,0.009942479472494159,0.009907041805363392,0.009524153490485854,0.009521181082454588,0.00934016253435932,0.00919848397191092,0.009107450399075567,0.009098398700841281,0.008915006253801372
alt,conf_nonlin,t3,20000,2,0.4,900003,k2,quadratic,0.05,99,0.17941004413210582,0.11066452851993037,0.11063688722818854,0.09196720528200387,0.08467206288511965,0.08294301699026245,0.08103263600864236,0.08020765336538038,0.07896836449247914,0.07824764759251425,0.07429385308161275,0.07206929542404648,0.07062878128343125,0.0701123657429002,0.06857392963211169,0.06795487666032073,0.0670393707259148,0.06616413350948917,0.06610588633812971,0.06482255048608941,0.06405074427100794
alt,conf_nonlin,t3,20000,2,0.4,900004,k1,linear,0.05,99,0.028502158631513064,0.014489105175574224,0.012583901293834021,0.012546088392726085,0.012263521733990146,0.012139242778199999,0.011744846944454546,0.011099161010443503,0.010889306205669302,0.01078502987414065,0.010734359506947677,0.010645786406835,0.010466537661755426,0.010403591135216494,0.010088998812108563,0.009850689477456376,0.00955522323581759,0.009439908208832781,0.009362853836778817,0.009360148205853847,0.009351499879120873
alt,conf_nonlin,t3,20000,2,0.4,900004,k2,linear,0.05,99,0.11354523526167848,0.12703717038955836,0.11893362984584127,0.1129767190795563,0.1020883873516148,0.0990149665372465,0.09780992673296321,0.09698126142823985,0.08977907190108429,0.08396608265291661,0.08132967079797968,0.08026971706727586,0.07844411896105266,0.07572439009084089,0.07499208669133117,0.07419476314773779,0.0734195979609316,0.07236280870301177,0.0720775038835502,0.07050829459909762,0.06947103864682017
alt,conf_nonlin,t3,20000,2,0.4,900004,k1,quadratic,0.05,99,0.028630972348826944,0.01585340024427584,0.015207794788643758,0.014187891704221856,0.014124737030505763,0.013449483596988387,0.012917265893470864,0.012777226786932605,0.01256059758256367,0.012119757751183013,0.011722841313110188,0.011449405510060906,0.011030915612395775,0.010993999274281907,0.010781749269087038,0.010407279113041845,0.010362075118120928,0.01020921087242832,0.01015530199688941,0.010127569137609815,0.010112367612254869
alt,conf_nonlin,t3,20000,2,0.4,900004,k2,quadratic,0.05,99,0.12015925745689747,0.10954560695028451,0.09008709963709083,0.07893860119464463,0.07880597940221239,0.07205632400002288,0.070872763334654,0.06922390194110518,0.06897796412918007,0.06829548433000344,0.06474548539474155,0.06328342185250828,0.06297683597891986,0.0624970432905318,0.06205356096268283,0.061891849594185665,0.06091896346804852,0.059139784838537865,0.05753712564560759,0.05461508087686636,0.05447840371063361
alt,conf_nonlin,t3,20000,2,0.4,900005,k1,linear,0.05,99,0.02135945291116914,0.01782081333594332,0.01657018238770336,0.013822742739712068,0.013742447640151867,0.012357791934742735,0.012287240296738,0.011955348356770812,0.011838834597506342,0.011674914173248174,0.01164125055228793,0.011560998015858082,0.010821089436254483,0.010717214886211357,0.010676394144332302,0.01065260197653195,0.010138094722857427,0.010136387065179941,0.00993588656458233,0.00990705698832095,0.00989714790372076
alt,conf_nonlin,t3,20000,2,0.4,900005,k2,linear,0.05,99,0.18427197170395487,0.12936004634976786,0.12702732352420237,0.11666495820497423,0.09881711136790161,0.09357056728446143,0.08298207976049067,0.08063165236468259,0.0778938195883182,0.07593780491229987,0.0715503568617469,0.07153025675841262,0.07089770480164272,0.07037155201735854,0.0703693325356797,0.06927286699090425,0.0686599502465533,0.06660156803085175,0.06619035823105067,0.06579359567656418,0.06558571928053247
alt,conf_nonlin,t3,20000,2,0.4,900005,k1,quadratic,0.05,99,0.02151746456727499,0.01301450138143534,0.012944903380016193,0.012817596503681417,0.012703011621371885,0.012426117108318535,0.012255473772814662,0.012160986343633495,0.012052116227656895,0.012037451812140665,0.011736574170098879,0.011495578831957953,0.011244888615308812,0.011180922833408546,0.010939547654605586,0.010575861012610543,0.010360488913993104,0.010167163237557397,0.010070248399429271,0.009999447721416477,0.009890459151582376
alt,conf_nonlin,t3,20000,2,0.4,900005,k2,quadratic,0.05,99,0.17969475018650918,0.1257111618732341,0.10937006022550719,0.10860130535367125,0.09352994121301615,0.08616702458776958,0.08459718025305739,0.0827045925632293,0.08210448228022824,0.07763760758724014,0.07238594089581399,0.07070072584065645,0.06940162212785435,0.06654083803815204,0.06626031567328565,0.06587779810081175,0.06537618641672881,0.06497484222798063,0.06462284661233346,0.06429133795068002,0.059647783101256735
alt,conf_nonlin,t3,20000,2,0.4,900006,k1,linear,0.05,99,0.025021970589539144,0.015732606944203198,0.013106738473192436,0.012798086582901602,0.012658594934298883,0.012505182427671624,0.012442006776316461,0.012247532762048818,0.012037938881699684,0.011893983760512539,0.011729171051928944,0.010654113840884438,0.010632046593084032,0.010609646839418785,0.010480996807747611,0.0104270621206497,0.010318538543640732,0.010127662388295211,0.010053551429688667,0.010031862282229409,0.009895767624565788
alt,conf_nonlin,t3,20000,2,0.4,900006,k2,linear,0.05,99,0.19774066811710328,0.11592802913059899,0.09763279583423845,0.09715572160142466,0.09597688843158973,0.09464640278835203,0.09292045079592158,0.08746437239246939,0.0869232374979819,0.08357031047099742,0.08165004167201553,0.0735934590564119,0.0732695008905472,0.07217807841267751,0.07198948678440847,0.07130972013438355,0.07093579741727776,0.07041316320416027,0.07016432763869965,0.06972311920367195,0.06920233176131073
alt,conf_nonlin,t3,20000,2,0.4,900006,k1,quadratic,0.05,99,0.025481698727250257,0.014321813933524274,0.01280973890317616,0.012370519302484784,0.012167422729645438,0.011596207681728421,0.011514360056158357,0.011452810035834982,0.011245542512215323,0.010374109725574066,0.010190848927250196,0.01004194364474753,0.009966630210681116,0.009648547381004624,0.009615815930564042,0.00951935899264822,0.009501764382136457,0.009487438813355786,0.009390000988654168,0.009369771038047703,0.009357764391593415
alt,conf_nonlin,t3,20000,2,0.4,900006,k2,quadratic,0.05,99,0.21690954775297977,0.14001688698933942,0.12488687778662286,0.10975324679452074,0.1032020553425633,0.10079230760978942,0.09370568097911916,0.09178527758782826,0.09119773613172061,0.09013484751029412,0.08892421826643185,0.08753958445770829,0.07965292465562633,0.07761239284879895,0.07697291299189997,0.07360361370738254,0.07302167402455811,0.07272762603347278,0.07022761225352804,0.07022349105527849,0.06886600991086901
alt,conf_nonlin,t3,20000,2,0.4,900007,k1,linear,0.05,99,0.0279881615662817,0.014365732272242027,0.013617375856745717,0.013174924484004147,0.013001171575818815,0.012845461688795079,0.012253145373531171,0.012048778763511181,0.012046281478843568,0.011250183985626605,0.010546156968785358,0.010501910559665317,0.010501790202430583,0.010348807460203835,0.009915127044342054,0.009841310368879586,0.009450707697044591,0.009278909623086085,0.009226913640084322,0.00905283432689541,0.009046181077069004
alt,conf_nonlin,t3,20000,2,0.4,900007,k2,linear,0.05,99,0.14865813009158732,0.0996935999561078,0.09927049330133036,0.09865823940072367,0.0976934792547942,0.09760785600346447,0.09583394756610036,0.09255317411763772,0.09093679694536565,0.08962528406657409,0.0818905519422264,0.0787966534721743,0.07695053605284763,0.07492194035438225,0.07338710068959887,0.07172542798465419,0.06954276666229804,0.06931094194730462,0.06807139912727063,0.06777852239827548,0.06725374543808839
alt,conf_nonlin,t3,20000,2,0.4,900007,k1,quadratic,0.05,99,0.02807760341520049,0.01480533554327268,0.0139307361519313,0.013269123719759301,0.012721616683891601,0.012697053045537254,0.012476773140406738,0.012433047528767949,0.012047424982364663,0.011819752064365585,0.011551143424492705,0.011516022910251111,0.011380283449368922,0.011059483683471316,0.010880728026237296,0.010334630263659106,0.010077925828727685,0.009828038712132225,0.009746071046124016,0.009582222253322614,0.009344225228442804
alt,conf_nonlin,t3,20000,2,0.4,900007,k2,quadratic,0.05,99,0.14652221108686117,0.10870611087823531,0.09930969055613896,0.09804668783364733,0.08926911562583907,0.08641576867806176,0.08226949339706979,0.07635771221267777,0.07583558361726284,0.0750104576636474,0.07480500798578582,0.07370143871819927,0.0716210109786386,0.07074105955265028,0.07015088667342964,0.06992166525329031,0.06975299103167304,0.06657140937948815,0.06594420242409421,0.06530943312918996,0.06365519785383379
alt,conf_nonlin,t3,20000,2,0.4,900008,k1,linear,0.05,99,0.02040224963650117,0.018189698635118434,0.013585969138535048,0.012312824172519887,0.012039131852580542,0.011926645087663834,0.011912885814730934,0.011781500905456821,0.01171171438542229,0.01159619908278775,0.011541586651582336,0.011405381824270422,0.011332462396208887,0.01129522975971664,0.010836438917479096,0.010653808204944104,0.010409102234426038,0.010128081150876711,0.010045235903566097,0.01001501078190914,0.009922545574604369
alt,conf_nonlin,t3,20000,2,0.4,900008,k2,linear,0.05,99,0.2061418605746744,0.11503697699978012,0.10017619372026057,0.09455965890706988,0.09323337111816177,0.08294670111175054,0.0776191149137833,0.06971806227081774,0.06952062375714839,0.06829784162812333,0.06727538388451906,0.0663916280273702,0.06381523117789056,0.0633064357521298,0.06294973243846956,0.06237010854760569,0.062250838617964786,0.06163920656185669,0.061594465513658866,0.0613393745504568,0.060190530209117875
alt,conf_nonlin,t3,20000,2,0.4,900008,k1,quadratic,0.05,99,0.02005150251984822,0.01586409112799736,0.014951353134090128,0.013520408439192999,0.012118573883253547,0.011440644122512889,0.011302160846074383,0.010968100591766117,0.010875783971261654,0.010657114248022181,0.010566240695450646,0.010175114870586532,0.010100067777611965,0.010035021958997747,0.009815779947199288,0.009679668919654216,0.009674799484272967,0.009652897586037934,0.009606191358121463,0.009574136378289744,0.009461530790015438
alt,conf_nonlin,t3,20000,2,0.4,900008,k2,quadratic,0.05,99,0.20475800406209843,0.08731875350277579,0.08186702441449242,0.08003674218415682,0.07909642683786057,0.07664471286228326,0.07518982997670035,0.07062200159893851,0.07050560754305366,0.07013444817837773,0.06852759261256271,0.06674957274542287,0.0661055763592608,0.06520001519028866,0.0650853482155636,0.06505836777454385,0.06486807566233725,0.062323118783900164,0.06171692532580537,0.06160248865792861,0.060566973010940425
alt,conf_nonlin,t3,20000,2,0.4,900009,k1,linear,0.05,99,0.033003402580185415,0.016935094020392394,0.014003396644418409,0.013140658502383995,0.013021297540799726,0.012775598926590859,0.012541194819246981,0.01240227040580888,0.011684289415706095,0.011667384994388907,0.011594560921612596,0.011117811885598683,0.010820596016690387,0.010805139156777832,0.010497202384486704,0.010408196469102626,0.01001055493984837,0.009231076750553235,0.009030565663903478,0.009018181254850433,0.008883029302861667
alt,conf_nonlin,t3,20000,2,0.4,900009,k2,linear,0.05,99,0.21168267013770337,0.13828444551250516,0.11899002791076009,0.11148302674711152,0.10221116584076326,0.09577595235744144,0.09260927605858964,0.08958969402259492,0.08800722348698599,0.08652947893968382,0.0863965446180061,0.08394443725083665,0.08385720849665446,0.07755470498414363,0.07404616028319798,0.0731515305721757,0.07284229800800784,0.07236803129069154,0.07061335952905819,0.06967414347159842,0.06796008799881016
alt,conf_nonlin,t3,20000,2,0.4,900009,k1,quadratic,0.05,99,0.03278173446327648,0.015240967379212544,0.013283879485820438,0.012583717001768413,0.011947558174903006,0.01178267870485894,0.010944424370808892,0.010824449509478806,0.010786986644953256,0.010772060497682312,0.01040143306739405,0.010234800053773196,0.009901125084106344,0.009805912780918802,0.00950942361939866,0.009488266056889794,0.009474066323402641,0.009343666572392828,0.009337851789151919,0.009320774182078884,0.009007535231114971
alt,conf_nonlin,t3,20000,2,0.4,900009,k2,quadratic,0.05,99,0.21012174057864258,0.12764744536375033,0.1131209203276374,0.10025809488601772,0.0996991048437197,0.09465340195739158,0.09088408692830716,0.08301985373533345,0.08152839152625457,0.07883541861564655,0.0785782585528836,0.07722330170997511,0.07517999349888803,0.07412691517952201,0.07254641639196965,0.07141320681187997,0.07137744201935432,0.07043553654874954,0.07038802024173985,0.07005872199288196,0.06938699807485628
alt,conf_nonlin,t3,20000,2,0.4,900010,k1,linear,0.05,99,0.03435294206206274,0.01563000612257559,0.015517340409055946,0.014166669869208337,0.013175429684751605,0.011563811166591553,0.011512863039470633,0.011475254935903512,0.011106443089359375,0.010630794988304326,0.010552268939599485,0.010435846931331816,0.010353924133895576,0.010273059543286722,0.010236022465677341,0.010225710701860402,0.009777150375748112,0.009342400124560446,0.00930420315524183,0.009296677094202344,0.009210546352386162
alt,conf_nonlin,t3,20000,2,0.4,900010,k2,linear,0.05,99,0.19129920577729165,0.11971188634764003,0.09113523714563425,0.09058364813166822,0.08547951550065015,0.08392597201862863,0.08325000774284876,0.08308781307499224,0.08182002215881702,0.07469855319002688,0.07080553790136195,0.07042286391909224,0.06962185079204466,0.06674921890407103,0.06524922576531186,0.06361332363013208,0.06343475428230978,0.06314899520856294,0.06301450367249409,0.06250678458252397,0.06223621341634573
alt,conf_nonlin,t3,20000,2,0.4,900010,k1,quadratic,0.05,99,0.034402715091443214,0.018238619319487448,0.01792275841967561,0.014906385997371818,0.014619762583057638,0.01213853925777475,0.01205418796883062,0.011924941772779918,0.011024509523212322,0.010850167618311701,0.01024508380528133,0.010151833159841694,0.009807994218748006,0.009802391585441272,0.009470025152759631,0.009262519113279133,0.009181794392616127,0.00901320951766793,0.00900398522191559,0.008946303887526263,0.008916713588553615
alt,conf_nonlin,t3,20000,2,0.4,900010,k2,quadratic,0.05,99,0.19076411663807966,0.14020403758047215,0.1154803454803326,0.09719041076332285,0.08822717672248866,0.0872854298825923,0.08437597625293941,0.08401047004751293,0.0797083948937267,0.07889356147197873,0.07563943466946647,0.07326695610254472,0.07003115505753423,0.06981869287256945,0.06709644192763292,0.0670396327126349,0.06540552205836285,0.06409258286377234,0.0625955136248701,0.06076784287444926,0.05693871122349198
alt,conf_nonlin,t3,20000,2,0.4,900011,k1,linear,0.05,99,0.03825195558163119,0.018689941794772458,0.014360066083261125,0.014223240683776006,0.013047271100274482,0.012582093738997324,0.012067246064333514,0.011824002186651139,0.011589320731921093,0.011341911291929407,0.010964080641439389,0.010294002015053816,0.010239281836104452,0.010183733760175895,0.00985349063324148,0.009622928735297798,0.009565105181049804,0.009446979297298874,0.009386385059402258,0.009360522469644916,0.009165732041608088
alt,conf_nonlin,t3,20000,2,0.4,900011,k2,linear,0.05,99,0.1967303266402262,0.13470753260274093,0.09395769144719526,0.09205572848396318,0.0893553778881164,0.08691909113207294,0.08497211696506402,0.0807263815197499,0.0792190090665061,0.07850311514764259,0.07689516515410658,0.07349032141008094,0.07302506563487232,0.07288715591275852,0.07123499347829418,0.07051238723742662,0.06842011793749553,0.06651047965201491,0.06628731181691136,0.06580162406753083,0.06489101105421062
alt,conf_nonlin,t3,20000,2,0.4,900011,k1,quadratic,0.05,99,0.03787352232707253,0.015877036521497967,0.013713351656970518,0.012737691735022039,0.012723934435255657,0.012329214295472402,0.011787946846913422,0.01174771879937686,0.011569380920495531,0.01118412098457644,0.01088646463508669,0.010331350505111803,0.010199489673981987,0.010189782186425855,0.010156871692418523,0.010074041180102133,0.009993685129643826,0.009716613814447994,0.009592872581746015,0.00932257076523213,0.009301362919830747
alt,conf_nonlin,t3,20000,2,0.4,900011,k2,quadratic,0.05,99,0.18905955209903824,0.13751811978363862,0.13295439385260777,0.13111695895178563,0.11272880881566014,0.107548213507187,0.08900793524019439,0.08815940905861758,0.08396441487151984,0.0833891946714598,0.07991201798458879,0.0785531264723533,0.07710485189593382,0.07401400199696004,0.0736863874031311,0.07315391861055884,0.07207025779144008,0.0711263701970189,0.07091046792932017,0.0700115424301351,0.06864212905382358
alt,conf_nonlin,t3,20000,2,0.4,900012,k1,linear,0.05,99,0.029706827323013774,0.01609166964264297,0.015315964845089236,0.015081696106141629,0.012829478367800573,0.012748569210270122,0.012352435173547005,0.012113071344643012,0.01161456061818722,0.011525015042101572,0.011444084020372669,0.011428870649876965,0.011403584153397484,0.01131738915511793,0.011316939225376355,0.011023954166253902,0.010922101097962544,0.010643418448428532,0.010406663360683188,0.009840207752446872,0.009837964681295719
alt,conf_nonlin,t3,20000,2,0.4,900012,k2,linear,0.05,99,0.15115904451813708,0.1313166523390892,0.12161584351921303,0.11271688855986751,0.11139353193834979,0.10655498918339691,0.09772768521669349,0.09692153946124384,0.08867807962954383,0.08695174902017196,0.08004952048486023,0.07798670699812253,0.07362164026757481,0.07263376146661944,0.07198424061816235,0.06701873316308181,0.0663611102823102,0.06589598261645344,0.06478268228051473,0.06407502337545862,0.06350987303983045
alt,conf_nonlin,t3,20000,2,0.4,900012,k1,quadratic,0.05,99,0.029861772401556963,0.016367644587301,0.014312576550190803,0.014225781495640799,0.013395472587027557,0.012440853446895828,0.011542098194283201,0.011216902531158923,0.01106714551872734,0.010827675066998443,0.010686825952310963,0.010601463038265702,0.010514618174034651,0.010128621236507374,0.010127614114475492,0.00980056605458468,0.00964096325690067,0.00929905603076775,0.009194524624527411,0.009174029189801147,0.008688132212640975
alt,conf_nonlin,t3,20000,2,0.4,900012,k2,quadratic,0.05,99,0.15137967618890083,0.12963215684228735,0.1100414226172541,0.0987491212030531,0.08904884810056449,0.0889526933337682,0.08768113945664933,0.08293206099775659,0.07691052576439142,0.07474604450920196,0.07464037646744986,0.07375348552926093,0.06956542118144912,0.06879944010673289,0.06700201313580795,0.0659516700466453,0.06593676923489378,0.06530466400973353,0.06524552850458021,0.06513183455374136,0.0647748011116015
alt,conf_nonlin,t3,20000,2,0.4,900013,k1,linear,0.05,99,0.036683548852216696,0.015351275954733845,0.012207707892341046,0.012179571177519777,0.011620203313779442,0.011302647040548397,0.011121758479753052,0.011040956431095483,0.011002206626717803,0.010638788244533903,0.010513919730008925,0.010495188029097657,0.010040265558041273,0.009924969919599125,0.009833463899555195,0.009687534984711199,0.009567609946312894,0.009438739871387658,0.00936260788533172,0.009106579377047508,0.009027303115316965
alt,conf_nonlin,t3,20000,2,0.4,900013,k2,linear,0.05,99,0.16849462651631136,0.10861051095742345,0.10776778066930774,0.09593879067652993,0.09451311626489886,0.09273953928514064,0.0897876093047181,0.08790536766278591,0.08553972189068945,0.08553490952562084,0.08511224855580715,0.08451154073881717,0.08360365667607608,0.07613931756060903,0.07439578647564163,0.07289803367226183,0.0711722280260652,0.0698855753969019,0.06781606100805257,0.06683639118086811,0.0657602609356165
alt,conf_nonlin,t3,20000,2,0.4,900013,k1,quadratic,0.05,99,0.03644934779164355,0.01291396079536955,0.012772740854676945,0.01244670344826082,0.011691338393854056,0.011476034594440576,0.011326387696498408,0.011137757757210931,0.011020469941319999,0.010922330560465321,0.010682392274058872,0.01065649089079812,0.010563448700004807,0.010476223395209261,0.010003142816586652,0.00986120566730675,0.009718373153191684,0.009662607703156745,0.009197540556367345,0.009091771529310066,0.009088658925539117
alt,conf_nonlin,t3,20000,2,0.4,900013,k2,quadratic,0.05,99,0.16880525053402667,0.14218259593238164,0.11085125813806837,0.09845980876401343,0.09776148422874043,0.09716250736204021,0.09429066580378993,0.09371443624933203,0.08577209950476944,0.0816448657288753,0.07864682442596527,0.07810630965948177,0.07711080890305314,0.07680301695656375,0.07436089370987581,0.0736800673375905,0.07346452339563597,0.0714773366955745,0.06608394925798362,0.06529782049630636,0.06486459831823721
alt,conf_nonlin,t3,20000,2,0.4,900014,k1,linear,0.05,99,0.02874422200837623,0.015131325074046797,0.014398052872389822,0.014019824235379286,0.013373313753639038,0.013105826125108466,0.012762160750441454,0.011252019047100048,0.011133883228576558,0.010599272161428419,0.010577280030745762,0.010183739879733533,0.010106288938879437,0.010062868258892133,0.01002436580249022,0.00988519647582109,0.009790782273905618,0.009381071397952079,0.00918859474548861,0.008731452711318366,0.008730614718208796
alt,conf_nonlin,t3,20000,2,0.4,900014,k2,linear,0.05,99,0.16533375174895415,0.15270974625356554,0.10457558825347053,0.10147974331575584,0.10004929764392763,0.0922603823527496,0.09102054364774112,0.08605167829557447,0.08572463887853848,0.08519223859541603,0.0830916132719387,0.07924702206061948,0.07820430040507864,0.07602146660527477,0.072913651034828,0.07232991964960807,0.07174961923463168,0.07026092825835711,0.06855362990022594,0.06654896480049464,0.06474457677333394
alt,conf_nonlin,t3,20000,2,0.4,900014,k1,quadratic,0.05,99,0.028399713226470058,0.01327383234894608,0.012476575355582664,0.012462866416992124,0.011721119574611638,0.011458464029213689,0.01084606689405887,0.010545010086135176,0.010468252280559365,0.010382515891204314,0.009949286539031044,0.009903781220157226,0.009850392818681497,0.009736674018084535,0.00967856982505333,0.009648947999037483,0.0094077874977887,0.009360149654597638,0.009340936654952392,0.00898969735275712,0.008928556754171368
alt,conf_nonlin,t3,20000,2,0.4,900014,k2,quadratic,0.05,99,0.16912729832346823,0.1623227422946237,0.11245948056469483,0.09236191146916319,0.09097657951642842,0.08869155580893318,0.08672570636691816,0.07902976860634556,0.07749159383603758,0.07747361319855961,0.0736852928353542,0.07070905093376816,0.07023693124495282,0.07008846380144092,0.06934362330720008,0.06910091544803758,0.06853746893721585,0.06804640764157403,0.06639546226024776,0.0661623722788385,0.06587122733172983
alt,conf_nonlin,t3,20000,2,0.4,900015,k1,linear,0.05,99,0.03367272317986525,0.015037547799491957,0.012238058101331606,0.011897421464301505,0.011685946667194913,0.011414501214776718,0.011323048455084472,0.011160072643589425,0.011034698334125181,0.010202146536296475,0.009959628915400809,0.009814114700006149,0.009721898087580061,0.009617236331566859,0.009525424573464392,0.009514188044848382,0.00909760486020661,0.009048543497633066,0.009007707697367362,0.008986103762740227,0.008979043813327148
alt,conf_nonlin,t3,20000,2,0.4,900015,k2,linear,0.05,99,0.2338583872618445,0.1915410415427721,0.12286790792566833,0.11384910986400894,0.09856260700016153,0.09013683333329846,0.08783882911130211,0.08709746068631949,0.08650322202786837,0.08509347696921046,0.08364429979906317,0.08123219611616207,0.07890807986173218,0.07697593237035281,0.07661569899388827,0.07630898880364051,0.07296293254685365,0.07264646154630977,0.07254521023388731,0.0718146671283076,0.07067707727250967
alt,conf_nonlin,t3,20000,2,0.4,900015,k1,quadratic,0.05,99,0.03249702854301073,0.016181469111990143,0.01533403064491079,0.014732435339323668,0.01397511594037304,0.013604437761679966,0.012957811850952017,0.012458558598093639,0.011570285656751778,0.011428644053021908,0.011111815286987348,0.011107983891014195,0.010529406934815744,0.010402944424141247,0.009949118164985449,0.009930362600914067,0.009826836629530988,0.009781088941268168,0.009615176802426961,0.009537270571247092,0.009306715154774325
alt,conf_nonlin,t3,20000,2,0.4,900015,k2,quadratic,0.05,99,0.23120044372143547,0.13644991638096843,0.10151988308230231,0.10108087340888439,0.09533705147879543,0.09484106364066595,0.09472512371994243,0.09259988119440485,0.0919786682457715,0.08560071102651652,0.07785794294078552,0.07454417026961217,0.07405161999758932,0.07364875746843691,0.07348478084847852,0.07159433523363128,0.07027554254585439,0.06843827109076295,0.06802930560448225,0.06745975730601084,0.06708386044395093
alt,conf_nonlin,t3,20000,2,0.4,900016,k1,linear,0.05,99,0.02103242726254151,0.013451303910526735,0.011812246905087642,0.010863153481427634,0.010843189794261132,0.010521320178734417,0.010263651946955998,0.01025256899841398,0.009926692572763463,0.00986696721548097,0.009827390406944025,0.00959174634354898,0.009477085391196072,0.009194407408481653,0.00916432444968207,0.009139677035563842,0.008958400757809404,0.008835425433809552,0.008760637731262788,0.008718107519325335,0.008519941407012177
alt,conf_nonlin,t3,20000,2,0.4,900016,k2,linear,0.05,99,0.28154634238947224,0.11673001116186418,0.0984022882139742,0.09683262068807572,0.09679278714735691,0.09436634985929744,0.08475818190785732,0.08342083706491704,0.08249007064473242,0.08032483119324997,0.07971415108031062,0.07821223862155416,0.07798783778591632,0.07689325046232189,0.0734357113928329,0.07205962875557834,0.07163529742871853,0.07086463356771507,0.06912165398440702,0.06827195642277537,0.06802517935529732
alt,conf_nonlin,t3,20000,2,0.4,900016,k1,quadratic,0.05,99,0.020748001693862816,0.016416476202180674,0.016063117435423324,0.011528227313116424,0.011053030789007656,0.010986496528350376,0.010823051724396349,0.010745928797122328,0.010667628509816174,0.010640512357364296,0.010616129971975252,0.010579583437733797,0.01024286023608445,0.010212940652533753,0.010212242329919019,0.009975285365430131,0.009962069922450856,0.009798979304426636,0.009711257894750247,0.009651951118818003,0.009567851890372014
alt,conf_nonlin,t3,20000,2,0.4,900016,k2,quadratic,0.05,99,0.2867846721356243,0.12243765669821674,0.10593986303885279,0.10470291897747494,0.10242312447748075,0.09132745524185192,0.08863493204297176,0.08565848701684034,0.0816182390946484,0.07984566075280858,0.07350298748133512,0.07224809318684167,0.07207868653708023,0.07010791934904187,0.06977141266726512,0.06915095840643169,0.06900599775077504,0.0681287400838029,0.06708786471734528,0.06697761143577505,0.0661783673533067
alt,conf_nonlin,t3,20000,2,0.4,900017,k1,linear,0.05,99,0.027306029641783858,0.016394235323703765,0.016144642721632185,0.015614608871972191,0.013833690481111716,0.012784966487292548,0.012508387022850065,0.012206625437759078,0.011573389765344944,0.011282947322592163,0.011184928783494641,0.010722653818577066,0.010561330996154972,0.010496943875043296,0.010439037751417635,0.010435211790442267,0.01031658099127386,0.010152143344261955,0.010061949435004047,0.009947822956233976,0.009919719653353365
alt,conf_nonlin,t3,20000,2,0.4,900017,k2,linear,0.05,99,0.17657383466416857,0.13221284937092306,0.1060978843137293,0.09861700275173917,0.09763846677462622,0.08603912596561497,0.08525753336504831,0.08217092073291395,0.07652962251353615,0.07631376299926994,0.07473182305068307,0.07315294666858267,0.07312006315787328,0.07295398336693255,0.07293253040673867,0.06889561557147696,0.06838383021988309,0.06648028179437798,0.06496587605227781,0.06417073475263466,0.06361329049522534
alt,conf_nonlin,t3,20000,2,0.4,900017,k1,quadratic,0.05,99,0.027168689592854567,0.012937376015848323,0.012580907041266243,0.011481569659597679,0.011435119086074197,0.011368242972164766,0.011258643844309746,0.011053275381860739,0.010254889016717894,0.01011253126347067,0.009984389193458898,0.009891640327961526,0.009752169559103518,0.009751062056533977,0.009679889639078176,0.009583200333782571,0.009447913836136634,0.009401263103765434,0.009190211322814279,0.009149874202827868,0.009139614227405168
alt,conf_nonlin,t3,20000,2,0.4,900017,k2,quadratic,0.05,99,0.17895611535773653,0.10056908947867844,0.091364493208291,0.08710390839223454,0.08469166474284724,0.0846459296269125,0.08283716496702961,0.08056372101876222,0.08048372895678277,0.07726970854103035,0.07700174311557516,0.0768241316091394,0.07669414183652724,0.07644760498438573,0.0749556512451586,0.07266417875442337,0.07235759057781503,0.07231176633152044,0.07076488962133413,0.06998759211638746,0.06773682329245989
alt,conf_nonlin,t3,20000,2,0.4,900018,k1,linear,0.05,99,0.023556275804585525,0.01610863833694387,0.014695549326330548,0.01464893303758863,0.014526889582761271,0.013728186453070834,0.013218278718887921,0.0125851808913795,0.012487057784792976,0.011620663522256436,0.011159045093392383,0.011075547444932887,0.010994025538650587,0.010419168982717442,0.010371961873860802,0.01024971852435319,0.010106341371070582,0.009645601986065788,0.009437528608369994,0.00928285240296689,0.009258812863583765
alt,conf_nonlin,t3,20000,2,0.4,900018,k2,linear,0.05,99,0.21185847053273124,0.15129348347781849,0.12301321408411538,0.12173423024489462,0.11352802058607558,0.09326891405724676,0.0865767534517549,0.08574037389455134,0.08455773821080989,0.0833852080469062,0.08257527381807934,0.08197899499132218,0.07970959320186681,0.07557120067274482,0.0734535194442454,0.07313162173500593,0.07187640893080421,0.07082249158863854,0.0700505385692905,0.06867491850637848,0.0681387851546062
alt,conf_nonlin,t3,20000,2,0.4,900018,k1,quadratic,0.05,99,0.023482087594532963,0.01576356535114143,0.01427114655799877,0.011903884142432264,0.011551670412260684,0.011287629569967983,0.011072258114278699,0.011039023060797293,0.01099783341590621,0.01078442193624396,0.010735546324032286,0.010634515907368414,0.010620873213356363,0.010609937541563141,0.010451186642279287,0.010296680258430335,0.010230282058037887,0.010108160247077835,0.009986137494886416,0.009964413505873626,0.009705977570820479
alt,conf_nonlin,t3,20000,2,0.4,900018,k2,quadratic,0.05,99,0.20852111493387587,0.10961985041962131,0.10803896807879766,0.10200130634863688,0.09618566633864056,0.09142812857003257,0.0906874495848507,0.07803046094346384,0.07783966979756919,0.07737454953170635,0.07589880827244092,0.07493886024214,0.07383059202951987,0.0737566827834466,0.07227305945389026,0.07221326152499742,0.07179264805247057,0.0711406210233006,0.06784464544374168,0.06733020908307513,0.06658162575458952
alt,conf_nonlin,t3,20000,2,0.4,900019,k1,linear,0.05,99,0.03123638141990792,0.013089887678413903,0.012213711360592905,0.01193863609700696,0.011655576611122154,0.011611004237973344,0.011506828128308833,0.011385893854803708,0.011023383668753106,0.010976929570689409,0.010903472777412437,0.010744773612479719,0.010672717318092162,0.010670833677147606,0.010616103085600348,0.010518500426505373,0.010473072517156012,0.01011799871186847,0.009855888837011384,0.009776241403961605,0.009481671625075516
alt,conf_nonlin,t3,20000,2,0.4,900019,k2,linear,0.05,99,0.2652789081776082,0.10124542907507346,0.0933699989167703,0.08999986081557183,0.08707593597865995,0.08554376139851172,0.08411251759308505,0.08036136391421121,0.07985104489171994,0.0770045328724488,0.07549428518875707,0.07144106270995432,0.07006327541824872,0.06915666894964954,0.06778731777969313,0.06689917305072149,0.06595802226876504,0.06458587996495192,0.06449039338516582,0.06398319088005709,0.06378706551818958
alt,conf_nonlin,t3,20000,2,0.4,900019,k1,quadratic,0.05,99,0.03166308980967458,0.014391907159187145,0.014076484171034798,0.013100418431752026,0.013077245074775923,0.012678452055559508,0.012244452410808515,0.01211631231586252,0.010971599592371262,0.010962213758531458,0.01094970531378725,0.010653480045219377,0.010425971565531378,0.01041982917906037,0.010415840667670095,0.010115484917842532,0.00993759699626906,0.009912926495303953,0.009878503216993129,0.00967969673643021,0.009592653599075907
alt,conf_nonlin,t3,20000,2,0.4,900019,k2,quadratic,0.05,99,0.27367876823655385,0.1296861856177826,0.11024119167131506,0.09852821908512918,0.08871116420830738,0.08487624125098298,0.0834164013796329,0.08233906231611125,0.08207123292211206,0.08187226053508545,0.07818954222044569,0.0741964587289251,0.07252896977920774,0.0724634534844092,0.07161856736786969,0.0707019307136523,0.06995215361710895,0.068093230802575,0.06774181678644524,0.06456077286908714,0.06452910203521929
alt,conf_nonlin,t3,20000,2,0.4,900020,k1,linear,0.05,99,0.02725324507614002,0.015141486398837167,0.014885455955972793,0.01481085442580432,0.014800497945537838,0.01426364100756583,0.01346112665339183,0.012862623536935125,0.011701774430092349,0.011678408357141401,0.011095599693383584,0.010999326623557737,0.010780149868275024,0.01050004691112505,0.010428531770954486,0.009864095766927483,0.009680592256869458,0.009603041087490993,0.009576051634434757,0.009532077780549875,0.009528921603568774
alt,conf_nonlin,t3,20000,2,0.4,900020,k2,linear,0.05,99,0.14960463495353865,0.15498469569254641,0.1349432036314362,0.12109280339761108,0.10073075456405153,0.08956018972317333,0.0869584656260431,0.08319901213473727,0.07557529354399606,0.07551718606033013,0.07394779846008999,0.07285229049509306,0.07275937478435242,0.07257500315604076,0.07242255036769274,0.07229252432007788,0.07224999722052966,0.06833429712946881,0.06806126546593012,0.06703136521980169,0.06595943849016311
alt,conf_nonlin,t3,20000,2,0.4,900020,k1,quadratic,0.05,99,0.02690593542327968,0.01643808914748557,0.01544922171282026,0.014999431968556132,0.014311836443773429,0.01303381010561433,0.013012889320182297,0.011979864774872895,0.011815833471548354,0.011632780670160603,0.011479182962187306,0.011217271803616868,0.011195921213492221,0.010992711093912755,0.010784334440865018,0.010308546842104138,0.010238000096487121,0.009988738317523227,0.009905068720802324,0.00982570319624676,0.0096017487099056
alt,conf_nonlin,t3,20000,2,0.4,900020,k2,quadratic,0.05,99,0.14661530350721944,0.11004190645866298,0.09470079487189463,0.09035787159128794,0.0888737126797059,0.0857301216378553,0.08390787491214327,0.076153465462744,0.07579182860724867,0.07406553930271607,0.07058273719006451,0.06987728365330867,0.06782532964539317,0.06628602137516312,0.06409251257040871,0.06327135227881477,0.062059882063175836,0.060467260977007956,0.058908083646758765,0.058211636003660215,0.057094313643078286
alt,conf_nonlin,t3,20000,2,0.4,900021,k1,linear,0.05,99,0.025185497380366684,0.016326804724862587,0.014208180285586458,0.012505908622867157,0.012121779541942601,0.011784891226235494,0.011103444018597086,0.011012481121094764,0.010756181881287574,0.010633748881555438,0.010401176424263747,0.009831112148470766,0.009804649768619611,0.009796064903283552,0.009654520126630706,0.009544414526088896,0.00940111443622793,0.009180510615781068,0.00909379536010102,0.00899251364307152,0.008832414645906561
alt,conf_nonlin,t3,20000,2,0.4,900021,k2,linear,0.05,99,0.19180790978269577,0.12476158479620611,0.12221250471338856,0.1037344637751477,0.10180444746802696,0.09727079552403517,0.09573090161694502,0.09209311297297255,0.08124134353863653,0.08072103422330378,0.07953915918562549,0.07640400626273487,0.07631661421558422,0.07526229736290789,0.0745984339873228,0.0742861932568151,0.07131502042136628,0.07128718146775237,0.07011294309884003,0.06717851496385698,0.06430452042659929
alt,conf_nonlin,t3,20000,2,0.4,900021,k1,quadratic,0.05,99,0.02525950873074534,0.016917855076048927,0.01425064034386303,0.012347246252025879,0.012031312084789358,0.011662657609672888,0.011633272670183437,0.011488413824783272,0.01140086027057663,0.011188673480827749,0.010754316199351965,0.010030716020610564,0.01001269820825601,0.009963379879228018,0.00995191691630204,0.009919249239646044,0.0097878741889591,0.009470146454080175,0.009403531611690386,0.0093480835623041,0.009321464618948005
alt,conf_nonlin,t3,20000,2,0.4,900021,k2,quadratic,0.05,99,0.19880513051230309,0.1282687776583897,0.11482893271879437,0.112995380704782,0.10137218307573495,0.08671635465200972,0.08626301912197601,0.08587607113671837,0.08568861656729125,0.08550269661769314,0.07491825970153206,0.07266115294203286,0.07012415205396659,0.07009446480661112,0.06962681168705305,0.06831548721242753,0.0675658224229095,0.06744425117622495,0.06470371173723079,0.063289047709469,0.06215164671929273
alt,conf_nonlin,t3,20000,2,0.4,900022,k1,linear,0.05,99,0.024919999102437584,0.013970146522974014,0.012308371818805952,0.012128039090843146,0.012015798200795236,0.011584712817625076,0.011308646692500202,0.010765380263042856,0.01071292672659252,0.010652131836684453,0.010506656581664164,0.010484506557987716,0.010415861973041896,0.009926506773140664,0.009669397914592759,0.009655515020123628,0.009604365463135367,0.009523806760886155,0.009409766348810966,0.00940308971372128,0.00930184488954977
alt,conf_nonlin,t3,20000,2,0.4,900022,k2,linear,0.05,99,0.18849837844017817,0.13459189648009678,0.10738527208766664,0.09551787938818063,0.089487938787402,0.08754179983690029,0.08338438774989802,0.07999361535817746,0.079972458126769,0.07814555280046606,0.07713116788038824,0.07511683839430139,0.07462223789903535,0.07419721228088762,0.07363897898702006,0.07266330622210751,0.06916818752665535,0.06915552826096472,0.06816639382851855,0.06707860152597309,0.0662595274659079
alt,conf_nonlin,t3,20000,2,0.4,900022,k1,quadratic,0.05,99,0.02466779287690546,0.01470598455293648,0.0140356373028524,0.012632902307161409,0.012478582251016834,0.01201872195852094,0.011850126017243001,0.011810024902818794,0.011534524730476337,0.011484082884765767,0.011261083669128813,0.011107044171066893,0.010984933071052416,0.010786974505097913,0.010447246952598466,0.01043109725368152,0.010244325752921002,0.010200544025330105,0.010015056289123803,0.00997762991860962,0.00985668658129224
alt,conf_nonlin,t3,20000,2,0.4,900022,k2,quadratic,0.05,99,0.1891495050632288,0.10769094340779377,0.10629799696076747,0.10459523750210675,0.09415780591227955,0.0912501482126262,0.09057617231302295,0.08953945153407417,0.08889982044914285,0.08051563767374442,0.07899872455665202,0.07653646448970122,0.07521751881235546,0.07359767476107874,0.07127817886433085,0.06793695181930062,0.06757199898744351,0.06727670825261117,0.06698550584744713,0.06682951917215424,0.06461154249375428
alt,conf_nonlin,t3,20000,2,0.4,900023,k1,linear,0.05,99,0.025368938907456506,0.013539590751736608,0.012573461119657181,0.011084392951161703,0.010760821274249155,0.010680257931398485,0.010605917670207798,0.010473973851944374,0.010412317607906063,0.010394060501128788,0.010275205095148787,0.010233587886084528,0.010219833621733954,0.010207779420095542,0.01014908319319141,0.01014585006687918,0.010006186957376428,0.009709174103605278,0.009630394947253706,0.00954228562362025,0.00951085508434435
alt,conf_nonlin,t3,20000,2,0.4,900023,k2,linear,0.05,99,0.18532055131466768,0.13638426765736394,0.10982845411833618,0.09964655941184637,0.09706593969105215,0.08593586498153599,0.08150087055010778,0.08111082331950115,0.0790466669809359,0.07732425888159876,0.06874356529490874,0.06788669098526906,0.06260904822913234,0.0611729726031177,0.061144989369179246,0.06029136811274619,0.05976268670528596,0.05928962016005065,0.05825862320063164,0.058066844058894555,0.05748427012053005
alt,conf_nonlin,t3,20000,2,0.4,900023,k1,quadratic,0.05,99,0.025440132334485277,0.015243713756490251,0.014379004680418084,0.01422844831459169,0.01349398908513244,0.013298895035329661,0.013064085946419945,0.012650219537247764,0.012243180536993248,0.011697472552481103,0.011665760150494697,0.01134511741607247,0.011222211935684956,0.011191149513611665,0.010991154393032332,0.010839540232354228,0.01064429918548715,0.009615138954260583,0.009583372953790859,0.009501878405573705,0.009500096738946362
alt,conf_nonlin,t3,20000,2,0.4,900023,k2,quadratic,0.05,99,0.17866838034944493,0.12556234836253274,0.11603240143901039,0.08807723333221765,0.08796062994832021,0.08529121456267551,0.08491790858232037,0.08396331613661641,0.07901525497577422,0.07667425583340508,0.07572948757255003,0.07189324656137737,0.06780802361037616,0.06722994976398079,0.06625110636507614,0.06455518703958568,0.06381567878095469,0.06373881577882051,0.06271664583245509,0.0624558999056244,0.06244303293439694
alt,conf_nonlin,t3,20000,2,0.4,900024,k1,linear,0.05,99,0.02767962136349611,0.012934088881897177,0.011970053116275747,0.011394667327408792,0.010962926060550826,0.010882040167178864,0.01074238783096515,0.010452020287590735,0.010406971995842174,0.010357843452556303,0.010255551530808371,0.01016591612629425,0.010025914662235236,0.010006539174020057,0.009981029045860734,0.009701016103202953,0.009477139222293873,0.009287690188848674,0.009008211470637129,0.008821072632182014,0.00872534582447182
alt,conf_nonlin,t3,20000,2,0.4,900024,k2,linear,0.05,99,0.13916476672751316,0.10229572688359767,0.10141662666294872,0.09451213253263617,0.0883793450793094,0.08818608504768671,0.08337758733348635,0.08211241357370865,0.08118465852038786,0.07993859473545503,0.0789489194875924,0.07787970907863934,0.077235231639672,0.07356613017935856,0.07351420681119059,0.07262688549091072,0.0711636220846269,0.06924916937080165,0.06689674211025369,0.06672589513514156,0.0662627880437873
alt,conf_nonlin,t3,20000,2,0.4,900024,k1,quadratic,0.05,99,0.027685498176915235,0.013887536166929837,0.013301559379504058,0.013272555762125715,0.01313986357784247,0.013061654442525827,0.01180648721453137,0.011721162647997052,0.011674765310036528,0.011431279422168261,0.010978136917274006,0.010914096401428819,0.010593805876301654,0.010393421200114994,0.010218282622798225,0.009916541294179293,0.00968501198059124,0.009683663134143039,0.009668984278171644,0.009632135144748588,0.009493048870930942
alt,conf_nonlin,t3,20000,2,0.4,900024,k2,quadratic,0.05,99,0.1453206755419724,0.10373917214166042,0.09522872267370303,0.09080076154708032,0.07844290591409837,0.07694964292844014,0.07331767368760665,0.07285542270349223,0.07179248168721657,0.07121214888323209,0.06804005744632104,0.0674077400656503,0.06731204813892656,0.06621609537307889,0.06584813763424356,0.06584787255140127,0.06303432359401424,0.061399863028580984,0.0610699532210884,0.06070873016674489,0.06062106265753905
alt,conf_nonlin,t3,20000,2,0.4,900025,k1,linear,0.05,99,0.030618352266283955,0.011861576373417337,0.011701176163967042,0.01163531181942079,0.011620420811530918,0.010932787200125804,0.010910134329073284,0.010697763303085028,0.010689479256258405,0.010477680010646195,0.010340200950478162,0.010209154669992393,0.010096174938405311,0.010081920472783001,0.010020314417273246,0.00984878652699972,0.009809688410905126,0.009716950825324755,0.009492230556600423,0.009476556488317911,0.009399344536820564
alt,conf_nonlin,t3,20000,2,0.4,900025,k2,linear,0.05,99,0.18076278447776695,0.11050261355613893,0.10502810741613337,0.09898286959823119,0.09706173846682149,0.09218593565183758,0.09112106366734204,0.0878601440131016,0.0846120047060834,0.08043882484271192,0.07694880628373624,0.07444430965087284,0.07336591397117019,0.07294443983229136,0.0720283305752449,0.07154049326569206,0.07112262079397089,0.0693459064710446,0.06632800633265422,0.06540505724402018,0.06348291284021745
alt,conf_nonlin,t3,20000,2,0.4,900025,k1,quadratic,0.05,99,0.030857854602567847,0.018738224695749706,0.01568733561081359,0.01502138038841172,0.014015584653059077,0.013588873388842626,0.013416428600295238,0.011499280121303745,0.011485739067311873,0.011335551068362149,0.011335466043485232,0.011308384435948171,0.010911947927073062,0.010779097426767525,0.010689265252350921,0.01068484670811698,0.010353033201650708,0.010158311100609163,0.010147552651496139,0.009950737582909985,0.009798355940099701
alt,conf_nonlin,t3,20000,2,0.4,900025,k2,quadratic,0.05,99,0.19319114708054214,0.15640244859590757,0.11767476982257077,0.10763805474799479,0.09926985177004044,0.096690852836545,0.08077926825372136,0.0783399210286474,0.07720741983996268,0.07443451932155025,0.07425158077426204,0.07403577763280937,0.07195668784036069,0.07187682182281893,0.07166768982041204,0.07055459229361603,0.0702258462465382,0.06933772190395439,0.06839282233140491,0.06621323487482648,0.06565335324211435
alt,conf_nonlin,t3,20000,2,0.4,900026,k1,linear,0.05,99,0.01672255142408241,0.013838232777775183,0.013076233455404318,0.012290364672711274,0.01104763946269327,0.010900233641952584,0.01076148955390499,0.010449097828171272,0.010414004069523086,0.010404498574748677,0.010280715312886657,0.010211955786308513,0.009747598114376754,0.009727854913825107,0.009631086414095047,0.009586688177473657,0.009458621197235617,0.009403592026554497,0.009278921470023183,0.009246930327922454,0.009208714210039326
alt,conf_nonlin,t3,20000,2,0.4,900026,k2,linear,0.05,99,0.28788853903563244,0.1069186444226086,0.09942115640948551,0.09838638753344078,0.0907407430578691,0.08401819328879702,0.08128736860836339,0.08076522983258011,0.08027746816634888,0.07852426163005279,0.07276837745346765,0.07019988882117587,0.06708105565169285,0.06569639643443963,0.0654254240829034,0.0646404021021865,0.06422680532117749,0.06150498679297673,0.06120301366660092,0.060604031442502745,0.06027023698538457
alt,conf_nonlin,t3,20000,2,0.4,900026,k1,quadratic,0.05,99,0.016512331203745956,0.016083859578757798,0.013587867334356796,0.013181844644494012,0.013147988022131685,0.012939678192821935,0.012156982108167735,0.011677740229268707,0.011555526357326373,0.011469505400381497,0.01121720985446617,0.010956414919462532,0.01075390509587737,0.010743148679986936,0.010279970274643668,0.010228240292695201,0.010190526252132126,0.010174411083937906,0.010015417087459344,0.010004996190802307,0.009979741068274373
alt,conf_nonlin,t3,20000,2,0.4,900026,k2,quadratic,0.05,99,0.2871499574417417,0.12518758529630403,0.11202687685426782,0.10159113135974236,0.10099703348266004,0.08917375887443574,0.08749036100040004,0.0853181589406279,0.08281405406464439,0.07755464464350208,0.07589297734949392,0.07405003719107606,0.07387337889958336,0.07201897657453404,0.07187589782996362,0.06758972317187913,0.06557778510999543,0.06316868719376967,0.06261085434537729,0.06225757639119572,0.05950904138285401
alt,conf_nonlin,t3,20000,2,0.4,900027,k1,linear,0.05,99,0.019254178596554317,0.01915478284891714,0.01473614832897896,0.014539111930901405,0.012453268948493745,0.01227018936340396,0.012011705732222988,0.011890590538740864,0.011822514787615757,0.01173650175025076,0.011638917172675067,0.010968010061113143,0.010809037813583666,0.0105563388569202,0.0105386214401616,0.010511077585830586,0.010472562513718198,0.010406816564684895,0.010121205878325656,0.00991859627715097,0.009890555384422961
alt,conf_nonlin,t3,20000,2,0.4,900027,k2,linear,0.05,99,0.15700783472482188,0.11784631860533815,0.1090591636284994,0.10695820933108084,0.10657024669463434,0.09974078586999713,0.09824234103708294,0.09261975396990252,0.09250226531592581,0.09220890378016018,0.08876960651439356,0.08446770609780539,0.07666326977736658,0.07608963476228613,0.07527526614886902,0.07411898422928208,0.07139824582130729,0.06873068824448994,0.06851144904740708,0.0645521381474162,0.06451995651528514
alt,conf_nonlin,t3,20000,2,0.4,900027,k1,quadratic,0.05,99,0.01888662551093434,0.01771659989532548,0.013293853286914459,0.012182399828399526,0.012162178310789695,0.01129547488569338,0.011186043117457523,0.011032016842150716,0.010795859803302554,0.010192403585114862,0.009955686591631818,0.009771890803507599,0.00967689574430608,0.009544712850416692,0.009352941408340976,0.009107199129306465,0.009027845650664723,0.008805525593158836,0.008727790780808431,0.008440693701275315,0.008430943880478936
alt,conf_nonlin,t3,20000,2,0.4,900027,k2,quadratic,0.05,99,0.15652756931165987,0.12863760194858845,0.12832284775260688,0.11357945677332697,0.11224502244898944,0.08604807115793311,0.08553727625538832,0.08298356893500813,0.08197176308700388,0.08124769281278296,0.0786312279720591,0.07435859801301363,0.0720986117637486,0.07158524176818246,0.07061533367320628,0.07033376497117952,0.06993896565781452,0.06939906303304695,0.06744264657664037,0.0635835232736084,0.06320252595927872
alt,conf_nonlin,t3,20000,2,0.4,900028,k1,linear,0.05,99,0.027130944112450983,0.015702267342753373,0.013439727151430936,0.013298905785574133,0.012653054673615882,0.01252191625532284,0.01227580009065854,0.01188576389478535,0.011829662290436915,0.010601452267438694,0.010459580450765893,0.010407253141996087,0.010359817232946655,0.010098557420440746,0.010089286349630133,0.010050419818487422,0.009494651576806401,0.009392744653130558,0.00931275570076251,0.009238013608813267,0.009080378536406086
alt,conf_nonlin,t3,20000,2,0.4,900028,k2,linear,0.05,99,0.21344690508604375,0.13573984026420682,0.10672553890839581,0.10594182802503754,0.08772022455393175,0.08673139159858749,0.08577907462899591,0.08356699794199182,0.08221194933253703,0.07951946796925684,0.07855851710507988,0.07782405622151974,0.0731908535416161,0.07215632575236536,0.0714192656064442,0.06987477142247357,0.06887061277983164,0.06801648157340573,0.06588469570130129,0.0651992989601149,0.0643793072143948
alt,conf_nonlin,t3,20000,2,0.4,900028,k1,quadratic,0.05,99,0.027268891571469056,0.01703551412709381,0.015937629521916574,0.013752663173915325,0.012035215195499327,0.011711804827429173,0.011683192324666858,0.0115015371451056,0.011205712322445605,0.011038438814918505,0.01085081001024546,0.010792207289934796,0.010781674503700711,0.010565940151976094,0.01048913136070495,0.010479795545053294,0.010455401543754572,0.009939192583442114,0.009933638744259565,0.009867598177700443,0.009836845197977118
alt,conf_nonlin,t3,20000,2,0.4,900028,k2,quadratic,0.05,99,0.21514636988302976,0.14398409278564517,0.11835473041819979,0.11152894475902962,0.10303514061179518,0.10100423132879775,0.09843800739743487,0.09504710664584624,0.08985947685802705,0.0871943389518757,0.08557582637291758,0.08507878336704407,0.0835211871117871,0.08011214401329526,0.07702287473631006,0.07693548284651579,0.07364316395137006,0.07275474737953908,0.07043804752132597,0.07036611221242256,0.06943082549238984
alt,conf_nonlin,t3,20000,2,0.4,900029,k1,linear,0.05,99,0.03414967898361099,0.016214534816285875,0.013793760103737895,0.012446905661842922,0.012374782499675052,0.012321887217302097,0.012225544513521203,0.012182122960455732,0.012150651746165253,0.012084962772112018,0.011689860181795186,0.010420724308173868,0.010291575074012682,0.008954639097805916,0.008944463370719857,0.008631025574988738,0.008471668236754382,0.008455505459259549,0.008306215030369435,0.008305900382968301,0.008243149274184125
alt,conf_nonlin,t3,20000,2,0.4,900029,k2,linear,0.05,99,0.181369986184253,0.10566727976079802,0.09771135701155995,0.08396400753760169,0.07954770736772253,0.07912438172504732,0.07726300274617379,0.07565954843251817,0.07522484288633714,0.07167012757289634,0.0671441755541768,0.0658525721226529,0.0651727332041439,0.06465919442958361,0.06458557284604197,0.06430066240045978,0.06312139982921866,0.06264175712743042,0.06251943680033947,0.06095300960071077,0.060113832215986804
alt,conf_nonlin,t3,20000,2,0.4,900029,k1,quadratic,0.05,99,0.03418825099864786,0.022218903207497753,0.013955747414989839,0.013519754839467546,0.013070081608480444,0.012467574875317688,0.011708684262799585,0.011654207065581068,0.011613921649648695,0.01141320540997215,0.011323520872157378,0.011147324369377931,0.011128799885357421,0.010848973615055102,0.010799389915854829,0.010306116528362441,0.009967159323047925,0.009944664423697902,0.009917153845843463,0.009851132020170406,0.009834974462404111
alt,conf_nonlin,t3,20000,2,0.4,900029,k2,quadratic,0.05,99,0.17963076853300114,0.16535187113773495,0.13928962115398372,0.12855451263612427,0.11231689896344516,0.10876546137652081,0.10789445656306845,0.09496468575153685,0.09434992138080964,0.0890502732260424,0.08410575337442809,0.08142598242897126,0.0788580140035286,0.07845240808460628,0.0778435470941704,0.07274118974200121,0.0721564505951771,0.07170157249001341,0.0693699313974778,0.06832337945586604,0.06713186438401068
alt,conf_nonlin,t3,20000,2,0.4,900030,k1,linear,0.05,99,0.025112844153666547,0.015759910531469745,0.015628309948491848,0.01389728610085339,0.012929116795264317,0.012760860846723898,0.011834191221657075,0.01143210716719767,0.011409837849516768,0.011218596167240191,0.011170844795877932,0.010707090244868711,0.01066779924953365,0.010626068970324476,0.0105844690588347,0.010293070677789173,0.01011824031977504,0.009571259259771092,0.009461328655647638,0.009424130732016422,0.00934617836376328
alt,conf_nonlin,t3,20000,2,0.4,900030,k2,linear,0.05,99,0.1663963433244417,0.13537904272650325,0.10292700400046184,0.09553810340267853,0.09481791768192636,0.09459227391414365,0.09287489872726822,0.08932273922425059,0.08696779923939171,0.08592771806747553,0.08399226036208708,0.0812831371419002,0.07999825877581157,0.07857742738413984,0.07570413774018162,0.07561457626943505,0.07364632546761363,0.0724707957518216,0.07164697464000928,0.07051695283092234,0.07035705752143845
alt,conf_nonlin,t3,20000,2,0.4,900030,k1,quadratic,0.05,99,0.024879538802284107,0.013535887757261778,0.012976537084902984,0.012530135557010547,0.011889723668809915,0.011423993523583809,0.011197420325513296,0.011017809472218865,0.01075570940338666,0.010725105126993983,0.010443847249098304,0.01018537936012287,0.010116245414001801,0.010036285580094173,0.009898249170804174,0.009662820248028448,0.009598124780952122,0.009592121899388406,0.009214661164381854,0.009159027224539207,0.009157211703205714
alt,conf_nonlin,t3,20000,2,0.4,900030,k2,quadratic,0.05,99,0.17792469777736422,0.12656070597527755,0.1009832365736422,0.0914166878204183,0.09026098719425886,0.08535179732869148,0.08281763197285122,0.08015675993965118,0.07938665916598424,0.07819499760077092,0.07681091676351313,0.0760298338042455,0.07580007957401796,0.07404349420318657,0.0732098954165377,0.07027159726330887,0.07012452249470283,0.07011306431780354,0.06939190244818544,0.0688673143974533,0.06698786202012395
alt,conf_nonlin,t3,20000,2,0.4,900031,k1,linear,0.05,99,0.023763583448512815,0.01623519471514545,0.01521851531968399,0.013059499832861143,0.012883197088364273,0.011841480067520171,0.011414022058758522,0.011191336944763819,0.010522507323491803,0.010311716913398161,0.01026488749023835,0.010221448533989319,0.01006037544667926,0.009933772520084538,0.009714481830554345,0.009683480065250882,0.009643323208998078,0.009443228341820986,0.009008579429062524,0.008971981551175734,0.008918344281568569
alt,conf_nonlin,t3,20000,2,0.4,900031,k2,linear,0.05,99,0.1889958135197761,0.1115923407485619,0.1030270530949644,0.10292718301610486,0.09700985104968561,0.09527675599113317,0.09070125359424033,0.08251765355266415,0.08132493067365165,0.07802745339868215,0.07725065487641297,0.07681881858849646,0.07420937151929957,0.0697446486059443,0.06879168670922547,0.06812645182446676,0.06714046222332375,0.06464361890195426,0.06437400942563924,0.06404141426912456,0.06347431693162531
alt,conf_nonlin,t3,20000,2,0.4,900031,k1,quadratic,0.05,99,0.023666929133777992,0.014288068323226821,0.01425942636186639,0.013974078521046263,0.013973717447929856,0.013285754529940075,0.012969859870069822,0.012355151106156148,0.012250775733670505,0.012075727441540618,0.01173993157475961,0.011589121223032905,0.011260346000838695,0.011177615918687267,0.010769408982447715,0.010356926508611752,0.010229598611481205,0.010137619625227412,0.010058299580506747,0.010038549944813124,0.009993266002589651
alt,conf_nonlin,t3,20000,2,0.4,900031,k2,quadratic,0.05,99,0.19947468654550402,0.09993997066789867,0.09821769091459762,0.09490218614195811,0.09196151078688347,0.09150081944789294,0.08971861751383747,0.08838249179260776,0.0834805663949413,0.08145726865508912,0.07718178738093792,0.07505025892978963,0.07394945650246472,0.07386572653410055,0.06742361170255651,0.06741793674279321,0.06717900927577791,0.06560901285962123,0.06412466612836785,0.06405212741156276,0.06359728446384538
alt,conf_nonlin,t3,20000,2,0.4,900032,k1,linear,0.05,99,0.037426572834194594,0.01628671906646917,0.015502852417960344,0.014023231419622806,0.013727804523227638,0.012915347297710933,0.012673643132056767,0.012095733219641303,0.011974782542274798,0.011197272170118122,0.011047405762571572,0.010876834453521944,0.010492502716981655,0.010419679202072096,0.010048470529788966,0.01002062204976606,0.00999839447533013,0.009838104545067172,0.009799368833341648,0.00966712104463241,0.009549827242204212
alt,conf_nonlin,t3,20000,2,0.4,900032,k2,linear,0.05,99,0.1711169426140091,0.1173199590308879,0.1045030637920889,0.09880883027053451,0.0967100976809311,0.0956370856476311,0.08766643364000135,0.08362084426666241,0.08046582283785685,0.08000820517971384,0.07616530279483191,0.076045077943406,0.07506687891696563,0.07366873604944067,0.07195103383635996,0.06908579103125069,0.0686490196804026,0.06815084379457652,0.06741475837544869,0.0633569095769322,0.06313816964439234
alt,conf_nonlin,t3,20000,2,0.4,900032,k1,quadratic,0.05,99,0.03719360956020701,0.020682197207636643,0.017643603105029104,0.01706451843304657,0.015002782743880005,0.014393305213668328,0.013593717292280538,0.013352406910634107,0.01284056752742524,0.01216022231901015,0.01188307639574393,0.01167832070318775,0.011651961042172143,0.011320400203008285,0.011143820840826102,0.011045515125765681,0.01062588628691108,0.010518566690876696,0.010372868225842824,0.009935837515508639,0.00962668683272594
alt,conf_nonlin,t3,20000,2,0.4,900032,k2,quadratic,0.05,99,0.16633195729061093,0.12504631676994948,0.12393404015050302,0.10498726528157809,0.09628286558317102,0.09515924040649765,0.08949147462795423,0.08810197787818239,0.08123780460275142,0.0810972028981082,0.0789834524518081,0.07742010425770711,0.07646487746501421,0.07465499400061656,0.07370469271281072,0.07202536885944773,0.07172415531025393,0.0708703667778607,0.06952187869846019,0.06757480001803474,0.06652632932441904
alt,conf_nonlin,t3,20000,2,0.4,900033,k1,linear,0.05,99,0.023712462436508486,0.016182049094905282,0.016113303498655474,0.01272656255386817,0.0123642347104288,0.01188393739653959,0.011812465268867811,0.011694672400746065,0.011690517248330923,0.011650538699832458,0.011647568154382393,0.011612871251280077,0.011499189483558547,0.011052918718650107,0.011022155361111174,0.01077340981262953,0.010435999575000632,0.010406366406429779,0.010261711234743842,0.01015158731677046,0.009872961734213148
alt,conf_nonlin,t3,20000,2,0.4,900033,k2,linear,0.05,99,0.15428080660888543,0.12680449247961306,0.10976433329065866,0.10441165683151814,0.10241371296752244,0.09646329914941916,0.09236687366719804,0.09161078637403376,0.0870457061284209,0.08324886354334145,0.07734539990780841,0.07688653535451899,0.0741539986511983,0.07378653320167866,0.07221450292161526,0.07150505606145847,0.0702328842045096,0.07007199633130107,0.06854403987726349,0.06818735191629786,0.06685115530926078
alt,conf_nonlin,t3,20000,2,0.4,900033,k1,quadratic,0.05,99,0.023429636164326917,0.01577818678780829,0.014395159883885844,0.013760766717566986,0.012971932306270806,0.012882257082024284,0.012730268844542869,0.01140814413076352,0.01064285116779673,0.010533150858948015,0.010509897542596347,0.010240194404780745,0.01019021973381129,0.009689081152793877,0.009642507497369501,0.009636768980648913,0.009561580794976154,0.009366281139402854,0.009278619866239679,0.009268847156562732,0.00895571935704742
alt,conf_nonlin,t3,20000,2,0.4,900033,k2,quadratic,0.05,99,0.15313440140866338,0.09806035272467312,0.09651301922649906,0.09139383159770798,0.0884385712000989,0.08332133752302202,0.0813206898148124,0.08079372166233077,0.08066977000792001,0.0801104789074058,0.079830632380279,0.07956335770637978,0.07482062565269144,0.07340495813550162,0.07251179646290852,0.07086227607053076,0.07084834145614934,0.06800993080986191,0.06575998309871751,0.06512107184851315,0.06494153061681031
alt,conf_nonlin,t3,20000,2,0.4,900034,k1,linear,0.05,99,0.025842511712969807,0.015083667757851527,0.014083669199741022,0.012579746719770912,0.011972363634393135,0.011942696037078204,0.011674865012602176,0.011334221891521779,0.010982999547714312,0.010679540002135557,0.010576665830268728,0.010329994111210827,0.01017118599771727,0.00980051353387823,0.009728436847449173,0.009714467534272742,0.009629047078163144,0.009595691957081876,0.009458702419255505,0.009401045461156166,0.009387321248837344
alt,conf_nonlin,t3,20000,2,0.4,900034,k2,linear,0.05,99,0.14009653467081415,0.10205400892490107,0.08579722924052145,0.08564587692077874,0.08314845621974855,0.08282971993211259,0.08067370764569874,0.07901933493517141,0.07671514673881241,0.0746816122527461,0.07422546562602303,0.07410867529213654,0.0731153297422784,0.07304184500338945,0.07252883856506927,0.07010544076325513,0.0686373903556994,0.0684218277176544,0.06680707086564154,0.0664341583667325,0.06638102945620977
alt,conf_nonlin,t3,20000,2,0.4,900034,k1,quadratic,0.05,99,0.025460854631242924,0.014976382363817708,0.013344826504153917,0.013011515801410023,0.012795544521123858,0.01270869647188333,0.01225031515741426,0.011953304413761967,0.011769679898002261,0.011642004731634348,0.011625608914758057,0.010808146660713502,0.01079562379168586,0.01075425582817957,0.010486665365966985,0.010454298807898166,0.010312931306686868,0.010292326118799489,0.010143800616419063,0.010043260110237817,0.009952008168640503
alt,conf_nonlin,t3,20000,2,0.4,900034,k2,quadratic,0.05,99,0.1415567188128364,0.10924230746424182,0.10621269882454064,0.0987316884762666,0.09178876030064559,0.08528049598938432,0.08416275738144974,0.08346828993940558,0.08329636039867862,0.0792682387616766,0.07845427565946558,0.07357512410729279,0.07027418585211487,0.0702494043735965,0.07011010303199912,0.06940553351169437,0.0678031159710132,0.06770669343008802,0.06754033929054558,0.0664490317304987,0.06297483954566355
alt,conf_nonlin,t3,20000,2,0.4,900035,k1,linear,0.05,99,0.02699133150939037,0.016799977164741797,0.016563338692724305,0.012925076313141104,0.012216058157906828,0.011504486558084892,0.011483103399818617,0.011324731805585575,0.01082860246331363,0.010637015712905762,0.010079301511611627,0.009903413898511237,0.009872721859312095,0.009695467026707094,0.009675894257411555,0.009620740184656196,0.009566557336096904,0.00949273491142344,0.009485884545305967,0.009343212915534749,0.009097119766561801
alt,conf_nonlin,t3,20000,2,0.4,900035,k2,linear,0.05,99,0.1495938415762326,0.14002769104189905,0.1035094839574216,0.08304351264764445,0.07913118516736739,0.0770374027257359,0.07689123843600351,0.07678124701587907,0.0765902116233492,0.07505589282736012,0.07278524787277454,0.0696802580007708,0.06939267215552047,0.06925603204208618,0.06896648199737847,0.06833515562000424,0.06793923604926891,0.06778096638029703,0.06752946233186358,0.06457896829825373,0.06426519614279928
alt,conf_nonlin,t3,20000,2,0.4,900035,k1,quadratic,0.05,99,0.026733570650526173,0.014795989369020268,0.013118659228971152,0.012966286897536872,0.012544602801784599,0.011952370210594476,0.011719937567738592,0.011538663885520162,0.01120691473024027,0.01096410740496534,0.010817885230818614,0.010663285063303718,0.01046249805167987,0.010412321661958601,0.010387379357689741,0.00987624442531354,0.009779061307522596,0.009769884990695643,0.00971069842452188,0.009632215865104432,0.009410289855133924
alt,conf_nonlin,t3,20000,2,0.4,900035,k2,quadratic,0.05,99,0.15132358242807914,0.1444938229635832,0.10306089163253665,0.09843006282571629,0.08649380426849626,0.08437764197049959,0.08000749559167454,0.0794154508387655,0.07312642437007423,0.07269288531513321,0.07056420911021419,0.06933555029046157,0.06575157449614066,0.06373986964702288,0.06298791960825337,0.06031114882778026,0.06030161899468948,0.0596048952602542,0.05923673872966881,0.059088649828457906,0.058792229611682484
alt,conf_nonlin,t3,20000,2,0.4,900036,k1,linear,0.05,99,0.02602862049229815,0.014621542061348691,0.01352079522732863,0.01308751803651842,0.012694559014377216,0.012025895291307709,0.01102764754738772,0.010947889500647845,0.010909968792431335,0.010668983920884778,0.010287472166401357,0.010098836383200083,0.010027583972823884,0.010026003924336724,0.009963453952175017,0.009960806713849135,0.009798737713453742,0.009685017518170191,0.009660599648140034,0.009649433148166908,0.009575877814806066
alt,conf_nonlin,t3,20000,2,0.4,900036,k2,linear,0.05,99,0.19191686075811717,0.13029840348913052,0.10891588733832606,0.09031928124018457,0.08998245341230166,0.08839631711940905,0.08217338131665433,0.0790151305237529,0.07852137375411043,0.0776457213649042,0.07653284955218662,0.07510633859515746,0.07347734423863336,0.07329494117011268,0.07321422943447502,0.07259494693801369,0.07158635620618536,0.06956443087778341,0.0680379453146582,0.06702166954704883,0.06632778555696908
alt,conf_nonlin,t3,20000,2,0.4,900036,k1,quadratic,0.05,99,0.026283168611991425,0.021153246691226202,0.016398329292106828,0.012811634010136075,0.012408927249489943,0.012194914272170676,0.01204856184874481,0.011794874276490619,0.011589337985904669,0.011563178370928129,0.011534649197190383,0.011363193528750593,0.011343011900268651,0.0113099593252739,0.010919583470059946,0.010561601761957307,0.010473062449918413,0.010208542344176896,0.010153202363844094,0.009866798946144839,0.009761937384735297
alt,conf_nonlin,t3,20000,2,0.4,900036,k2,quadratic,0.05,99,0.18691821611796647,0.15288291027781162,0.09923790314293246,0.0929025516161623,0.09123315264276205,0.0845604050589281,0.0825420102623973,0.07986446544417444,0.07665559566932209,0.07627885923240874,0.07480667768916217,0.07290526013989357,0.07242188014547284,0.0712552814489585,0.07119737988284094,0.06903946126726589,0.06690290377385172,0.06507345387785703,0.06484342595089178,0.06332477871112967,0.06154244133611147
alt,conf_nonlin,t3,20000,2,0.4,900037,k1,linear,0.05,99,0.025186437914008986,0.01689624759076891,0.014466136024860354,0.01409445735562831,0.01387188459522637,0.013804348993795124,0.012957724885909405,0.012910608681131142,0.012415316964353718,0.011819510695919577,0.011527327868804726,0.011441938374271543,0.011400849618885989,0.011105960663273184,0.010727307981817091,0.010530152900598444,0.010389106587563757,0.01029078606475975,0.01009623789785341,0.010068630068757689,0.009889666550034537
alt,conf_nonlin,t3,20000,2,0.4,900037,k2,linear,0.05,99,0.15151413302329816,0.1277634439542597,0.11981642130316987,0.11796353431893389,0.10695743930933949,0.10685827707790276,0.09757202469395583,0.07992297629645759,0.07968903630924687,0.07774054445547082,0.07726855753238657,0.07700339544609455,0.07593934208985514,0.07589002028267493,0.075648754363426,0.07388967817116072,0.07355642426741833,0.07334500120108714,0.0718061075379116,0.07145697575473807,0.07144200182697229
alt,conf_nonlin,t3,20000,2,0.4,900037,k1,quadratic,0.05,99,0.024969867276797397,0.018640698012768908,0.016152331328322278,0.011604871672666328,0.011432026421425379,0.011402701598547615,0.01136821135905386,0.01100101944389098,0.01038978610864083,0.010259107074986895,0.009617100197208295,0.009615224759974561,0.009292301030233707,0.009169501389458823,0.008968040941537914,0.008921771221277575,0.008916711954792711,0.008850330835954767,0.008773700999204381,0.008754138005964252,0.008593316262751949
alt,conf_nonlin,t3,20000,2,0.4,900037,k2,quadratic,0.05,99,0.14603038619179304,0.09998231445846727,0.09997432705999958,0.09689269079275067,0.09619580321815396,0.09086335288097822,0.08746657301181057,0.08245469507387042,0.07961785111500025,0.07926647103159648,0.07893175563090478,0.07883072839194001,0.0767252018588287,0.07649448315280717,0.07626582372917734,0.07543155356113783,0.07472308700686871,0.0743814842874984,0.0740291009802037,0.07301085015643538,0.07236943401183792
alt,conf_nonlin,t3,20000,2,0.4,900038,k1,linear,0.05,99,0.02544277010545226,0.01499112387569157,0.014919466421841832,0.013689440645702544,0.012889037008295912,0.012770132827584213,0.011971664047908837,0.011795858489161426,0.011542027337159921,0.011487042524117363,0.011340306818157897,0.011055285149555671,0.01101271929582115,0.011011202118842212,0.010328751197902108,0.010077457842865067,0.01003754501344778,0.009964356047654221,0.009765910530216249,0.00970732910218608,0.009672606064589195
alt,conf_nonlin,t3,20000,2,0.4,900038,k2,linear,0.05,99,0.15550457514941907,0.10585722470263219,0.10139248109606071,0.09716410649343543,0.0932917909687416,0.09038432971291302,0.09016098724923763,0.08686470193682924,0.08456858511282495,0.08290375446752274,0.07671564060555312,0.07562845638770056,0.07376604456324512,0.07358631947811488,0.07189623164123209,0.07122336241808529,0.07003380025097997,0.06996351624302212,0.06921691873788074,0.06887810002171767,0.06884484110356719
alt,conf_nonlin,t3,20000,2,0.4,900038,k1,quadratic,0.05,99,0.02530332378073552,0.015665798959963784,0.013531685304647323,0.013455174803302272,0.012658760831914195,0.012363630525302982,0.012140445881292483,0.011720769474309778,0.011484319503350382,0.011419037818957367,0.010845803416854927,0.010530449321410562,0.010192212327126526,0.01015861927527717,0.010133013136266023,0.009920311489982292,0.009806272402707483,0.009717912239309845,0.009507199475890071,0.009437565736673093,0.009353724716955614
alt,conf_nonlin,t3,20000,2,0.4,900038,k2,quadratic,0.05,99,0.15553771771506275,0.12851165281172036,0.10548964279806512,0.0937129097173899,0.09308265958069821,0.0898817885193505,0.08873203985426896,0.08456866820347743,0.08426425454147715,0.08362093081523043,0.08135437514561977,0.08001516243134892,0.07925823698680387,0.07721206703080931,0.07681507843252706,0.07648325958606213,0.07291039093304574,0.07017221099642632,0.06970265423871289,0.0692946202764309,0.06672544915793964
alt,conf_nonlin,t3,20000,2,0.4,900039,k1,linear,0.05,99,0.02547999285369895,0.014944202936461926,0.01486761343442311,0.013423072160361316,0.012809565767634812,0.012470235432957444,0.012344701881816134,0.011777266609056536,0.011268183413011279,0.01115583470030257,0.011152965840411144,0.011082710936392126,0.010950730646022144,0.01068630294265549,0.01044181530566024,0.009786750854664517,0.009643714765955935,0.009583490299448827,0.009356573133234014,0.009330797411633895,0.009327615945738166
alt,conf_nonlin,t3,20000,2,0.4,900039,k2,linear,0.05,99,0.14000580367267695,0.12265604052560006,0.11193354694975817,0.10387719533626999,0.09788598755902056,0.09703676754575578,0.09693760858700297,0.09570240541685868,0.09439268118685377,0.09359186924244368,0.09037888038319132,0.08825137647830787,0.08609512060558087,0.08579259291049257,0.08070328713996287,0.07566203829188443,0.07555632563972708,0.07481713051528247,0.07207251551906912,0.0720074229737834,0.0711747644981562
alt,conf_nonlin,t3,20000,2,0.4,900039,k1,quadratic,0.05,99,0.025683927016469266,0.015159260021846643,0.013808020690563194,0.013730121393745742,0.012535340799258887,0.0124506183092008,0.01240596084903911,0.011556065915318547,0.01138168788091276,0.011332111234420017,0.011325203870622413,0.011281327842401878,0.010789403806427234,0.010787204461533695,0.010523322896763054,0.010406641397359362,0.010132471156718226,0.010025277197405869,0.009978453566804046,0.009907796529141533,0.00951805808820294
alt,conf_nonlin,t3,20000,2,0.4,900039,k2,quadratic,0.05,99,0.13909641126919392,0.10781266132969158,0.1077169853301233,0.09357428787499318,0.09260758463356632,0.09061649921497222,0.08576038694981873,0.08482806461525405,0.08221894297454382,0.07793701604681509,0.07674804836749724,0.07437605765920675,0.07155722015674955,0.07117476145905066,0.07041374875432678,0.0669933490272887,0.06695862862116492,0.06622878827345292,0.06584062468275441,0.06429550301366291,0.06333853898864525
alt,conf_nonlin,t3,20000,2,0.4,900040,k1,linear,0.05,99,0.03152001764732504,0.014555085833202308,0.013618580684982784,0.013057524713399271,0.01284010952422976,0.01278784298746638,0.012692715357796924,0.012387206832567998,0.012245115106931936,0.01216871677115039,0.011489829781857419,0.010990527262595973,0.010555316202946474,0.010042802456184163,0.009601257317511602,0.00957480222440843,0.009263827884553266,0.009076642600461038,0.008964339597255955,0.008858956338781088,0.00878733066409243
alt,conf_nonlin,t3,20000,2,0.4,900040,k2,linear,0.05,99,0.19005812854904902,0.09668339053162774,0.09198476483895555,0.09181298739053487,0.08752205019712117,0.08127445454589062,0.08113497971710035,0.08058383271653834,0.0803653870977747,0.08008903943624364,0.08001222462102536,0.07818640294211533,0.07610031586009035,0.07378498494583803,0.07036161142037223,0.06971029723478157,0.06955655560414084,0.069234243229494,0.06864172303464428,0.06772681376703636,0.06517215267449337
alt,conf_nonlin,t3,20000,2,0.4,900040,k1,quadratic,0.05,99,0.030567032825779883,0.014065419485809416,0.014034774655172555,0.01385054442716116,0.013805337782034632,0.012733171504740848,0.012288649159017728,0.012252305778267414,0.012172205256954616,0.01194816608256577,0.011825945165223395,0.011305232449434821,0.011117120463341568,0.010847926048506373,0.010785572223609763,0.010716435880066766,0.01059260315748356,0.010156327587054759,0.00986347602769233,0.009749602091334686,0.009718679665977392
alt,conf_nonlin,t3,20000,2,0.4,900040,k2,quadratic,0.05,99,0.1957475276156558,0.1057723078473816,0.10569502794172649,0.0976704397141129,0.09258432300270811,0.09124209257046415,0.08806084050601823,0.08466935211957699,0.08405968181605493,0.08130139850764313,0.08058634357016434,0.07891030773880883,0.07866412398343728,0.07802173522804995,0.07081033448954342,0.07059722264744824,0.06979849010545441,0.0691038613693441,0.06881147372775162,0.06709222844323061,0.06653567457356226
alt,conf_nonlin,t3,20000,2,0.4,900041,k1,linear,0.05,99,0.024631547026426115,0.012367183333042542,0.011432207138141082,0.011318621963563147,0.011158917318530692,0.010249765057451121,0.010079804303360418,0.010020954350114186,0.009988654414109455,0.009956327543123478,0.00971093818334745,0.009602957398012868,0.00958908950089954,0.009510377804857861,0.009316596444437608,0.009231858056883313,0.009062425057739798,0.009022455030511689,0.00901661117051955,0.008991248727181156,0.008841966814505109
alt,conf_nonlin,t3,20000,2,0.4,900041,k2,linear,0.05,99,0.14877363836225885,0.13501752926376126,0.12546004895943197,0.11551257017979599,0.11156884727012194,0.09795166512100235,0.08719121194888597,0.08678078629316402,0.08611677409392597,0.07619952274987271,0.07578259829879405,0.07294546511624372,0.07250924744515197,0.07166863922722404,0.07043442776751432,0.06539530722692243,0.06527528839612169,0.06520398073616897,0.06463825685571571,0.06311560945620452,0.05928970871612155
alt,conf_nonlin,t3,20000,2,0.4,900041,k1,quadratic,0.05,99,0.024748356469876942,0.019141223743074032,0.013263144144954775,0.013007272905756984,0.011926621327405629,0.01161254274003376,0.011490278151760291,0.011390360459677229,0.011350570748743682,0.011077127545222498,0.010858276141102241,0.010752209462891793,0.010596048311912742,0.010495064013361866,0.01047517898620498,0.01040256957804575,0.009810969449025264,0.009739651688928541,0.009545756841870867,0.009437587074070275,0.009407434385408697
alt,conf_nonlin,t3,20000,2,0.4,900041,k2,quadratic,0.05,99,0.14420109004136472,0.12025463461519584,0.10544204714463924,0.09703851761949267,0.09419023681213093,0.09234191673091902,0.08568244453446991,0.08549048696543497,0.08409969522666554,0.07725455610063775,0.07689390897780213,0.07681221916725361,0.0765100267054413,0.07483864810810477,0.07117161210919776,0.0678350267943194,0.06502842257847852,0.06462887973202361,0.06317665723737963,0.06264966966338563,0.060811149806714024
alt,conf_nonlin,t3,20000,2,0.4,900042,k1,linear,0.05,99,0.03383981186899088,0.02037236574837742,0.01485243043132789,0.013547309306489619,0.01345119626992941,0.01341707662237912,0.013183574074988824,0.011506392979898084,0.011350955526162276,0.010970094757660087,0.010881213873565665,0.010731921677297529,0.010641142300434336,0.010470522044519814,0.010204121124970822,0.010036659523311786,0.009978868364150961,0.009924377348373259,0.00991665754395099,0.009696121833782545,0.009620744967257733
alt,conf_nonlin,t3,20000,2,0.4,900042,k2,linear,0.05,99,0.1949181912078428,0.13091892249450846,0.1080036715636004,0.09917290073426091,0.09273625779780541,0.08951088569883682,0.08879804949214182,0.08798915818741307,0.08360100519028066,0.0824224679803885,0.08041201067060258,0.08031316167392205,0.07609792774516413,0.07571718499157458,0.07561569584535983,0.07153426056686257,0.07037283068927902,0.07025555172923746,0.06991542984478244,0.06711349960177589,0.06575323035180221
alt,conf_nonlin,t3,20000,2,0.4,900042,k1,quadratic,0.05,99,0.034555658183378024,0.01703451590006433,0.013865216244835499,0.0132554213496211,0.012071143202560641,0.011909579416698679,0.011880820189720143,0.011351670402516056,0.011193594207001167,0.010944073418811096,0.010854545888938971,0.010686384185250808,0.010575386518603458,0.010546462568237991,0.01021983337057586,0.010180560239387626,0.010170626626024748,0.009627692154593914,0.00950902618569105,0.009482017551677546,0.00936707153770533
alt,conf_nonlin,t3,20000,2,0.4,900042,k2,quadratic,0.05,99,0.18888632815836381,0.14745454013178746,0.12266511556710684,0.11071216783653368,0.10300287388156673,0.09856083555285161,0.09540301892754521,0.09098364465696228,0.08467488607594544,0.08000704306161072,0.08000504310206048,0.07882322466066843,0.07667379504754991,0.075231137597487,0.07430236467219561,0.07376505802303424,0.07315162966695708,0.07108204373293119,0.07076597873925362,0.07019882337449627,0.07004874806034488
alt,conf_nonlin,t3,20000,2,0.4,900043,k1,linear,0.05,99,0.023282542009025575,0.017598536886197613,0.0142874392937965,0.013349204638303025,0.01331965186618489,0.012692188140113969,0.011820055702170817,0.011226873705844964,0.010870651519920171,0.010572561269122982,0.010560127163373512,0.010443452276061915,0.010008686728722682,0.009960923908630015,0.009715501372567492,0.009649735725325903,0.009644596055808807,0.00962789205577319,0.009584933050934774,0.009558764416494281,0.009368611073698463
alt,conf_nonlin,t3,20000,2,0.4,900043,k2,linear,0.05,99,0.15353192689544878,0.11454376949691268,0.10896369933237082,0.0966324113689091,0.09518286083945829,0.09209071220855032,0.09132362706106359,0.08697152734731861,0.07888434612233763,0.07846702685063413,0.07410599580461613,0.07409790077084596,0.07121598795010768,0.07012332629463061,0.06931120718142546,0.06579434528214208,0.06495057056723064,0.06434535577622565,0.06386483639505548,0.06377909998290644,0.06320947632302264
alt,conf_nonlin,t3,20000,2,0.4,900043,k1,quadratic,0.05,99,0.023547930217425184,0.01470659596545032,0.014620701346017562,0.01260206134854236,0.012545463896413755,0.0122784664788822,0.012261642826079777,0.011916324145034407,0.011181169808810343,0.010791550236116332,0.010551032342851596,0.010258679637959234,0.010231750921890548,0.01020866158268896,0.010180748483266444,0.009693141386868831,0.009405544854878989,0.009366389634590133,0.009329894095029267,0.00931117802783099,0.009200905254267644
alt,conf_nonlin,t3,20000,2,0.4,900043,k2,quadratic,0.05,99,0.16388977673936472,0.10250945081314153,0.10123243676613788,0.09953615878895343,0.0947431940558587,0.09054669601038232,0.08780947057230151,0.08534159203164428,0.0836683882728495,0.08352059936866106,0.08170087191861442,0.08082352080099761,0.0775371266826232,0.07607125540903845,0.0758139735789751,0.07255641333533784,0.07223609928389589,0.06837012893968604,0.06510952233643462,0.06397244235698586,0.06211508505225201
alt,conf_nonlin,t3,20000,2,0.4,900044,k1,linear,0.05,99,0.029205129505553318,0.011684121412488757,0.01132194605487502,0.011103035531899952,0.010643697808999875,0.01054333076402958,0.010390147690833684,0.010368911755357813,0.01028662525159918,0.00992185243114263,0.009902929266048521,0.00954557663302713,0.009421099310831904,0.00928273743610597,0.009280843892059076,0.008954050737025598,0.008764453546310058,0.008737015761285827,0.008719799412738038,0.008570371235426255,0.008490082095806595
alt,conf_nonlin,t3,20000,2,0.4,900044,k2,linear,0.05,99,0.16411957843484132,0.11521612324340161,0.09413397726820237,0.09318688015555598,0.08981579942733832,0.08220274900261874,0.07857052705590216,0.07552667976078836,0.0751476348464886,0.07343113897642074,0.0692997858353724,0.06635113701032534,0.06475186246028813,0.06457808983981286,0.06266388128255539,0.06260238626778593,0.06256424758213038,0.06088054943388243,0.058941317735067125,0.05680951409451359,0.05663337564318856
alt,conf_nonlin,t3,20000,2,0.4,900044,k1,quadratic,0.05,99,0.029154187129450393,0.016874605156657285,0.014001449271691113,0.013492042409798732,0.013359308588179575,0.013288525644538307,0.013088313683853214,0.012783348719396792,0.012672362379197444,0.012007789414715031,0.011970302507278707,0.011542193192052408,0.01122457840741753,0.011065384937601674,0.011049592112553741,0.01088148160824387,0.010652342617797794,0.010441226238763202,0.010251464249275477,0.010157130664562586,0.010017086246491447
alt,conf_nonlin,t3,20000,2,0.4,900044,k2,quadratic,0.05,99,0.15394972547231683,0.1346491547813894,0.11976568112762989,0.10400631497059719,0.1019563643467052,0.09376509771717025,0.08591713250096392,0.07718985359443364,0.07654949449395823,0.07296255634868241,0.07208514987318176,0.06882617653373263,0.0681434171291678,0.06670218996287622,0.06596265689181631,0.06276161765240391,0.06194014627787584,0.06057753758894503,0.05961279002925973,0.05950437666151975,0.05898886816108182
alt,conf_nonlin,t3,20000,2,0.4,900045,k1,linear,0.05,99,0.02485674855321751,0.01566309454885162,0.012545564291036038,0.011737557078350003,0.011386314728252467,0.011327077270299468,0.011160552135444757,0.01086271132278438,0.01085091692956297,0.010617733641794969,0.010395520316515028,0.010340473038178088,0.010315732397038313,0.010178757504721636,0.01014674348497524,0.01009323686393604,0.009905658143777751,0.009770570323269667,0.009387712647373925,0.009338564693221696,0.009123593802042307
alt,conf_nonlin,t3,20000,2,0.4,900045,k2,linear,0.05,99,0.1816974777207637,0.18164172685335203,0.10422556136754216,0.09982291777148083,0.09763746483800233,0.09386405232049945,0.09256774360285674,0.08988444357622943,0.08347549569937784,0.08337438074653945,0.08315597037342502,0.08034303794769203,0.0802793718629394,0.07469414701237143,0.07341847460716613,0.07291751790898873,0.07263067647041482,0.07037263099711603,0.06983327579402432,0.06937933125994833,0.06731937141664522
alt,conf_nonlin,t3,20000,2,0.4,900045,k1,quadratic,0.05,99,0.024592393297858783,0.015610351881663376,0.014950853062617009,0.011922439178753796,0.011746846825268054,0.01147360674843112,0.011235851551033127,0.01119798530797389,0.011019360021243263,0.010867603435656514,0.010802737953013897,0.010740165579388283,0.010314188042044092,0.01014830423974411,0.00968448777998876,0.009465051653304801,0.009440802241748814,0.0094273181060186,0.009389608330935828,0.009326537241326704,0.008969211692794965
alt,conf_nonlin,t3,20000,2,0.4,900045,k2,quadratic,0.05,99,0.1818378312825441,0.1048235075575813,0.0921470838717337,0.08745313123188041,0.08494356828743847,0.08132044372036108,0.08033297949207133,0.07456577770410312,0.07426089478461222,0.07060234222671626,0.07047269731740771,0.06945109675391124,0.06765684381542772,0.06748824714608641,0.06597327276275403,0.06590688212525095,0.06566285042459166,0.06318591978862358,0.06317111216437922,0.06306821032956873,0.06266775881573229
alt,conf_nonlin,t3,20000,2,0.4,900046,k1,linear,0.05,99,0.03004334470587189,0.016940562747133292,0.014762097759660087,0.012500396226167054,0.012046305963995363,0.011938950785817193,0.01123860294446044,0.010829448119677232,0.010782376662561322,0.010724194568291323,0.01035594473617818,0.010201110816916326,0.010168451964295833,0.010146622521457371,0.00976774592647267,0.009384319523844664,0.009339966907871977,0.00907500923162008,0.00899642987987559,0.008987954902673456,0.00876018197250672
alt,conf_nonlin,t3,20000,2,0.4,900046,k2,linear,0.05,99,0.1906051564059432,0.10081573377548728,0.09682483904650445,0.08991939211608029,0.08867743078955477,0.08540046674451812,0.08391616761276123,0.07400010950777744,0.07385307431199281,0.07122983093540747,0.07089316537580344,0.0704537471550309,0.068028952596289,0.06560473264964911,0.06515445269322652,0.06493107802586764,0.063952737639045,0.06211801519624186,0.06177806403964668,0.06103690244038724,0.06095831053321147
alt,conf_nonlin,t3,20000,2,0.4,900046,k1,quadratic,0.05,99,0.030244831623654544,0.014342556030418896,0.014162534452068165,0.012649398515260035,0.01252181130782326,0.012047008186763852,0.012008580809370284,0.011620665997457591,0.01146991509164419,0.011358729836716264,0.0111892243633126,0.01110282905782678,0.011005001952998583,0.010998234772971682,0.010944230143767664,0.010894310703137955,0.010608217459339375,0.010443848238680276,0.010437205391629512,0.0104235707833219,0.010241871545308312
alt,conf_nonlin,t3,20000,2,0.4,900046,k2,quadratic,0.05,99,0.20386721312857053,0.11586122897929825,0.11433116957747763,0.10650949875531047,0.09962350844279992,0.09020910703098532,0.08093098908321256,0.08025021266116221,0.07920031984737506,0.07686684077506283,0.07673097686026155,0.0757765815797495,0.07438307075091007,0.07409651022007242,0.07382961391225491,0.07370553868848032,0.07288530432309846,0.07105709673573808,0.0691025139095,0.06863415855463949,0.06782749567964244
alt,conf_nonlin,t3,20000,2,0.4,900047,k1,linear,0.05,99,0.03054186951552751,0.01838070511984702,0.013437453963970225,0.013069304742504784,0.011382695240879204,0.011286064585327882,0.011186421462043628,0.01101971643310351,0.010517456683855508,0.010429285452453474,0.010385165460304435,0.010320612889967884,0.010083511660156419,0.009926522513956537,0.009825567478037978,0.009711183250593058,0.009545652477180644,0.009538250520736868,0.009343774869478794,0.009308441847930893,0.00918383224180952
alt,conf_nonlin,t3,20000,2,0.4,900047,k2,linear,0.05,99,0.23464263838651714,0.10458932222280193,0.09307274029064626,0.09166835209297938,0.08283349964495702,0.08247884853029246,0.08122194917091743,0.07447318362658067,0.07407569331190189,0.07253451886651192,0.07061969023302118,0.06868747298176192,0.06821588038181861,0.06692928567638963,0.06616602310976391,0.0656383224976775,0.06477118177732866,0.06243054960576328,0.06218715601709267,0.06151665936509637,0.06145575292046115
alt,conf_nonlin,t3,20000,2,0.4,900047,k1,quadratic,0.05,99,0.03058891141222364,0.01809115840271802,0.014792842541958562,0.013278482269343916,0.01323607256480308,0.012594642778629206,0.012522934657070217,0.012454451554656965,0.012397142048431897,0.011921285734640574,0.011587111512973536,0.011547974174265452,0.011391593779704556,0.01084962255277766,0.010616747793667836,0.010443513216046751,0.01021056008173471,0.01016352625839878,0.009801086355797017,0.00973657179419507,0.009735403691352507
alt,conf_nonlin,t3,20000,2,0.4,900047,k2,quadratic,0.05,99,0.24442200071663026,0.12431083190376,0.09540448497810981,0.08817877208217859,0.07829860160876756,0.07594766226928937,0.07194270847785163,0.07104160288492935,0.06996813389124215,0.06930181633756897,0.06903760248394074,0.06721895959333583,0.06715406500822907,0.06660874709253527,0.06612004527657482,0.06552540681884371,0.06412153417472406,0.06403237410987862,0.06336396772070406,0.060891458490909794,0.060497995059919624
alt,conf_nonlin,t3,20000,2,0.4,900048,k1,linear,0.05,99,0.03310187164363132,0.01472669471858079,0.013365079447517414,0.012892455839779715,0.012456835738851368,0.012181456540058644,0.011974286192901973,0.0114982293219128,0.01148375933840129,0.01124427959527785,0.010971395883092372,0.010348363440423558,0.0102848033104036,0.010258168065208073,0.010126364827101497,0.010120653746085506,0.010087740146246249,0.010017828881028756,0.009815571953933566,0.009755187464218884,0.009717799142705208
alt,conf_nonlin,t3,20000,2,0.4,900048,k2,linear,0.05,99,0.19343880592370416,0.09560996777676424,0.09461536838827654,0.09173052057033688,0.0908022323368745,0.08923370569353176,0.08584531997733962,0.08201939327811769,0.08019063095609515,0.07979245473569144,0.07973604421701819,0.0779522265232636,0.07606653251714934,0.07587620010262718,0.07459616343929869,0.07182738948116443,0.07161298804443211,0.07146210357489155,0.07091950104149349,0.06983877151117543,0.06924552467260624
alt,conf_nonlin,t3,20000,2,0.4,900048,k1,quadratic,0.05,99,0.03306317118525948,0.012677751772507961,0.012499922167561572,0.012215687910922313,0.011998147508821888,0.011781762120002037,0.011396793464508947,0.011371480358979169,0.010881497297838383,0.010736195989456077,0.00984243362654147,0.009598210451527867,0.009537611975405813,0.009403794749092476,0.009392124438330707,0.00937439262735873,0.00901839774184987,0.008769226824569265,0.008756819400561389,0.008678420046506208,0.008644275141755808
alt,conf_nonlin,t3,20000,2,0.4,900048,k2,quadratic,0.05,99,0.2013695954513001,0.09542891859325836,0.09309646964652254,0.09153168327255198,0.08293896290497439,0.07597987295312758,0.07586626511591925,0.07501535766040264,0.07476248097186095,0.0738742239945747,0.06938761465171803,0.06886244561140804,0.06854743380342536,0.06800604671523999,0.0679123621313533,0.06775572557240467,0.06708099745074732,0.06610333125422983,0.06598775163863585,0.06456962004211955,0.06383430547866256
alt,conf_nonlin,t3,20000,2,0.4,900049,k1,linear,0.05,99,0.0278761143519779,0.020533144113027202,0.017026040628255412,0.016599650779125064,0.013169724341590472,0.012851786084471017,0.011516859892843456,0.011330799611036668,0.011291583162572727,0.010934224777226498,0.010844381799966052,0.01071444268110533,0.010657950588704668,0.010635747964255038,0.01062961436414056,0.01057809079577332,0.010264340146927675,0.009960848508561826,0.009882603731320883,0.009841497653328868,0.009750267175832272
alt,conf_nonlin,t3,20000,2,0.4,900049,k2,linear,0.05,99,0.17060100586495958,0.09686441676461446,0.08677221018059349,0.08587661114115093,0.08535724251533046,0.08309324669645964,0.08287404650497793,0.08082233963869512,0.07532697638181414,0.07393733407896125,0.07186782053582252,0.07113611219584406,0.06815675100636981,0.06793963941805958,0.06736275066902807,0.06648234671486286,0.06511607111093544,0.06437099549129778,0.06417247587903949,0.06353037101002644,0.06222683345854647
alt,conf_nonlin,t3,20000,2,0.4,900049,k1,quadratic,0.05,99,0.027507823990684077,0.018105108127356107,0.012452017102311475,0.01200052468649504,0.011585794276339656,0.011294011427080974,0.01068860382164194,0.010630510189421183,0.010545436436721012,0.010498159860012679,0.01014134798003996,0.010136344979547629,0.010045720217176424,0.009826658390081788,0.009703931670887456,0.009625736457128942,0.009426577907025169,0.009233776323478216,0.009195171519222,0.00893834370080071,0.008911491383784553
alt,conf_nonlin,t3,20000,2,0.4,900049,k2,quadratic,0.05,99,0.15967769252904504,0.13871103712786856,0.1179079799229418,0.10810550693169288,0.0990324126971759,0.09118374212828066,0.09083789491767703,0.08475212649298759,0.08467614421151853,0.08423328137739915,0.083347905477099,0.08194254699784546,0.07806010815943593,0.07664727521572351,0.0754737751748806,0.07394596877033101,0.07364359524478441,0.07241354872276669,0.07115282111905212,0.06976227728271116,0.06890952637721445
alt,conf_nonlin,t3,20000,2,0.4,900050,k1,linear,0.05,99,0.0288228764959374,0.013514391317783314,0.012497965178554171,0.011946906799445878,0.011592428330653215,0.01129988821144845,0.011173860759413623,0.011001531288882038,0.010486102729731162,0.010366896429854777,0.010181463922322886,0.009660678344699636,0.009569144279457542,0.009341721566700989,0.009130570376389646,0.009100380334244762,0.009082319775498005,0.009045433375775125,0.008761560634705345,0.008609501630953531,0.008563345801979927
alt,conf_nonlin,t3,20000,2,0.4,900050,k2,linear,0.05,99,0.26893827529217174,0.10256089862624686,0.10061497417355325,0.09609818636221713,0.09032813508685522,0.08241376099301842,0.08113786151361936,0.07903312976294542,0.07820433304515423,0.07535623722531636,0.07401068158503364,0.07370687345532576,0.07311197554859851,0.07299497275651956,0.0729018334391899,0.07039349287659008,0.06813377606402941,0.0677312168329792,0.06638814467043128,0.06614536046738818,0.059509801761509704
alt,conf_nonlin,t3,20000,2,0.4,900050,k1,quadratic,0.05,99,0.02887634092263902,0.0159042258880423,0.014748241772841508,0.013457681408731714,0.01252377741967492,0.01249921112658936,0.01245172705292541,0.012380426476343853,0.012356174754351579,0.012237662724720488,0.011961108459717984,0.011221793278133774,0.010749114776469115,0.010641896069070733,0.010437544652672659,0.010211331403582324,0.00983880152633676,0.009787002664113587,0.00977783210626515,0.009614269462128622,0.009579185419645198
alt,conf_nonlin,t3,20000,2,0.4,900050,k2,quadratic,0.05,99,0.2729336307752916,0.1173262566721333,0.1147136139832473,0.09732773831795345,0.09552114636892191,0.09411741356291177,0.087567929903255,0.08651718270313782,0.08509104589602581,0.08221713699337872,0.08062473965958819,0.0804114870049401,0.07494852497189443,0.07404087342906994,0.07002010161662592,0.06949410256953333,0.06898867062644182,0.06855407577733214,0.06677277159466755,0.06657115663205856,0.06452131300100833
alt,conf_nonlin,t3,20000,2,0.4,900051,k1,linear,0.05,99,0.031223604115264036,0.015927809813360283,0.01486991766079937,0.01314178387245235,0.012809749900081657,0.011817932035576573,0.011451425754972377,0.011327682104282033,0.011252670949696286,0.010232144466972404,0.00993651691408548,0.009666843302790773,0.009426528067772555,0.00933157246406846,0.009191465152551426,0.00915820414680868,0.0090709160958663,0.008948456394061721,0.00880340497637555,0.008676906909004356,0.008596047569454313
alt,conf_nonlin,t3,20000,2,0.4,900051,k2,linear,0.05,99,0.21365494950217312,0.12254825145965996,0.08669315036424835,0.08611794163882616,0.08518207909332473,0.08385794891831486,0.08343825472165294,0.08331086706438791,0.07950281626566458,0.07803744483718844,0.07742720669945138,0.07684462091763801,0.07555494390603913,0.07406807513624787,0.07364859672447714,0.07343194001736365,0.07331008399603896,0.07298740400443149,0.07267032442273715,0.07007917270416668,0.06846064619240806
alt,conf_nonlin,t3,20000,2,0.4,900051,k1,quadratic,0.05,99,0.03115740439567183,0.01274251035908669,0.012601078564854373,0.012359069990276583,0.01213192025926546,0.01207565608415928,0.01204821884569951,0.011734605122513675,0.011028171114834562,0.01089980763679721,0.010668922987564056,0.01065382650661384,0.010147195963172595,0.010125738391196015,0.010081234931017202,0.010040772856118818,0.009840288927444707,0.009414214166152401,0.009046333946003626,0.008575175327139584,0.008519097810527954
alt,conf_nonlin,t3,20000,2,0.4,900051,k2,quadratic,0.05,99,0.21077707983968338,0.10701909559537891,0.09918217779757627,0.09699101960506666,0.09325867266003977,0.09304756639042336,0.08896226048576628,0.0885739621098828,0.08731352334003972,0.08075074157626236,0.08031869000830533,0.08017335586042856,0.07828840729780376,0.07568167567197576,0.07554686981596756,0.07296904616558915,0.07231926432505968,0.06909927369634723,0.0651062132712932,0.06472684358609887,0.06352285566927646
alt,conf_nonlin,t3,20000,2,0.4,900052,k1,linear,0.05,99,0.03413000328734528,0.016945764668529928,0.0160987903522265,0.013051333023863299,0.012735894330403008,0.012476698180765022,0.012192196228050456,0.011984716966282782,0.011534505421244678,0.011385435362684992,0.010972647266195401,0.01081186922384858,0.010675891635239965,0.010669683798978813,0.01058607688604496,0.010520924318256575,0.010452315616700458,0.010429402252017828,0.010418397154244419,0.010232430264227599,0.01007613841829047
alt,conf_nonlin,t3,20000,2,0.4,900052,k2,linear,0.05,99,0.21705672214371716,0.12861192748908848,0.1219485229420885,0.1141295219145352,0.11349663906961785,0.09704005584197052,0.09421037377154774,0.08926355707123139,0.08726126317230831,0.08701806051556556,0.08447158381825612,0.08410256194333088,0.08182875232393172,0.08180372509075329,0.08120482153272011,0.0775051979491691,0.07716454125980053,0.07559893157947382,0.07530933790072412,0.07260102051073526,0.06936891020836587
alt,conf_nonlin,t3,20000,2,0.4,900052,k1,quadratic,0.05,99,0.0343311696829981,0.01603806067122937,0.014297242549180855,0.012928934787255542,0.01253483307022285,0.011632237039684079,0.011266089761142406,0.011217889102741463,0.010757477867762266,0.010369193739724558,0.01017488136761846,0.010047425510144703,0.009814265031180325,0.00947485994234687,0.009390232552263456,0.00916132402125458,0.009117417732664612,0.009047969042157655,0.00892275002166587,0.008859261349889125,0.008770076482908173
alt,conf_nonlin,t3,20000,2,0.4,900052,k2,quadratic,0.05,99,0.22376718891185604,0.11474076792378653,0.11169594995796332,0.0993338236022369,0.09905620073764025,0.09366576219937088,0.09102501059535822,0.08710047455093557,0.08321885964203554,0.07907531035658912,0.07765102049999993,0.07664187618760633,0.07621577577842677,0.07415733498886193,0.07210457454945453,0.0719936751790818,0.07191506895173864,0.07113666202134077,0.0701161766664813,0.06925072525394325,0.06770674115296095
alt,conf_nonlin,t3,20000,2,0.4,900053,k1,linear,0.05,99,0.02543058303410506,0.013930428603261769,0.011495175825202208,0.011447372213534202,0.01139186509214829,0.011298915908748208,0.010826761214997482,0.010743243683858816,0.0105488310344527,0.01032152049434587,0.010199079804134925,0.010169469903219097,0.010107417417398512,0.010095350425694205,0.009823195851832778,0.009735707229894253,0.009675892164017208,0.009484936062805982,0.009451928338149673,0.009443846146638735,0.009330691150764903
alt,conf_nonlin,t3,20000,2,0.4,900053,k2,linear,0.05,99,0.23649153019547753,0.12584459181299917,0.12364537364042077,0.11597634094828953,0.11461277408586883,0.11373616744821646,0.11011628280078632,0.09955360347289662,0.09952337741601955,0.09705058469189058,0.0947229325670603,0.08579369053670104,0.07975107421002657,0.0777507248510648,0.0734751783135827,0.06949893570578844,0.0691807249950831,0.0685905024332419,0.06661808305327019,0.06617194089013642,0.06573863137751935
alt,conf_nonlin,t3,20000,2,0.4,900053,k1,quadratic,0.05,99,0.02450906562444788,0.0167733756049403,0.013099464967845087,0.012981805969301652,0.012258053283535797,0.01188292878801811,0.011872240936712686,0.011555299232173133,0.011341745900342204,0.011120525087396804,0.010522404540250108,0.010201936293439129,0.010166852271206728,0.009885600095800862,0.009673560019459737,0.009492304072317048,0.009373547527841364,0.00931489138675734,0.009096588845746045,0.0090597387448198,0.009020972825609208
alt,conf_nonlin,t3,20000,2,0.4,900053,k2,quadratic,0.05,99,0.2273738243735567,0.10633276237860433,0.09358525348509035,0.08245298360992373,0.08212998032591255,0.08156371238453425,0.07899125738219769,0.07884946118997738,0.07828576362690184,0.07548338190828371,0.0712586764335312,0.06946493728908656,0.06909135951435166,0.06868217043688216,0.06846489504085794,0.06845640485166314,0.0675442657487519,0.06743645443276912,0.06664080400114632,0.06602856555143288,0.06463067482178848
alt,conf_nonlin,t3,20000,2,0.4,900054,k1,linear,0.05,99,0.022712309232209904,0.012699983809283166,0.01232654760492935,0.011887348623641936,0.011568932841258484,0.011442601455296297,0.01081493452282234,0.010231402986167759,0.010186663270235985,0.00993573638210743,0.009666785505235032,0.009483518452878203,0.009331941497703777,0.009204886115946387,0.009177887359418047,0.009124448498207594,0.009060046778000208,0.00902575792091831,0.008980230817022039,0.008957114825170143,0.008892859839439438
alt,conf_nonlin,t3,20000,2,0.4,900054,k2,linear,0.05,99,0.23776501350747628,0.10052320306520791,0.09992286928441191,0.08667986746689774,0.08521034275982332,0.08444661298722676,0.08171265177761354,0.0802843419765896,0.07512391187438508,0.07496475419915777,0.07375346599128361,0.07355309892036722,0.06659206763661712,0.06646479866768597,0.06617171026142628,0.06604830800128976,0.06552670880289115,0.06517467756269318,0.0644980889699915,0.06340428647547774,0.06310950529706534
alt,conf_nonlin,t3,20000,2,0.4,900054,k1,quadratic,0.05,99,0.022236940342127753,0.016706148392211406,0.013381344756672187,0.012258402217294018,0.012098143781615445,0.012018650846586487,0.011798087332939855,0.011643609668883781,0.011559425288404701,0.01146943288007718,0.0114256445847144,0.01112484947480663,0.011097007968928652,0.01094842188315237,0.010872298825972626,0.010680935128859481,0.010576622743335817,0.010391827750588112,0.010312795621386983,0.010308009836812349,0.010282386771252261
alt,conf_nonlin,t3,20000,2,0.4,900054,k2,quadratic,0.05,99,0.23746281532848923,0.12362144066598708,0.10185068822376331,0.09992913237396452,0.09145615798979863,0.08938393946158932,0.08279823031142873,0.0807490715772246,0.07929571221620502,0.07611980147462871,0.0737469986009733,0.07371402523565158,0.07195010422027334,0.07159549993075816,0.0692596253519667,0.06848433799531065,0.06669461357762915,0.06584967612148962,0.06555312057810957,0.06454398389048134,0.06426521138693247
alt,conf_nonlin,t3,20000,2,0.4,900055,k1,linear,0.05,99,0.02554561675115663,0.01464445149611282,0.01294005904837714,0.012475212753564446,0.012182451392462545,0.012178876469627009,0.011912469747818566,0.011566009653178666,0.011056924146133351,0.01056962416545737,0.010342026969465845,0.010096434955665257,0.009436557156590752,0.009336015212262794,0.009331929549908913,0.00931570512271973,0.009308734671369168,0.009295805108368693,0.009102278674167352,0.009095170416955622,0.009065933564619488
alt,conf_nonlin,t3,20000,2,0.4,900055,k2,linear,0.05,99,0.14741104636975194,0.10185622521379657,0.09217051859602965,0.08308885548065414,0.08144558030540264,0.0806351769204795,0.07847350345501788,0.07778404537618346,0.07402838082528894,0.07354501725672945,0.06984275951272831,0.06879194695755833,0.06852152309248054,0.06849257484328403,0.0665219844245995,0.06311679599819754,0.06270981592593873,0.06258114091281805,0.06250181639078603,0.06174126414865938,0.06158065786827523
alt,conf_nonlin,t3,20000,2,0.4,900055,k1,quadratic,0.05,99,0.025693150608290027,0.015182621972824606,0.013869351413227982,0.012410040043400627,0.012001723964494837,0.011725158849598016,0.01135961409779529,0.011345583281567873,0.011124903872022918,0.010825836028922176,0.010731011515864308,0.010719704827208743,0.01062846493883951,0.01031736268022565,0.010287742178696324,0.01014348625477468,0.010029391406398136,0.009920891004368548,0.009841420260568667,0.00978589791483564,0.009768871107732391
alt,conf_nonlin,t3,20000,2,0.4,900055,k2,quadratic,0.05,99,0.14607894822840395,0.13933123558090546,0.11846087022388711,0.09818262097966884,0.09635332275442722,0.09239936733519392,0.08664721732035296,0.07823466495412124,0.07545241483843244,0.07193161549699348,0.07128803466151375,0.06975105158163457,0.06847344084671446,0.06820431802598821,0.06749042263704212,0.06501117160043139,0.06320321298980479,0.06205579361856877,0.061730031800058045,0.06076477472965779,0.060537123663653394
alt,conf_nonlin,t3,20000,2,0.4,900056,k1,linear,0.05,99,0.022050989522262587,0.015252936106908144,0.013972843391235168,0.013807873923773695,0.013801916485163157,0.013267747442081035,0.012373309761827933,0.012064178680771032,0.011733546475013346,0.01122776969823136,0.010959857726234756,0.010332138528403867,0.010268853875144535,0.010263986423006854,0.010219436355242473,0.009954268929326937,0.009811796899474978,0.009704119097942998,0.009692761597425936,0.009524593364108158,0.009518787378235305
alt,conf_nonlin,t3,20000,2,0.4,900056,k2,linear,0.05,99,0.14735912793894043,0.14297873705909914,0.1307627009463647,0.09295640009502702,0.08418336272533324,0.07842665981655869,0.07543114759843007,0.07478933173401194,0.07412637842000348,0.07337049637862242,0.07076918158713345,0.07067640536671635,0.07063868688610511,0.06881733072893974,0.06860500458759028,0.06762562451516846,0.06729367137933454,0.0672848317077394,0.06672719117783078,0.0657773223192928,0.06520323261621994
alt,conf_nonlin,t3,20000,2,0.4,900056,k1,quadratic,0.05,99,0.021961236507692883,0.012200230633664932,0.011709179307895168,0.01101122843635216,0.010785475162127356,0.010492749915761435,0.010310077906664716,0.010216962406655261,0.010151552656330609,0.010043003031757647,0.009825540569562197,0.009747708530235322,0.009719779218254732,0.009544002351670078,0.009454908948201779,0.009339863006778693,0.009070474402274487,0.008952735403528367,0.008939743250150012,0.008793129386545417,0.00864983766150007
alt,conf_nonlin,t3,20000,2,0.4,900056,k2,quadratic,0.05,99,0.1434524465643891,0.15549957424631283,0.10133238356489242,0.10132958148938799,0.10105619904151793,0.1004260256799921,0.09574776746368509,0.09274586523784942,0.09070320537808824,0.08389541099708718,0.0774729443398078,0.07700085744623845,0.07484001170681628,0.06942181141410096,0.06761289313630928,0.06689447172164237,0.06660119458794224,0.06545458305366243,0.06298042663185488,0.06187249498196782,0.06119389655057718
alt,conf_nonlin,t3,20000,2,0.4,900057,k1,linear,0.05,99,0.026751373017345426,0.01562823176300543,0.012730829180125358,0.01268586246956227,0.012134427211343057,0.012122567978151366,0.011367687743314647,0.011186082220024818,0.011100418764120268,0.010635498032086743,0.010424687221642581,0.010236631612401292,0.00994742665692272,0.009918922407914699,0.009606507699817746,0.009264251410833757,0.00922030077879088,0.009193199570254107,0.009106686281964538,0.00907015321837401,0.009050915854751929
alt,conf_nonlin,t3,20000,2,0.4,900057,k2,linear,0.05,99,0.16719816415552852,0.13884712902379176,0.12286990529504382,0.10427237088733192,0.1035040242645955,0.10072476218503924,0.09323125704053925,0.08115549773302261,0.07784448336087256,0.07768987231345556,0.07487460875101304,0.0700457959347318,0.06767517973025579,0.067157294609758,0.06587219002803837,0.0658462172229673,0.06583667434243715,0.06519412259670025,0.06384690159069265,0.06371879399358088,0.06294844391657428
alt,conf_nonlin,t3,20000,2,0.4,900057,k1,quadratic,0.05,99,0.026141294581516705,0.018476597620248225,0.014927142195090837,0.014509157953921603,0.013538433862310906,0.013143241938575523,0.01230534655224158,0.012127341046868523,0.01195295031507082,0.011830751402787665,0.011469488408662465,0.011227046865110335,0.010772805231819227,0.010423442746912426,0.010341973894646195,0.010259658603728794,0.010206053855238428,0.010031250988907114,0.010016481048838233,0.00981054858351671,0.009549125966526573
alt,conf_nonlin,t3,20000,2,0.4,900057,k2,quadratic,0.05,99,0.16028039998341806,0.11043637054856567,0.10850096746434608,0.10140500435983418,0.09467549326090392,0.0919272802706159,0.08548506282560417,0.080029030433723,0.07995035549914548,0.07839997820974101,0.07813135653616375,0.07603506063272789,0.07420685009174241,0.0724321443181564,0.07192211386656024,0.06988335168463555,0.06934839508420944,0.06898853897653517,0.06880140905835436,0.06748881117027675,0.06747946715353038
alt,conf_nonlin,t3,20000,2,0.4,900058,k1,linear,0.05,99,0.03242215074377641,0.014590648316652244,0.012993787317407413,0.01287419983111504,0.012771135039729264,0.012655078557020527,0.011233944254710582,0.01103125815836803,0.010866169846718954,0.010781043450127314,0.01070988503690895,0.010072360622522258,0.010001752453109525,0.009869664922218191,0.009693357627301169,0.009627884448024426,0.009393398622994265,0.009390020249372188,0.009264232277444329,0.009214789639032661,0.008826740502297925
alt,conf_nonlin,t3,20000,2,0.4,900058,k2,linear,0.05,99,0.13329555279083466,0.11815710102026986,0.1165654522593092,0.1082657795228282,0.1038841074801954,0.09968992041163631,0.09560937110492002,0.08603843566897758,0.0837864339219106,0.08114249820383757,0.07783976502738502,0.07649079933441079,0.07540800485617662,0.07419105613505309,0.07052707657407331,0.070359063526711,0.06990301699923843,0.06728886777388454,0.0671385614373758,0.06550581771347215,0.06548916818916825
alt,conf_nonlin,t3,20000,2,0.4,900058,k1,quadratic,0.05,99,0.032228370380378624,0.013830204441531935,0.012754787120211275,0.01221099819875604,0.011689133534442564,0.011415874752953803,0.011235392037264424,0.010763924341646636,0.010613391900413216,0.010578067105490474,0.01028661674028264,0.010221406540641409,0.01016155283542608,0.010147642057817596,0.009831609865544322,0.009777785796703742,0.00973986806637106,0.00961002068836192,0.009551121446262911,0.0094949978028821,0.009372394589298394
alt,conf_nonlin,t3,20000,2,0.4,900058,k2,quadratic,0.05,99,0.1319102412400691,0.10865895267993966,0.1013323650156981,0.09982577830091474,0.09739875340146076,0.09652212480672084,0.09220503225893142,0.07910322719427645,0.07794012274785968,0.07760798935631466,0.074809739124321,0.0730797869450949,0.07254112011231388,0.07206445798750352,0.07093462642563232,0.07003084118844312,0.06631105595233142,0.06513853575718467,0.062412476261131854,0.061536825793985374,0.06116444277446179
alt,conf_nonlin,t3,20000,2,0.4,900059,k1,linear,0.05,99,0.025243639971414433,0.014738072591709561,0.012880869890711022,0.012675383962424958,0.012091315226381405,0.011701898658119325,0.01123350983368887,0.010849832297138873,0.010802637245240443,0.0104854203590945,0.010266943678041596,0.009960874684925125,0.00979284539763503,0.009610361440175241,0.009373386175717036,0.00935869661476807,0.009180471415659697,0.009116611835486732,0.008992347993628691,0.008878291690486373,0.008775587809135232
alt,conf_nonlin,t3,20000,2,0.4,900059,k2,linear,0.05,99,0.1261365129924664,0.14086921414435039,0.10255670848348321,0.10103666038900298,0.08356340971842975,0.07923152176031266,0.07829679890002351,0.07654773820870882,0.07504155218220998,0.07169223074748737,0.07083899794701591,0.07045422265003734,0.07009519256206713,0.06967738138094358,0.0682941222572062,0.06699153345462198,0.0668510968884367,0.06673333575398943,0.06657671667056615,0.06574593348625041,0.06571431262268468
alt,conf_nonlin,t3,20000,2,0.4,900059,k1,quadratic,0.05,99,0.025013142373609742,0.016215746401728737,0.012988370567711627,0.012431486213290155,0.01230584117720257,0.012071252541750566,0.011837464297714928,0.011833961307568641,0.01178881121955433,0.011344001433900464,0.01129325198353548,0.011231301914704783,0.0105951146668819,0.010553587284681365,0.010440437826399585,0.010203522702588064,0.010067330067534241,0.009943645448330707,0.009736754741129783,0.009581795626636636,0.00939590372891208
alt,conf_nonlin,t3,20000,2,0.4,900059,k2,quadratic,0.05,99,0.12390532006662347,0.08730173659810671,0.08659821813062149,0.08121960593502997,0.08090718728705437,0.07792990694485369,0.07720061789737777,0.07547285578431139,0.0728335867795331,0.07237004452486678,0.07149010416845264,0.07058495521184985,0.06960729243935068,0.06908713435623182,0.06841894603001725,0.06830510247841667,0.06393255070806661,0.06317822654196158,0.061094274381470456,0.0610639360100136,0.059735499821176506
alt,conf_nonlin,t3,20000,2,0.4,900060,k1,linear,0.05,99,0.031237425808924857,0.01792301709391897,0.01414647563989535,0.014075247311227113,0.012684299691712808,0.012019810927534236,0.011867670953060738,0.011784853181193489,0.01164225386488571,0.011497770456800005,0.011170317612762437,0.011005412060112962,0.010760067765138603,0.010689614284810411,0.010676313490876943,0.009963460517102729,0.009809164665969594,0.009792833243931764,0.00950834472532236,0.00934131734531507,0.009206206817646945
alt,conf_nonlin,t3,20000,2,0.4,900060,k2,linear,0.05,99,0.18146570766592585,0.11306901796618944,0.1005084036704955,0.09956849401990485,0.08797655134526447,0.08738479542245399,0.08436328662722901,0.08278044803461633,0.08204749082067711,0.08058872557240475,0.07753908856654415,0.07682071488502655,0.07610508296501939,0.07383156292248451,0.07360176108579793,0.07172883461271229,0.07048830175741011,0.06961724529898881,0.06906145620538051,0.06827029778258493,0.06428179993478748
alt,conf_nonlin,t3,20000,2,0.4,900060,k1,quadratic,0.05,99,0.031484980208753566,0.015158627289721838,0.014488948400603885,0.014289259830084444,0.01404077976602125,0.013871919170760916,0.013439123462554825,0.013238437468992226,0.013118362783113624,0.013081978550977924,0.01307735934495402,0.012823785606800087,0.012719540399181994,0.012632185978966426,0.012387552566229032,0.011931335280265243,0.011814862493052969,0.011507634596785277,0.011146308270373773,0.01101413926282413,0.0109033213529387
alt,conf_nonlin,t3,20000,2,0.4,900060,k2,quadratic,0.05,99,0.18324248027320758,0.14073427841067737,0.11439729616606781,0.10534817547176996,0.10192255425775194,0.08387078621695081,0.07746902249791005,0.07660666831913089,0.07620389812734636,0.07494381174625574,0.0735449740886326,0.0727471020593156,0.07104047176199986,0.06992313427346113,0.06867171001804429,0.06781118903420226,0.06760212091231166,0.06750339761508374,0.0669704849393215,0.06683824375747852,0.06652505161631912
alt,conf_nonlin,t3,20000,2,0.4,900061,k1,linear,0.05,99,0.031616170814026234,0.02087198413604552,0.015578248711655696,0.014183445182941457,0.013866454537576511,0.012939569793384065,0.012731305844769558,0.012261903435048849,0.011825328112205602,0.011198389067447079,0.01091587531908822,0.010764545737696474,0.010690400325947924,0.010565867721315958,0.010351252953744727,0.010254244765047105,0.010104948188264795,0.010008461250108458,0.00994358599306655,0.009866242955328675,0.009864894041716754
alt,conf_nonlin,t3,20000,2,0.4,900061,k2,linear,0.05,99,0.21111956502398144,0.11006609283203896,0.10384563246928513,0.09393145335859139,0.0921885499584913,0.09163600932845853,0.08196849193651928,0.0799619151882821,0.07877971908271977,0.07655661075129745,0.07603988846564015,0.0753178470075807,0.07450275144868018,0.0735584560918288,0.07277806014709694,0.06857046441396279,0.06700982140520534,0.06672033932788364,0.06577605355150459,0.0650750373881084,0.06482593794789016
alt,conf_nonlin,t3,20000,2,0.4,900061,k1,quadratic,0.05,99,0.03137440576700523,0.017813165364887862,0.014580480441403254,0.01314264823992528,0.012564977476466788,0.01156930278652235,0.011269824009793705,0.011211817915190436,0.010970721280142759,0.01078546505044331,0.010742016077286864,0.010626425359513303,0.010581423096669096,0.010512120041557993,0.010506728183942715,0.010494860233505321,0.010255102929905502,0.010088766834706941,0.009957221662931892,0.009912392930853109,0.009910509920905142
alt,conf_nonlin,t3,20000,2,0.4,900061,k2,quadratic,0.05,99,0.21393427617072583,0.11487280262380359,0.08664940447785223,0.08259855586239,0.08150575553640983,0.07884042641214382,0.0783202423897579,0.07814526884916871,0.07169171207161942,0.07137334619741387,0.06785515373008635,0.06661783612313218,0.0657407054328426,0.06558585700179503,0.06372556244827368,0.06328946660048036,0.06155057889026157,0.060230173471114826,0.059359374084065455,0.0583327887284781,0.05784872532312609
alt,conf_nonlin,t3,20000,2,0.4,900062,k1,linear,0.05,99,0.026158974514568056,0.013308840371213937,0.012132260858513932,0.010967281112778338,0.010933675938639031,0.010841094731936618,0.010643283103264456,0.01034445276985374,0.010167128759624777,0.009926425387696503,0.009571766784285618,0.009396665629967216,0.009238520186328092,0.009226829756663446,0.009168461945432083,0.009004266451659082,0.008871616401721516,0.008705236838008279,0.008630408801234557,0.008564181049121489,0.008426609994623191
alt,conf_nonlin,t3,20000,2,0.4,900062,k2,linear,0.05,99,0.15120863356865094,0.14208089700284326,0.12767640284834403,0.12216367842114483,0.12141609164751074,0.11916390037874716,0.1011234027381982,0.09887514143337812,0.0922449821455332,0.09224001771663098,0.09021909163309932,0.08830310009174332,0.08306219175346233,0.08285803423369976,0.08114488696953732,0.08068285538309482,0.07973659984932896,0.07814260686617579,0.077716926066854,0.0731514277976618,0.07286440074476801
alt,conf_nonlin,t3,20000,2,0.4,900062,k1,quadratic,0.05,99,0.02619181748968713,0.014448016923135354,0.013383891071613085,0.012174529709776505,0.01216145886314235,0.01179943709287512,0.0117877391131469,0.011513898588569438,0.01138365195913249,0.010708781405053824,0.010647571718695015,0.010549237630056996,0.010402986021199268,0.010171177848834811,0.009995208775786746,0.009981686177040539,0.009864432408881907,0.009814498449248865,0.009808644742458794,0.009698202282828028,0.009565840334028075
alt,conf_nonlin,t3,20000,2,0.4,900062,k2,quadratic,0.05,99,0.16446927849242854,0.0983313383432226,0.09798896594404437,0.09277993503347384,0.09186602954019031,0.08910000945036942,0.08818446629272934,0.08629773337279642,0.08483969328997094,0.08251977101039347,0.07458792700897407,0.07231511276451313,0.07170904732860472,0.06827989435061182,0.0678225932183337,0.06715073136742898,0.0654591321102726,0.061796958840908155,0.06169540436978836,0.06136665197641899,0.05940123146354398
alt,conf_nonlin,t3,20000,2,0.4,900063,k1,linear,0.05,99,0.016997942413721323,0.014469779285376183,0.013380850500038344,0.01305801322641309,0.012096460665578124,0.011863815393041266,0.011786628566166746,0.011580448990021974,0.011165389993465835,0.01110306682421025,0.011026462691421712,0.01100182954370399,0.01099246259365061,0.010837784944845219,0.010764089929470644,0.010730193951404288,0.010315630531369191,0.009823364365871279,0.009802006434795896,0.009644585668846184,0.009445287330473229
alt,conf_nonlin,t3,20000,2,0.4,900063,k2,linear,0.05,99,0.24627086796251318,0.16128424488073112,0.09419536191559322,0.09165005444272309,0.08911249435011159,0.0881702912686836,0.08577488887468787,0.08571596280756215,0.07728293175655127,0.0723050185512715,0.07035959281237039,0.06923391457689419,0.06843742593367433,0.0677741609413314,0.06766215960840692,0.06648960471443165,0.06450100210941195,0.06401472192616989,0.06370926776700955,0.06325616092979763,0.06319003325341913
alt,conf_nonlin,t3,20000,2,0.4,900063,k1,quadratic,0.05,99,0.01730930785284346,0.015201306398575976,0.012581579222101125,0.012203564784562637,0.011655426228986965,0.011601216895489097,0.011391108900211,0.01113412570800687,0.010562433300380425,0.01010205905681405,0.010055897621643606,0.009989586489078217,0.009978914331013167,0.009924166096358378,0.00934189144264308,0.009331303304668248,0.009191961737712195,0.009073592661062224,0.009063736040731962,0.008982225896389862,0.00896861528088988
alt,conf_nonlin,t3,20000,2,0.4,900063,k2,quadratic,0.05,99,0.2472406756788674,0.10582197882085156,0.09396819534329444,0.08714200217034708,0.08404261611167468,0.08101279340270548,0.0806178404780305,0.07937364609930866,0.0789564655979528,0.07889778961236063,0.07404872353945578,0.07056577245196037,0.07049382208392443,0.06714679058557214,0.06702510948453616,0.06611725757986174,0.06423070705358752,0.06352994806762063,0.062506036855164,0.0620233837373887,0.06152760864760796
alt,conf_nonlin,t3,20000,2,0.4,900064,k1,linear,0.05,99,0.037070521834655756,0.015838987383206105,0.014237686188061094,0.014023155495695994,0.013813394582291694,0.013269240653603798,0.012850927025471859,0.012664332613390061,0.011349401518857216,0.011173963148034871,0.010844165251788995,0.010697407189714236,0.010624771556775991,0.010487661500073742,0.010481488618801382,0.010344802418536303,0.010335972885426536,0.01016249627118837,0.010072620805098076,0.010031941311265724,0.009852807170666389
alt,conf_nonlin,t3,20000,2,0.4,900064,k2,linear,0.05,99,0.17801475756933477,0.13264939535820364,0.08913016280176153,0.08496433922086646,0.07467479717799017,0.0717577749843134,0.07151016796838044,0.0709402959127401,0.07025431336811244,0.06913989188341227,0.06750566342525746,0.06686482451022693,0.06673055259798313,0.06649013075223499,0.06578628233658398,0.06552734336822977,0.06542398619842493,0.06509624631101428,0.0644477251606638,0.06379041671148207,0.06248627250279222
alt,conf_nonlin,t3,20000,2,0.4,900064,k1,quadratic,0.05,99,0.03603858972778373,0.014011078979307201,0.013754118674540683,0.013699759692466285,0.012313111325396142,0.01168062382712487,0.011472695672836708,0.01128568305642541,0.011236427491456924,0.010660613022070331,0.010455874215945404,0.01022677319964549,0.01005840373126532,0.009745487153988708,0.00969763987944372,0.009591660822489967,0.0093907055714062,0.009262764448750183,0.008880278529865171,0.008857457374940703,0.008593403222154183
alt,conf_nonlin,t3,20000,2,0.4,900064,k2,quadratic,0.05,99,0.1897482381158548,0.11159331938969107,0.10947135585211681,0.10835453177822402,0.10524921217205395,0.09988404772699645,0.09405370873423015,0.08437683819960975,0.08021885101849652,0.07962401756862937,0.07761825268863208,0.07556764207252345,0.07505749337622637,0.07497254945905203,0.07346227410467261,0.06913610811710463,0.0667951728814751,0.06628491714842238,0.06445964510062235,0.06382680685221713,0.0637691283774798
alt,conf_nonlin,t3,20000,2,0.4,900065,k1,linear,0.05,99,0.029223318771659956,0.01273664793582141,0.01182659593310953,0.011411676497073975,0.011223004290547789,0.010933148446917507,0.010735983957875561,0.010734601742061312,0.010719891575655116,0.010489391362856537,0.010399647765245712,0.01031647950662229,0.010241956116167739,0.009930936418846459,0.009906364724483918,0.0098503918857753,0.009810496597089324,0.009759991559409431,0.009754373662364757,0.009626965575301405,0.00942272142562317
alt,conf_nonlin,t3,20000,2,0.4,900065,k2,linear,0.05,99,0.15656718277618134,0.14674079593115613,0.08705238608696327,0.08461480597796991,0.0833149355392972,0.08192492252546163,0.07722604048250398,0.0751890003832577,0.07475001235165547,0.07414452703304884,0.07391868029686924,0.07298413775146911,0.0698527334775068,0.0696450817139832,0.069454620602071,0.06890531142707805,0.06869300114144283,0.06790599250034283,0.0675370256002645,0.06739726741918749,0.06630444473496293
alt,conf_nonlin,t3,20000,2,0.4,900065,k1,quadratic,0.05,99,0.028821926248022933,0.013599903310634542,0.013293414049830754,0.013261325478293506,0.012608205684666696,0.01250366295745342,0.011909497092124521,0.011614275351436443,0.011571039238857939,0.01150302232824496,0.011237591437976535,0.010936996780755992,0.01093042251944154,0.010881431916274109,0.010144957842745272,0.010015815435660325,0.009949958839801987,0.00972696067147083,0.009626941966246805,0.00945691566923712,0.009386071784862948
alt,conf_nonlin,t3,20000,2,0.4,900065,k2,quadratic,0.05,99,0.15503009770430606,0.1282874311392528,0.11907670621859537,0.09998756077548233,0.08922501578517705,0.07995510601417641,0.07636172346505972,0.07595102726282596,0.0725777602172157,0.0703529654125169,0.07034330233358639,0.06958122449475657,0.06913577554852213,0.06754185538685914,0.06640710402601296,0.06634980290350521,0.06543536839220881,0.06289461045765389,0.06160845168962129,0.06111442231222992,0.05869306309713905
alt,conf_nonlin,t3,20000,2,0.4,900066,k1,linear,0.05,99,0.024562237718417035,0.01871781795831562,0.01559591323490983,0.013182484869942335,0.013079845846760807,0.012749518417584427,0.012545853183038025,0.012188505058004506,0.01210869551049365,0.01174923597037969,0.011590027626149801,0.011488834372145984,0.011342091198529247,0.011021907363731764,0.011019668988340614,0.010362668009572085,0.01034886746496455,0.010236652914433986,0.010191492673691793,0.009945729690910787,0.009688697052663064
alt,conf_nonlin,t3,20000,2,0.4,900066,k2,linear,0.05,99,0.24265487206844294,0.11551015216676495,0.10114258899744084,0.09021201313634754,0.08569441900120083,0.08500721184887251,0.08472129297893,0.0842838395818453,0.08217888876524096,0.08198419775163358,0.07888785870258617,0.07530319479847822,0.07489844455914803,0.07372575188742746,0.07339419420760952,0.07283997126941327,0.07094294835871573,0.07031744550731042,0.06959747389592727,0.06908103336681956,0.06784163113734702
alt,conf_nonlin,t3,20000,2,0.4,900066,k1,quadratic,0.05,99,0.02458931108043594,0.014859529486275558,0.014713748036430108,0.014026516620991858,0.012555699110788798,0.012379978310481543,0.011288660821824448,0.011181651729953557,0.011181613189876982,0.010745104535110794,0.010410795924788219,0.010227110139434559,0.010203216267263504,0.01019780874666354,0.010148057770297592,0.009840196630843123,0.009814626338758958,0.00979006470502608,0.009670037997108971,0.009506064971456452,0.00945608231198003
alt,conf_nonlin,t3,20000,2,0.4,900066,k2,quadratic,0.05,99,0.24205066349674895,0.13268825461472084,0.10987224707994123,0.09525130091704691,0.09439253337001577,0.09005267613881483,0.08761137170614489,0.08637166308961539,0.08538452920149088,0.08324453891665821,0.08083523386983259,0.0804526641590543,0.0797409898205183,0.07869612975216612,0.07694030505644191,0.07532910788849724,0.07501107315235661,0.07334598467956854,0.07277021932559931,0.07084955248485122,0.07068566505677523
alt,conf_nonlin,t3,20000,2,0.4,900067,k1,linear,0.05,99,0.02324119753459286,0.016747736887571585,0.015547721063161823,0.014859801068746403,0.014416602574486848,0.014368219259912607,0.013874858626052866,0.013468762137317625,0.011980515025536875,0.01101217130615273,0.010880167879088298,0.010776740316298494,0.0103832864523411,0.010017965484695468,0.009944965046416843,0.009837429841834222,0.009803751290715423,0.009620612605821255,0.009375959581068294,0.009216616760171492,0.009200947007943383
alt,conf_nonlin,t3,20000,2,0.4,900067,k2,linear,0.05,99,0.1575981320972839,0.12244346175880089,0.09598813476106394,0.09323120200293662,0.0881848022086817,0.0856998332202816,0.08418271723762275,0.07881687600011546,0.07834458256096206,0.07808622156563075,0.0776916784336717,0.0756542300643991,0.07439523604441853,0.0731350822959993,0.07290413124733855,0.07246784185331007,0.07197279221639231,0.06964019367136616,0.0683762232140178,0.06733067435130667,0.06590373195377205
alt,conf_nonlin,t3,20000,2,0.4,900067,k1,quadratic,0.05,99,0.02331650139037822,0.01663628907699921,0.014446145250082698,0.01398255137997284,0.013595490007871858,0.013473497011905478,0.012472923277032533,0.012266977615783659,0.011897827271189265,0.01181571140914306,0.011415340897844128,0.011274177680259068,0.011221571707519251,0.010771858699460846,0.010597543955917166,0.010269402727205112,0.010101871001088725,0.010023264822733968,0.009929113159655834,0.009912214333023028,0.009768216618805114
alt,conf_nonlin,t3,20000,2,0.4,900067,k2,quadratic,0.05,99,0.1571281530498465,0.12903319135511443,0.10467734315721151,0.09754891886049075,0.0946562376666181,0.0821731982955516,0.08098496013487533,0.0801897472282599,0.0782484936649227,0.07625304318379704,0.07610201784886386,0.07474080047455414,0.07379901862924894,0.07263876393350376,0.06864184576740248,0.06855362481515918,0.06846762568757467,0.06607110736094497,0.06028913196373502,0.06021019822109007,0.05990114959096721
alt,conf_nonlin,t3,20000,2,0.4,900068,k1,linear,0.05,99,0.04289323888179808,0.015427808240625951,0.013286621247662667,0.012664456162230775,0.012318599736718339,0.012144011743842942,0.011883024217730465,0.011845126625415148,0.011550054999587611,0.0115221762197244,0.011517104963852942,0.011165450622373063,0.011162483607453533,0.010841493242153222,0.010806874857012816,0.010725829235042061,0.010482890226444663,0.010434525642982084,0.010325906630117676,0.010122121896433467,0.009865664367149751
alt,conf_nonlin,t3,20000,2,0.4,900068,k2,linear,0.05,99,0.2862367310265619,0.13420480759275394,0.09893760519406225,0.0986432980966368,0.0972705290923631,0.09330115624218174,0.0929299442853619,0.08722686435864577,0.08327250124883884,0.08153917411565159,0.07883983520314349,0.07822804783742228,0.07503206489576678,0.07337657348514758,0.07282659077056179,0.06977960066653278,0.0688216397468031,0.06820585827425299,0.06629850893699478,0.06579372378872764,0.06502462671225448
alt,conf_nonlin,t3,20000,2,0.4,900068,k1,quadratic,0.05,99,0.0418201267689029,0.014666003749128742,0.014335569426702555,0.012557244491132602,0.012448739493810979,0.012065177038519836,0.011667766773643895,0.01160588150281694,0.010463614477415284,0.010407304739969758,0.010150116129593711,0.010088223674357355,0.01004602297241286,0.009407321778758138,0.009402201734000637,0.009379439853688054,0.009161125497579414,0.009115520846875058,0.009037595973328982,0.009029374550817537,0.008943802626589892
alt,conf_nonlin,t3,20000,2,0.4,900068,k2,quadratic,0.05,99,0.2874884568798967,0.11429205270080126,0.1068241726919954,0.09484134983062115,0.09392976481485783,0.09280832621420682,0.08741422648593727,0.08401374279915773,0.08293342105355286,0.07631021798356408,0.07597864966362167,0.0748908227494966,0.07461166890446248,0.07236578193595955,0.07210038112826068,0.07119498669398802,0.06812926333306,0.06640180165847998,0.06609694389975158,0.0656613452058678,0.06550127147719653
alt,conf_nonlin,t3,20000,2,0.4,900069,k1,linear,0.05,99,0.021110033319870825,0.016142649258294228,0.013319587892601903,0.012069295309195538,0.012053682450502312,0.011930602947068158,0.011779988519595608,0.011519951998763545,0.011308883423354676,0.01122374577199603,0.011046024329613435,0.010466569316876617,0.01042119616478887,0.009931005768233803,0.009794611909712314,0.009355575385722292,0.009212401373520973,0.009133987833130242,0.009109867448107711,0.009075161068200166,0.009059603100872393
alt,conf_nonlin,t3,20000,2,0.4,900069,k2,linear,0.05,99,0.12136254997802005,0.13751770683363643,0.12097559842771512,0.11447277805254795,0.10293192259820964,0.09019295298261304,0.08021559312970035,0.07385618662498127,0.07356402050673211,0.07111841151690095,0.06989965265847435,0.06988122884298541,0.06823195620014093,0.06794601851843894,0.06384822462980876,0.06288904936898389,0.0627981234489142,0.06272875786859297,0.061649211902128576,0.0616117965005455,0.06142469992335398
alt,conf_nonlin,t3,20000,2,0.4,900069,k1,quadratic,0.05,99,0.021005452669435654,0.014840538413180782,0.013445898186400407,0.012865779357635998,0.012683948391378097,0.012037233304630246,0.012032793897916005,0.01202419645575925,0.011695830272591912,0.011233134684662804,0.011179493267837848,0.010983082291592616,0.010706035597605523,0.010297190425443636,0.010274668568451273,0.010012188418270007,0.009601591717917857,0.009349923860698328,0.00934796756380063,0.009243293666485353,0.009237774495078122
alt,conf_nonlin,t3,20000,2,0.4,900069,k2,quadratic,0.05,99,0.11715331085740556,0.09702315003825551,0.09585872586721156,0.08645189868275296,0.0859382663185764,0.08102996479056444,0.07897229920076254,0.07636153637769584,0.0735182797532758,0.0734327999532994,0.07087673997706942,0.07051297562939017,0.07027868109999605,0.06925385675349326,0.06768745111775445,0.06739951834952525,0.06662671136755918,0.06537772421860476,0.06374487671145426,0.06337752323964739,0.06260711974974137
alt,conf_nonlin,t3,20000,2,0.4,900070,k1,linear,0.05,99,0.033118020449947494,0.012604319954835241,0.01214186307847509,0.011832712141047197,0.011760461161720248,0.011598977202201044,0.01144605026631973,0.011264347101532013,0.010874067887095773,0.01075005908056148,0.010389484246473124,0.010354318877096702,0.01023561916724236,0.010173390820155226,0.010139372355750575,0.009798282981642314,0.009592610149263825,0.009500109545956814,0.00949854138155648,0.009467828148662871,0.00935584623331398
alt,conf_nonlin,t3,20000,2,0.4,900070,k2,linear,0.05,99,0.18066337156016624,0.13996795900412357,0.13314026311318125,0.1299076632840453,0.1236832539506989,0.1076474766758802,0.10396639934612192,0.09920774551180457,0.09085913513551762,0.0878649422813431,0.083390299649268,0.0822068553314584,0.08132580046887529,0.08078309091629149,0.07791923042186254,0.07706042932916332,0.07683518395466522,0.07645802790253488,0.07574591849685719,0.07489006835441334,0.07188409923881024
alt,conf_nonlin,t3,20000,2,0.4,900070,k1,quadratic,0.05,99,0.03329093069126943,0.015020048565788535,0.01373339181608757,0.013649868601869675,0.013415029917380528,0.012039737668390948,0.011519034604160927,0.01137336692041846,0.011071091618421236,0.010539071531372013,0.010444306054787966,0.010438198669886045,0.010342596876915189,0.010283176173338737,0.01027140841151164,0.009924398222068476,0.009834546227068697,0.009616311876243122,0.009540397850407278,0.009483949415015736,0.00938541574391294
alt,conf_nonlin,t3,20000,2,0.4,900070,k2,quadratic,0.05,99,0.18521476753982902,0.10899226972156895,0.07934822591577412,0.0790448812073906,0.07603406041492441,0.07265472227757427,0.07072397526927965,0.06911936643711922,0.06815246070161078,0.06781930964599062,0.06645355459459863,0.06594387779025282,0.06369449519288332,0.06353814361885834,0.0632555299470783,0.06288290575398656,0.06261414064982006,0.062029270521063364,0.061334262436728085,0.059513573566550126,0.0591679331143544
alt,conf_nonlin,t3,20000,2,0.4,900071,k1,linear,0.05,99,0.035027652811275733,0.01223972680193075,0.011762879920097169,0.011371815344926817,0.011331265526008272,0.011321628869569111,0.011320160325830941,0.011209516105016193,0.011079933738484149,0.010759375716348218,0.010331714810845494,0.010282630417953853,0.010270315987524703,0.010004750351069291,0.010000605939402663,0.0097904663808428,0.009459963878668542,0.009436916837184839,0.009136888167480262,0.009130133195930812,0.009070935473799557
alt,conf_nonlin,t3,20000,2,0.4,900071,k2,linear,0.05,99,0.20954435725065573,0.12369983480388666,0.11982654347627107,0.11112057459175531,0.10566951618059614,0.10186047546611565,0.09811588052033199,0.09589885720289294,0.09264492902246291,0.09192165046953277,0.08743164023989178,0.07806413965410189,0.07509680744905783,0.07282417341764531,0.07206372034767779,0.07136856072070831,0.07088935756309313,0.07053114768112344,0.06808705607431077,0.06564068976197254,0.06303454224752822
alt,conf_nonlin,t3,20000,2,0.4,900071,k1,quadratic,0.05,99,0.03438912341367517,0.01285315163321854,0.01212920595883471,0.01199570189826904,0.011471721345055474,0.011370623531473778,0.010613401955173574,0.009954331115182402,0.009844657513742305,0.009670597682280846,0.009609361505992453,0.009588845243661326,0.00956001713009369,0.00951743826198792,0.00942353526334161,0.009285402704024226,0.009210680099170032,0.009027608860402325,0.008883484268344621,0.008794101577913938,0.008678758907018636
alt,conf_nonlin,t3,20000,2,0.4,900071,k2,quadratic,0.05,99,0.21246804249075288,0.14796522953754013,0.13776234676900873,0.1166444043800464,0.10072476459119378,0.09811832208624637,0.0903733166530797,0.08379061179543665,0.08087386116573475,0.07916982356993717,0.07293899749423578,0.07281836448636313,0.07065217711874747,0.06907987306572291,0.06839152423754201,0.06707146657643667,0.06612908252460557,0.0656236467572479,0.06367124072795231,0.06344082294197036,0.060154934002416706
alt,conf_nonlin,t3,20000,2,0.4,900072,k1,linear,0.05,99,0.028806013744358427,0.015888469257640536,0.015828328699281524,0.015613640389200545,0.01487324672306456,0.014249932537507726,0.01329215894436564,0.012010344523157412,0.01185579913845114,0.01159932430654742,0.01158297480073689,0.010721350651693773,0.010425673736463525,0.010387413891827957,0.010304677682357544,0.010294425416382147,0.010192351690990531,0.010174070923230083,0.010059733899692391,0.010048463982938571,0.00963645320178208
alt,conf_nonlin,t3,20000,2,0.4,900072,k2,linear,0.05,99,0.21480647590019272,0.12267598060922742,0.10249234226656406,0.08972559656943098,0.08840343737265328,0.08217985612703485,0.08208367677813593,0.07951671474301544,0.07902909445659619,0.0777112799020189,0.07637952597749804,0.0755281512393494,0.07182073644659726,0.07121026496030868,0.0703267342507104,0.06974386352047973,0.06916279993969031,0.06629212114525088,0.06613783973891116,0.06476597270988359,0.06474309634070778
alt,conf_nonlin,t3,20000,2,0.4,900072,k1,quadratic,0.05,99,0.028496817350123105,0.01697595693369125,0.014090783980935218,0.012603966552168444,0.01175833905073631,0.011721650397572558,0.011583938578000996,0.01102073422909744,0.010701662743655138,0.010234320765193816,0.010052065550738343,0.009762114248658027,0.009754213101321962,0.009732728315737238,0.009702032080454948,0.00968096301713861,0.009112756304238467,0.009021721045166187,0.008999381637217807,0.008988407879542915,0.008854994000983774
alt,conf_nonlin,t3,20000,2,0.4,900072,k2,quadratic,0.05,99,0.21817906909529866,0.1366313987390814,0.13563444343240413,0.09254273598313907,0.08103921216629874,0.07978717983992797,0.07859699423481044,0.075846396970504,0.0753076095239586,0.07188916283267421,0.07159275172435588,0.07145974153967861,0.07070234919295339,0.06963593011668816,0.06681080282518886,0.06619794766343033,0.06566237262468887,0.06475972509929581,0.06450601163493576,0.06422385773111647,0.06413367515329778
alt,conf_nonlin,t3,20000,2,0.4,900073,k1,linear,0.05,99,0.03299610624953464,0.014574394671401536,0.013159608348085716,0.01289142463674553,0.01251609336466697,0.012483869651020996,0.012241996467018068,0.011978321556484595,0.011942049945165234,0.011831136044839985,0.011722244022270845,0.010982826757018005,0.010946691047518886,0.01041032291092514,0.010087324569110767,0.010059360689052,0.009810681248914488,0.009776682482886434,0.009500416835409142,0.009296593473627213,0.009207401906206392
alt,conf_nonlin,t3,20000,2,0.4,900073,k2,linear,0.05,99,0.14831212263920932,0.10327661813943712,0.0936424471503444,0.08813059401582454,0.0860510602667309,0.07461190066593962,0.07306825946239501,0.06901236025866997,0.06754648793209708,0.0675118476011785,0.06749479531253569,0.0661045257346519,0.06606955883167381,0.06583321131982232,0.06541899247574248,0.06375782634767181,0.06297433717458127,0.06220334192721737,0.06217668220688371,0.06206934036524131,0.061120501228813545
alt,conf_nonlin,t3,20000,2,0.4,900073,k1,quadratic,0.05,99,0.033053197046517435,0.014605340516076537,0.01401918701608662,0.013685614632325871,0.01283203259134813,0.012315888669013897,0.0122734626734472,0.012064182719464078,0.01194347526898809,0.01089125275556535,0.010762126785195725,0.010485817425271993,0.010278283487388018,0.01020867134252157,0.010205312164568214,0.010143640138853494,0.010024569430695074,0.00987031948676853,0.009753601549580049,0.009681739112181953,0.009510559367019611
alt,conf_nonlin,t3,20000,2,0.4,900073,k2,quadratic,0.05,99,0.14482637732307604,0.1759140841398544,0.14507466735518482,0.118235983445953,0.09925460442845388,0.09826381825347556,0.09401138862552791,0.09400940610464387,0.0912133636445188,0.08555999000385851,0.08042616325526947,0.07884751093368693,0.0786504751117527,0.07768699273065245,0.07624464598140764,0.0742332890915799,0.07392935996414927,0.07032022596331432,0.06985324204109929,0.06635642746360136,0.06615739975049831
alt,conf_nonlin,t3,20000,2,0.4,900074,k1,linear,0.05,99,0.03774273153424346,0.0161703659666802,0.014046722155201863,0.013092677063557545,0.011786890732584765,0.011577024870945363,0.011543953531401918,0.011222263371635455,0.01116937018558306,0.011031829004071403,0.010960175634576075,0.010257667224553013,0.010127056741837892,0.01011995941352406,0.010089934242818344,0.010020195955509736,0.009879563364700972,0.009761394807793033,0.009492431867034079,0.00947889599099705,0.00944959835509851
alt,conf_nonlin,t3,20000,2,0.4,900074,k2,linear,0.05,99,0.19580439351305784,0.15860615539638817,0.11922197499517806,0.11629993634867775,0.11162982987301096,0.10984913893424214,0.09404156009301945,0.09116058976180882,0.08883685799260839,0.08606128707989354,0.08304533847545409,0.08255841232088848,0.08249942442693212,0.08114968339936983,0.0805932310818542,0.08050864934921757,0.07716311895565059,0.07552327403828286,0.07383605759665418,0.07259533565923755,0.06930230455192919
alt,conf_nonlin,t3,20000,2,0.4,900074,k1,quadratic,0.05,99,0.03827537595359931,0.013499858316580071,0.013066918219783452,0.012803442070358328,0.012508105590384955,0.012421359826403133,0.012050496608807526,0.01161558874785873,0.011421809282343265,0.011028740803035397,0.011015231667627634,0.010740152604733155,0.010593999989654712,0.010591462538359186,0.010573404135271414,0.009695551411737835,0.009573051150966072,0.00946663755144228,0.009304313865877156,0.009216928052511286,0.0091100260687631
alt,conf_nonlin,t3,20000,2,0.4,900074,k2,quadratic,0.05,99,0.20113287165540922,0.16680661690814977,0.12050516456304651,0.09897013156842593,0.0962295360540005,0.08482114161640207,0.08290970764018285,0.08229492321611317,0.08170660853630396,0.07924016440590964,0.07587048635964336,0.07522359969361486,0.0731251736188096,0.07281408729881912,0.07274728181394366,0.0710061381742809,0.06640223742844399,0.0655977527927562,0.06479214215751188,0.06453587485709193,0.06444200226066989
alt,conf_nonlin,t3,20000,2,0.4,900075,k1,linear,0.05,99,0.027390076360565563,0.013280927558351752,0.012848815722093843,0.012144892332518809,0.011010945518051929,0.010977075349421939,0.010695480980456251,0.01054572920486374,0.010451467113035906,0.010387588783842161,0.010286272411054065,0.009991791047942122,0.009804857623146646,0.00971213756351319,0.009627854520610213,0.009537902860053626,0.009536180634207803,0.009469170278376127,0.009337525061750562,0.009115230025616983,0.00899593118649089
alt,conf_nonlin,t3,20000,2,0.4,900075,k2,linear,0.05,99,0.17801974025130946,0.12906863580809583,0.09955679684455156,0.09326810980369499,0.08820484459462251,0.08798336763840194,0.0871597062570971,0.0824688841243981,0.08118504006547846,0.08087486695818798,0.07991225693447565,0.0789544959987751,0.07676705027074958,0.07632789702265882,0.07556377707283217,0.07412763341279932,0.07166728921548343,0.07163133980019729,0.0692214133977287,0.06908710523833798,0.0664901981902087
alt,conf_nonlin,t3,20000,2,0.4,900075,k1,quadratic,0.05,99,0.02700203692672054,0.01738697360005448,0.01358025040123434,0.01322263526926637,0.012926454440310264,0.012747707949123277,0.0118488248052675,0.011804896813375931,0.011753246083084479,0.011752956573680251,0.011564086648279903,0.011262576787310241,0.01123530297783204,0.010722882564957348,0.010509296189206818,0.010143910882859042,0.009987452551847853,0.009949917748708126,0.009637826154637263,0.009340414556599841,0.009187643172546278
alt,conf_nonlin,t3,20000,2,0.4,900075,k2,quadratic,0.05,99,0.18258942706287148,0.09757251793412773,0.096275649443425,0.09477917440999617,0.08994465496125911,0.08934047170280433,0.08714213304115714,0.08558376551386376,0.08515219037857506,0.084150559165275,0.08328249414358174,0.08236925384263451,0.08143066655703907,0.07510120672425186,0.07363115119163607,0.07283905802750126,0.07163443879520599,0.07104797668759416,0.07042986637383239,0.06975824312475386,0.06951331219195463
alt,conf_nonlin,t3,20000,2,0.4,900076,k1,linear,0.05,99,0.026984442773873463,0.016453043166272052,0.014481724026796594,0.014321815863327814,0.013487267854180307,0.013449467697195683,0.012952970729183222,0.011982125454076176,0.011733845533911214,0.011574818059375103,0.01147341061035756,0.011266492640750192,0.011005931501498867,0.010835339615982265,0.010735993405191713,0.01071376425737669,0.010681995758048846,0.010507881013037013,0.010416319187257717,0.010410957194142645,0.010321754475446698
alt,conf_nonlin,t3,20000,2,0.4,900076,k2,linear,0.05,99,0.16390342371572533,0.11922343747268327,0.10889198193352496,0.10547317945706987,0.09815353807487341,0.08939381124497822,0.08369118446860939,0.08232411503816796,0.08127394846190462,0.08117485569578925,0.07726649333941418,0.07441300762000198,0.07371479318915979,0.07156342623850304,0.07053575704677409,0.06804015064611413,0.06710868808143823,0.06610780284512184,0.0655005987070152,0.06548940158306714,0.06540472339441912
alt,conf_nonlin,t3,20000,2,0.4,900076,k1,quadratic,0.05,99,0.02655849163301338,0.015672493286738587,0.014344656056431648,0.013911320343369393,0.013188462487476293,0.012810774512411749,0.011850752539960707,0.011657398170871303,0.011292933411835682,0.011176646221493503,0.011058048320475855,0.010849664089349953,0.010665824882090336,0.010597238588518354,0.010560137331673825,0.010539564511599542,0.010304596944972877,0.010191861426558257,0.010096467991967173,0.01005077656770148,0.00973313138236298
alt,conf_nonlin,t3,20000,2,0.4,900076,k2,quadratic,0.05,99,0.16083174935073763,0.12594217595651117,0.1076657291725633,0.10245385747090931,0.09801434490158586,0.08911764311892975,0.08718130175366536,0.08640088221440297,0.08079349053619266,0.0790366929014289,0.07845965589858278,0.07755437282949122,0.07185443468376558,0.07070302725903066,0.06965748286254098,0.06941865128911479,0.06706316935968691,0.06699220807785645,0.06681088474087733,0.06610612263136222,0.0657230828107651
alt,conf_nonlin,t3,20000,2,0.4,900077,k1,linear,0.05,99,0.030079705501534493,0.016067632728793413,0.015203769765547714,0.014154890455838398,0.013718817496582103,0.013481575199771889,0.012979596362912127,0.012536783013889718,0.012414875292882321,0.012169274488338044,0.011378172727883773,0.011138840557790797,0.01064071009561618,0.0105809807902153,0.01041745046752307,0.010103633531392653,0.009988401192525864,0.00980439626774543,0.009783774037610327,0.009641120014809212,0.009445139354817056
alt,conf_nonlin,t3,20000,2,0.4,900077,k2,linear,0.05,99,0.18313132990383615,0.11167391666227754,0.1091947223484262,0.08926361068667753,0.08802977137636973,0.08279885050661162,0.0781378931121975,0.07527502854147738,0.06738055449728264,0.06711649943714411,0.06691241509310951,0.06494016683286037,0.06419543390800833,0.06362249770382586,0.06321556870728051,0.062151203759523876,0.0617944108284638,0.0616913243528645,0.0608097642282953,0.05982834616164343,0.05914272737332411
alt,conf_nonlin,t3,20000,2,0.4,900077,k1,quadratic,0.05,99,0.030168442079986924,0.02184899971077714,0.013413333378027081,0.01306674082414927,0.011961085856376563,0.01141059728443028,0.011000754153628667,0.010671652458145497,0.010453947627128146,0.0104515389427563,0.010315574167505948,0.010253187994360702,0.010011323294295438,0.009631913375325651,0.009415632111479444,0.009344967746884758,0.009116969937484565,0.008948454757490176,0.008881981692447583,0.008836092249721261,0.008726029274485403
alt,conf_nonlin,t3,20000,2,0.4,900077,k2,quadratic,0.05,99,0.1819476438743834,0.11864665075442006,0.09465288970057774,0.0911936706033128,0.08244609049871857,0.08088337928063843,0.08027602871499145,0.0791841700062823,0.07910307291246989,0.0743129889969889,0.07426987360917514,0.07178469836933761,0.07101083093134317,0.06898757414896647,0.06805903110204,0.06757017669095264,0.06645437232298514,0.06614966306549616,0.0657029614670288,0.06499628973356647,0.06105165508286521
alt,conf_nonlin,t3,20000,2,0.4,900078,k1,linear,0.05,99,0.03593711973503899,0.013331012312269741,0.013054291152166608,0.012914384803529022,0.011693749174682133,0.011355142159214404,0.011059823353326337,0.010894947679412015,0.01018417205853639,0.010109071203587394,0.010027428798776494,0.009873208673467526,0.009590663395907417,0.009407023455078822,0.009152031854752662,0.009067142732805289,0.009028933504560022,0.00899383026131606,0.008848786215760462,0.008754257405666488,0.008656544272345967
alt,conf_nonlin,t3,20000,2,0.4,900078,k2,linear,0.05,99,0.18614102027497068,0.11738292064739846,0.09575353746080739,0.08845424122653894,0.08834963167270095,0.08589712791178243,0.08539921101512576,0.08520787080723816,0.08393737771565149,0.08100660787634636,0.07880629692575598,0.07841142368384708,0.07693272660631909,0.07316670830659151,0.07179022495688611,0.06974623828762896,0.06740349433973779,0.06674797499832863,0.0662582901143656,0.06456355351629976,0.06439265588942153
alt,conf_nonlin,t3,20000,2,0.4,900078,k1,quadratic,0.05,99,0.03582055981324017,0.015009891285034493,0.014726907898234609,0.014668732812561869,0.014452449655413369,0.013948893177039512,0.012976202494447087,0.012895272145898806,0.012393427665438828,0.012339242858230737,0.010679384458854635,0.010645140967946332,0.010548728677266639,0.010271140809210655,0.010192936382175222,0.010104892561197176,0.010056394856645001,0.00979831047802282,0.009773814069468978,0.009507637568494376,0.009370119971419677
alt,conf_nonlin,t3,20000,2,0.4,900078,k2,quadratic,0.05,99,0.18719247730005556,0.12271351277792782,0.10770100732525302,0.091697860152054,0.08736797454402938,0.07592885326577675,0.07532303653126363,0.0734247355296308,0.07342207870750261,0.07287756632488142,0.07230337940124036,0.06757747768556488,0.06723039435188678,0.06679449749491762,0.0664355457673958,0.06620673946373459,0.0630637651225731,0.06189964403046515,0.06153737330865213,0.06051055280915459,0.05823931352454273
alt,conf_nonlin,t3,20000,2,0.4,900079,k1,linear,0.05,99,0.02647302390964057,0.015704490781685343,0.015009388004962765,0.014147698621980287,0.013898902451167539,0.013076278621690807,0.012239910006713761,0.011546209460627566,0.011490844834883718,0.01133999024818122,0.010946860924690882,0.010788662357201662,0.01075205801152923,0.010589888280687076,0.01044448600525305,0.010259543276468719,0.01019765391624572,0.010192434381628201,0.010185575523861123,0.010156244316919305,0.00957799067433096
alt,conf_nonlin,t3,20000,2,0.4,900079,k2,linear,0.05,99,0.16032017628510278,0.1518992769954779,0.11880953069679324,0.10588975719057278,0.09809407454814274,0.09667804597720818,0.09643748282037015,0.09523334087076689,0.0936286645431421,0.09296586608513278,0.08923000611011254,0.08691422873677482,0.08581621448283974,0.08303359069825385,0.08216965289006743,0.08212774485338634,0.08172155298226624,0.08029533989430165,0.07765372483359934,0.07359962867564289,0.07171825147307824
alt,conf_nonlin,t3,20000,2,0.4,900079,k1,quadratic,0.05,99,0.0270390414326257,0.014801454562165306,0.013739084326190198,0.013597698703549654,0.013030760996666557,0.012755895042710241,0.012588149161986362,0.01221495890628499,0.011935673833880056,0.011748996968638403,0.011628691540209513,0.011435799114285494,0.011264835667443851,0.011194131811692154,0.011176987194584154,0.011136824034208792,0.010865918601439817,0.010760880780452453,0.0107333790764641,0.01047481866081268,0.010337369130448915
alt,conf_nonlin,t3,20000,2,0.4,900079,k2,quadratic,0.05,99,0.16539771182988253,0.12149194106879112,0.12094901922559399,0.11967446830578127,0.09504600245558895,0.09472068281969093,0.09337383513683845,0.08584003694972508,0.0839220973269498,0.0813512770485014,0.0811500044846902,0.08042786886368247,0.07961571311554666,0.07950934968192035,0.07710702940672687,0.07622868264028028,0.07204522009422451,0.07165508357819837,0.07133197469876848,0.07003326024894115,0.06797583052955584
alt,conf_nonlin,t3,20000,2,0.4,900080,k1,linear,0.05,99,0.04659152433206637,0.02159307604242655,0.015832400835743,0.013428206014100996,0.013218851258161579,0.013129423765283366,0.013054276686783828,0.012924491708608654,0.012809293676940392,0.012437076565933403,0.011892527084500726,0.01142100307811078,0.010857365090729099,0.010814212474860918,0.01067597095833217,0.01047574661947448,0.010414336608050911,0.01031404876009101,0.010268294967640479,0.010253530448479986,0.010080766212614223
alt,conf_nonlin,t3,20000,2,0.4,900080,k2,linear,0.05,99,0.2037423889363719,0.1266872637003352,0.09883783215527901,0.08633161224072489,0.08456730075516346,0.08405595332086835,0.08372145378658052,0.08316162623253226,0.08290543929236029,0.0814636629332795,0.08055407450850409,0.07571473960854107,0.07531667023693202,0.07365899202761278,0.07227076137445702,0.07117676080814885,0.06941295857110456,0.06657191451103762,0.06524256452876417,0.06439640583661697,0.06279170710254012
alt,conf_nonlin,t3,20000,2,0.4,900080,k1,quadratic,0.05,99,0.046635360061680786,0.021001636914802835,0.01715920652074654,0.01549849471163689,0.012069534143384408,0.012057246220436357,0.012030661602388082,0.01179733240317149,0.01105578255925832,0.011043331295775283,0.010966632671407961,0.010900961274511456,0.010840177130398865,0.010804390363153615,0.010726864117861279,0.01071658789554053,0.010523109537047937,0.010496055284387573,0.01025387673009226,0.009668321186975137,0.00917179694082404
alt,conf_nonlin,t3,20000,2,0.4,900080,k2,quadratic,0.05,99,0.20690210809460388,0.1474906913607796,0.130237028773344,0.12489283104850481,0.11550384913930258,0.11300882428892507,0.10652131257405839,0.09034367269773858,0.08692766519144884,0.08208911182738764,0.07885517002285672,0.07771591986903015,0.07676337740788967,0.07647192388828718,0.07581666757426483,0.07494745236701106,0.07301349256791145,0.07232783701269954,0.07116847048859545,0.06766489283826108,0.06745283980319282
alt,conf_nonlin,t3,20000,2,0.4,900081,k1,linear,0.05,99,0.01282462318909916,0.021961866147044207,0.01523596398645255,0.01390439434365598,0.013240411180949652,0.012985241928680447,0.012965026549575098,0.012512653302333532,0.012249706350049072,0.01140351662099548,0.011393265003403097,0.011130346004894487,0.011019805836295471,0.010742188593640178,0.010727497871817038,0.010513481323737639,0.010136710321082765,0.010035402896323875,0.009812970848169122,0.009792281400509362,0.009643214568761937
alt,conf_nonlin,t3,20000,2,0.4,900081,k2,linear,0.05,99,0.1926942077043704,0.16543221464666114,0.12421457105007876,0.09766709615442125,0.08937621448409755,0.08208308647909389,0.08090068249221022,0.07937648836209833,0.07882382297871755,0.07700644524642052,0.07644492026178872,0.0716834239203723,0.07150301061116252,0.06609267119330592,0.0658090420028213,0.06445860441584374,0.0638996863153621,0.06319202168624567,0.06302523741433569,0.05944657692343497,0.059191895002541815
alt,conf_nonlin,t3,20000,2,0.4,900081,k1,quadratic,0.05,99,0.012494774059375713,0.01753643959466844,0.01647858818183856,0.015434710889218994,0.014174085355670107,0.012990127243199145,0.0123587090946643,0.011709268159068476,0.011585660056423919,0.011543428178209192,0.01129769757834942,0.011106120737086944,0.010645899253706514,0.010558062215754727,0.010340916385755627,0.009968718304019908,0.009771638231097612,0.009418512284230074,0.00913156707853302,0.00905516667191042,0.008953046789477281
alt,conf_nonlin,t3,20000,2,0.4,900081,k2,quadratic,0.05,99,0.20348545152507336,0.15370058291550953,0.11988776422685896,0.11614796807552712,0.10794906722275419,0.09184403423597397,0.08642039903599018,0.08302856227243216,0.08173124516091815,0.0816602760940326,0.08002471858951958,0.07973568286949818,0.07878428566974169,0.07572723977432924,0.07547647321558791,0.0744210632685758,0.07420733096921231,0.07304871156221336,0.07280121167078944,0.07148678873586652,0.06958237998667628
alt,conf_nonlin,t3,20000,2,0.4,900082,k1,linear,0.05,99,0.026846774065930834,0.014907704957171752,0.01462311431841068,0.013731920502344286,0.01336324519458143,0.012300342767818884,0.011311549450723213,0.011214000950985015,0.010996065915893527,0.010819872437844436,0.010659874974117134,0.010513474923203425,0.010257950436239671,0.010170249645098162,0.010126301360463552,0.01012330313857479,0.010087155998572794,0.009687848110743524,0.009490583436000288,0.009417296891565563,0.009239197073795391
alt,conf_nonlin,t3,20000,2,0.4,900082,k2,linear,0.05,99,0.1713840100073608,0.1388387757853226,0.09833144489666457,0.09746924882171684,0.09530278425446694,0.0867070589671536,0.08623425315852948,0.08023230132435744,0.07968921231733846,0.07696939146327554,0.07644763645462074,0.07423193834091579,0.07385447318933269,0.07226859545924214,0.07174848404826656,0.07013182166794156,0.07000115205897124,0.06799300222963978,0.0675273698689577,0.06713906860649993,0.0668138778475372
alt,conf_nonlin,t3,20000,2,0.4,900082,k1,quadratic,0.05,99,0.026995997479130507,0.014994319049051574,0.014332158445631848,0.013956782225417963,0.013837170593274606,0.013735900402398804,0.01348465837310786,0.01233390605564133,0.011559145454571707,0.011103741758350827,0.010938661927202276,0.01093371344485472,0.010915620714401997,0.010328067348706393,0.009939945751637702,0.009893646627650687,0.00980052663896025,0.00953540710639822,0.008907321219019715,0.008850713248850117,0.008836074927711435
alt,conf_nonlin,t3,20000,2,0.4,900082,k2,quadratic,0.05,99,0.1585094010845915,0.09221392450583321,0.08813819512669997,0.08319124213809684,0.07772652475908,0.07653727090232687,0.07452196999531617,0.07362646678707264,0.07333994227215815,0.07270305666834087,0.06888051682740742,0.06879851107410807,0.06791458154694173,0.06722330427190287,0.06636224982639062,0.06469897529372697,0.06390343171371109,0.06376151653373408,0.06338792609334479,0.06315121525940638,0.062308159794380105
alt,conf_nonlin,t3,20000,2,0.4,900083,k1,linear,0.05,99,0.023114526855289808,0.015656435300244964,0.015514125965732095,0.015141822374975189,0.013734986432976548,0.013539560932627426,0.013140310055777538,0.012857371155512776,0.012602973982919763,0.012167517052363075,0.011799777623302199,0.01157982224810361,0.011385209406136076,0.011185453009511792,0.010995326701946473,0.010734460617354946,0.01024963842230997,0.01018948281166876,0.00991264023922489,0.009861437310044519,0.009662831347925449
alt,conf_nonlin,t3,20000,2,0.4,900083,k2,linear,0.05,99,0.13589811183991157,0.10533316935649055,0.08659385307013427,0.07911845852575225,0.07470721777569249,0.0737590871553358,0.07131822779857055,0.07094923820875393,0.07087502490807646,0.0687315150921339,0.06783257608509123,0.0666211067804186,0.06648723097519342,0.06582654726894162,0.06536157884018245,0.0647693195922255,0.0640192623595628,0.06326367379404027,0.06299945738143314,0.06157583465720869,0.06087636185362576
alt,conf_nonlin,t3,20000,2,0.4,900083,k1,quadratic,0.05,99,0.023479894428448445,0.017126492119465264,0.015116408769251022,0.014343915000907703,0.012501644606972118,0.012481003586235162,0.011891487454904759,0.011060596925512978,0.010814464440685567,0.01080595537152862,0.010526797548215505,0.010276570418484288,0.010232053656472506,0.010186520676687905,0.009885370203176813,0.009872975465845313,0.009580404272990672,0.009460008705225897,0.009296672675533135,0.00926156008675627,0.009257928238577406
alt,conf_nonlin,t3,20000,2,0.4,900083,k2,quadratic,0.05,99,0.14344569265992171,0.17179916717518456,0.1485459726874881,0.11802415207538325,0.09818373482212046,0.09165948275178386,0.08797786153721784,0.0859199875603074,0.08493769297789536,0.08444154786210262,0.0843973824315555,0.08177666899419436,0.07567232110483835,0.07432677358832826,0.07132117352510563,0.07127545764605536,0.07119137544645741,0.07028677218584499,0.06884640579066137,0.06880143650803978,0.06868154042650391
alt,conf_nonlin,t3,20000,2,0.4,900084,k1,linear,0.05,99,0.02283057975634173,0.017706655454630904,0.013297139088595089,0.013124028456930503,0.012750183293840034,0.012089339019893841,0.01147642961534645,0.011447429960766087,0.010961635365225764,0.010767302483949415,0.010694044485105247,0.010556274519822217,0.010442946613284487,0.010438888281718128,0.010344133673133804,0.009933897340454467,0.00948037579385197,0.009457171119090058,0.009433461523733588,0.00915533450942918,0.00901255665116174
alt,conf_nonlin,t3,20000,2,0.4,900084,k2,linear,0.05,99,0.208878622345776,0.12295723938347941,0.10962440402181182,0.10485999539931813,0.10166453917992008,0.10087444768114016,0.09694293762868975,0.0870571304326877,0.08691239813522814,0.08667096262664387,0.08313202903780731,0.08237808520137492,0.07994657965475414,0.0790129749973599,0.07892206096183825,0.07870771628873721,0.07697922231606855,0.07425063826694238,0.07416575819788755,0.07319635068958909,0.07287500370367614
alt,conf_nonlin,t3,20000,2,0.4,900084,k1,quadratic,0.05,99,0.022666746358773526,0.014394092169322414,0.014264181654870312,0.014110418455482554,0.012783586696023197,0.012343755771652032,0.012268451467305153,0.012146179723994344,0.012132954389281303,0.011573964873061615,0.011424111578207663,0.010991988871157155,0.010797841563619959,0.010556791140255983,0.01046200606550507,0.009712511000133706,0.00948407389730821,0.009464762189070441,0.00922066170146485,0.009120904810750674,0.009084519703177474
alt,conf_nonlin,t3,20000,2,0.4,900084,k2,quadratic,0.05,99,0.20888264155839453,0.0978861082352519,0.09720401636801683,0.09553903881449273,0.08924178788926512,0.08920847734423101,0.0887966717656383,0.087523707946575,0.08724990814573141,0.08083516597360964,0.08006919072078351,0.07950967429851837,0.07144737202060772,0.07133219312069976,0.0706715987571594,0.07055163210159045,0.06930861101535071,0.06896015224466763,0.06892942699306859,0.06880485525712825,0.06848038318891048
alt,conf_nonlin,t3,20000,2,0.4,900085,k1,linear,0.05,99,0.025980886430728822,0.015405120282827034,0.015024963609820086,0.013457096030566662,0.012759612502272866,0.011520680922579185,0.011364567920771784,0.010795490985091583,0.010730689199868415,0.010384851963689545,0.009921422124006929,0.009861861553836171,0.009786264799514832,0.009723018719685395,0.009655953764005298,0.009442193753898653,0.00931553709460009,0.009300442820955324,0.00919633578208856,0.009189589551951594,0.009072649823566703
alt,conf_nonlin,t3,20000,2,0.4,900085,k2,linear,0.05,99,0.2595543036821701,0.11085164397672474,0.10094322650735112,0.09455696452750377,0.09163522712836025,0.09073547908465986,0.08952230642834656,0.08713777004036273,0.08629021525371214,0.08456148695159575,0.08092002195065398,0.08086235095024179,0.07706713248424693,0.07690194796292232,0.0752931481433587,0.0724777144303399,0.07159975689759988,0.07075364275721892,0.06945070268382196,0.06911408957061471,0.06319365072038795
alt,conf_nonlin,t3,20000,2,0.4,900085,k1,quadratic,0.05,99,0.026000302956272536,0.015603265241148634,0.01468592233016175,0.013565277329834702,0.012590128684545454,0.01177795143130056,0.010787480786476733,0.010750935894757951,0.01053322437691595,0.010261852625520484,0.010113047783518292,0.010102852754290237,0.009835490501223232,0.00971563754320881,0.009679396088923986,0.009643291161728351,0.00962611185836415,0.009467823769979122,0.009360405803887528,0.009074147374571462,0.008821844557009295
alt,conf_nonlin,t3,20000,2,0.4,900085,k2,quadratic,0.05,99,0.2587209746766227,0.10595694710868908,0.09819867566221316,0.09610737846054605,0.09217657935053411,0.09089706909449728,0.09080744430701686,0.08750195949388867,0.08140234453671835,0.07671116525347789,0.0744334107591859,0.07429818056103758,0.07375212074121607,0.07248320126111549,0.07216306927726425,0.06970547995124592,0.06631494676585861,0.06630981333565601,0.06610403370905905,0.06581041467695518,0.0651867808801693
alt,conf_nonlin,t3,20000,2,0.4,900086,k1,linear,0.05,99,0.022682325695003502,0.013962936772695778,0.013265822407981243,0.011832197131489863,0.011789085033537705,0.011320036810194889,0.01089228204428938,0.010335596655474899,0.010334859411951114,0.010198185657409153,0.010040918166950075,0.010001834471300097,0.009991114531193834,0.009505973552930924,0.009431391369824849,0.00933966719897883,0.009266704224939137,0.009028577746623578,0.008916708454814848,0.008830695729139082,0.008828654864519003
alt,conf_nonlin,t3,20000,2,0.4,900086,k2,linear,0.05,99,0.13701710950060203,0.1169390531464893,0.11047657726685538,0.08165975051585629,0.07844510777589228,0.07805788564028014,0.07402077456249477,0.07356503305899821,0.07206255770897918,0.06916189467182818,0.06915581755671377,0.06884934600048352,0.06882465282813688,0.06748991157189003,0.06716598270774932,0.06543312714272059,0.06528369807079287,0.06476535765234143,0.06380724313884871,0.06352956672692124,0.06273867981594142
alt,conf_nonlin,t3,20000,2,0.4,900086,k1,quadratic,0.05,99,0.022928847075756598,0.014094573045371317,0.013950225832481067,0.013279823681225489,0.012351045426708618,0.012319787541795413,0.011680120829844709,0.011118610416262498,0.010659409972911149,0.01051188982136586,0.010397072219749948,0.010396141621579091,0.00992843070100169,0.009736717175742649,0.009708590137723516,0.009343452801203078,0.009162641115481263,0.00913864781383722,0.009118805117076967,0.009049375683283234,0.008961376163777235
alt,conf_nonlin,t3,20000,2,0.4,900086,k2,quadratic,0.05,99,0.13174797375190545,0.11944245278811823,0.10702613071532696,0.10098338861211968,0.10045153729199872,0.08287041669819517,0.07789530584537697,0.0777544740831914,0.07421312222318172,0.07343578401049602,0.07334394925477263,0.07157850398930882,0.0709311019493508,0.06993424937891779,0.06912898207885956,0.06911060545406328,0.06787068802752252,0.06641666007426175,0.06618860721686763,0.06605692172064515,0.06525191191093632
alt,conf_nonlin,t3,20000,2,0.4,900087,k1,linear,0.05,99,0.02943993821754598,0.019853456764250654,0.013712989772489137,0.01316724809898151,0.01310692447547801,0.012448799741099026,0.012102757667809327,0.011248018474230181,0.011225860002161081,0.010992473940719893,0.010974982952946521,0.010861435277831122,0.01003542538733082,0.010008166420683917,0.010007916042157672,0.00999671509963096,0.00999292409784902,0.009934949371655954,0.009864220120796685,0.009850090691102653,0.00973700578881953
alt,conf_nonlin,t3,20000,2,0.4,900087,k2,linear,0.05,99,0.25378307494709024,0.17603323235672397,0.14079446785280825,0.10458739352664151,0.09373455215836249,0.08727325225280694,0.08351496020151673,0.08232853735268604,0.08068102388997607,0.07925895368864894,0.07552281168960788,0.07445856977300282,0.07311062961701974,0.07297163052352947,0.07232070249394888,0.07172408718840087,0.07056025007881167,0.06688941061370374,0.06591184619624899,0.0638400300242528,0.0632690503730069
alt,conf_nonlin,t3,20000,2,0.4,900087,k1,quadratic,0.05,99,0.029417146644019065,0.022344269171439057,0.016310152952891954,0.01501636642428461,0.014447440262026268,0.01402998140872802,0.013609160156836775,0.013145145109756062,0.013083731810979882,0.012907388230142591,0.012900404569883617,0.012052453388271323,0.011750358143006068,0.011312306391330074,0.011252901873879284,0.01113243965985422,0.01109656350017063,0.011051936799940432,0.01095626224214219,0.009790266754375776,0.009699423157740084
alt,conf_nonlin,t3,20000,2,0.4,900087,k2,quadratic,0.05,99,0.2521326563310125,0.09692063167669088,0.0965915758964857,0.09181347207497954,0.08690495852217722,0.08255158524170432,0.08029923859828526,0.07327761207561925,0.0728785127603475,0.07166553398468645,0.07132989613261811,0.07093862946784578,0.06910407582228388,0.06871881361675307,0.06381735909097178,0.06255891397863385,0.061798256926417494,0.06165153156338272,0.06137354895045077,0.060650663433722614,0.0605386842779765
alt,conf_nonlin,t3,20000,2,0.4,900088,k1,linear,0.05,99,0.01901129865017548,0.012877419592617456,0.01271567585525979,0.01271441022038966,0.011277039159362512,0.010786569248650069,0.010380380461958327,0.010309467629510904,0.010294493065161836,0.009903106362835978,0.009810994631024639,0.009541780042920056,0.00947672816120071,0.009296580341798255,0.009184127699482847,0.009153013840466295,0.00915138125294368,0.008980049002917934,0.008900523085486056,0.008877329703928072,0.008874842321082821
alt,conf_nonlin,t3,20000,2,0.4,900088,k2,linear,0.05,99,0.16334948028851345,0.13464306086986524,0.11094424791578246,0.10176459181785111,0.09534798229690318,0.0942301704407726,0.09151504924607068,0.09000726042516433,0.08545405330064806,0.08489446629664527,0.08471946999911632,0.08449561678144774,0.08378675293967879,0.08296846289599233,0.07621043828557456,0.07554589236615414,0.07123377611355178,0.06477726081528054,0.06384633801036396,0.0620633811888666,0.0617845975667519
alt,conf_nonlin,t3,20000,2,0.4,900088,k1,quadratic,0.05,99,0.01933052569292182,0.013185323897810242,0.01317159663167089,0.013130213215239772,0.01237620421815766,0.01197569380864505,0.011503625912305249,0.011347610634280691,0.011262815695764816,0.011148788402453591,0.011009971031177401,0.010744561766940164,0.010536391493202957,0.010495888626743999,0.01043320394456404,0.010275015331664639,0.010045458617265135,0.009947479601470244,0.009834746056032517,0.00981377667758343,0.009810651904346379
alt,conf_nonlin,t3,20000,2,0.4,900088,k2,quadratic,0.05,99,0.15647455673534136,0.15554969939610275,0.11902335505243433,0.11381543508343507,0.10138290908083487,0.08845972717208468,0.08741913880271336,0.08471909083382081,0.08123787651024189,0.07971291154389575,0.07867505038297957,0.07711413217683823,0.07666855245090935,0.07548984413457921,0.07532627469772583,0.07425414293398039,0.0741972807201248,0.07338785061935227,0.07323405646449166,0.07185195261038382,0.07177907490418976
alt,conf_nonlin,t3,20000,2,0.4,900089,k1,linear,0.05,99,0.024922155303689908,0.013743213781966634,0.013652881455677779,0.01266738332681483,0.012489407095515048,0.011968783572531283,0.011736671207388638,0.01168523906929042,0.011246945180837797,0.0111067611269976,0.010538439773024821,0.01050619917233031,0.009763570010744571,0.009614579938226675,0.009595487287980542,0.009478495046575386,0.009455690406883543,0.009390200932736126,0.009374735792950228,0.009094931160438247,0.009039208967012824
alt,conf_nonlin,t3,20000,2,0.4,900089,k2,linear,0.05,99,0.1718193736147812,0.11458395382033296,0.11385488657570979,0.09232159847825609,0.08881060366688506,0.08532221485047008,0.08430732519861574,0.08347154554896588,0.08315861783807295,0.08021169988374516,0.07544900725026744,0.07492224625766698,0.07263932544556538,0.07168323598590973,0.06951825934662399,0.0692930004042301,0.06927079491170159,0.06819433490094308,0.06819393780122958,0.06732694805359107,0.06689301272753553
alt,conf_nonlin,t3,20000,2,0.4,900089,k1,quadratic,0.05,99,0.025052840461037285,0.017672246336769115,0.015120321566505446,0.014388464286113845,0.012670198982535519,0.012416616754404641,0.011828869417887189,0.011794263712769149,0.01178970429055859,0.011727506565162193,0.011532481401581474,0.01110406073886705,0.011058964407840599,0.01096155077867822,0.010744141958909825,0.010543152621211416,0.010267668486754311,0.010103515301082,0.00995442219794429,0.009858833400422595,0.009535395964597515
alt,conf_nonlin,t3,20000,2,0.4,900089,k2,quadratic,0.05,99,0.15982043518721267,0.1394143723026918,0.10379934754912318,0.09435182628021253,0.09277893184415188,0.08634768059222378,0.08077260075694652,0.07554739748000708,0.07510500092647965,0.07463182052389698,0.07450693691970425,0.07149182667072736,0.07125673416391268,0.06907748924340602,0.069056944043204,0.06818933092363992,0.06815798576909551,0.06796412870398302,0.06714996550841244,0.06319735736940965,0.06271978432731617
alt,conf_nonlin,t3,20000,2,0.4,900090,k1,linear,0.05,99,0.031071553835266275,0.01759086972502988,0.0136928058159832,0.013401564005930067,0.012848347153648576,0.012593458277345704,0.012208425291010183,0.011736636786619625,0.01150951435295744,0.011030320794881865,0.010932195824413071,0.010843321213982682,0.01076879170114764,0.010559954151022177,0.010526133217082623,0.010420132742979149,0.01040506818858078,0.0103073810902794,0.010074434669873678,0.010048885232340488,0.009990718790084951
alt,conf_nonlin,t3,20000,2,0.4,900090,k2,linear,0.05,99,0.19647290416206917,0.14130861018231303,0.10914097455836737,0.10548439340653401,0.10503970814194602,0.10214957764864886,0.097862794511554,0.09692979610429527,0.0905669619958833,0.08654521609608505,0.08476441095160965,0.08187090293558788,0.07905206796022472,0.07718760342032253,0.07633299024526545,0.07304355719257678,0.07191004506729633,0.0685271367103364,0.06612064539368416,0.06490440161147668,0.06478292665200024
alt,conf_nonlin,t3,20000,2,0.4,900090,k1,quadratic,0.05,99,0.030693010354968076,0.013319615341112812,0.012283217670484903,0.012115329360692706,0.011439679708078354,0.011303576606746968,0.011185315407882257,0.010808560129529465,0.010801982439629154,0.010460773346698593,0.01044879353980932,0.00985930436826099,0.00984766120193814,0.009473645940580977,0.009395860459391114,0.00935777622694034,0.009326090168687462,0.009250950614329234,0.009106317436804678,0.00902857073660046,0.008934122489673846
alt,conf_nonlin,t3,20000,2,0.4,900090,k2,quadratic,0.05,99,0.19270218116222487,0.12890881525676468,0.09739822891944769,0.09655278529620172,0.08406790316781002,0.08388977618436724,0.08229017329835349,0.07944716479038072,0.07922928693766416,0.07618554522986092,0.07594654788578763,0.0734324978784113,0.07177403599088603,0.06857006587613754,0.06719772758907874,0.06619653684942592,0.06572664906285379,0.06478819860210537,0.06375104505161432,0.06175150410830344,0.059564204232302416
alt,conf_nonlin,t3,20000,2,0.4,900091,k1,linear,0.05,99,0.030311725438858073,0.017549716761356637,0.014929643093460454,0.013839412700599185,0.012505536016647167,0.011834636380348096,0.011829635675638217,0.011770538940345299,0.011616290753369007,0.011403592974128962,0.011315042476422121,0.011253127999044321,0.011088754977009896,0.011050909936949238,0.010917692284837743,0.010804509746089819,0.010627003659849033,0.010282878850058186,0.01013865404439418,0.009942761444770465,0.009797244655255666
alt,conf_nonlin,t3,20000,2,0.4,900091,k2,linear,0.05,99,0.18032448694693198,0.1311305901633998,0.12902527614967765,0.11626580447803482,0.11211736241453071,0.10029951905847981,0.09334687774356962,0.08978784434421258,0.08395383029352635,0.08311181081944546,0.07762375113032689,0.07645675709345529,0.07330441823129004,0.07126714844259156,0.0710033885648801,0.0709971318305855,0.06955706758854342,0.06899011082583997,0.06831057523286452,0.06638723703058146,0.06554833176874934
alt,conf_nonlin,t3,20000,2,0.4,900091,k1,quadratic,0.05,99,0.03016546190658731,0.023283263021996792,0.01464064117233399,0.01250794715021819,0.01204241499324299,0.011189799001261602,0.011090840372201205,0.011046907578831644,0.010991944090856354,0.010852086415853002,0.010784232021572526,0.010553298147867207,0.010338072663285125,0.010277135815522587,0.0101364820801777,0.009950062189960862,0.009680729262543042,0.00961915609030306,0.009486854789487409,0.00944610176564753,0.009289374782989301
alt,conf_nonlin,t3,20000,2,0.4,900091,k2,quadratic,0.05,99,0.17744914324448463,0.17237145898892983,0.11513081229252078,0.09117616677482024,0.0856395980885025,0.08530749993582415,0.08443457735572557,0.08215161096991722,0.08154355533101847,0.08053030295125711,0.07876041814390222,0.07423167355413494,0.07335043161166917,0.06977594781081774,0.06895260096492867,0.0674722194648014,0.06639495484411329,0.06481417273671869,0.06479769192284403,0.06459276404825112,0.06437553025290849
alt,conf_nonlin,t3,20000,2,0.4,900092,k1,linear,0.05,99,0.021053877997039727,0.0143976443020698,0.01277661660345486,0.012641331899540753,0.012592712016413654,0.012577984268603681,0.012227043321785813,0.01154011025508972,0.01123403508882248,0.010826299620461888,0.010797638084230732,0.010729120495065025,0.010561333655237704,0.010358585891988459,0.010343394414579543,0.010311396611310975,0.010178752314857653,0.010113842479228197,0.010072924526688398,0.009778137384594876,0.009562489830557519
alt,conf_nonlin,t3,20000,2,0.4,900092,k2,linear,0.05,99,0.1271931748868521,0.09251632214491685,0.08592592029153402,0.0847868269876288,0.08352624934591199,0.07714896373377099,0.07244136148370005,0.07175595828967272,0.07112075615157465,0.0669372766905709,0.06642982002132553,0.06517871615498025,0.06435711220360522,0.06393037415047864,0.062090804486469246,0.06194974373181891,0.06189434260865508,0.06117782298299072,0.060829216534272826,0.06041451869027677,0.0598336365083418
alt,conf_nonlin,t3,20000,2,0.4,900092,k1,quadratic,0.05,99,0.020968484609370064,0.014479198048062747,0.013852363497277365,0.013191482673189037,0.012368273583911238,0.012231346158381617,0.011850384471944087,0.01158899056347229,0.010950877613598808,0.010493868424382158,0.01041395055816019,0.010379413308834518,0.010190593589582964,0.009990555685763014,0.00972218832409999,0.009707195120993273,0.009663339641909352,0.0095148232588812,0.009319480165803418,0.009196905121349519,0.008967755367513375
alt,conf_nonlin,t3,20000,2,0.4,900092,k2,quadratic,0.05,99,0.1365070224861301,0.11383781811831042,0.09744432769247494,0.09532533601675128,0.09348724832889241,0.09339537494514298,0.09024472254804694,0.08826256424421043,0.08288750144959783,0.08247602451108076,0.08150850724702233,0.08128216863363204,0.07798633434472152,0.07634068874140912,0.07474012418743858,0.07072240817279082,0.06910400270714966,0.06892395150174205,0.06570817529451126,0.0649796338293348,0.06391474538575856
alt,conf_nonlin,t3,20000,2,0.4,900093,k1,linear,0.05,99,0.030884871064320918,0.016110168359966037,0.015749573746094425,0.01461943878792793,0.013224229648545749,0.013062389282667453,0.012405827539197278,0.01150641952432363,0.011174163599395937,0.011162207048600492,0.011042572528973782,0.010210980063382502,0.010177525858595438,0.009445635335801783,0.009394804083166619,0.00938544088679727,0.009218557785143355,0.009132795813292294,0.009104386287330346,0.009077892525212294,0.008983489956756796
alt,conf_nonlin,t3,20000,2,0.4,900093,k2,linear,0.05,99,0.26640886233502453,0.11034639284874742,0.10611195598457952,0.09381368417175155,0.088891655327867,0.08813272381690178,0.08043686141209348,0.0794416190765872,0.07713931093235414,0.07352435106577045,0.07313365469269013,0.07152520467618081,0.07150996542636295,0.06908565550383233,0.06891971222926045,0.06820514758600298,0.06767582109758474,0.06720400487724275,0.06261288943594766,0.06130390671434937,0.0608543996268974
alt,conf_nonlin,t3,20000,2,0.4,900093,k1,quadratic,0.05,99,0.030356120035947676,0.014241069896912206,0.013109956438176584,0.01265288428947775,0.012625140604789253,0.012060823992629532,0.011676009113647634,0.011495106986700199,0.01096898205179242,0.010906660376932331,0.01086153606422502,0.0106073790482063,0.010538963373162069,0.01050235553426293,0.010103168051667666,0.010004114276469522,0.010001735228429176,0.009898000708377652,0.009722153370733455,0.009659824394729455,0.009233911765084257
alt,conf_nonlin,t3,20000,2,0.4,900093,k2,quadratic,0.05,99,0.26666038010828413,0.14301101921014242,0.11606617252186245,0.10817971720600912,0.09328022898688614,0.09230177425823861,0.09209945593744931,0.09028483856700786,0.08574174386977755,0.08566730917339309,0.08345067458095691,0.0748582953905462,0.0731484144603062,0.07127653925638126,0.07102409507515714,0.07057703477595037,0.06830397315186382,0.06751867481386192,0.06742828993905005,0.06660963158423688,0.06604075193319649
alt,conf_nonlin,t3,20000,2,0.4,900094,k1,linear,0.05,99,0.03640842182104309,0.014687560900820573,0.014023013042268717,0.012391529802888157,0.012093300374019678,0.011824232131952606,0.011548831714711771,0.011512043506944236,0.011296630600572732,0.011197272186613372,0.01111206815837218,0.010814845715423571,0.010688954637279813,0.010623563713804796,0.010586491398754228,0.010577757682159183,0.010463485304294196,0.010119112889353854,0.01001986843305136,0.009940293161775693,0.009878410158747575
alt,conf_nonlin,t3,20000,2,0.4,900094,k2,linear,0.05,99,0.1680124579031195,0.14050898319957753,0.1097689358909027,0.09484259829350021,0.08603012969690621,0.0853711549239854,0.08143254197933053,0.0813366965395837,0.0785248906812268,0.07431070543236007,0.07413527478378956,0.07400121335181169,0.07367008874296047,0.07143381571759873,0.07131172618423136,0.07101497096740096,0.07020663918591159,0.06923150726889671,0.0687109399968348,0.06605178621374233,0.06468630329645392
alt,conf_nonlin,t3,20000,2,0.4,900094,k1,quadratic,0.05,99,0.03679370295977802,0.016642411568176807,0.013283655147142026,0.012654622864897713,0.012509829012518292,0.01233301792837116,0.012149123914646731,0.01175635790874996,0.011632434898660171,0.010905177444057834,0.010801811591090171,0.010790821938112205,0.01068233440876365,0.009885960723538978,0.009821219965602257,0.009564127562174285,0.009505091835220969,0.009458791998606886,0.009422073141550635,0.00933754834642464,0.009227412459136497
alt,conf_nonlin,t3,20000,2,0.4,900094,k2,quadratic,0.05,99,0.16779732440258371,0.09647109989108245,0.09136175811209658,0.08766160963982277,0.08697317132169038,0.08376498791827985,0.0811220157139592,0.08004502749990194,0.07419872360773277,0.06959114157667048,0.06935032327300761,0.06903743219766505,0.06797626706552366,0.06553572686451982,0.06481622849949005,0.06480314292097875,0.06337600271439635,0.06303174067525516,0.06289597511046843,0.06195706408514788,0.061419413588594596
alt,conf_nonlin,t3,20000,2,0.4,900095,k1,linear,0.05,99,0.029966322441139837,0.016883497933165348,0.013347780916010521,0.012692589836932888,0.012556014030523643,0.012223934313013718,0.011950403293851108,0.011619867476955315,0.011335461612715814,0.011255521327592333,0.011116085612496662,0.011012331348785653,0.010587240343744586,0.010526338570923777,0.010506364664705115,0.010440224662808362,0.010287438336300414,0.010234022677715227,0.010142395707391283,0.00995286375635307,0.009799381202090895
alt,conf_nonlin,t3,20000,2,0.4,900095,k2,linear,0.05,99,0.23075577668148903,0.1361110463154946,0.1314695533518309,0.10150033084387025,0.09041464037242078,0.0899567023516769,0.08428369514920764,0.0785988673049347,0.0774518015885198,0.0772385038579422,0.07458614646938223,0.07447844302347466,0.07185818921085314,0.0718018941186815,0.07042383641190365,0.06822055670235928,0.0667822383240805,0.06453799228675784,0.06252862629943944,0.06252225530608042,0.0623770486131663
alt,conf_nonlin,t3,20000,2,0.4,900095,k1,quadratic,0.05,99,0.0298130498371455,0.01458523464395578,0.014432378440062066,0.01324684435726109,0.012843294803897676,0.012677624456696956,0.011953867087980075,0.011303097649550065,0.01117212196486872,0.010934853286900359,0.010831849925190595,0.01082035942311843,0.010707021053159127,0.010416639168628894,0.010395465305289342,0.010216722538796685,0.010202045322468156,0.01005126320238392,0.01002444844080519,0.009943939768930155,0.009492590417896185
alt,conf_nonlin,t3,20000,2,0.4,900095,k2,quadratic,0.05,99,0.2312133599224345,0.09007781172127642,0.08931104809833562,0.08930802327226973,0.08167161248692917,0.08143456384014362,0.08077313996992766,0.08050414324132825,0.07835311720751928,0.07827881741610401,0.07641351213528157,0.07412963662406717,0.07147229218886644,0.06771389665631548,0.0676198012106741,0.06726605033838381,0.06603824123354066,0.06511542076223617,0.06452132263369005,0.06416042991601958,0.0631848977460778
alt,conf_nonlin,t3,20000,2,0.4,900096,k1,linear,0.05,99,0.03656974871214347,0.017632623908569234,0.01375162698545096,0.01225529429629213,0.012191379237065703,0.011345155761676384,0.010887836410170104,0.01064614405670783,0.010505565140392137,0.01047474795310166,0.010465040410221005,0.01032803214027811,0.010317539763335604,0.010207018946594149,0.010105765526690624,0.009888740071448465,0.00976170115833186,0.009744532562264818,0.009723637779908034,0.00931193156281751,0.009243516757174608
alt,conf_nonlin,t3,20000,2,0.4,900096,k2,linear,0.05,99,0.2386327125113905,0.10150570081412348,0.09857980723031243,0.09632501866287696,0.0943358490438842,0.08871399383770338,0.08583322325239806,0.08399659373709858,0.08063393351320891,0.07945087667722583,0.07687066963997256,0.0743658964354869,0.0739886871412398,0.07257686390435202,0.0721981552850534,0.07087384552266154,0.07034378323839337,0.06999909415436616,0.06976348401729404,0.06948272469983374,0.06905927381625761
alt,conf_nonlin,t3,20000,2,0.4,900096,k1,quadratic,0.05,99,0.03639878825831855,0.01602258223598907,0.013596996429300012,0.012237884060764315,0.01192081030035752,0.01152406299269848,0.011446424565402458,0.011141991853798716,0.010740514167907222,0.010115395597543264,0.010084073239183367,0.009858499795732945,0.009714633372257753,0.00934844550048719,0.009296607097760257,0.009149508821205243,0.008966312427271972,0.00888666390975168,0.008796991880380634,0.008716303401935965,0.008713850609974982
alt,conf_nonlin,t3,20000,2,0.4,900096,k2,quadratic,0.05,99,0.2356234275151819,0.10823812266625324,0.09526164812758683,0.09176253853988929,0.08476559689478246,0.0827747830073747,0.0793453884938064,0.07705831444211249,0.07346951957776306,0.07308908102182432,0.0692519381740295,0.06849084743432,0.06720178800497802,0.06642155789036404,0.06608957561744015,0.06553328472373718,0.06471210606414929,0.06436344808356974,0.0643632193426999,0.06269192443977024,0.06235059618456155
alt,conf_nonlin,t3,20000,2,0.4,900097,k1,linear,0.05,99,0.032885435238512395,0.017125665010797375,0.015417543111302279,0.015276502965180905,0.014730871177792704,0.013076887518148061,0.012760106500036117,0.01206278142097772,0.011814031554067572,0.011723997460561186,0.011128314580824972,0.011076040031409051,0.010820010138110514,0.010806597293078757,0.010675828142762578,0.01059900885288112,0.010508150680948458,0.010380122319004648,0.010328026727698836,0.010295698489645178,0.010291946359020865
alt,conf_nonlin,t3,20000,2,0.4,900097,k2,linear,0.05,99,0.13289301457214284,0.11938407510420325,0.09678093579382983,0.09602872733742723,0.09323253310176073,0.09142193228796508,0.09082989213305359,0.08521324709408656,0.08313842235677735,0.08149653802094535,0.08060985113913376,0.07762572126545514,0.07721309875444758,0.07629960096090148,0.07497547540168804,0.07371668764082315,0.07225470102464861,0.07136028138644472,0.0688417130458034,0.06774719448297611,0.06707019755365712
alt,conf_nonlin,t3,20000,2,0.4,900097,k1,quadratic,0.05,99,0.03259744677924481,0.014268382781837285,0.013487860073234548,0.01325777367745029,0.012240290617605343,0.01200949912342375,0.011689093617472723,0.0116398605412259,0.011537399753460131,0.011332098008031366,0.011144946857897686,0.010738852749787253,0.010363575307482997,0.010221004660193933,0.010164795087379774,0.01010617924891366,0.009996650281426489,0.009602440613682983,0.00942420798238619,0.009416965097801211,0.009360539352345154
alt,conf_nonlin,t3,20000,2,0.4,900097,k2,quadratic,0.05,99,0.14330011122593098,0.19506894393272875,0.09216600411554685,0.08651585177412156,0.08568040914520508,0.08344745598362689,0.07962531287410798,0.07721659266016166,0.07710421937641104,0.07663831088976451,0.07609475216878768,0.07212992555025034,0.07155945578017463,0.0715134333490631,0.07142477409959726,0.07126462572553684,0.07115403995620598,0.07051248134531178,0.06933772391520507,0.06908742348610526,0.06623297451798066
alt,conf_nonlin,t3,20000,2,0.4,900098,k1,linear,0.05,99,0.034743349680722346,0.017457331447000124,0.01492870305875893,0.012239265964055335,0.011462439548714398,0.01105253068334433,0.010842936097998801,0.010640976535476243,0.010363942541079085,0.010321157336511178,0.01021236584878693,0.010137375692618633,0.010079526060536415,0.010026712972207918,0.009789728194015579,0.009646061669934758,0.009553598136588515,0.009355024080708874,0.00924495647152579,0.00918104895224936,0.00913721923978783
alt,conf_nonlin,t3,20000,2,0.4,900098,k2,linear,0.05,99,0.19145209930360285,0.10744713252707176,0.10342145230509303,0.10302000399594484,0.09546409245655306,0.09315239244924986,0.08889494616627182,0.08770390754419316,0.08609957439311335,0.08439691429463488,0.08395759208383462,0.08282208626251254,0.08150742673635017,0.07798569761971993,0.0765280809071074,0.0723552397499009,0.0686049064705467,0.06839322232049494,0.06669364111519022,0.06633923857973287,0.06434445607931633
alt,conf_nonlin,t3,20000,2,0.4,900098,k1,quadratic,0.05,99,0.034236346960224484,0.013987966321400314,0.01339146393336954,0.01188491123163482,0.01164949140870386,0.011547279685365286,0.010695969001159322,0.010589343024732245,0.010043765998209664,0.009690559915608632,0.009569195195235025,0.009322578630112877,0.009190655205834841,0.009160929408153384,0.00911525285242476,0.00899614798844195,0.008990691185322697,0.008981643055466115,0.008775368034363518,0.008685959755241113,0.008652780993939069
alt,conf_nonlin,t3,20000,2,0.4,900098,k2,quadratic,0.05,99,0.17896742884727584,0.13197050331650684,0.11560620712247091,0.10419250862137987,0.0944952472249861,0.09123064919076386,0.08140415713546612,0.07756792735453294,0.0743737001126045,0.06895251279104933,0.06510336991495293,0.062244414651215496,0.062236399253347466,0.06213926838145023,0.0619809049751334,0.0618778146318477,0.06167167049096873,0.06164200473665965,0.06129452206518414,0.06119022929797743,0.06059475647755223
alt,conf_nonlin,t3,20000,2,0.4,900099,k1,linear,0.05,99,0.026405330613294975,0.015122835914799238,0.014732322215598948,0.014500683585691232,0.014239207726454484,0.012545291475988152,0.012041189259027751,0.011908650483371974,0.011675353049368176,0.010813788829165838,0.010694273402444776,0.010402690172160556,0.010280078721292218,0.010245660935982115,0.010118126632855495,0.009280308795415304,0.009250980843066303,0.009217490961262897,0.00915035518591456,0.009109822953051294,0.008955734288755957
alt,conf_nonlin,t3,20000,2,0.4,900099,k2,linear,0.05,99,0.15179476304599776,0.16102827970014588,0.15058002866953138,0.09954276309510746,0.096110528363783,0.09451356648085946,0.0908694899694469,0.08493008420614535,0.08456814550112966,0.08151880200251642,0.07933452475036934,0.07722124306277067,0.07454910661528215,0.07445143525112247,0.0744249153237946,0.07249148227377826,0.0708628674217617,0.07040386258492695,0.0686548603746765,0.06687152374775522,0.06673712284615571
alt,conf_nonlin,t3,20000,2,0.4,900099,k1,quadratic,0.05,99,0.026420108915064966,0.01509240434089465,0.013578541287702084,0.013327904875446328,0.012835965139402106,0.01238078844912549,0.0120489544987471,0.011432198038082264,0.01129885215874149,0.011213482802499564,0.011182296734729813,0.010955590179720809,0.010803193640216757,0.010751653599530564,0.010712741729974051,0.010671697799705337,0.010638748964269307,0.010631986338923705,0.010628018502929937,0.01029211048768408,0.010053926609144281
alt,conf_nonlin,t3,20000,2,0.4,900099,k2,quadratic,0.05,99,0.15539446900067866,0.14046101929381952,0.136492932910493,0.11956584315172467,0.1101608667441732,0.10457021423577477,0.09701761345689365,0.09545705657047399,0.09278634620999948,0.09264122147807705,0.09218208577930194,0.08369791353924586,0.07839117304129886,0.07356095094196494,0.07326708578909312,0.07137099461300377,0.06961569956340526,0.067953664139756,0.06717024222858782,0.06600010276750239,0.06521634840450798
