block,cfg,noise,n,d,b,seed,method,detrend,trim,B,stat_obs,cv_0.01,cv_0.02,cv_0.03,cv_0.04,cv_0.05,cv_0.06,cv_0.07,cv_0.08,cv_0.09,cv_0.10,cv_0.11,cv_0.12,cv_0.13,cv_0.14,cv_0.15,cv_0.16,cv_0.17,cv_0.18,cv_0.19,cv_0.20
null,null_nonparam,gauss,8000,2,,900000,k1,linear,0.05,99,0.00582538445125369,0.01422389159061821,0.013590461764066863,0.0134211932665661,0.01311866314812371,0.012495368004852958,0.011690253318192734,0.011114139960256564,0.011049150710371602,0.011001070605488161,0.010715128528425488,0.010709266357614267,0.010478740374662343,0.010468857585282154,0.010337771768378468,0.010080303817234348,0.01007178441931289,0.00992312711191945,0.009842457400486837,0.00962248981392666,0.009510882382879005
null,null_nonparam,gauss,8000,2,,900000,k2,linear,0.05,99,0.0702155806562905,0.2825306232531271,0.21288997187251285,0.21204816520107966,0.14518104916276417,0.1422402100751164,0.14038305322142167,0.13026536436491862,0.12695233471193376,0.1219311510804698,0.11965732147360922,0.11959210980662373,0.11702349701889025,0.11217491564659707,0.10727405218287936,0.1060995100681201,0.10522704745286761,0.10431698439380004,0.10426181444125845,0.10198965401890404,0.10084657584847725
null,null_nonparam,gauss,8000,2,,900000,k1,quadratic,0.05,99,0.005696249047786095,0.01400509211820311,0.013999040565916832,0.013044814498452406,0.012042353647226056,0.01153159500905887,0.011259888978399801,0.011173318150307865,0.01111387799549357,0.011111464128557347,0.011009911904525937,0.010929035813559085,0.01084303712576662,0.010620148998102819,0.010172775851856275,0.01009145883393936,0.010031936303698474,0.0099316314089396,0.009878750777622791,0.009796132867701757,0.0097601065650198
null,null_nonparam,gauss,8000,2,,900000,k2,quadratic,0.05,99,0.07383724805644336,0.1782250577493791,0.1707652495870964,0.13437388093347397,0.13050986433707423,0.1263961162198308,0.12291647188967082,0.12102806506582126,0.11793499136546355,0.11437809517385054,0.10856219668982744,0.10528892886791483,0.10441707223658873,0.10226386740585532,0.09376952863139759,0.09347418687783642,0.09125110191518097,0.0880894993503046,0.08732682637017387,0.08536859428078074,0.08453058716886089
null,null_nonparam,gauss,8000,2,,900001,k1,linear,0.05,99,0.0026226429420942443,0.014842032482531353,0.014800502686068251,0.014142139492405614,0.012473880026362849,0.011932230801125931,0.011783325904000552,0.011658437196436777,0.011482412179365298,0.01087682215334973,0.010528390219850747,0.010446465473421207,0.01026068399512714,0.010195721357051934,0.010190212599519799,0.009861803443303452,0.0097620001508828,0.00975279361648762,0.009331897869232941,0.009275807206198583,0.009209353728062863
null,null_nonparam,gauss,8000,2,,900001,k2,linear,0.05,99,0.047074769375409886,0.17791762312587084,0.14841944289783057,0.14390208220101414,0.14156858504711814,0.12083200928754191,0.11542065879871144,0.11535050161692254,0.11199589032272797,0.11162051899417248,0.11155766026720325,0.10805452382129455,0.10743394072457474,0.1032499821299316,0.10041211570872786,0.09939878558505519,0.09862312875700494,0.09827568967590188,0.09805195004673346,0.09540259019212848,0.09272223044913533
null,null_nonparam,gauss,8000,2,,900001,k1,quadratic,0.05,99,0.0025571889023432437,0.015309294837573262,0.014247007620312613,0.012863727886600729,0.012295139102668884,0.01226919415080352,0.0120194088511828,0.011948897589433294,0.011248728067704272,0.011160116663305741,0.010933345189415355,0.010762339555834832,0.010720835708185605,0.010375183405164523,0.010212744953536967,0.009905771018648535,0.009870402474471351,0.009858515970549209,0.009675107327419497,0.009387146762863785,0.00934369703998561
null,null_nonparam,gauss,8000,2,,900001,k2,quadratic,0.05,99,0.04155218168006456,0.14437095177099626,0.14177908080176466,0.12362270910544404,0.12150463204902603,0.11417826918212902,0.1116279008673006,0.1104696491099872,0.10781485507631623,0.10560494165908611,0.10444976581854161,0.1033880429973446,0.10224828483739087,0.1021668953832335,0.10216074533570733,0.10150382815394493,0.09787342788761672,0.09391603928802306,0.09273971878032031,0.08971876183530932,0.08947503134352985
null,null_nonparam,gauss,8000,2,,900002,k1,linear,0.05,99,0.003409584105155905,0.016388745322706844,0.015606131648169375,0.013861169334380197,0.01381424973321832,0.0137694454894014,0.0132982757754605,0.012465172237414612,0.012252689963840213,0.011757894581710393,0.011610157096819673,0.011073194978803769,0.011017149629682588,0.01101639119809894,0.010935191409648826,0.010800624944015125,0.010718379076548046,0.010717300181481981,0.01067176247768209,0.010626278239868725,0.010620357789076884
null,null_nonparam,gauss,8000,2,,900002,k2,linear,0.05,99,0.035108139429939525,0.13212180480340077,0.1268085164884953,0.12383528945145174,0.12153968080915319,0.11701507767085374,0.11664383151081407,0.11563422974843618,0.11089873265519772,0.10737132405394545,0.10613592728088071,0.10527921798103386,0.10492682202223878,0.10433526635381617,0.1042732072447816,0.10112925207427406,0.09805843778532222,0.09439669544676986,0.0931256518073692,0.0929511323856435,0.09267797410609847
null,null_nonparam,gauss,8000,2,,900002,k1,quadratic,0.05,99,0.0036728794622026273,0.01721532967408368,0.014748022457475085,0.014279987942037664,0.013615293093048764,0.01313631870977694,0.013014040750948586,0.012421652800609473,0.012289895695835162,0.011649818161384884,0.011563838582389185,0.011298782982041011,0.011228396249838068,0.011075456682278828,0.01080752618691938,0.010701379426336644,0.010696526695494812,0.010578888986584767,0.010080542144760951,0.010077053661587732,0.009518603200611153
null,null_nonparam,gauss,8000,2,,900002,k2,quadratic,0.05,99,0.03488612178028475,0.14275749623501147,0.14055404431423396,0.14046368881727883,0.13826320179528323,0.1292572639579373,0.12904201868884407,0.11039687845443692,0.1077186196888224,0.09804054046128247,0.09127792237720422,0.08917429501028,0.08664651729928277,0.08450144959367664,0.08278822506362263,0.08237725948869344,0.08195980528584126,0.08165642770867182,0.08111367860739345,0.0806632741233064,0.0786463016578066
null,null_nonparam,gauss,8000,2,,900003,k1,linear,0.05,99,0.00473040970664429,0.014217307246205069,0.014028083574450845,0.012577319717282709,0.012475391575245576,0.012242095967623712,0.012001335952392611,0.01156811202643615,0.011555481669474066,0.011379981871332379,0.01136298801944191,0.011316477064711172,0.011094994245524514,0.011078447213125675,0.010774902018075294,0.01006902498519302,0.009900473858250769,0.009866463265009506,0.00972610375159444,0.009245982039781664,0.009192874541990581
null,null_nonparam,gauss,8000,2,,900003,k2,linear,0.05,99,0.11194053740175382,0.1462253961954112,0.13168757028136838,0.1276654812994217,0.11422920136039456,0.11376887718147558,0.11150351263136941,0.11013403428285887,0.10997382684355807,0.10169020503594343,0.10150374351116881,0.09494920684427595,0.09461931115052354,0.09144871307964247,0.0913384489599953,0.09092522468643235,0.09019703905310211,0.08878852090699621,0.08714835972954654,0.08685382995091118,0.08543406961349502
null,null_nonparam,gauss,8000,2,,900003,k1,quadratic,0.05,99,0.00485541495223496,0.015046162410842223,0.01482988857103451,0.01321356314557387,0.013070350537980002,0.01304183769512457,0.01239649404661014,0.012365613098360151,0.0122686216640564,0.01226319428365108,0.011999995778847583,0.011958088521513033,0.01164261613994999,0.010904054506515548,0.010662717554854928,0.010453823592423306,0.010403560228015696,0.010300014880055497,0.010156723440227333,0.010077356042113683,0.009856653730441312
null,null_nonparam,gauss,8000,2,,900003,k2,quadratic,0.05,99,0.12246986812443945,0.18110270230814338,0.16540109523518576,0.15044363618494808,0.13749441618085043,0.12566679619078772,0.12196649696763007,0.10841015012419672,0.10755023231135137,0.10510080832863054,0.10431663131494749,0.10138753569980039,0.09894512442215067,0.09399721566695786,0.0929987254103669,0.0929715847217974,0.09109636682274279,0.08874258279754269,0.08786535098411719,0.08545372797132308,0.08525156900380967
null,null_nonparam,gauss,8000,2,,900004,k1,linear,0.05,99,0.004350379556719353,0.019216964692217453,0.013904898194735948,0.01349459481902271,0.013323939877098234,0.01098353616124459,0.010755894509300479,0.010745331159738192,0.010483640919592974,0.010409097909807263,0.010015031102972749,0.009938975023034535,0.009816190486577114,0.009802100230509536,0.009761653957499394,0.009726320279528688,0.009711741641660332,0.009654388933419744,0.0095932229541974,0.009477077248710386,0.009458107920406578
null,null_nonparam,gauss,8000,2,,900004,k2,linear,0.05,99,0.024549927366306186,0.1732766854847173,0.161429094812939,0.1361501484189272,0.13131226440374977,0.11832767799554272,0.11515148072742455,0.1108505624303238,0.10980965556140763,0.10880372308076705,0.10878520324292727,0.1068257818732264,0.10652193613314151,0.10497426311335786,0.10211531181716565,0.10054975904250729,0.0958934873639388,0.09450690099275909,0.0942872633506616,0.09107584405109141,0.09094263460945555
null,null_nonparam,gauss,8000,2,,900004,k1,quadratic,0.05,99,0.0041393906306487205,0.01569460970915182,0.012353646287912023,0.012151862634663946,0.011807395932757259,0.011593667765268267,0.011405329618691118,0.010945510134721892,0.010865593348273528,0.01069826717518041,0.010617331589203194,0.010452940554383172,0.010132393931270745,0.010036751982945735,0.009998112155125582,0.009897263687782654,0.00986721772354704,0.009865242390331264,0.009142302710454797,0.008748426738655057,0.008743005053908681
null,null_nonparam,gauss,8000,2,,900004,k2,quadratic,0.05,99,0.02497093002695709,0.19431784245003367,0.17967388642488094,0.1458528137676448,0.14111906691654405,0.14033631719580433,0.12854701633083762,0.11664467241817736,0.11653226067283759,0.11355426148555783,0.10967711068553201,0.10918005010277426,0.1087640794107163,0.10423150896773908,0.10350274529431394,0.10019440467173966,0.09798552709941862,0.09760260681184212,0.09354178638166114,0.09063743688930175,0.08794466635783098
null,null_nonparam,gauss,8000,2,,900005,k1,linear,0.05,99,0.008360787500209965,0.018542986146620533,0.015301592933993247,0.01484518841845317,0.014427973755535728,0.014164333240129001,0.013625683156374024,0.012375498369377569,0.012047151974174275,0.012037351488880632,0.010951211847246123,0.01088242016994767,0.010421451512383939,0.01029290183142162,0.010228533931542438,0.009820165112020551,0.009668658029321264,0.00963649905870545,0.009486321650845286,0.009224828085849901,0.009092842439886506
null,null_nonparam,gauss,8000,2,,900005,k2,linear,0.05,99,0.033966304811076986,0.133977806808404,0.12914364581694326,0.1286055596795566,0.12760614874326673,0.12157077782082708,0.12054303024647192,0.11968250309036853,0.11300133674715002,0.11271505890386656,0.11170199586618722,0.11075237665750232,0.1092053713092456,0.1082156015963397,0.10790804980269411,0.10330946494021473,0.09794189580386908,0.09605898022313294,0.09138409290574666,0.09090932314894892,0.08958378798196905
null,null_nonparam,gauss,8000,2,,900005,k1,quadratic,0.05,99,0.008194745469368492,0.015113043153408223,0.01468845686268705,0.014394140406183031,0.013873143140368693,0.013863608833547869,0.013235603241540606,0.011732092579674447,0.011656341733155218,0.011338757551589307,0.011250533817194541,0.01098323401269563,0.010915476531444868,0.010855232240129409,0.010735728744192041,0.010612361535560333,0.010602571757513335,0.010443080183882292,0.010096037265907576,0.00982830526821532,0.009818741205248394
null,null_nonparam,gauss,8000,2,,900005,k2,quadratic,0.05,99,0.03024527781916299,0.18645287414419748,0.14200977110836077,0.13267651109315132,0.1257806364261902,0.12240018339159456,0.11737263372889223,0.1110302244291267,0.1048276816135405,0.10376661519874815,0.09898412604121193,0.09787327097880082,0.09729047511886726,0.09703206662745634,0.0935041090378279,0.08870118440794628,0.08638696037113948,0.0857659448714834,0.08360547186944253,0.08286822442349669,0.08187870559955114
null,null_nonparam,gauss,8000,2,,900006,k1,linear,0.05,99,0.0038658313412832657,0.020186714254815663,0.015363049989846833,0.014687800163233011,0.012943637929496266,0.011783869479149667,0.011373604847616292,0.010882913635937408,0.010855017376568576,0.010794013703928518,0.010493260954714145,0.010428737111272568,0.010419597682682857,0.010133458402424522,0.009872654493531141,0.009739151806372304,0.009624157564005142,0.009379713593516525,0.009220753830033956,0.009214566344841302,0.009180462002935985
null,null_nonparam,gauss,8000,2,,900006,k2,linear,0.05,99,0.04864031590007478,0.14559501022942967,0.14337191664311275,0.13651900084534613,0.1243743716270825,0.12111813194007237,0.11764728428991758,0.11353637063462733,0.11229134669017411,0.11017639768735668,0.10944556009009251,0.1028836234037707,0.1001300227042699,0.09971962194086803,0.0970899162476914,0.09594549448215903,0.08888972606120034,0.08666969399325845,0.08615047258349352,0.08546973081843,0.08434323437650948
null,null_nonparam,gauss,8000,2,,900006,k1,quadratic,0.05,99,0.003702337981652315,0.015342492140083097,0.013504407293738585,0.01321474235313369,0.013172721270721666,0.012805354057504159,0.011829194975534585,0.011725035660641092,0.01147062361318052,0.011279363417073363,0.011265262070044413,0.011084379309297399,0.01072787045884116,0.010087868706141201,0.010037094763849841,0.009881161739730526,0.009744360631008808,0.009571386204232146,0.009370890790181496,0.009286003615187943,0.009203012228870433
null,null_nonparam,gauss,8000,2,,900006,k2,quadratic,0.05,99,0.05768790877538875,0.17930889576594558,0.16659032541085625,0.15310243627290013,0.11802699372439232,0.11760733292630425,0.11059804550670418,0.10584777091068187,0.10283771079967668,0.1025052656463756,0.10121432105295913,0.09868078834622605,0.09840671919239409,0.0969484775613767,0.0950153660861542,0.09371120151665338,0.09318163376973428,0.0923227546177421,0.09063392282154084,0.09016049903659802,0.08614112941780028
null,null_nonparam,gauss,8000,2,,900007,k1,linear,0.05,99,0.003464830062607449,0.01816570857970279,0.014542995450116836,0.014435616897366832,0.013304346033901404,0.012867420170769805,0.012738204928325114,0.012544463170563125,0.012326115727076425,0.012267589113527655,0.011600739389292958,0.01128686134007617,0.010864927837663907,0.010769513288261368,0.01076392482208266,0.010507021371907399,0.010392379484448933,0.010380189641323812,0.010314997787742586,0.010240646080396987,0.010221480186643261
null,null_nonparam,gauss,8000,2,,900007,k2,linear,0.05,99,0.02795309273714635,0.16835110219056787,0.13052736750465213,0.12994480619181767,0.1258958128343641,0.11358665842152614,0.10846792386970813,0.10715165083276904,0.09750441141430509,0.09697468540209733,0.09617714788182584,0.09275462696475897,0.09203524244643636,0.09155119476735579,0.09024375262144094,0.08892234830991903,0.08643361200865764,0.08455468182014196,0.08429760837506067,0.08408804807066769,0.08262309904342374
null,null_nonparam,gauss,8000,2,,900007,k1,quadratic,0.05,99,0.0034840946646117477,0.014269166014285961,0.012746292599786213,0.012721325327748279,0.012290638713398305,0.01164159267497622,0.011375771923114009,0.010750815827517135,0.010599252921766888,0.010521899734350026,0.010499120042087862,0.01038145940181201,0.00988143710617928,0.009748672043618845,0.00972547590645434,0.009416551703085085,0.009369218930016188,0.009365133942486947,0.009300040605667914,0.009257307039938434,0.009126947842081456
null,null_nonparam,gauss,8000,2,,900007,k2,quadratic,0.05,99,0.026323588581885087,0.16969471399778108,0.1545801224262979,0.12204065919067264,0.10787209792627156,0.10501656417399537,0.10326835116396045,0.10057514830793672,0.10034180956349892,0.09795191126840735,0.09710897284230399,0.09611014253745664,0.09501676494862782,0.09440356850336765,0.09031029362284682,0.08966820121676647,0.0894270787970551,0.08871701467236814,0.08839554362708095,0.08818796688279423,0.08770322425336927
null,null_nonparam,gauss,8000,2,,900008,k1,linear,0.05,99,0.005355079067844937,0.019465487849953167,0.01743596400644365,0.015071074827738395,0.013647123620223134,0.012490372719729304,0.012099988943008677,0.011558346752197579,0.01104790499932018,0.011046206935527936,0.010935073982491272,0.010697204818912898,0.010415322822464934,0.010365552650126952,0.010216422778372869,0.01008934897127356,0.009914503193479973,0.009675633980353981,0.009621385084999767,0.009354208422365118,0.00924669489920904
null,null_nonparam,gauss,8000,2,,900008,k2,linear,0.05,99,0.04953945942230304,0.15429446352062895,0.14082831693556677,0.13931462403869635,0.12653933616147084,0.1263038674869099,0.1220743208841701,0.11442652588359237,0.11368009910443648,0.11088391316450709,0.1105723740464502,0.10755373364743016,0.10342023435354389,0.10122853463172501,0.10031502122876369,0.0999303062174847,0.09986233471837559,0.09858246985572329,0.09369520658745559,0.09172065476999654,0.09090845912919504
null,null_nonparam,gauss,8000,2,,900008,k1,quadratic,0.05,99,0.005297608199674508,0.01637721884405441,0.015555499978956111,0.014184031938245023,0.01318140289971459,0.012855376811043207,0.012834989741112968,0.01258590580787844,0.012397142863564858,0.012051840237889966,0.011836044204144636,0.01167082905483352,0.011478663778303866,0.0113959513941162,0.011379404610332045,0.01137823788374348,0.01113303741469751,0.011124137541960955,0.01099031600171474,0.010172637801599271,0.010130783652926856
null,null_nonparam,gauss,8000,2,,900008,k2,quadratic,0.05,99,0.04923770118790812,0.19015873864868488,0.16435808628015108,0.13124486733602725,0.12836439412039932,0.12623742860153045,0.12356364802475091,0.11778219176745146,0.11773742035433755,0.09996679957134559,0.09363293988062725,0.09339555529069345,0.09193433278615899,0.09109076651080777,0.08981612385256149,0.08935855842668068,0.08753435000905353,0.08729397239127608,0.08326529731956853,0.08234005308516533,0.08046533246759056
null,null_nonparam,gauss,8000,2,,900009,k1,linear,0.05,99,0.007144774228329598,0.013987502581115363,0.01379254845193223,0.013525534496003688,0.012686195871984052,0.012571581489048023,0.012066495051037407,0.012037669706765008,0.011404166056997678,0.011222323340210894,0.010799571009298292,0.010578405712520667,0.010491012983664838,0.00998947598525679,0.00986101309359122,0.009695277259999746,0.009465975086335288,0.009453441739763258,0.009342449816344134,0.009335038313291966,0.009333192201954055
null,null_nonparam,gauss,8000,2,,900009,k2,linear,0.05,99,0.027983281390253835,0.1795991025149791,0.16081137371974105,0.15080795733419186,0.1365871794334834,0.11548203063839586,0.11207266365814246,0.1118822852330262,0.10379277039302098,0.10078433860131523,0.09999057954659939,0.09943194771430759,0.09745524592357285,0.09656578835483964,0.09276895736747913,0.09224536785220959,0.09219538695863767,0.09216105687602355,0.09102370384876211,0.09083990562273936,0.09036723486174054
null,null_nonparam,gauss,8000,2,,900009,k1,quadratic,0.05,99,0.006482913875902607,0.01611123240483958,0.015275271107032529,0.013884795454258692,0.01266025273294158,0.012227381087900446,0.011992609178620328,0.01186487522749291,0.011548758547845539,0.011474859845375662,0.011440771710779063,0.010830168211837354,0.010802832059635503,0.01039729345895235,0.010251965670468044,0.010095183083543735,0.010040375391536682,0.009653030529702455,0.009584934243673793,0.009514122441084849,0.00936895500622803
null,null_nonparam,gauss,8000,2,,900009,k2,quadratic,0.05,99,0.029121320946793313,0.17145004248012063,0.16966685853149824,0.16760417863273744,0.14103357303546954,0.13261446180715203,0.1305639869011768,0.1291530407251318,0.1268592335928419,0.12348836379316222,0.11727262485516136,0.1124447968441528,0.1117508129205754,0.10920123427072752,0.10774797471720111,0.1054985126147034,0.1030451688974325,0.1023328131787809,0.10127205909570694,0.10035189288384405,0.09862970073219032
null,null_nonparam,gauss,8000,2,,900010,k1,linear,0.05,99,0.006745940902311842,0.016737804459678873,0.015939442239797486,0.015357812683211125,0.013148197705583398,0.012579426809268934,0.01153410423287693,0.011235729798893757,0.011063542032646811,0.010960192260833779,0.010626283750461485,0.010439755370996506,0.010310793763648629,0.010025331597499298,0.009989430104997976,0.009738978323996395,0.009727947936173043,0.009532816577539238,0.009347184711378631,0.008881961223671242,0.008817186650347586
null,null_nonparam,gauss,8000,2,,900010,k2,linear,0.05,99,0.04675947271057088,0.2254430177020744,0.15345274805845904,0.14820221093768735,0.11913491335316216,0.11463820261861792,0.11408784947714604,0.11169942370071961,0.1082302734871095,0.10271792510569963,0.10243422203097786,0.09874107066253872,0.09777303544673818,0.09763570014449544,0.0969882582078688,0.09557632594858323,0.09425141887540392,0.09378008633300636,0.09370166221243968,0.09363191663243497,0.09118208805187868
null,null_nonparam,gauss,8000,2,,900010,k1,quadratic,0.05,99,0.0068218119443249625,0.023600568356394902,0.016895342252700396,0.014767709186113809,0.014057335134131432,0.013088836975995277,0.011763407320365737,0.011744206290529746,0.011718924889360105,0.011226456738228086,0.011159014245903709,0.011020819502422619,0.010917089330056307,0.010783211407075388,0.010698822228490057,0.010588846966977816,0.010428076941077613,0.010346263847415327,0.0102042293326845,0.010021201311756545,0.009911635895423099
null,null_nonparam,gauss,8000,2,,900010,k2,quadratic,0.05,99,0.05016352309924282,0.19877868647125063,0.15720212365569805,0.12877329957065284,0.11535170782008432,0.11329266567453423,0.11225887564768926,0.11090751441873867,0.109272913036496,0.10314602847304977,0.09953589011566279,0.09489914575698986,0.0944976755251435,0.0920041610223501,0.08913667422438139,0.08866480531407529,0.08729604849937542,0.08693741514242084,0.08641680836143843,0.08533899116999463,0.0840987051029301
null,null_nonparam,gauss,8000,2,,900011,k1,linear,0.05,99,0.00269235938975787,0.017314254959212128,0.016475442844892996,0.014613863470939403,0.0143425500176938,0.01318242558342686,0.012281552803922957,0.01172942829513568,0.011338609650378917,0.011076802069489355,0.011014756120259594,0.01062307562644682,0.010374686501528507,0.010190431065053795,0.010123023958174437,0.010118445225034911,0.009719058021934401,0.009540186729842692,0.009452154118276046,0.009399479912362563,0.009154825712415215
null,null_nonparam,gauss,8000,2,,900011,k2,linear,0.05,99,0.0461695459310765,0.15794714962673784,0.14406963930586483,0.12216483083844852,0.12010070767268342,0.1134984561534277,0.11262555417207953,0.11228407492744634,0.11115436495361802,0.11055366921493281,0.10882835715141506,0.10696711591748352,0.10570058618407518,0.10465495323173273,0.10321325186393555,0.10126396776967021,0.09977922469420226,0.09939633394407783,0.09313140916601548,0.09235427153775874,0.09191081302989573
null,null_nonparam,gauss,8000,2,,900011,k1,quadratic,0.05,99,0.002462491682879153,0.01617574405438338,0.01460035781165292,0.014025232424683232,0.012530943602239941,0.01248614236056822,0.011661186754030939,0.011566498119292334,0.011544906064017368,0.011262536930066624,0.011240153951689424,0.011071148752946569,0.011052450373940648,0.010977428909252351,0.01096588381718111,0.010937790190584384,0.01078382051653115,0.010736284820303976,0.010726792846595945,0.01029728368021976,0.010177406419778157
null,null_nonparam,gauss,8000,2,,900011,k2,quadratic,0.05,99,0.049721068027233556,0.1775552505701403,0.1748297117569209,0.16044643049267013,0.14489183696536007,0.1394794499272535,0.11200300785371382,0.10700638595619999,0.10430059533842875,0.10226874544352672,0.10171904411987359,0.10034642765446751,0.0998834452322348,0.09895407306003617,0.09506975791507043,0.09384683896903864,0.08863939553981542,0.08729061692867794,0.08480871771638857,0.08469710804350832,0.0830442439142911
null,null_nonparam,gauss,8000,2,,900012,k1,linear,0.05,99,0.002919390216114981,0.016798955158475404,0.015066697129552664,0.012951301440851881,0.012823496046222238,0.011859750834536498,0.011006077377419432,0.010979099048175844,0.010956027635891874,0.010647137303726906,0.01012183906558528,0.00998460111666577,0.009905360276253883,0.009805085749735265,0.009769022863488463,0.009739415379570349,0.009669479164730155,0.009521287323183136,0.009461042311196377,0.009359197467626923,0.009166705960529486
null,null_nonparam,gauss,8000,2,,900012,k2,linear,0.05,99,0.0328561462437548,0.21086890857887636,0.16413016133045663,0.15530173413790022,0.13633893096151134,0.1360579541273434,0.1303170792754635,0.1244924816479537,0.12292408642415183,0.12046274901119963,0.11521760912538961,0.11445030164085758,0.10835734433250654,0.10645299927803191,0.10493755052813786,0.10186386343363812,0.09628102483416877,0.09470469729829628,0.0908749799103176,0.0902984698494878,0.09018833161348985
null,null_nonparam,gauss,8000,2,,900012,k1,quadratic,0.05,99,0.0029235448200750636,0.013431186986967214,0.013178267228227236,0.012390782395719557,0.01238324001404012,0.012373362108423325,0.0121031228216546,0.011491996788705383,0.011479890624224387,0.01126642143023382,0.010643252436492667,0.01055214041716035,0.01039226083623368,0.010377987761385321,0.010097698098390895,0.010061312860713767,0.009905242718039609,0.009522931099522958,0.00946843388747931,0.009424634471254412,0.009393790342139163
null,null_nonparam,gauss,8000,2,,900012,k2,quadratic,0.05,99,0.03357888317631188,0.15242697578175515,0.14265633288713034,0.12555093862945851,0.11725515438773121,0.10546677157859383,0.10540224957793481,0.10454236773816851,0.10441311397967774,0.10129521142464627,0.10114929460895625,0.09976555423842472,0.094080569846226,0.09344293539535974,0.09327892086226174,0.09266361709329468,0.092071388665114,0.09156694561823091,0.09118111163478904,0.09062116879536693,0.09029199816837173
null,null_nonparam,gauss,8000,2,,900013,k1,linear,0.05,99,0.0034211606769030123,0.01634275564335097,0.014109334278956775,0.012993593893594668,0.012700809982540084,0.012195039012567244,0.011931278687674851,0.011794531175475909,0.011708063004297387,0.011489864534187544,0.01118379712508677,0.011173636913456853,0.011028133391378314,0.010983405060409956,0.010981095404275276,0.010739595184985351,0.01073088248366294,0.01063766704243918,0.010620287433876663,0.010570033654969335,0.01050583140414696
null,null_nonparam,gauss,8000,2,,900013,k2,linear,0.05,99,0.06605027684620499,0.1373125427718393,0.12760070218566638,0.12413963996260863,0.11677910647009848,0.11391755372906384,0.11385899344919652,0.11294913264855122,0.11149602742600184,0.10875193980741615,0.1081467034909309,0.10626706564125535,0.10550765246947462,0.10375257519937688,0.10114652258690693,0.0994088573528891,0.09936282083179275,0.09388294747328413,0.09261564119535548,0.08996137488141276,0.0863839345363855
null,null_nonparam,gauss,8000,2,,900013,k1,quadratic,0.05,99,0.0033999901843060343,0.015601988548311296,0.013622687959526147,0.013595580543245833,0.013307084194435936,0.013145816501900831,0.013050406586752938,0.01289370897721831,0.012785677259544603,0.011971791665521647,0.011892557210672505,0.011412763943524973,0.011291960113840926,0.010855482648332915,0.010774294690884534,0.010499858701882414,0.010074399909545062,0.010006601816835436,0.009847325504883653,0.009690517277482713,0.009511136722501146
null,null_nonparam,gauss,8000,2,,900013,k2,quadratic,0.05,99,0.0698507388077078,0.19668125629887734,0.1463939606766183,0.13163693431069765,0.12660730838355122,0.12550448439500805,0.12183135801755433,0.12156131943810496,0.11651922223765093,0.10860888753420833,0.1073102179565563,0.10616712807815241,0.10516719889820807,0.10229142926683364,0.09936952888918334,0.09931885743470828,0.09903742260256254,0.09885712340498713,0.09870176563508641,0.09798852692715032,0.0966622297954712
null,null_nonparam,gauss,8000,2,,900014,k1,linear,0.05,99,0.005598844321498153,0.016643761645700805,0.015016564860130477,0.014693253215043556,0.014441477352304055,0.013646871034394215,0.012958420789062175,0.012657896671344426,0.012581525705951946,0.012575538095272565,0.012523111512308338,0.012339119877366467,0.011994568438424835,0.011919895738881636,0.011641497232427578,0.011178102374449161,0.011052731877245425,0.010831587956764643,0.010747252362831916,0.010672020340929511,0.010352441930444933
null,null_nonparam,gauss,8000,2,,900014,k2,linear,0.05,99,0.056849788789722334,0.16013013827251132,0.15734963597351545,0.11045826462453137,0.11044788054084016,0.0986704061541235,0.09465020245981816,0.09205285410362013,0.0904516799363143,0.08912565408928097,0.08903771118195394,0.08893475700520638,0.08810967460595791,0.08775420310385251,0.08739306993958273,0.0869981054018692,0.08649470205537499,0.08284028755144256,0.08275410660953128,0.08174573606326174,0.07990375662604243
null,null_nonparam,gauss,8000,2,,900014,k1,quadratic,0.05,99,0.005653411473170555,0.0181693760253967,0.014581275065115529,0.013003730710474337,0.012322966174186822,0.012294261848323274,0.011672390551099698,0.011413791719287247,0.011102256119194465,0.011077841458474125,0.010861185208755786,0.01081885770970381,0.010721882035276242,0.010343074960099896,0.010250401976429901,0.010192136944455754,0.010166405335091055,0.00991141880444879,0.009911133611984257,0.00973738963921189,0.00970829167647591
null,null_nonparam,gauss,8000,2,,900014,k2,quadratic,0.05,99,0.05833802971273918,0.18494161793009425,0.16408019231311147,0.13191069926453192,0.12526612654775265,0.11411864711708392,0.11088559574350929,0.10704409397670611,0.10561466545155504,0.10540626628059122,0.10021979414538541,0.09775132174330259,0.09408987883247198,0.0906479921030222,0.09014891187867105,0.08938540322799333,0.08898010314354732,0.0875591555199393,0.08701140345024061,0.08628261342733438,0.08604792639188652
null,null_nonparam,gauss,8000,2,,900015,k1,linear,0.05,99,0.008488307809828122,0.016400888224961552,0.01579314660069353,0.015340873446737513,0.014257561215896164,0.01406343424745693,0.01263465996330182,0.011566021787821956,0.011183062028283786,0.011131066090703357,0.011079077019820804,0.010975528271808477,0.01083849140073323,0.010496719879535599,0.009809384365918827,0.009472827158445218,0.009289080690827234,0.009129691258304096,0.009102927121302118,0.00898904660227573,0.008866328189784056
null,null_nonparam,gauss,8000,2,,900015,k2,linear,0.05,99,0.0581323560196682,0.1755689413360282,0.16798076111175475,0.16023504093725605,0.14286882107921148,0.12913007538001453,0.12661391636925018,0.12157273726504259,0.11927587165752343,0.1121913264034096,0.10781947073648089,0.10560235406578458,0.10447121586009894,0.10319440159576476,0.10138701407383903,0.10038025181576096,0.09445659235580982,0.09229939694224888,0.09131665039839641,0.08977594224729524,0.08974760175498386
null,null_nonparam,gauss,8000,2,,900015,k1,quadratic,0.05,99,0.008329177785140418,0.014021696155864571,0.012987039255665245,0.012870127441522827,0.012669396922940557,0.011756877001753652,0.011417588991029182,0.011282555259964466,0.011103581468254409,0.010175113111619227,0.00998796251571743,0.009747228848538847,0.009698362504141356,0.009681271814945047,0.009335203288462157,0.009230239315665356,0.009212923381597626,0.009145320628000553,0.008906726731783277,0.008862257686209185,0.008346255980088313
null,null_nonparam,gauss,8000,2,,900015,k2,quadratic,0.05,99,0.05232096335621307,0.19889788076644224,0.1603742698153741,0.14212240934839598,0.13103520361995566,0.12453060515603726,0.12005467647921343,0.11669348561400396,0.11122873094849109,0.10947959848184821,0.1056564567042046,0.10104544601775829,0.09832391767258034,0.09392084042682944,0.09389639315454715,0.09346891465027891,0.09222237364280332,0.08678144573476225,0.08429858986220115,0.0832777708536283,0.08221075980453339
null,null_nonparam,gauss,8000,2,,900016,k1,linear,0.05,99,0.005460683170339098,0.016180633083647145,0.015435605654790407,0.013865889550773947,0.01316855690969343,0.013157483929100655,0.012997806743621387,0.01248034367281814,0.012441039069429394,0.012015842130562726,0.011653476520863792,0.01136353078252228,0.011180728668527484,0.011010036258242817,0.010976302266233695,0.010873669294745758,0.01082239061171164,0.01063078111666571,0.010359436589111981,0.010326672679865645,0.010014043989716614
null,null_nonparam,gauss,8000,2,,900016,k2,linear,0.05,99,0.06711903000885158,0.15166585446676387,0.12960273999942606,0.11682218647351988,0.11533418208816006,0.1130055533817199,0.11097888319096158,0.10284876459100885,0.10161149794512694,0.10132962108544229,0.09915482943021846,0.09888336475091401,0.09763236378189902,0.09458309495186366,0.09370917462990125,0.09165967475043552,0.09121720080261911,0.08726299293289756,0.08616568288012237,0.08595984104004463,0.08463478743483348
null,null_nonparam,gauss,8000,2,,900016,k1,quadratic,0.05,99,0.005730556295919564,0.015852282507806903,0.015443157011065578,0.014036671462182349,0.01312501811242961,0.012099615365409822,0.012024573425489127,0.012012441874256652,0.011430685794858175,0.011307706348745117,0.011259947569266071,0.011176663405167764,0.011138743842063259,0.010715105647195688,0.010342498846686587,0.01033631015738734,0.010168128696213863,0.009996419525841294,0.00990499559302449,0.009841706805488015,0.009756314954407763
null,null_nonparam,gauss,8000,2,,900016,k2,quadratic,0.05,99,0.06840804024475851,0.16236981273325526,0.15499233698920592,0.1423905316337821,0.1331983501329188,0.13305567929988146,0.1300728688553745,0.12969093949501,0.12875647927279368,0.119996008055445,0.1147172363450049,0.11431959224353179,0.11016117412973282,0.11001068330716639,0.10913399554486729,0.10822037686195239,0.104501487093576,0.10104863984876054,0.0995687533716977,0.09514270466564465,0.09434274456984557
null,null_nonparam,gauss,8000,2,,900017,k1,linear,0.05,99,0.005199945980728371,0.015447137399669186,0.013901149634980792,0.013726060454393507,0.013322120438757024,0.012468709181636672,0.011677016659960016,0.011631390804407338,0.01100380164887238,0.010891533703596856,0.010855811611204969,0.010706982082955285,0.010637020832307331,0.010526118548466967,0.010464795229387036,0.010448863250231644,0.010431229677747234,0.010339596338427737,0.01033936864356877,0.009831376995609098,0.009811159752285858
null,null_nonparam,gauss,8000,2,,900017,k2,linear,0.05,99,0.05307416161075863,0.13449499255781341,0.13310772994002198,0.1327998686304749,0.13104143771815652,0.12986678326444767,0.12908748137706208,0.1105194430378439,0.10789273383894965,0.10176673890175295,0.09965862933675035,0.09951856694523066,0.09937473872493598,0.09593274152146318,0.09576763949622664,0.09515402179436086,0.09505581130262311,0.09240261302624701,0.09140633630891833,0.08924560378439125,0.08720815401581908
null,null_nonparam,gauss,8000,2,,900017,k1,quadratic,0.05,99,0.005469872316297586,0.01527039854829848,0.014189886978708377,0.014134722178545167,0.013670990036576791,0.013402252529050251,0.012876858533262259,0.012652113244326468,0.012501728862171047,0.012071069798993972,0.011946519140092482,0.011542537804187014,0.011532947969488339,0.011383747057414295,0.011365120982569255,0.010935300985223662,0.010910067099699328,0.01081284035865926,0.010337643906065397,0.010252170469130184,0.00952768989565167
null,null_nonparam,gauss,8000,2,,900017,k2,quadratic,0.05,99,0.04294951449435943,0.2614056167594511,0.1683768206351276,0.12606525043615577,0.1250819848538332,0.12460003296338651,0.12115904868734813,0.11586258681688402,0.11503722347017838,0.11425699099848038,0.11379245203188472,0.11214142799600234,0.10988599564463052,0.10927818961224403,0.10386534571997492,0.1014593130167267,0.10063321669625766,0.0985385964835726,0.09839018845216407,0.09721767284163384,0.09338320422455823
null,null_nonparam,gauss,8000,2,,900018,k1,linear,0.05,99,0.004500153627061354,0.019754470653768563,0.015240604657261514,0.014094228696302169,0.01333494340609509,0.012165108640871725,0.01212263992007434,0.011653772916616956,0.011539208014568647,0.011215836099277898,0.011104663296060968,0.011049190043242896,0.010954386054429777,0.010924814371045644,0.010438880334908918,0.010354139624088043,0.010263713471352243,0.010040114657760002,0.009965467715377319,0.009569621561639652,0.009521944952200823
null,null_nonparam,gauss,8000,2,,900018,k2,linear,0.05,99,0.06204476840414501,0.15393045918817339,0.12464016938177698,0.11669923953808302,0.1160505558227095,0.11223554037702953,0.10565425628036308,0.103054144899249,0.10180182648555577,0.1007649085441924,0.09779668799596629,0.09633579017497401,0.09535027999326162,0.09234146328679159,0.08969378020650523,0.08863730984620527,0.08451096249936492,0.08438513884821251,0.08327427628993753,0.08028004707948978,0.07951889526396702
null,null_nonparam,gauss,8000,2,,900018,k1,quadratic,0.05,99,0.0042004267799954365,0.015852792705625673,0.01579293529655801,0.012310325812533218,0.012138166943732487,0.012013921716195308,0.011402639962118655,0.011304726834195367,0.011014313875282511,0.010788459164777664,0.010708775020899286,0.010544981805262643,0.01038805973203083,0.01021578949582469,0.010171564596328952,0.009721809810100956,0.00969693551670281,0.00958883339520078,0.009527662323185804,0.0094128882342418,0.009394857557408987
null,null_nonparam,gauss,8000,2,,900018,k2,quadratic,0.05,99,0.05104287844744437,0.16427285005389872,0.1503205628060992,0.14307413196947288,0.13024858672038467,0.12597525944102161,0.12039652357633526,0.115538410409946,0.11201954215370392,0.11013947808814901,0.1091705970026217,0.105620572695187,0.1032971314253767,0.10225151045594243,0.10105745419502052,0.09765208829082588,0.09472301632505659,0.09121031813891241,0.09096080408828978,0.08894938138546055,0.08880288581411133
null,null_nonparam,gauss,8000,2,,900019,k1,linear,0.05,99,0.0057678601557995535,0.015695514633822905,0.013087976358193032,0.011326586490489232,0.0107531230068878,0.010674611420567692,0.010574658027764139,0.010515578967368655,0.010273724446890675,0.010212334247659216,0.009903130151136641,0.009798311418102168,0.00961448601805115,0.009560159828672976,0.009533789950467941,0.009307673182098686,0.009244422829545962,0.009210871458289804,0.009086373074300713,0.008978747343612592,0.008968611226706447
null,null_nonparam,gauss,8000,2,,900019,k2,linear,0.05,99,0.061656443940246976,0.14311849471343538,0.13432760616586623,0.13362093221104188,0.13238552482293695,0.11555543788257515,0.11318185021896512,0.11313251515840951,0.10751787548939865,0.10221814875733351,0.10024611901176075,0.09933656392249252,0.09819615205829485,0.0948426288196592,0.09324169614298057,0.09249071367825383,0.09225497110669902,0.09072442811290703,0.08937343948396892,0.08900842127496962,0.08830037262211318
null,null_nonparam,gauss,8000,2,,900019,k1,quadratic,0.05,99,0.005809059845729103,0.01354814331954024,0.012375129766246329,0.012298567769095325,0.012153814544124897,0.011223121548161408,0.011105031734037651,0.011026205033051073,0.010839685563687196,0.010789910543360981,0.010576494359428534,0.010546334451663641,0.010393051922012897,0.010133045791846595,0.010060781247297368,0.009896000587343856,0.009774456709383372,0.00960695465210637,0.009421427864821141,0.009388998911940782,0.009383294822159827
null,null_nonparam,gauss,8000,2,,900019,k2,quadratic,0.05,99,0.06708342863903075,0.14530608262437592,0.12410650089226057,0.11480384808089356,0.11034448503986392,0.10499846185202366,0.10136305442860706,0.09686045152912129,0.09363796238974247,0.09279372949325332,0.09152788551640773,0.0870763098799503,0.08261887887921089,0.08236206737318677,0.08228567090989261,0.0809624836852702,0.07756430876068916,0.07677546905910278,0.07674404709107523,0.07670310983352686,0.07480778160276783
null,null_nonparam,gauss,8000,2,,900020,k1,linear,0.05,99,0.0077763227350521325,0.013833953210211858,0.013706046320043241,0.013198456237754175,0.012289519962116247,0.01185722087029939,0.01137136032208852,0.011139653712741837,0.010880513089485677,0.010730101463057307,0.010337847862976202,0.010249925893632272,0.010214963934828236,0.010055159755074317,0.009964683813906139,0.009762402174088636,0.00956567802528685,0.009554566981508916,0.009269501569171057,0.009263665884821193,0.009246970336371674
null,null_nonparam,gauss,8000,2,,900020,k2,linear,0.05,99,0.0653109068473957,0.24299842834682264,0.17787808769379673,0.14562300526177369,0.13040043701700663,0.12471785246808897,0.12272797272738424,0.11776520222176451,0.11667688650875987,0.11127205954177517,0.11105979604336014,0.10852527773166555,0.10630755631534072,0.1048984647323174,0.09282901716452445,0.09193467529730291,0.09122101433127318,0.0900961927633173,0.08955300558560729,0.08906581646485592,0.08886843913207565
null,null_nonparam,gauss,8000,2,,900020,k1,quadratic,0.05,99,0.007793993408878985,0.015071954463632187,0.014027382623776119,0.013881034663724146,0.012978939434458936,0.01249948255572797,0.012139608808935498,0.011928110169633133,0.011351205262143393,0.011121568340941246,0.010854100621361495,0.010765371223129705,0.01067510144852546,0.010662442995933663,0.01015574361522742,0.01012173856039078,0.009991337205777273,0.009868823150176342,0.009811935889303958,0.009803960224167074,0.00977064728539978
null,null_nonparam,gauss,8000,2,,900020,k2,quadratic,0.05,99,0.06602934396951443,0.18985156710357254,0.1380276349627478,0.1268959724783464,0.12142881629411037,0.12039171013551418,0.11876969503580165,0.11657557023758601,0.11555414804591162,0.11405254850426373,0.10661643245439366,0.10426454501431386,0.10350460040637267,0.10339020649195603,0.10158024925974032,0.10090431785033296,0.10025529063119924,0.09994736166907317,0.0988156123408277,0.09747296438184126,0.09641448712780902
null,null_nonparam,gauss,8000,2,,900021,k1,linear,0.05,99,0.005056005114771889,0.017116351908713523,0.01617377422966293,0.013194207692623583,0.012768967957581867,0.01245741933276423,0.01225733851691857,0.012253207155320522,0.012087276538960134,0.012084407620734705,0.012044017544679986,0.011701061346037989,0.011546549088267466,0.011194390697106815,0.011109227852696968,0.010433289420527014,0.010210592506503802,0.010088891960151614,0.010041002715990177,0.010000365523669563,0.009852343980184974
null,null_nonparam,gauss,8000,2,,900021,k2,linear,0.05,99,0.035536100267898656,0.16685212683008654,0.14186796068079696,0.13214543302949566,0.12956470403565734,0.11501479484365043,0.11143303827576148,0.11102844912410686,0.10834765025724746,0.10811630322391118,0.1074520714956135,0.10437954119371282,0.10177868814552983,0.10003358502007477,0.09801003037184891,0.09550271385403761,0.09372663476865248,0.09120588605032362,0.09102897563487163,0.0908378164705135,0.08870621904503823
null,null_nonparam,gauss,8000,2,,900021,k1,quadratic,0.05,99,0.004877361888992127,0.016361202701522637,0.01593202584990805,0.015523439546990203,0.01488008033481436,0.014792968855024013,0.01459074739941979,0.014543779209248209,0.013319346062891757,0.01276349949361244,0.012559883495677493,0.012126822391669845,0.011563015520112518,0.011520660109773373,0.011489708293120127,0.01143521615969767,0.01101797877141375,0.010956864152673051,0.010850538483372363,0.010274478383667018,0.009959683031198652
null,null_nonparam,gauss,8000,2,,900021,k2,quadratic,0.05,99,0.03129615444191048,0.15888870634995483,0.1554666617232471,0.1536267062146795,0.1403580593818783,0.13806690579260492,0.13797189371668833,0.13643362426470115,0.11683273653911447,0.10929185963444728,0.10744734026577947,0.10584157473046159,0.10402869735895545,0.1036749957001549,0.1013988256148967,0.0976912797887868,0.09761554615483131,0.09734231212548648,0.09380812902070457,0.08905081650156392,0.08815876172785021
null,null_nonparam,gauss,8000,2,,900022,k1,linear,0.05,99,0.004544494629888929,0.015988237273841133,0.014679000674473919,0.011978262919249971,0.011701717434792203,0.01139222988663624,0.011041907427869369,0.01099791704396047,0.010964789769464023,0.010882040756096778,0.01060547036377657,0.010599407327686494,0.010542075438318643,0.010396303868822954,0.010224382600600768,0.010162234321374974,0.01003112372548276,0.009894516174927759,0.009864219333525437,0.009777277120708416,0.009715850107913426
null,null_nonparam,gauss,8000,2,,900022,k2,linear,0.05,99,0.05184259776306052,0.16590449049663664,0.15916008180798144,0.13932245360652915,0.1390257690837029,0.12370828657393909,0.1213942887518123,0.118855306718846,0.11446947820052625,0.11115824839077305,0.10798519868243554,0.10594693039336014,0.10390486791498725,0.10191595761608482,0.10056744554060423,0.0969267228961944,0.09508043562471707,0.0860873532316884,0.08604414994218999,0.08398334984134377,0.08268836817573531
null,null_nonparam,gauss,8000,2,,900022,k1,quadratic,0.05,99,0.004424402727471355,0.017006551653660495,0.014145009583301116,0.013787143960574899,0.013773408569301204,0.013168257762302349,0.012786862759303186,0.012575281471651545,0.012521192153763239,0.01232449854472406,0.01177986585405999,0.011644448201260094,0.011536078875669542,0.011345371425858342,0.011085531457599274,0.011040505643014287,0.010971492574733621,0.010853463112672324,0.010623911360721494,0.01038857965728257,0.010072362949518965
null,null_nonparam,gauss,8000,2,,900022,k2,quadratic,0.05,99,0.05070705283648656,0.15291419860828304,0.1488924577322932,0.1389151727123686,0.11545090256353253,0.1108303876676434,0.1075261871254804,0.10735686528103124,0.10048777183755538,0.09857914293299003,0.09812849618677699,0.09785304016243353,0.09710061311718898,0.09637576501819846,0.09540895093303135,0.09417030110887196,0.09298606786382993,0.09251296928104592,0.09042107155390307,0.08622173967695208,0.08481405153691791
null,null_nonparam,gauss,8000,2,,900023,k1,linear,0.05,99,0.005028569130869909,0.019142940919930518,0.014676811962232805,0.014300042673442204,0.0128425774676445,0.012507902363422363,0.01249525764349857,0.012151583650656272,0.011582180210478632,0.011311796041329814,0.011294103797952926,0.011058218242428475,0.011016714874880207,0.010958738034128945,0.010944341107584243,0.010843698803683188,0.010698705707691492,0.010410673123894987,0.009827857948551566,0.009752308569690005,0.009549171092442132
null,null_nonparam,gauss,8000,2,,900023,k2,linear,0.05,99,0.03625312344090203,0.1663476573772961,0.14675555687394978,0.12269461627362695,0.121199761826113,0.11940199018250058,0.11220917961749688,0.11134400158569287,0.10965066904391435,0.10516318699125451,0.10413952458982983,0.09649758327331208,0.09540834276075826,0.09516970480356927,0.09376909101609986,0.0936848490781534,0.09340966577594259,0.09138444989302039,0.08865200651122883,0.08653889431350414,0.08407158818488907
null,null_nonparam,gauss,8000,2,,900023,k1,quadratic,0.05,99,0.0051182452409680446,0.015972525591384512,0.014109404533301007,0.013468753250793886,0.012823407578310797,0.012753327955167149,0.012064418669126664,0.011796019678129821,0.011399310982949995,0.011099858219523973,0.010970530568922499,0.010955773727461038,0.010694677046100831,0.010595168319118442,0.01042573816758352,0.010272906102919865,0.01009244980452062,0.010037517236102578,0.009766481822816364,0.009642562249945641,0.00954146283454027
null,null_nonparam,gauss,8000,2,,900023,k2,quadratic,0.05,99,0.029302313913611877,0.17483516310086739,0.15514182786800051,0.14603495923302837,0.14352896274954824,0.1292722688878253,0.12685718953525388,0.12431618383677781,0.12315312163156596,0.12116000049196882,0.11809087773162356,0.11762956276733796,0.11665734603642221,0.11613822247624449,0.10704405941454052,0.10597413074728243,0.10564002590272943,0.10510371978104494,0.10428042462895873,0.09882517648572141,0.09269514750689724
null,null_nonparam,gauss,8000,2,,900024,k1,linear,0.05,99,0.006723682929824948,0.02305765488769984,0.016690518238449026,0.013992971249230934,0.01344921554464007,0.013125828082122593,0.012682371649163526,0.01235305253110175,0.012295363151726857,0.012087702312492787,0.012072233827005174,0.011931686601474922,0.011905427778344357,0.011769262070882913,0.01167956899743261,0.01142506179911773,0.011255779041615788,0.01075557761164403,0.010137146208399894,0.010098736126331831,0.00990389119297752
null,null_nonparam,gauss,8000,2,,900024,k2,linear,0.05,99,0.05288159101805554,0.15552638512873246,0.14512004486165098,0.13239229598402047,0.12281298488328271,0.11691222606999359,0.10734084334751232,0.10694871155323775,0.10484855808221315,0.10448217160052727,0.1038964602453259,0.10290910881587956,0.10205112245694466,0.10127065438235115,0.09345590739030168,0.09181880108011414,0.0917221880414175,0.09028010227413887,0.08992535223361232,0.08726446154553891,0.08716769223342723
null,null_nonparam,gauss,8000,2,,900024,k1,quadratic,0.05,99,0.006529871056383696,0.013906348322528794,0.012289150245846647,0.011463783736145539,0.011453164324405352,0.01120058098961163,0.01117573709641917,0.01116818422511423,0.010708895312615319,0.01057565186195375,0.010509743613700828,0.010236960395386907,0.010171888221891856,0.009944729732635604,0.009879196097001608,0.009852737608384454,0.00964454944025983,0.009465273394881013,0.00919190061642261,0.00910189815826623,0.009055359811566022
null,null_nonparam,gauss,8000,2,,900024,k2,quadratic,0.05,99,0.04962150370756849,0.16773624852321303,0.1437222487185104,0.140101404971891,0.11188029523313091,0.10466077963482447,0.10204868060683134,0.10092278532695047,0.09984666615522426,0.09879075759217915,0.0979032132523005,0.0967764680526769,0.09581221479879334,0.09554420585381092,0.09408460317648386,0.09374147392569614,0.09123691875163963,0.08662584831350262,0.08520493221309333,0.08455793871929551,0.08397069134457781
null,null_nonparam,gauss,8000,2,,900025,k1,linear,0.05,99,0.0034117307262646612,0.016337103855984636,0.013199241592070976,0.012511211122014365,0.012374616532708438,0.011264316118430706,0.011023442005783868,0.010642308245132126,0.010559173420818913,0.010359800383075712,0.010169111025119082,0.009891538377534426,0.009840557062111066,0.00980007252566284,0.00970536662555388,0.00923248892669215,0.009227729044609223,0.00914509133003727,0.00910902262820501,0.008670054549745121,0.008575948009027168
null,null_nonparam,gauss,8000,2,,900025,k2,linear,0.05,99,0.047627534605964014,0.18183937551653773,0.15786331496649342,0.13820360378876917,0.13643943314269125,0.12820122753155824,0.12795637803245888,0.12165058145490307,0.12051873089855648,0.11898166461828143,0.11560360727263606,0.10966635574678082,0.10831792686914198,0.10608240004365425,0.1041130990956121,0.09685701805092566,0.09652839610898208,0.09199538208326563,0.09189688682337167,0.08936363585745911,0.08862716169537893
null,null_nonparam,gauss,8000,2,,900025,k1,quadratic,0.05,99,0.0033884121039886583,0.016079218340208756,0.015641100271693964,0.014807650344867307,0.014248152141062231,0.013855736594137635,0.013821972600947863,0.013724751171617866,0.013662696914334194,0.0130412927953506,0.012628254073455136,0.012299406871935314,0.012295464374190046,0.011297817791108278,0.011163434929485572,0.010960166258860093,0.010930260825567806,0.010803344327227404,0.010740815045744534,0.010624642543907714,0.010602402056579696
null,null_nonparam,gauss,8000,2,,900025,k2,quadratic,0.05,99,0.04509137679368816,0.18046112045427054,0.1657186133178827,0.1368979368064357,0.13241525126392217,0.1299263889429563,0.12930816423484226,0.12729117309076407,0.11802317562090409,0.11793231288272715,0.11550427464574813,0.1096129556639732,0.10937547949887254,0.10906898553757276,0.10751748081866476,0.10384443360055132,0.1036354827863839,0.10226522872342086,0.10035252887319715,0.10016365911355296,0.09766311314485793
null,null_nonparam,gauss,8000,2,,900026,k1,linear,0.05,99,0.011562616181277185,0.014771088238515584,0.013899617818841747,0.013894679757230022,0.011926124142462191,0.011746948281141645,0.011586237216206663,0.01151492128999565,0.011302757894202431,0.011248266235119653,0.011179543690596816,0.011033462214375067,0.010989829722091948,0.010929783295195783,0.010739865757984024,0.010650684340751115,0.010620701726863135,0.010398685923775797,0.010281724041043994,0.00992844223574263,0.009881535848138112
null,null_nonparam,gauss,8000,2,,900026,k2,linear,0.05,99,0.05049015211960681,0.19166521547744253,0.14642043685482417,0.14437066386255867,0.13039892221799027,0.12363080426378627,0.11654599849058792,0.11509713485357397,0.11183763360202467,0.11032512034193263,0.10935648918655617,0.10170549179997336,0.09898544913879738,0.09896061762810254,0.09784565128842392,0.09722437317883656,0.09660430189675563,0.09638448053038823,0.09212573994748059,0.0920434297497226,0.09161694201492802
null,null_nonparam,gauss,8000,2,,900026,k1,quadratic,0.05,99,0.011989870190815322,0.014318428554357387,0.012309475209171805,0.012209068923356048,0.011869687089677283,0.011335303388289253,0.011181693252920621,0.010735335476468988,0.01068048615400341,0.010382289430000857,0.010304252928026392,0.009890694757078045,0.009813979056679467,0.009579130320544249,0.009574511880517944,0.00926503983851057,0.009256427978184156,0.009247839619968001,0.009224120461816199,0.009177441196979719,0.009165301700419848
null,null_nonparam,gauss,8000,2,,900026,k2,quadratic,0.05,99,0.05256237323391957,0.20984495050760874,0.20677342795659728,0.18254694396492593,0.14009184376850692,0.1381079184528755,0.13067096875789927,0.12120178707315687,0.1208934336379936,0.11628252930593037,0.11130806409111568,0.10681725937275034,0.10562870069440085,0.10498153113201071,0.10289813764504302,0.10285095465798709,0.10238627723450128,0.10215800868644281,0.10151788643218053,0.09832500707165279,0.09756680627446754
null,null_nonparam,gauss,8000,2,,900027,k1,linear,0.05,99,0.002761898520750594,0.018734351985803865,0.018047889560444452,0.013628640376360135,0.013553302927965416,0.012788841633499581,0.012659938547478267,0.012484567907635857,0.012120903098898461,0.012116866267892545,0.012034013682877931,0.011974600332183005,0.011693139147789133,0.011325591307723815,0.011086403849870585,0.010884725315033705,0.01069741041153316,0.010287006702223378,0.010280815303926882,0.009424491029986659,0.009414995213237298
null,null_nonparam,gauss,8000,2,,900027,k2,linear,0.05,99,0.03759371297399808,0.15507320672281202,0.13212110698075083,0.12361845762592762,0.12330642315520235,0.1230599094952226,0.12086679265814096,0.11991546529064125,0.11751123849941819,0.11398899895593553,0.10836738004960529,0.10242193574692482,0.10037262025476928,0.10004701223858842,0.0962613520191637,0.09586480370200243,0.09390614192090692,0.09355384347746788,0.0925510660308562,0.09094675741152483,0.08970910972315146
null,null_nonparam,gauss,8000,2,,900027,k1,quadratic,0.05,99,0.0027944567314335256,0.013827497468378414,0.011976522998276118,0.011745912385189738,0.011677763231851102,0.011611829096508597,0.011556681557582715,0.01129032999330215,0.011166733555145636,0.011005457949765818,0.011002053679221468,0.010969210775158555,0.010901920251291108,0.010104931077763779,0.00999524925643891,0.009953379471203783,0.009903721594598514,0.009896345885061941,0.00980341334651702,0.009717567490929113,0.009614222844522735
null,null_nonparam,gauss,8000,2,,900027,k2,quadratic,0.05,99,0.04124276647487402,0.18066902210265454,0.16273146881813808,0.15325688650680408,0.1406384429151765,0.13915207956066422,0.13611725691861254,0.13060510221963317,0.12993797718578695,0.12256415159167389,0.11976608213790013,0.11727578251237374,0.11520283408022544,0.1128166177067401,0.11103826165868533,0.10894873589708277,0.10840928161866237,0.1080315325242422,0.10653734747066844,0.10447456293726676,0.10419259376067921
null,null_nonparam,gauss,8000,2,,900028,k1,linear,0.05,99,0.00522729317559556,0.014933864377550399,0.013188340544465604,0.01303447272065128,0.012655824979718733,0.012655238117219136,0.011961558047687837,0.011939613635965074,0.011243193311941901,0.011130457410409633,0.010648394923314597,0.010519878135828886,0.010511742930133572,0.010501244917696995,0.01044909738089328,0.01018865881516362,0.00976957065233297,0.009689507968018485,0.009675422724569893,0.009645897325109787,0.009592327958459657
null,null_nonparam,gauss,8000,2,,900028,k2,linear,0.05,99,0.0851326959829426,0.18794665340309327,0.1687956866206737,0.15251098676048663,0.13636621826862058,0.13426033701682882,0.1339741767686028,0.12128166766529663,0.11778811113458833,0.11638205209343297,0.11561519759916924,0.1140653034806789,0.11110742556261113,0.11092678337089924,0.10832743305340505,0.10608102160945306,0.10605551216025223,0.10447844655942588,0.10251331810146684,0.1023682044922996,0.10202559483851181
null,null_nonparam,gauss,8000,2,,900028,k1,quadratic,0.05,99,0.0051091248703014625,0.014515954548434684,0.014261373208260042,0.013336514508842323,0.012944069225384713,0.012593049434900583,0.012392347385637659,0.012197826849000504,0.011916532073460662,0.011573366090555148,0.011568919350897544,0.011288794368387256,0.010854486126122831,0.010675999725938912,0.010572836498488614,0.01013865246453416,0.010098563620190348,0.010068356252614818,0.00998543716432898,0.009727575292158508,0.009479761313213042
null,null_nonparam,gauss,8000,2,,900028,k2,quadratic,0.05,99,0.07521019162237474,0.1454446038366131,0.13708800565306986,0.1327228025608339,0.12427182555974897,0.12413229077740286,0.12083099255369466,0.11675844445636067,0.1128986247440662,0.11223233793969183,0.11082814878184082,0.10937432130750434,0.09964093798893263,0.0995552572533074,0.09850365240495672,0.0967038342165743,0.09417014803635514,0.09389042039555684,0.09339130540795938,0.08996206825427658,0.08817032970278234
null,null_nonparam,gauss,8000,2,,900029,k1,linear,0.05,99,0.0034375922798446368,0.01839711214812001,0.01370827227427407,0.013555655116517573,0.013218672606173931,0.012976034681821513,0.01254834378834746,0.012500775714126222,0.012491096954716507,0.01151030722374391,0.011261834400652981,0.011231093923183888,0.011058170126146072,0.010647313322380225,0.010533189491365502,0.010282037224880858,0.010150539419493732,0.009970927237931804,0.009931507046476051,0.009876964114268527,0.009679832367046837
null,null_nonparam,gauss,8000,2,,900029,k2,linear,0.05,99,0.050477269593376076,0.17730735135965164,0.17706958003421416,0.15215702369594614,0.1395402299379195,0.1346234406614826,0.1267612655440428,0.1234377254121473,0.12039855661953477,0.11875327691324948,0.10647974576174447,0.10033919537028797,0.09834232607449458,0.09345941695461828,0.09138274443682372,0.08582094341908239,0.0855311389691315,0.08433406966753361,0.08393938858727477,0.08113782711314244,0.08069444583332532
null,null_nonparam,gauss,8000,2,,900029,k1,quadratic,0.05,99,0.0033762000915066315,0.01720290376209499,0.014183227711513147,0.013576277989280294,0.012820457545714148,0.012810073461529292,0.012413527472027841,0.012080776155456996,0.011912536969507115,0.011755898648584062,0.01081933877490071,0.010518846045839525,0.010494561866640661,0.01045520007371592,0.010424875294623215,0.009751616564177779,0.00959221840743385,0.009589499534885193,0.009401762713104667,0.009396538488221418,0.009346122803022383
null,null_nonparam,gauss,8000,2,,900029,k2,quadratic,0.05,99,0.05158843480839541,0.18543118333872147,0.1556080186021765,0.14640940714760795,0.1456886412926133,0.14426283595033,0.14246730999747603,0.1422881534099286,0.11961888399594205,0.11428419483004763,0.1131526144677285,0.11260335924191968,0.10547487790053213,0.1005289663782587,0.10014405286140203,0.09687552160305685,0.09582452009489988,0.09498906840240422,0.09293987622530285,0.09291707392464897,0.09274275401000515
null,null_nonparam,gauss,8000,2,,900030,k1,linear,0.05,99,0.003784267517356832,0.014331470512690903,0.014195616154069057,0.0141167026564466,0.013546270598024268,0.012849187518912064,0.01148816150386256,0.01132369415721235,0.011124837771554374,0.010966664819704874,0.010892068392902576,0.01083474048149069,0.010617427735640339,0.010290280985288947,0.010265454586120937,0.010008985049449803,0.00967638281217964,0.009635038770777649,0.009582814951815566,0.009545607042019011,0.009244437941790418
null,null_nonparam,gauss,8000,2,,900030,k2,linear,0.05,99,0.038782646161093455,0.17744428701602083,0.17625910763988883,0.14763146700144247,0.14684091481792436,0.14367879380334794,0.1344397337184147,0.13397699971930677,0.12820152591946735,0.11843119389498874,0.10983755307489766,0.10821896125489318,0.09229379031446222,0.09104208129070096,0.09069154198735661,0.09012672939528629,0.08746751861394317,0.08654410602193902,0.08625645087539922,0.0849924325099488,0.0844332883120204
null,null_nonparam,gauss,8000,2,,900030,k1,quadratic,0.05,99,0.003928790720982622,0.01516744198529818,0.01368815144796709,0.013640127184215367,0.012635734735069293,0.01239620017509968,0.01187021337029781,0.011651005257502067,0.011565022088398491,0.01117587841267842,0.010890731447548818,0.010448189202453606,0.010433373955281877,0.01018670775835373,0.010118959177483178,0.009897410101892046,0.009654384686494155,0.00935701733475447,0.009292758394021328,0.00919551114912076,0.008900400427312438
null,null_nonparam,gauss,8000,2,,900030,k2,quadratic,0.05,99,0.03994308712455882,0.1811471853110113,0.1506987636723644,0.15061285987803966,0.1435887270719179,0.12140936839535585,0.1193502608829933,0.11909985141756568,0.1188438869061629,0.11089474001208455,0.10419325377105826,0.10371271591069325,0.10167422410010979,0.09972041156117578,0.09853692860736683,0.09804721256352428,0.09791532173809026,0.09597791197448127,0.09330045028331693,0.0915911555113771,0.09013015684727332
null,null_nonparam,gauss,8000,2,,900031,k1,linear,0.05,99,0.002993630284672366,0.018128375102074767,0.01571343385855617,0.014382980066444562,0.014296399148007621,0.013448801301448765,0.012669621909311313,0.012556286659636262,0.011908048422323736,0.011597967989614544,0.011551807484958765,0.011176255035614813,0.010925380252408967,0.010734458394142332,0.010296979085699709,0.01004560392384446,0.009860357071621029,0.009618206114223482,0.009584254136859482,0.009535626379963857,0.009433271181255143
null,null_nonparam,gauss,8000,2,,900031,k2,linear,0.05,99,0.04541993582022501,0.1701524145636156,0.16981340746934923,0.13711970896843081,0.13608544049336374,0.13281692971795653,0.1311270284724509,0.12999968064668477,0.12980399008416668,0.12950957518547226,0.1224163278127585,0.12120941946621804,0.11881454557323877,0.11543674950690515,0.11076654039603907,0.10902567469757679,0.105798326359246,0.10577557846281772,0.10476043028936789,0.10124079951713438,0.10111201812098954
null,null_nonparam,gauss,8000,2,,900031,k1,quadratic,0.05,99,0.0028198778235792865,0.016869988124555868,0.012530355896368195,0.012130510243727355,0.011682214878519837,0.011490407067096697,0.010849529520241097,0.010198908771089532,0.010117417112126437,0.010092395966769252,0.009822564154257862,0.009819893542454161,0.009792711681611999,0.00974483807143156,0.009561480607850004,0.00953642035443203,0.009349555655547959,0.009127911983513703,0.009108354984724176,0.009082159932696232,0.008864567311137939
null,null_nonparam,gauss,8000,2,,900031,k2,quadratic,0.05,99,0.04014205185107254,0.1736910657179066,0.14775046269268646,0.14521711043035,0.136867691884059,0.1346650971346736,0.13285228330456292,0.12555305954958054,0.12310141890965026,0.11858800000833186,0.11698945074970489,0.11555731760724561,0.11259021085063999,0.11250850779750819,0.10881891111393414,0.10289162477937856,0.09809559816469222,0.09805685486331445,0.09772451343263218,0.09765041524663949,0.09426495607731493
null,null_nonparam,gauss,8000,2,,900032,k1,linear,0.05,99,0.006621515485937812,0.020370918526831594,0.018891286157329712,0.013195304221469528,0.012747795151405006,0.012691622511835199,0.012570111963317032,0.012078217124830481,0.011982146640845293,0.011830972453822919,0.011083224354673904,0.011030758713503785,0.011014184966977814,0.01096279637433395,0.010111777996364313,0.009746806054421353,0.009725912847796114,0.009698053418488173,0.009606400390941516,0.009574374679880093,0.009408846465305598
null,null_nonparam,gauss,8000,2,,900032,k2,linear,0.05,99,0.08744238104403639,0.23558110092108547,0.16064069705780293,0.15454557053378606,0.1477289861222442,0.1308518872752008,0.12764392716260584,0.12706663942606794,0.12577268837783523,0.12041495858084171,0.11708930473453617,0.11573006598057581,0.1097216702472209,0.10895630486283663,0.10842118360307193,0.10643856944536734,0.10632136778865695,0.10584406012321672,0.10337811982724886,0.10292080861110144,0.10186082607142571
null,null_nonparam,gauss,8000,2,,900032,k1,quadratic,0.05,99,0.006830882058627363,0.015334039825955048,0.014073928273162783,0.012596487784120591,0.012315172039446876,0.011807333854686464,0.011272040340475797,0.010876619515360786,0.01073131467801458,0.010706078294784871,0.010597651086034054,0.01033541963821194,0.010086464668779493,0.010028521850276806,0.009512144168617898,0.009468224804106584,0.009300277299499893,0.00879904662673714,0.008653514269369667,0.008625663211059065,0.008357764813488489
null,null_nonparam,gauss,8000,2,,900032,k2,quadratic,0.05,99,0.08896630666965001,0.19199045912258453,0.15586508242742306,0.137205331769438,0.13430455467907945,0.12615292828454058,0.12417717083854023,0.11857733524930514,0.11578519231545034,0.1126949701024598,0.1096019278780972,0.1081064525566466,0.10784017615659748,0.10758892340076459,0.10529921781134574,0.09963802416125941,0.0948663475958226,0.09477347232203152,0.09397900550247294,0.09227382283523435,0.09119075944236604
null,null_nonparam,gauss,8000,2,,900033,k1,linear,0.05,99,0.004154634053772366,0.014717938729311153,0.01352267788589434,0.013344216945119336,0.012749725007688673,0.011540396398871167,0.011277736490980406,0.010952616406453508,0.010903442951843867,0.009750231120431607,0.009680225443118418,0.0096780798109809,0.009595612144963406,0.009514645703346258,0.009473454388709168,0.009329779397592386,0.009275563453668978,0.009213160058281877,0.009079834474444382,0.008247552478219955,0.008222980500747656
null,null_nonparam,gauss,8000,2,,900033,k2,linear,0.05,99,0.037268793063202035,0.18388195607052107,0.16076083419809903,0.14604133270231054,0.13955919358856614,0.13019940831421548,0.12457125361865887,0.11789009284532305,0.11423804998467649,0.1139769749314118,0.10958380569439467,0.10840706861858879,0.10671187922607997,0.10437347628451502,0.09497963027431527,0.09497187930889532,0.09358254964162176,0.09212658662534144,0.0916970699246775,0.09023861110385464,0.08681829622908759
null,null_nonparam,gauss,8000,2,,900033,k1,quadratic,0.05,99,0.004142798958003624,0.01456567558398325,0.012590590735144236,0.011520795006870976,0.01124807231037539,0.01080564868496603,0.01032010593678645,0.010306962511864803,0.010014040290607373,0.009896133322801037,0.009772254269904801,0.00967162239578434,0.009557705536597738,0.009524132586811285,0.009370921637144258,0.00934188070745201,0.009291424245044588,0.009106059810185863,0.00888406250563012,0.008777052539155061,0.008485742087730563
null,null_nonparam,gauss,8000,2,,900033,k2,quadratic,0.05,99,0.03496573271416008,0.1671400327689873,0.12985068921005466,0.12708237896464064,0.11585123533560664,0.10287320860125872,0.10161353679980718,0.1003004931176253,0.09880140623713982,0.09800429851266837,0.09469302461326394,0.09189208517460923,0.09056172474343725,0.08984418624761967,0.08832302785552387,0.0881374462567905,0.08722225412320027,0.08677694159718193,0.08629313872792277,0.0862355378241533,0.0856796757855054
null,null_nonparam,gauss,8000,2,,900034,k1,linear,0.05,99,0.004253066252044024,0.018399398886211782,0.016171938396595698,0.01458693237611608,0.014350961679109542,0.01418066169042076,0.01336161372621747,0.013294703897156146,0.012580068687701673,0.012543651854403981,0.011139637881065645,0.011064828011095096,0.010919826537626243,0.01071933893762933,0.010226700358274221,0.009883116967380645,0.009842786336243026,0.009704848651691078,0.009692725364392252,0.009495342438061494,0.009482056250818216
null,null_nonparam,gauss,8000,2,,900034,k2,linear,0.05,99,0.05347478869370364,0.21413850676388518,0.14955521200415778,0.1446798609983431,0.1383075967941731,0.13561293834353916,0.12879125058999988,0.12634670766704864,0.11780003190330651,0.11704822020667097,0.10599598636019611,0.10380482341682463,0.10240273640079599,0.10152325436891861,0.09836655105319668,0.09716981991427114,0.09708216229573759,0.0937898753536367,0.09255584462318396,0.09241436069286664,0.09231211540908905
null,null_nonparam,gauss,8000,2,,900034,k1,quadratic,0.05,99,0.004012480959145082,0.015525217397103552,0.015330388188394939,0.013741032838832212,0.013495332178904085,0.013095180113988136,0.013045389024760712,0.012944507807225447,0.011887223160592764,0.011810774921835465,0.011642731084818836,0.011322734978316373,0.01132055758452355,0.01129371056789541,0.01123651535193837,0.010756362068059633,0.010492745108442225,0.010295698044668455,0.00978747454549489,0.009723209396361399,0.009674001388817133
null,null_nonparam,gauss,8000,2,,900034,k2,quadratic,0.05,99,0.06198863730442338,0.17803602324381906,0.16876949929311125,0.15195924803986996,0.13162155033162443,0.13131550651413615,0.11796948724404452,0.1120239084714682,0.11051073725709706,0.1074500067714883,0.10683386002956614,0.10536313367559703,0.1015193616562395,0.1007811093898668,0.09694266709171767,0.09527124058874137,0.09309844580893058,0.0922327759332325,0.09161770551114022,0.09149085435006499,0.09077312595372197
null,null_nonparam,gauss,8000,2,,900035,k1,linear,0.05,99,0.003821708606354668,0.015277878663342181,0.014582205853155839,0.014284023499718246,0.013818793609996827,0.013290303152644012,0.01319529697917754,0.01220109687891846,0.012090093872973107,0.011983585986878542,0.011474328284056812,0.011460606327723721,0.011302787619278387,0.010645128148769167,0.010491222824563717,0.010347580296472425,0.010218788384609545,0.010217450274799367,0.009960443239337535,0.009765323383918445,0.00966346503160731
null,null_nonparam,gauss,8000,2,,900035,k2,linear,0.05,99,0.035672573035108485,0.15848915461845128,0.14267829078078856,0.1323588518058657,0.12650348996667388,0.12066734280152366,0.11501722070444238,0.10940825031303394,0.10546800626691127,0.10237412979939335,0.10213564191733213,0.10103885088472643,0.1004878660365794,0.09861601080912857,0.0978316834858503,0.09450634111825125,0.09422148457010582,0.0940783160367576,0.09239813381886583,0.09123412507800885,0.09089024840022954
null,null_nonparam,gauss,8000,2,,900035,k1,quadratic,0.05,99,0.0038404496738942973,0.017888458356937642,0.013660965402730874,0.012568078284794115,0.012040790811865598,0.011520235823623604,0.011000900696755744,0.010933966268700357,0.010743584141350682,0.010294883854720327,0.010183195217364549,0.010089165249010823,0.00979685635341554,0.009304942477342593,0.009209802859638239,0.009099337838766042,0.008962461060202043,0.008925558055390193,0.008897915943967272,0.008818256888632359,0.008616515441928319
null,null_nonparam,gauss,8000,2,,900035,k2,quadratic,0.05,99,0.03908381082384301,0.13222307702554312,0.12496701795231747,0.1232770648346891,0.12237569699371321,0.11936289901874875,0.11717203944213136,0.11522303239950119,0.11519202114429393,0.10964857324271816,0.10612064396090781,0.10151742412630191,0.10147659771760904,0.10122379939801027,0.0983202679945885,0.09831538474280092,0.09828778568721537,0.09738041356436136,0.09338691744210559,0.09025793324037128,0.08913246480962835
null,null_nonparam,gauss,8000,2,,900036,k1,linear,0.05,99,0.0067654232145847315,0.013760811292928832,0.013463082767126155,0.013343787963657205,0.012320224950692182,0.011871936508797365,0.011855597814669383,0.011776019210229527,0.011508066806523054,0.011223926088129166,0.011154787551268308,0.011145257993861235,0.011075577447320462,0.010635638985720064,0.010147523667889402,0.010041060278799363,0.009980332174896578,0.009926578494338534,0.009913087017618838,0.009767560317018975,0.009740459257694734
null,null_nonparam,gauss,8000,2,,900036,k2,linear,0.05,99,0.043905778960800106,0.18896038645561342,0.16967944746075267,0.1560499317121267,0.13682515701824097,0.1361609815149435,0.12442266382408833,0.10702715739231357,0.1065028283853433,0.10579285237197635,0.1053813368412449,0.10395779946700431,0.10187539706899207,0.10124134759555899,0.0991955622143474,0.09840509798809438,0.09813621543642938,0.0958070356864199,0.0954569068871272,0.09447153477767153,0.09346271836324506
null,null_nonparam,gauss,8000,2,,900036,k1,quadratic,0.05,99,0.0067210078882868896,0.02025644586292119,0.013676537616534201,0.013280541002403945,0.01296887306880834,0.01295749866482343,0.01261356654598389,0.012140257891036121,0.011327462526658505,0.011151600181980581,0.010619776546716753,0.01041417211478135,0.010185717055350874,0.0101761287834784,0.010136199200684204,0.010129358445308934,0.009952778003031404,0.009894912488913832,0.009815491131923704,0.009611245920100875,0.009369343560981624
null,null_nonparam,gauss,8000,2,,900036,k2,quadratic,0.05,99,0.04456797970238192,0.12118931163137514,0.12065075598147797,0.11820759561418245,0.10674126699071998,0.10583736604227605,0.09834457838078137,0.0959008775272216,0.09415914713112802,0.09140597764199938,0.08934597664457301,0.08756524249988754,0.08629252871482863,0.08580799095654103,0.08575557191628579,0.0855643036116267,0.0839151135234144,0.0831439401030843,0.08170706485752083,0.08166119663172214,0.08153011327536745
null,null_nonparam,gauss,8000,2,,900037,k1,linear,0.05,99,0.005283501639562815,0.014055160225966978,0.011703077963524433,0.011526104571918716,0.011406382598402987,0.011363604490606138,0.011361125236479142,0.010761640150148133,0.010303833953712482,0.010287852970680023,0.010250881742521423,0.010212832746547496,0.0099858540924318,0.009909608972186623,0.00986456856815665,0.00963539661981938,0.009488632224803117,0.009478849114764154,0.009215204517173281,0.009167949919567042,0.00912533294209561
null,null_nonparam,gauss,8000,2,,900037,k2,linear,0.05,99,0.041476994074301984,0.19971615338599563,0.17423764556549898,0.16621497201695695,0.1386327033769278,0.13031272195078983,0.12839075767964914,0.12458214551735664,0.12122511200786679,0.11367773977033516,0.11284878070560272,0.11106204841490502,0.10433877435935236,0.10338118054726102,0.09841924120633676,0.09734028055593422,0.09686493378858813,0.08981117074274023,0.08402077258819095,0.0834695005962299,0.0812675012464328
null,null_nonparam,gauss,8000,2,,900037,k1,quadratic,0.05,99,0.005231191328819218,0.014316179729590761,0.01287546187587263,0.012475537070075982,0.011461803876686827,0.011317999243809274,0.011144448151272135,0.011106715540929124,0.010465187063702586,0.010008188836711618,0.0099954390434418,0.009955911495620584,0.009954118476322105,0.009935566225167891,0.009879823047410086,0.00933317090916963,0.00906066865827293,0.008873600382891533,0.008812843660814473,0.008776125932567824,0.00875441362160212
null,null_nonparam,gauss,8000,2,,900037,k2,quadratic,0.05,99,0.03890618854050694,0.2041943867104099,0.17475027564792733,0.13238439154334214,0.12661082593833364,0.12242445911167052,0.12144446726647384,0.11545182078802847,0.11464266069425161,0.10885017677191601,0.10687392253510249,0.10642895074221888,0.10501323636009731,0.09838535645284463,0.09781778672299923,0.09727944786492208,0.09595243220198069,0.09536481682213895,0.0949253307091478,0.09468905868494999,0.09432114224430876
null,null_nonparam,gauss,8000,2,,900038,k1,linear,0.05,99,0.005569079413351163,0.01413290060109218,0.013758739048459478,0.01334507772128335,0.013179826582011778,0.01240506376267314,0.012224223936468714,0.012154534103247516,0.01184291049172026,0.010606189121864174,0.010555037204856066,0.010430419415809578,0.010370721099759117,0.009948813040037474,0.00985814335989621,0.00985591040267364,0.009728954997918371,0.009395454054279329,0.009281481444390005,0.009264709479695932,0.009148421388273209
null,null_nonparam,gauss,8000,2,,900038,k2,linear,0.05,99,0.05430758563851228,0.12950206080745347,0.12218080908625915,0.1203895786440012,0.11636696754295425,0.11515272433595097,0.10012518842361205,0.09800630082366664,0.09698269560283788,0.09505184021228437,0.09428023779644536,0.09343338409039097,0.09167762977730728,0.09112583128694372,0.08936188937622887,0.08775520696314769,0.08651304621953272,0.08609485994683642,0.08343504871845038,0.08324289684597634,0.08321231256209737
null,null_nonparam,gauss,8000,2,,900038,k1,quadratic,0.05,99,0.005855017453748612,0.015249792321138878,0.014039590566463978,0.013331341570598676,0.012552744699675933,0.012431954164718761,0.011883707419529932,0.011793100978449322,0.011487314581773878,0.01131756909765358,0.011079328178170922,0.010840011703010632,0.010764837830877894,0.010326493500516731,0.010234150388569896,0.010211205200094331,0.010188793640012683,0.009935785384489138,0.009506436540898222,0.009319937550918977,0.009309041858253875
null,null_nonparam,gauss,8000,2,,900038,k2,quadratic,0.05,99,0.061365045230831756,0.17813075364503247,0.17530699218477688,0.13328080739492668,0.12964640905836047,0.11791202570071083,0.11025635063590525,0.10975062657656641,0.10762650157134791,0.10455394584877038,0.1036884697894964,0.10021040059710572,0.09909527223320963,0.0959325735326876,0.09384033639166399,0.09274265130177202,0.0922939928270507,0.09209875272286716,0.09078311030922744,0.08978781755080134,0.0891761714441487
null,null_nonparam,gauss,8000,2,,900039,k1,linear,0.05,99,0.006031919100703109,0.017827520749626125,0.016720446128585142,0.016163064120209403,0.01562532301001296,0.01472112763018385,0.013366370173682918,0.012118953494091866,0.012076549246406665,0.01207089502299219,0.011480201392737421,0.011238461147802803,0.011171311092712077,0.010997758047016859,0.010865588491852929,0.010838061671972099,0.010802715117453232,0.010539531780870193,0.01005081254667406,0.009999272303814477,0.009719572362919537
null,null_nonparam,gauss,8000,2,,900039,k2,linear,0.05,99,0.07532701192580829,0.17022524287572394,0.1538244921891421,0.1515013902964627,0.14150792775217086,0.11987296155863938,0.11946597795832482,0.11369334472903168,0.10433119306978872,0.0965453904269386,0.09395922029138898,0.09151581975822914,0.09140668943428935,0.09025793237846332,0.08499233215425567,0.0844944354537712,0.08309610970926952,0.0825117341005572,0.08247102002731319,0.08232749689147364,0.08153912248342951
null,null_nonparam,gauss,8000,2,,900039,k1,quadratic,0.05,99,0.006115118829921884,0.0167059184989109,0.016208871014198878,0.014719675178047509,0.014184679475310658,0.013912651313587765,0.013600488797650079,0.012685712295450347,0.011735068888351075,0.011600681095180088,0.010983713442641263,0.01081934317387323,0.010311673969949364,0.010262814976633394,0.01024388223375483,0.01014505255115783,0.009857112858050132,0.009846771094682683,0.00968153016371287,0.009593867458507876,0.009392163068173587
null,null_nonparam,gauss,8000,2,,900039,k2,quadratic,0.05,99,0.07732190000387626,0.1899932322896523,0.16214428239983802,0.1592994661154457,0.15638981688561684,0.1385489946262168,0.13123925084605167,0.12731188494208143,0.12726621985053757,0.12626482388764948,0.12475424035020038,0.12017646255307707,0.11850787990332455,0.11634480315934675,0.11172020898717916,0.1112144587143037,0.10467367027763287,0.10356671083630786,0.09968259004217961,0.09942894404643066,0.09710240284416137
null,null_nonparam,gauss,8000,2,,900040,k1,linear,0.05,99,0.004579526001422418,0.01584014900958608,0.015180725246821347,0.014443443910258869,0.014275647218246146,0.01408138092166844,0.013200103403454566,0.012914021841404888,0.012268916153860943,0.011881431275067023,0.011832566166234848,0.011832433253902153,0.011181191445616356,0.011100885406648664,0.010668775643764561,0.01049221083039642,0.01041350577628708,0.01040513229315021,0.010159048428935002,0.01006379542406688,0.009965535067633424
null,null_nonparam,gauss,8000,2,,900040,k2,linear,0.05,99,0.042246548682335336,0.13866886201885134,0.13813435130534168,0.13518328168837507,0.12995051782332237,0.1277078665354038,0.12699301015516015,0.12603748624150213,0.11887776097666837,0.11327537995975251,0.10838313021250975,0.10704175811309871,0.10270767890903366,0.10203924399888985,0.10146990683656419,0.10104861270758905,0.09996764127714904,0.09969524849052873,0.09540351735016595,0.09518675375282816,0.09023392137974169
null,null_nonparam,gauss,8000,2,,900040,k1,quadratic,0.05,99,0.004777895864767845,0.014881019149859398,0.01382270234971561,0.012943075133713955,0.0128525245580845,0.01223567716809948,0.012106665647013126,0.012092856864150625,0.01175902518076033,0.011437902781612275,0.011090351497806905,0.011033770969026135,0.010911855975432538,0.010761397821377083,0.010683034280543402,0.010484398661616101,0.010228113441425601,0.010030388965381665,0.009878028842612352,0.009710427955191836,0.009580393841944423
null,null_nonparam,gauss,8000,2,,900040,k2,quadratic,0.05,99,0.0426232991491444,0.1494546842368331,0.14136974248231415,0.13255096234303296,0.1306068308457793,0.12989157249665667,0.12156438838921502,0.12004695893267418,0.11673519516637383,0.1133332310811143,0.11330917500965781,0.11321420166936803,0.11021089300988415,0.10238241945989343,0.10232765887386375,0.09986149412371544,0.09874781284708416,0.09848977369012622,0.09644078634140371,0.09571981343452209,0.09288833912543021
null,null_nonparam,gauss,8000,2,,900041,k1,linear,0.05,99,0.005055403719202101,0.017151673778734722,0.01537199970866443,0.014854057833509016,0.013907602838901467,0.013673170817543157,0.013585653133995845,0.013250475149309549,0.01235308984875505,0.012124947109042994,0.011904117721814322,0.011686945594304943,0.011439631116647031,0.011306633197631144,0.010629448738538438,0.010534016673584334,0.010217026246582828,0.010131387957325377,0.009871836948190826,0.009849380363716964,0.009791364152515247
null,null_nonparam,gauss,8000,2,,900041,k2,linear,0.05,99,0.04996755790873581,0.13284367292219093,0.13120645213555662,0.13092847947345307,0.12257813322504117,0.11874472792064777,0.11742876756940125,0.1118128755564076,0.11080216209493897,0.10929321847125503,0.10436893731526799,0.10355390061274544,0.1030206092801109,0.10235778968811547,0.10027151881737831,0.0994794731037827,0.09853567006160045,0.09763237754795218,0.09522290272511513,0.09424680022574361,0.09362776529263767
null,null_nonparam,gauss,8000,2,,900041,k1,quadratic,0.05,99,0.004880204703709867,0.013182862304419674,0.012457958431364324,0.012014046068352546,0.011482717394427189,0.01134806271184341,0.010997167256145635,0.010959712930945331,0.01070239603921519,0.010686371808341644,0.010615367587479718,0.010529873346119878,0.010233173423441988,0.010167795247109535,0.010135155722090117,0.010056060624666574,0.009915715818768045,0.009905758801856734,0.009795154962561448,0.009627685600183011,0.009613149521812914
null,null_nonparam,gauss,8000,2,,900041,k2,quadratic,0.05,99,0.04663804476572282,0.2254174896349469,0.18195477983884598,0.15777257525805424,0.13688476937628882,0.13447245757415804,0.11572435075608828,0.11048293286972294,0.10986722253377935,0.10649487764359485,0.10557021372863547,0.10372965151015386,0.10200701671458176,0.09846209271414336,0.09780912945664474,0.09249278572511206,0.09095240622295493,0.08974042000964325,0.0897362096828787,0.08821124180591014,0.08753717625319729
null,null_nonparam,gauss,8000,2,,900042,k1,linear,0.05,99,0.003611581066185532,0.014723134183313835,0.014344127066335144,0.013751791387206058,0.012990654163659743,0.01286730217520149,0.012243911521079842,0.012120443164622907,0.011531216235269093,0.01148336717184395,0.011387880034953057,0.011235189829848946,0.01109589706173364,0.010857672370852889,0.010833836474667069,0.01072776239990647,0.01062368726725671,0.010328916148495737,0.010202308710122399,0.010166785259448252,0.010165977562797246
null,null_nonparam,gauss,8000,2,,900042,k2,linear,0.05,99,0.07385094402703048,0.13468020848634504,0.12932158487862455,0.12608776884065057,0.12595303491562598,0.12401428442849537,0.12017929465362338,0.1184606590602829,0.11820513377950831,0.11685120810354446,0.11381548389663015,0.11139775361279564,0.10719288809708916,0.10589364417699462,0.10466250769725442,0.10241406577654427,0.09482990378031791,0.09287030118412452,0.09169653519146417,0.08984037706196807,0.08802396637134406
null,null_nonparam,gauss,8000,2,,900042,k1,quadratic,0.05,99,0.003778987662981237,0.016626544530114917,0.014007215419778563,0.013927987230484495,0.013665204241468665,0.012765948441332942,0.012581116883474186,0.01235001286460835,0.01229531535915962,0.011824021882089975,0.01174386995352017,0.011584316357800661,0.01148485576507352,0.01089917165743537,0.010573219128580336,0.01044785908842183,0.009953813543508772,0.009866403173819815,0.009675918588167187,0.00966352027501971,0.009090612618575578
null,null_nonparam,gauss,8000,2,,900042,k2,quadratic,0.05,99,0.07536047525228926,0.15294255719837876,0.14158523340758933,0.13352281797211984,0.12822627059076336,0.12089566786789414,0.11150336714347531,0.1106930759755981,0.10313488598698271,0.10288717541193941,0.10110858811598525,0.10097940032896811,0.09937379179447746,0.0974850240336568,0.09571293615673716,0.09281210332130059,0.09136820747727947,0.09049334293305664,0.08922980696216133,0.0890906396307554,0.088778353227326
null,null_nonparam,gauss,8000,2,,900043,k1,linear,0.05,99,0.004093529605243784,0.015251015945510149,0.012722869242358104,0.011597510147480228,0.011580203506464826,0.011473293162798104,0.011073881501328375,0.01082318943604843,0.010308818533596997,0.010100662649920156,0.009559484611243896,0.009479497634300893,0.0094407086884436,0.009393157134420127,0.009299622154177234,0.009126304659362039,0.009101683785097348,0.009068412151060357,0.009053554057078195,0.00889382101597358,0.008891051835370423
null,null_nonparam,gauss,8000,2,,900043,k2,linear,0.05,99,0.03801952921627896,0.17988905070634778,0.1719265718031268,0.14982431715316225,0.14546913279658347,0.11932871846446153,0.11734989037944225,0.11674702234121474,0.11014568796228001,0.10569284840274171,0.1056680356308686,0.10281393052987739,0.10168611086961131,0.1006827158155161,0.09729688060699236,0.09705552752104946,0.09638841018374117,0.09271350612434474,0.0919489193515035,0.09096947284123359,0.09084140151264412
null,null_nonparam,gauss,8000,2,,900043,k1,quadratic,0.05,99,0.004049095821389237,0.017470568947187348,0.01529709595897022,0.013984487350950259,0.01393194134976572,0.01374413858733603,0.0129105391977139,0.012854510244111439,0.012736379655309382,0.012725191197874075,0.012371091278610358,0.012008165169537621,0.012000760854706138,0.011462468100020495,0.011157292404992414,0.010987155616051902,0.010978356842483827,0.010724533600574016,0.010567514945384104,0.010248412900892512,0.009980319586919029
null,null_nonparam,gauss,8000,2,,900043,k2,quadratic,0.05,99,0.04379837745556929,0.1935416024549341,0.14179312660935384,0.13818259669765912,0.13378810230747457,0.13266392191305773,0.12928680722766495,0.12346583801948341,0.12270066051740305,0.12134175411493335,0.11850510358472555,0.1168996408807912,0.11632018244098538,0.115595068408107,0.11409379014535594,0.1132330330961643,0.11155286188703076,0.10972758877291951,0.10921500566754953,0.10742574828671413,0.10325618548190094
null,null_nonparam,gauss,8000,2,,900044,k1,linear,0.05,99,0.004635264981525999,0.014390951752775272,0.012787003892682391,0.012350714642306526,0.011788798655141486,0.011098627118690696,0.01083620321046086,0.010501494011211365,0.010228227160182901,0.010215401456847184,0.009981844172492038,0.009954072456665353,0.009743851449321661,0.009685903160042142,0.009671232783102446,0.009663647763608063,0.009557059787280053,0.009543761940997153,0.009335493330215217,0.009310085931877099,0.009307104696443247
null,null_nonparam,gauss,8000,2,,900044,k2,linear,0.05,99,0.0628884676545813,0.21370452301204895,0.16934394315903153,0.13808828639195248,0.12013990327525619,0.11190752951675194,0.1084733521879973,0.10618242097888687,0.10586087491541112,0.10345505282061113,0.09770490400395895,0.09712509315428135,0.09693124066492069,0.09208381678075661,0.09194169697202216,0.09088694040817134,0.09015772749438285,0.08890269834572563,0.08766756615878693,0.0872538179171103,0.08673235976781175
null,null_nonparam,gauss,8000,2,,900044,k1,quadratic,0.05,99,0.004706638549886177,0.013155726262012557,0.01239452334646629,0.012246249685194943,0.01148742326722052,0.011388321291125214,0.011200155238616505,0.010918772161677914,0.010803376278754606,0.01057310669827305,0.010561184436546411,0.01045741382883525,0.01044679886871458,0.010431173276279515,0.010270961439996285,0.009980779903066117,0.009935410660467214,0.009455953519596494,0.009352820814748308,0.009110159548793573,0.008989573675197926
null,null_nonparam,gauss,8000,2,,900044,k2,quadratic,0.05,99,0.06314409031641836,0.2013059243927259,0.15427952855587462,0.14752875413655417,0.1334455104419823,0.13024057409401407,0.12484229898295879,0.12332254860819196,0.12244368143419933,0.11970734206659835,0.11343857529138471,0.10986995698144905,0.10012958934072014,0.0987269844160134,0.09757490087159408,0.09514228603078943,0.09434352100867716,0.0931860059391953,0.09272773654346615,0.08886074884228998,0.08620139891551326
null,null_nonparam,gauss,8000,2,,900045,k1,linear,0.05,99,0.005241762468759514,0.012941156960442624,0.01275742796077639,0.012331638609747508,0.012172914505102495,0.012005101609495639,0.011996781547089608,0.01182692721050449,0.011546776793955882,0.011253648312985032,0.011044723450177374,0.010389662173628689,0.01038621294854114,0.0102253616834026,0.01016916035059523,0.010028758907831614,0.01001880082033213,0.009742122510711715,0.009459949719246241,0.009315132148182026,0.0092927551392602
null,null_nonparam,gauss,8000,2,,900045,k2,linear,0.05,99,0.042815481082408895,0.1562871990875725,0.13649889257027747,0.1309272349718778,0.12914136629662895,0.12719213458587936,0.1251958611464215,0.1242599351058544,0.12112172108904913,0.11521438664383736,0.11037236437546068,0.10406576081705628,0.10153617740827542,0.09560853676645568,0.09339196483641253,0.09286819470167473,0.09238660993058057,0.09164129531296288,0.09121284520973738,0.09114459080692076,0.0909665646260697
null,null_nonparam,gauss,8000,2,,900045,k1,quadratic,0.05,99,0.005242395369316588,0.014470112044016492,0.01383134361641769,0.013390354527979875,0.013343159233666801,0.013158202207601222,0.012274372599592853,0.012229383198782529,0.011915793736538949,0.011869240655001168,0.011489570299783036,0.011488914431756814,0.011449538904995893,0.011340361144580813,0.011202141454737413,0.010670685484763132,0.010476229450174568,0.010276476647350874,0.010264884050028122,0.010257895995922528,0.010137744607432775
null,null_nonparam,gauss,8000,2,,900045,k2,quadratic,0.05,99,0.04331894287437258,0.1770560062407274,0.16838326758733888,0.15553911337663429,0.15077565754775848,0.1404872506131078,0.13547090072906046,0.12957969029272223,0.12313047913260437,0.12086379011253935,0.12016118240986111,0.11146383526385988,0.09726017197941882,0.09715177632347151,0.09640033562985575,0.09320298753604618,0.09157498745767978,0.09147289590486177,0.09041127662610576,0.09020462836845601,0.08910578784917472
null,null_nonparam,gauss,8000,2,,900046,k1,linear,0.05,99,0.004909083194291286,0.018999393623045147,0.016276458086025958,0.015455411805243346,0.01427701658592151,0.01276849236671107,0.012760361761370298,0.012199244340152848,0.01204341741478887,0.011952683539055986,0.011843951831090993,0.010447413814777873,0.010237533893916906,0.010235313705053595,0.010169467646388486,0.009845956695723634,0.009835274949219763,0.00979939910308747,0.00969053950071963,0.00963857348028374,0.009625981648307858
null,null_nonparam,gauss,8000,2,,900046,k2,linear,0.05,99,0.028927279560154857,0.18402266063263872,0.15784820695432797,0.13762224333952425,0.13558501448435234,0.1215983266487288,0.1213945570920787,0.11786865882568164,0.11197753578470802,0.11148337927691808,0.11093358432615161,0.10811490969278884,0.10562950142940052,0.10092357603541688,0.09997924293226244,0.0997575825783243,0.09772607181511318,0.09668316745126558,0.09628948630985558,0.09579799914891905,0.09387203395823615
null,null_nonparam,gauss,8000,2,,900046,k1,quadratic,0.05,99,0.004892453434487187,0.01427206669124148,0.012283477174329205,0.011951984437634344,0.011577298195853958,0.011460402554552385,0.011430882068235504,0.011153809391297287,0.010969217694148048,0.010794818962838515,0.01043659188829471,0.010415053689307396,0.010391242739976159,0.010342429224094785,0.010324643188637572,0.010228392833469546,0.010201742671926528,0.010188049995891069,0.010152180041831493,0.01012967740972004,0.010117411282385191
null,null_nonparam,gauss,8000,2,,900046,k2,quadratic,0.05,99,0.024494858743556586,0.16417536943384445,0.16228770250429017,0.13529335246859628,0.13134132112008742,0.12560034650897808,0.12487203944477412,0.12133583626539375,0.11774986688512457,0.11699228903613024,0.11110816474749674,0.11109489717668994,0.106848931899136,0.10667775561386036,0.10628903614578987,0.10426947264527399,0.10049172695550382,0.09637925976975222,0.09472667066980049,0.09201033441492619,0.09190917935467553
null,null_nonparam,gauss,8000,2,,900047,k1,linear,0.05,99,0.0037836093183036823,0.019078441972211646,0.013454666909249902,0.012732619036875392,0.01146159132473168,0.010846074275079332,0.010840789551754382,0.010472098642888339,0.010022469295751346,0.009864392152464263,0.009848622633559345,0.009805597746890937,0.009761917411806986,0.009637273385644907,0.009624238954741737,0.009602293266447792,0.009125506383076853,0.009102305286072587,0.009034416174382498,0.008903828548827764,0.00879707387612072
null,null_nonparam,gauss,8000,2,,900047,k2,linear,0.05,99,0.03252377875138255,0.1368057766288902,0.13675591776174867,0.12566243707878894,0.11951489525088492,0.11450151596158623,0.11426065526362371,0.11188429840989207,0.11122968546547701,0.10969087340489503,0.10704607085796047,0.10657294695634545,0.10589924267300133,0.10551169696141699,0.10434042337845274,0.10207753887674917,0.10192456101864876,0.10139950213529024,0.09951002119297024,0.09829875302626424,0.09789088242517267
null,null_nonparam,gauss,8000,2,,900047,k1,quadratic,0.05,99,0.0036562835886038147,0.017954857683707304,0.014005885126990192,0.01236757331738425,0.012018675037754556,0.012002779704332056,0.011795356131720114,0.011538156531130328,0.01153366795636257,0.01126481739056684,0.01041961280935888,0.010065879935661548,0.01002115772503187,0.00999502821720366,0.009690841176261511,0.009664258139525428,0.009589140703676002,0.00945097387819327,0.009410377892351107,0.0092776130298583,0.009162961923728896
null,null_nonparam,gauss,8000,2,,900047,k2,quadratic,0.05,99,0.031021401942104246,0.152598497236213,0.14996689387269144,0.13251778774007242,0.12556480237650158,0.1252626481473928,0.12303366540170362,0.10728774273199322,0.10688086906166,0.10408456358276132,0.09834228997072085,0.09690631267841449,0.0942369281687282,0.09410459332700404,0.09261592093800668,0.09156007605246966,0.0903683193359853,0.08874993551543585,0.08806210671769879,0.08789316669752267,0.08770103995018402
null,null_nonparam,gauss,8000,2,,900048,k1,linear,0.05,99,0.00279660680482241,0.013269629655672688,0.0125525905393018,0.011861275959261897,0.011669252897101856,0.011647666193331907,0.01150915578243683,0.011356217255449996,0.011197279539195915,0.011154837244405136,0.010728723737779444,0.010525644574818527,0.010367852873816141,0.010116721770606185,0.010108950816344553,0.01009152256420831,0.010079078745187764,0.010072983306873229,0.009728628567616804,0.009723846944875936,0.009550218640909103
null,null_nonparam,gauss,8000,2,,900048,k2,linear,0.05,99,0.030342067103961125,0.21045367629128076,0.15346836677399028,0.13361737617315705,0.1335528324325755,0.1248454499861949,0.11636477687947595,0.11442014367644525,0.11437115578010512,0.11218946516521829,0.11171534444978751,0.10419015519522172,0.09959927002310862,0.09938165681184936,0.09778682136471359,0.09402885974986867,0.09241752761392105,0.09211349041070402,0.09154527546344156,0.08790956610547629,0.08664754871561917
null,null_nonparam,gauss,8000,2,,900048,k1,quadratic,0.05,99,0.003038523048433661,0.0145204345119756,0.014288426863941495,0.013297583838842164,0.012811951456387805,0.012690492992172286,0.012330622260148583,0.012069497877860713,0.01176880395195734,0.01156768179405987,0.011277732275416952,0.010890105498651215,0.010621651211132122,0.010420059095047063,0.010140054699608547,0.010111663600323784,0.010110831887358618,0.009728923209723184,0.009597209355976077,0.009334867509420364,0.008915574248966385
null,null_nonparam,gauss,8000,2,,900048,k2,quadratic,0.05,99,0.03226976643305831,0.1767387398387113,0.16506698361987138,0.13264780850872035,0.13027061655992195,0.1299530739306382,0.12435679502702143,0.11961205096397964,0.11308000396744196,0.10980270555803226,0.10903543284423677,0.10599250374754714,0.1050370200892836,0.10043703985517126,0.09984234512275154,0.09973715049738209,0.09763923711167531,0.09749430375470322,0.09602159883527613,0.09296079536523347,0.0881007415933367
null,null_nonparam,gauss,8000,2,,900049,k1,linear,0.05,99,0.008238435573431513,0.014238512359776578,0.01350370837912962,0.01293020406492551,0.012549957739747097,0.01253588020569818,0.012441908384535516,0.012090082214077369,0.011972179571085206,0.01189047647388397,0.011715734401945843,0.011642832635976541,0.011622876161744844,0.011216038587899324,0.01118597146013911,0.010772337701760004,0.01053222674441312,0.010244286338983777,0.010240927150017676,0.01013178475434151,0.009978228240396625
null,null_nonparam,gauss,8000,2,,900049,k2,linear,0.05,99,0.041920740205786934,0.17439342757141135,0.164950589266867,0.1584786898076462,0.13058925974407598,0.12633456447271496,0.10965210850913183,0.10569677520348733,0.10426507928122852,0.10231835188517814,0.10056488839675909,0.10009816608497914,0.09939471230463272,0.09513642072500046,0.09450391791996673,0.09104009225017506,0.09064885102182799,0.08859103035133524,0.0881225167849624,0.08753393265220209,0.08618975334926682
null,null_nonparam,gauss,8000,2,,900049,k1,quadratic,0.05,99,0.008310633994163541,0.015794596965911234,0.013463023976866717,0.012871340425833488,0.012086410446824125,0.011791847514998732,0.011285563029695966,0.011184830611375318,0.010927988741902706,0.010911241387886572,0.010746842402975743,0.010329449760116516,0.010260676286678594,0.01008420212763994,0.00953288676658881,0.00927820409084712,0.009189655821296938,0.009167250951915284,0.009007276792635688,0.008943484592967788,0.008825252443073417
null,null_nonparam,gauss,8000,2,,900049,k2,quadratic,0.05,99,0.04026594260404412,0.16729503145278726,0.16215461478024215,0.15538017432805226,0.155003642785181,0.15472405862678598,0.14530421425382567,0.14323223439884533,0.1314006279813385,0.12586559433088795,0.12401525592301113,0.12359445669028747,0.12297450831896156,0.12295875884411007,0.12059118360221481,0.1156732741588124,0.11270439687355205,0.11253376068209661,0.10744820296167516,0.10168099703301137,0.10053779263306242
null,null_nonparam,gauss,8000,2,,900050,k1,linear,0.05,99,0.004157520354588495,0.01829207272635547,0.016973016270638963,0.015157303939683953,0.013394927670395074,0.011712005229506217,0.011553662392166597,0.011369514148193982,0.011135062014791641,0.01077665909332537,0.010740761720235192,0.010489888737515884,0.010070689931476418,0.010046838924851698,0.010044253071120335,0.009999242449609813,0.009907364395754237,0.009637069148936805,0.009594977571786956,0.00938721610674953,0.009265141450502612
null,null_nonparam,gauss,8000,2,,900050,k2,linear,0.05,99,0.053133933214368434,0.13256972316668778,0.1207068208668792,0.11840024484565187,0.1131479416629806,0.11120455638539459,0.10610542708654908,0.1040331059586975,0.10336369922427024,0.10333152369560182,0.10027964329489492,0.09781309309187855,0.09727018099633146,0.09706101540899019,0.09414804651276033,0.09410880779939147,0.09388999225163472,0.09381614683323532,0.09272173882561464,0.09002403901656408,0.0894403770353982
null,null_nonparam,gauss,8000,2,,900050,k1,quadratic,0.05,99,0.004140376973190363,0.017437285161238214,0.015908626758234123,0.015183252172195738,0.013183650325944263,0.01286323847090387,0.01277955586423929,0.011474382754413592,0.010735685323814192,0.01031909868951364,0.009798776065109815,0.00956160024786179,0.009353126183755722,0.009161183369409853,0.009116549609747948,0.008719197425865466,0.008689354073206257,0.008558247195341262,0.008526536326394996,0.008489397066110183,0.00838804298276008
null,null_nonparam,gauss,8000,2,,900050,k2,quadratic,0.05,99,0.045570556123688134,0.1765858946101535,0.15457161687385532,0.14165060234138918,0.13101926847251383,0.13060659451549958,0.12565632586815634,0.12318634886953252,0.11746206708044075,0.11077548560806691,0.10742611739575561,0.10635563744723317,0.1033159088568812,0.09969845489671726,0.0978490711486961,0.09613265352925472,0.09550402141375014,0.09433594450521342,0.09101427034796947,0.08693057115871144,0.08358178017092625
null,null_nonparam,gauss,8000,2,,900051,k1,linear,0.05,99,0.006518551306485931,0.01850212583282629,0.018297413258251738,0.016535918041044373,0.01630615894336973,0.013451181360469966,0.013386620295914864,0.01313756276011624,0.013020499424428067,0.012476283500768681,0.012297019988259938,0.01212978182450597,0.011827045664452251,0.011041787238901257,0.011035367503037796,0.010951573233468515,0.010938597175693676,0.010865585238797548,0.010828154826800107,0.010469431613446267,0.010451763693551275
null,null_nonparam,gauss,8000,2,,900051,k2,linear,0.05,99,0.05594272282399001,0.13769781284893426,0.13099657686277827,0.12282686554341671,0.11920448955340938,0.11645206220646924,0.11327728197154792,0.11197042189933853,0.1106984575766989,0.1093974606291135,0.10795862980284017,0.10753539725205277,0.10556966608394132,0.1050644351684145,0.10198673139288604,0.09317010384395273,0.09228604366020479,0.08755701494624436,0.08680581139150949,0.08375419778632255,0.08222280354123235
null,null_nonparam,gauss,8000,2,,900051,k1,quadratic,0.05,99,0.006498738265607096,0.017189497429822453,0.012938686375453146,0.01277467965161172,0.012219896136132724,0.011696710127639287,0.011691528162845577,0.011266899358980287,0.011042885331825403,0.011033271482729923,0.010746020537047207,0.010712139653691888,0.010524378063270667,0.01032406470881031,0.010261970058802583,0.010231206379371582,0.010208120285778444,0.010192475074302765,0.010055229273095323,0.009872092983202685,0.009671034330354433
null,null_nonparam,gauss,8000,2,,900051,k2,quadratic,0.05,99,0.04313816196706948,0.24683886788811366,0.1896594861936996,0.17962246319482209,0.17338908667748146,0.156583565090609,0.1375541907377833,0.12989157767952753,0.12152268133707182,0.11668252484033571,0.11307305793750833,0.11199058858396807,0.10402049961179585,0.10196982801792605,0.10169546054703507,0.1003018348453573,0.09835762726559583,0.09790826968493764,0.09691436381300013,0.09493829022716935,0.09397727934588528
null,null_nonparam,gauss,8000,2,,900052,k1,linear,0.05,99,0.005297363448953152,0.015319351476245968,0.014172925470526732,0.013863194127437639,0.012372165502823385,0.01215367190831973,0.011733114299735559,0.011235145605929642,0.011020443023151527,0.01097200307629742,0.01073009304775363,0.010576446144454188,0.01036700556000869,0.009969476792224152,0.009932449373578733,0.009673653641298019,0.00957342547281037,0.009322783532764722,0.009112382796911733,0.008939737283676252,0.00893673301916631
null,null_nonparam,gauss,8000,2,,900052,k2,linear,0.05,99,0.040354222218678085,0.20325515736326277,0.16833606953591124,0.16079932594009322,0.14362774513976487,0.143391889650763,0.1412450373496037,0.12955816757547886,0.12928685473930912,0.12652310287864243,0.11960044819411668,0.118885017455727,0.11772011997253529,0.11684668465856697,0.11653618525724295,0.1152284794610135,0.11387416072824666,0.11013726210019369,0.1066506105263627,0.10522829771315717,0.10458303131854625
null,null_nonparam,gauss,8000,2,,900052,k1,quadratic,0.05,99,0.005250831325704253,0.014552695979685115,0.014389383475682416,0.013535396269032218,0.012618817616866118,0.01233228288992505,0.012246419259518415,0.012200108697019485,0.01157713923858339,0.011377587589292637,0.011007597888662124,0.010816073702875184,0.010794260735520589,0.010376369249125106,0.010219753435489642,0.009771457866657673,0.009466162215440055,0.009366341654781452,0.009082925319363944,0.00898751252886143,0.008926966429615879
null,null_nonparam,gauss,8000,2,,900052,k2,quadratic,0.05,99,0.03631925468943668,0.16649479705887751,0.16443788980435653,0.1401852902070259,0.13624814139280705,0.1325189229309713,0.1291769019034839,0.1248626861574579,0.12358147460406889,0.10492765971723024,0.10144990916772657,0.10134849313262552,0.10102633978907752,0.09622795913425504,0.09573002822681793,0.09421151934298062,0.08926402316106805,0.0892053336260436,0.08578942597101946,0.08561194610162771,0.08530082347075821
null,null_nonparam,gauss,8000,2,,900053,k1,linear,0.05,99,0.003019946041553645,0.016618971538596372,0.015145582774989008,0.013822339616928803,0.013717617774109514,0.0128976500410386,0.012158469087245938,0.011174536876054297,0.010759597936897403,0.010563873602740692,0.010558210982593463,0.010401016109818029,0.00967941145065998,0.009675620647804029,0.00955320414434957,0.009538983107029941,0.009391305627860835,0.008990761618222098,0.008819838044656358,0.008744817627403867,0.008644715690767635
null,null_nonparam,gauss,8000,2,,900053,k2,linear,0.05,99,0.03906388365100384,0.17315858190259945,0.17061465160944078,0.14219908308768292,0.14105772974954267,0.1338703776014592,0.12518967047108379,0.12462156430854004,0.11239432971679378,0.11122717617387096,0.11092584820534562,0.10714426171944964,0.10297465645794297,0.09940159193288203,0.0985933227628323,0.09745882690323819,0.09494062641004451,0.09441096739838259,0.09061009165986388,0.08753188317443672,0.08734339112894199
null,null_nonparam,gauss,8000,2,,900053,k1,quadratic,0.05,99,0.0030086536472503367,0.013619130741067575,0.012590425199550781,0.012554558660038406,0.012322644801238902,0.012278578646289673,0.012012683215941622,0.011967037925701973,0.011925287870971135,0.011688167134807026,0.011481301456777171,0.01146772186789946,0.011268111594657348,0.010767897948826044,0.010684783801420239,0.01020879108662942,0.01010755007410924,0.010076607900810108,0.010054402465909718,0.009933265544906145,0.009814005193410802
null,null_nonparam,gauss,8000,2,,900053,k2,quadratic,0.05,99,0.034585051204067845,0.15111438669472846,0.13044026577641643,0.1301963853898638,0.12997598552062428,0.12281529156475679,0.11986047939058597,0.1136188605580052,0.10948722673543641,0.10636279740051356,0.10609289025081434,0.10369877132443428,0.10014535762426605,0.09795571767661701,0.09590193993092425,0.09585595975055304,0.09443975445784117,0.0921539694432404,0.09137569252932096,0.09105537432559131,0.09057607154414657
null,null_nonparam,gauss,8000,2,,900054,k1,linear,0.05,99,0.0035552623918796433,0.01345696947936914,0.012167980619477547,0.011968462368185606,0.0118984086755064,0.011616041307257685,0.011496180830069758,0.011425420311695356,0.011390768158794584,0.011371546750577832,0.011084273152786706,0.010925941678597617,0.010866214123225748,0.010703574473301503,0.010312843868077959,0.01025405268578028,0.010094932323263528,0.010064355246996226,0.009890185600992862,0.009761557532647624,0.009660674821091342
null,null_nonparam,gauss,8000,2,,900054,k2,linear,0.05,99,0.08648947207688876,0.19856517507510094,0.19390123252376074,0.19072608393747448,0.1261019529384571,0.11618178486652973,0.11569709814788624,0.11424491817026323,0.11395684627852967,0.1085593673606463,0.10641739707676048,0.10250379123549157,0.09952862371094166,0.09776598445336852,0.09723048331684651,0.09617437247451181,0.09324084308579805,0.08981413498792261,0.08911835043895218,0.08832093724662626,0.08621438269665503
null,null_nonparam,gauss,8000,2,,900054,k1,quadratic,0.05,99,0.003635252057892724,0.014678813243859778,0.013925867153089633,0.013669793024912558,0.0133441645233775,0.013217439917469154,0.012568716322742146,0.012438030175149883,0.01169576058349342,0.011550220934161248,0.010817980268947758,0.010785372020653217,0.010688578739166954,0.010466448710630516,0.010190850422641007,0.010188111813039802,0.009268128323841829,0.009235620433699188,0.009142388696565473,0.009142282604292284,0.00910962572634233
null,null_nonparam,gauss,8000,2,,900054,k2,quadratic,0.05,99,0.08080240950859147,0.15128620070936483,0.1435980289520461,0.13988951938687744,0.12395332790187451,0.1184504825536873,0.11708515004117673,0.11388274186955698,0.11133799664278576,0.10811708703782398,0.10810234631763765,0.10762792406015774,0.10686932168086632,0.10533687943582522,0.10408738719300052,0.09363185316736225,0.0921023279247715,0.0882686863733094,0.08659090372965973,0.08657212719490164,0.08441845564713972
null,null_nonparam,gauss,8000,2,,900055,k1,linear,0.05,99,0.005222465086148875,0.015057273352477085,0.013138094474752449,0.012814596675503442,0.011927511930430401,0.011504920074635994,0.011027058827218439,0.011010682556737317,0.010408146709500299,0.010229188962924352,0.010028745193420452,0.009981594501262014,0.009958268037234097,0.009807142904339927,0.009776756651774021,0.009622805753908281,0.009601029111813597,0.009573945359747427,0.009518346904659247,0.00932020992336502,0.009275194211938453
null,null_nonparam,gauss,8000,2,,900055,k2,linear,0.05,99,0.05700517108808085,0.20533231163445267,0.1366860483017586,0.13399684349536997,0.12951661407764115,0.1263891083993686,0.12458948855270682,0.1239637469189928,0.12370469380963713,0.11555940287452605,0.11522967157025969,0.11516047894904291,0.11439032020842584,0.10822829908635045,0.10755793049285353,0.10701580182532307,0.0993149417393164,0.09785680117041126,0.09707547959239188,0.09620047839866502,0.09296108329820647
null,null_nonparam,gauss,8000,2,,900055,k1,quadratic,0.05,99,0.005013135647122247,0.015410417269579035,0.014207824365245258,0.01393758259880995,0.012814389377919455,0.012774554938092875,0.012721861316440708,0.012721401550981781,0.012118361731327076,0.012026194654105815,0.011541870567157941,0.011188698065696667,0.010987695799222874,0.010515343710761016,0.010376957498343664,0.010361903521334037,0.010285312726654894,0.010119953543644478,0.009883709596927526,0.00948011429542528,0.009287713196331815
null,null_nonparam,gauss,8000,2,,900055,k2,quadratic,0.05,99,0.056424189606148825,0.14771690731211623,0.1404017141037073,0.1368036942911119,0.12430533838811701,0.11696131392357108,0.11457127838629562,0.11362746591617566,0.10600556491580446,0.10401880256921286,0.10212549049192261,0.09833770977667562,0.09799974014847293,0.09750201044464513,0.0972675831064808,0.09656920594796943,0.09578268337035402,0.09558293082751398,0.09556491690764833,0.0918997774201932,0.09082101230947197
null,null_nonparam,gauss,8000,2,,900056,k1,linear,0.05,99,0.004771594908155707,0.01336005629833692,0.013246202430487353,0.013045640286679205,0.012716793699553586,0.01221108243588287,0.011916247591169049,0.011483433470806603,0.011226531490651448,0.010917690841475536,0.010864838809372834,0.010459993043144267,0.010445976758656883,0.010219098311546437,0.009855324464872361,0.009845891304999133,0.009745650484648927,0.009734079678748286,0.009713912512844147,0.0097066031626869,0.009681079764777722
null,null_nonparam,gauss,8000,2,,900056,k2,linear,0.05,99,0.04648242014942198,0.15328539957186457,0.15174011435104853,0.1390722320818923,0.13298491042298238,0.12799919632753456,0.12700935957489437,0.1250901814646761,0.12146152788885452,0.11954113445199666,0.11824435886188057,0.11738459968321162,0.11639348762334636,0.11597442675691641,0.1148891748040406,0.10035365846194097,0.09272204208681131,0.08910844049845493,0.0884210497813933,0.08824763986473214,0.0881119268767308
null,null_nonparam,gauss,8000,2,,900056,k1,quadratic,0.05,99,0.00489992450523169,0.01420184438970229,0.013474766965417717,0.012509100564441544,0.01223743965366697,0.011924477511856657,0.011721691494432918,0.011634503373629701,0.011143282875736404,0.010803678991492816,0.01035986357373142,0.010355805570556376,0.010336102424458371,0.010333141256366196,0.01023641173336809,0.010125550047966891,0.010066075922593454,0.009657344009063817,0.009559399310664629,0.009511662406162191,0.009488321350755391
null,null_nonparam,gauss,8000,2,,900056,k2,quadratic,0.05,99,0.05222118930150755,0.14238587207748635,0.12852426876736994,0.12436707954373652,0.11918194312744777,0.11311343043041573,0.11206056510635973,0.10934837996661069,0.1040210633781937,0.09954593839649079,0.09742765603724612,0.09525936399217111,0.09489645633969847,0.09290910450742312,0.09194895546097684,0.09078438776880915,0.08815770985245237,0.08418154405695227,0.08383535121115901,0.08276895484811243,0.08149102934741244
null,null_nonparam,gauss,8000,2,,900057,k1,linear,0.05,99,0.005420945981133407,0.014762684357794598,0.014693225802668963,0.014452660011569751,0.01357817102406289,0.013568972967481052,0.013173196066089576,0.012843339430949174,0.012758407942316752,0.01258660940400913,0.012490676276178392,0.011155632331454113,0.010916354389919336,0.010799222043638146,0.010730827939814613,0.010680391575761505,0.010437090933752335,0.0102739461498641,0.0102004249110893,0.009813849299525668,0.009208692151370768
null,null_nonparam,gauss,8000,2,,900057,k2,linear,0.05,99,0.03492058170523012,0.15329953802319707,0.13615578202549025,0.12194237295104776,0.1172988914449306,0.11696936234113,0.11551266078213472,0.1058653310168247,0.10529489334292777,0.10342769402704678,0.10154108954616631,0.09487419884449204,0.09476165838070147,0.09273989216726615,0.09107941635763425,0.08576262406931241,0.08519359820952839,0.08504763080424607,0.08377546738817661,0.08277151826017554,0.07979429671191864
null,null_nonparam,gauss,8000,2,,900057,k1,quadratic,0.05,99,0.005488110725049622,0.014365799600356888,0.01423621921246343,0.012442272058368564,0.012343947595669813,0.012152150759301428,0.0114836613306053,0.011217320247216778,0.011125532401523586,0.011066522398368694,0.01044394505074131,0.010328491702638498,0.010114487349810242,0.010079685059001697,0.010008196918260603,0.00997476752694093,0.009724982786338932,0.009610928540779828,0.009609265631926656,0.00960680389857027,0.009501510653620926
null,null_nonparam,gauss,8000,2,,900057,k2,quadratic,0.05,99,0.0326638372300193,0.18934262163612856,0.12772384564227895,0.12437364637253057,0.1231270195105638,0.11792954601753156,0.11422571362245826,0.11318596237157258,0.10974910740417736,0.10467481730304302,0.10206371056442186,0.10037972803821285,0.10027290922535709,0.09931700456450236,0.09872597154753318,0.09840123568210134,0.09602361458537916,0.09552844790712763,0.09368166645456111,0.09199061651818644,0.09182958660480975
null,null_nonparam,gauss,8000,2,,900058,k1,linear,0.05,99,0.0029764717435035726,0.012628090554048232,0.012142765169975811,0.011147637784045261,0.01109240734385153,0.010766843366270762,0.010696720863266118,0.01026026096177457,0.010232747745585247,0.010216385569683295,0.009976236727004983,0.009938531308204657,0.009649301899924634,0.009355406775354291,0.009351675207761367,0.008892449346763698,0.00885363422993779,0.008750323754826761,0.008750186244153801,0.008739526252747432,0.008723045583050593
null,null_nonparam,gauss,8000,2,,900058,k2,linear,0.05,99,0.034854972635338946,0.14486584020005225,0.1346662768088471,0.13015563213608244,0.12924106731818935,0.1185986123654168,0.11799735653856037,0.10841108401700394,0.10617023855419778,0.10347229962144583,0.10276125407354281,0.09849100899964033,0.09427924726275481,0.09341336125462854,0.0904744307418145,0.08909558203745456,0.08884859580397746,0.08842636893806577,0.08807695853820638,0.08721554275849305,0.08705474454368237
null,null_nonparam,gauss,8000,2,,900058,k1,quadratic,0.05,99,0.0030159072266243703,0.014463848888540687,0.0131132530942204,0.011756463745534074,0.011698820936201448,0.011610437690837916,0.011453776425860096,0.01024768316511282,0.010181647925736281,0.010177601823785909,0.009973695836718477,0.009950395836087256,0.009818854948008493,0.009740655201317172,0.009678254460679714,0.009583021759789312,0.009516667927704447,0.009381470300716788,0.008948420943656554,0.008915988162071065,0.008915740505285541
null,null_nonparam,gauss,8000,2,,900058,k2,quadratic,0.05,99,0.035620286624612994,0.17063680818963167,0.1533904975478138,0.14131203033713352,0.10595909318204577,0.0979410744358587,0.09735213129022695,0.09679378922250004,0.09581177149540208,0.09549035614458565,0.09371292815630136,0.093347901373608,0.08811402907968131,0.088017412629353,0.08524323605970434,0.08197450667329186,0.07984202133086314,0.07974514245161107,0.07946189234399595,0.07891833895301632,0.07885321582837204
null,null_nonparam,gauss,8000,2,,900059,k1,linear,0.05,99,0.004278057672704172,0.014400760145653946,0.014296766343535716,0.013641208262041404,0.012047450485965672,0.011413864928992878,0.011229155315569228,0.01111519109561232,0.010485966293152127,0.010406733886010322,0.010349424539718655,0.010245854875221228,0.010168641703019121,0.010056350005107073,0.010047040014154018,0.009714902243873724,0.009522873454779424,0.009318150927043356,0.009077554541462196,0.009015567168527805,0.008967890073411033
null,null_nonparam,gauss,8000,2,,900059,k2,linear,0.05,99,0.061964074392913925,0.2585820233467412,0.1380144692062432,0.1352907179175788,0.1131584945160718,0.11248906630017702,0.11027972933634006,0.10767829922527473,0.10719801053791933,0.10573812262154009,0.10162476718314857,0.10071429200229357,0.09508946465893267,0.09467920511207666,0.09270566418357765,0.09252603871992279,0.09169765914924936,0.09141429691311909,0.09085149576078774,0.08923499716877911,0.08913503793500052
null,null_nonparam,gauss,8000,2,,900059,k1,quadratic,0.05,99,0.004151226081805515,0.018586817972793712,0.013478606172843577,0.012610276059772052,0.012512394559092144,0.012511918218138574,0.012142681114023834,0.011967989693474124,0.011963543604321836,0.011751517847938042,0.0114454583142789,0.010998331429995178,0.010860603828498405,0.010572869035879173,0.010433985441888893,0.010160678664290046,0.01010783682726979,0.010061231793771941,0.009699471036365481,0.009656303363244634,0.00963360524218726
null,null_nonparam,gauss,8000,2,,900059,k2,quadratic,0.05,99,0.059209486888124385,0.1743264203689939,0.1697421974045338,0.16772458812049656,0.14685648642496726,0.14199461420389747,0.1334746438247931,0.12556928314409097,0.11223808241576724,0.10930332681967032,0.10929517909415665,0.10387177673297454,0.10277793293849533,0.098680143835359,0.09736800327974138,0.09712806248463325,0.09628354459615582,0.09537904550330993,0.09215898492156611,0.08781339498064539,0.08752168800640062
null,null_nonparam,gauss,8000,2,,900060,k1,linear,0.05,99,0.0030471365212848545,0.01402715165571533,0.013613907611247034,0.013037062553208356,0.012959424927160623,0.01275941285120763,0.01233869644284491,0.011976073314699964,0.011875301761612334,0.011502560037048193,0.0113379870212158,0.010826732173154885,0.010767298941862902,0.010755432994986935,0.010611274185740593,0.01059597420097702,0.010295712044621208,0.010202670479746656,0.009906830946280198,0.009605185064176736,0.009533732973225906
null,null_nonparam,gauss,8000,2,,900060,k2,linear,0.05,99,0.07700934257766047,0.22105126817069984,0.14303463049571988,0.12834899775764244,0.1252623829148834,0.12357376675663,0.11980119772544078,0.11851440400823089,0.11630553552220244,0.1100827237990091,0.10711756356998507,0.10620590698913196,0.10517176198901759,0.10245764186743911,0.1008761679521774,0.09929156869825717,0.09887724944001212,0.09676267682627844,0.09476892951799105,0.09434114445675937,0.09081565697629271
null,null_nonparam,gauss,8000,2,,900060,k1,quadratic,0.05,99,0.0030363245320524923,0.015885578285003477,0.013541525851071712,0.012974817099274394,0.012445889543039379,0.01195244193275713,0.011440069287612764,0.011193162414579017,0.011162222132258148,0.011141953129937487,0.010979267107959045,0.010929106624474327,0.01047948692317957,0.0104546095770357,0.010406186940984163,0.010241005970243133,0.010162044160387018,0.00978107647604709,0.009729083936840355,0.009681257113734798,0.009561201621877236
null,null_nonparam,gauss,8000,2,,900060,k2,quadratic,0.05,99,0.08979429093176525,0.20292431023748256,0.16012096279143684,0.155865433842419,0.14805612717364072,0.14607426824304368,0.14054256521273312,0.13073334542358428,0.1270075740148785,0.12588848873211284,0.12099999021419157,0.1099140612719208,0.10260134830347646,0.1020979336691248,0.10091034144865764,0.09754689033758687,0.09649729304673271,0.09253711987468996,0.09192086313626385,0.09157374994675378,0.09151625456184712
null,null_nonparam,gauss,8000,2,,900061,k1,linear,0.05,99,0.004936770182721761,0.01770430079925711,0.015570646921062692,0.013995587396531506,0.013447687530258268,0.013318618614026168,0.012821511546257103,0.011967547933901646,0.01161644805861406,0.011019631243201489,0.0109010073724769,0.010892267267755273,0.010586836437958436,0.010441440966072357,0.01043559300959851,0.01019206230196168,0.01013595960629754,0.010096771023396789,0.010027390078399478,0.009995577454550042,0.00971259957157078
null,null_nonparam,gauss,8000,2,,900061,k2,linear,0.05,99,0.030673143077626572,0.1719800060617292,0.17125792228892597,0.16476220248405313,0.14120924884682343,0.14015118590346345,0.1354102162882071,0.12689924433371794,0.12282042992022613,0.1227269981629139,0.11635482955272954,0.11376202396347448,0.11314347079058681,0.1120665171476103,0.11008874685418767,0.10747636091196494,0.10692902444209115,0.10681120176927729,0.10402818983101218,0.10269323775068659,0.1020580554156671
null,null_nonparam,gauss,8000,2,,900061,k1,quadratic,0.05,99,0.004668597984636591,0.020346547588243835,0.013445873446840562,0.013200330775480329,0.012508898817509495,0.012241198922737895,0.012116363348399162,0.012085828858252712,0.011587755784910003,0.011547600594987606,0.01146498544569674,0.01107617831709562,0.010815384158799568,0.01073486769403087,0.010583785138381097,0.010502194677116328,0.01041960017291077,0.010255512033020886,0.009827319946803303,0.009751071569484182,0.009729896786891623
null,null_nonparam,gauss,8000,2,,900061,k2,quadratic,0.05,99,0.042559221731083986,0.18676801331650558,0.18406489945789273,0.16697094673673699,0.15276593353714502,0.15042695078177645,0.1454989751026686,0.14059857017791316,0.1250663587149378,0.11499487413718204,0.11055458481491166,0.10967673142938986,0.1034743394945052,0.10258214117259717,0.10054647025930162,0.09511735801286662,0.09456468254489937,0.09375347215368122,0.09349801769834376,0.09269609685393355,0.09188658425706547
null,null_nonparam,gauss,8000,2,,900062,k1,linear,0.05,99,0.005462791144285162,0.013543370297464441,0.01268212423614834,0.01225133085842034,0.011958382708342818,0.011929763324493803,0.011886062217777216,0.011713273424381221,0.011578712037201289,0.011472341466674085,0.011286305026033228,0.010973424102020402,0.010955374611210655,0.010924785715596408,0.010661770825017292,0.01064609936291272,0.010586784494490131,0.010463352203903153,0.010218899297541384,0.010042396255646513,0.009893036754033635
null,null_nonparam,gauss,8000,2,,900062,k2,linear,0.05,99,0.050244047504723874,0.20415095096924463,0.12297761757962225,0.11428814788830657,0.107727990077663,0.10486575420668406,0.10381866015834755,0.10178725840519995,0.10022062983358801,0.09793182435223063,0.09384142268771382,0.09309401460210408,0.09098886958854681,0.08919309834857635,0.08859750405351255,0.0870213916305637,0.0867742209630906,0.0866259927007736,0.08521945018624026,0.0844926537427755,0.0844593227812099
null,null_nonparam,gauss,8000,2,,900062,k1,quadratic,0.05,99,0.0056217720783970915,0.01702193591670964,0.014870875522789873,0.013795820513114232,0.01282963742161558,0.012442578001941484,0.012121434036291512,0.011264504828217059,0.011065573145640606,0.010791486253947324,0.010497535731799346,0.010281657770655483,0.010271583624980152,0.00985118567099541,0.009811665399049208,0.009763888109714403,0.009683383002453083,0.00966053104258957,0.00962047264192134,0.009617634457235735,0.00961390505150328
null,null_nonparam,gauss,8000,2,,900062,k2,quadratic,0.05,99,0.06170066943448689,0.19802514373345928,0.15692078886368724,0.14979085962744085,0.13172658651186372,0.12492111612627035,0.12207054895439665,0.12178026510870613,0.12034466349532856,0.11945269159576358,0.11745626477417447,0.11412422979590647,0.11264978534850066,0.10916927470514494,0.10895903449286189,0.10560552388123111,0.10284736310005799,0.10170549268751854,0.10086854019667237,0.10004451434312389,0.09761900889673
null,null_nonparam,gauss,8000,2,,900063,k1,linear,0.05,99,0.0041933965654075145,0.016613706688565544,0.01376540501854373,0.012260361732795433,0.011547264116534395,0.01148461932871947,0.011032204850753513,0.010959728158493887,0.010799911281022312,0.010783364280175456,0.0102572978945209,0.010148121750909067,0.01012309900901709,0.009257309954168624,0.009162819831349367,0.009147787680274355,0.009107972230755434,0.009056220463784959,0.008976146166969068,0.008975620634196768,0.00896982234106114
null,null_nonparam,gauss,8000,2,,900063,k2,linear,0.05,99,0.03251970900087635,0.17952699793113439,0.17510371613612766,0.16004977204553184,0.15094129118344604,0.14148732004129788,0.13716423515858672,0.1299497283923115,0.12124384503151531,0.11716230757609615,0.11355645914843908,0.11100564854476443,0.10659301951123318,0.10319074458326169,0.10039095627951071,0.09760627696024327,0.09675973927468177,0.0922074964417254,0.09124254664088946,0.09064135320411877,0.08920767948383265
null,null_nonparam,gauss,8000,2,,900063,k1,quadratic,0.05,99,0.004113380954186896,0.01514660361874498,0.01352588543028388,0.013179995069068862,0.012734311418696187,0.0116994235236475,0.01166702497627592,0.011612659258157465,0.010858171755364299,0.010837371420008624,0.010823236756525412,0.010622807181631777,0.01048142698363752,0.01036901198719642,0.010279674426916352,0.00990867970405196,0.009784534494771346,0.00974929702953331,0.009359667686274165,0.009332157965842414,0.00932886868316829
null,null_nonparam,gauss,8000,2,,900063,k2,quadratic,0.05,99,0.028977074679330934,0.1531712649264872,0.1509793957355869,0.1468210604875778,0.12640504169212588,0.12551631591601967,0.12200051604018523,0.11907159233252428,0.11213416899749036,0.11167883449021569,0.11110246635148362,0.11065625265286799,0.10130138219436895,0.10050617865621729,0.09994796686335711,0.09746702762732005,0.09355201242361662,0.09285551190734431,0.09078075214147473,0.08859587687204107,0.08824172040914077
null,null_nonparam,gauss,8000,2,,900064,k1,linear,0.05,99,0.006139588776946203,0.015827143125767607,0.014449278649998454,0.014077214390217696,0.014054498594944675,0.012378548633360076,0.012035398037044343,0.011351490167776146,0.01125044498274308,0.01106231772392463,0.0109669524824485,0.010900286745824217,0.010214728408893592,0.010130230805808216,0.01012828519870923,0.00997639954211782,0.009684747230371826,0.009406041214955363,0.009141210883247597,0.00911149885464968,0.00904248726129353
null,null_nonparam,gauss,8000,2,,900064,k2,linear,0.05,99,0.0950189637471778,0.19131423021617655,0.16546602749336273,0.15043283698862753,0.13932191272207523,0.13596540668088286,0.12813473045390922,0.112575620841513,0.11120858109607464,0.11035414629490307,0.10741666456745129,0.10175094195913814,0.10096589137490355,0.09624382635839027,0.09371632525101499,0.0920581634856768,0.08911653816717525,0.08740921750906196,0.08688261606537542,0.08683773937157785,0.0856531516996696
null,null_nonparam,gauss,8000,2,,900064,k1,quadratic,0.05,99,0.006112646781152642,0.01744265675047607,0.016286659114715607,0.01352658853483879,0.013484218670505976,0.01233859476675958,0.012093141184973843,0.01189969932997259,0.01151706582915668,0.01089080802525777,0.010801383361663364,0.010722663214883132,0.010358746970042354,0.01016119670097515,0.009798729884230584,0.009670268162097928,0.009564951672343391,0.009488864276338882,0.009443017581590274,0.009308870129576707,0.00930792925526136
null,null_nonparam,gauss,8000,2,,900064,k2,quadratic,0.05,99,0.10778683988803356,0.2029460716795082,0.12402562703249599,0.11978439809769557,0.1175920069392193,0.11330608504766919,0.10808861321438962,0.10380674039980613,0.0977925460457112,0.09574497896251669,0.09457318224145272,0.09308171285001954,0.0894501971796757,0.08880640026381295,0.08522127145862858,0.0850732265041744,0.08149619305058374,0.08120858628201738,0.08039322882345094,0.0802993111431864,0.07939108960694803
null,null_nonparam,gauss,8000,2,,900065,k1,linear,0.05,99,0.0032893488403222815,0.018951107950193724,0.01441585026855785,0.012981167405918814,0.012279615568608238,0.011199974410984637,0.010709265199042917,0.0104686340585749,0.010411140099236937,0.010360143294384283,0.009721340453291871,0.009131132565567968,0.009112222678025694,0.009089121690578073,0.009020765161557587,0.009008064031098661,0.008718689030671856,0.008704063335948864,0.008587859108617812,0.008437442036661635,0.008389164942226746
null,null_nonparam,gauss,8000,2,,900065,k2,linear,0.05,99,0.061067201693729575,0.14369972554274082,0.13694305156784323,0.1353069306453123,0.13448573682801274,0.12160400867955215,0.12019294754277199,0.11974088487847818,0.11916719724557026,0.11679756306379299,0.11540258761745444,0.11332417047679136,0.11116057287916126,0.10750071314086289,0.10680735088603723,0.10628269891322574,0.10484504582287377,0.10417667709625394,0.10403011301772784,0.10351722344850643,0.10172952570862395
null,null_nonparam,gauss,8000,2,,900065,k1,quadratic,0.05,99,0.0032032680929680035,0.01477395258188785,0.014763267239055189,0.014265246924335728,0.01392441287180568,0.012163157440959083,0.011829720665897714,0.010458307853456805,0.010405732361168596,0.0102780293269511,0.010237960606063634,0.010123267645707146,0.009964684649613975,0.009934160144370652,0.009852589882597518,0.009801124679226891,0.009722256574229537,0.009443721670662653,0.009384443572435286,0.009270526052477579,0.009228308376628802
null,null_nonparam,gauss,8000,2,,900065,k2,quadratic,0.05,99,0.05034032926953584,0.15907432783746953,0.15892616987056757,0.1371163162113803,0.12647089874968007,0.12311262003519717,0.1171905676601188,0.11451838148269099,0.11211302741791698,0.11046528242291306,0.11042720801783616,0.10986775576391375,0.10984821614024184,0.10453122066119587,0.10414617329873843,0.09841253952715294,0.0967606600548652,0.09662368909985326,0.0950615800301634,0.09428259554719483,0.09188989548353262
null,null_nonparam,gauss,8000,2,,900066,k1,linear,0.05,99,0.0036419684133629504,0.016800591714075885,0.015181649110089235,0.012707423198564327,0.012027102145641955,0.011602294926609469,0.011053319607648215,0.010727665719630908,0.010606503548166502,0.010457609625122433,0.010155648968975473,0.01001078389274579,0.009857387928369765,0.00973007332607867,0.009686038469400526,0.009584303262891725,0.009546294002845679,0.009446630283696855,0.009306829863020338,0.009105111653934128,0.009091346984199
null,null_nonparam,gauss,8000,2,,900066,k2,linear,0.05,99,0.0735497759501301,0.19831248206814117,0.12677382898107648,0.1197027833337112,0.11888470309825788,0.11373988400253882,0.11023969974945966,0.10822708648497699,0.10541427145168177,0.10294201568958035,0.10241555986136715,0.09990403936678066,0.09696267444139203,0.0967797827271601,0.09491842967118538,0.09335685193842466,0.09293014128971157,0.09196061062787039,0.09148921846356771,0.0911863398018522,0.09021762833206112
null,null_nonparam,gauss,8000,2,,900066,k1,quadratic,0.05,99,0.0038611943874534704,0.01650703871791437,0.015767363524384237,0.01458934189104144,0.012938008645853594,0.012754626167617023,0.012622152329426761,0.011767111891273885,0.011708681945534871,0.011075848450150194,0.011009957749844368,0.010897631026313137,0.01078646036915032,0.01076190880582395,0.010381264193694562,0.010010131638431785,0.009684251536052901,0.009441676014132594,0.009433712433476238,0.009386957135482099,0.009327019470936171
null,null_nonparam,gauss,8000,2,,900066,k2,quadratic,0.05,99,0.06165978162519882,0.15138770708907198,0.1495579754132683,0.14536747216595977,0.14123153239440303,0.125064213351525,0.12352094773908999,0.11832993395927982,0.1136196043829273,0.10745793518734323,0.10709289901241215,0.10530703441338561,0.10459325278497403,0.1007963682321358,0.0991302211712448,0.0921986944804889,0.09212334664681969,0.08804028528992773,0.08754411580309113,0.08503596590668196,0.08402157124116232
null,null_nonparam,gauss,8000,2,,900067,k1,linear,0.05,99,0.004512008838733483,0.014588645485374419,0.014587363282754784,0.013491469173029791,0.013440720689712693,0.012359773676372088,0.011425195593622539,0.011170652418894256,0.010865516991581559,0.01059555428606107,0.010561926561565294,0.010098444025330555,0.010047946029373533,0.00998722142900299,0.009791573073886561,0.009662014590896106,0.00955439773307487,0.00951575526016335,0.009412781118589342,0.009299973370825998,0.009119130254316099
null,null_nonparam,gauss,8000,2,,900067,k2,linear,0.05,99,0.04455793821688908,0.16992473894868784,0.14492753778665463,0.13565299047270604,0.1303257104147603,0.12210868817379565,0.12115180642914766,0.12066041988649513,0.11519573954031262,0.11349371590902363,0.11189562982601162,0.11030268625080861,0.1090154412446122,0.10052263708437868,0.10036704095829328,0.09734894109368818,0.09581436827635978,0.09407706652105143,0.09216313573563266,0.09052975980390145,0.08947291598622273
null,null_nonparam,gauss,8000,2,,900067,k1,quadratic,0.05,99,0.004548439353082356,0.015537997945463733,0.014247053700433554,0.014115450378354155,0.013375702435690973,0.013117904789759938,0.012827997580661332,0.012505237558314564,0.011735271646202805,0.011689028505355026,0.0108645820605493,0.010655679581505262,0.01055215784015695,0.010334103380029824,0.010308599971353138,0.010223552124897228,0.010056869528084156,0.009906776597312872,0.009388750461986284,0.009363415500915906,0.00924259199440014
null,null_nonparam,gauss,8000,2,,900067,k2,quadratic,0.05,99,0.048729087006030875,0.15567861857677448,0.13766128059719066,0.12133323295861265,0.1177488867369777,0.11068198481628244,0.1105121841186935,0.10832124301991529,0.10610726570830926,0.10013316806806262,0.097143294198258,0.09698325805654985,0.09634367812623718,0.0943209383373372,0.09211353339378205,0.09184201582908594,0.09095137539914842,0.09043976999950136,0.09040620332970502,0.08879428191160944,0.08870489503582935
null,null_nonparam,gauss,8000,2,,900068,k1,linear,0.05,99,0.008773898219440301,0.01772623013130814,0.012826830963733271,0.01278758815651826,0.012669221372844985,0.0125964437990006,0.012417348110298265,0.012265247757199393,0.012139001883013423,0.012009354394505456,0.011699936437858272,0.011654406246389248,0.011648958014906508,0.011626334416329875,0.011189193375245043,0.011091448937737503,0.011049214231914406,0.011030651445662398,0.010998015108565129,0.010988336343035643,0.01078614413698642
null,null_nonparam,gauss,8000,2,,900068,k2,linear,0.05,99,0.052083112878334385,0.16127587652486158,0.14077605612358074,0.1401973427983708,0.1322829636539601,0.12388266976416534,0.12089007847384574,0.10938451197108293,0.108722227710627,0.10224012749369583,0.10013628061030226,0.0990080254405982,0.09659201879513186,0.09606543511089762,0.09586486432098014,0.09500824690755257,0.09489901387664161,0.09314119262941922,0.09208915618738242,0.09204314204873813,0.09175467438036022
null,null_nonparam,gauss,8000,2,,900068,k1,quadratic,0.05,99,0.008680026952543995,0.01404235710795032,0.01369529743615705,0.012076442066691784,0.011882568521209058,0.011539321864276086,0.010548297928834716,0.010279781182878533,0.010221729854057005,0.01015342686651155,0.009870003841897734,0.009682924263244352,0.009596210517697656,0.00952487796240209,0.009444979606808568,0.009404255433406172,0.008977578566249367,0.008936634882801386,0.008913024298735417,0.008870684899885739,0.008852214931650337
null,null_nonparam,gauss,8000,2,,900068,k2,quadratic,0.05,99,0.05116777836106797,0.1577923669263788,0.1503822316762614,0.14446870939224882,0.1246847069587095,0.11801107911296368,0.11561012088492506,0.11468927275393338,0.11390014443083962,0.11144821444868062,0.10703080230890594,0.0950608015790015,0.09436520413452987,0.09093909523909033,0.09036627267839054,0.0902406800969325,0.0901250892549768,0.09005155727817087,0.09003847944371789,0.08943536844624903,0.0894269506497549
null,null_nonparam,gauss,8000,2,,900069,k1,linear,0.05,99,0.0032117944338454496,0.018092471410431243,0.013696610545880783,0.01269619827151558,0.011002719665738514,0.010902780832136916,0.010668888715361202,0.009903050978234962,0.009819943428361566,0.009717221161095746,0.009618060382884375,0.0093392136133017,0.009197815015700384,0.009108969542744871,0.00880482161900753,0.00865618702183435,0.008536263786042997,0.008499488635283048,0.008308718358405742,0.008149785366746598,0.008077191917547966
null,null_nonparam,gauss,8000,2,,900069,k2,linear,0.05,99,0.04830829441234455,0.20566673239505942,0.14412105771541667,0.12611952868620338,0.11460696708884764,0.11437824574815945,0.11307895303065787,0.11245412053312231,0.11224568738769994,0.1098074199207168,0.10613183444773239,0.10526115130018746,0.10430221137143324,0.10106654619368871,0.10045997043765535,0.10028736544803218,0.09857377282774993,0.09648673867987508,0.09302387925097781,0.09201736685371323,0.0917777067016423
null,null_nonparam,gauss,8000,2,,900069,k1,quadratic,0.05,99,0.0032094901548576082,0.023914682234467688,0.013072887875106742,0.01217054547169294,0.01211479621685696,0.011490365172104444,0.011431540282075159,0.011191453137450402,0.01117759435695187,0.010789146732899657,0.010344380438973344,0.010296294295278452,0.010199998117051412,0.010073628552550562,0.0097859313592904,0.009722635733381724,0.009543339737537737,0.009410031225479232,0.009353218946293151,0.009124624678869986,0.008793819335619735
null,null_nonparam,gauss,8000,2,,900069,k2,quadratic,0.05,99,0.049904242974487,0.1527417828750219,0.15200884145294627,0.1315131607561282,0.11581377156152547,0.11209058635285293,0.10742042152025533,0.10594107639959337,0.10505815732407142,0.10383809651366681,0.10344883125810789,0.10139291017614765,0.10022065130846255,0.10006148597745414,0.0992548294292423,0.09787046779138252,0.09330997987186358,0.08994318784936234,0.08981072113380324,0.0893103540808186,0.08681914908187642
null,null_nonparam,gauss,8000,2,,900070,k1,linear,0.05,99,0.004139011055565023,0.013298456277091142,0.013143739270293442,0.012241301296196827,0.011884147440277992,0.011698390592590702,0.011425851496626671,0.01114739540310794,0.01105335342755287,0.011041885699705767,0.010661922193793805,0.010494450838664626,0.010418832387559807,0.00997778261294624,0.009944631197293718,0.009849161077141733,0.009772101341096073,0.009635452246351761,0.00960766824265935,0.00954883974628018,0.009548716643943411
null,null_nonparam,gauss,8000,2,,900070,k2,linear,0.05,99,0.06477995335685857,0.21765662157434448,0.16514825435686722,0.15671714089287062,0.133668013993218,0.1335948434642108,0.1289366048250566,0.12418743740425212,0.12346023372314298,0.11540119163493792,0.11016635807253562,0.10849077636615075,0.10358718811588528,0.09965747267090062,0.09938470405823241,0.09404186522713581,0.0899598397674362,0.08773979977268215,0.08626789571968285,0.08605224122738296,0.08499878839689116
null,null_nonparam,gauss,8000,2,,900070,k1,quadratic,0.05,99,0.004148614296161646,0.013600206218472577,0.012753188729007991,0.01195735169678902,0.01186741471413666,0.011859188206970073,0.011449750316832041,0.011176353080091683,0.010757802350783163,0.010747864251153039,0.010723706701557645,0.010702409592948436,0.010329280796801399,0.01028541592705634,0.010145248355320824,0.010098972866148026,0.01006788998816377,0.009721806284389789,0.009685137491728946,0.009623224884414139,0.009465907188966671
null,null_nonparam,gauss,8000,2,,900070,k2,quadratic,0.05,99,0.06273336258803115,0.1409938858085513,0.13915569710127437,0.1343600887846027,0.13299299039251924,0.12715350570389727,0.12711420720533753,0.12552042481208442,0.11386718031880308,0.11291413375873784,0.111417573818498,0.10922624954843659,0.097134825588952,0.09318718429198096,0.09081857441119717,0.08775660645035463,0.08714635992604458,0.08367657606578398,0.08313954866362198,0.08184408342239248,0.0797413429851622
null,null_nonparam,gauss,8000,2,,900071,k1,linear,0.05,99,0.012612280862459913,0.016523323333956563,0.01620987274639485,0.012893730546482796,0.0118616845904157,0.011041214426557477,0.010841244207259071,0.010627180343351639,0.010610369870135639,0.01037780569665181,0.01026163334096708,0.01015239752720809,0.010145566965930386,0.0098908082151552,0.009482156606430259,0.009231603872048577,0.009158425168868334,0.008993598564838945,0.008945825780728223,0.008840555732176902,0.008495649447435971
null,null_nonparam,gauss,8000,2,,900071,k2,linear,0.05,99,0.038220737872651324,0.18433744532606558,0.17622896029691806,0.14117882722863656,0.13530336584838676,0.12453243680216931,0.11540879629289252,0.11505823774563873,0.10856270890826378,0.10733456611365001,0.10502414170859223,0.10264001497505325,0.0979785214122847,0.09793530859375092,0.09785306260002183,0.09523912893749055,0.08911164184509364,0.08851570260664214,0.08798259715530851,0.08793056692304775,0.08793040025294718
null,null_nonparam,gauss,8000,2,,900071,k1,quadratic,0.05,99,0.012538671362142595,0.014456640243014851,0.01406943524156079,0.013298994707358514,0.012082338933742776,0.011802707188008132,0.011581995153612468,0.01135572641582605,0.011024894002036434,0.011013115793593875,0.010393755933637894,0.010149750900967036,0.010108723207996273,0.010056752431285454,0.009664811454171751,0.009548620835162502,0.009444903266033089,0.00939360907546094,0.009327454853150674,0.009320754168379852,0.00904804330705089
null,null_nonparam,gauss,8000,2,,900071,k2,quadratic,0.05,99,0.03447991586278344,0.15734207954823354,0.13695123568037307,0.13328104224899984,0.1322436529582652,0.12451337223988418,0.12205065675199891,0.12051488032592207,0.11789000348381229,0.11164296025143636,0.11082237295638322,0.11013767459849175,0.10556135850315489,0.09835291466930352,0.09503028524519566,0.0936038858412263,0.09353766156138425,0.09344761691539273,0.08638401480940032,0.08598370050010251,0.08361130491288779
null,null_nonparam,gauss,8000,2,,900072,k1,linear,0.05,99,0.006341938555245563,0.0176877072384084,0.013930117459642566,0.013115429721152427,0.013088008278910879,0.01307564750097101,0.012648337404392196,0.012527931046867335,0.012497060690821349,0.011381343378977005,0.011182082752959732,0.010980472229209282,0.01049178133741413,0.010453052489356462,0.010323464782696856,0.010263924676528147,0.01011083389671008,0.010076462990991075,0.010013218633782461,0.009961612957622101,0.009927428260113724
null,null_nonparam,gauss,8000,2,,900072,k2,linear,0.05,99,0.04409722775186689,0.1555770175280908,0.14992628866718244,0.12408919350710317,0.11734466978569763,0.11682233353173987,0.1157448529865423,0.10358522635443917,0.09996611507143921,0.09826919723065533,0.09742026997567127,0.09679520546851433,0.09558559671253442,0.09525513637226132,0.09491783567759637,0.09395217674947078,0.09269334850495574,0.08940009997390541,0.08900499390443505,0.0864567875884356,0.08183003118387619
null,null_nonparam,gauss,8000,2,,900072,k1,quadratic,0.05,99,0.006324768969660277,0.017100929804337528,0.01660495676782825,0.016150408359759116,0.014962968396335374,0.013291829254667764,0.012451840711041662,0.012231278366820364,0.011108481825902738,0.011021409073214805,0.011008801396415024,0.010983232524001019,0.010949034428713644,0.010696438443173473,0.01064740185950519,0.010269543748154475,0.010061940074568176,0.009824522586740492,0.009486420154302011,0.009355581144249392,0.009116147180236123
null,null_nonparam,gauss,8000,2,,900072,k2,quadratic,0.05,99,0.04930006529010856,0.1426917347845623,0.137914777955091,0.12775635618590508,0.12652918499276733,0.10854482120632808,0.10784238802948448,0.10680243590785693,0.10402910502876593,0.10365308823542758,0.10090301451299856,0.10062851267932438,0.09815368815691577,0.09621067050184703,0.09261025845199852,0.09112178719647691,0.08883792091636203,0.0852612516938224,0.08503513439465113,0.08464274547378323,0.08366904710275791
null,null_nonparam,gauss,8000,2,,900073,k1,linear,0.05,99,0.0031536653371506684,0.015156343956998386,0.01501526172929546,0.013539688781735393,0.012320609901246393,0.011642948831367739,0.01159241329492744,0.011488154200034684,0.010883971222824584,0.010828793624654165,0.01080966592055177,0.010758598166550448,0.010227502668229471,0.010166198120544645,0.009854346160061755,0.009771578778337675,0.009674671391494694,0.009674304958638746,0.009424024171823642,0.009265719000476902,0.00924984084624425
null,null_nonparam,gauss,8000,2,,900073,k2,linear,0.05,99,0.04061905373036999,0.1701855597716287,0.1619330461976996,0.13878564049393566,0.13381006941854542,0.12377442976785866,0.11537844509119867,0.11482711482537916,0.11478343025593712,0.1137758868521128,0.11326088220159908,0.11021847604474957,0.10910320771392916,0.10817958365035399,0.09984107946060211,0.09855985864183021,0.09683652140104836,0.09414021104809028,0.09290816734548835,0.0922843026749375,0.09005564015351145
null,null_nonparam,gauss,8000,2,,900073,k1,quadratic,0.05,99,0.0032419330394414247,0.016097495790722394,0.014897652639368264,0.013846168120791758,0.013843671132748314,0.012512339519892945,0.012240911043198799,0.011856973851106067,0.010921186956315276,0.010918018936796225,0.01089608556988697,0.010700205710885147,0.010614288454520504,0.010024804120883468,0.009923489568611665,0.00982699739740489,0.009727431389561447,0.009626248175882646,0.009402354032721383,0.009377055741755735,0.009005598621060429
null,null_nonparam,gauss,8000,2,,900073,k2,quadratic,0.05,99,0.038482086901542756,0.21858830324617176,0.13997771314237442,0.12019009222895263,0.1186898141848578,0.11548931671551929,0.11546158524770761,0.11531952807295207,0.10727098566559926,0.10599580505015357,0.10388163600385586,0.10273590153293374,0.09964568605153563,0.0988471169253548,0.09685231524302014,0.09342288358201982,0.0930183180512844,0.09253350595989138,0.09252167004631637,0.09243740072098802,0.09094383508949765
null,null_nonparam,gauss,8000,2,,900074,k1,linear,0.05,99,0.004430232242807253,0.016629862741722734,0.015042186654956047,0.014358948255504989,0.01403633681273353,0.013818415376386839,0.01363366098076646,0.012519048017188283,0.011879743366281947,0.011425030157153016,0.011248024008502333,0.011228633417361022,0.011160103234398533,0.011001241207726165,0.01093179375550779,0.010902970125756806,0.010643616067161465,0.010581174002414762,0.010096387898710812,0.009871535054465586,0.009484742294839199
null,null_nonparam,gauss,8000,2,,900074,k2,linear,0.05,99,0.06092451461641774,0.1461050041617418,0.14001340029595685,0.1361820628809854,0.13084432597913245,0.13008548388505653,0.12989518396873473,0.12503923593379138,0.12446395567321411,0.11923096778332094,0.11427232800703971,0.10918191642123125,0.10721729322886019,0.10195225956244067,0.10143244220980975,0.10042298788533685,0.09720508793130579,0.09380153308320142,0.09365511114280249,0.09073906158913833,0.08832274784369479
null,null_nonparam,gauss,8000,2,,900074,k1,quadratic,0.05,99,0.004589167504941427,0.01736179768924606,0.014573035335160855,0.013445287818998564,0.013332600627848468,0.012176919898272631,0.011988318964643252,0.011780596955464961,0.01165385433577848,0.011457292974651812,0.01136679574642141,0.010999602398932717,0.010471973642226629,0.01043090918248768,0.010334816034030192,0.010270859463369919,0.010207007574354221,0.009999557998298103,0.009927542906024267,0.009476015594312659,0.009463440023178893
null,null_nonparam,gauss,8000,2,,900074,k2,quadratic,0.05,99,0.05993840204702397,0.18147013981765475,0.1535436896025136,0.1217327765838122,0.12066838729588805,0.11083070227183585,0.11062426776456284,0.09953430840953803,0.09791227135020723,0.09655743164290757,0.09647328483057488,0.09447483227552715,0.08952651994895906,0.08749264767589343,0.08727523320796604,0.08473011535042826,0.08345788536412375,0.08339850814529547,0.08322307840716318,0.08184230254671677,0.0806594685478645
null,null_nonparam,gauss,8000,2,,900075,k1,linear,0.05,99,0.005098388291110312,0.02305450288146127,0.015014589609307905,0.014822269164450508,0.01362188680818699,0.013047434493269394,0.011880415012557322,0.011436134524165142,0.011080990110526434,0.010819192888291362,0.010556546351401686,0.01053679313627387,0.01041769497467282,0.010384472025138702,0.009726663959121473,0.009641447552605431,0.00956725835401917,0.009427995448095028,0.00940525723627994,0.009351089470210017,0.009347604135667709
null,null_nonparam,gauss,8000,2,,900075,k2,linear,0.05,99,0.05983484747376863,0.16879542027875488,0.13858265503943198,0.13465448503141314,0.13312192413586554,0.13211864678596016,0.12182358824069975,0.11472519155672098,0.11294587804955634,0.10792037327241133,0.10481779135612299,0.1033142169784879,0.10328499459284217,0.10224278830384459,0.10116027535886518,0.09682417455109041,0.09359018554491064,0.09008084139286313,0.08634987592439186,0.08060990333252738,0.07998812254346814
null,null_nonparam,gauss,8000,2,,900075,k1,quadratic,0.05,99,0.004857714273245106,0.018511658755386406,0.01698584731299968,0.014852444755989791,0.013666702330596414,0.012026597601448641,0.011985153658746528,0.011893988864540406,0.011496646748990536,0.011207687121334797,0.011050667349438159,0.010763736034014482,0.01059228680513058,0.010348184779260361,0.010251226777615585,0.009766623550713782,0.009489354608308465,0.00922954353691463,0.009186833305938946,0.009141697849797237,0.009044540253670852
null,null_nonparam,gauss,8000,2,,900075,k2,quadratic,0.05,99,0.05199048926600448,0.18276690795887984,0.16267199757967846,0.15501780417911398,0.1459247022261378,0.11614915162084646,0.11543681475930563,0.11074558395652988,0.10943758420309806,0.10872830205306819,0.10774279165302517,0.10463895514240368,0.10383359462801453,0.1033038008945777,0.09823668993825395,0.09797186486000613,0.09666696648275444,0.094191519884266,0.0938926237017529,0.0937259734356759,0.0928817640979498
null,null_nonparam,gauss,8000,2,,900076,k1,linear,0.05,99,0.003974392279254113,0.018375171787138656,0.014152247676879615,0.013524225165181925,0.013278219582229078,0.013079117802144768,0.012670908122754287,0.012363972348636176,0.012075941475978014,0.012054771916212292,0.011928177859090283,0.011351231864687561,0.011001495239844727,0.010181309527982907,0.01001945588212616,0.009818318561643502,0.009693422889294978,0.009592990913596,0.009272721318441257,0.009214069049194196,0.009070105415703633
null,null_nonparam,gauss,8000,2,,900076,k2,linear,0.05,99,0.03266698107649819,0.1596548291859273,0.1583318977293768,0.15045152728417818,0.14507960400610637,0.14227699041455952,0.12679310784575076,0.12552837469582462,0.12462373067826078,0.11872335790291783,0.11294759522650018,0.11212816721536469,0.11175494528881993,0.11159196497175015,0.11128951853920693,0.1108593302374853,0.10728642478260897,0.09922400211551215,0.09874737868306069,0.09691923421204776,0.09480148774361827
null,null_nonparam,gauss,8000,2,,900076,k1,quadratic,0.05,99,0.003847449023158811,0.017398723777219627,0.017066914132138455,0.01602990194011289,0.013583386950697496,0.013235025003960676,0.013180646326777401,0.012013915264830866,0.011898240841197172,0.01187884451974397,0.011550203433637884,0.011320356729670356,0.011289459752615971,0.011159706370390765,0.010611153515268867,0.01024745380274339,0.009940587598878614,0.009935879418919491,0.009916024812366642,0.009513943523294044,0.009362024070351027
null,null_nonparam,gauss,8000,2,,900076,k2,quadratic,0.05,99,0.029990732259369643,0.16768708577556043,0.15672837030678213,0.1516010620080071,0.14404541995773845,0.13534891049974274,0.12288511799035014,0.12093726460626632,0.11813740419975195,0.11744725240619597,0.11393187539032355,0.10776995934452102,0.10585665348822257,0.1043275314560352,0.10320160286434225,0.1028266857345539,0.09408815196035798,0.09221609872499067,0.08915929531282188,0.08709882076370626,0.08644115117762212
null,null_nonparam,gauss,8000,2,,900077,k1,linear,0.05,99,0.0038795772585187294,0.015075168824342455,0.014569282562217456,0.013058953053992628,0.012269786785282455,0.011920778787996134,0.011744242209704603,0.01169033169052025,0.011225164552642108,0.011049814823220427,0.010986347201977664,0.01089987636487133,0.010887264669094177,0.010618492227042475,0.010415522271388422,0.010296325019583663,0.00998862731245076,0.009904698527863798,0.00951198382778351,0.009258445719810493,0.00918528074732361
null,null_nonparam,gauss,8000,2,,900077,k2,linear,0.05,99,0.061655716553765484,0.1955701089705916,0.15000829430688112,0.13617101369318124,0.12940877043936222,0.12345795761770671,0.12042088469418522,0.11844576971015232,0.11145052650928934,0.10246340415704681,0.09841082740703674,0.09776956400248708,0.09330536832660329,0.09261607480620529,0.0921527730966331,0.09142317636839249,0.09036761608863296,0.08448476222320322,0.08379898150396003,0.08377883451130058,0.08334929800245001
null,null_nonparam,gauss,8000,2,,900077,k1,quadratic,0.05,99,0.003916507881425391,0.01803688694363914,0.01635006322149335,0.01410581780589304,0.01406146239214845,0.01301190143620623,0.012903406168685572,0.012346501106675567,0.01228041003522784,0.012218015977534025,0.011844472748257284,0.011682404955637327,0.011651673685766917,0.011537809269500654,0.011380139536225409,0.011166132004231222,0.011093042893381866,0.011010993617722953,0.010797262332046142,0.010481639966626877,0.010275591316996846
null,null_nonparam,gauss,8000,2,,900077,k2,quadratic,0.05,99,0.06581924906610453,0.16210571153315867,0.13372043612642745,0.12606903843918088,0.12339186276117534,0.10921845032878527,0.10507505135847746,0.10051347684418781,0.09950819062513136,0.09687246195709158,0.0939962365079958,0.0928355069878863,0.09188537626671613,0.08992770426623962,0.08974476312291832,0.08911748412568145,0.08819178779441404,0.08815018667223168,0.08675681072204881,0.08570768452811367,0.0843996523058443
null,null_nonparam,gauss,8000,2,,900078,k1,linear,0.05,99,0.005443147645977975,0.014543090522005309,0.01376703344820962,0.012701581575884635,0.011903248405801148,0.011270512903609586,0.01115324389701322,0.01044093333509033,0.010419811938343182,0.010393961225861448,0.010138688637300608,0.010017210285806932,0.0099959968607366,0.009989607744357087,0.00996321365803654,0.009815511309604674,0.009799687988849781,0.009656156431778307,0.009287555697446659,0.009196280348054309,0.009000643040664724
null,null_nonparam,gauss,8000,2,,900078,k2,linear,0.05,99,0.06750661475650635,0.1423397755773957,0.1201723344870928,0.11883247714545364,0.11617417132049568,0.11096231905267531,0.11055598454278953,0.10342774246826238,0.10077980850661108,0.10032814800417111,0.09740913284991187,0.09603156828020858,0.09255649663609458,0.09214033785228831,0.09197899804727065,0.09129519727404711,0.08498630173937413,0.08352867544455585,0.08329027587657184,0.0824147909381854,0.08237544449154445
null,null_nonparam,gauss,8000,2,,900078,k1,quadratic,0.05,99,0.005358656272405393,0.018545371886931394,0.014023207251782188,0.012772119629631762,0.01152686539493164,0.01125534951459295,0.010885043671830852,0.010261165987462961,0.010175368164170528,0.009715487210684381,0.009654542866562976,0.009354024345406664,0.00930479096636172,0.009202774108442058,0.009031820056861761,0.009016310714419995,0.008666787005906174,0.008565172325193382,0.008548654509707765,0.008427100769676232,0.008323868297854031
null,null_nonparam,gauss,8000,2,,900078,k2,quadratic,0.05,99,0.07887719188930242,0.16757279148780135,0.16009211683573618,0.12878423490427723,0.11825365368297144,0.1174323383841308,0.10817880754557192,0.10712157502071679,0.10671156126174694,0.10455878024916708,0.10106348577901637,0.09908880085649806,0.09683426373281077,0.09594055446436622,0.09363803168078784,0.0908842374486756,0.09066103962695125,0.09049398831414172,0.08984110770338755,0.08653468141227623,0.08607188864138264
null,null_nonparam,gauss,8000,2,,900079,k1,linear,0.05,99,0.00454122052279915,0.017090924822790954,0.016782015190883737,0.01457793789352757,0.012513238813279592,0.012270655077441406,0.012056769405423662,0.011418994636349988,0.011204017624157014,0.011128761805852871,0.01072136928680123,0.01052689847917232,0.010355235149152042,0.010092375948067112,0.009935739853518144,0.009909757873394653,0.0098583997706152,0.009597290217881138,0.00944506056705241,0.009383267269574835,0.009166434020512093
null,null_nonparam,gauss,8000,2,,900079,k2,linear,0.05,99,0.048533976293268805,0.2087556394333588,0.13076050325242247,0.12646219711474163,0.12589821474191648,0.11564159266660046,0.11432932277885532,0.11145814080362841,0.10269783006910382,0.10207822260080884,0.10204245429949363,0.1019209793022016,0.10159984907965675,0.09987903517659145,0.09940360787326673,0.0975368810681745,0.09739676244437225,0.09603611532908228,0.09309192142675767,0.09030078700436381,0.08737262434731818
null,null_nonparam,gauss,8000,2,,900079,k1,quadratic,0.05,99,0.005032277656725093,0.017949702587734095,0.014368718790046864,0.013983586263360603,0.013482122470969915,0.013415951834694018,0.013330816691665803,0.012497238057510018,0.012476842126852183,0.012446411152177927,0.011988855462351844,0.011498704982249364,0.011438038753999069,0.01125387159079394,0.011089927359671514,0.010973774588857843,0.010783126966161238,0.010598508859362643,0.010556600884108702,0.010347524596317603,0.010192117323129413
null,null_nonparam,gauss,8000,2,,900079,k2,quadratic,0.05,99,0.04926919896359069,0.14844053534481727,0.1401743872479849,0.13629848140422382,0.1311665931594678,0.12522255260130455,0.12288608526424945,0.11834434708666973,0.11731860617186746,0.11468659816309437,0.11357334401051421,0.11067078215410293,0.11018229507817463,0.10385201830997284,0.10200123479889939,0.1011200928295475,0.0983587050686248,0.0967854241226375,0.09565877597360005,0.09558210394211712,0.09421554893834923
null,null_nonparam,gauss,8000,2,,900080,k1,linear,0.05,99,0.0056235021011118436,0.014244447619901068,0.01391396839506509,0.01285810762451245,0.01284279292210977,0.012775987488293561,0.012636131182425125,0.011808831570255807,0.011492826626146813,0.011353770696289955,0.010725676212779756,0.010400758109157637,0.010396480583894974,0.010366475501392247,0.010327310707908044,0.010303678762508928,0.010231743695426565,0.01003155814496115,0.01002730927200346,0.009981765909966689,0.009953136157782483
null,null_nonparam,gauss,8000,2,,900080,k2,linear,0.05,99,0.05351476633747895,0.19358787923554643,0.1777024552688593,0.15856966870866496,0.12719515999333955,0.12521480368119814,0.12133135789035507,0.11681354451949749,0.11579279267638025,0.11216376426739094,0.10645308539347972,0.1054748117948422,0.10047295040900647,0.10032527962602744,0.09947832121272601,0.09820513396859419,0.09803594597375284,0.09755251241635715,0.09699282284398393,0.09424969613456166,0.09232681812015565
null,null_nonparam,gauss,8000,2,,900080,k1,quadratic,0.05,99,0.005561026839741912,0.01553024860587382,0.015448486319219468,0.013321098501315132,0.012391079220848145,0.012380503727757675,0.012043697465278336,0.012015433203777293,0.011450455099292434,0.011313638819638094,0.011035605094953382,0.010814428658858954,0.010606519550766191,0.010585444362438134,0.010528763032561672,0.010499179557978744,0.010212930620831284,0.010178490965932485,0.009887710778677561,0.009840438302487375,0.009817954398355089
null,null_nonparam,gauss,8000,2,,900080,k2,quadratic,0.05,99,0.05433636134171168,0.1467881652382012,0.14553424764981487,0.1397268304741403,0.11996426976106023,0.11886877929830796,0.11883127033383876,0.11490783676446757,0.11489135687303273,0.11351988548799444,0.11036291770383448,0.10848034186660298,0.10635295170110799,0.10394031287093547,0.10215390699538533,0.10027619402467203,0.09981138773990077,0.09894595193529533,0.09884923777352166,0.09650771139622341,0.0960335715244821
null,null_nonparam,gauss,8000,2,,900081,k1,linear,0.05,99,0.004845422745316963,0.01914592780643176,0.018886572557559322,0.01564124962834279,0.01519826425512727,0.014780830151931434,0.01315321001932157,0.01283260790536922,0.011634018004663127,0.011438572639806521,0.011026718043782857,0.010386357556592785,0.01012076542743634,0.01007732654061022,0.009928757463410598,0.00982500052370272,0.009774214692652272,0.009611993602310687,0.009491709463366638,0.009480432733126931,0.009459357895401976
null,null_nonparam,gauss,8000,2,,900081,k2,linear,0.05,99,0.04243332750799447,0.13929843231898734,0.1325777485126122,0.12003331511202023,0.11955160597754337,0.11633139230887753,0.11539142173802686,0.11248789664876824,0.10858470370222627,0.10809105459961861,0.10605296959715575,0.1053088948062498,0.10249065562102093,0.09984576442463518,0.09737235754374259,0.09298127013981028,0.09270573866003524,0.09239021944635913,0.09230887986447724,0.08962249408060652,0.08884780442151946
null,null_nonparam,gauss,8000,2,,900081,k1,quadratic,0.05,99,0.004968236606059939,0.017178329395920677,0.01500524166336148,0.014328017025661555,0.011638686017124922,0.011583790456692888,0.010957401063581229,0.010811907392794473,0.010616002720393425,0.010318924227793014,0.00979696795741447,0.009436308671247784,0.009394978036368573,0.00932031574740233,0.00931952671784475,0.009227507893451836,0.009164368068345086,0.009016605536247502,0.00883685609691709,0.008756047123720911,0.008722595069111438
null,null_nonparam,gauss,8000,2,,900081,k2,quadratic,0.05,99,0.04309941937580451,0.19933027943508994,0.1811751947158363,0.16737478792149726,0.16709159831366896,0.1396032380240579,0.12613415680202467,0.11904374195889356,0.11863077024418785,0.11773223494673818,0.11608265790125086,0.1158652846827336,0.1154271436297353,0.11521868933151631,0.11359020899703168,0.10791034362137221,0.10604457707384862,0.10349065338641956,0.10121962505918967,0.09990971549925906,0.09703953614000475
null,null_nonparam,gauss,8000,2,,900082,k1,linear,0.05,99,0.0027125587535946627,0.014594817229530599,0.012692736986552378,0.01223175035564239,0.01221332506073558,0.011807019620486359,0.011702752698248609,0.011663798009303394,0.011008993331481753,0.010917466883612281,0.010742977924490527,0.010688345197340965,0.01047574688693731,0.010311681656337335,0.010271840045081637,0.010227976334614364,0.010184889341888326,0.009925903579949935,0.009871818411661182,0.009790214848515277,0.009756736597614002
null,null_nonparam,gauss,8000,2,,900082,k2,linear,0.05,99,0.05291915626647505,0.17257624074162362,0.15570705449825792,0.11657591469321764,0.11622267296716661,0.1002915501863548,0.09994492350364101,0.09943740232377403,0.09537771987436865,0.09439157624322059,0.09325642121043264,0.09188080846626868,0.09186452616319658,0.09170295168859217,0.08861671798444397,0.0884644174341049,0.08819684446034606,0.08817980245489669,0.0869136460995808,0.08648686471545655,0.08400596990972235
null,null_nonparam,gauss,8000,2,,900082,k1,quadratic,0.05,99,0.0026844280534845666,0.015411753711266019,0.015188997521972891,0.014950058832345792,0.012603409676420596,0.012327509663219494,0.012321027940632723,0.011730303611573678,0.011679990919734817,0.010903102063967718,0.010672083517627162,0.010621558728929226,0.0105259580152115,0.010431922584401954,0.010049679858552207,0.009971482079077054,0.009753275379436155,0.009594154547475031,0.009510482659290664,0.009477583165829806,0.009073574849512989
null,null_nonparam,gauss,8000,2,,900082,k2,quadratic,0.05,99,0.05639523149680771,0.20705793650555135,0.1849375819180668,0.1567843961839067,0.15194418959393638,0.13309048683623673,0.12389554127489448,0.11852524627119781,0.11072580773320842,0.10988103269834383,0.10617623900686146,0.10492632330582469,0.1033302191597134,0.09987101971137849,0.09793329428478321,0.09673877237138677,0.09554870414734404,0.09525238975101166,0.09384809672233277,0.09313497039300121,0.0923903200874997
null,null_nonparam,gauss,8000,2,,900083,k1,linear,0.05,99,0.0034532587796963776,0.013740134902651913,0.0136048098449425,0.012019799088186622,0.011596298822692197,0.011271054698307026,0.01112340179046789,0.010595015867260082,0.01045502775978624,0.010392728313006416,0.010253802652350541,0.010207376809480362,0.010179722245313494,0.010060344166400781,0.009754621725801216,0.00955661244052286,0.009438018309262941,0.0093925376006605,0.00938602239555475,0.009333049916707248,0.00911418106960793
null,null_nonparam,gauss,8000,2,,900083,k2,linear,0.05,99,0.05819474035061924,0.12351420378141079,0.12106752863416785,0.1206747337013675,0.11923329286681239,0.11390578629935842,0.11043527345413431,0.10746536822347452,0.1015124298660493,0.10093753678184862,0.09843028319635114,0.09692328282503894,0.09296234008088738,0.09258163407770413,0.09257468799990629,0.09092723574022883,0.08946913677684548,0.08862555638252294,0.08788317374289702,0.08739210554997498,0.08727251262968112
null,null_nonparam,gauss,8000,2,,900083,k1,quadratic,0.05,99,0.003426004631338464,0.014602957836357455,0.013941279351087688,0.01358029332306021,0.012458885131080288,0.012177005517729711,0.012135111810799626,0.011778585609863779,0.011272345977291431,0.011236512717939129,0.010849101952670415,0.010509544653917735,0.010290316221513107,0.01017727788795375,0.009969637970124068,0.00988746206712987,0.009871626613102369,0.009745862502307467,0.009519389687526969,0.00935738487299187,0.00925379038218166
null,null_nonparam,gauss,8000,2,,900083,k2,quadratic,0.05,99,0.06520460704660565,0.1688077449900068,0.1141395796732038,0.11344563793164515,0.11173070236230856,0.10256036440004421,0.097361004798064,0.09363854889058623,0.09269615727107758,0.088203765502053,0.08612008960065946,0.08605042287336713,0.08530171886193368,0.08464776604943933,0.08215226863159868,0.0807782083283391,0.07918790535191036,0.07849315106033582,0.07758453033471346,0.07729548663120733,0.07721581610892023
null,null_nonparam,gauss,8000,2,,900084,k1,linear,0.05,99,0.0038906277771620923,0.015172508759336512,0.012960904723439137,0.012161348492207735,0.011706641326139189,0.010800553066517615,0.010674333929147406,0.010663445840918162,0.010630726945666913,0.010396337045884607,0.010014757530236618,0.009973245478869242,0.00976940326809117,0.009444444617278669,0.009158449740723218,0.009023166421714413,0.008929178059409515,0.008748547303444876,0.00873239944265225,0.008727874253054768,0.008671897023607378
null,null_nonparam,gauss,8000,2,,900084,k2,linear,0.05,99,0.07912620311744242,0.14867071611987592,0.12154501373686975,0.12101992460735957,0.11937092564115051,0.10978356136872623,0.10580164830350264,0.10366024650707885,0.10275594132765382,0.09836762788804797,0.0954921468267523,0.09362006522180172,0.08967463930061073,0.08835518618901025,0.08653276881344558,0.08594491430506442,0.08580962523846473,0.083341623660417,0.08270299093534987,0.08213758173288173,0.08144598572699713
null,null_nonparam,gauss,8000,2,,900084,k1,quadratic,0.05,99,0.0039164767299353365,0.013995777611288673,0.013813770152998228,0.013139512576420098,0.012068850779886509,0.011385693546976161,0.01117647185474202,0.011001842550528607,0.010651463373467895,0.010610822408303133,0.010445924600441803,0.010089596505987841,0.009693955876816762,0.009647595871948078,0.0095664419558672,0.00909176976191528,0.009003814066912197,0.008961728467665964,0.008905868999254163,0.008823270347025236,0.008743285611213514
null,null_nonparam,gauss,8000,2,,900084,k2,quadratic,0.05,99,0.07684576131881567,0.18876843666028206,0.18234035858754283,0.15759307073429693,0.15042525488099817,0.1383097312999589,0.13543779611266882,0.13048426788974088,0.1233046705166344,0.119109359731188,0.11678790454524199,0.11044517427185063,0.1073726233186111,0.10399562611615236,0.1027890484072804,0.10144136767847893,0.0973038007558504,0.09699505685757022,0.0951338455837513,0.09505327596225534,0.09489613015912615
null,null_nonparam,gauss,8000,2,,900085,k1,linear,0.05,99,0.00705777438074584,0.015600098785680916,0.014473807865396315,0.01355833382233429,0.012625084880055315,0.01260673830973369,0.011452943634999269,0.011446485503374904,0.011316998569953274,0.011252901975858487,0.011232949380629242,0.011186620880225373,0.010676788923128844,0.010250673102983554,0.010060642368832196,0.009824186895745934,0.009623411764894674,0.00924169923444329,0.00908258950460017,0.009031335132694385,0.009028757442432922
null,null_nonparam,gauss,8000,2,,900085,k2,linear,0.05,99,0.05760886550184859,0.20853613152008912,0.1869787521252521,0.16732703123325687,0.15381323376294426,0.1378250857602696,0.13694621717881975,0.13263351522347605,0.12802198405891577,0.12131979709076648,0.11756255508932385,0.11307183718861244,0.11265017337959365,0.11260987544811768,0.11255691281748849,0.11054230978138438,0.11023864662500385,0.107922825860912,0.10713951388074609,0.09921653056078522,0.09921156441671494
null,null_nonparam,gauss,8000,2,,900085,k1,quadratic,0.05,99,0.0067172389239583685,0.014764046295908884,0.014393729420356105,0.013525139390244911,0.013105027691294513,0.011325949430860405,0.011312322845817624,0.011304700074679874,0.011253196541921806,0.011046898647795955,0.010488976264907635,0.01035684959029426,0.010236226313452335,0.010147469892183736,0.01005696192231953,0.009997795534638643,0.009845568328699206,0.009640373652185508,0.00961153873330256,0.009467000231848433,0.009401530371628053
null,null_nonparam,gauss,8000,2,,900085,k2,quadratic,0.05,99,0.05923718286583568,0.1510072137367701,0.13677035730102957,0.1337921097169434,0.12730409294743916,0.11690317101437754,0.11551691779412368,0.11235268444137565,0.11160604727645532,0.10912896208725215,0.10549062897250688,0.10464647347649596,0.0980014279716301,0.09506501921268341,0.09490839045209287,0.09184735002104347,0.09080402767580252,0.09078335462486142,0.09042157449099185,0.08937266441086375,0.08923577877058918
null,null_nonparam,gauss,8000,2,,900086,k1,linear,0.05,99,0.002784978719984399,0.015419847913182072,0.015364967223709836,0.014624028505264675,0.012735810069785858,0.01222740694994906,0.011853179731526331,0.011751925717395473,0.011586028103375834,0.011087048327240168,0.010814802950480873,0.010285710658569425,0.010225458713565505,0.010124075990266546,0.009742116736839446,0.009655480996099364,0.009516757050522906,0.009502991143448769,0.00947228131564859,0.00939339947578921,0.00912537074682318
null,null_nonparam,gauss,8000,2,,900086,k2,linear,0.05,99,0.05733627705224584,0.20917542893556826,0.13763193206236096,0.13207880060443739,0.12946271333233178,0.12920644739442652,0.12350300880359834,0.12145350943585868,0.12120106468090458,0.11096588519896887,0.11016633677518287,0.09670209281637887,0.09666399512201411,0.09521781524095262,0.09358678953923974,0.09344525165018046,0.09295275238358659,0.09169778016667061,0.09134902573704791,0.0905246825733409,0.08833390335278829
null,null_nonparam,gauss,8000,2,,900086,k1,quadratic,0.05,99,0.002532173971965812,0.012816256479004418,0.012617194682729482,0.012014066863511919,0.011710264482955757,0.011422027763743348,0.01101284088715948,0.011008990312857958,0.010838500180555766,0.010711812522811393,0.010636939842427084,0.010247498035601543,0.010049156821067218,0.009832090171401964,0.00979865345917319,0.009443868573635994,0.009397110590301683,0.009383907182783036,0.009335894634318054,0.009289037647052356,0.009112464448728708
null,null_nonparam,gauss,8000,2,,900086,k2,quadratic,0.05,99,0.04919030420831561,0.1759786482533649,0.12954184439166144,0.1262810672980245,0.11561351707417536,0.11085878501161167,0.10999369445887294,0.10149838991626425,0.10099323467036116,0.10073875713192419,0.09930167293123676,0.0972075222329281,0.09561020790779481,0.09238279294331433,0.09203306041290915,0.0914111010610607,0.08594299227176429,0.08589425760299776,0.08584770749205993,0.0848817644959909,0.0812018652196801
null,null_nonparam,gauss,8000,2,,900087,k1,linear,0.05,99,0.007081158734617121,0.01961585451311998,0.013147235902296495,0.012591099294920527,0.011805310341500008,0.011707852911462702,0.011659128365138827,0.0114458796246667,0.011067740520572356,0.010655609217860462,0.010637214207822376,0.010542112872397591,0.010490419751490565,0.009926568302459415,0.009874620112813037,0.009627616266834838,0.009609835176437764,0.009553449612662468,0.009483172963539288,0.009241155808282997,0.00923390094315435
null,null_nonparam,gauss,8000,2,,900087,k2,linear,0.05,99,0.10289332592555642,0.1696349847095798,0.13481459146413358,0.13084595283778713,0.1273145263793613,0.11948792323347274,0.11426752843544187,0.10909717746027199,0.10879800358219832,0.1071301461068544,0.10677373444180077,0.09992921734288454,0.09856133113349937,0.09799459670630185,0.0963785700881054,0.09491997661943653,0.09453634660466448,0.09175406486423113,0.0893075500284783,0.08906862418324225,0.08639961549126367
null,null_nonparam,gauss,8000,2,,900087,k1,quadratic,0.05,99,0.006815492162963843,0.01567449337827398,0.0141424852917722,0.01277583895737211,0.012132309855015344,0.010659937845327483,0.010566918785659851,0.010291489660800401,0.0102567785611829,0.010125932164802731,0.010097332419959804,0.010052322092398591,0.009934189079647937,0.009863877258062259,0.009787416402577742,0.009756544345517648,0.009683758158228417,0.009679281825100916,0.00950622029380721,0.00904326406868805,0.00900015368847884
null,null_nonparam,gauss,8000,2,,900087,k2,quadratic,0.05,99,0.09866842177658938,0.16574044457791148,0.15876660228654343,0.15432004867371754,0.15007665452881344,0.14898330408746546,0.13983846860396174,0.1304224262864848,0.12727315061111413,0.1219752176999745,0.12186976809921274,0.1172647135358451,0.11443496421638401,0.10884588261224251,0.10695675291743167,0.10643282531878633,0.09948034956175322,0.09397962684376743,0.09297428487969367,0.09281865174649234,0.08983672132456538
null,null_nonparam,gauss,8000,2,,900088,k1,linear,0.05,99,0.002431706460563121,0.016110353951802048,0.015497974174726092,0.014543378343632729,0.013415935254912248,0.0129953103779612,0.012346420455011775,0.01229474486470361,0.01191235632813381,0.011363236334415716,0.011273309213674754,0.011159816943450362,0.010585438872111164,0.01042049388634625,0.010410805392333744,0.010233437905251885,0.010207401005871142,0.010125176444546247,0.010113598964127002,0.010097546387575207,0.00985315143433152
null,null_nonparam,gauss,8000,2,,900088,k2,linear,0.05,99,0.05446656451372403,0.2012708290488654,0.14831357269521106,0.1342948598598244,0.1296325918497631,0.1281175380066791,0.11586117017394947,0.11488450166805785,0.113562233369055,0.11303925570934432,0.11249339940572918,0.11238991228389948,0.11107489239650534,0.10686066602239182,0.10443405826089848,0.10122829982184495,0.09474597589417033,0.0940583333396091,0.09294843845978512,0.09281888628562754,0.0913084493132744
null,null_nonparam,gauss,8000,2,,900088,k1,quadratic,0.05,99,0.0023687388664880293,0.013981198907900949,0.013947925576619946,0.013816163947234283,0.013213295365124944,0.01305990360357201,0.01243262575131765,0.011826776021964913,0.01133956774485323,0.011251076958469164,0.010927444627153782,0.010291508968307994,0.01013426741965151,0.010026294771017907,0.009923713300292625,0.009591903777637412,0.009487357364276305,0.009453160533746341,0.009366021330135643,0.009114160954006412,0.009041630439364567
null,null_nonparam,gauss,8000,2,,900088,k2,quadratic,0.05,99,0.06011761747087341,0.15242212233695387,0.14950859634824532,0.14222880682489544,0.14000288856472992,0.13562606198664132,0.12859480860709435,0.1284110683554801,0.12323050038014237,0.11527943190757062,0.10558774865949284,0.10419725340560353,0.10384195391838925,0.10196910918694899,0.09989543758617264,0.09596861472071323,0.09434971822323368,0.0940594683256062,0.09373749482855268,0.09217148206343036,0.09161987034476345
null,null_nonparam,gauss,8000,2,,900089,k1,linear,0.05,99,0.0040887857599846145,0.014725757315552701,0.014320199775009756,0.014145999241715668,0.013197967280938139,0.012646696604983854,0.01198722509409167,0.011551560264135174,0.010525744523848024,0.010521231198030168,0.01050487248923615,0.010119293164099541,0.009979379894198281,0.009949445554357728,0.009825263999328593,0.009725406314808338,0.009682031526063506,0.009636373852856428,0.009359143840356077,0.009165484872322605,0.009153562382523517
null,null_nonparam,gauss,8000,2,,900089,k2,linear,0.05,99,0.05512099362431944,0.14074884730273404,0.1345801564019091,0.12977610462766392,0.1205565867252292,0.11953183187590571,0.11775754816866656,0.1160454349670246,0.11413652084211873,0.1123240290699443,0.10790364278983886,0.1035537428907805,0.1017227074029077,0.10007574190724752,0.09559803530365622,0.09552784883518142,0.09520024155332005,0.09373443799906966,0.09187548333676036,0.09130065095911417,0.0827685573191408
null,null_nonparam,gauss,8000,2,,900089,k1,quadratic,0.05,99,0.003964765994124875,0.014507854679225995,0.013133099687926642,0.012384868704109375,0.012017531475963739,0.011247779782018186,0.011166998439911646,0.011111033534969672,0.010937532781671089,0.010633437551068825,0.01051859411312861,0.00984183591982457,0.009492696553871749,0.00945624807133949,0.0094152609567002,0.009292743760335176,0.009208566068822366,0.008971856693642088,0.008883777609619004,0.008736064532899657,0.008726261433991356
null,null_nonparam,gauss,8000,2,,900089,k2,quadratic,0.05,99,0.07076219376184288,0.20946890547725452,0.15592598071007044,0.1197550536387404,0.11829933678005072,0.11037825729453439,0.10647391640572688,0.10025701261497451,0.09647035617557395,0.09437493984814302,0.09430474192988056,0.09421123885134601,0.09419015467155005,0.0899844314428946,0.08888651879947347,0.08838723684739364,0.08550784312075226,0.08538924240338629,0.08536681115919438,0.08492869133167617,0.08436965215313963
null,null_nonparam,gauss,8000,2,,900090,k1,linear,0.05,99,0.004949548983710472,0.017623573780152557,0.014005206948287663,0.012956390020745556,0.01191890438978227,0.011867757386082589,0.011469072764096477,0.011205616114065675,0.01108113611635353,0.010785670064785036,0.010778227458020706,0.01060596635992661,0.010597465618681357,0.010314075732975603,0.010253036948371319,0.010134831032868274,0.009667760670883263,0.00961381685685736,0.00956116065676249,0.009375928237394526,0.009179223012059423
null,null_nonparam,gauss,8000,2,,900090,k2,linear,0.05,99,0.03623045177745831,0.16860656447869002,0.1553895715507357,0.14946365684692486,0.14518427107120055,0.13088838709066178,0.12801823222590034,0.1202964102367164,0.11169529987209262,0.11091326701119927,0.11022865607392061,0.10719975931844357,0.10201279568059583,0.10195889171570516,0.10010759692888359,0.09628364702297726,0.0944288118226533,0.09289087745283374,0.09043063628645465,0.08932550071913549,0.08894051298935753
null,null_nonparam,gauss,8000,2,,900090,k1,quadratic,0.05,99,0.005034250244595584,0.017948077361156223,0.013092602195593606,0.01282275669800681,0.012732215952264814,0.012123347309335508,0.012026997926492866,0.011848615292020304,0.011751889999738419,0.011730470895759071,0.011298179343190107,0.01126714332853418,0.011062709480360033,0.010892380794845447,0.01075418316250143,0.010132071015506061,0.010073078969296212,0.010030228931774632,0.009962795063048202,0.009903804970162522,0.009792785267633608
null,null_nonparam,gauss,8000,2,,900090,k2,quadratic,0.05,99,0.0433854205386539,0.17974958656126772,0.16283934637673983,0.13149230229415673,0.12793448120873135,0.12564041077421317,0.11974749362727308,0.11881119828206474,0.11697607400485532,0.11653078860908095,0.10205220668728189,0.10101703217324187,0.09988793770223754,0.09857986044356899,0.09848448141210774,0.09798485172354035,0.09418629252589782,0.09274105634743314,0.09245963484519222,0.0919833772186814,0.09123918377969148
null,null_nonparam,gauss,8000,2,,900091,k1,linear,0.05,99,0.005403295368285321,0.013447262237865076,0.012981620345638989,0.012948149182409274,0.01210654198898753,0.011923698972166275,0.010809321885436152,0.01079865766613719,0.01077358308242915,0.010726880607603295,0.010546885528443517,0.010461598532847005,0.010336197252275525,0.009827056496212516,0.00950091523727925,0.009464118504506347,0.009406986195569234,0.009132910151402274,0.009058278155942956,0.009057835979556894,0.00885988205117394
null,null_nonparam,gauss,8000,2,,900091,k2,linear,0.05,99,0.04961154568628185,0.264220223835565,0.18742572058131945,0.13625736517733403,0.1276994983398427,0.12769006124084456,0.1181211222123971,0.11148113817985023,0.10935873042134168,0.10689125584075937,0.10649905412244509,0.10610228069492586,0.10536313058346611,0.10505452709262163,0.1037665236320268,0.10302223536310952,0.09780642162017342,0.09762560397803757,0.0951908117813893,0.09513896045746834,0.09441010943172687
null,null_nonparam,gauss,8000,2,,900091,k1,quadratic,0.05,99,0.005705017671075341,0.015013618218694402,0.01472185733109388,0.013234150408066192,0.013220621609619676,0.011293013474042324,0.010500783325545382,0.01022638025250977,0.010220599666149521,0.010115529934836553,0.010107957982431248,0.01005186767879196,0.00979798342585192,0.009679143711410876,0.009614002033234037,0.009529286800582959,0.009522457501254689,0.009276369340272983,0.00924984208053925,0.00913530521367023,0.009104729155312241
null,null_nonparam,gauss,8000,2,,900091,k2,quadratic,0.05,99,0.04905101832826966,0.16839075680002225,0.15074524590650654,0.14354797194603194,0.13299890439274648,0.13224260739117938,0.12753052301149315,0.11627113245047016,0.11428885860637575,0.10780454183064483,0.10770772066172889,0.1022342872093197,0.09882460000116759,0.09879889926648597,0.0987625651251592,0.09530548550704052,0.09529547851605956,0.09433282435850872,0.08968561810518176,0.0887405234140469,0.0881189103467331
null,null_nonparam,gauss,8000,2,,900092,k1,linear,0.05,99,0.004471974793650468,0.01930557181823067,0.01726512468154806,0.01572702532316339,0.014447895769346464,0.012971880878770548,0.011474791738047996,0.010875773781401588,0.010569652889754755,0.010453617428613171,0.01041678145039171,0.01017767391283464,0.010115054091634379,0.009558318965009027,0.009517595801305734,0.009341765285856396,0.009097963547504473,0.009069772559623268,0.008998947290797088,0.008734054156890991,0.00873155118642488
null,null_nonparam,gauss,8000,2,,900092,k2,linear,0.05,99,0.09107608125646087,0.18117729080131245,0.1249291510459528,0.11315519068778788,0.11185876793675316,0.10701765148954724,0.10605515624771028,0.10301997556761415,0.09788329125675961,0.09522328339682988,0.09422949794507776,0.09214466345176572,0.09180692329433623,0.09171815066173138,0.09136200657010808,0.09030089691049176,0.09027258398244078,0.08755722102790585,0.08650067640994334,0.08628592399167824,0.08312284334197084
null,null_nonparam,gauss,8000,2,,900092,k1,quadratic,0.05,99,0.004350465735647124,0.015492998084020604,0.014973722015454882,0.014219607368642362,0.012944891540282777,0.012837535873835182,0.011660700684804293,0.011639384371563422,0.01097077846592387,0.010866332536445089,0.010854379390556557,0.010676789538829112,0.01052468844905774,0.010392031755172004,0.01014653199320037,0.010121446229320208,0.009948415497664675,0.009942141236512825,0.00956191333289691,0.009540659393379669,0.009411925176358693
null,null_nonparam,gauss,8000,2,,900092,k2,quadratic,0.05,99,0.07852427714204284,0.19710693825471573,0.1681471056653895,0.16756299795733381,0.15814935835579833,0.1503141319535882,0.1403596746384081,0.13194435371904736,0.12833479908571085,0.11705526368740685,0.11680761304020836,0.11436402487701844,0.10985409032690927,0.10865355907855626,0.10815495047621587,0.10746591990176642,0.10459909415521704,0.10323382559908056,0.0995307837043816,0.09883974012521397,0.09637385485387995
null,null_nonparam,gauss,8000,2,,900093,k1,linear,0.05,99,0.003234728090590666,0.022771620811755322,0.018964537893414346,0.013712217683919614,0.012885085652158401,0.011414993507801952,0.011396300818793947,0.011381620415260807,0.01122261068431063,0.011025030336512254,0.011013916937891999,0.010921322041665515,0.010738568234090806,0.010528364733488171,0.010293632655544949,0.010190428864333856,0.01017511998069498,0.010094946501998159,0.010069632325757083,0.010016274446347673,0.00974469391223809
null,null_nonparam,gauss,8000,2,,900093,k2,linear,0.05,99,0.06728042489591708,0.16033128130008809,0.13747851167154118,0.13633478709431024,0.13262922777604264,0.1299814434733265,0.12932763401925307,0.12514134072748567,0.12232546303440875,0.11382967902457924,0.11299090523608447,0.10344772287289808,0.10221500052144364,0.10145946824763713,0.10092606725229977,0.09701326158087174,0.09094301939220216,0.09036527920970848,0.0878987053897318,0.08718782158021841,0.08482135496871562
null,null_nonparam,gauss,8000,2,,900093,k1,quadratic,0.05,99,0.0031484498739327016,0.015374158945488214,0.01511833973308585,0.014654297049351728,0.012754012907978618,0.012406417213061904,0.012212325855095019,0.011679521986151298,0.011510863519882952,0.01109098264371522,0.010895373430178656,0.010461193911191158,0.010326355388427522,0.010138259234443225,0.009924431196192463,0.00954095344109096,0.009301773494544086,0.009058623184950654,0.009034515007873,0.00893755795311757,0.008826305346303243
null,null_nonparam,gauss,8000,2,,900093,k2,quadratic,0.05,99,0.06867086306794207,0.1491168753837356,0.13727155057565826,0.13463148253356674,0.112409452071859,0.10619193361637924,0.10463289394293826,0.1041550031415454,0.10346823039183944,0.1034290929072099,0.10124405292778882,0.10069012326323282,0.09824420077462498,0.09746938013006688,0.09557578183152243,0.092222256145578,0.08701132940034903,0.08695412414658481,0.08606419289477993,0.08572120678361589,0.08524709375766772
null,null_nonparam,gauss,8000,2,,900094,k1,linear,0.05,99,0.004602231100213849,0.014771771910894627,0.013184851094219407,0.012527708956443506,0.011554106646023965,0.011280768642101924,0.011273779753802837,0.011192301992824283,0.011162323350551673,0.01093730220605904,0.010747926264954022,0.010607335616045321,0.010394224439320698,0.01038490597641939,0.01035022447267231,0.010225491110882334,0.010046644862494292,0.009793689207820533,0.009790954465999202,0.009645648877091073,0.009639209957908568
null,null_nonparam,gauss,8000,2,,900094,k2,linear,0.05,99,0.07101170432415983,0.13631686832215262,0.12881846668684482,0.10605446026347497,0.10399374790992802,0.10309578143505178,0.102244021336332,0.101664481905018,0.10160115689598594,0.10100070083709035,0.09278808666592472,0.09171253205560947,0.0906342508217925,0.0869031799105872,0.08640401560899827,0.08455254567101263,0.08269543089915593,0.08264815904083103,0.08243280992478727,0.08191262447247144,0.08107215171243906
null,null_nonparam,gauss,8000,2,,900094,k1,quadratic,0.05,99,0.004601817182198209,0.01645014301201575,0.015451743655707562,0.015247132710987765,0.014539297410169683,0.01331786526812806,0.012913172249097382,0.01275653487735473,0.012458336274600468,0.012240916735892782,0.012179012229733277,0.011628790151743118,0.011593477674063601,0.011293758492906703,0.011104381929760931,0.011086141607926203,0.010991951207183104,0.010820375142275407,0.010750272177018072,0.010610602793233115,0.010560110500253295
null,null_nonparam,gauss,8000,2,,900094,k2,quadratic,0.05,99,0.06266633336071696,0.1646481441989812,0.1481438280407735,0.12263559393362003,0.12176208954442597,0.12091427628540771,0.11452502132280476,0.11362588229723779,0.11232706096749905,0.10644254996693898,0.10615516345955144,0.1018651153847361,0.10183116589304136,0.09520804093117795,0.09288551638363063,0.09229603169668091,0.09201173259659058,0.09029814996102035,0.08996684650636999,0.0887050795890375,0.08669248623465718
null,null_nonparam,gauss,8000,2,,900095,k1,linear,0.05,99,0.006042614955874548,0.014178307915861499,0.013922146193280804,0.013524886562916505,0.013293736672198575,0.013050403370371555,0.012429871851805219,0.012185011504695087,0.011959857757098291,0.011611855936124238,0.011165075896432008,0.011077763667065144,0.01103808835525355,0.01045387062511971,0.010448692546132343,0.010290254895980344,0.01022567445828848,0.010219595686319027,0.010021762476504548,0.009940581453524722,0.00993608910380872
null,null_nonparam,gauss,8000,2,,900095,k2,linear,0.05,99,0.055147913228961655,0.14400802609709848,0.12766893300752102,0.12456195412199463,0.11960182457965278,0.11459980492995653,0.11004723592761924,0.10849850759143849,0.10326069766542292,0.10230348335161707,0.10058719792081944,0.09851148877582565,0.09822626700712259,0.0979789404451802,0.09720382307975296,0.0955308177913293,0.0924145571782659,0.09072790641273099,0.09028502833192432,0.08913691394060287,0.0888647159110835
null,null_nonparam,gauss,8000,2,,900095,k1,quadratic,0.05,99,0.005885843935080626,0.016710778915878244,0.012855001069866145,0.012752081486242961,0.011972160275693922,0.01172017546532722,0.010913743838914525,0.010687311399604105,0.010325787946946496,0.01018076097787246,0.010063624751776912,0.01004760930013704,0.009969211628110375,0.009791797469991259,0.009679126099180313,0.009591108075108656,0.009540300647611355,0.009375803958140083,0.009371551148381174,0.0092537760250061,0.00917132020999234
null,null_nonparam,gauss,8000,2,,900095,k2,quadratic,0.05,99,0.0522532992660271,0.18711371252925935,0.17054389930171468,0.13696380474751274,0.1351741443648444,0.13102542439854659,0.13002182554302943,0.12782634742480298,0.12456099055640717,0.1182086712247441,0.11406679404216186,0.1126810938510812,0.10943718311838405,0.10742871350584475,0.10428257771206496,0.10362977823401145,0.09996420815308563,0.09954633372024455,0.09754676792164983,0.0969736271201604,0.09374071294053025
null,null_nonparam,gauss,8000,2,,900096,k1,linear,0.05,99,0.006088387822020924,0.014899881193360498,0.012748616933947465,0.01246091876452482,0.01183562835067864,0.011569052455535633,0.011553631776509476,0.011463423152018981,0.01098280016447084,0.010980349647162546,0.010319849361896116,0.010222708266562242,0.009778127250748447,0.009627633754808906,0.009586903896454557,0.009581178305764548,0.00957931075659546,0.009386904957286335,0.009371201650850813,0.009332553066025762,0.009279320253409273
null,null_nonparam,gauss,8000,2,,900096,k2,linear,0.05,99,0.05116210227701527,0.18906951792884347,0.1802025624298555,0.1635799357733378,0.16286711433703613,0.15934075327153008,0.15114439545157568,0.13205851590092318,0.12134399661728956,0.11199485120967995,0.1107918483956909,0.10377612377138781,0.09423826671227974,0.09357649662208971,0.09333399852968967,0.09301811764251687,0.09249583609784316,0.09237944632738213,0.09082343814496584,0.0897678625499198,0.08946012475860654
null,null_nonparam,gauss,8000,2,,900096,k1,quadratic,0.05,99,0.005853881801311855,0.0164837894569414,0.015846489110522333,0.014099510415070515,0.013772434926082489,0.013026578046028359,0.012282397816021695,0.012096659490575257,0.01159830222424052,0.0115863585204099,0.011450941859478037,0.011311363579147415,0.011236125508450878,0.010889431936809468,0.010639943080820835,0.010635518847194825,0.010357369690401685,0.010047392319285198,0.009770433206411022,0.009710716521336926,0.009491106710579289
null,null_nonparam,gauss,8000,2,,900096,k2,quadratic,0.05,99,0.05271476361528079,0.13160194502376268,0.12207599757669182,0.12040255906765011,0.11014119310805788,0.10966635223458383,0.10926799784995614,0.10766939991495471,0.10086595926113695,0.09798613243399591,0.09746461289219062,0.08995607978092422,0.08870475649170644,0.08696162999350261,0.08381923321572042,0.0808529425298462,0.07937256830168803,0.07915407840416963,0.07834310212947154,0.07591083024191674,0.07558715719827729
null,null_nonparam,gauss,8000,2,,900097,k1,linear,0.05,99,0.005916736271512679,0.012992089514532235,0.012338922779346229,0.012338561308439022,0.011694880618839054,0.011589620050085347,0.01135849947650891,0.011326166775320834,0.01131749821824557,0.010842144058721304,0.01072850941299408,0.010484365270289842,0.010391536014224823,0.010354042507419892,0.010348163863389659,0.010040270809467788,0.010039591439334306,0.01002324520801845,0.010021253165502397,0.009991634148447837,0.009983197759514617
null,null_nonparam,gauss,8000,2,,900097,k2,linear,0.05,99,0.051590383158244185,0.17597091441218266,0.15443577116592272,0.12361625600265978,0.12286233855084107,0.11896689068057009,0.11873816633925172,0.10778414997528207,0.10761830586184906,0.10584635950193012,0.10473941002305977,0.10379193012156686,0.10272066976739579,0.10175970964405073,0.1010903726609873,0.09995006521253154,0.09851934404808117,0.09627799182676122,0.0937869539490949,0.09151388227603509,0.0892706003213461
null,null_nonparam,gauss,8000,2,,900097,k1,quadratic,0.05,99,0.006058483011329052,0.015080581800924309,0.015008186942919832,0.013631659852894384,0.013564818489746666,0.012366326483293388,0.012249812886159672,0.01160686820394019,0.011598824039731892,0.011431764758475293,0.01119856879764225,0.011158230021700244,0.011146253902811099,0.01109943633374677,0.010870763507704106,0.010783587536233874,0.010613513746375647,0.010589944445854704,0.010460537954916194,0.010360377894844008,0.010052242938678901
null,null_nonparam,gauss,8000,2,,900097,k2,quadratic,0.05,99,0.046396333886560726,0.14308149610860527,0.1417752918016023,0.1295787169154684,0.12105167810668266,0.11732824123956014,0.10779503609412797,0.10670152842273806,0.10440508913924602,0.10382489784838443,0.1028616319188643,0.09875976903078176,0.09799782651226174,0.09698517722981193,0.0969264495858955,0.09229028940066551,0.09014985920798999,0.08903815723646973,0.08705300099786181,0.08508199988526721,0.08433093942850452
null,null_nonparam,gauss,8000,2,,900098,k1,linear,0.05,99,0.0030761255522389064,0.01758990593442933,0.015658474759615904,0.015501553967430914,0.015170446385863623,0.014880108635116684,0.01385829216870249,0.013403663369303875,0.01333004564166862,0.012237632556600597,0.011644588211233153,0.010786730002179334,0.010757363468162917,0.010756039569734033,0.01048534075096208,0.010481374761167395,0.010440618978242666,0.010426789099803102,0.010163687720688985,0.010092659025771611,0.010048848821970324
null,null_nonparam,gauss,8000,2,,900098,k2,linear,0.05,99,0.025373003794875428,0.16464013053906762,0.13529662445716092,0.12191637394646335,0.11994030695256146,0.11720324630314151,0.11675256831020518,0.11595570124742334,0.1132087068299189,0.11318639060303616,0.11168290785879141,0.10683880563221193,0.10543413784888479,0.10207241271379594,0.10152386158585053,0.09988388823524541,0.09679094364138265,0.09570750511792683,0.09512519045476797,0.09166662225920838,0.09028367988068715
null,null_nonparam,gauss,8000,2,,900098,k1,quadratic,0.05,99,0.0028877459187857113,0.015097653299538938,0.012397757732027559,0.012049861373948922,0.011968997991663066,0.011635668963471235,0.011628746473476337,0.011373465805384453,0.010817026575424937,0.010073479301394461,0.010014144050502938,0.009739536674942095,0.009590782444335533,0.009566685559923016,0.00951114966411215,0.009311798675929794,0.0090996273020445,0.00904280119552836,0.008944211567052607,0.008938313803318554,0.00891337159540917
null,null_nonparam,gauss,8000,2,,900098,k2,quadratic,0.05,99,0.02079715249560013,0.2444310842542308,0.20348639123396997,0.19507134908636958,0.1496724630110441,0.14914740398319548,0.13413213568622015,0.13315524610517146,0.1274926012666362,0.12114801056022986,0.12071904587810003,0.11609864514972436,0.11409797776358813,0.11027491969127756,0.10938294785572418,0.10289378170363422,0.102678318060863,0.10096228138132095,0.09882584977945524,0.09039071440727608,0.08916199584800118
null,null_nonparam,gauss,8000,2,,900099,k1,linear,0.05,99,0.0029567677666857417,0.01507313632877072,0.014815492033793176,0.014377216642611268,0.013625274470187243,0.013021477330609765,0.012908361583424788,0.012341302985766966,0.012318054444218185,0.011623881413682202,0.010909415622311625,0.010819653505795945,0.010442050016494231,0.010234727202210858,0.010104715135044628,0.010100649729299027,0.010016871694956908,0.009972742659717038,0.009776332410786903,0.009162077411989933,0.009115723633366879
null,null_nonparam,gauss,8000,2,,900099,k2,linear,0.05,99,0.04819660977666286,0.17749550483796694,0.1601130824900599,0.15565108310215842,0.14507634302088657,0.13859922589245455,0.13084682032684222,0.12855651165698684,0.127540337564879,0.11908482634804048,0.11804645418769516,0.1082314775062363,0.10501245881335211,0.10457857057402037,0.1018946803832003,0.10170772947326341,0.10038560101678563,0.09922249214826691,0.09870787979467054,0.09769279638237308,0.09754537060349822
null,null_nonparam,gauss,8000,2,,900099,k1,quadratic,0.05,99,0.0029083504104263636,0.019400000997614186,0.015712292851473797,0.013771465295849827,0.013506148064295398,0.01305231057420897,0.012527649181964029,0.011192485116331752,0.010778856703540174,0.01059792588998687,0.010593395584074683,0.010463539178200199,0.01039727607737595,0.010347303818642795,0.010195551392002788,0.009773166490811502,0.009756813637121331,0.009633876787782603,0.009559289024891782,0.009550127586698265,0.009385842022151425
null,null_nonparam,gauss,8000,2,,900099,k2,quadratic,0.05,99,0.048081116964995486,0.17993478770975374,0.1706571868187539,0.16922476203962866,0.14319724062288006,0.13114676126029906,0.12921532002535785,0.12213807852645732,0.12181903103912406,0.1157007784954101,0.11133576500676796,0.10848784002153959,0.10819391650690531,0.10806203089342863,0.1045046730751008,0.09999652253159305,0.09966218083011107,0.09911001996349326,0.09671632068402847,0.09560434563666675,0.09516945269600681
