block,cfg,noise,n,d,b,seed,method,detrend,trim,B,stat_obs,cv_0.01,cv_0.02,cv_0.03,cv_0.04,cv_0.05,cv_0.06,cv_0.07,cv_0.08,cv_0.09,cv_0.10,cv_0.11,cv_0.12,cv_0.13,cv_0.14,cv_0.15,cv_0.16,cv_0.17,cv_0.18,cv_0.19,cv_0.20
null,null_nonparam,gauss,20000,2,,900000,k1,linear,0.05,99,0.003987712470554405,0.012549541394773822,0.01110218097024962,0.011076485147453297,0.010705992067552295,0.01057184874914241,0.010542560133482204,0.010451585536746966,0.010420638374201485,0.010068502725558592,0.009995443011858507,0.009949989622777156,0.009911542982245392,0.009402367896713115,0.009380999998219841,0.009341335161081932,0.009333400314902263,0.009203580940571499,0.009171246794984378,0.009136422393081323,0.009054919448966858
null,null_nonparam,gauss,20000,2,,900000,k2,linear,0.05,99,0.03518187684441653,0.12248102002002562,0.11612346927989756,0.09992018070163865,0.09654869581954194,0.08994619492737388,0.08710100801851585,0.0776776758161982,0.0770809080547702,0.06925061484427067,0.06782700793591602,0.066529540234419,0.06464363780613024,0.06344803807744417,0.06290472691361267,0.059121904670694427,0.05827896958796975,0.05826318648902407,0.058220389005070254,0.05674973975828275,0.056408849802911505
null,null_nonparam,gauss,20000,2,,900000,k1,quadratic,0.05,99,0.0038766786496435834,0.016584273034570773,0.016326276341121604,0.013925540699710193,0.013075503353236373,0.012257568210846781,0.012138361376424212,0.012017919483470307,0.011505574533519969,0.011482470612858897,0.011148053728247453,0.01109988287292385,0.011042899147446272,0.011020303116272778,0.010954787103152563,0.01082899319060815,0.01055377963994264,0.010529999018512481,0.010420735842832873,0.01022740404108946,0.010125092663832658
null,null_nonparam,gauss,20000,2,,900000,k2,quadratic,0.05,99,0.04303588262396424,0.0897349858001122,0.08684809972476518,0.08378137294373578,0.08138877206811983,0.07892604574423134,0.07601550539551678,0.0759269478945995,0.07564284166710694,0.0710782333551709,0.06989435430120501,0.06841676023674532,0.06631582361008402,0.06446953774658774,0.061583818319908654,0.06144269486650827,0.06076826062242343,0.059550597705852124,0.059293067683319406,0.05821704101706588,0.05796271836175661
null,null_nonparam,gauss,20000,2,,900001,k1,linear,0.05,99,0.007000283179720013,0.014411586891779904,0.013742633503446955,0.012994490954012727,0.011690711434333978,0.01119351080498221,0.011189592207112908,0.011165995459835987,0.011160565936653488,0.010817379012455719,0.01070808422291325,0.010437761428965575,0.010425719256186516,0.010389736194428179,0.010385242507555792,0.009839735845096231,0.009795807848725802,0.009673748056255982,0.009588329192188438,0.009459183943882121,0.00944091866597263
null,null_nonparam,gauss,20000,2,,900001,k2,linear,0.05,99,0.03404021570914108,0.1380768412653441,0.11113082497423489,0.10402503515799574,0.0912011903613105,0.09017007484332858,0.07898624641286248,0.07563841300376462,0.07544124752633001,0.07524253486029676,0.07150857748420213,0.0677588848875383,0.06732752491259723,0.06358894227649452,0.06017322155431574,0.059193359611451786,0.058076830962830395,0.05553346442578499,0.05512511221278377,0.05504331845499096,0.05500033267703866
null,null_nonparam,gauss,20000,2,,900001,k1,quadratic,0.05,99,0.0067309786159461815,0.012993565207930824,0.012722702640614036,0.012287367462061827,0.01225812662386394,0.011619247774231178,0.01128131890951145,0.011262979747526103,0.010651708005867122,0.010578082709872705,0.010553190972650617,0.010296756801124629,0.010209122513836433,0.010135162191269198,0.010114793964807856,0.010063216816215914,0.01006013014185736,0.009989099494279952,0.009936810484968528,0.009855384243921628,0.009837034641309472
null,null_nonparam,gauss,20000,2,,900001,k2,quadratic,0.05,99,0.030695806598287845,0.14658362525261748,0.08896655262600546,0.08776474683477278,0.07583496061145271,0.0732978872977843,0.07292080353863986,0.07088588816170067,0.06957245379168052,0.06942324481076266,0.06903614637214402,0.06738863300096397,0.06717254732363595,0.0629929173648206,0.06281313171812858,0.0627334665844868,0.061329958024590965,0.0609847130911202,0.06065201466976422,0.059252986634716384,0.057669670216636125
null,null_nonparam,gauss,20000,2,,900002,k1,linear,0.05,99,0.006076073419182926,0.01662603222108383,0.015457379067119859,0.014676195491866273,0.013122010325567701,0.01303938544032146,0.012924551530440809,0.012814344262252031,0.011892644285775744,0.011616295991436987,0.011395895702947523,0.01091029491987594,0.010476600061818164,0.010407179101492803,0.010382855042521011,0.010211327406736803,0.010017454717519136,0.009531569827918362,0.009487603168279013,0.009262967403424915,0.008868701047613614
null,null_nonparam,gauss,20000,2,,900002,k2,linear,0.05,99,0.12321127333070114,0.1301822833050766,0.09372580119569263,0.09178292828996135,0.08872901377052617,0.08750897870470159,0.07540373234756648,0.07515830354742131,0.07367113432528392,0.07320363902404173,0.07284803054632759,0.07269286415654029,0.07263546129502332,0.07040647280099659,0.06804426022154979,0.0674398132005639,0.06349312745829946,0.06307769008764194,0.058234461646685,0.05699993487091393,0.05695370941949294
null,null_nonparam,gauss,20000,2,,900002,k1,quadratic,0.05,99,0.006165517274571486,0.015483377037810775,0.015416331056774868,0.015381170120872478,0.013386251156473628,0.013298478873644548,0.012603309704326326,0.012355792820427536,0.01204594616103194,0.011532333373602599,0.01140610844306178,0.01126438707472699,0.011148763138419504,0.011138199261437554,0.010976234794561668,0.01020380783536845,0.010139873423166357,0.010078255486159593,0.010074684540731793,0.009673898764980815,0.009663119337241621
null,null_nonparam,gauss,20000,2,,900002,k2,quadratic,0.05,99,0.12239297105922584,0.1170069030526186,0.09086280995043056,0.090677567671661,0.08478512063741751,0.0831836962062035,0.08314621693154867,0.07396303255940423,0.07255850229516046,0.0724719207212515,0.07047669125570195,0.07023007283923074,0.06983300632409975,0.06913144122750671,0.06792760425228597,0.06622065485779342,0.06514921041220993,0.06382481533899272,0.06363847849822121,0.061884642302520665,0.05792147143075968
null,null_nonparam,gauss,20000,2,,900003,k1,linear,0.05,99,0.007994935397490077,0.018038571238787382,0.015430240138881945,0.013057992814629826,0.012610016655296041,0.012098802584280643,0.011849711247932437,0.01169397636670455,0.011210123550618234,0.011157553132812525,0.011054657077063546,0.011012403893541634,0.010972716960488182,0.010834036006868941,0.0107811094587007,0.01057332955395851,0.010404379206567227,0.01036184353330738,0.010045069716484889,0.009840701744423308,0.009600581875208292
null,null_nonparam,gauss,20000,2,,900003,k2,linear,0.05,99,0.020868079856198374,0.10632614920739976,0.10005365601991924,0.09769168073509703,0.08815507017652194,0.08292099210367808,0.0786483883341046,0.07497502764336371,0.06967676621857417,0.06918653573206579,0.06900793941338622,0.06818474424828627,0.06264917817730399,0.06201539097937335,0.059599215403834234,0.058927732198100574,0.058264576563423064,0.05810198015902475,0.05715127920680537,0.0568081663700945,0.05603878324095799
null,null_nonparam,gauss,20000,2,,900003,k1,quadratic,0.05,99,0.00806011123408057,0.015160407321098912,0.013164438411214174,0.01296120928333655,0.01294028689715776,0.012396524511518625,0.011524861198186631,0.010771597093690577,0.01073765363740875,0.010573781695708329,0.010320100832786006,0.010169335436616467,0.00999472253714817,0.009926662773722672,0.009914741487719536,0.009773907396618542,0.009739009344232552,0.009691917106836145,0.00941115529705605,0.009196348531025689,0.009101825108177475
null,null_nonparam,gauss,20000,2,,900003,k2,quadratic,0.05,99,0.019328252650468836,0.11389710827078292,0.08949453055411533,0.07424196326150506,0.07304679202933227,0.06888242675029997,0.06745048383774004,0.06674778079913996,0.0639673913608063,0.061867144392945,0.0616975096483054,0.059854353305674804,0.05984536955422525,0.05921963756501915,0.05811966864147651,0.05648637118728814,0.05332767620291026,0.053207383790393054,0.05320081798081648,0.05209340165334598,0.052046051307076124
null,null_nonparam,gauss,20000,2,,900004,k1,linear,0.05,99,0.004528545934631034,0.016222576255987997,0.015085701997946677,0.01431592384779412,0.014305574022948964,0.014071549225908697,0.01277242427395342,0.012295733687094579,0.011761310687755766,0.011451457238189078,0.011162365318680423,0.010824922864527964,0.010482044411820657,0.01038514319900774,0.010053043311935017,0.00999741874495419,0.009993670893334139,0.00982317785926301,0.009632436158097057,0.009621036804564165,0.009345210010421323
null,null_nonparam,gauss,20000,2,,900004,k2,linear,0.05,99,0.03324781701985239,0.09085319765148238,0.08004112025193375,0.07907902413638669,0.07552300426838006,0.07288471392423,0.07108090079893543,0.07105118015575004,0.06820838879721307,0.06807673854115888,0.06793021088937422,0.06711736914993065,0.06404507559143831,0.0638216598609186,0.06316411152835505,0.06064025821854743,0.06037878255681027,0.05936424320102156,0.05918027966051153,0.05844377781556137,0.05798984971281456
null,null_nonparam,gauss,20000,2,,900004,k1,quadratic,0.05,99,0.0046221330249215375,0.014849740266217215,0.01233857000870886,0.011173658671764564,0.011084292023027964,0.010965412064460223,0.01083477594662463,0.010312303714728577,0.010085466936714305,0.010084416262904794,0.009699054870541013,0.00950103114414258,0.009461579029616751,0.00943434552166511,0.009219884317489657,0.009189903006559641,0.009070184798595338,0.009064884471095103,0.008992253358084068,0.008815219748762315,0.00872615572959079
null,null_nonparam,gauss,20000,2,,900004,k2,quadratic,0.05,99,0.03683696586352649,0.09789053777708388,0.08379869249927394,0.08121664455961741,0.08067762860407258,0.07957307781072255,0.07325272344545262,0.070604351010695,0.06808144092692847,0.0642126224934492,0.06372747691226893,0.06311001183482973,0.06213877334451798,0.057580577212964175,0.05619134583438867,0.05512475126238245,0.05509979612301744,0.054328875523503704,0.05415666058896043,0.05310369451742029,0.052570134981714395
null,null_nonparam,gauss,20000,2,,900005,k1,linear,0.05,99,0.00873339335622314,0.013275025858735745,0.013266847774418,0.012938179355854618,0.012394856960935008,0.011688648537032997,0.011309639887236544,0.011188770287867134,0.01109309008936199,0.011082926229373569,0.010648685841466277,0.010588356518892228,0.010502649023665822,0.010237217317117242,0.009854414200546224,0.009814389038574678,0.009706595064821966,0.009336594974611034,0.009297481118963113,0.009247189315150117,0.009222482848261881
null,null_nonparam,gauss,20000,2,,900005,k2,linear,0.05,99,0.052325836265467635,0.14047483592523924,0.11823338812069857,0.11169519394802578,0.08658476805398835,0.08494161620013804,0.07287009282566964,0.07005236202967804,0.06705915995660776,0.06685302542587739,0.06675174854012747,0.06337784002610491,0.059840085542885176,0.05960651695296,0.05940110916476688,0.0574348933617206,0.057343463099123186,0.056361548265005564,0.055247532650973485,0.054607538248691696,0.0537189158722184
null,null_nonparam,gauss,20000,2,,900005,k1,quadratic,0.05,99,0.008730739279070976,0.015839829122198723,0.015370031793048855,0.014104011277485062,0.012364027394410892,0.012190167185517242,0.012156589749215074,0.011888587842239118,0.011561046771381256,0.011527063159030626,0.011376599811751764,0.011362669462932184,0.011126905690945543,0.010918670295260835,0.010019730739842414,0.009859057135211846,0.009854843393316659,0.009783416671441003,0.009663598669676254,0.009550814933790286,0.009423027856958477
null,null_nonparam,gauss,20000,2,,900005,k2,quadratic,0.05,99,0.04435242690887258,0.12168669427252915,0.10514944621615809,0.10288231728877803,0.08607364698474368,0.08448581955830427,0.08230580833550284,0.07776468508679893,0.07189421625563737,0.06570688962574488,0.0648952274335376,0.06168441211438029,0.06102253787550912,0.06095074060609788,0.05926346841308731,0.059213828063835586,0.05900479219987921,0.05848718594027021,0.05834546289706976,0.05796050672831105,0.057480086645719616
null,null_nonparam,gauss,20000,2,,900006,k1,linear,0.05,99,0.005272087379254664,0.015365405758930528,0.015086315106092263,0.01502365538681949,0.01386776057123873,0.013493547884364854,0.012323250059729007,0.01172832843274152,0.011332633089658817,0.011233526322098286,0.011085579339550566,0.010896515287768693,0.010866792824237637,0.010804825913731997,0.010175083448286881,0.01013947314035557,0.009772230332068421,0.009703687519679982,0.009502235832328565,0.009362898175956036,0.009266441147621207
null,null_nonparam,gauss,20000,2,,900006,k2,linear,0.05,99,0.029671592533889284,0.09898993128110532,0.09850158706606936,0.08524816514170842,0.07531676380187927,0.07322306268827668,0.07279364280941386,0.07228455883278706,0.07151298698220357,0.06978493074512425,0.06704359853784318,0.0657667728965932,0.06314301208655337,0.061951491027855625,0.06062926576000601,0.060404951406104905,0.057783262781548,0.05708776247382931,0.056331007260425406,0.0561153267873848,0.0554710681698715
null,null_nonparam,gauss,20000,2,,900006,k1,quadratic,0.05,99,0.005304534151244988,0.015541097082863109,0.01307928430024885,0.0129337592575276,0.011890158487188662,0.011619919590989625,0.011152438267648224,0.010854302818326445,0.010806354783878258,0.010663428684315579,0.010367646800971464,0.010040579200943034,0.009859542307965263,0.009550710305316401,0.009542302347974152,0.00952286558890203,0.00923010169568772,0.009079224039993838,0.008964686603021854,0.008510230837403099,0.008406621923087831
null,null_nonparam,gauss,20000,2,,900006,k2,quadratic,0.05,99,0.027398633792854815,0.14175144272975435,0.08881402094972711,0.07843662165849193,0.07298658276383109,0.06986764431545486,0.06500669596361117,0.0648815005319468,0.06424391413936113,0.06412129234111,0.06306424818299876,0.06286066783039085,0.06070617521474198,0.06050102288066644,0.060041515827872045,0.05947732061665451,0.058822681009601314,0.05818982924559643,0.05773572196002198,0.05641654603843773,0.05554384200071786
null,null_nonparam,gauss,20000,2,,900007,k1,linear,0.05,99,0.007663626261569134,0.017834179786768933,0.014172306101560728,0.014039107771153914,0.012975433228019972,0.01272626833878765,0.012178949932936,0.01194358578284438,0.011600804053093383,0.011165061638925389,0.010887016862200283,0.01035910097966064,0.010292678732573557,0.009945685039769225,0.009836418852422368,0.009795206959608449,0.0096476230169239,0.00947203038568123,0.009470518824778451,0.009301810989868153,0.009200585916443349
null,null_nonparam,gauss,20000,2,,900007,k2,linear,0.05,99,0.03339265567815154,0.1056779458898488,0.09324103289265225,0.08887823367889897,0.08523631871475269,0.08127050907078417,0.08110044249074362,0.0788863958873572,0.07553936817285845,0.0720960986643739,0.06725300791819312,0.06485865203170045,0.0647695157865819,0.0636325877134826,0.0623939076027839,0.061673494269491945,0.06060143209569209,0.06053013500772967,0.059097804400508054,0.0582348505332923,0.05705644590658857
null,null_nonparam,gauss,20000,2,,900007,k1,quadratic,0.05,99,0.007686826440001182,0.016588872429135426,0.014083480207053412,0.013199648097855787,0.012590645076299811,0.012285023707118703,0.012004280451319072,0.011650412078685335,0.010695330179501528,0.010693236131767203,0.010675179707173466,0.010267572995841134,0.010108569945505685,0.009933935620190959,0.009813482508506,0.009789345556558082,0.009705727152011456,0.009494113799354609,0.009409751850672055,0.009380696496731011,0.009379724327469141
null,null_nonparam,gauss,20000,2,,900007,k2,quadratic,0.05,99,0.03358450917576118,0.13192021610817467,0.12377730774320664,0.11614051137303456,0.0981068019008294,0.088657368741547,0.08266961400175465,0.079305710720493,0.07728372142340732,0.07475558206269567,0.07457110965915682,0.06946241431218618,0.06862509703586928,0.0682834345419705,0.067251394567662,0.06477682814349137,0.06352315770469141,0.06265814586869907,0.0626421305849364,0.062201257638094525,0.06200550740099462
null,null_nonparam,gauss,20000,2,,900008,k1,linear,0.05,99,0.008547144503342707,0.015369493649236232,0.014480589348040307,0.013066347632267772,0.012624357761795602,0.012563076696010533,0.012497739253557905,0.01184816443161163,0.011647619182199809,0.011331198166325995,0.010861354546772284,0.010745482518426552,0.010523578462362848,0.010500768440094177,0.010259279163547741,0.010253137340914154,0.010145018372714754,0.010079528131960114,0.010026246558168861,0.009624615978555684,0.009510334482745075
null,null_nonparam,gauss,20000,2,,900008,k2,linear,0.05,99,0.023629428670659067,0.16609950115138156,0.0949169727137385,0.0874947580056845,0.087270959720936,0.08130853747851065,0.07539432234160434,0.07129809995656503,0.07126893444379026,0.07106066044701219,0.06972080265206222,0.06888557651500138,0.06883970866661142,0.06725489768784682,0.06439225276123942,0.06184243590573369,0.061156977821288275,0.06092617344378734,0.060836357926229705,0.059668296345394695,0.057702093505850344
null,null_nonparam,gauss,20000,2,,900008,k1,quadratic,0.05,99,0.00851216087157014,0.018794504222154784,0.013873000275653191,0.013689252966800458,0.01337014731342534,0.013052189768205102,0.012502630830659944,0.012035944272915766,0.010915266895803466,0.010453455994851923,0.010409554258420828,0.010157104427331087,0.010137771702888987,0.010090057459358648,0.009994644188095148,0.009923237434598664,0.00962428069894139,0.00961159683248014,0.009361009003959753,0.00912293582259327,0.009075803942425464
null,null_nonparam,gauss,20000,2,,900008,k2,quadratic,0.05,99,0.021293394764470546,0.08520118535211747,0.08186025034809713,0.08106127331499098,0.08068521930000785,0.077564158754126,0.07306889947054361,0.07164386512579009,0.07029391847851794,0.06990860782810467,0.06765919048481936,0.06651853686307366,0.06476919904276195,0.06431380023353624,0.06426800795936513,0.06423592933005093,0.06279609181843605,0.06173160685815792,0.0611152920711402,0.06029570519388988,0.059560555944722274
null,null_nonparam,gauss,20000,2,,900009,k1,linear,0.05,99,0.006407531004281708,0.014368061903850204,0.013485934467267313,0.013031795530230483,0.011140600131958722,0.011062194909135736,0.010913381832859503,0.010388428188986554,0.010299840075976618,0.010159451594948132,0.010130183064056553,0.010047085354366492,0.010036106302096504,0.009925204100888485,0.009854952158962815,0.00971504608490037,0.009690936014502216,0.009604394698025653,0.00948042743919264,0.009475303815306146,0.009361421860028973
null,null_nonparam,gauss,20000,2,,900009,k2,linear,0.05,99,0.06518300602017607,0.09644148364829537,0.09221441212045661,0.08571657738444369,0.08047778505588353,0.07070894026471197,0.06750864334557674,0.06556267353403887,0.06468191537804407,0.0625706719706719,0.06232323078164586,0.061361171268833295,0.05839834288704259,0.0570322535916735,0.05379729857595827,0.053418430129293815,0.051527430522574545,0.05125581246134788,0.05093234196122077,0.05068941744942478,0.05055455239837331
null,null_nonparam,gauss,20000,2,,900009,k1,quadratic,0.05,99,0.00631609203477379,0.014418560842384465,0.01358081393328825,0.012713739975263594,0.012517544212119258,0.01191609564511853,0.011233247648912204,0.011183443859831388,0.010874730128184518,0.010223972968198103,0.009941946892740194,0.00993812107281411,0.009696368845742431,0.0096275257194679,0.009121820466457375,0.009095987665674321,0.008745050667485543,0.008603931722692915,0.008496212612310483,0.008373007002307808,0.008269379807408828
null,null_nonparam,gauss,20000,2,,900009,k2,quadratic,0.05,99,0.059184930159247,0.14605454780201282,0.11395881086426685,0.10643767387588715,0.10602478635793897,0.09582575706297851,0.09515080337356951,0.08164661392461049,0.07841005040959834,0.07645915185169266,0.07318607729445484,0.07037577109727174,0.06994907998649758,0.06710829733099236,0.06676385670636417,0.06668609011644683,0.06479919834892427,0.06361966632459634,0.06314471472929047,0.06264544773698522,0.061976643456829114
null,null_nonparam,gauss,20000,2,,900010,k1,linear,0.05,99,0.010683622169958773,0.016534526626404422,0.016414193254522313,0.015426405810784138,0.012813208645122032,0.012155092902039533,0.011698524336670846,0.011195620758183256,0.010820557443234846,0.010553862219162768,0.01045453593494039,0.010292945912266704,0.009785556103797721,0.009412591459713071,0.009352066987490137,0.00920394277010772,0.009116431140780201,0.00898333226273662,0.008912355260581317,0.008790733001411977,0.008774174779855093
null,null_nonparam,gauss,20000,2,,900010,k2,linear,0.05,99,0.020262212047846274,0.08398813363615047,0.08340242382657312,0.0811908115666156,0.08021897847191825,0.07698883754062066,0.07587836635097606,0.07420751290005338,0.07412188510907726,0.07407420291240895,0.07050511521295894,0.06738638351533313,0.05948075202237588,0.0591356998769433,0.05887220965626965,0.05717760645652116,0.057006403317159636,0.056013350926107736,0.05559906550885311,0.054447783730565795,0.052483461175356454
null,null_nonparam,gauss,20000,2,,900010,k1,quadratic,0.05,99,0.010740225454794361,0.01780097757213095,0.017587200053459262,0.014214396907538451,0.014152808267283157,0.013207220541459397,0.012321080421650366,0.011505540125486324,0.011279689113387392,0.011094650702898612,0.010928458663263751,0.010927988476952644,0.010842174302521101,0.010805146187879644,0.010769416308176849,0.01068938125390484,0.010627278747238234,0.010344949812273074,0.010228344064788009,0.010227081475105315,0.010075270427783223
null,null_nonparam,gauss,20000,2,,900010,k2,quadratic,0.05,99,0.02249122721484797,0.0886302560956772,0.08591986285778783,0.0827788725673404,0.08019061232948993,0.07661651003966796,0.07624869429628074,0.07295439865867391,0.0722177883709213,0.07066563738394208,0.06958459661735528,0.06931100707304887,0.06502548268423428,0.06459759053962526,0.06248211254424764,0.062090604059259334,0.06051302483036533,0.060363158918716554,0.06024364091384003,0.05906833053323416,0.05779193480668878
null,null_nonparam,gauss,20000,2,,900011,k1,linear,0.05,99,0.009354648672096455,0.025721646389953112,0.016225953057238174,0.012571577722908067,0.011011644835085543,0.010876396451590886,0.010702790108624627,0.01060678093280143,0.010577051595490605,0.010480039293079613,0.010402819805101937,0.010364050156649984,0.010085162096776124,0.010034208256707755,0.009957478496488426,0.00993928179735415,0.00978494232070748,0.009655188019759509,0.009592340987090386,0.00958094788330599,0.009460461370715545
null,null_nonparam,gauss,20000,2,,900011,k2,linear,0.05,99,0.03513768599813086,0.13445024472159775,0.0868498171313348,0.07320949083088348,0.06827857907193527,0.06823943835731505,0.06777713491072594,0.06511265388222805,0.05885772473210056,0.058741436301697224,0.05768269033471012,0.05759092114476546,0.05699387499082666,0.05418659078639867,0.05384536614450858,0.052781233532382336,0.05257904756071177,0.05129512110869501,0.0512812617837599,0.051224505451876755,0.049547283848569816
null,null_nonparam,gauss,20000,2,,900011,k1,quadratic,0.05,99,0.009247585326610075,0.014447398167806491,0.013095814123224692,0.01243630286184172,0.011521711575612992,0.011295118720615505,0.011099953397999518,0.01102814303170685,0.010804821564429856,0.010646389400408962,0.010552144967403865,0.010546000144918577,0.010481393646074255,0.010379629817497515,0.010128336436765473,0.009958679739698884,0.009727168147895204,0.009670591154971264,0.009526425568450292,0.009508198554832203,0.009242673659254907
null,null_nonparam,gauss,20000,2,,900011,k2,quadratic,0.05,99,0.03615296095224676,0.09284774130271731,0.08567231153202126,0.081287084075882,0.0784320197001687,0.07539124549552129,0.07461701377455343,0.07237644400344541,0.069525982067493,0.06846678297654336,0.06464769393616832,0.06157362253529211,0.06104835243038288,0.06050505244967101,0.05730761209391813,0.05712536786164252,0.055655246949725144,0.05522927576561298,0.055064324915227836,0.05473168627891801,0.054614426166080136
null,null_nonparam,gauss,20000,2,,900012,k1,linear,0.05,99,0.007696671856361803,0.017060122342119288,0.01613179643976881,0.014516330316742265,0.01449726983417321,0.014005411880359198,0.013885169046990886,0.01272120018633105,0.012700190766885222,0.012328499388327474,0.01222804544153,0.01163908528175317,0.011595962131922266,0.011466667822535914,0.011136167729556057,0.010518763504218764,0.010401057417636528,0.010197726934269014,0.01003613423363725,0.009984650337607759,0.009930820439919552
null,null_nonparam,gauss,20000,2,,900012,k2,linear,0.05,99,0.03650805938034939,0.15299697352527714,0.09243493514970835,0.08690218347353817,0.08299409994507717,0.07619428240364529,0.07079325549477856,0.06998582837556538,0.06978650150518362,0.06701819280000526,0.06678646952388777,0.06488208092785643,0.06430465731355207,0.06317168425100045,0.062211681257134055,0.05793742014580374,0.05774288914731853,0.056381850944727356,0.055727614348161994,0.0544334874748046,0.05404238231702866
null,null_nonparam,gauss,20000,2,,900012,k1,quadratic,0.05,99,0.0078055146665363395,0.01878881135493682,0.01376423915527325,0.01375006344598606,0.013743912735441732,0.013636633633869022,0.012297411627737787,0.012231636451311534,0.012208884319197977,0.012041890371149111,0.011570970926210289,0.011469878663823652,0.011300682978851673,0.011152038282549404,0.01096028052997644,0.010844530948936892,0.010729724681120989,0.01058236716957861,0.010489100238693316,0.009962742569094463,0.009807961644654473
null,null_nonparam,gauss,20000,2,,900012,k2,quadratic,0.05,99,0.03949287293301776,0.10985110074637242,0.09306666359149496,0.0928104802578069,0.0810700296410253,0.0744069629350528,0.07407815812726311,0.07032105352197532,0.06882415699050683,0.06795419310445648,0.0669401221513115,0.0663673120995274,0.06324626402448401,0.06177216796536773,0.06175026277242887,0.06123771797956701,0.06054238545862407,0.05971752559456872,0.05739168385191108,0.056204226323436274,0.054394345521759764
null,null_nonparam,gauss,20000,2,,900013,k1,linear,0.05,99,0.003883439627845986,0.014393329287696766,0.014092742386586976,0.013046632376300993,0.012980335217135819,0.01214512634419962,0.012130629298996554,0.011612068006995324,0.011367810121617805,0.010788027712758996,0.01070441063432892,0.010567468830487758,0.01054925215453617,0.010323312562815934,0.009920297239303877,0.009870700777093955,0.009731001856097876,0.00970061484634921,0.00949743674453396,0.009367439417266366,0.00930612565674982
null,null_nonparam,gauss,20000,2,,900013,k2,linear,0.05,99,0.06896589651438552,0.12548668849636427,0.07596089709536837,0.07586521832799145,0.07174940296424463,0.07171616962019484,0.07064707989548898,0.06770520130138503,0.06546534140071542,0.06530910961747848,0.06430129156963169,0.06286927190003151,0.06274566725007899,0.06203375403256923,0.06181724236538605,0.061757171410827615,0.06034543977198201,0.058386392220749046,0.05793436900678515,0.05542976966419036,0.05524438541201833
null,null_nonparam,gauss,20000,2,,900013,k1,quadratic,0.05,99,0.0036540039165071647,0.01479370369489863,0.014615566150644965,0.012914742527632694,0.012602748526270635,0.012105770483585077,0.011649162474961283,0.011332667531251617,0.011169877535884831,0.010956659287820414,0.010925206738844229,0.01049881719016954,0.010314896954589536,0.010226762354138219,0.010072377127441023,0.009914860065524111,0.009851539101040419,0.00976999897103159,0.009746095900071805,0.009709931391648108,0.009629806653613016
null,null_nonparam,gauss,20000,2,,900013,k2,quadratic,0.05,99,0.07257479265202328,0.11649247085721529,0.09694873902894902,0.09414116767464786,0.08189399921505666,0.07098118038472839,0.07004984630119433,0.06807890271542223,0.06331856464931436,0.0619514512660246,0.06169281078869164,0.061677950294684994,0.061467203222806015,0.06108684978741472,0.06081698244449068,0.05802232472839126,0.05568786646985688,0.055600701175151895,0.05418241465255588,0.053912692131900246,0.0517944742643264
null,null_nonparam,gauss,20000,2,,900014,k1,linear,0.05,99,0.006476324338401396,0.014331058476115155,0.012903294608326954,0.01285112658648524,0.012804818669561957,0.012708928039604661,0.012566714566199733,0.011479869765322004,0.011311557762456848,0.01111569821988978,0.011091486541901507,0.010843356207156485,0.010646667132806709,0.01012418223715339,0.010088308072478736,0.009969348337861339,0.009720920200012806,0.009665288625751334,0.00965391919171632,0.009569095441115172,0.009496227982925487
null,null_nonparam,gauss,20000,2,,900014,k2,linear,0.05,99,0.017259767746518176,0.08735558019773534,0.08691675525908697,0.08571174279257776,0.07886233188589983,0.07862656937216703,0.0742067939734537,0.07336412243632244,0.07276474168034536,0.07077095017399859,0.0705913216311714,0.06577358647074232,0.06511668389204624,0.06292144006367023,0.06200708264550667,0.061629097136198026,0.060115046942061046,0.05768982290909438,0.057567702936298294,0.057077286036877395,0.05594099924947073
null,null_nonparam,gauss,20000,2,,900014,k1,quadratic,0.05,99,0.006428319457645881,0.013750456349579054,0.013519673447328406,0.01293892847869793,0.012586086626650728,0.01184434456959993,0.01147682246708237,0.011426653554102106,0.011047943097574398,0.010900534723481847,0.010337217665840615,0.010238127393296992,0.010145844627334477,0.01005541693816514,0.009636715115205918,0.009563631636358871,0.009302838568503224,0.00908243069190895,0.009075847450186747,0.008908432424111767,0.008880965170566468
null,null_nonparam,gauss,20000,2,,900014,k2,quadratic,0.05,99,0.013987833195261024,0.11434442812341661,0.0920649210446212,0.08989948083444141,0.08712447695183878,0.08451449399108427,0.08211156477427098,0.08068005892997689,0.07010853350108065,0.06691809393333756,0.06429013323983597,0.06346061173502116,0.06266318490309625,0.06090203248675215,0.060075307156234,0.059568187576232313,0.05860494773082571,0.05712564292780412,0.0569671886325563,0.05526888989001645,0.055250762373580516
null,null_nonparam,gauss,20000,2,,900015,k1,linear,0.05,99,0.004202856968826052,0.016150242207945142,0.013746503656750564,0.012685001371022353,0.012254951812064818,0.012238765362987403,0.012103999436679835,0.011846432674270102,0.011729613048550913,0.01165568199448308,0.011620367929393804,0.011181374240604836,0.011165203460327233,0.010889507293870171,0.01069595182484051,0.010457240981604166,0.010153424255615606,0.009892413505627196,0.009729577252393318,0.009463736944649526,0.009459377317613926
null,null_nonparam,gauss,20000,2,,900015,k2,linear,0.05,99,0.02911482279832562,0.09061277040374836,0.09014499498904423,0.08883476330244118,0.08802918984562243,0.08671367857632835,0.07675251463884006,0.07552840666014167,0.07531887705645327,0.07455142739931835,0.07305984816508324,0.07224095344945675,0.07218707399596531,0.07043906045230101,0.07030813634685679,0.06818815065990125,0.06517730058866161,0.06383778187616898,0.06328968329189946,0.06258121574495913,0.06203411684958841
null,null_nonparam,gauss,20000,2,,900015,k1,quadratic,0.05,99,0.004242811378816436,0.01416275663085087,0.013533000194001166,0.012641993316130695,0.012014587762777196,0.011772744683075098,0.011642335643866186,0.011641911070603639,0.011338306995285485,0.010886611035786697,0.01076143580766109,0.010695824366838802,0.01054938404431116,0.010463061503694915,0.010312494673267003,0.010236546883403808,0.010190009540005152,0.010181794451346371,0.010140076411635501,0.010108291809521108,0.009816196690949797
null,null_nonparam,gauss,20000,2,,900015,k2,quadratic,0.05,99,0.03236990160510782,0.12283855523318195,0.09621876089350061,0.08623294317829694,0.08588491495067621,0.08587454012738958,0.08363546052044453,0.08032573945220388,0.07642254017787636,0.07578910354644858,0.07177394957527684,0.06547986976089586,0.06493117193812466,0.06486031526268478,0.06474972678929647,0.06458316260020108,0.05973270257378386,0.05925517584766468,0.05919232804169613,0.05859680569219351,0.057235713969793885
null,null_nonparam,gauss,20000,2,,900016,k1,linear,0.05,99,0.005442361514050198,0.014348392583520497,0.014260837257815906,0.013179206335810156,0.012618046293859764,0.012223076663297139,0.012204750695283817,0.011832145658297488,0.011688909895652966,0.011682054330998781,0.011609942602492818,0.011342263628992932,0.011153141235395903,0.010785970200727468,0.010641704695861343,0.010565144828713957,0.010363529257283899,0.010253268408122795,0.009978392339054398,0.009977082972393858,0.009680034348516942
null,null_nonparam,gauss,20000,2,,900016,k2,linear,0.05,99,0.03459977027051142,0.10152997870258428,0.10073525779426307,0.09797126304228503,0.09686912353594009,0.08654964741462454,0.08624082669739393,0.07401575641425867,0.06686633176995756,0.06649184892211477,0.06351765969266576,0.06218205418402408,0.061408129941944195,0.06106704407705987,0.06006851770381239,0.05937807830639784,0.057444114806748,0.055890819409322376,0.05534361192280271,0.05459515049777848,0.05457657249128949
null,null_nonparam,gauss,20000,2,,900016,k1,quadratic,0.05,99,0.005464949666623031,0.013194181738280908,0.012349806389434503,0.01152974489201275,0.011479853091709624,0.011434307264042265,0.011048998291359968,0.010826437042784964,0.010680927539336138,0.01066421500834136,0.010489154217590002,0.010178171897469168,0.010136518756516888,0.010064687429065078,0.009870161797462251,0.009620657002346156,0.009516097410456892,0.009431689986507785,0.009383745587926429,0.009313152360373333,0.009188806842594821
null,null_nonparam,gauss,20000,2,,900016,k2,quadratic,0.05,99,0.03347893655855367,0.10451762022481186,0.09241014033198473,0.08740680740036616,0.08306376322150771,0.07473365545326299,0.06970567009510711,0.0665580338209478,0.06405959382277308,0.061784097983897,0.061586333072597886,0.06127278814984416,0.061219437057167835,0.06083638342720375,0.05832340762970646,0.05812544843039148,0.055327521801635485,0.05514069255839574,0.05497907325962562,0.05467818943500052,0.05412392445470447
null,null_nonparam,gauss,20000,2,,900017,k1,linear,0.05,99,0.003028449000166189,0.0160771159882539,0.015418138689773708,0.015019388260182454,0.01313934775227088,0.01279479744674461,0.012705876784274595,0.012595397561471988,0.01205471094832955,0.011442344436095375,0.011245460384511907,0.011160989561934564,0.010991056141099409,0.010944041993072307,0.01064812224360101,0.010646571117521542,0.010332188121234931,0.010197353022173172,0.010178533654538024,0.010153819512924933,0.010117459136402052
null,null_nonparam,gauss,20000,2,,900017,k2,linear,0.05,99,0.045945436308391666,0.08439701433774452,0.08419315248696041,0.0837461579674778,0.08267029100046325,0.07419692628816825,0.0705793277698692,0.06794050461517441,0.06153744881492115,0.05581515192788927,0.05430498434932062,0.0542573624102825,0.05397694524026463,0.05351705025010552,0.05335771773965245,0.052841175077039275,0.05275494512239218,0.052671260951153646,0.05201599808244563,0.05172111700629192,0.05114626718927462
null,null_nonparam,gauss,20000,2,,900017,k1,quadratic,0.05,99,0.0030284362844463786,0.013676524671440204,0.012874213299624682,0.012626214535595426,0.012056067686078364,0.01199892984826012,0.011776299431364379,0.01121331326521302,0.010983632282287603,0.010716512194526628,0.010499969556734823,0.010285973567999762,0.009647594979568797,0.009457111971674093,0.009366976709890618,0.009362199919383474,0.009184502867396138,0.009121426299542934,0.009001454612537318,0.008762847860538714,0.008685183189723222
null,null_nonparam,gauss,20000,2,,900017,k2,quadratic,0.05,99,0.05106701389603756,0.16169821742093182,0.11845976257009239,0.11776539177859903,0.10448749968895336,0.09191554134909484,0.08818473971011385,0.08005438714880596,0.07801192455823296,0.07631274172449672,0.07182023402204413,0.07127003552477483,0.06981590918811535,0.06854606284563422,0.06777320333187364,0.06368475624029897,0.0617742958054007,0.06175744799372114,0.06057506625380873,0.05964166356938213,0.05923750363724715
null,null_nonparam,gauss,20000,2,,900018,k1,linear,0.05,99,0.004363899619335365,0.018238988220806718,0.01662831257237274,0.015565732778027197,0.013758178482163208,0.013146892218603434,0.012960727962359031,0.011973734481767417,0.011955384075530873,0.011394675185910974,0.010974109972040957,0.010929595588521801,0.010222343591695049,0.010132917222143378,0.009848809992730079,0.009843312198429044,0.009823786428802661,0.009663808578991406,0.009304675290524367,0.009278194575890075,0.009224449465841111
null,null_nonparam,gauss,20000,2,,900018,k2,linear,0.05,99,0.020389906833565716,0.1368721403453066,0.11043893699844749,0.10528754301374911,0.10017289425470484,0.08961243376123804,0.08690500490446404,0.0847550472922919,0.08047447464736314,0.07177562728391255,0.0716343373270461,0.06559875916805137,0.06437837398408724,0.06374373003409739,0.06346493989979839,0.060901986897241196,0.06068117001031713,0.05868731029935754,0.057639211173554306,0.057042528379731366,0.05647113332550956
null,null_nonparam,gauss,20000,2,,900018,k1,quadratic,0.05,99,0.0043911715642941385,0.014449874039223931,0.013734567766613637,0.012427074611052635,0.012263974168944647,0.012088033291412281,0.011766702902615167,0.011630316492904136,0.01117271632534611,0.010977442765636392,0.010945852435061076,0.010866680563903275,0.010542425683096823,0.010315383843111148,0.010167519577625295,0.010001480737937607,0.009682304118051155,0.009541603156716372,0.009531712461643416,0.00952683847338176,0.009496008698143377
null,null_nonparam,gauss,20000,2,,900018,k2,quadratic,0.05,99,0.023553250756335103,0.10162817232217193,0.08724483712658974,0.08508086791679219,0.083571799819594,0.08202602935067048,0.07626091638721466,0.07587716107582732,0.0756291841623454,0.06945668915579598,0.06782536420240544,0.06553148121461838,0.06121636230044699,0.06039755968529457,0.06014700106164713,0.055460841825238846,0.054591014327765856,0.0538854924424783,0.053868208202161746,0.053744036768821696,0.05343890123929014
null,null_nonparam,gauss,20000,2,,900019,k1,linear,0.05,99,0.007104022852072789,0.016011684897716316,0.014598422266833833,0.01384919839541876,0.013486915676916733,0.012794404706586882,0.012365282642071818,0.01177581843785147,0.011573279706134199,0.011568154082176485,0.011547556349444155,0.011036258543541955,0.009697347649682442,0.009648723529288472,0.009594396784560422,0.009152449044563582,0.009065808272946452,0.009040786140369073,0.008903431587558575,0.008809075660559551,0.008646312432203485
null,null_nonparam,gauss,20000,2,,900019,k2,linear,0.05,99,0.050525320544807586,0.08303752979107397,0.08112694260462304,0.07707973316609922,0.07612431284686767,0.07582788795554878,0.07381137879351483,0.07047412966464213,0.06988481127213685,0.06886418217325233,0.06238444991243511,0.06217389371124319,0.060281528048741824,0.058586421213733614,0.058460730046491,0.05720552987713543,0.05689361457782501,0.05680024926760071,0.05545565415359036,0.05456883568890444,0.05340560067443709
null,null_nonparam,gauss,20000,2,,900019,k1,quadratic,0.05,99,0.006860111968135296,0.014623392673058566,0.014482394569857449,0.014312442157422445,0.013104389954541662,0.012584293576129668,0.01219700270034374,0.011879154859914864,0.011451781387155746,0.011445844348290435,0.011367425780353324,0.010741025670816473,0.010557453131167405,0.010494509479683112,0.010494430836002544,0.010473699583174678,0.01023926589249402,0.010038740268909163,0.009872101753221507,0.00929680504027297,0.009296701816282504
null,null_nonparam,gauss,20000,2,,900019,k2,quadratic,0.05,99,0.04773382885691672,0.08932363661672196,0.08495933381264023,0.08015078734808921,0.07950957624713072,0.07667290285928051,0.07526393900221266,0.07512375835864128,0.07463213547622728,0.07007333686240345,0.06883369034763233,0.06395728285242078,0.06367101104835052,0.06316662635841269,0.06168955761186639,0.05552134159157709,0.05530861992861353,0.054856090952787866,0.053920935664358384,0.05354804735503074,0.05336544666305252
null,null_nonparam,gauss,20000,2,,900020,k1,linear,0.05,99,0.00409075312534013,0.016061520399358153,0.014332589117959427,0.014323998049687536,0.014064024777901696,0.013610032126029403,0.011960344218942098,0.011956026397353159,0.011245581177255604,0.011163435136934963,0.010653241703053484,0.010592745916578106,0.0105421222097144,0.01038123402845148,0.010002237908492084,0.009964488844090846,0.009958143024479393,0.009790625124832197,0.009760558295034527,0.009740253172443536,0.0096508714841409
null,null_nonparam,gauss,20000,2,,900020,k2,linear,0.05,99,0.024387831222758408,0.10876326490086684,0.10481525101775845,0.10267008193186675,0.09014435523041728,0.08912394003993515,0.08758439882110315,0.08695086935108977,0.08598862754540172,0.08113729826528042,0.07685874108199758,0.07309965816256361,0.07253173747407436,0.07102089888327048,0.06921407590196664,0.06917299378514474,0.06856449398092576,0.06758281963407728,0.0650914507958481,0.062041537159807994,0.06041287097990878
null,null_nonparam,gauss,20000,2,,900020,k1,quadratic,0.05,99,0.003963584739264836,0.023796901795173797,0.01763360240525258,0.016682517373966754,0.014167104139878539,0.014002964098476456,0.012674480346013928,0.01206658377490355,0.011259369608713543,0.010799138384569473,0.010743588397386539,0.010722538185485742,0.010711018582300613,0.010156782595727498,0.010117564949669755,0.009738509125086559,0.009709127881653123,0.00953468189023976,0.0094091357225361,0.009409021997218825,0.009408383864589864
null,null_nonparam,gauss,20000,2,,900020,k2,quadratic,0.05,99,0.021165851287233722,0.11504155867754093,0.11170392920315915,0.0954808166559197,0.09397277227174963,0.08549181227604653,0.07844751366111576,0.07773634438223224,0.07655262715402437,0.07607764452820559,0.07508657415487592,0.07248200352838857,0.07119054762622157,0.06337062499030086,0.06144278865441505,0.06115698859452673,0.05681980975082172,0.056228564531709886,0.05559190306355222,0.05449907031101138,0.05303997948041459
null,null_nonparam,gauss,20000,2,,900021,k1,linear,0.05,99,0.007332195593029556,0.014486432119653836,0.014208310466960805,0.014137099161789402,0.013333945118217172,0.013201223442839916,0.013146175611539967,0.01165986630158844,0.011333762679678117,0.011158746056152968,0.011109563776128706,0.011018276625912815,0.010412334366267428,0.010378806509351857,0.01035311934630534,0.010204311353327333,0.00986379219394129,0.009851801205358779,0.009639665386349527,0.00950256743180633,0.009480003760640177
null,null_nonparam,gauss,20000,2,,900021,k2,linear,0.05,99,0.01852784972346203,0.10773413925502989,0.10160116268952527,0.09320806823858073,0.08341404605572132,0.07872811636058998,0.07762746145374082,0.07409153440942055,0.06849815578645378,0.06650593946409733,0.064735511080031,0.06386336070842684,0.06330125857972903,0.06289899249039525,0.06177857342632338,0.061107433634860285,0.05954606356838039,0.058792748768916166,0.058505069764692795,0.058146953181511,0.05766119391735133
null,null_nonparam,gauss,20000,2,,900021,k1,quadratic,0.05,99,0.007367831192766294,0.016481932961827095,0.012803854386835622,0.012587072989390324,0.011530268674772026,0.011527974035419164,0.010740059653370215,0.010535372018292133,0.010220206753263184,0.010154026698485974,0.010002196340744951,0.00999616740242526,0.009780844120964693,0.009712407438899007,0.009702217114496814,0.009622378194091619,0.00952764012730456,0.009321580098625937,0.00928947937711666,0.009216843999260926,0.009177836226277991
null,null_nonparam,gauss,20000,2,,900021,k2,quadratic,0.05,99,0.018835392666270358,0.0938035082625823,0.09089662538191474,0.08786423439467168,0.0819230131492737,0.08013670074917385,0.07885113717497141,0.0754829889777199,0.07460454829155735,0.07203286897235187,0.0694354285412691,0.06928594303305696,0.06900541059526945,0.06758640461779715,0.05907544367802537,0.058459764538234635,0.057033187094644576,0.05653594326667828,0.05349635770589696,0.049805588102316084,0.04904074849999913
null,null_nonparam,gauss,20000,2,,900022,k1,linear,0.05,99,0.0048697500730350285,0.019321181904145335,0.017776463308304957,0.015317246838862375,0.01530327155560951,0.015030454965245132,0.014088842336857033,0.013013805662130284,0.012425817124559368,0.01233897350702351,0.011105200735640808,0.010495457178861023,0.010474966213018355,0.010462948885507473,0.010182703844812235,0.010030704065793872,0.009890857575824308,0.00987368397552757,0.009798754154349498,0.009416429875672816,0.009402754513466949
null,null_nonparam,gauss,20000,2,,900022,k2,linear,0.05,99,0.038679283718342505,0.0868888760953658,0.08118646452060849,0.08038261966458725,0.07416449812139152,0.07335968867947455,0.07116089804505042,0.06809364576169584,0.061644178796284865,0.060326500606212606,0.0597187599835068,0.05964947819322139,0.059245535776051524,0.0581973295887569,0.05739275339511906,0.05692716682395868,0.05531548164555488,0.05401111318979418,0.05250712884008398,0.05149252814441761,0.051350729492950886
null,null_nonparam,gauss,20000,2,,900022,k1,quadratic,0.05,99,0.004862980415653917,0.013022144319784101,0.012491294530794228,0.012234858855515007,0.011614703107186708,0.011535237171052426,0.011310251780949687,0.011054480806295341,0.011054008780067459,0.010681038989878822,0.01031011110491209,0.0102725462846186,0.010166473463566361,0.009907205244131245,0.009854654648327132,0.009735864203143652,0.009688799796169323,0.009645162521582429,0.009610211270281499,0.009512016335101237,0.009332355433935735
null,null_nonparam,gauss,20000,2,,900022,k2,quadratic,0.05,99,0.03923454772251508,0.11249220250742337,0.10595078061950547,0.10152560775568853,0.09671857421387361,0.09323900998562583,0.07650013481927721,0.06940793381494284,0.06874279180350644,0.06863008808045232,0.06670646298810598,0.06664403094745873,0.06601386789105447,0.06404757132781508,0.06386453217663549,0.06356311916303449,0.06070612878138272,0.06062142378932942,0.060339276390424815,0.05986118793366545,0.05978606507765042
null,null_nonparam,gauss,20000,2,,900023,k1,linear,0.05,99,0.006598661412730578,0.013947236573950916,0.012862258380692215,0.012835617455361659,0.011144411482161387,0.010920401724811013,0.010632296948446363,0.010508780510350313,0.010421765646938086,0.010382947917430663,0.010122795554238673,0.010054205406156536,0.009928418209139256,0.00985739853808576,0.009828126038220142,0.008950086935471613,0.00890112321441816,0.008883209652906898,0.008850617699812324,0.00877992808537087,0.008749054920326071
null,null_nonparam,gauss,20000,2,,900023,k2,linear,0.05,99,0.02212823040681496,0.11059029383950587,0.10786987112290863,0.09727350022497465,0.09471488381545855,0.08514223903192016,0.0845846536652436,0.08201444596940642,0.08060039056582194,0.07684219831616325,0.07432527923392694,0.07354643441551484,0.07329282888571757,0.07314128533688638,0.0723122637024049,0.06999764332102736,0.06874534009394573,0.06661972417070773,0.065796763677587,0.06365255454020048,0.06317871567553923
null,null_nonparam,gauss,20000,2,,900023,k1,quadratic,0.05,99,0.0067972346554679985,0.017830526674108338,0.013528894932719582,0.012122269807541053,0.011715598044312214,0.011366042026534573,0.01095722647812103,0.010855125514824038,0.010753194440427105,0.010547351621034262,0.01008774588201955,0.010054410848040818,0.010046701141874337,0.00983868065639315,0.009823892912083743,0.009798036800329868,0.009736356298841287,0.009612678812389919,0.009574316044685838,0.009245134051282689,0.00910412066188171
null,null_nonparam,gauss,20000,2,,900023,k2,quadratic,0.05,99,0.021807648134754814,0.13108303951818773,0.09839889109570071,0.09655878159800506,0.08261715665914285,0.08129925445947184,0.08094452888935987,0.0758026218473079,0.07429463380708533,0.07257635797435413,0.07140741097483463,0.07099874626359956,0.06973173878943054,0.06906450365588744,0.06905494611346885,0.06886761264671094,0.06707861923238603,0.06526621608766614,0.06443928844610826,0.06401094074084904,0.06346541625201801
null,null_nonparam,gauss,20000,2,,900024,k1,linear,0.05,99,0.005060347092721074,0.013247382589052115,0.01270687042309715,0.012604918360058393,0.012109580552052024,0.011911262902472464,0.01172577354806259,0.011259130775202797,0.011168816050133201,0.010459400526759977,0.01037409295872671,0.010285593941442128,0.010273380968656931,0.009948401879011248,0.009940793666074477,0.009925419152613246,0.009790693522965244,0.00961663247012634,0.009491248542383368,0.009462960350879457,0.00945546047026935
null,null_nonparam,gauss,20000,2,,900024,k2,linear,0.05,99,0.034698219074106446,0.11889319782111767,0.10448596728470383,0.08223164214794804,0.0797981315287756,0.07863908530231088,0.0761408051623276,0.07447773219045808,0.07241227036450174,0.07024360820151355,0.06850907579043923,0.06823294510649858,0.06272730866594864,0.0610731312070451,0.06063677617297569,0.0595231718041927,0.05887459480254211,0.05866259780092469,0.05831212899466428,0.05828239619225114,0.05745522140718509
null,null_nonparam,gauss,20000,2,,900024,k1,quadratic,0.05,99,0.005060835539943076,0.016141765983379575,0.014231684858284521,0.013356912514682961,0.0132141198064617,0.013141001496918658,0.012888568455806992,0.012826776224207914,0.01209634458088693,0.011577252080101186,0.011027860236263343,0.01077901836641848,0.009992729690454616,0.009960650534105886,0.00994181887927914,0.009727178611650955,0.009559234476672396,0.009397590406325596,0.009201900801121488,0.009141618999657153,0.00911988051578616
null,null_nonparam,gauss,20000,2,,900024,k2,quadratic,0.05,99,0.038862836870181904,0.10177546126799644,0.09781277321502146,0.09525522394544778,0.08748614151459899,0.07344097490485442,0.0728222370587596,0.07182648369815532,0.06914933332319974,0.06852452263777502,0.0666206213019581,0.06426646909795043,0.0629965881828058,0.060157997723314954,0.059858290402813215,0.05883740982428662,0.058309182979040496,0.057557374449703505,0.05586926262896854,0.05364229963963913,0.05185424366666794
null,null_nonparam,gauss,20000,2,,900025,k1,linear,0.05,99,0.0027233300403353145,0.015017227112073206,0.013357389822550636,0.013203805195332818,0.013132257957462534,0.013114419400216515,0.012998035820634413,0.012362177071604918,0.011835848134554072,0.011562171672232058,0.01112722183705006,0.011122927549051975,0.01108334831131852,0.011061961038998036,0.010820793994445577,0.01061077104607866,0.010084021292799061,0.00952984197536455,0.009409318514078446,0.009285608730832173,0.009193509492417928
null,null_nonparam,gauss,20000,2,,900025,k2,linear,0.05,99,0.020050902017706828,0.08860580024935368,0.08238277002736699,0.0822376259206364,0.0814774417948333,0.07892097121046661,0.07887858939229897,0.07571797230046255,0.07405740122819612,0.07213556587298489,0.0670157003897364,0.06349665773613271,0.06252080648032371,0.0619363573545728,0.06029737638665194,0.059718636651897854,0.05943039704608002,0.05868781919402468,0.05860348572747597,0.05759057920038331,0.056536793104794154
null,null_nonparam,gauss,20000,2,,900025,k1,quadratic,0.05,99,0.0026762945199447774,0.016274336810226164,0.0142775053105747,0.012770172607013852,0.012091361217289709,0.012089690652466567,0.012007174258633957,0.012000709756380457,0.011973722439978962,0.01160545907831767,0.01100935291803129,0.01085868970644277,0.010792505450554102,0.010780316009210478,0.010671665588038448,0.010430648472969706,0.010173785686263481,0.010040588863923228,0.009850414486901271,0.009763360354104633,0.009752220979729054
null,null_nonparam,gauss,20000,2,,900025,k2,quadratic,0.05,99,0.016990886108068034,0.1618098624185468,0.1326266042916984,0.10929036474338971,0.10530696625749157,0.09807422536886022,0.08429491613969713,0.07387594929780034,0.07090295606094062,0.0703662596183762,0.06859827442940482,0.06740280527199642,0.06408263285463876,0.06348604655144764,0.06010645793553548,0.05950234304465631,0.0593955407234134,0.05922358101888476,0.05887342738141117,0.05874545831691528,0.057712912647295105
null,null_nonparam,gauss,20000,2,,900026,k1,linear,0.05,99,0.006284594603313209,0.016102362751324595,0.013534742462470772,0.013449123016802345,0.01258395738438245,0.012090029583504136,0.012013622770388532,0.011933362458909524,0.011579857051996267,0.011110453784080598,0.010999895824344796,0.010973393813180965,0.010958822039093152,0.010844246471564012,0.010808488722632292,0.010569801935770062,0.010205242682466475,0.010128382203246966,0.010125610967471776,0.009783639922445242,0.009028779944952658
null,null_nonparam,gauss,20000,2,,900026,k2,linear,0.05,99,0.025786221949318528,0.14689274875821465,0.11028754857444073,0.10909062190376911,0.08566074267561734,0.08245523899054466,0.07989865182498543,0.07660721690190421,0.07275991980102853,0.072328479045685,0.07028577031469917,0.06957657611144268,0.0664628850022023,0.06629434659448359,0.0660863811280141,0.06553929179685433,0.06526717138721887,0.06515902661927891,0.06454642090226957,0.06378547773174688,0.06268151853749071
null,null_nonparam,gauss,20000,2,,900026,k1,quadratic,0.05,99,0.006234845160737135,0.015551032045426738,0.015072155943885557,0.014711162908937703,0.011444590705042779,0.011425086872423718,0.011172273914661024,0.010937329249393724,0.010164570160903441,0.010150773262330048,0.00998233836083584,0.009880333977019595,0.009664726581410377,0.008992035135971688,0.008892605776176565,0.008563762742890724,0.008518716521218272,0.008341821096057411,0.008135150724743023,0.008030431837445118,0.007976944171581235
null,null_nonparam,gauss,20000,2,,900026,k2,quadratic,0.05,99,0.02656932532104902,0.1153376910100806,0.09236011940268087,0.08545706231288697,0.08280581194373632,0.08225704730512624,0.08072586900715376,0.07494921089770905,0.0719248386197628,0.07082715950030714,0.07037268681332408,0.07012889135156113,0.06914186197054535,0.06852221500923746,0.06686473313257317,0.06657632872166762,0.06616487213519114,0.06536677945316821,0.063950044342431,0.061169351355807575,0.06010561759236513
null,null_nonparam,gauss,20000,2,,900027,k1,linear,0.05,99,0.005199851194977234,0.01609267534018688,0.014874003472408526,0.013024007944971494,0.012252612240927996,0.01206760262222939,0.011812085136207573,0.011788924983385907,0.011712853027857184,0.011542365577155378,0.011431724490258421,0.011357093330838675,0.0111261115768857,0.011096620286915937,0.010961892546417107,0.01056332747353017,0.010525915324450685,0.009650272622311107,0.009352204829081279,0.009057640525346078,0.009029338918180696
null,null_nonparam,gauss,20000,2,,900027,k2,linear,0.05,99,0.04953487527387914,0.1374769618117116,0.12626624053728686,0.10496032282856176,0.07900562746892655,0.0780412512057534,0.07593729384473641,0.07153359715457058,0.06844130474426618,0.06822657703439727,0.05991186616206888,0.05928773167689984,0.05895603917668455,0.058529438109725614,0.05823805347133864,0.055568225438476615,0.05532634689209714,0.05522916009957611,0.05394938666076516,0.05309783962520095,0.05297881187970823
null,null_nonparam,gauss,20000,2,,900027,k1,quadratic,0.05,99,0.005388109465723101,0.01572167313788919,0.014026410811314394,0.013112781337480617,0.012886965370327963,0.012875769996013808,0.012481745638656783,0.011928009856641997,0.011641352422870122,0.011617335363728776,0.01152486195830893,0.011381781953901937,0.010393824866717916,0.01021919633572721,0.010135290461288804,0.009544197099577767,0.00936617688345498,0.009309525314655898,0.009047706153882396,0.00894107666267352,0.008906061149497768
null,null_nonparam,gauss,20000,2,,900027,k2,quadratic,0.05,99,0.04963112046381243,0.08754085644839597,0.08372203717036532,0.0805782343784559,0.07886402281222422,0.07536323041106285,0.07191714228286618,0.07080739344810154,0.0708049701780018,0.0684918307415979,0.06738183650735738,0.06567393976643818,0.06420605721111601,0.0640705310666351,0.06399697615763392,0.06324979828786867,0.06238119301985009,0.06131042183652094,0.0597825504697941,0.059135944100150786,0.058729940692790014
null,null_nonparam,gauss,20000,2,,900028,k1,linear,0.05,99,0.007314158766138945,0.01736572042338902,0.014024461085183404,0.01366561110206721,0.013482750031318935,0.013426388323264149,0.013285246084552504,0.01294569749115737,0.012663727947933023,0.012508821927072922,0.012408531837229675,0.012091856121872913,0.01190014832985331,0.011575595588292131,0.0115212860801992,0.011467344941359814,0.011285247434878243,0.011209416604613054,0.011128880305938615,0.011098863652538316,0.009935372122879316
null,null_nonparam,gauss,20000,2,,900028,k2,linear,0.05,99,0.03149394798060591,0.10035003481583196,0.09873107162302895,0.09107342515655414,0.087367834074253,0.0829525764265929,0.07524667679272937,0.07414733788030674,0.07297590171414985,0.06952256073355016,0.0682962707455597,0.06679911249416706,0.06500647801713275,0.06377488223099458,0.06327894732962423,0.061557770056545204,0.061368967753427116,0.060932753597327936,0.060390429866352215,0.06000743161786784,0.057790948502298344
null,null_nonparam,gauss,20000,2,,900028,k1,quadratic,0.05,99,0.007375444509590268,0.013094417015347526,0.012179228262846564,0.011975472973942192,0.01173087672840889,0.011678463886411583,0.010803464830162146,0.010712056154421501,0.010244365097274888,0.010118466148923977,0.00998002830942546,0.009966034722032946,0.009963718310994074,0.00986409014116496,0.009843437898268803,0.00971041903376757,0.009561081413785866,0.009550116262746156,0.009083724726222653,0.008990214428351462,0.008843522039042595
null,null_nonparam,gauss,20000,2,,900028,k2,quadratic,0.05,99,0.032063706954272075,0.14825768334128037,0.12846635536282017,0.10010437667457088,0.09072933972132215,0.09049370326140456,0.08542179833293091,0.08385785902643045,0.08169340360530225,0.0809859270381762,0.08071701994718741,0.07908862943059994,0.07866542111999957,0.074931605543646,0.07482829718548355,0.07111386861011733,0.06698814738329592,0.06353250524493567,0.06283646361894211,0.06139923725770821,0.06123109294038412
null,null_nonparam,gauss,20000,2,,900029,k1,linear,0.05,99,0.007785507612829257,0.015844195113128623,0.012734072528203022,0.012561815818563526,0.01197661048387988,0.011489449683997122,0.011233471403741868,0.011216457205131203,0.011196686137254108,0.010860257048678768,0.010778171162283634,0.010449417512032655,0.01008344931662708,0.009992800014773207,0.009838177093051237,0.009773791375352392,0.009733889016799835,0.009655002832143267,0.00931857981067663,0.009296850172645588,0.009207524076078166
null,null_nonparam,gauss,20000,2,,900029,k2,linear,0.05,99,0.017612672885787287,0.10577299296788711,0.08643485305407661,0.08248977806090185,0.07925715291966777,0.07709717175562035,0.07690884196647597,0.07675393553394065,0.07088435000956259,0.0695016913354118,0.06794998933484406,0.06625530521193407,0.06557608535291859,0.06275289526130483,0.06238889377333157,0.06210341369440493,0.06070782916126049,0.06012384429773169,0.05871379539722745,0.05860105334036427,0.05852293772502469
null,null_nonparam,gauss,20000,2,,900029,k1,quadratic,0.05,99,0.007755392096224445,0.015218177680378142,0.013931801264679633,0.0122922734407237,0.010700016208104457,0.009822016605120942,0.009671454508899724,0.009594947750596994,0.009356439246628212,0.009085306124303805,0.009009835872159644,0.008932541204368372,0.008901123271827682,0.008892145540612018,0.008886664065523853,0.008752952064668418,0.008748711837516243,0.008679456874048253,0.008639338955494513,0.008512758578036128,0.008481996341170084
null,null_nonparam,gauss,20000,2,,900029,k2,quadratic,0.05,99,0.017755431933543495,0.07525252449547985,0.0732385346310343,0.07217660077515334,0.06888346807754761,0.06772387484562278,0.06400044023761359,0.06351874151038661,0.06206140443286145,0.061560932718968175,0.0608849348730328,0.060420451538330186,0.05931951720559488,0.059169732370399304,0.057833161296975674,0.05774752451016105,0.05675174338394447,0.05519989475237371,0.0550886894020382,0.054773196726200186,0.05238360736952998
null,null_nonparam,gauss,20000,2,,900030,k1,linear,0.05,99,0.005860282903496938,0.012158802174505823,0.011771723772847409,0.011764474761901567,0.011481258735400846,0.011276694078643734,0.011190248902025468,0.01082721099309858,0.010696821658480848,0.0102638838346375,0.0102332714164598,0.009987741407758266,0.009983475633928651,0.009704727264963853,0.009464809642344751,0.00930389224780237,0.009230579733325195,0.009149346408259373,0.009051284792950587,0.008980085278752492,0.008973330598600837
null,null_nonparam,gauss,20000,2,,900030,k2,linear,0.05,99,0.0274716554263708,0.10456734725223166,0.09447186973321452,0.08995283024539846,0.08659437969766683,0.08524344172121344,0.08454880680656184,0.08127161445797151,0.07674235619294097,0.07474439106854655,0.07379241513503768,0.07252147407870622,0.07229391727880782,0.07078759224962666,0.06879603536416364,0.06656741595729664,0.06592203392601786,0.06554415621334399,0.06462160692082909,0.0621101638969904,0.05981765471540273
null,null_nonparam,gauss,20000,2,,900030,k1,quadratic,0.05,99,0.005746142157994294,0.01420293803859729,0.014041597135569184,0.01392105182952652,0.013635299126441902,0.013123444463776002,0.012495829363371236,0.0124485077715496,0.01116176771127897,0.010860362082540043,0.010219160431166552,0.010195865801301052,0.010116619394964665,0.00968376414343397,0.009651489297775262,0.009453833701670078,0.009384653732567805,0.00927136554200958,0.009241192126170139,0.008947771540529725,0.00883003090226564
null,null_nonparam,gauss,20000,2,,900030,k2,quadratic,0.05,99,0.02431175713514092,0.08807647429039439,0.08187312963689376,0.0797849053756512,0.07971129756279782,0.07900869448043195,0.07885093716599181,0.07723506697972743,0.07591415122259917,0.07467340981002869,0.07449878589114463,0.07304149433902221,0.0683515467421773,0.0681593931881768,0.0677347382194675,0.06428624478599589,0.06410027633205552,0.06350608868465231,0.06283765341015347,0.061931900480303864,0.05820267543113693
null,null_nonparam,gauss,20000,2,,900031,k1,linear,0.05,99,0.011650717035833424,0.013304308965332301,0.012258098820689955,0.012105757403215733,0.011773807188150465,0.01098508931775799,0.010900343494884002,0.010846116657972527,0.010820500779474274,0.010644092039028052,0.010459124037450529,0.01041674405339943,0.010365942271243211,0.010249541964400088,0.010228442034771024,0.009920940134091727,0.009527535496105854,0.00942967090654967,0.009407905729090893,0.009236606091074795,0.009223839826289049
null,null_nonparam,gauss,20000,2,,900031,k2,linear,0.05,99,0.04902931835568244,0.09698867530343086,0.08720500009227186,0.08459606433862657,0.07709752457391007,0.0746512521525231,0.07199896816535274,0.07146036215080252,0.06986024688603906,0.06954260932966946,0.06633523321889688,0.06512980169725235,0.06490376448334256,0.06368839005306992,0.0625711076611608,0.06253242484219444,0.06224330870339246,0.06068212771672697,0.0605695989996346,0.05953831183874339,0.058522893859988774
null,null_nonparam,gauss,20000,2,,900031,k1,quadratic,0.05,99,0.011433020968133478,0.015811577360974827,0.013442592640423467,0.012442053248203133,0.012206745744053338,0.011698689647084204,0.011274968185332246,0.010936856499449199,0.010807782733990301,0.010698066066981315,0.010150985607484064,0.010034438829793269,0.009749440146152533,0.009523685137151405,0.009397605982131796,0.009363332800821245,0.009244955251202946,0.009079510819224867,0.008887559887267082,0.008787714567993765,0.008670850017818199
null,null_nonparam,gauss,20000,2,,900031,k2,quadratic,0.05,99,0.05138717350772413,0.11483177123009507,0.08339081036348577,0.07919546951150358,0.07740861831837208,0.07590114333798575,0.067588704955124,0.06421625962003094,0.06267809050965076,0.06259971694578408,0.06218274424271859,0.06167503737817774,0.059704000640200754,0.0581668121646299,0.057861284958084,0.056875250594998795,0.05530837948743775,0.0552870455100306,0.05390729035043302,0.05377466970750744,0.05375531406546004
null,null_nonparam,gauss,20000,2,,900032,k1,linear,0.05,99,0.009007005320073702,0.017679419847632327,0.013149567066745083,0.011717505280733231,0.011477838937347329,0.01129464124482904,0.011199334562551733,0.010929379282865859,0.010859899551786567,0.010799938661048558,0.01063134899740481,0.010215964153347024,0.009842728231148401,0.009808884003401519,0.009750217360721458,0.009747695099417863,0.0097297658492137,0.009627860634279561,0.009621300015392187,0.00950787068190595,0.009492673110471528
null,null_nonparam,gauss,20000,2,,900032,k2,linear,0.05,99,0.05899048191058269,0.09765864811960964,0.0966730345398107,0.08419587219507496,0.08030857603193857,0.08026575041792243,0.0782985108256968,0.0768920141631464,0.07445601879545496,0.06995783961927976,0.06969322963591654,0.067764105513362,0.06581092301179481,0.06555512483101095,0.06496685118795954,0.06459390809922126,0.056183248902349756,0.05605408439353594,0.0559694757086617,0.05591419792637615,0.05512304258956615
null,null_nonparam,gauss,20000,2,,900032,k1,quadratic,0.05,99,0.008868451562663693,0.015445011551677212,0.014297764226173237,0.01367778149940857,0.012945909519342602,0.012120360846080369,0.012053931004669338,0.011457233180667936,0.01139488681703027,0.010534054131094872,0.010455065265920771,0.009793229372795365,0.009755128651814382,0.009413957382451876,0.009315122605293658,0.008873446808754903,0.008717383480718155,0.008638417340459448,0.008615918527201671,0.008510698308600406,0.008416402862886918
null,null_nonparam,gauss,20000,2,,900032,k2,quadratic,0.05,99,0.06009891903034801,0.12345089117395577,0.08693411052900935,0.08388660794528054,0.08308499138458518,0.08158921410453904,0.0756195399151056,0.07546936699028874,0.07322414577919215,0.07169461803300567,0.0693077546496201,0.0679032041409329,0.06660791939930177,0.06539472122184195,0.06403934549360463,0.06293056304781727,0.060786422646765,0.059835043554565384,0.059825729429218606,0.059659618673028075,0.059344872779339294
null,null_nonparam,gauss,20000,2,,900033,k1,linear,0.05,99,0.006834778167853273,0.017380401779052534,0.01477009631516446,0.013328601124712347,0.012980298565261394,0.012851697321733302,0.011199951787561613,0.010990436141570359,0.010151702355359782,0.00985504349121924,0.009801122024551967,0.009753779397662754,0.009588047679834455,0.009550982691650334,0.009528749268024161,0.00936190382903257,0.009349287714935928,0.009280385322462892,0.00926479388545598,0.009039160018238346,0.00893278260816921
null,null_nonparam,gauss,20000,2,,900033,k2,linear,0.05,99,0.04763287834690546,0.116999220396965,0.10223258524353049,0.08103663626964142,0.08099685539117209,0.07508856623280434,0.07112510213607336,0.06661773453594162,0.06651750651404391,0.06585907308049116,0.06227464137139283,0.061708320878454535,0.060763382149993043,0.060245693891609275,0.05936995190353974,0.05841687358556549,0.05773847195524455,0.05643633101375163,0.05506353167416665,0.052274347930542184,0.05183113240268314
null,null_nonparam,gauss,20000,2,,900033,k1,quadratic,0.05,99,0.006849929815064604,0.01614410323901494,0.014965159447140719,0.013600897404900447,0.013062104484555026,0.012904217834625031,0.012516094152187907,0.011777637864448631,0.011453786373366914,0.011425755927749748,0.01097897764442668,0.010832568820187571,0.010606062024075769,0.010591520363637863,0.010558296342193296,0.010503427198544246,0.010379419260165945,0.010292046487024864,0.010278267798851992,0.010234945936355988,0.009954476146375457
null,null_nonparam,gauss,20000,2,,900033,k2,quadratic,0.05,99,0.0432467048690738,0.21437854672040196,0.10432421394301883,0.09021698380822973,0.087983431143342,0.0874481543070497,0.08539580383142999,0.07933844264933834,0.07757651588069626,0.07619056559171204,0.07400263751333795,0.06983896369712979,0.06811649809674496,0.06766029911471194,0.0673242512419351,0.06702155171988217,0.066600515027774,0.06452521185629731,0.06297624479886405,0.060809808570452324,0.060188631172100646
null,null_nonparam,gauss,20000,2,,900034,k1,linear,0.05,99,0.010632658068371548,0.019785053331435876,0.015316343510678343,0.014748177730557588,0.014122353956553368,0.012337912660129402,0.012233055914230517,0.011612733904653116,0.011245408512830846,0.010746038043263573,0.010723263592390175,0.01062303843242729,0.010592391890770214,0.010395652615823314,0.009985039226975911,0.009834499589673196,0.009770587294882116,0.009761258304579745,0.00954028714162869,0.009514749154824864,0.009483160537456015
null,null_nonparam,gauss,20000,2,,900034,k2,linear,0.05,99,0.035300951381391645,0.0929866513947297,0.09059839521137412,0.08655053969228811,0.08128465274690388,0.07911554638773281,0.07249162596988559,0.07105453051767179,0.07075257848730283,0.07065351643216239,0.06995057971827734,0.06643439739552838,0.06377107687609856,0.06294999801465928,0.06007169422851477,0.06004492043363183,0.05771544651473026,0.05684838135962646,0.05614043248004696,0.05455060592838942,0.05451247712281872
null,null_nonparam,gauss,20000,2,,900034,k1,quadratic,0.05,99,0.009855993049780354,0.014690583591716933,0.014626181917478664,0.013761745923863145,0.0136688969713894,0.013014822932482017,0.012630848930788474,0.01171418560537274,0.011691706125163237,0.011583498891632016,0.010635721216779692,0.01047692237039155,0.009967150283847093,0.009608179873703215,0.009442766301360761,0.009126995796368886,0.009048407631519817,0.009027493506239548,0.008636269760186721,0.00860310447821655,0.008510431649579209
null,null_nonparam,gauss,20000,2,,900034,k2,quadratic,0.05,99,0.037031343826636566,0.09873299906548147,0.09210061754293845,0.0845699247766342,0.08039742434652382,0.0793523417764553,0.077881190219344,0.07683717919051833,0.07650304646906292,0.07402558735621599,0.07312947136925291,0.07291824715367413,0.06734472464537236,0.06677318876724894,0.06637979194957833,0.06225685048004092,0.060460423390386056,0.060268241710244815,0.06018807457366859,0.06015292131012042,0.059838102783983015
null,null_nonparam,gauss,20000,2,,900035,k1,linear,0.05,99,0.008369910195721864,0.01513240378796521,0.01374648770658815,0.01315388329646583,0.012137017866641786,0.011977258906003763,0.011949606334025531,0.011924699467366295,0.011850666443723568,0.011775678927382183,0.011139293847918674,0.010618822036000952,0.010440699754866278,0.010337076486245045,0.009863617572008043,0.009734221502873064,0.009444223942060126,0.00923663206109926,0.009171861233381318,0.008999758083084286,0.008917105479782417
null,null_nonparam,gauss,20000,2,,900035,k2,linear,0.05,99,0.03680536326889301,0.10915659353668132,0.09356622287273714,0.08983481303818953,0.08016809053598871,0.07942612225527106,0.07061998772540226,0.06955438313500768,0.06936445905716872,0.06812154441137025,0.06754486702358972,0.06356842420009352,0.06334780423371335,0.06296658975519465,0.06293980796299913,0.06201223077834395,0.061114811465699984,0.060358604114012455,0.05952854643342013,0.05763129327137173,0.057623280230358266
null,null_nonparam,gauss,20000,2,,900035,k1,quadratic,0.05,99,0.008402151442693961,0.014467927459032914,0.014150161185347176,0.012985633636851901,0.012607859682311373,0.012301295785279165,0.011582754186832966,0.010992169484525749,0.010945678496991795,0.010739311754545122,0.010634367075974538,0.010224860359153154,0.009985719987086195,0.009966323287530998,0.009832966958723377,0.009734176917501558,0.009589346235155838,0.009260539151858982,0.00924850322407822,0.00904324220396513,0.009012147502668877
null,null_nonparam,gauss,20000,2,,900035,k2,quadratic,0.05,99,0.03603641683851018,0.12413099435962265,0.10120375265959651,0.07385857338588457,0.07362833692247608,0.0724907295521594,0.06667559767305777,0.06508654520727393,0.06150919536465131,0.059612061980977314,0.057029581057669775,0.05632255160285293,0.05502573704463802,0.05474012104050874,0.05404310115620986,0.05390854923618234,0.05169094419503934,0.05157052576888118,0.05147719008124494,0.05146632034738673,0.05106991387612174
null,null_nonparam,gauss,20000,2,,900036,k1,linear,0.05,99,0.002780217307385646,0.019252345769529056,0.016058605357626377,0.015392276239246105,0.012865968327841815,0.011798592772689132,0.011567576748735875,0.011258760002084478,0.011030956078511678,0.010605891103521059,0.010569064565381203,0.010501692378363403,0.00986505838419316,0.009697208728348006,0.009531585116633323,0.009498214620569212,0.009364033747217837,0.009274099092288712,0.009162094902362639,0.009092282954479503,0.009035439344837304
null,null_nonparam,gauss,20000,2,,900036,k2,linear,0.05,99,0.0236582179679033,0.12373337914774836,0.08222252594252076,0.0735296820141544,0.07352188739720095,0.07254640825366379,0.07007208536823684,0.06736354735340411,0.06707483507731757,0.0670120588103918,0.06646210589564225,0.0658253046070153,0.06554192043039192,0.06490910739258586,0.06485043511582694,0.06371840327153469,0.058262405001583514,0.05648536832018149,0.05555150026106844,0.05528492030756875,0.054761647262556244
null,null_nonparam,gauss,20000,2,,900036,k1,quadratic,0.05,99,0.0028622314896952217,0.016407418500862914,0.012540683432265554,0.012315959644509156,0.01138257729508041,0.011042673907884826,0.01099280741893649,0.010591638365532341,0.010549099325165456,0.01037484820779322,0.010340016277653907,0.01027041191650635,0.010166519020675668,0.010165615516958493,0.009900039258435522,0.009795228197412964,0.009752564954059184,0.009748506266069934,0.009323843285760525,0.009034513242460407,0.008545623064489583
null,null_nonparam,gauss,20000,2,,900036,k2,quadratic,0.05,99,0.024748699393497563,0.12559574887582317,0.1223855323354241,0.10147797890925753,0.0901649846483998,0.08977850203230961,0.08777432357895754,0.07324466650825977,0.07060513095388429,0.06999797243982343,0.0696921151029313,0.06771178748871645,0.06513044455767605,0.0641168086462559,0.06233381414434761,0.06167962421789615,0.05987698981707844,0.05916648665486102,0.05682761473893712,0.05553450430953214,0.05482716703737123
null,null_nonparam,gauss,20000,2,,900037,k1,linear,0.05,99,0.007375557941641686,0.015624370155696288,0.014303109333375974,0.012517429465436991,0.012118711694077078,0.01100029411058312,0.010372993400593944,0.010211191245610096,0.010003176366404243,0.009811122735664202,0.009670138212659274,0.00946400204115383,0.009356488894032622,0.009210741881151008,0.008891524500230785,0.008855628653013037,0.00881087715858353,0.008778084501735117,0.00859139621902505,0.008572441403266184,0.00850520564481494
null,null_nonparam,gauss,20000,2,,900037,k2,linear,0.05,99,0.06545782316106519,0.09387129151587062,0.08489828576282916,0.07254163253857937,0.07233772210502737,0.06946408503188015,0.06820133417408854,0.06547054300891972,0.06263448080321173,0.059878639623987796,0.05942434123507597,0.058472196544403554,0.05823730234049949,0.0577099359021676,0.05683176194063533,0.056688628763028076,0.05629495242028547,0.055757001775110365,0.05535984612911684,0.055065859886683576,0.05478924244652223
null,null_nonparam,gauss,20000,2,,900037,k1,quadratic,0.05,99,0.007160256392434006,0.018031043356176335,0.01296858923329458,0.012744486668590183,0.012453869402525686,0.012379064192279854,0.011934949218486035,0.01162151065601802,0.011054287222769243,0.010870796770592994,0.010416286215541137,0.010414776875242615,0.010385482075350505,0.01024651583204561,0.01002675923949281,0.009699710722580135,0.009609941037039937,0.009555780679894377,0.009302387944545965,0.009127591191343765,0.009055944863064602
null,null_nonparam,gauss,20000,2,,900037,k2,quadratic,0.05,99,0.06404890921824825,0.09795138038789993,0.08379927877001118,0.08142152328584533,0.07662488839623144,0.07126491908489035,0.06823664087859677,0.06561148174017457,0.06398239198776735,0.05825568777449422,0.05794438343446623,0.05757772182145253,0.057226808048092014,0.056859716720524714,0.056442169149200805,0.05415692767728672,0.054112323946013216,0.053881794844602815,0.05098028902257957,0.05082700358458553,0.050775121257979665
null,null_nonparam,gauss,20000,2,,900038,k1,linear,0.05,99,0.0054046993757229655,0.019614937372397723,0.01621933972957179,0.015766768680252397,0.01564216864482848,0.014333737291519988,0.014014670935139417,0.013964805021511983,0.012983971953862583,0.012286460437169522,0.011777717910986807,0.011650918274169864,0.011591724784421387,0.011462505176034976,0.011128591036547841,0.010971316223155836,0.010970505855062873,0.010855269381730315,0.010551457886167848,0.01051096253917616,0.010277070639889141
null,null_nonparam,gauss,20000,2,,900038,k2,linear,0.05,99,0.06953551642414724,0.12074245270090009,0.11906263481197185,0.11807653546742318,0.10370928886476345,0.09975628130840286,0.09725933196111651,0.08744894784518836,0.08707640554172862,0.08077370794084743,0.07971459778613402,0.07870196516979835,0.06914963450154009,0.06741673616414434,0.06571991497996922,0.0643184574751352,0.06359881307857652,0.06316009506219393,0.06179380481913875,0.06178222678847173,0.06103769827342095
null,null_nonparam,gauss,20000,2,,900038,k1,quadratic,0.05,99,0.0056560284375977155,0.01709268372121442,0.015257621598816828,0.014303725160305536,0.013803399901002544,0.013667340118551863,0.012021075298786266,0.011882375246945687,0.011275740197489337,0.01124343296853636,0.011174332921703,0.011130793379856452,0.01079134923592151,0.010788725726266435,0.010712836687711835,0.01050433101379289,0.010047295007385992,0.009770845469463718,0.009705217335101879,0.009656156536495764,0.009538704551385169
null,null_nonparam,gauss,20000,2,,900038,k2,quadratic,0.05,99,0.06860263547888103,0.1370913243886088,0.12965804352704866,0.11866928260999621,0.10351731001586732,0.08492453397324777,0.082335277203313,0.07941272162294617,0.07841564043834136,0.07719256387558654,0.07317333007321634,0.06519964479477491,0.0649731451497,0.06104407659631575,0.059177546978890924,0.05906023731853678,0.05734500470329853,0.05521451425011742,0.054695787478878724,0.05463152685520337,0.05431558410916455
null,null_nonparam,gauss,20000,2,,900039,k1,linear,0.05,99,0.010196925444342808,0.011824035560817237,0.011372000542228311,0.010996315486455521,0.010815287513609828,0.010593389991060964,0.01055434077788564,0.010488767267161414,0.010429085850828801,0.010302252283597935,0.010177807054726595,0.00990230262534375,0.009713300403104808,0.009684116044398672,0.009673220639297542,0.00965255754246619,0.009631919389637478,0.009465754679806815,0.009349014352110996,0.009339009632823192,0.009228275060246927
null,null_nonparam,gauss,20000,2,,900039,k2,linear,0.05,99,0.04568602487456682,0.10795104067564816,0.1036266021906513,0.09673972228422166,0.08632177748923514,0.07856581276690237,0.07804685170675038,0.07658200458966388,0.07048146741625849,0.07017538635293082,0.07001893562488797,0.068973192674904,0.06733952217149883,0.06578610580173246,0.06570244440668688,0.06143585504343263,0.06097006084716402,0.060822056645083146,0.060410994540062754,0.06008782697417763,0.05969226190028604
null,null_nonparam,gauss,20000,2,,900039,k1,quadratic,0.05,99,0.010531039938734388,0.01706019323348673,0.015687757489773912,0.014720712205638087,0.0146466792248644,0.013729873624958366,0.013694981072222556,0.013121345526808659,0.0130248578937886,0.013018377962210947,0.01222366466352065,0.01212951672225493,0.011939561619074834,0.011911755901047316,0.011202287097113905,0.010953854835245469,0.010810742043848132,0.010738019706994506,0.010508620380628497,0.010439985366408222,0.010253730223531488
null,null_nonparam,gauss,20000,2,,900039,k2,quadratic,0.05,99,0.057485700460573094,0.11626953463438648,0.09439741625386376,0.08635009672566203,0.07506787652683893,0.07441996121444877,0.07290072719060857,0.07273310978030605,0.06974627478306504,0.06714899862751281,0.06602135610864397,0.06430328061936409,0.06328552818442088,0.061809746867307544,0.06143257532540628,0.06115589396863793,0.06110003078630446,0.061078433720638856,0.05976272481043486,0.05974627509844074,0.05845407184755576
null,null_nonparam,gauss,20000,2,,900040,k1,linear,0.05,99,0.008370002745911376,0.014315494269515505,0.012325167158871553,0.011951746583547251,0.011581077157860387,0.011536609865791414,0.011502446210763018,0.01140897943596586,0.011341253718653022,0.010993362339327684,0.010720213916277754,0.010615157929293906,0.01060785131283215,0.010520079672460936,0.010427092296983465,0.010096470229320587,0.009998532926531079,0.009973462166232627,0.009906206435154274,0.009785891946709535,0.009497358689644408
null,null_nonparam,gauss,20000,2,,900040,k2,linear,0.05,99,0.01591545322400641,0.09075457173695012,0.08718025097848835,0.08172892779441747,0.07522205794124023,0.07299578332146854,0.07044247335079636,0.07043212149940233,0.06887911447899145,0.068754923353708,0.06836191290490666,0.06654277396298014,0.06641118944619363,0.06448557954092289,0.06320811361529194,0.0631812147053564,0.06173017229613748,0.06093398248709275,0.060014116682155415,0.05919992566007278,0.0560811475725288
null,null_nonparam,gauss,20000,2,,900040,k1,quadratic,0.05,99,0.008073800827538169,0.015443529202395334,0.01448249173148275,0.012485904483446442,0.011227090515840032,0.010791610065940094,0.010531004730353066,0.0104204523791106,0.009596713359737219,0.009518297919932861,0.009405869763247643,0.008913153170973187,0.00881185788886063,0.00871973451888508,0.008699400899252141,0.008382308175879816,0.008268079528546912,0.00813872980241026,0.008126262469595691,0.008074215869932067,0.008015343061235747
null,null_nonparam,gauss,20000,2,,900040,k2,quadratic,0.05,99,0.01678997149473236,0.1328941929442059,0.12266252950492557,0.0984428970674443,0.0921577759126947,0.08990743589125824,0.08005514039634819,0.07811721796499334,0.07504521331532119,0.07137347188600605,0.07085088050570898,0.06885885435911174,0.06795698805935449,0.06766579407923268,0.06706246173175807,0.06655388666052126,0.06607818744969535,0.06607720181716721,0.06249177469258174,0.05951618906584867,0.05909776918560215
null,null_nonparam,gauss,20000,2,,900041,k1,linear,0.05,99,0.004281747754439902,0.01629506798201874,0.015548691155197525,0.013455176320546602,0.012470971167664602,0.012000417737800362,0.011627393924142138,0.011485886694587943,0.011145532150219184,0.010276564203552718,0.010242653742731145,0.010205357473983212,0.010184101153888792,0.00999621869084788,0.009956624184187413,0.009614361891766121,0.009474366032705017,0.009469046755611,0.00940066579861687,0.009337638195112352,0.009319720635365347
null,null_nonparam,gauss,20000,2,,900041,k2,linear,0.05,99,0.05413628334166,0.09872076603954191,0.09849656585422129,0.09588858764145283,0.09225063355791788,0.08332542833054901,0.07803745873442464,0.07768319383669098,0.07473578163118007,0.07314962373017089,0.07089063291923761,0.06575613250630802,0.06567454135837864,0.06530150345555202,0.06421229775373893,0.06418166349556284,0.06382769830086657,0.06307382430652221,0.06060758022333099,0.060045650466019035,0.05877989917701237
null,null_nonparam,gauss,20000,2,,900041,k1,quadratic,0.05,99,0.004268435634374401,0.013436184452396915,0.012705899718187585,0.012390007442485751,0.011690656162758661,0.011426391756450549,0.011192872956995559,0.010444488996687262,0.01043063313947834,0.01019686224709171,0.010015515567456168,0.009985945162968024,0.009711253632310624,0.009592184710202178,0.00958073492527034,0.009559580568814008,0.009443469216356193,0.009183176194933251,0.009164900737551607,0.008862056023579368,0.008787050757693038
null,null_nonparam,gauss,20000,2,,900041,k2,quadratic,0.05,99,0.05230712343837718,0.12028233174713736,0.11646843953314968,0.11061117441589122,0.08685018547902103,0.08593518857258882,0.0781403459378193,0.07813030556384794,0.07752707952786161,0.07720391746537995,0.07621699386705078,0.07137442709673271,0.07057095622565383,0.06986671735847656,0.06866198117753655,0.06804993668283862,0.0680167781276005,0.06671743795087212,0.06654506445805503,0.06114372172475892,0.05946333282171516
null,null_nonparam,gauss,20000,2,,900042,k1,linear,0.05,99,0.0035718290968096422,0.014606672561258027,0.01262270961797718,0.011931041047361202,0.011749597195617856,0.011505798878223117,0.01129467421634689,0.010898475112458006,0.010614237871215404,0.010574373460069952,0.010563250937968727,0.010431925879294535,0.010314051279906478,0.010247642759567577,0.010243628510173353,0.0102132536668752,0.009812172806864083,0.009706337004092624,0.009597973089366385,0.009481612577647791,0.009421047710486907
null,null_nonparam,gauss,20000,2,,900042,k2,linear,0.05,99,0.025972905309029095,0.1125661857884457,0.0924005663604299,0.08159774970153591,0.08135725704877177,0.074968415939647,0.07403699477310928,0.07152847868556965,0.0705878367636678,0.07009575113007678,0.06990937298907547,0.06446532564890098,0.06407902417805172,0.06401929502033249,0.060272963292836206,0.05993018386436715,0.05764350988055684,0.05464013763641535,0.053925779772877006,0.053632206464398535,0.05338565974227715
null,null_nonparam,gauss,20000,2,,900042,k1,quadratic,0.05,99,0.0035198637781858055,0.015455428822918393,0.014662276190949619,0.013838280080210374,0.012961334192639784,0.012847389069401305,0.01125917153096645,0.01120096170431606,0.010803644273707058,0.010716831359824597,0.010715444370271943,0.010637253267551605,0.010612335681045026,0.010444350297159954,0.010426561984746008,0.00986791590962055,0.009807809555917757,0.009006554710765391,0.008841773894578298,0.008821235400227279,0.008804309544061972
null,null_nonparam,gauss,20000,2,,900042,k2,quadratic,0.05,99,0.027359313867207743,0.15631769826928169,0.0991780101873534,0.09407099813972634,0.08877533701341424,0.08686351536550112,0.08425969117445449,0.0804345060292445,0.0800720713325031,0.0733317556213032,0.07209424784059841,0.06371733828605428,0.06190879856913939,0.060855746463084205,0.060587401728010325,0.06058684631446915,0.058554025985944884,0.05816567678784451,0.05703026125968214,0.05624307441218861,0.056200341647888584
null,null_nonparam,gauss,20000,2,,900043,k1,linear,0.05,99,0.007636458082321718,0.016148213272664913,0.01447238050140498,0.014088908136876799,0.013435301283358458,0.01314268863860435,0.012645200503366927,0.01255865356596153,0.012449997265066903,0.01186368585247799,0.011657746591142826,0.011439078643704526,0.01135134663171744,0.010786179456119482,0.010783295772910595,0.010721102532128213,0.010399320885493668,0.01024079976551795,0.010221782834720972,0.009882242477607162,0.009858301603165365
null,null_nonparam,gauss,20000,2,,900043,k2,linear,0.05,99,0.020166200129923203,0.11251489700704034,0.0940408684947539,0.08877700717855452,0.07819028221938337,0.07086464160398975,0.06827616598077953,0.06595213338246193,0.0642318119321722,0.06302287595497798,0.06144530838017803,0.0611227670602544,0.061088151916622174,0.06108392017971856,0.05928596536797114,0.059224041410885546,0.05804368096103922,0.05763071562425981,0.057119508802106804,0.0569612860556759,0.05491555600592918
null,null_nonparam,gauss,20000,2,,900043,k1,quadratic,0.05,99,0.007774454571700895,0.018039141856044716,0.014645812450317153,0.013805382249223008,0.013726609184185778,0.013312431672070857,0.012786190893034788,0.011037181420812892,0.010924829723831575,0.01073363090298729,0.010531878279626539,0.01051520747947654,0.010223855027114759,0.009248079242226814,0.009071004694925278,0.009040415028268578,0.008977011635261212,0.008960093943466418,0.00882470600558416,0.008803388301603654,0.0085732932404875
null,null_nonparam,gauss,20000,2,,900043,k2,quadratic,0.05,99,0.017657310990035247,0.08435700310474327,0.07972361305339999,0.07876869617564305,0.0714734017696114,0.06998786675434972,0.06960695909951178,0.06718253957531645,0.06533647554287098,0.06316139019898677,0.0626744578707857,0.0624404301949003,0.06204208992941256,0.060778204438605835,0.06051040800140794,0.06026448716381309,0.059191622420974276,0.0591780762909651,0.05792279245953415,0.05666259902415429,0.056516814500389305
null,null_nonparam,gauss,20000,2,,900044,k1,linear,0.05,99,0.006814788989942366,0.01572391925025407,0.013977223566761121,0.012528974677256666,0.01215090128783558,0.012005875151514855,0.011348054594454982,0.010886538175624016,0.010752883513808986,0.010689622571790847,0.010176952211375379,0.010099127719003342,0.009910550584618316,0.009687891814229355,0.009506679054299583,0.009496126538187877,0.009247538160011781,0.009223895031702067,0.009222273582767171,0.009183186152815326,0.009096279032714927
null,null_nonparam,gauss,20000,2,,900044,k2,linear,0.05,99,0.04623548600318463,0.09270596903159797,0.08664064832030662,0.0740751178570239,0.06592065231372893,0.06548776008219834,0.06534479239641092,0.06266149987639577,0.059727318134035715,0.05844839547280456,0.0578530093086106,0.05710602888011668,0.05669563745087932,0.05572639898541265,0.05538999522187506,0.054709242278639214,0.054226834598091044,0.054200758960497884,0.05383722834623203,0.053792072887698994,0.05260843649026873
null,null_nonparam,gauss,20000,2,,900044,k1,quadratic,0.05,99,0.0073035200126227995,0.017082053552633703,0.014520930067643323,0.013815919997683057,0.013772132023688322,0.01289031078663827,0.012674737338060238,0.012133886642013647,0.012131237914870585,0.011870805432710907,0.011786180846568128,0.011643754529057193,0.01103005916959765,0.010762881586780071,0.010663648739055231,0.010632111342086081,0.01048734344086144,0.010271060143720367,0.009824462264125144,0.009746824993396963,0.009369147934390809
null,null_nonparam,gauss,20000,2,,900044,k2,quadratic,0.05,99,0.044476944953832656,0.10921653950361584,0.10301600897885198,0.09095537761626944,0.08984587137035961,0.07675166191410597,0.07671886240437789,0.0727668491547734,0.07138480962791999,0.06924100204893231,0.06832002450491914,0.06526250273068736,0.06431900509346662,0.06392800061013501,0.06267639189559318,0.06259808417780337,0.06192711068666146,0.061096069172699725,0.0605731897205476,0.06056950716227854,0.059839760182119034
null,null_nonparam,gauss,20000,2,,900045,k1,linear,0.05,99,0.005593758387601233,0.01586295511815694,0.015376952142559852,0.014744283201710173,0.01331699903777439,0.013203294581343505,0.012573617978139273,0.01243364230863031,0.011976747248264807,0.011814795549598966,0.011800813665813426,0.011230188948791575,0.011098809226235962,0.010847888757155033,0.010803815293977781,0.01063658765842146,0.010630316692852526,0.010551810767322367,0.010531194008385536,0.010407151091091138,0.010280828499453443
null,null_nonparam,gauss,20000,2,,900045,k2,linear,0.05,99,0.05363270223980354,0.14894022015437436,0.08269076063223275,0.07394859901998578,0.07062171277193142,0.07033300120063189,0.06920570046210661,0.06689757844425537,0.06521392015673369,0.06333099684062325,0.06266148366330268,0.06248751807171929,0.06245684940482999,0.061632287989206135,0.06142678075084439,0.059883708241589687,0.05759021468141296,0.05420864545609743,0.053754963362397615,0.05281283695205617,0.052447846398324234
null,null_nonparam,gauss,20000,2,,900045,k1,quadratic,0.05,99,0.005618616256051978,0.016446081485520292,0.01373272936130765,0.01308496006548776,0.011853472904321594,0.011590212959844082,0.011541588717602247,0.011378308145216454,0.011223937797456451,0.011134772042837526,0.011120752264250355,0.010824781177503184,0.009951517282959843,0.009863559760725171,0.00952121796287364,0.009431012627819202,0.009418922825864429,0.009364025969566203,0.009234070747293543,0.009134547658850023,0.009075119966994283
null,null_nonparam,gauss,20000,2,,900045,k2,quadratic,0.05,99,0.05210693778317146,0.09301320719583123,0.09183813207919857,0.08336693318406732,0.08161298429010955,0.08044801286879714,0.07045811015585292,0.06980883924707043,0.06942065959025308,0.06905207756930122,0.0688236104001084,0.06332856457963684,0.06287042371216643,0.06135953653373852,0.060624595239507716,0.06047830205386069,0.05873539449411931,0.05835060787894434,0.056844369319145445,0.056121175912023216,0.05581242168398051
null,null_nonparam,gauss,20000,2,,900046,k1,linear,0.05,99,0.007885312460471194,0.014028236829605412,0.012829340538561995,0.012809602577179557,0.012704411271031835,0.012164258740816836,0.012033338510158198,0.011928828794177782,0.011907435273624145,0.011213223795359384,0.011163828919872665,0.011095008180892596,0.010850019550879275,0.010720517213670067,0.010699062143775362,0.010265303217166788,0.010120539987179988,0.009956320311824696,0.009917500538127455,0.009850146006194493,0.00970959094330548
null,null_nonparam,gauss,20000,2,,900046,k2,linear,0.05,99,0.0431764032158605,0.12777539044148797,0.09378481489411247,0.08897456699057386,0.08144949122440549,0.08106396927314413,0.07895294105645127,0.07381665263843684,0.06776108582012584,0.06752100209292697,0.06579722954262236,0.06384326772362103,0.0633771899156888,0.06254603941013351,0.06133204158270043,0.05996617475816281,0.059161913461639536,0.056832003744454074,0.05585518360113055,0.054757101048581655,0.05446912939154007
null,null_nonparam,gauss,20000,2,,900046,k1,quadratic,0.05,99,0.007834447263389999,0.015143716797573648,0.01499668771241669,0.013517617384743219,0.013441582217781578,0.01219308964954724,0.011526916818475397,0.011151386970406407,0.011075035975088077,0.010459459086784473,0.01017443930642381,0.010073678762600347,0.009812529219925814,0.009715760613085211,0.009560771102990917,0.009439511461074801,0.009328697096613547,0.009265515988254203,0.009149291415939564,0.009040508887873555,0.0089572524167858
null,null_nonparam,gauss,20000,2,,900046,k2,quadratic,0.05,99,0.049530194041427014,0.1051586059167922,0.09923360356651621,0.09584856276075691,0.08036127590177575,0.07816488365759042,0.07688504293357416,0.07656676027457196,0.07320511458959243,0.07228961838070488,0.07044142586111946,0.06990193803214735,0.06872276285204656,0.06772765759328145,0.06333271389100129,0.06277070394089605,0.05874734351763369,0.057391787489911396,0.05705966402929196,0.056856796501849514,0.05662202034968347
null,null_nonparam,gauss,20000,2,,900047,k1,linear,0.05,99,0.006193143472630114,0.01703178475174283,0.0138909940793146,0.01132088503343387,0.011249372243571365,0.011244879571562616,0.011060949762733863,0.010987025478000123,0.010850016924108474,0.010550513320850552,0.010454765955759782,0.010428833381546432,0.010410559921721685,0.010282714186719333,0.010251064785131825,0.010103437856818664,0.010080343567303252,0.0098422058872224,0.009560250364935463,0.009538399501392902,0.009390830320232246
null,null_nonparam,gauss,20000,2,,900047,k2,linear,0.05,99,0.02743298716485441,0.10132382773053604,0.0887744992037025,0.08779269766909018,0.08640585102096306,0.08618404882770889,0.08289189874825756,0.06796631877542639,0.06767188053750359,0.0673299090904796,0.066141781058507,0.06557553573554065,0.06362249745455112,0.0633387589389875,0.06285822949642624,0.06248404277030034,0.06139999596309047,0.060395352762932134,0.05994158905109661,0.05988413325445105,0.05883648065810154
null,null_nonparam,gauss,20000,2,,900047,k1,quadratic,0.05,99,0.0061305617609695995,0.013911799168392469,0.011650020841976194,0.01135642045187002,0.01097448164636472,0.010954157684987198,0.010820004617152379,0.010673009135258926,0.010433760945401938,0.010313420330678391,0.010287143456784609,0.010265696370523325,0.010104491425737994,0.01009503130782563,0.010038531899501102,0.00983756300312466,0.009811749818776971,0.009799701887154066,0.009782030096661898,0.009513674357028434,0.009505012262204238
null,null_nonparam,gauss,20000,2,,900047,k2,quadratic,0.05,99,0.02719693587938056,0.131431014106276,0.08868740964456583,0.0868859792503163,0.08356242721885745,0.08257273097420327,0.07835806217463526,0.07756497818158664,0.07502121975915664,0.07312801155745915,0.07176805431177288,0.0715676216903745,0.06625103195285745,0.06555234295930126,0.06552913591042,0.06306714483408168,0.06303530744317745,0.06217298154709709,0.0612874468850511,0.06019920116875484,0.05982970758547036
null,null_nonparam,gauss,20000,2,,900048,k1,linear,0.05,99,0.0054258880284777655,0.015876049243116253,0.014800217384216996,0.011773355278924535,0.01167369688767006,0.011293780385849161,0.011227527288062866,0.011101776813790432,0.010952946801090047,0.01057861026064244,0.010350093403213245,0.010144969297442241,0.00990160709230159,0.00985514159214751,0.009835248037860511,0.009477486168830929,0.009463445010534532,0.009151564297618653,0.009146602900253265,0.009031526479598373,0.009006259309340847
null,null_nonparam,gauss,20000,2,,900048,k2,linear,0.05,99,0.06149378190948182,0.09877550015914013,0.0844842222421993,0.07782421836461959,0.07472571551909915,0.0741940277923459,0.0684724031354194,0.06843099796703163,0.0662419791177112,0.06468308082708409,0.0641314662606429,0.061640406447956375,0.06069460925657608,0.06036366892317611,0.060288883565547124,0.06020660281100973,0.05879310367320778,0.05857677942697498,0.05643910777297616,0.05584426016809965,0.05575965751586325
null,null_nonparam,gauss,20000,2,,900048,k1,quadratic,0.05,99,0.005490146737729851,0.013489869127706777,0.013103132587514166,0.012340414259372157,0.011988623174156943,0.01175648652941752,0.01174701230089037,0.011449595398518975,0.011128912141767366,0.01084039635343903,0.010483043409053483,0.010479438358134141,0.010461395647005434,0.010198240719024532,0.010174904094621406,0.010139838656699873,0.010058549909492176,0.009697307927205578,0.009594910393794898,0.009438631019883514,0.009330401367820707
null,null_nonparam,gauss,20000,2,,900048,k2,quadratic,0.05,99,0.061363813473641345,0.11046264642326813,0.07847838504880861,0.07804451636228431,0.07307973111592964,0.07221630039139025,0.06999621746485614,0.0693655201083003,0.06926324985926285,0.06620080086968962,0.06543400040652729,0.06522308204432826,0.06022534304973603,0.05989782379844486,0.058596504627545905,0.057379087253811065,0.056853208988910824,0.056739628904711306,0.054813343098868025,0.05359991962413776,0.05276719462969743
null,null_nonparam,gauss,20000,2,,900049,k1,linear,0.05,99,0.005395507995912041,0.015985862341145296,0.015408534235293425,0.01384536865630237,0.011956470939528563,0.011920800128017883,0.011822005969788552,0.01157552147300056,0.011376094953784777,0.011374710172065483,0.011296103616756592,0.011046588693689574,0.010980775292534717,0.010878402521020014,0.010791202061872895,0.010787333603311966,0.010554573521835087,0.01029872358756534,0.010237313061979392,0.010044070585170317,0.010030490860743702
null,null_nonparam,gauss,20000,2,,900049,k2,linear,0.05,99,0.03740299204131761,0.11636085794297264,0.10591151033711482,0.09077677735852765,0.08645186489345329,0.08164740954682376,0.07953419657696173,0.07913160362133821,0.07804687173395138,0.07539490421401329,0.07378044290691657,0.0721916439154113,0.07126600809627727,0.0682846684631205,0.06784453543610516,0.06647611415551273,0.06519336429972886,0.06497531056804869,0.06472904175181117,0.059750884298136665,0.058656342001843394
null,null_nonparam,gauss,20000,2,,900049,k1,quadratic,0.05,99,0.005429610790058215,0.012059041613249999,0.011955327452987663,0.011767042009610762,0.01168178007079479,0.011588618486247482,0.011057899393242754,0.010801718946403915,0.010692712243435376,0.010599425432846199,0.0104968105101092,0.010463444735603677,0.010361344760434266,0.010182231258703434,0.010163233948855876,0.00979331393133498,0.009709472651413087,0.00963053423243776,0.009490564457030892,0.009365883362646543,0.009316925904850004
null,null_nonparam,gauss,20000,2,,900049,k2,quadratic,0.05,99,0.036982365208746204,0.09878808750690281,0.09187558579493332,0.08985115488453467,0.08917978183971656,0.08878630966032712,0.08298396255355543,0.07392594827770581,0.07178635692059814,0.07118289599383591,0.07099011299204541,0.06736000447787185,0.06575968172535082,0.06461513693527869,0.06348687363027498,0.06332940387678436,0.06267441313341808,0.06254683083477816,0.0619205412187425,0.056401959942634826,0.055984920425546654
null,null_nonparam,gauss,20000,2,,900050,k1,linear,0.05,99,0.009634869246248567,0.017021331919002236,0.014092900575371936,0.013981668415816273,0.013358003943843344,0.012677666907108476,0.012204518804415199,0.011845385750310689,0.011549453860635217,0.010953066437292658,0.010679554146768244,0.010544726526567572,0.010481734749261395,0.010441008482419023,0.01039102317268148,0.010350992763119682,0.009706804208467368,0.009664005396854747,0.009522743246279552,0.009492007708238992,0.009465542826998519
null,null_nonparam,gauss,20000,2,,900050,k2,linear,0.05,99,0.04149247542667833,0.10030112287470017,0.09848777287629433,0.08779814002292084,0.08461107495959165,0.07688504001728007,0.07458633521256346,0.07268804729845577,0.07138841567488897,0.07072959003322367,0.06618553586000166,0.065343741496015,0.06465616060376388,0.06364292191015467,0.05914478144522373,0.056618584860250974,0.05658390996323166,0.05592847257470324,0.05498216479242423,0.054789136672404544,0.05398504557067847
null,null_nonparam,gauss,20000,2,,900050,k1,quadratic,0.05,99,0.009261549977415462,0.013662986593390936,0.013149416156628457,0.013133355264106195,0.012363112975398938,0.011959972981185896,0.011827017994909261,0.011640104653726224,0.010810266711071659,0.010757189731055217,0.010614277715494502,0.010413341550612687,0.010340694855654253,0.01032985514191731,0.010316481810176859,0.010212503354637303,0.010207625296780432,0.01017477253932031,0.010060371555893677,0.009767355456911986,0.009591830806106927
null,null_nonparam,gauss,20000,2,,900050,k2,quadratic,0.05,99,0.03917913127408011,0.10154636006122829,0.08785703974508847,0.08757067682279601,0.0861073029131325,0.08269148036122473,0.08053031467447108,0.07651666381556149,0.07501908088489016,0.07373991777693366,0.07152039554647102,0.06792938431907641,0.06771626835642733,0.06607192929876975,0.0650456148283317,0.06355501361881584,0.06205980389725174,0.06172626447799858,0.061310619222506864,0.06121470476442211,0.06062994925140737
null,null_nonparam,gauss,20000,2,,900051,k1,linear,0.05,99,0.005535413402788181,0.017743902796089617,0.017625750335101498,0.014057553466297223,0.013878575007324478,0.012350212663709725,0.012202793700406334,0.011885667313193626,0.011772958076792794,0.011550162986414536,0.011398159419040654,0.011365341670773965,0.011123411087994528,0.01033685950517138,0.010158871468530117,0.01015091153689529,0.010141568091685316,0.010132599134334619,0.009918604586903634,0.0098624777137436,0.009808199154583197
null,null_nonparam,gauss,20000,2,,900051,k2,linear,0.05,99,0.04327428562329976,0.10941717384698396,0.10407631434051075,0.10188011110666942,0.08951057107575444,0.08750149754793667,0.08239305534366567,0.07391021751636047,0.07258892119220807,0.07221643347329716,0.06811475115453648,0.06796453901062927,0.06090372464592053,0.0591905344261501,0.05804274377472396,0.057188306762559656,0.057179196272273615,0.05669624045807184,0.056159465254529195,0.05483105663317952,0.0542053217990872
null,null_nonparam,gauss,20000,2,,900051,k1,quadratic,0.05,99,0.005541741615902485,0.01450182800073907,0.012866366805185048,0.012532898517081281,0.01186422283905808,0.011737369906306583,0.01173467513745452,0.011630169046920491,0.01158157205792032,0.011077723681396812,0.011058427362322654,0.011018114602214357,0.010895459172667987,0.010879160590688608,0.01082414260007536,0.010709765727286102,0.010075450459841817,0.010035491314384859,0.00993668901944833,0.00965934044760497,0.009493955275806432
null,null_nonparam,gauss,20000,2,,900051,k2,quadratic,0.05,99,0.042660900434522094,0.1529937783910835,0.10815882927358256,0.1037433749313814,0.091696936355553,0.0800261066448402,0.07873286871376416,0.0754819704722892,0.07080633547824411,0.07079682631370611,0.06798046103702994,0.06469168086229214,0.06421156573688976,0.059977276198517525,0.05902311807338984,0.05830306402920509,0.05604769730443393,0.05588261769015147,0.05498733323095771,0.05498257077411488,0.05476648566715901
null,null_nonparam,gauss,20000,2,,900052,k1,linear,0.05,99,0.010536230957342463,0.014209271715484029,0.013964049977785442,0.013753489193590651,0.013116572531751802,0.01268578238754925,0.012564871408995093,0.012444389764045272,0.011804390752039318,0.011286355533767667,0.011264084685806086,0.011234940527879211,0.011211306190646586,0.010941265785784249,0.01006295851047545,0.009963516398647343,0.00986971505492984,0.009854102180794744,0.009800107781485767,0.009791204114613095,0.009770257326708442
null,null_nonparam,gauss,20000,2,,900052,k2,linear,0.05,99,0.027559523200467447,0.105315793160922,0.09969683450289588,0.09357145646585296,0.08817985432867377,0.07178054471528168,0.0711641747469796,0.07012305518783168,0.0692072219299971,0.0691786283456125,0.06698789547615691,0.06628908011393297,0.06411812085178759,0.06408673100392154,0.06385576003897996,0.061425026550830486,0.06097407253509593,0.05892070238502287,0.057621224890889625,0.05718061060830685,0.056191886185751896
null,null_nonparam,gauss,20000,2,,900052,k1,quadratic,0.05,99,0.010662449304783106,0.012991028444069741,0.012490290035819251,0.01087223554471528,0.01080001453634205,0.01068661137669924,0.010532670800066368,0.010492728202858403,0.010458171072968758,0.010169772957889012,0.010144075070650183,0.009712120470663277,0.009700396877664108,0.009663782563378187,0.009519019655396144,0.009508347152730856,0.00924653452128299,0.00922683838261562,0.008652846646270862,0.00856188637787414,0.008483780453577117
null,null_nonparam,gauss,20000,2,,900052,k2,quadratic,0.05,99,0.026786555242303972,0.09651890692952052,0.09280935698653527,0.09150299458600139,0.08912245032763076,0.08855890148927452,0.08455510465363672,0.08110468310519135,0.08057140759200182,0.07942894974175826,0.06963895999397962,0.0679745435177258,0.06658134393569833,0.06590193405404154,0.06573948728745757,0.06569088729278531,0.06465852124171147,0.06272962521951087,0.06178984973494001,0.060318699772318816,0.059070047981993716
null,null_nonparam,gauss,20000,2,,900053,k1,linear,0.05,99,0.002223551207963026,0.01541143309564219,0.013898339182566555,0.013210927724484178,0.012311002445687613,0.01225449653572741,0.011775445623727676,0.011690096075167467,0.010510766460129717,0.010329455436728807,0.010281376659779351,0.01026750422139,0.010121517179171757,0.01006681312011648,0.009986156892019205,0.009905934583951503,0.0098740138338137,0.009746734483976338,0.009300568944741294,0.009272165546685196,0.009229051065813287
null,null_nonparam,gauss,20000,2,,900053,k2,linear,0.05,99,0.028642595253486808,0.1017990138856352,0.0908041502277061,0.08507548307320587,0.07963882269266291,0.07741591141678442,0.07606753186536522,0.0755139919969236,0.07279068094761246,0.07258301758481002,0.07217774921608923,0.0708589784271105,0.06898490728776165,0.0673882091150395,0.06710694150767815,0.06581960801522065,0.06327609906333082,0.06148096129196542,0.06033392460612372,0.05980045575075341,0.05923938455797438
null,null_nonparam,gauss,20000,2,,900053,k1,quadratic,0.05,99,0.0021252026266977975,0.015125226775941747,0.013137709909423978,0.012028054903748697,0.011942940703570493,0.011536336197732311,0.011258847313115439,0.011210678008132469,0.010907310829862404,0.010828793489998878,0.010269911707867618,0.010263057595795377,0.01018313816528782,0.009881137747107416,0.00972293043507888,0.009680469342636333,0.009524018926836186,0.009377929316920386,0.009370715031867594,0.009205699929565325,0.00906505876713637
null,null_nonparam,gauss,20000,2,,900053,k2,quadratic,0.05,99,0.030289183591073066,0.15082183585511444,0.10593982705243374,0.10413068775091966,0.08274913106127428,0.08271112428524452,0.08066780678991697,0.07443009897415435,0.07011925673402675,0.0691333708399409,0.06886696506574318,0.06435005128273487,0.0638782336473079,0.06205922099766768,0.061192828680758524,0.059216592954015636,0.05676947495934427,0.05599827642826768,0.05481146914061502,0.053025628392700634,0.05169795467100124
null,null_nonparam,gauss,20000,2,,900054,k1,linear,0.05,99,0.009325048324215768,0.015494457767642578,0.013225877175204293,0.012839125543917085,0.011896753513018221,0.011888626928964308,0.011492042237002398,0.011217958807531958,0.011169118430153335,0.01115812536582661,0.010954787340686778,0.010854372948513324,0.010611832152963796,0.010309407970555351,0.010164272090466664,0.010058950752204643,0.009663338859100423,0.009291388100609144,0.009211452987110014,0.00913723982487058,0.009107646182837437
null,null_nonparam,gauss,20000,2,,900054,k2,linear,0.05,99,0.05170645934901719,0.1031212079811657,0.08364479833637975,0.07911781265224702,0.07308600979847163,0.0703883429528568,0.06460724195780349,0.06270447625724439,0.06247680437316386,0.06153856834702794,0.061168725593382225,0.06004817871116332,0.05961657418580283,0.059598213895232996,0.0590135737561026,0.05714679793079116,0.05651054134717323,0.054837082884650654,0.054575191688699405,0.05346873025808516,0.053141874475096995
null,null_nonparam,gauss,20000,2,,900054,k1,quadratic,0.05,99,0.00964238332356726,0.012390080512861723,0.011826625369022903,0.011400391001841093,0.011215379545282289,0.011136143741013571,0.0110633194025338,0.01099367978173782,0.010500336919802122,0.010499210750461119,0.01045126876536695,0.01037573798771918,0.010292204582878495,0.010271080389204656,0.010093653658840185,0.01001229849635521,0.00997889783115824,0.009896235091231942,0.009855486841494399,0.009807641477128315,0.009710182461025951
null,null_nonparam,gauss,20000,2,,900054,k2,quadratic,0.05,99,0.05043059312544503,0.11130969647494356,0.10200955402879473,0.09790427315926402,0.08764243573634642,0.08434407785921184,0.08299104985988429,0.08007087238410167,0.07847340239662912,0.0720854210896171,0.07116723487101098,0.07043099769549002,0.07030066145719198,0.06978256883331142,0.06791230717562055,0.06670163583217413,0.06653923258266793,0.06553918240842235,0.06291968958180015,0.06157116535877174,0.06086813823561549
null,null_nonparam,gauss,20000,2,,900055,k1,linear,0.05,99,0.004142666605435608,0.020703890662390645,0.015244696335261487,0.013838458940008125,0.013481010794472614,0.013325561926650464,0.012293758184317327,0.012200794008111027,0.011693884779974573,0.011435493014574027,0.011380766464657466,0.010871002348810443,0.01075334865498101,0.00995076805902495,0.009365766302940393,0.009211437161691927,0.009109122504557865,0.009079517181861618,0.009010977278027021,0.00899612255538551,0.008970968328387618
null,null_nonparam,gauss,20000,2,,900055,k2,linear,0.05,99,0.022056660351189195,0.10393149903432779,0.10007456951739935,0.08266514054302172,0.08113305974229647,0.08111118012558294,0.07974494667801879,0.07308142506875395,0.06951289316775877,0.06807116312978144,0.06736845145943052,0.06686247923071376,0.06548858883639826,0.06361876625233263,0.06339135810697885,0.0631425829077732,0.06299243885893238,0.06250788039996973,0.0623488049621434,0.06116854390761587,0.060853735311552686
null,null_nonparam,gauss,20000,2,,900055,k1,quadratic,0.05,99,0.00445260618771659,0.015141040388169658,0.014799425139118139,0.012122519210038929,0.011804558968241508,0.011418925324112261,0.010907800922035138,0.010745965619095577,0.010353045348436729,0.010099165501843421,0.00984771956755548,0.009774688220115624,0.009689846746550046,0.009608572875407395,0.00960712004981723,0.009549755737861765,0.009413767460354161,0.009251041713757013,0.009193653510640942,0.00908622023012462,0.008889544123354853
null,null_nonparam,gauss,20000,2,,900055,k2,quadratic,0.05,99,0.024410969200374406,0.10151665463331744,0.09092345886511059,0.09080050659972767,0.0794958599917334,0.07758774397305049,0.07374943227537209,0.06978810417467726,0.06836576475816747,0.06635592269876767,0.06634103035028294,0.06613776791637496,0.061557608924714305,0.06115245097488802,0.06062063016364716,0.059492029200775155,0.058157235179884,0.05665688194239796,0.05658961235878335,0.05431144205166901,0.05394681081025439
null,null_nonparam,gauss,20000,2,,900056,k1,linear,0.05,99,0.0068064508074119345,0.014590639581752884,0.014256293502826867,0.01330834304690709,0.01315450711094901,0.013154152043765799,0.012077723467595836,0.011454349840932743,0.011013917119764738,0.010858237687677463,0.01081506600428539,0.010776275808619395,0.010648785813154205,0.010585525422296627,0.010501573414327225,0.010393368680056914,0.010151916016343687,0.010000803689465099,0.009968962083439337,0.009957357991121851,0.009821067723538857
null,null_nonparam,gauss,20000,2,,900056,k2,linear,0.05,99,0.025722602251237396,0.1797901617614351,0.10869960939848437,0.1007718400998347,0.09251935591234833,0.07662277505079212,0.07138376517006693,0.0710115342653879,0.07024670097949764,0.06997505648551613,0.0672486708513322,0.0667349723118629,0.06566466299333015,0.06562271808163263,0.06399394505718876,0.06348762513768724,0.0631466309040983,0.06125933706691798,0.060329639495451365,0.060314135423210284,0.05941167788346913
null,null_nonparam,gauss,20000,2,,900056,k1,quadratic,0.05,99,0.006849827177149659,0.015384594624644365,0.014275314299354358,0.013144126080645413,0.011793631841302887,0.011570535559082717,0.011068446162003531,0.010976470220874668,0.010763735170046806,0.010676216175014686,0.010670495571532657,0.010650556625557361,0.010402228322471951,0.010361412540114356,0.009609029815145553,0.00933946257304985,0.009231042300713033,0.00915889043062168,0.008984923825935187,0.008904954213138971,0.008869117306836594
null,null_nonparam,gauss,20000,2,,900056,k2,quadratic,0.05,99,0.027290296229978937,0.11164935972378,0.10071129808721828,0.09416634265716436,0.08354002812465162,0.07336330290059853,0.0677702591398879,0.0636759749826361,0.06181940912022459,0.06131922606634124,0.061147707701737795,0.061056149750746996,0.059796251621956675,0.05943876220688243,0.059260745798215324,0.05743431625511857,0.057306518182712186,0.057294740544426535,0.05705374324337475,0.05462481945895745,0.05355122936586082
null,null_nonparam,gauss,20000,2,,900057,k1,linear,0.05,99,0.009103459985253526,0.015192187068037155,0.013970340668043146,0.013540828308667652,0.013461317403429152,0.012651600576100486,0.012563227505837604,0.011352510959675266,0.01125512912786808,0.01070102365348824,0.009974644871490357,0.009761379057739217,0.009738313541269306,0.00962819709136653,0.009598283948934916,0.009531991803427786,0.009390166260983435,0.009216970740693609,0.009212078053220218,0.009151793844607403,0.009045957192647447
null,null_nonparam,gauss,20000,2,,900057,k2,linear,0.05,99,0.025937863110989477,0.10739092700853471,0.1023935095835042,0.0875732416049044,0.08477538803808854,0.08439930061643842,0.08007902984177348,0.06957812392781265,0.06478577643102366,0.06266644840502318,0.0598676418154401,0.05980785962307226,0.05845855443761184,0.057725028504326634,0.056122702501553066,0.0544892271780064,0.05376909093613962,0.053389783504974496,0.05327252144224858,0.051996886751774544,0.05079571895748571
null,null_nonparam,gauss,20000,2,,900057,k1,quadratic,0.05,99,0.008863321402481805,0.01429557495033118,0.013463711480483864,0.01276157404045919,0.01114440280008433,0.010818219833524045,0.010687493809316773,0.010571061152538697,0.010475249870113945,0.010426955985715414,0.01008924748016582,0.009764694431678045,0.009294235435284293,0.00917726412454245,0.009173972360280058,0.008998201423193963,0.008665359404972484,0.008400197335912574,0.008306624341119395,0.008228772211671731,0.008217807685416245
null,null_nonparam,gauss,20000,2,,900057,k2,quadratic,0.05,99,0.023726948777867726,0.10076624780204714,0.0970898857232056,0.074006475382715,0.07133185817848826,0.07018018138987962,0.06553586122891347,0.06458775484356073,0.063926649358908,0.0624733072318287,0.0620746639443528,0.06076613795803998,0.06045149187775047,0.060181977803335784,0.05832292941654043,0.05816358945867602,0.05719182580237073,0.05445135679861653,0.05431536481285239,0.05420821585865354,0.0537404648842505
null,null_nonparam,gauss,20000,2,,900058,k1,linear,0.05,99,0.005381834399111662,0.015835046059545665,0.014476185261409369,0.01409533236866134,0.013699854931008226,0.013486295652931912,0.013111567166135263,0.012577456256982478,0.012126297833037203,0.012123067575650737,0.01165625910036483,0.011494414924075214,0.011458691622735828,0.011382465455905155,0.01120046226234872,0.01097558628343076,0.010710945544933126,0.010361449150606217,0.010174504420962571,0.009785251974919418,0.009702946292917236
null,null_nonparam,gauss,20000,2,,900058,k2,linear,0.05,99,0.02625020916816543,0.1120129298576562,0.10323091160859116,0.09400049578075355,0.08912483397458608,0.08466921278290215,0.07572850923867284,0.07330293572486854,0.07174949848008266,0.07026119005795456,0.06923770917165191,0.06650015174198544,0.06639552177768895,0.06635085051516745,0.06334390936307426,0.06317676040269019,0.06235943942854765,0.06038938555338943,0.05735065731973676,0.05603440138780033,0.05589717812430394
null,null_nonparam,gauss,20000,2,,900058,k1,quadratic,0.05,99,0.005385540755497131,0.013521199051103605,0.01293909606593846,0.012607004909415465,0.012364174426017005,0.012236591812558317,0.012182965877992613,0.011100830450997856,0.010527701072826412,0.010152184603906433,0.010133725435757968,0.010115476723385641,0.010105925805599103,0.010105746250285264,0.01006571275215784,0.010028249006658996,0.009940351312086704,0.00989614350325152,0.009879532489826093,0.009817694035223368,0.009804813567059534
null,null_nonparam,gauss,20000,2,,900058,k2,quadratic,0.05,99,0.026445138409191105,0.10236974773368386,0.0891462407037878,0.08201989561973098,0.08160766853515762,0.08027212673396211,0.07622656793886229,0.07407187642466173,0.06892840306888078,0.068826000769897,0.06742121908283133,0.06656216501253653,0.06559162677476146,0.062266521051583895,0.06089934585712809,0.06060157560065604,0.06057736626658597,0.06053733661281896,0.06043953426806203,0.059431834049962835,0.058889218775501434
null,null_nonparam,gauss,20000,2,,900059,k1,linear,0.05,99,0.0053819531498021655,0.013453974391036905,0.013294631707743365,0.012544865647569625,0.01188550349852091,0.011602419385422946,0.011003111794362974,0.010772353916243094,0.010676672234568918,0.010517428530138817,0.010476305876182979,0.010411721609493996,0.010248173795204596,0.010190842839797765,0.010058751318718029,0.010031585322153092,0.00988984249343805,0.009773073139290767,0.009630397733819573,0.009348064578869164,0.009236029865798634
null,null_nonparam,gauss,20000,2,,900059,k2,linear,0.05,99,0.04098270166674579,0.13899367119414385,0.12173134689688316,0.10741882550565755,0.09149295796603898,0.08624486895696415,0.07106216999458759,0.06898226247700216,0.0680951501729908,0.06765808143312305,0.06761800766985829,0.06269633566869016,0.06255771492976746,0.06238895321423472,0.061528297615524793,0.06141087286421967,0.060342137562604974,0.05824508203334867,0.05750317155131837,0.05724166678406027,0.05718499227566421
null,null_nonparam,gauss,20000,2,,900059,k1,quadratic,0.05,99,0.004934460343079428,0.01779609880893196,0.017423470173975275,0.015613278945563525,0.015313836637712575,0.014462948422095612,0.013782929384122178,0.013322761700180319,0.012595175384946589,0.012482936098724529,0.012317407129844637,0.011948103254552533,0.011912765531282843,0.011575212064675267,0.010657269375049183,0.010608452979425365,0.010481105325597317,0.010123989566314107,0.009939941393344087,0.009837891258643539,0.009764219547877206
null,null_nonparam,gauss,20000,2,,900059,k2,quadratic,0.05,99,0.0463546410641578,0.10545683495527121,0.08806131875916003,0.08663318450206117,0.08220950141970645,0.08162244592153683,0.07972061695806917,0.07813919501983899,0.07767996910929531,0.0737262539461397,0.06943439451065926,0.06884283091646617,0.0668507446698298,0.06662521475041953,0.06660101604178927,0.06575649212264126,0.06551870416824984,0.06509619027919555,0.06412557417017867,0.06358000527455196,0.06247802251418513
null,null_nonparam,gauss,20000,2,,900060,k1,linear,0.05,99,0.005387538259784108,0.014260648841375678,0.013763198770013751,0.012527988182166161,0.011742180993944418,0.011602801959332165,0.011591540937068268,0.010882959890065269,0.01083905399852414,0.010662841867924433,0.010523961842789253,0.009738407230065249,0.009705266031735604,0.009674768394417388,0.009594533402451644,0.00953270713857779,0.009448293708080091,0.009057609205856854,0.008822983816918706,0.00865038144317909,0.008618293539739419
null,null_nonparam,gauss,20000,2,,900060,k2,linear,0.05,99,0.06886238421650426,0.09154114521968244,0.07999242885394962,0.06876663359233563,0.06805238517802532,0.06654292999561182,0.0643709841145202,0.06422755771515826,0.06258095628569349,0.06120413389525013,0.06071199683126294,0.06032073042560655,0.05968123951434469,0.05954868287922593,0.05879323897569611,0.057823393253645355,0.0548017112323883,0.0543795105466689,0.054176197128903564,0.0530277386174319,0.052353247504382666
null,null_nonparam,gauss,20000,2,,900060,k1,quadratic,0.05,99,0.005271360574012007,0.013759816752424436,0.0132607749921132,0.012463820095433675,0.011996720592248766,0.011853976171321445,0.011697924237983992,0.011562236273826687,0.011532369989680546,0.011340312016636434,0.011163094471526414,0.010829547474186185,0.010582187893882877,0.010348664877198654,0.01027679699249362,0.010273068937713403,0.010146434028723283,0.009869183429657147,0.009796284954576295,0.009340354072300494,0.009227068712421405
null,null_nonparam,gauss,20000,2,,900060,k2,quadratic,0.05,99,0.06637949155515958,0.07615566975705969,0.07511634271863402,0.07134883800157972,0.06997611706686936,0.06992685836721113,0.06991454186664305,0.06939598793837448,0.06345319500174877,0.06240245072630346,0.05969026710275776,0.056346398309543536,0.055399558514041415,0.0552871492721689,0.055111512385569564,0.05500984132872726,0.054938891166720495,0.05427914757794911,0.05239537154126816,0.05226037769668513,0.05219448507212351
null,null_nonparam,gauss,20000,2,,900061,k1,linear,0.05,99,0.0054122170346974086,0.013937086081938221,0.013491046274868301,0.01184194130626326,0.0110810562433733,0.01099233537694777,0.01095868756519669,0.010722634935999897,0.010721272749813826,0.010616832006076105,0.010477182721093325,0.010454408764150824,0.01035417917665371,0.010109581808441681,0.010057531999823177,0.009889171452329815,0.009693632023593302,0.009521965380959618,0.00940620487686783,0.009067446313197669,0.009012244717366724
null,null_nonparam,gauss,20000,2,,900061,k2,linear,0.05,99,0.026182938331394415,0.10767973583330254,0.0879672232067507,0.08142737125097403,0.07966875941755333,0.07824742372171864,0.07820404363360718,0.07736137349383383,0.07729262242913007,0.07518642098861443,0.07281445924487241,0.07051125134735564,0.06987628837535045,0.06834570463756565,0.06792112547650646,0.06274388125283162,0.062302063353644285,0.0603995109159893,0.059275493627491856,0.0586561261382867,0.05845990307764836
null,null_nonparam,gauss,20000,2,,900061,k1,quadratic,0.05,99,0.005419625409054496,0.017011132546330354,0.013137006814224472,0.012906794951023537,0.011935559651114924,0.01128886600848289,0.011025633048118988,0.010937498374399834,0.010835831886935599,0.010601491244677352,0.01043042330979016,0.010078194090021975,0.009980054466202093,0.009936233992060006,0.009552507327220572,0.009275034158536144,0.009203733582453855,0.009154772062723304,0.00905084266458156,0.00899724344094055,0.008898972157988183
null,null_nonparam,gauss,20000,2,,900061,k2,quadratic,0.05,99,0.027433597866022605,0.13441865889566498,0.1036713379308159,0.10209439442062966,0.08288260158347886,0.08109526310530703,0.07870021995435103,0.07219439589358553,0.0711640139783373,0.07091462932313453,0.06963872962196958,0.06865193513755992,0.06828821573927357,0.06457806940917779,0.06163742822158342,0.061152455425297264,0.057922578682323776,0.057537683466289256,0.056810946393455686,0.05612844967118825,0.05597149790657595
null,null_nonparam,gauss,20000,2,,900062,k1,linear,0.05,99,0.005881862544750427,0.012189298448401886,0.011414319571429798,0.011309549110105177,0.011298764562622132,0.011023500442072898,0.010442714554161903,0.010054048992480302,0.009975194162777257,0.009806647453442285,0.009204901372707242,0.009145206997800748,0.009011939217825948,0.008900567666739412,0.008898303290507226,0.008838966337677112,0.008754510997814435,0.008746865630896772,0.008634745678849143,0.008449046483418265,0.008418113351107981
null,null_nonparam,gauss,20000,2,,900062,k2,linear,0.05,99,0.023800157212846985,0.12618728749400007,0.09024097503322322,0.08726986207307998,0.08725277468067745,0.08466700260357317,0.08381102750848282,0.07472711987026913,0.07407651984793368,0.07403046017802764,0.07272633331815506,0.06586798377349587,0.06322045634003184,0.0621757082244175,0.056903994624267686,0.05452910485673214,0.0526894724182738,0.0522866591818694,0.05218413789941969,0.05186597514143736,0.051283430405011106
null,null_nonparam,gauss,20000,2,,900062,k1,quadratic,0.05,99,0.005879608819829629,0.015285745881913448,0.01379028960526063,0.012186832856191154,0.011744446916153395,0.01162016601449889,0.011485639260385816,0.011367094102374131,0.011136322419389999,0.010117448519467831,0.009777912177258097,0.009591246653210539,0.009259231212248475,0.009253549448953624,0.0089587520789558,0.008847740029550022,0.008798577647574746,0.008753086646990038,0.008665108746562344,0.008626552267133936,0.008561574889656698
null,null_nonparam,gauss,20000,2,,900062,k2,quadratic,0.05,99,0.02504651123819022,0.09190625799535833,0.08400934455437845,0.07915760141060198,0.0771712310871738,0.0735958308087542,0.07220210754609953,0.07003461771128798,0.06872749812975525,0.06758652320308317,0.06692344175339698,0.06637500172988706,0.06190535548943751,0.06149839794216376,0.05868032182874044,0.057622525236169314,0.05739177513657107,0.057025948195399544,0.05615113369321248,0.05589582847899315,0.05534220857819227
null,null_nonparam,gauss,20000,2,,900063,k1,linear,0.05,99,0.007690732573663928,0.014623342479584522,0.013786397940930506,0.013256987032669643,0.013001414176745052,0.011910260703335451,0.011657796310489688,0.011003669850514708,0.010823382464108855,0.010557579466267675,0.010497959099497245,0.010491266384336284,0.010420783174567405,0.010235922871550507,0.010224874638753878,0.00984277729891525,0.00983777121070084,0.009767650717744214,0.009567666391708585,0.009514920065328836,0.009424267165238143
null,null_nonparam,gauss,20000,2,,900063,k2,linear,0.05,99,0.02442439997016286,0.14939972231824145,0.11670739155564555,0.10047695515962353,0.09082153763001571,0.09079484703595112,0.08101537115086517,0.07695299218306685,0.07487180748619054,0.07442988082065785,0.07082372544659084,0.06918131754382573,0.06432628951980922,0.06411123101766014,0.06343985136174786,0.06304720432398787,0.0623734645798577,0.06034642323363471,0.06028338018495387,0.05872294554451435,0.0583368076323362
null,null_nonparam,gauss,20000,2,,900063,k1,quadratic,0.05,99,0.007654905749366558,0.015223161508101657,0.015045820626764295,0.014498966364915211,0.01306350696044678,0.012803812556083982,0.012232737446735475,0.011627576514859572,0.011392094584183332,0.011039114730642008,0.010502623584086268,0.009968399099106295,0.009941481573873756,0.009936207213203652,0.009778648594360617,0.009758951484906464,0.009617931997418894,0.00958817995244532,0.009123524694568008,0.009114932558544342,0.009102580117373082
null,null_nonparam,gauss,20000,2,,900063,k2,quadratic,0.05,99,0.023361677508953925,0.11276870940451057,0.10001261584878073,0.09315896774403284,0.08446126287680622,0.07910953749619054,0.07332042640179759,0.07147000634797364,0.06961858896742291,0.06870541575342391,0.06760891528597973,0.06688040582145205,0.06673148234852053,0.0657057559547833,0.06465533388443757,0.06284109476705677,0.06195925190351059,0.05870096949742518,0.05815118193915559,0.05798840012536779,0.05735135449771742
null,null_nonparam,gauss,20000,2,,900064,k1,linear,0.05,99,0.004773950877215549,0.015534925129541022,0.01433227854375485,0.013975744314742022,0.01269684822723971,0.012039120715268248,0.011570477427008008,0.011265414327593648,0.011085631149984843,0.010778459114041627,0.010056363029550264,0.010048683208744968,0.009905868290721709,0.009850989523546017,0.009835080756726011,0.009278395535989081,0.009102316851379078,0.008977550179767091,0.008949073606216662,0.00877508823868256,0.008736618237120464
null,null_nonparam,gauss,20000,2,,900064,k2,linear,0.05,99,0.03240846161467656,0.0985724738698625,0.09177531824370139,0.08772815992487872,0.0876266636462975,0.07535107497809762,0.07493609232448183,0.07408801422322091,0.07350294335686601,0.0691344541367645,0.06858428632703317,0.06762567439865325,0.06537114597059418,0.06146371574024422,0.06056772127105457,0.059481961957560565,0.057459173914013555,0.05621850446485747,0.05580779471871821,0.05542157471809433,0.054628792443522804
null,null_nonparam,gauss,20000,2,,900064,k1,quadratic,0.05,99,0.0048541303566732585,0.017802654785687322,0.015513017039928134,0.013924357864740555,0.01342960225937162,0.013117552686528478,0.012002563497633068,0.011835016639247575,0.011508711367545832,0.011498493739061977,0.011484320791968483,0.011457619149759624,0.011267383302267509,0.011216202133631614,0.011174283237934013,0.011024551845691066,0.010916615201262303,0.009886500811035148,0.009774789220289293,0.009717599114580033,0.009587455150122604
null,null_nonparam,gauss,20000,2,,900064,k2,quadratic,0.05,99,0.03108655277831845,0.08694170043408753,0.08355213239644622,0.07907262685593831,0.07359077296155499,0.07100978406582653,0.06935474480308496,0.06621019843392223,0.06606414294923703,0.0646401520886837,0.06453531265126998,0.06351203088409348,0.06233592149433851,0.06190023295084508,0.060482841658340294,0.05995688653487282,0.05925707659867576,0.05897096207314276,0.058763988709941234,0.05811528664302108,0.05566452596982476
null,null_nonparam,gauss,20000,2,,900065,k1,linear,0.05,99,0.006104450948908324,0.017259699201691348,0.012432703093641528,0.012318826030483843,0.012204919539205772,0.011924705697486049,0.01187722183742601,0.011875011255740864,0.011768160309223008,0.011685571623595736,0.011482286770090111,0.011102149054736943,0.010463192539414745,0.010461038125102906,0.010262662157053626,0.010202227809454345,0.009730491889821336,0.009556305616993277,0.009548088595569326,0.009404196781358953,0.009287193179821518
null,null_nonparam,gauss,20000,2,,900065,k2,linear,0.05,99,0.02066210206221736,0.13076796539072832,0.1025686403810925,0.08930673980478153,0.08909378988644781,0.08856305801859217,0.08707829715419245,0.08312676753086075,0.07580151513248931,0.07504261059247383,0.07403783631575134,0.07086218602166884,0.06820312624860847,0.066774981850613,0.06664474386853989,0.0635464970247305,0.06301625139436892,0.06294642988661836,0.06003101406799336,0.05990455472355937,0.059087357543497525
null,null_nonparam,gauss,20000,2,,900065,k1,quadratic,0.05,99,0.00619037157055502,0.016595859668927404,0.014463135603785204,0.013319420829468243,0.011687460068612543,0.011082678073536467,0.010869911560310808,0.010846041483005386,0.010839453712574554,0.010799147679962262,0.01062924950377675,0.01049480865011887,0.010311856826167864,0.0099980837009358,0.009980820332204376,0.009940616137738778,0.009761768363996448,0.009294166638603163,0.009187866558998059,0.009130286209926397,0.009115642023882486
null,null_nonparam,gauss,20000,2,,900065,k2,quadratic,0.05,99,0.02035476905592182,0.0979687357082856,0.09079390955276082,0.08542608059386786,0.07558614811511906,0.07497326245720906,0.07235229626873499,0.06817711150767757,0.06615958194190492,0.0645020195269956,0.06427087365017282,0.0638894801058177,0.06309071988363045,0.0630612014473423,0.05455917495386382,0.05379381527503479,0.05327371570367575,0.05104402468608256,0.050983039532702105,0.05087630996232538,0.05084766244576041
null,null_nonparam,gauss,20000,2,,900066,k1,linear,0.05,99,0.006126697300253947,0.017758604624728558,0.014427181820678148,0.012668177147231452,0.01197215044966593,0.011670799652520603,0.011440454425792779,0.011307710249750524,0.010369628133936382,0.010285511136226666,0.010208020031512555,0.010165606228228818,0.009852635735228654,0.009709480269522341,0.009647192289558681,0.009387972659149701,0.009089740759735121,0.009005427458217419,0.008927089727941095,0.008524804104078298,0.008314637029063987
null,null_nonparam,gauss,20000,2,,900066,k2,linear,0.05,99,0.022322432042879873,0.08416420973932333,0.07946426313884299,0.07716927348014106,0.07685638511569337,0.07645247158901611,0.0759380014367816,0.0748545736456184,0.07072681559951381,0.06874269970227444,0.06611493234319187,0.06255989160087022,0.05800512562046318,0.05630302320468028,0.055928321167964264,0.05542939402066827,0.054753602888491966,0.05411083215733784,0.054084886616035686,0.053621026266829096,0.05328009064203346
null,null_nonparam,gauss,20000,2,,900066,k1,quadratic,0.05,99,0.006134528489687319,0.020105092982003803,0.01592896281339362,0.014780926899312874,0.013030804739598056,0.012816969517698173,0.012397086836248628,0.012273298696627855,0.011814830766093243,0.011415289886896995,0.01074993680506986,0.01047264164213646,0.010214471606485587,0.010096689040642759,0.010085344724067635,0.010067683754490409,0.009998681922993136,0.009513023726140046,0.009438786087837214,0.009274155164903375,0.009255689625733421
null,null_nonparam,gauss,20000,2,,900066,k2,quadratic,0.05,99,0.02319340141772612,0.11410021512543829,0.08825213138440043,0.0843458503526857,0.08274233993020683,0.08040166812230386,0.07808908449127484,0.0757372422312103,0.07089508576257363,0.07088303410863056,0.068147358420595,0.06519314486927773,0.0647440731386746,0.06365941010055814,0.06148866217267384,0.060653044892145735,0.0587416583174917,0.058733761241945875,0.05650414612090959,0.056289269811729464,0.0551249976727749
null,null_nonparam,gauss,20000,2,,900067,k1,linear,0.05,99,0.009781349884309343,0.015627236761996177,0.0135094217826075,0.012494437761888744,0.011634954235284045,0.011114351888748097,0.010992194787377119,0.01053822782166014,0.01031235736354208,0.010247211646906451,0.010183675906613732,0.010022990426080569,0.009701953316047507,0.009520079570611517,0.009497913320399176,0.009434444882827409,0.00935752071209528,0.009174426287655413,0.009164507664799815,0.009107692273595536,0.008947770943929845
null,null_nonparam,gauss,20000,2,,900067,k2,linear,0.05,99,0.030927135215270046,0.1203133976360964,0.10860266673035332,0.09259956756577728,0.08875497456515156,0.08654658772701965,0.08480877365620208,0.08324611093056389,0.08000037235814511,0.07593340370907703,0.07404413443763161,0.06886872227954771,0.06696295047361399,0.064829709191125,0.06234110376660708,0.06198816758759836,0.06171397690127678,0.05967398533406983,0.059011695707313884,0.058879703161724195,0.058722290643834975
null,null_nonparam,gauss,20000,2,,900067,k1,quadratic,0.05,99,0.009891805218255278,0.017776425869853174,0.015499187653878588,0.014991097702672929,0.013424716817502569,0.011597310702469943,0.011260267917233557,0.01124146186989794,0.010887963104297294,0.010185939075245676,0.009889280230082953,0.009703716112857252,0.00965796666606411,0.009454277681774093,0.009333157462045771,0.00921357361827635,0.009029699326079665,0.00897421920643493,0.008930806960379956,0.008907153231234477,0.008895794321016282
null,null_nonparam,gauss,20000,2,,900067,k2,quadratic,0.05,99,0.03136381110906465,0.12007881178885269,0.09230050606659594,0.08721631691851939,0.08383546874207617,0.08027095251903174,0.07912064915292072,0.078926878399071,0.07841182781720332,0.07836777635550306,0.07712201316324853,0.07539866027822978,0.07372895663430983,0.07363516914292687,0.06957692681746469,0.0689983439484261,0.06892899401510827,0.06672137699222683,0.0662015703274233,0.06460591405252375,0.06312343022256321
null,null_nonparam,gauss,20000,2,,900068,k1,linear,0.05,99,0.005169187350917648,0.01563474677032195,0.013599997365132177,0.012705678119437347,0.01230045444961636,0.011994653366383723,0.011829276632517871,0.011772793408776905,0.011535893228222682,0.011287705082428823,0.011238435202028607,0.011154425705458548,0.010998422952086973,0.010895995695376026,0.010718139849676844,0.01039403136287631,0.010386800225246184,0.010296635653483932,0.010212915821894764,0.009987920968286046,0.009915042331637536
null,null_nonparam,gauss,20000,2,,900068,k2,linear,0.05,99,0.036126433263381094,0.103681806590801,0.09579478392099659,0.08734040304999006,0.08082429042177308,0.08002479235951304,0.07809151315809633,0.07546127706386054,0.07303201779917752,0.0726813995343126,0.07042702397429744,0.0686610813237511,0.06837443405651235,0.06764853783530718,0.06269223819279326,0.06259470914712267,0.06256381603150703,0.06132413507500463,0.06058479031104578,0.05888666389602933,0.058447406299721553
null,null_nonparam,gauss,20000,2,,900068,k1,quadratic,0.05,99,0.005099110208578228,0.013816057089794942,0.012618875382286121,0.01229265457019968,0.01209273046136361,0.011552940534045875,0.011033793815749426,0.010296693744537788,0.010285214581802538,0.010250350488844595,0.010203564540214538,0.010202778922852151,0.010075483460900148,0.009912579585249492,0.009843793534195178,0.00971516938699335,0.009631183261125664,0.009540826918003509,0.009514655475189926,0.009483256017923103,0.009457846536890746
null,null_nonparam,gauss,20000,2,,900068,k2,quadratic,0.05,99,0.03776974637819569,0.10862243983555402,0.08660177514338338,0.08414046076051097,0.08243975085716307,0.07919825604123394,0.07629119323108575,0.07016834389432736,0.06783806712168519,0.06701816650399835,0.06447432508301293,0.062084975675301156,0.061967757020657425,0.06058588601934823,0.06024733990897158,0.05891100541727699,0.05881589912895993,0.05645464236956816,0.05518143371143951,0.054739233699276475,0.05438228222607524
null,null_nonparam,gauss,20000,2,,900069,k1,linear,0.05,99,0.004133858847140681,0.022916817751427065,0.016101325109410536,0.01513098360698395,0.015066840462627296,0.012962705580836675,0.012403211217874466,0.01204438484360526,0.011841829678783111,0.011783624115949465,0.011665247851856186,0.01157121596153543,0.011569524919224028,0.011200943534505403,0.01102923650227372,0.010863569687728503,0.010697371918194976,0.010391048537497505,0.009944452552071992,0.009820833479062485,0.009792147079719205
null,null_nonparam,gauss,20000,2,,900069,k2,linear,0.05,99,0.03852979553332023,0.09583245711687648,0.09152026814546715,0.08167173879090897,0.07788729734922856,0.06931477998013866,0.0684831268602419,0.06811991620908678,0.06798347599270814,0.06787878554839821,0.066217842475234,0.06482013784279769,0.06412430328787296,0.06410395534236438,0.0637241575006222,0.06366142177231135,0.06304859360466535,0.06169055275784941,0.06041101349774778,0.05914568476551764,0.058966319134087716
null,null_nonparam,gauss,20000,2,,900069,k1,quadratic,0.05,99,0.004080029272464536,0.014911896219246934,0.014529295513160512,0.013923458788621113,0.013266590550046531,0.012872473025698494,0.011773311673381581,0.011028151040790024,0.0107535778121296,0.010214836167087626,0.01008149117329249,0.009911611218441418,0.009792384105372864,0.009697856369672686,0.009487628605672205,0.009469310842139644,0.00924474834661071,0.009113373721832407,0.008975930907313301,0.008915937490102999,0.008883888046441357
null,null_nonparam,gauss,20000,2,,900069,k2,quadratic,0.05,99,0.029885602598591163,0.09875002525111891,0.0916141224604141,0.08370024802943801,0.0800638822515465,0.07742372278876271,0.07705410789420902,0.07635627104820689,0.07589350632772975,0.07387051316132488,0.07162693432372731,0.07087187076414818,0.06984564144216504,0.06428341438304945,0.06254245060674449,0.0619428322114022,0.06073366759801577,0.05959762385880833,0.059261230399138116,0.05860151802504932,0.056389069115807676
null,null_nonparam,gauss,20000,2,,900070,k1,linear,0.05,99,0.0055494354386219635,0.012497792595035695,0.011940161738594135,0.011766595324421925,0.011465876445114431,0.01110942923742464,0.011071116755263621,0.010917380013641287,0.010773377236890647,0.010601996917080081,0.010590995812099768,0.010522575430785497,0.01003560468703002,0.009976968507191653,0.009918656669621773,0.009916434380306982,0.00959545920473992,0.00932753533461017,0.009269001568220081,0.00906438584356084,0.008979300014466451
null,null_nonparam,gauss,20000,2,,900070,k2,linear,0.05,99,0.03951339103826014,0.09810082425378693,0.09022779220708611,0.08552113042591263,0.08251127207483334,0.08066551520883938,0.07639839550791454,0.07632585231613767,0.07294178656556027,0.07251353152149405,0.0712644915303567,0.06734746477772323,0.06532501281925791,0.06451846959099984,0.06427201056376557,0.06281628433818906,0.059735321553377844,0.05967357971172501,0.05897100502948701,0.056628825520956834,0.055971300467484476
null,null_nonparam,gauss,20000,2,,900070,k1,quadratic,0.05,99,0.005630414539821271,0.013702118983943246,0.01297308760942284,0.012860386206657082,0.012418896424112646,0.011825605395491934,0.011370043163432375,0.01132573320696384,0.011115679419854807,0.011007528798417154,0.010992631420543741,0.010986740273239315,0.010847671982067264,0.010761198427134522,0.010662729136840299,0.010271671150713146,0.010142453497439696,0.010059765847367452,0.009873934350335789,0.009856944943192114,0.009699178008346299
null,null_nonparam,gauss,20000,2,,900070,k2,quadratic,0.05,99,0.03579803883568691,0.10130619206680436,0.09285876120361451,0.09132432033027287,0.08074931768198543,0.07717901910347313,0.07596635687905322,0.07177671965340487,0.07131807710551898,0.07049860355076558,0.06860183818850382,0.06856381294939698,0.06611887503254565,0.0628370862105401,0.06273231398092194,0.06265068508755647,0.062004010394290036,0.05998932263010262,0.05722527702686569,0.056890912769653045,0.05582106797910291
null,null_nonparam,gauss,20000,2,,900071,k1,linear,0.05,99,0.006026777871056321,0.01921251981136407,0.0169515080230207,0.013651891618573275,0.012018608883475945,0.01198677281938687,0.011982861918607202,0.011598199101019224,0.010785549946807693,0.010710923263995031,0.010507401092209379,0.010133715827414402,0.009947752766161444,0.009716687947062486,0.009621401561373255,0.009574720101723333,0.0094991159771739,0.009199334759777966,0.008954434350924245,0.008831478078528243,0.008744477401102735
null,null_nonparam,gauss,20000,2,,900071,k2,linear,0.05,99,0.04541388462549784,0.09053207090204932,0.07944416243617658,0.07751368520197581,0.07326057584065938,0.07112574835128452,0.07111356791501706,0.0707556983191338,0.06851630735922293,0.06790309797175276,0.06688211038940906,0.06468914305233316,0.062284797938674856,0.06134012206403322,0.06020624181623303,0.05693468575926643,0.05636821450778651,0.05613628505891639,0.055901751894748546,0.053203229809535374,0.05241904803970722
null,null_nonparam,gauss,20000,2,,900071,k1,quadratic,0.05,99,0.005827960703044699,0.017852522722319075,0.015023128263962016,0.012759734812538004,0.01266823932691541,0.012121775927876333,0.011463163387705921,0.011447043069908847,0.011076924866798454,0.010978554748634184,0.01047265386274443,0.009617917841423296,0.009463194735670144,0.009249452714707118,0.009218876832486789,0.009174737238343056,0.009005276084398384,0.008903894612065422,0.008824534762508551,0.008752896960963708,0.00868167343893489
null,null_nonparam,gauss,20000,2,,900071,k2,quadratic,0.05,99,0.04513405101181742,0.09453922371667645,0.08958014067131076,0.08776654074518597,0.08633056424749753,0.07594752889013005,0.06980539792893609,0.0675541410502066,0.06453611247412877,0.06335291070210002,0.06293657062314244,0.06256112972769064,0.06029493554611523,0.06015712610467693,0.058697654345323515,0.05814849369781118,0.05672354804024259,0.054889496203655144,0.05482371980422126,0.05470498114559998,0.05461592455640891
null,null_nonparam,gauss,20000,2,,900072,k1,linear,0.05,99,0.008381241923859806,0.01620963942574083,0.015407285481117028,0.01393129747405486,0.013917683917313739,0.012448571906012118,0.011774948438729171,0.011751651454955825,0.011553001672095276,0.010864332360767337,0.010841875569175041,0.01053872263410971,0.010355907651835139,0.010207696287627521,0.010044332020778257,0.009938463432974776,0.009885567708761922,0.009779725154583141,0.009666079118260562,0.009585843729491783,0.009575587658432916
null,null_nonparam,gauss,20000,2,,900072,k2,linear,0.05,99,0.0316867717991695,0.12491228422096896,0.09724173087388271,0.08705293779973534,0.0843065001108264,0.08248111541935074,0.07842933997621243,0.07238321523796254,0.07139796775360092,0.06470625306362052,0.06444827768758364,0.06441255534473106,0.06358290850815829,0.06322736617591149,0.06277675026525717,0.0623562320458429,0.06126708371900759,0.06083384302381163,0.058480871430933765,0.05768702456328645,0.05650181607057225
null,null_nonparam,gauss,20000,2,,900072,k1,quadratic,0.05,99,0.008550870974633806,0.014086606310458438,0.014044680858800174,0.013108073004274856,0.01277373401889903,0.012604749552624805,0.01145413310616561,0.011419763784139891,0.010953080256268288,0.010707321657232649,0.010508728841566284,0.010252629735852503,0.00998673150173468,0.009635848582904782,0.009321023875330958,0.009256284567660034,0.00900789559867643,0.008965630459450424,0.00881489591733764,0.008814290403115543,0.00872684547542013
null,null_nonparam,gauss,20000,2,,900072,k2,quadratic,0.05,99,0.030495711507176143,0.11074822237194468,0.0877663356016359,0.08727301023414853,0.08021434104443864,0.07920832176258798,0.0715557409224171,0.07032209789031782,0.06814069865883707,0.06811241474583879,0.06650685319622106,0.06551496722730812,0.06547004601865375,0.06402899496505829,0.06313887812393323,0.061676318120242775,0.06070615221581666,0.05978271974778809,0.058143719285434145,0.05779276439534415,0.05736314917535202
null,null_nonparam,gauss,20000,2,,900073,k1,linear,0.05,99,0.00578513987414031,0.017190353686428406,0.014400860586670783,0.013704462525410688,0.01326691730248264,0.012970942338134672,0.01257066569863241,0.011121269158933855,0.01106207284226779,0.010961541956656884,0.010114990309875171,0.009916377658266695,0.009840019415516488,0.009810992356535486,0.009581940152551316,0.00936365079619772,0.009251316371252871,0.009184066412778469,0.00912268777295877,0.008988591126814827,0.008885299867988694
null,null_nonparam,gauss,20000,2,,900073,k2,linear,0.05,99,0.029534599901339043,0.09711716778807038,0.09464441310455816,0.0886600605374636,0.08839734271559446,0.08027120506813001,0.0749287709596359,0.07415948928361606,0.07263576920873356,0.07151617213539571,0.07074994843033204,0.0697422867025211,0.06384282243927908,0.06301780229291046,0.06236104068471994,0.06220266053648783,0.06215806355294401,0.06018562702737503,0.05880932959417286,0.0580599920184607,0.057844943774537506
null,null_nonparam,gauss,20000,2,,900073,k1,quadratic,0.05,99,0.005795483254597333,0.014272167397061941,0.012601425591880044,0.012567330026412304,0.012555559669085725,0.011758154368061713,0.011464849902146801,0.010790491386147405,0.010668805522323743,0.01058470524389088,0.010416101147221246,0.010312246074772546,0.010134330505972011,0.009929844668052357,0.009863950594028892,0.009724761654671066,0.009178211266646752,0.009154618719306895,0.009112643285346889,0.009051624468571995,0.009014153005258985
null,null_nonparam,gauss,20000,2,,900073,k2,quadratic,0.05,99,0.027260202307766827,0.1126496677053827,0.08640427025733784,0.08489434810717714,0.08441684627209596,0.07591853602103531,0.07482096725697651,0.07214389588721215,0.06546360100894363,0.0645814621405077,0.06370377881725052,0.06302465624878784,0.06220738846221113,0.05975685140348227,0.0594459687494119,0.05791048361055522,0.05722487196859974,0.056904316079099175,0.05642648514216493,0.05594453394429981,0.05492623594131491
null,null_nonparam,gauss,20000,2,,900074,k1,linear,0.05,99,0.0032503208660809024,0.02008924046559979,0.01565788048057537,0.015349143680107757,0.013924714504244262,0.013386403903741795,0.01295397009271304,0.011826176861264082,0.011237237940456724,0.01122485619938507,0.011045348654021292,0.011007887921655524,0.01042812143502514,0.010237650428123968,0.009959784665652172,0.009928659446850951,0.009805004360309844,0.009686349136950656,0.009658898749926204,0.009422301788415632,0.00925147483698363
null,null_nonparam,gauss,20000,2,,900074,k2,linear,0.05,99,0.049403800001179415,0.10586013026316367,0.10192134786662357,0.09226036152069678,0.091404373025899,0.08404374838453774,0.08000193139312912,0.0799516520513834,0.07597277440770402,0.07368120910778468,0.07354869496511378,0.0735231279700264,0.07304482751683775,0.07238732530379105,0.0722860785996656,0.07096445637626676,0.06762309691780345,0.06743350564172843,0.0664749512571731,0.06569653019235402,0.06539157104929062
null,null_nonparam,gauss,20000,2,,900074,k1,quadratic,0.05,99,0.00329181514299004,0.015939268437660803,0.01566879354051043,0.014044705570818827,0.01301822955393761,0.012086762688944375,0.011360171955440701,0.011131850230139295,0.010991888248110482,0.010967502182059885,0.01080291416565271,0.0107918409474268,0.010763514098891869,0.01065278085897603,0.01025583613716341,0.010141231667754824,0.01011519264732541,0.010053572562724322,0.009963153909836597,0.009854396618695027,0.009486850984317452
null,null_nonparam,gauss,20000,2,,900074,k2,quadratic,0.05,99,0.053950985848352874,0.1198882650564226,0.09621518060687587,0.08185805501846635,0.08163343408846814,0.07661759587082523,0.074178733814889,0.07269293315195964,0.06786111139217903,0.06451005830986371,0.0643208484318314,0.06351114205967065,0.06330066493427598,0.0627577507366964,0.06272611180530922,0.06133710423087796,0.05955235246883094,0.05803381291487803,0.05744753056153618,0.05672641058518264,0.05353738098063272
null,null_nonparam,gauss,20000,2,,900075,k1,linear,0.05,99,0.0026215580186298437,0.01684000095122762,0.015465989385793022,0.015203051407012058,0.015100002392113399,0.013921422505756675,0.013576781545184269,0.013523072099132172,0.01296052183630092,0.01182686835316038,0.010885190923161536,0.01067157192136381,0.010592165419463173,0.010340389784993853,0.01027307534523314,0.010074632682322893,0.009919980485846525,0.009551051214801376,0.009075675713948628,0.00891103145447536,0.008860468180812875
null,null_nonparam,gauss,20000,2,,900075,k2,linear,0.05,99,0.019979076585759654,0.14209127076899142,0.10802331352448853,0.09634457665565103,0.08980916681779127,0.08677998031377746,0.07961007687279505,0.06978145974673883,0.06893072089403159,0.06797745863985886,0.06436239388258364,0.06416701845479904,0.06053496456980812,0.05774119879838138,0.05682384145015987,0.05673632720864891,0.05639872123584121,0.05624432082967588,0.0542191173700575,0.05302813169020624,0.05134707633736582
null,null_nonparam,gauss,20000,2,,900075,k1,quadratic,0.05,99,0.0027214650901058457,0.014570554581680328,0.01379409735164383,0.01350625948794526,0.013334433083898811,0.013072389854955957,0.013006234186720644,0.012705363303128547,0.012684978098340682,0.011456718048182712,0.01125045782989842,0.011157492480244446,0.011004607519229603,0.01090600992396562,0.010598131872060823,0.010130570582484233,0.010037205210420064,0.00972132752029764,0.00951015501433694,0.00938624375864261,0.009305474546683956
null,null_nonparam,gauss,20000,2,,900075,k2,quadratic,0.05,99,0.01970509659622251,0.09965343785754907,0.0958029719432269,0.08710218374571616,0.07772351062867938,0.07721071082090397,0.06799356874310838,0.06412163022181945,0.06368569869373762,0.06343989215266928,0.0629116238215791,0.062427474635857426,0.06155843396426754,0.061326734573577735,0.060399178389357204,0.058746129818856414,0.05740204543262457,0.057134946644758995,0.05653107032995333,0.055805070528146594,0.055718257086062324
null,null_nonparam,gauss,20000,2,,900076,k1,linear,0.05,99,0.003265689543646255,0.014258902772670945,0.012391558811870484,0.011952995795033727,0.01187771905208046,0.01139485659111461,0.010573537860585236,0.010433880046278987,0.01030235030694171,0.009713072195738914,0.009537454047513494,0.009254916700816462,0.009146616946760666,0.009132030122733337,0.008884878317458211,0.008749082520600582,0.008738810461963564,0.008437916733120776,0.00819394561909148,0.008181577271936469,0.00816428265713065
null,null_nonparam,gauss,20000,2,,900076,k2,linear,0.05,99,0.030637969871122828,0.09753808254575529,0.09648866129749667,0.09483556880533084,0.08910548144555358,0.0827751282179619,0.0781288187714982,0.0761669233648995,0.074136466402295,0.07019052481888977,0.06947512309121286,0.06931317251890967,0.06801521665876697,0.06619030323238789,0.06608634467054132,0.0642878207573417,0.06381211489734324,0.06285643611447025,0.06207776218443104,0.06096917204238303,0.059345498766022894
null,null_nonparam,gauss,20000,2,,900076,k1,quadratic,0.05,99,0.003153020566321496,0.01357309982759436,0.013121537094057945,0.012746196685695543,0.01235144257130849,0.011738841111831322,0.010983165556226582,0.010775348060029777,0.010717815954956023,0.010447996048898678,0.010401567445541993,0.0102552625325536,0.010210658702217046,0.0095801145560509,0.009527386247715652,0.009500917007872256,0.009458236754290583,0.009334120914238464,0.009215110670069526,0.009158631322072508,0.009123492895218077
null,null_nonparam,gauss,20000,2,,900076,k2,quadratic,0.05,99,0.034073429321998486,0.08942430421671003,0.08673602535719233,0.08633930374356957,0.08399346376624252,0.08315559364883533,0.0820395017517243,0.07122734955866108,0.06987712315002918,0.06957259599851144,0.06630801456852681,0.06392986437747235,0.06392646069772573,0.0609410246969949,0.06014772237878077,0.05898741031639979,0.05734643692831373,0.05542908571420974,0.05478306417786035,0.05436728756868316,0.05424989749100688
null,null_nonparam,gauss,20000,2,,900077,k1,linear,0.05,99,0.01322980630809345,0.01788769688197911,0.01485877860325513,0.013526169725709747,0.013168442465628871,0.012922485677211992,0.012594466995470288,0.012469605948875695,0.011832614041678347,0.01110138012718842,0.011035977286486753,0.011013994996036836,0.01065031608356104,0.010505655763330957,0.010278028755410062,0.010276364299663165,0.010148619802484049,0.010116404502733434,0.010009192754155571,0.009871277822518176,0.009841958061387102
null,null_nonparam,gauss,20000,2,,900077,k2,linear,0.05,99,0.023565737793075213,0.11180626164892753,0.09503269200194471,0.08960581569617355,0.08785658749282993,0.08260169895537002,0.08031172462877974,0.0773660495142616,0.07646876568710775,0.07273986616108774,0.07192912683728228,0.07134289009952775,0.07123171662165666,0.06460587903717319,0.062003992181603636,0.06119873053097527,0.061137333022441766,0.06095912952720189,0.06048881795498325,0.06047064082870861,0.06026878709086037
null,null_nonparam,gauss,20000,2,,900077,k1,quadratic,0.05,99,0.013486866790373808,0.01401346101772083,0.013745495394008933,0.013676874965254271,0.012208806338343536,0.011570875479454124,0.011510007441017933,0.011449363076047603,0.010873455949282795,0.01036299036873134,0.010356101603315349,0.01020227212069813,0.01009794296622979,0.010093836629946451,0.00998964869682839,0.009758687868155591,0.009715676873537804,0.009481420192643641,0.009476430021828297,0.009458015906214312,0.009327018881520877
null,null_nonparam,gauss,20000,2,,900077,k2,quadratic,0.05,99,0.022559430743977687,0.1099494033629702,0.09595593070833455,0.09103099175126475,0.08399253613085689,0.07985191579370512,0.07972070145010395,0.0793974054031744,0.0742454468786839,0.07355034418241732,0.07345853701880686,0.07068124345702341,0.07000290194188616,0.06980138567077501,0.0695755404371085,0.0693687985229007,0.0678368186608089,0.0670018865576751,0.06650903242305574,0.06579843745002625,0.0631725949697777
null,null_nonparam,gauss,20000,2,,900078,k1,linear,0.05,99,0.006682322603692614,0.012900434038053743,0.012831909909396866,0.012175526739637954,0.011662966499235039,0.011509381749836622,0.011039243478882854,0.010958110963774748,0.010875875275787261,0.010812055965000344,0.010691157377213822,0.010131883817326659,0.010058644129091743,0.00944825477332456,0.009430930750390143,0.009286947821360081,0.009210125448466,0.009129454696872985,0.00911692248845608,0.008905631042172457,0.008788820168229683
null,null_nonparam,gauss,20000,2,,900078,k2,linear,0.05,99,0.02110830594925916,0.096685444939606,0.094761140769988,0.0903706773409996,0.08442418594328588,0.08216129917620209,0.0674843754282051,0.06670683628300143,0.06659239109105997,0.06578631990185495,0.06554756505966884,0.06529513927404258,0.06325812958657456,0.06229515945096569,0.059866150410488504,0.05717112572072235,0.05557635996997349,0.05493843285974701,0.05446687023766591,0.05410762340972472,0.053819577932195904
null,null_nonparam,gauss,20000,2,,900078,k1,quadratic,0.05,99,0.006677967198793544,0.013793237694808336,0.012732852220833535,0.012294537872939104,0.012276666435906303,0.012047027767812968,0.011931956407653321,0.011594325351466428,0.01145720077334944,0.011401172017095673,0.011338744656264721,0.011183714898858721,0.010881424419510122,0.010672544882895818,0.010594351387093637,0.010408305108179916,0.010314948635534504,0.010220028205059406,0.01002546689793582,0.009993581952666974,0.009600143147207474
null,null_nonparam,gauss,20000,2,,900078,k2,quadratic,0.05,99,0.02287392480677356,0.12264293325800737,0.08907413496968178,0.07924816598323328,0.0772605187247881,0.07597950067073833,0.0711608022898177,0.06961706120075885,0.06903347035774278,0.067538071607239,0.06630935057043046,0.06374924250551824,0.06326021929786876,0.06195076779630243,0.06172661188368133,0.060099717347966194,0.05891896944404523,0.058585423247841203,0.05800243413751666,0.057146239510324666,0.05592649617345203
null,null_nonparam,gauss,20000,2,,900079,k1,linear,0.05,99,0.003179400556127532,0.016483019857334802,0.014892975067089864,0.014346871145071938,0.012554139682466436,0.01242984398506819,0.012157062148301812,0.011947882017148692,0.011534745374559563,0.011408306013898306,0.011378905756906477,0.011223911219110927,0.010780330635562718,0.01054941032108725,0.010263797881856607,0.010032886808629127,0.009943317070334579,0.009812861896944969,0.0093248403039079,0.009318306493625972,0.009284192364234278
null,null_nonparam,gauss,20000,2,,900079,k2,linear,0.05,99,0.05095718634049546,0.10448926996142031,0.07625976114382017,0.07375301528879945,0.07067134093437191,0.06998370096691117,0.06741114672687412,0.06412173766808556,0.06407424315434172,0.06343309746279263,0.06241174001971251,0.06231984479804002,0.057974788286468744,0.056674897281348294,0.05614829011580982,0.0558729165428127,0.05554740223662974,0.055079719913172405,0.05429604354097524,0.05378104460020847,0.053031558956143005
null,null_nonparam,gauss,20000,2,,900079,k1,quadratic,0.05,99,0.003170527711701898,0.013412626528804483,0.012563035683706092,0.012346236095334806,0.012249488464044944,0.011706493113422645,0.01126416428289767,0.011159783709916549,0.010745569112452835,0.010604193448761623,0.01046988069084065,0.010379403529172326,0.009994494740457438,0.009978284040301655,0.009820090819516403,0.009803878422248169,0.00976953617532661,0.009639667447188804,0.009263218763316261,0.009214442105621501,0.009068882949918255
null,null_nonparam,gauss,20000,2,,900079,k2,quadratic,0.05,99,0.0493651681072171,0.10688792364601439,0.0967008345660924,0.08978357921111725,0.08622490283211107,0.08510658654339857,0.08137773944913176,0.07655807969046487,0.07446102956856436,0.072246668201377,0.0719836342795061,0.07138950052691431,0.0703863004352497,0.06982700792832415,0.06683342711195817,0.0630028235076847,0.06270044753689591,0.05956905675531958,0.059382165232944206,0.057093140668156274,0.05610889096930756
null,null_nonparam,gauss,20000,2,,900080,k1,linear,0.05,99,0.009305677269083823,0.012050645272552396,0.011323773820780758,0.011165486703602623,0.011152325794738682,0.010947456901469588,0.010736830447203971,0.010652184833653489,0.010363677986477526,0.010150935962237262,0.010071993707348126,0.009511392959628107,0.009503206128626429,0.009492123618013326,0.009233562459594058,0.00898525444493481,0.008957490102419197,0.00882584596140934,0.008782521657753173,0.008587378119442213,0.008565117900459662
null,null_nonparam,gauss,20000,2,,900080,k2,linear,0.05,99,0.03180478230451236,0.1061138545925916,0.10483765203647184,0.09232890751180858,0.08828450388464465,0.08237435780736792,0.08196879291585091,0.07984749152300538,0.07921480547817086,0.077837943942587,0.07556138546892623,0.07102307011011155,0.07062340737879544,0.06994961096921128,0.06905680447591914,0.06557789385643718,0.06506769876214795,0.06288273067101803,0.06241275031543654,0.06085586566022759,0.060591103766550664
null,null_nonparam,gauss,20000,2,,900080,k1,quadratic,0.05,99,0.009403338259440841,0.021297738908774067,0.015282868706422925,0.01358378821377837,0.013117732081157407,0.012115980686500993,0.011889255895541129,0.011370497191400375,0.011050961264115644,0.010752525919592415,0.010540486125091841,0.010304293603580428,0.010226583302659797,0.01012819165305956,0.009854296196860624,0.009770093099548127,0.009760317566473775,0.00965836366722217,0.009606518819973764,0.009419929164777963,0.009356967105617953
null,null_nonparam,gauss,20000,2,,900080,k2,quadratic,0.05,99,0.030812912464661165,0.12763512102365507,0.10946156905704772,0.10301524916355363,0.10050891601713685,0.08932987231279096,0.08765185037962486,0.0862899257501522,0.08489320431403352,0.08013419932300873,0.07388345691259146,0.0704527020111862,0.06785258350119107,0.06781095426954382,0.06765088222927053,0.06624855714014818,0.0661564817673361,0.06593083323039292,0.06496638252665933,0.06409373632722709,0.06407588249445179
null,null_nonparam,gauss,20000,2,,900081,k1,linear,0.05,99,0.008528216038444114,0.014762792458725138,0.01279716156763111,0.012729597621617073,0.011255308445819345,0.011105909230077815,0.011036446995187132,0.010679783728169467,0.009949530249035998,0.009804882424893857,0.00971333682542852,0.009660660197747695,0.009597622989957255,0.009189521057476946,0.009174274554858086,0.009159194879587385,0.009146100380838185,0.009032620188664797,0.008887471923805235,0.008839958721060803,0.008757577856026155
null,null_nonparam,gauss,20000,2,,900081,k2,linear,0.05,99,0.023353931295074768,0.09629386991748397,0.09129511718512365,0.084343777161019,0.0794261324185894,0.07571945782414807,0.07239378479594671,0.06972697284140024,0.0686380798567038,0.06849861038284143,0.06749926372792794,0.06642307230671371,0.06579183475431953,0.06356559160438897,0.06255441928955638,0.062355441313332545,0.06197236206932961,0.06156629085706731,0.061000790335486325,0.056360683792756786,0.05556623010286039
null,null_nonparam,gauss,20000,2,,900081,k1,quadratic,0.05,99,0.008597397958411523,0.014147221429088974,0.013848485038082003,0.011604173846770038,0.011448935628581625,0.011300171429022177,0.011063554734331849,0.010924224837105756,0.010914531168485841,0.01059720632672878,0.010433399206298155,0.010390582527599723,0.0103842958438497,0.010154265794208972,0.01003596211902924,0.010003569491525921,0.009979063684316336,0.009907138254543035,0.009810017116028469,0.009617488144601838,0.009448423726144961
null,null_nonparam,gauss,20000,2,,900081,k2,quadratic,0.05,99,0.022377545304400316,0.10911042989952097,0.1030132460136297,0.10073804135176868,0.09067502132528235,0.08595198185258561,0.0829408999396122,0.07822815665095106,0.07648537585353007,0.0747229893100103,0.07223543015313173,0.07143391010684706,0.07080334947616593,0.06771048440712381,0.06587244848303113,0.06228561615719132,0.06195958365156535,0.061196344752126354,0.06112731452948926,0.06098571422667616,0.0580025167813048
null,null_nonparam,gauss,20000,2,,900082,k1,linear,0.05,99,0.007835921171458149,0.017146600462994543,0.014868110305644722,0.013759179745201466,0.013113775354739787,0.012919519042726257,0.012791474064196895,0.012695066880902162,0.012311251079588192,0.012100741928527503,0.011433654967406781,0.011265060553990458,0.011114956860588054,0.011072407337229362,0.010995019857185206,0.010864547196621444,0.010149969687617166,0.00997633803806841,0.00988493591724049,0.009678244407591685,0.009620088033880037
null,null_nonparam,gauss,20000,2,,900082,k2,linear,0.05,99,0.0177888485141495,0.1347118987556592,0.10540161280926999,0.10045442597332298,0.09707667104055182,0.09669211259666932,0.09151803630948267,0.09072338452525004,0.08800415473106027,0.0777163594178678,0.07749417669234059,0.07364381565397372,0.07178547550072692,0.07048976471376182,0.06945393795081695,0.06737104341586285,0.0633178762848388,0.060977060244850494,0.060303319327962804,0.059577859240362664,0.057965763840767154
null,null_nonparam,gauss,20000,2,,900082,k1,quadratic,0.05,99,0.007309910300323352,0.015141383941911224,0.013643162324175506,0.012855379497140662,0.01244590258789513,0.012167855496888813,0.01182362861093833,0.011289225918213908,0.011220084807547992,0.011118214866457365,0.011113169196734995,0.010804088615889107,0.010641712445217721,0.010564738851579936,0.010432524910602203,0.010400520678438219,0.010356784136383634,0.010352302714585981,0.010308766809437042,0.009818455542346949,0.009779638413058733
null,null_nonparam,gauss,20000,2,,900082,k2,quadratic,0.05,99,0.017502996134164558,0.10775844549883803,0.08547415461348362,0.08478032785929268,0.0811208140087882,0.07482379017822807,0.07126234938446316,0.062459578567178896,0.06234102632882545,0.06231004999653516,0.06097708162967398,0.06089467890572375,0.06041637889878833,0.05760460996744464,0.05759855186801336,0.057298728734252534,0.05685444012166292,0.05439408579828333,0.05247096739169997,0.05195877988139761,0.05119649993675579
null,null_nonparam,gauss,20000,2,,900083,k1,linear,0.05,99,0.0077454923709504575,0.017383709936449887,0.016712957697418984,0.014160599898010773,0.013890361609924406,0.013176015523310491,0.012793359448412867,0.012690425538040895,0.012644559208412565,0.01172631329542817,0.011166235707340988,0.010975733266150423,0.010913540246810793,0.010684726492547147,0.010511292745165712,0.010448348093985427,0.010036643122706801,0.009708376068604974,0.009645843463861326,0.009505876726868312,0.009396748876406846
null,null_nonparam,gauss,20000,2,,900083,k2,linear,0.05,99,0.017652950329432867,0.12280231899198427,0.11065008552776508,0.08674807819970991,0.08205579278637015,0.07639567881557251,0.0749587442359283,0.07474117658318183,0.07371966731060274,0.07307750394382181,0.070723161714165,0.0705703830504261,0.06562655888928978,0.06410487621197973,0.0616826183080309,0.060178309608228876,0.05953714816284384,0.05804409665317294,0.05717722908333725,0.057135504158291106,0.055846367546794645
null,null_nonparam,gauss,20000,2,,900083,k1,quadratic,0.05,99,0.007945603580516214,0.014977468383193693,0.014645998853243358,0.014567684334595321,0.01330424453548773,0.012687468282207903,0.0122629143103955,0.011241029241881195,0.01085866209470765,0.010701358380252435,0.010664956618232524,0.010490865199967114,0.010486009526266438,0.010383728988756613,0.01004847567915379,0.009875038057659102,0.009527746636749712,0.009503105013146551,0.009455946484112854,0.00938410542101542,0.009259424828166885
null,null_nonparam,gauss,20000,2,,900083,k2,quadratic,0.05,99,0.01736487867579987,0.07460349334391003,0.07388650858740817,0.07119950776369956,0.07110566209831169,0.07037575267377338,0.06615358122525673,0.06407428227242716,0.06391608094623667,0.06071143354017775,0.059392988157153256,0.05795014191551443,0.054807812175764956,0.0546864512440523,0.05420595385924305,0.052971991074305294,0.05248665664585309,0.0523184296400386,0.052280513384107774,0.05120267257243972,0.05113264738023055
null,null_nonparam,gauss,20000,2,,900084,k1,linear,0.05,99,0.005746890467128396,0.01666731491504203,0.013206221289082554,0.012387469484122837,0.012207687440063175,0.011908441154549254,0.011869480899221019,0.011703815103347726,0.011553885856946278,0.01141818110496462,0.0114029205255477,0.011374704562970739,0.011213509180136194,0.011076837564507613,0.010868386955772746,0.010414555619128962,0.01000167780101513,0.009888008988334529,0.009787483965180477,0.009590037609870206,0.009535852900097064
null,null_nonparam,gauss,20000,2,,900084,k2,linear,0.05,99,0.03245873520190908,0.11935311127590906,0.10905265775555116,0.09356990867490758,0.09034266523938726,0.08666298140511669,0.08168096116674912,0.08011571647760685,0.0742002214253949,0.07199794201936513,0.07061130277446138,0.07006544761631357,0.06993508939912521,0.06529881173871366,0.06394824398645259,0.06243618262085344,0.06222016095557878,0.06017327755997321,0.060153376161426415,0.05795025855890223,0.05736547198013971
null,null_nonparam,gauss,20000,2,,900084,k1,quadratic,0.05,99,0.005694501611745784,0.015048162670706522,0.013336319476558223,0.013324074526098961,0.013162476472614593,0.01290416473919398,0.012857552205903344,0.012785002248321242,0.012691796517462994,0.011872053902167945,0.0117890105755587,0.011486789621173554,0.01108824062747038,0.011076176424029915,0.010752126171566623,0.010672258016833913,0.010560215533330308,0.0104146161402634,0.010212700740155012,0.009915114856755447,0.009913526172593112
null,null_nonparam,gauss,20000,2,,900084,k2,quadratic,0.05,99,0.030923976621617562,0.14701310782232935,0.08518224397803051,0.08517018913693097,0.08480681204197572,0.08352037378650205,0.08221903902542971,0.08202146108960012,0.07630846768688077,0.07575844566945707,0.07469990447741,0.07315232586302188,0.0729864145974656,0.06844164634114851,0.06781391890459361,0.06733193006513682,0.06571180767041453,0.06509282588639534,0.06406640908686909,0.06258037768963463,0.06231114831376505
null,null_nonparam,gauss,20000,2,,900085,k1,linear,0.05,99,0.005343003479772346,0.017482873522121745,0.015574722092581927,0.01451492377415764,0.014435374498348641,0.014021713038270933,0.013777200247065191,0.013497115766780365,0.012236540796465745,0.011617049355508446,0.011542550492616543,0.011099683309769515,0.01092615423185117,0.010539284263514914,0.010311625793404389,0.010255561407180425,0.010085760556210688,0.010075243978987292,0.010017474914108981,0.0099404032977225,0.00989468019015094
null,null_nonparam,gauss,20000,2,,900085,k2,linear,0.05,99,0.017356855090348712,0.10498487159262063,0.09868978394456814,0.08843465147076551,0.08828704621515673,0.08562006587493787,0.07488404540717311,0.07090698455311262,0.07003475842972436,0.06959518733072152,0.06834350203168768,0.06520879370933137,0.063284942163366,0.062238988452237985,0.06161274652488,0.06036363853260271,0.057529167547903076,0.056973430918685355,0.055609738039670814,0.05482851922698169,0.0537538081109085
null,null_nonparam,gauss,20000,2,,900085,k1,quadratic,0.05,99,0.005494901056390944,0.015247937000278267,0.013065409861253041,0.012904075539947879,0.012436630384588199,0.01177291651410417,0.011698753348970081,0.011471413027308253,0.010547420002193553,0.01052097972963828,0.010192866992548066,0.009742484459564493,0.009708103429379888,0.009360117816724967,0.009296448977639371,0.009293821038024674,0.00929131195965971,0.009180561563932543,0.009130239345953473,0.008988044489987024,0.0085413395506998
null,null_nonparam,gauss,20000,2,,900085,k2,quadratic,0.05,99,0.01818895791410652,0.09798441067766556,0.09179759813667938,0.09003023608633096,0.08048689868201345,0.08005351954501612,0.07712500582042457,0.07540051798494547,0.07497019035379553,0.07318828362955214,0.07018177957690787,0.06853353719052283,0.06638497940162742,0.06512047469293593,0.06396424306574855,0.06337912584805944,0.06293454699723125,0.062242827697995856,0.06138124616095376,0.05956938341609868,0.0587554109401936
null,null_nonparam,gauss,20000,2,,900086,k1,linear,0.05,99,0.005550602199794086,0.019952811552279348,0.016392780030325627,0.015047854013442108,0.014884383043226368,0.014750061980400964,0.011705111211533725,0.011077162552177833,0.011051365085920417,0.01098005352268372,0.01093853364512587,0.010530980746625396,0.010241769318263483,0.010086130728515275,0.010038858170583809,0.009972495251794666,0.009785962303944351,0.0096736994778307,0.009554618253041602,0.009528871102390313,0.009416610177347406
null,null_nonparam,gauss,20000,2,,900086,k2,linear,0.05,99,0.027303423360447172,0.132868468583216,0.0969221017529607,0.09166807619206968,0.08084501173492131,0.07569277534652163,0.07453137909660251,0.07159606248306341,0.07113685337995741,0.06703764042811099,0.06588038806777738,0.06518623606985235,0.06497662165618502,0.06364308025181126,0.06295517764554225,0.0617717031874877,0.06097258638993636,0.0608280341126379,0.058913922280205915,0.05863976658682469,0.05798363128488246
null,null_nonparam,gauss,20000,2,,900086,k1,quadratic,0.05,99,0.005497658189505983,0.01487800928728178,0.014396560814937343,0.014165616896071986,0.013167381121633404,0.01147200897840328,0.011269700476266076,0.0107276051153542,0.01059728081706468,0.010397780257049183,0.010389252980039454,0.009924359632792923,0.009811496864134961,0.009778433675832088,0.00966632013420543,0.009643544444934982,0.009559654555264196,0.009554665673923157,0.009390642218885525,0.009387233366310754,0.009282689255966758
null,null_nonparam,gauss,20000,2,,900086,k2,quadratic,0.05,99,0.02502332933613267,0.10777292878639902,0.10530606563731186,0.10508789255498958,0.08901500821496429,0.08001461053036253,0.07839918436850651,0.07733375897479709,0.07722535617977822,0.07521505697920226,0.06767764921603857,0.06477224366268139,0.06459239260970376,0.06332675066044653,0.058802708111866796,0.05857507203565507,0.058502069390364425,0.057442095738021705,0.05580562983516217,0.05549198084588844,0.05435424115060504
null,null_nonparam,gauss,20000,2,,900087,k1,linear,0.05,99,0.00446962378978677,0.01634560509835814,0.016193041681109577,0.013669311047298516,0.013469204733892015,0.0131302539090411,0.012538657247832097,0.011739789609856444,0.011682241380004399,0.01155687493114732,0.010587026905210739,0.010147265533059002,0.009993975336405336,0.009757372413885856,0.009672189924298302,0.00959353369343785,0.009507686080465039,0.009411310093095815,0.009328329711027039,0.00927659139014314,0.009128147251984742
null,null_nonparam,gauss,20000,2,,900087,k2,linear,0.05,99,0.021239728746353593,0.09839558087084836,0.08012443844714653,0.07886472038848898,0.0786484002549991,0.07123692235483202,0.07090482806963032,0.06989692289228025,0.06898163459917049,0.06615997290548291,0.06263843606725777,0.06262807616060428,0.05505777959242685,0.054924985142639215,0.054207290486335755,0.053959979686383275,0.0535583694389905,0.05165491366950897,0.05133539912944378,0.05117506212758141,0.0511115197545041
null,null_nonparam,gauss,20000,2,,900087,k1,quadratic,0.05,99,0.004381806236764985,0.020419882250372612,0.014795889990175004,0.013727017631864347,0.01241665807546899,0.011996928130959539,0.011785765256877911,0.011695405152179705,0.011270713473105598,0.011112081398999774,0.010947233534982947,0.010914709155673497,0.010698968596418612,0.010315612064918267,0.010255036443322263,0.01021117853940956,0.010180410115625205,0.010054535631390582,0.009773920540878556,0.009739827651377264,0.009692247199015736
null,null_nonparam,gauss,20000,2,,900087,k2,quadratic,0.05,99,0.020139962490409346,0.13328995730578194,0.09162544885017726,0.08720949703231863,0.08463234022752798,0.08255523152578419,0.08082768264643421,0.08057181579465526,0.0784533854588656,0.07680903979880759,0.07516305466622719,0.07487990850845469,0.06526475011393978,0.06334629516010246,0.06332597621345346,0.0629910803199388,0.06254509912314843,0.060282664404746514,0.058081215222603254,0.05719573977108824,0.056564981766454546
null,null_nonparam,gauss,20000,2,,900088,k1,linear,0.05,99,0.004635095539516909,0.013510888378645336,0.013410843207558698,0.012684247816485361,0.012383026248454998,0.011361811864910476,0.011261814795198943,0.010552039193512774,0.010484981801291982,0.010171976035023622,0.00975114379626063,0.009690824381675789,0.00966464423697122,0.009652894619789576,0.009618242615143768,0.009273602860920716,0.009236020833014558,0.009059523213094889,0.008716438864889264,0.008692264393953875,0.008545078683274143
null,null_nonparam,gauss,20000,2,,900088,k2,linear,0.05,99,0.0421523323755204,0.08735217010372799,0.07914097974272126,0.07414684613562778,0.07207136923116826,0.0677160468343154,0.06615264558598787,0.06507934020734803,0.06359447419238595,0.06339734630668277,0.06332252096270764,0.06248809585480031,0.06208980733487622,0.0598485725695343,0.05767923791469086,0.05749604537786062,0.05735094789279163,0.05624767076911516,0.056155911651361246,0.0547743842833595,0.05422445295615387
null,null_nonparam,gauss,20000,2,,900088,k1,quadratic,0.05,99,0.004710487150333065,0.017887743789433475,0.015840857598230174,0.01577821257617651,0.013579003872968953,0.01232265192399784,0.01164716998877402,0.011620055581970101,0.011618446412870242,0.011435075898373781,0.01122529009816109,0.011216321653314876,0.01120583261291297,0.011084744643243827,0.010986157812949982,0.010803126800407625,0.010548162250154758,0.010358304578314437,0.01034251596160407,0.010325714929414809,0.01013890411432572
null,null_nonparam,gauss,20000,2,,900088,k2,quadratic,0.05,99,0.044026267040416955,0.12792663087835882,0.1251423973696603,0.10031723067798176,0.09589538961816471,0.09437695810355642,0.0880870938890148,0.08479716994106307,0.07999091945579419,0.07094255785729801,0.06886672917057356,0.06854246994006166,0.06747523967530523,0.06582730260941953,0.06536141263674038,0.06407127703946627,0.06295645913654065,0.0612450325160136,0.06075233098264753,0.05799209775025322,0.05662953024271408
null,null_nonparam,gauss,20000,2,,900089,k1,linear,0.05,99,0.005373451080344038,0.013568769243659462,0.012843761912531004,0.012463778855951069,0.012383739666552929,0.012202703180489216,0.011916656962064898,0.011862573383530806,0.01129073197056052,0.011194241984731845,0.011192771215353892,0.011109819534755871,0.010952029640750816,0.010861195802687962,0.010836777854071444,0.010084567965605085,0.010003713199534192,0.009844486456206392,0.00980462636795798,0.009747380710431797,0.00974661610725469
null,null_nonparam,gauss,20000,2,,900089,k2,linear,0.05,99,0.04040234344181016,0.09951563819430236,0.08791051427629558,0.08548361900930754,0.08539878144133738,0.08364564968621946,0.07695355477479338,0.0670631080421682,0.06145758215152752,0.06030021352345447,0.05750166687134379,0.056266034114968576,0.05527657653328627,0.05412454681189604,0.05385682180761369,0.05358383418279972,0.05321036635447506,0.05228470843974462,0.052250434950083434,0.05186980926193584,0.05074522958617568
null,null_nonparam,gauss,20000,2,,900089,k1,quadratic,0.05,99,0.005583429838250886,0.02563208119180227,0.014595955609123856,0.013789246515146902,0.013610859683471754,0.012579874252104606,0.012014714384408598,0.01190159520872891,0.011662210536543038,0.011217861491843228,0.010894901381739097,0.010814164692775297,0.010325877778109116,0.010148534189459935,0.009995449665895717,0.009802248751169973,0.009181620374310584,0.00917509489949031,0.009172744181113246,0.009074342311908512,0.008882075295700398
null,null_nonparam,gauss,20000,2,,900089,k2,quadratic,0.05,99,0.0403374560311554,0.11256364391439004,0.09270472804771258,0.090590554716743,0.08832622167428762,0.07433679084447194,0.0718689098835944,0.06993193443180097,0.0674153735163965,0.06608330880660765,0.06391807573123007,0.06388217839920571,0.06274477345084356,0.062286895834098965,0.06100650306365189,0.06021320919138573,0.05861736692309221,0.05686332974713668,0.0567821032401475,0.0563456574447398,0.05608965533436086
null,null_nonparam,gauss,20000,2,,900090,k1,linear,0.05,99,0.005682157263458221,0.014972855380875671,0.014061551164308184,0.013575536721700532,0.013370857292182792,0.011992159497423271,0.011504618553166202,0.011318164350684445,0.011264660648953706,0.011221305346054367,0.010827523227923685,0.010795803409382576,0.010685111974667039,0.010100101540964412,0.010020427223122685,0.009975237137724191,0.0098728816946283,0.00984317258524825,0.009418324132445699,0.009398531924473486,0.009389592411865988
null,null_nonparam,gauss,20000,2,,900090,k2,linear,0.05,99,0.032088712962051166,0.09175879063296062,0.08851281211901482,0.08539580688493173,0.08417005318646016,0.08221148310695676,0.07280648880869085,0.07017157540482748,0.06966149329709591,0.06460453290004951,0.0642139223106245,0.06381260840627184,0.0634329164339816,0.06305508008633028,0.0619920761922867,0.06153981666961014,0.060762092394301234,0.060647324184134974,0.05980367289825463,0.05910758786695878,0.05879932562441017
null,null_nonparam,gauss,20000,2,,900090,k1,quadratic,0.05,99,0.005708693993842995,0.01748413003499305,0.017004344236216662,0.014108678233966665,0.01338713377636569,0.012174617765619455,0.012146614969871572,0.011143601245622525,0.010714941887088658,0.010470997183855468,0.01040698016159991,0.010395221027488133,0.010182808266782084,0.009650755492320862,0.009560010334743962,0.009422247135040474,0.00937122688079961,0.00935122562737234,0.009251407760512476,0.009194548109944578,0.009106094716459734
null,null_nonparam,gauss,20000,2,,900090,k2,quadratic,0.05,99,0.030509084999986124,0.14823114129820883,0.12484115232085272,0.1218023837527067,0.10181705006737878,0.09628078431737196,0.09463276737111898,0.0944445356546759,0.08682253958856097,0.08279615748882713,0.07890961003125911,0.07192813319155596,0.0706371483458332,0.070269581404452,0.07026902757850984,0.07023491850143855,0.07022128582168195,0.06899710050651295,0.06654390190352068,0.06469068753029089,0.06394800440775296
null,null_nonparam,gauss,20000,2,,900091,k1,linear,0.05,99,0.007175376805927169,0.013741331698274406,0.013643991074727024,0.013638173524281982,0.013308102527113452,0.012425015281750329,0.012279894415257897,0.01170165824839109,0.011459744655064719,0.011391515730087787,0.011198069785604114,0.011167472186026317,0.011122436308387385,0.011003969313798878,0.010795291714168598,0.010530442558224329,0.010521475978870876,0.010024599084010766,0.009936620590666356,0.009843009634905808,0.009801995712759304
null,null_nonparam,gauss,20000,2,,900091,k2,linear,0.05,99,0.027670640014111302,0.11625969307314009,0.11294818951821582,0.10873261340331956,0.09324104824809783,0.09069066241859836,0.08861370925129484,0.08808743763200139,0.08256278633588385,0.08233418574594047,0.07596878340747748,0.07527371903147284,0.07243373635805841,0.07011227175243538,0.06847436342639975,0.06820271938539348,0.06790606386472148,0.0662713503575422,0.06576385786900706,0.06479594159389833,0.06476486438427248
null,null_nonparam,gauss,20000,2,,900091,k1,quadratic,0.05,99,0.00699367896455072,0.011722553021085158,0.011280153071579258,0.011267645178592689,0.01094125041788685,0.01082923678756631,0.010735701057982161,0.010165272138502157,0.010139335084154322,0.0099420105725474,0.009942004870287735,0.009877477423234304,0.009860319844020027,0.009847837491017586,0.00943400117853066,0.009284416262241413,0.00915647728303337,0.009152963175307671,0.009034588538542776,0.008950809160436224,0.008816368813723163
null,null_nonparam,gauss,20000,2,,900091,k2,quadratic,0.05,99,0.026998141657900623,0.0899626370474016,0.07932034039591468,0.07761495608777247,0.07671292319347692,0.0759590829411044,0.07595568408635027,0.06684312508765929,0.0659525980344939,0.06501268877697625,0.0642933801519814,0.06192784329012193,0.06007188468960953,0.059288581831929414,0.05928367308338647,0.058307798032092524,0.05633581400624668,0.055793385604140835,0.05505769535408073,0.05471890322869347,0.05394965140509799
null,null_nonparam,gauss,20000,2,,900092,k1,linear,0.05,99,0.006945351035299696,0.011608721435907743,0.011395802696229973,0.011305389233866925,0.011266523551957341,0.010689996663765022,0.01059957813398893,0.010405701531956857,0.01002313407346933,0.009957810662153288,0.009890249592032663,0.009836607933355834,0.00966212888586937,0.009602158272132844,0.009479740111745905,0.009143618709536838,0.008940126063353815,0.008722621002168696,0.008685997743865137,0.008644159252273909,0.008481283651436966
null,null_nonparam,gauss,20000,2,,900092,k2,linear,0.05,99,0.04971599041765696,0.10624298460716457,0.09143073149424213,0.08559194970547829,0.0853536387070074,0.08424158903590723,0.08038633284039093,0.07821060019968798,0.07741851985645647,0.077188388814417,0.07705840486414944,0.0755341315284223,0.07253164301055928,0.07220877401804424,0.07060807547888748,0.06746353504087796,0.06619535580503792,0.06618882527870222,0.06526580735336034,0.06092946523734016,0.060060120458461506
null,null_nonparam,gauss,20000,2,,900092,k1,quadratic,0.05,99,0.007011729575404191,0.01623226843891834,0.015539071802207705,0.015443497587172672,0.015319020502694514,0.015125022219307671,0.014063439210635686,0.011976033730683788,0.011645037736855879,0.010981285088942472,0.009930299783985408,0.009879992913087277,0.009815356787965968,0.009404841301254185,0.009179968332076238,0.008973908407549969,0.008840692818699591,0.008807678851036727,0.008500479312791631,0.008214474891184431,0.008160089362868495
null,null_nonparam,gauss,20000,2,,900092,k2,quadratic,0.05,99,0.05851629647794446,0.11981282735364904,0.10840492741202305,0.10672581191319233,0.1031906578107847,0.09305586409946051,0.08845015812604991,0.08248181878984231,0.08179925708533423,0.08166774435030356,0.07998086569783154,0.07910258721303859,0.07767873247037738,0.07704745886377745,0.0727203320589885,0.0707469880559349,0.07064335089690708,0.06547664292936914,0.06436725183086998,0.06424863143834182,0.06397206818638027
null,null_nonparam,gauss,20000,2,,900093,k1,linear,0.05,99,0.006464482399276772,0.018671805858501034,0.018333207245385785,0.016403846415537937,0.014069370868240338,0.01256076569235609,0.011918107769460895,0.011571151501256094,0.011525047803247701,0.011473048155342003,0.011400388264646177,0.010707446782538876,0.0103963851680694,0.010284542925476647,0.009984997138901108,0.009723697246337148,0.00971009939507761,0.009676537116639405,0.009423802026506278,0.009382797447784808,0.00915813757472661
null,null_nonparam,gauss,20000,2,,900093,k2,linear,0.05,99,0.023406301063461976,0.13913871868090824,0.12592870064631587,0.08335890986295331,0.07766417028274038,0.07595940784297302,0.07521724781512176,0.074138988690999,0.07340067703178058,0.06861534043595346,0.0682854889075023,0.06451158140187292,0.06194021124073241,0.061561231313946,0.060776886348589285,0.060703199583301184,0.05790164157010097,0.05764551798031583,0.05643104477083473,0.055974328572476896,0.05567868718767338
null,null_nonparam,gauss,20000,2,,900093,k1,quadratic,0.05,99,0.006620381616867399,0.015407441778243491,0.01316084182781807,0.012376507328291875,0.01236301394579653,0.011876894704783147,0.011571999331581373,0.011099279457744138,0.010781048572151564,0.010696967781011257,0.010652924670946029,0.010313650274811015,0.01011636752645384,0.010028190150370486,0.009851268001096702,0.00984971592623718,0.00960157766537828,0.009594566735784182,0.009435289096455635,0.009336535044891403,0.009107300460888923
null,null_nonparam,gauss,20000,2,,900093,k2,quadratic,0.05,99,0.023751615520251592,0.1049133303030482,0.10223929685214192,0.08300638414648547,0.08113368965793717,0.08064879520128261,0.07364617554262058,0.07042434186300289,0.06997752601884799,0.06997522119700542,0.06829801097264974,0.06771240890463953,0.06521809364524794,0.06432312597461287,0.06428174864133403,0.06384931797440316,0.06233242607544669,0.06228949376338633,0.06225124210338179,0.061918607367217875,0.06178693629703779
null,null_nonparam,gauss,20000,2,,900094,k1,linear,0.05,99,0.004020033816627078,0.015391572643767004,0.015385506281380024,0.015071703510861845,0.013055594884521904,0.012466986774014366,0.011835194496450652,0.011286686396312362,0.011217847619845456,0.010971622700431727,0.010735354828673604,0.010392641884427234,0.01027653810202156,0.010108899672781724,0.009972692127483307,0.009966943181120458,0.009747386400561608,0.009503828506524314,0.00938845713158798,0.009216899149685265,0.00918445946871782
null,null_nonparam,gauss,20000,2,,900094,k2,linear,0.05,99,0.026624253496092962,0.12983833605467096,0.1041184275581663,0.08888975491322236,0.07783374806200946,0.07756122535537753,0.07694097373712985,0.07181951379768135,0.07178198704315711,0.07011290677473218,0.06832792596938599,0.06813142034821977,0.06483178873505721,0.06455284709640838,0.06329161044323427,0.059849650193672096,0.05838222497260321,0.056644822227389535,0.056049934136158476,0.05582159369629664,0.055343409262464935
null,null_nonparam,gauss,20000,2,,900094,k1,quadratic,0.05,99,0.004140377988372079,0.017801288426946393,0.014973340613090969,0.012845891280381272,0.012115199807421262,0.011826271986911996,0.011433615530005103,0.01127236538524945,0.011121643545506155,0.01105640081667536,0.011041567765644245,0.010928079437288463,0.010833826128979984,0.010675434665233352,0.010157500689491394,0.010132713912017866,0.010088737816873694,0.010076163181311326,0.01004858696100186,0.009951024967873145,0.009940095479444744
null,null_nonparam,gauss,20000,2,,900094,k2,quadratic,0.05,99,0.03200105684694817,0.0970689420811022,0.08582444513021559,0.08230308615884029,0.07741024507483228,0.07597250190999198,0.07555131110862735,0.07459753749053824,0.07311149328186385,0.07269849714459482,0.07257394014552615,0.071933930887948,0.0714602273097818,0.07127556717074905,0.06941569491399452,0.06326869319758656,0.062151539959463174,0.06205966456453888,0.060725211890821654,0.059486797152686816,0.059050930245009584
null,null_nonparam,gauss,20000,2,,900095,k1,linear,0.05,99,0.005311572086834526,0.01843419914562805,0.015787225848483466,0.014699559600741652,0.013716601896503589,0.013538378867831602,0.01214330049617418,0.011856844451633597,0.011454805789699929,0.009265469113768021,0.009091440477065671,0.008932720080503165,0.00869542458509065,0.008670882390804269,0.00853258491673925,0.0082989092552056,0.008151140360194153,0.008143186412994274,0.00810462168756576,0.007747630240753756,0.007613891846040333
null,null_nonparam,gauss,20000,2,,900095,k2,linear,0.05,99,0.03522472927244552,0.0958652656690423,0.09347263912873481,0.07914390964218021,0.07291738849538362,0.06981922937705634,0.0683555411502094,0.06590702561165715,0.06384615453289899,0.06256696125933611,0.05988061355601121,0.059780969069169486,0.05880134789615499,0.0587131460460275,0.05803884483847689,0.057377471454251684,0.05667102668792629,0.05657342648094665,0.05556569501094327,0.05503369255561482,0.05465252343139459
null,null_nonparam,gauss,20000,2,,900095,k1,quadratic,0.05,99,0.005381210864542241,0.015233452653778734,0.013318067862024496,0.01251799815178034,0.011671148938119158,0.011000010967767926,0.010854862143929278,0.010718032070888284,0.010306458578677735,0.01025703797334443,0.010207635683924132,0.010168727078382567,0.01016774946123089,0.010064213931225918,0.010050534286230817,0.009950062136226845,0.009914226576334229,0.00988926772701737,0.009559801000897372,0.00950901186910258,0.00908132930552974
null,null_nonparam,gauss,20000,2,,900095,k2,quadratic,0.05,99,0.0337033056013567,0.1154892506819664,0.11241191231236486,0.1122820227529693,0.0985139315567387,0.08867313595197902,0.08682274405000666,0.07676842920150247,0.07580328597208126,0.0736415997792303,0.06970510934675275,0.0695696539984655,0.06929143115902886,0.06796788600203667,0.0671506456440591,0.06469259092895502,0.06376192209845273,0.06211678609418439,0.06172264136944658,0.061611636562965734,0.06153214087136325
null,null_nonparam,gauss,20000,2,,900096,k1,linear,0.05,99,0.004826598227705814,0.015062060908581643,0.01388115992432093,0.013375114598428106,0.013169875202636239,0.012931373666064006,0.011905044185055336,0.011808405821717605,0.011704753783937094,0.011622552190864388,0.010570975003162175,0.010204346082606452,0.010036812687178931,0.009630291497963794,0.009588693210961008,0.009343262606754221,0.00915671352331826,0.009109367514140154,0.008968580316956132,0.008956139300897226,0.008691938699666557
null,null_nonparam,gauss,20000,2,,900096,k2,linear,0.05,99,0.039230934127544706,0.10587535914352558,0.09159945255518785,0.08621122550414695,0.08455598696474736,0.07780783297784666,0.07191033590015698,0.07004743119429693,0.06338202213364867,0.06004254360835916,0.06000769653768667,0.05973831765235423,0.05706405213561845,0.05383498584271204,0.05341703860759007,0.052742461451874396,0.052582405355076876,0.05228811841977971,0.05062263611680873,0.04950782335800167,0.0493197375050699
null,null_nonparam,gauss,20000,2,,900096,k1,quadratic,0.05,99,0.004829724511318911,0.016594175949886325,0.01408812837823814,0.014059222646590874,0.012990267219965768,0.01171493494927911,0.011550716594611266,0.011461843878360134,0.011448932363446906,0.011140243741119327,0.011080170529206512,0.011024489753306388,0.011010062158248624,0.01080446827768411,0.010407999753475061,0.010337778933983022,0.00974710611447116,0.009552562967286682,0.009474215832124266,0.009382391678159463,0.009314026186765356
null,null_nonparam,gauss,20000,2,,900096,k2,quadratic,0.05,99,0.04095534785152332,0.12386558375017272,0.11846279187782555,0.09407232001848335,0.08859598682595277,0.08143578568451121,0.07940644126476001,0.0792183453100214,0.07618598492363489,0.07497189604958575,0.07401715298069687,0.07154078377668772,0.06859027957828304,0.06744287608984724,0.06433545648759613,0.063749140023242,0.061964775329287715,0.0613029786089176,0.060391611204408405,0.05949159031966587,0.05937618474683995
null,null_nonparam,gauss,20000,2,,900097,k1,linear,0.05,99,0.0065453679133030684,0.019597272116398612,0.015627558794964247,0.014483103956817844,0.01223209072341469,0.012018235378417952,0.011855732074829706,0.011752813208804391,0.011535623215316315,0.011339557008813728,0.011137208435869628,0.01104347525981908,0.010736664810952035,0.010685476373007208,0.01032448837079758,0.010017830270066086,0.009809033451145366,0.009731255012641715,0.009627538834459215,0.009599179473121833,0.009282313473452097
null,null_nonparam,gauss,20000,2,,900097,k2,linear,0.05,99,0.025319146246734512,0.1141806709795737,0.10467996717903737,0.09915482355753359,0.08108806242035933,0.07923234055579788,0.07799051156606435,0.07644294546672428,0.06604243883694796,0.06378501618091861,0.0633800565749979,0.06243551978667185,0.061490667554882514,0.061034179609452795,0.06085013400508579,0.060063826605732125,0.059322509196184044,0.0589780315564894,0.05895299225382919,0.05879254540749299,0.0585612160430421
null,null_nonparam,gauss,20000,2,,900097,k1,quadratic,0.05,99,0.0066083751054734075,0.013048599432035735,0.01287149705375279,0.011715523893134572,0.011587993238313277,0.011573172447433278,0.010983082868819105,0.010775737556314224,0.010634665390964693,0.010454431496063954,0.010443321668192396,0.010431423594479128,0.01037459873798019,0.010131502776519197,0.01002595887541946,0.009501582502131511,0.009384437940334722,0.009328465310225242,0.009147647159129524,0.009011930771141596,0.008836611956619334
null,null_nonparam,gauss,20000,2,,900097,k2,quadratic,0.05,99,0.025680718236055434,0.13097202137881744,0.08993556321079382,0.08370346203810354,0.07189352780785972,0.06960523886617571,0.06774344184307868,0.06754228279588737,0.06419652618561576,0.06359707438881944,0.062299418588506336,0.062286755808525204,0.060390107827187525,0.0602017835800898,0.059732349582040996,0.05809034542374032,0.057835783683892625,0.05743046983069903,0.056882293693281176,0.05435802385606715,0.052576694508615344
null,null_nonparam,gauss,20000,2,,900098,k1,linear,0.05,99,0.005064813515320177,0.015734675626147054,0.014216204106808128,0.014096322568360575,0.013206601815705321,0.012674840020519329,0.01253949275527122,0.011822047717345963,0.010993342606188339,0.010863711245351682,0.01070145612591411,0.01062603353838576,0.010583760417346766,0.010460535842234164,0.010392274616746855,0.010334215443903005,0.010198659082380601,0.010148998014446575,0.010104606864405952,0.009832721958101254,0.009767383592118262
null,null_nonparam,gauss,20000,2,,900098,k2,linear,0.05,99,0.031330702846175514,0.10931897727060823,0.09268281018436367,0.08142642656957157,0.08087035225239084,0.08056852219624046,0.07997654386367391,0.07979559121678167,0.07946030554886033,0.07863288509715964,0.0762474205923927,0.07571246764203685,0.07418020932330023,0.06952160197076301,0.06707440171731048,0.06649386621430806,0.06460528349426287,0.06453031877558565,0.06414500580994728,0.06222006249729454,0.06195010826432535
null,null_nonparam,gauss,20000,2,,900098,k1,quadratic,0.05,99,0.005046822807940887,0.015746479494866628,0.013258872566032198,0.012727639083497722,0.012594688244713104,0.011867309699380213,0.01183470459506375,0.01176012032950613,0.011361051415412549,0.01118526302920464,0.011048334765134227,0.010838025540504281,0.010398675999148232,0.010210546481893346,0.010187907280777453,0.009951596560816123,0.009929905799828442,0.009903434810843548,0.009713878754974203,0.009534767329064775,0.009470827751349664
null,null_nonparam,gauss,20000,2,,900098,k2,quadratic,0.05,99,0.026981625952274945,0.13590218002997037,0.1249918215368963,0.11164491754568735,0.10742835171762093,0.10066796186410754,0.08489629122371727,0.07815919964711253,0.07404434474843144,0.0737953697914424,0.0731303614001805,0.07257940283354361,0.06992523169474285,0.06964572007178987,0.0674456196538067,0.06598026207328397,0.06511601151765326,0.06403178548717957,0.062079778381197194,0.061022353529591296,0.06049704352183006
null,null_nonparam,gauss,20000,2,,900099,k1,linear,0.05,99,0.005584280552400012,0.013893157025962388,0.012806331246920877,0.012245345521947226,0.011971811063910653,0.011766864210739691,0.011709313666774412,0.011690615973118823,0.011407331793687914,0.011162489795109587,0.01090441182577917,0.010680397257253338,0.010156663902643248,0.009971928602822366,0.009938849894283175,0.009813528221742307,0.009758946764834242,0.00969825888031317,0.009627255584699568,0.009588907970518812,0.009304156457698443
null,null_nonparam,gauss,20000,2,,900099,k2,linear,0.05,99,0.023578087877769927,0.08397677100719418,0.08181757595172014,0.07795088869589013,0.07490468857903085,0.07385067783491293,0.07371446247715084,0.07209188036980506,0.07124156574025872,0.07037815699270292,0.06878701074811415,0.06615697917078678,0.06468667772779557,0.06292826965239243,0.06006241658550318,0.05997497912460606,0.05945331956447509,0.05788538070556922,0.05727842527876505,0.05669723479096582,0.05587015843205661
null,null_nonparam,gauss,20000,2,,900099,k1,quadratic,0.05,99,0.005701593233423563,0.01519561738617936,0.014547677118639357,0.01387744399527624,0.013818327052243395,0.011883070401012441,0.010889205739198715,0.010670657396828931,0.00989506627694503,0.00967692579522017,0.009649639341036131,0.009580760149380474,0.00951715087480065,0.009430326407847356,0.009384011545920945,0.009355533185233411,0.009089623448085393,0.008710136714926708,0.008688782330917189,0.008688555123220532,0.00867792495777664
null,null_nonparam,gauss,20000,2,,900099,k2,quadratic,0.05,99,0.020309357583105803,0.07886966145919537,0.07461537149616763,0.07042138942010145,0.06832050360641101,0.06756755127155548,0.06673577329462542,0.06614085804999804,0.0654545917891829,0.059465797965108376,0.058941734074223866,0.058075535843997585,0.05797853295184848,0.05626606097098679,0.0555082915895241,0.05527217114622235,0.055024361674172864,0.05434660042905316,0.05397355605438752,0.0535100345676644,0.05301917196190339
