cell,kind,tail,n,seed,arm,feas_contam,stat,engine,B,stat_obs,cv_0.01,cv_0.02,cv_0.03,cv_0.04,cv_0.05,cv_0.06,cv_0.07,cv_0.08,cv_0.09,cv_0.10,cv_0.11,cv_0.12,cv_0.13,cv_0.14,cv_0.15,cv_0.16,cv_0.17,cv_0.18,cv_0.19,cv_0.20
2-2-8,u_on_x,t3,2000,700000,clean,,kl_plugin,para_boot,99,6.406663332066316e-17,4.440892098500626e-16,4.440892098500626e-16,4.440892098500626e-16,4.440892098500626e-16,3.9327777571691133e-16,3.9054653915892034e-16,3.2986434097035907e-16,2.7882191686864677e-16,2.2380257073747065e-16,1.2239531881233434e-16,1.1128538848730835e-16,1.1021192069271627e-16,1.1006403351401059e-16,7.687173674067295e-17,6.924387505501847e-17,6.822521966094517e-17,6.756161466580136e-17,6.640216187710508e-17,6.547469119584257e-17,6.519332877159351e-17
2-2-8,u_on_x,t3,2000,700000,clean,,kl_split,para_boot,99,0.00034298617227610136,0.012595800752031303,0.0109428196349462,0.009754467381129589,0.009270426613070731,0.008376734339762375,0.007824884393319811,0.007575574816545659,0.007189238442078874,0.006268752150350387,0.006166580102607684,0.0061501538156778154,0.005947245707437598,0.0055455668522308155,0.005247400282234027,0.005107308018827292,0.004908605198819485,0.0047498525741960715,0.003934497053049518,0.0038056823641291135,0.0036952561473105605
2-2-8,u_on_x,t3,2000,700000,clean,,kl_crossfit,para_boot,99,0.00034314028479787585,0.012570178102303979,0.01094015214689887,0.00978210130512127,0.009301401806327887,0.00839121026625552,0.007797657808227752,0.007599575831578238,0.0072135683287416,0.0062404854285909896,0.006162711336006328,0.006148432666120716,0.005933918541362101,0.0055616742805372835,0.005236168399936802,0.005097334407266885,0.004900209084408046,0.004739787182469982,0.003937437409561467,0.003803269108234548,0.0036977367423918217
2-2-8,u_on_x,t3,2000,700000,clean,,cf1_margin,para_boot,29,0.0,0.0,0.0,0.0,0.0,0.0,0.0,0.0,0.0,0.0,0.0,0.0,0.0,0.0,0.0,0.0,0.0,0.0,0.0,0.0,0.0
2-2-8,u_on_x,t3,2000,700000,clean,,slack_plugin,para_boot,29,0.0,0.0,0.0,0.0,0.0,0.0,0.0,0.0,0.0,0.0,0.0,0.0,0.0,0.0,0.0,0.0,0.0,0.0,0.0,0.0,0.0
2-2-8,u_on_x,t3,2000,700000,clean,,gm_battery,para_boot,99,0.0,0.0,0.0,0.0,0.0,0.0,0.0,0.0,0.0,0.0,0.0,0.0,0.0,0.0,0.0,0.0,0.0,0.0,0.0,0.0,0.0
2-2-8,u_on_x,t3,2000,700000,clean,,gtest,para_boot,99,0.0,0.0,0.0,0.0,0.0,0.0,0.0,0.0,0.0,0.0,0.0,0.0,0.0,0.0,0.0,0.0,0.0,0.0,0.0,0.0,0.0
2-2-8,u_on_x,t3,2000,700000,clean,,kl_plugin,crt_cond,99,6.406663332066316e-17,4.934324553889585e-16,4.934324553889585e-16,3.908993134492636e-16,3.8970552525074195e-16,3.8970552525074195e-16,3.3306690738754696e-16,2.83458375582313e-16,2.2456482445524373e-16,2.220446049250313e-16,2.220446049250313e-16,7.242315071031489e-17,6.764799791622817e-17,6.764799791622817e-17,6.486249211967761e-17,6.486249211967761e-17,6.486249211967761e-17,6.486249211967761e-17,6.446456272017037e-17,6.446456272017037e-17,6.446456272017037e-17
2-2-8,u_on_x,t3,2000,700000,clean,,gm_battery,crt_cond,99,0.0,0.0,0.0,0.0,0.0,0.0,0.0,0.0,0.0,0.0,0.0,0.0,0.0,0.0,0.0,0.0,0.0,0.0,0.0,0.0,0.0
2-2-8,u_on_x,t3,2000,700000,clean,,gtest,crt_cond,99,0.0,0.0,0.0,0.0,0.0,0.0,0.0,0.0,0.0,0.0,0.0,0.0,0.0,0.0,0.0,0.0,0.0,0.0,0.0,0.0,0.0
2-2-8,u_on_x,t3,2000,700001,clean,,kl_plugin,para_boot,99,0.0,6.147473311275829e-16,6.088976158163309e-16,5.551115123125783e-16,4.941016149687903e-16,3.902042760341307e-16,3.89559767081094e-16,3.891833203923544e-16,3.3306690738754706e-16,2.800307756379376e-16,2.7860810025545994e-16,2.7795321069971107e-16,1.6928066699115707e-16,1.6859592334426296e-16,1.6813932749796161e-16,1.6789596017688437e-16,1.6776507987006136e-16,1.6691746626954703e-16,1.6683679331798807e-16,1.66748113984691e-16,1.1241008124329714e-16
2-2-8,u_on_x,t3,2000,700001,clean,,kl_split,para_boot,99,0.00604563874366227,0.009155250615129201,0.008405255389816936,0.007556757208931265,0.0066528696350390895,0.006209960589202951,0.005528644607184725,0.005492264175892214,0.005206002901965177,0.005162669406704297,0.004952533676906963,0.004635450646367861,0.004379175300963871,0.0039026958019547434,0.003840001776661897,0.003830957487802822,0.0037974388632624617,0.0036555677276808585,0.0035034489336677674,0.0030437873247609604,0.0027965526849719133
2-2-8,u_on_x,t3,2000,700001,clean,,kl_crossfit,para_boot,99,0.0060442447681225454,0.009158196019335853,0.008407228579247472,0.007543598644671832,0.006646722784450103,0.006214873445090769,0.005516025200762931,0.005492569353266828,0.005201700925258481,0.00515460683180791,0.004948257510852847,0.004629911921310546,0.004371310492765883,0.0039044494851443075,0.0038407752806038017,0.003830607760238521,0.003799806821791308,0.0036502985350560513,0.003500750537541366,0.0030437873247609014,0.0027985120638982994
2-2-8,u_on_x,t3,2000,700001,clean,,cf1_margin,para_boot,29,0.0,0.0,0.0,0.0,0.0,0.0,0.0,0.0,0.0,0.0,0.0,0.0,0.0,0.0,0.0,0.0,0.0,0.0,0.0,0.0,0.0
2-2-8,u_on_x,t3,2000,700001,clean,,slack_plugin,para_boot,29,0.0,0.0,0.0,0.0,0.0,0.0,0.0,0.0,0.0,0.0,0.0,0.0,0.0,0.0,0.0,0.0,0.0,0.0,0.0,0.0,0.0
2-2-8,u_on_x,t3,2000,700001,clean,,gm_battery,para_boot,99,0.0,0.0,0.0,0.0,0.0,0.0,0.0,0.0,0.0,0.0,0.0,0.0,0.0,0.0,0.0,0.0,0.0,0.0,0.0,0.0,0.0
2-2-8,u_on_x,t3,2000,700001,clean,,gtest,para_boot,99,2496.812214130525,2564.1419115246226,2554.746429348847,2552.021744292527,2547.90106699208,2546.5185213204504,2540.9433160112794,2540.9433160112794,2539.5382420261776,2536.714542848823,2536.714542848823,2533.872752289325,2533.872752289325,2532.445064018135,2531.012842402326,2531.012842402326,2529.5760839094723,2528.1347849913336,2526.6889420837897,2526.6889420837897,2526.6889420837897
2-2-8,u_on_x,t3,2000,700001,clean,,kl_plugin,crt_cond,99,0.0,5.551115123125783e-16,5.551115123125783e-16,4.440892098500627e-16,3.91453832544443e-16,3.908438198935501e-16,3.33066907387547e-16,2.786886367936618e-16,2.786886367936618e-16,2.786886367936618e-16,2.786886367936618e-16,2.2204460492503136e-16,2.2204460492503136e-16,2.2204460492503136e-16,2.2204460492503136e-16,1.6923493829058515e-16,1.686249256396922e-16,1.686249256396922e-16,1.686249256396922e-16,1.686249256396922e-16,1.1171945977782193e-16
2-2-8,u_on_x,t3,2000,700001,clean,,gm_battery,crt_cond,99,0.0,0.0,0.0,0.0,0.0,0.0,0.0,0.0,0.0,0.0,0.0,0.0,0.0,0.0,0.0,0.0,0.0,0.0,0.0,0.0,0.0
2-2-8,u_on_x,t3,2000,700001,clean,,gtest,crt_cond,99,2496.812214130525,2569.4126483786695,2557.4531986765596,2557.4531986765596,2546.5185213204504,2538.1286521234397,2536.714542848823,2536.714542848823,2535.2959107325632,2535.2959107325632,2533.872752289325,2531.012842402326,2529.5760839094723,2528.1347849913336,2528.1347849913336,2528.1347849913336,2528.1347849913336,2528.1347849913336,2523.783609964247,2522.3241135440585,2522.3241135440585
2-2-8,u_on_x,t3,2000,700002,clean,,kl_plugin,para_boot,99,0.0,4.440892098500627e-16,4.440892098500627e-16,3.9048726758392924e-16,3.8868612705079304e-16,3.3679633873641704e-16,2.8019565238393153e-16,2.8015505958148597e-16,2.799262132197017e-16,2.7948969303789426e-16,2.789470130793783e-16,2.7430737929620255e-16,2.220446049250313e-16,2.2088510307163688e-16,2.2075697512842997e-16,2.1992585869483063e-16,1.6621381174810405e-16,1.659410559719082e-16,1.6479873021779667e-16,1.6291239696367877e-16,1.6170172873167173e-16
2-2-8,u_on_x,t3,2000,700002,clean,,kl_split,para_boot,99,0.004870907996674154,0.009867556012319006,0.006737102211282833,0.005223093365548749,0.0046933023658853185,0.004281847476822399,0.004223065740723911,0.004146340214807531,0.004139940128395282,0.003621530971478125,0.0034756188290204493,0.003112245785873588,0.0029044507568133093,0.0028741169520594897,0.0028222480769249797,0.0028085357205319475,0.0025137672853640172,0.0022930599767433738,0.0022185875385142897,0.0021662776467867573,0.002073424297509577
2-2-8,u_on_x,t3,2000,700002,clean,,kl_crossfit,para_boot,99,0.004870594444731945,0.009861056233593526,0.006734073591338735,0.005224232143373166,0.004684789660593797,0.004288159248268666,0.0042263372276171475,0.004150610812628672,0.004140178160903802,0.0036219910360448804,0.003474611818869648,0.003113810926778062,0.002901835429707369,0.002871555940637791,0.0028214844574752755,0.0028093527942427907,0.0025154255643844957,0.0022908478783883815,0.002220421673677888,0.0021640408935988224,0.002072833486070026
2-2-8,u_on_x,t3,2000,700002,clean,,cf1_margin,para_boot,29,0.0,0.0,0.0,0.0,0.0,0.0,0.0,0.0,0.0,0.0,0.0,0.0,0.0,0.0,0.0,0.0,0.0,0.0,0.0,0.0,0.0
2-2-8,u_on_x,t3,2000,700002,clean,,slack_plugin,para_boot,29,0.0,0.0,0.0,0.0,0.0,0.0,0.0,0.0,0.0,0.0,0.0,0.0,0.0,0.0,0.0,0.0,0.0,0.0,0.0,0.0,0.0
2-2-8,u_on_x,t3,2000,700002,clean,,gm_battery,para_boot,99,0.0,0.0,0.0,0.0,0.0,0.0,0.0,0.0,0.0,0.0,0.0,0.0,0.0,0.0,0.0,0.0,0.0,0.0,0.0,0.0,0.0
2-2-8,u_on_x,t3,2000,700002,clean,,gtest,para_boot,99,2674.0956209233627,2721.8114952322867,2711.0221982571966,2711.0221982571966,2706.704188958832,2705.9700554945084,2703.7428266266443,2702.2373012402372,2701.4783219296905,2699.176498163365,2699.176498163365,2696.049271690632,2696.049271690632,2694.4607164640424,2693.6601974441946,2693.6601974441946,2692.8555152088384,2691.233654197702,2690.416471949687,2689.5951195416496,2687.9398971892815
2-2-8,u_on_x,t3,2000,700002,clean,,kl_plugin,crt_cond,99,0.0,4.440892098500627e-16,4.440892098500627e-16,4.440892098500627e-16,4.440892098500627e-16,4.440892098500627e-16,3.8904035520176857e-16,3.3754762811473373e-16,3.3384925545102405e-16,3.3384925545102405e-16,3.3306690738754706e-16,2.788004008027299e-16,2.788004008027299e-16,2.788004008027299e-16,2.778758076368025e-16,2.778758076368025e-16,2.778758076368025e-16,2.1927082542724905e-16,2.1927082542724905e-16,2.1912858032479867e-16,2.1912858032479867e-16
2-2-8,u_on_x,t3,2000,700002,clean,,gm_battery,crt_cond,99,0.0,0.0,0.0,0.0,0.0,0.0,0.0,0.0,0.0,0.0,0.0,0.0,0.0,0.0,0.0,0.0,0.0,0.0,0.0,0.0,0.0
2-2-8,u_on_x,t3,2000,700002,clean,,gtest,crt_cond,99,2674.0956209233627,2709.599383363181,2705.9700554945084,2705.231784994222,2705.231784994222,2703.7428266266443,2703.7428266266443,2702.2373012402372,2701.4783219296905,2700.7151960624506,2696.8373112889612,2696.049271690632,2695.2570739792513,2692.8555152088384,2692.8555152088384,2692.8555152088384,2692.046668037026,2692.046668037026,2690.416471949687,2690.416471949687,2690.416471949687
2-2-8,u_on_x,t3,2000,700003,clean,,kl_plugin,para_boot,99,0.0,4.440892098500626e-16,4.440892098500626e-16,4.440892098500626e-16,3.9063197121436128e-16,3.867461906281733e-16,3.867461906281733e-16,3.8141712010997255e-16,3.8141712010997255e-16,3.8141712010997255e-16,1.686428774405613e-16,1.686428774405613e-16,1.686428774405613e-16,1.6775469902086117e-16,1.6775469902086117e-16,1.6686652060116104e-16,9.325873406851313e-17,4.196643033083093e-17,3.719247132494274e-17,1.021405182655145e-17,3.108624468950441e-18
2-2-8,u_on_x,t3,2000,700003,clean,,kl_split,para_boot,99,0.0010582166740538863,0.01414874983223506,0.008461832659012666,0.006054245032797244,0.005849316366097604,0.005412216959566528,0.004617041709157173,0.004615096304474493,0.0037041524453237523,0.0033774034739141173,0.0032012297096431497,0.0032011616841788604,0.003047435348098468,0.00304698306234015,0.002892545772366535,0.0027453473179811436,0.00259341234415162,0.0023126973563471903,0.0021869430384809027,0.0021797840127921533,0.002178562207259385
2-2-8,u_on_x,t3,2000,700003,clean,,kl_crossfit,para_boot,99,0.0010584927942814439,0.014145561671502715,0.008477717152321766,0.00605714035236744,0.005863344427368102,0.005412969333468579,0.004613785521523948,0.004612729252534288,0.0037019193242859294,0.0033726827754361408,0.003202530346141347,0.0032019137770910693,0.0030454519479633513,0.003045158685695531,0.0028960799843282155,0.0027495048321793253,0.002595159625867916,0.0023136425761897256,0.0021844833213958623,0.0021791600785394105,0.002178898091068488
2-2-8,u_on_x,t3,2000,700003,clean,,cf1_margin,para_boot,29,1.0,1.0,1.0,1.0,1.0,1.0,1.0,1.0,1.0,1.0,1.0,1.0,1.0,1.0,1.0,1.0,1.0,1.0,1.0,1.0,1.0
2-2-8,u_on_x,t3,2000,700003,clean,,slack_plugin,para_boot,29,1.0,1.0,1.0,1.0,1.0,1.0,1.0,1.0,1.0,1.0,1.0,1.0,1.0,1.0,1.0,1.0,1.0,1.0,1.0,1.0,1.0
2-2-8,u_on_x,t3,2000,700003,clean,,gm_battery,para_boot,99,0.0,0.0,0.0,0.0,0.0,0.0,0.0,0.0,0.0,0.0,0.0,0.0,0.0,0.0,0.0,0.0,0.0,0.0,0.0,0.0,0.0
2-2-8,u_on_x,t3,2000,700003,clean,,gtest,para_boot,99,2772.010694396229,2772.588722239781,2772.586722239448,2772.5807222344474,2772.5807222344474,2772.570722212781,2772.570722212781,2772.570722212781,2772.556722154447,2772.556722154447,2772.556722154447,2772.538722031446,2772.516721807775,2772.4907214394325,2772.4907214394325,2772.4907214394325,2772.460720874413,2772.460720874413,2772.460720874413,2772.460720874413,2772.4267200527106
2-2-8,u_on_x,t3,2000,700003,clean,,kl_plugin,crt_cond,99,0.0,5.291322935363496e-16,3.9063197121436128e-16,3.88855614374961e-16,3.867461906281733e-16,3.8141712010997255e-16,1.6953105586026142e-16,1.6953105586026142e-16,1.686428774405613e-16,1.6686652060116104e-16,1.6686652060116104e-16,9.325873406851313e-17,9.325873406851313e-17,5.340172748447003e-17,3.774758283725523e-18,3.108624468950441e-18,1.3322676295502383e-18,1.3322676295502383e-18,0.0,0.0,0.0
2-2-8,u_on_x,t3,2000,700003,clean,,gm_battery,crt_cond,99,0.0,0.0,0.0,0.0,0.0,0.0,0.0,0.0,0.0,0.0,0.0,0.0,0.0,0.0,0.0,0.0,0.0,0.0,0.0,0.0,0.0
2-2-8,u_on_x,t3,2000,700003,clean,,gtest,crt_cond,99,2772.010694396229,2772.5807222344474,2772.5807222344474,2772.5807222344474,2772.5807222344474,2772.5807222344474,2772.556722154447,2772.556722154447,2772.556722154447,2772.556722154447,2772.538722031446,2772.538722031446,2772.538722031446,2772.538722031446,2772.516721807775,2772.516721807775,2772.4907214394325,2772.4907214394325,2772.4907214394325,2772.4907214394325,2772.460720874413
2-2-8,u_on_x,t3,2000,700004,clean,,kl_plugin,para_boot,99,3.887630957895757e-16,1.168505263921099e-15,1.168270218298452e-15,1.1669552333285067e-15,1.166024810156055e-15,1.1630820780216427e-15,1.0027820867582062e-15,9.00452242082916e-16,8.957826869920785e-16,8.954825185463436e-16,8.881784197001254e-16,8.881784197001254e-16,8.731803491862435e-16,8.320415389058743e-16,8.30262105937184e-16,7.882775223202106e-16,7.771561172376098e-16,7.725003432633753e-16,7.660907714772261e-16,2.220446049250313e-16,2.220446049250313e-16
2-2-8,u_on_x,t3,2000,700004,clean,,kl_split,para_boot,99,0.00803419851163182,0.025320390097316944,0.024491471425204317,0.01404145040622988,0.011214313019360655,0.010153865685934196,0.010011136885972105,0.00949634756496981,0.008478634454882908,0.00829371719891718,0.00777636446501305,0.007661031446643825,0.0069324001916090325,0.0064467660724787865,0.00641355954733995,0.006308322454390634,0.006279938146783841,0.006219538419339074,0.005963889313508178,0.005769320117725317,0.005741543479664754
2-2-8,u_on_x,t3,2000,700004,clean,,kl_crossfit,para_boot,99,0.008033063974775028,0.025417422461270905,0.02446949952385928,0.01405889045750993,0.011198906562505634,0.010155432545738932,0.01001752542379701,0.009496347564969802,0.00847989886898545,0.008283529250871547,0.007755241497793754,0.007662120858825734,0.006930913458559958,0.006437811506551937,0.006415086356022143,0.006310815798847201,0.006281912679452242,0.006213661543557292,0.00596135382219163,0.005772100825472755,0.005744048761861877
2-2-8,u_on_x,t3,2000,700004,clean,,cf1_margin,para_boot,29,0.0,0.0,0.0,0.0,0.0,0.0,0.0,0.0,0.0,0.0,0.0,0.0,0.0,0.0,0.0,0.0,0.0,0.0,0.0,0.0,0.0
2-2-8,u_on_x,t3,2000,700004,clean,,slack_plugin,para_boot,29,0.0,0.0,0.0,0.0,0.0,0.0,0.0,0.0,0.0,0.0,0.0,0.0,0.0,0.0,0.0,0.0,0.0,0.0,0.0,0.0,0.0
2-2-8,u_on_x,t3,2000,700004,clean,,gm_battery,para_boot,99,0.0,0.0,0.0,0.0,0.0,0.0,0.0,0.0,0.0,0.0,0.0,0.0,0.0,0.0,0.0,0.0,0.0,0.0,0.0,0.0,0.0
2-2-8,u_on_x,t3,2000,700004,clean,,gtest,para_boot,99,1687.3632239499773,1797.9465941910246,1797.9465941910246,1788.228537598909,1778.444997003776,1758.6795176053718,1758.6795176053718,1758.6795176053718,1758.6795176053718,1748.6965818838808,1745.3539670873488,1742.003835517803,1738.646167787554,1728.5277518160974,1728.5277518160974,1725.139742971368,1725.139742971368,1725.139742971368,1721.7440990705245,1721.7440990705245,1718.3407999342928
2-2-8,u_on_x,t3,2000,700004,clean,,kl_plugin,crt_cond,99,3.887630957895757e-16,1.1673995103933524e-15,1.1673995103933524e-15,1.0561921707600658e-15,1.0561921707600658e-15,1.0561921707600658e-15,9.503509090791343e-16,9.503509090791343e-16,9.096427315095451e-16,8.918791631155426e-16,8.918791631155426e-16,8.322971941273258e-16,8.322971941273258e-16,8.322971941273258e-16,8.322971941273258e-16,8.322971941273258e-16,7.882583474838613e-16,7.882583474838613e-16,7.882583474838613e-16,2.220446049250313e-16,2.220446049250313e-16
2-2-8,u_on_x,t3,2000,700004,clean,,gm_battery,crt_cond,99,0.0,0.0,0.0,0.0,0.0,0.0,0.0,0.0,0.0,0.0,0.0,0.0,0.0,0.0,0.0,0.0,0.0,0.0,0.0,0.0,0.0
2-2-8,u_on_x,t3,2000,700004,clean,,gtest,crt_cond,99,1687.3632239499773,1788.228537598909,1771.8860178820207,1761.9922566524772,1752.0316991674836,1748.6965818838808,1748.6965818838808,1748.6965818838808,1745.3539670873488,1742.003835517803,1742.003835517803,1742.003835517803,1738.646167787554,1738.646167787554,1738.646167787554,1735.2809443800966,1735.2809443800966,1735.2809443800966,1731.9081456488861,1731.9081456488861,1728.5277518160974
2-2-8,u_on_x,t3,2000,700005,clean,,kl_plugin,para_boot,99,0.0,4.440892098500626e-16,4.440892098500626e-16,3.8924127428465024e-16,3.888784797619686e-16,3.886440647439312e-16,3.3353422916580173e-16,2.7953593991007956e-16,2.787115505007829e-16,2.7858190146825635e-16,2.2191196179186223e-16,2.2177804477506128e-16,2.2091376062193797e-16,2.199121237252711e-16,2.1866801421753387e-16,2.1854419919599304e-16,1.6586140585804397e-16,1.6579953222316791e-16,1.653410900635078e-16,1.1061956134112806e-16,1.1041855580259865e-16
2-2-8,u_on_x,t3,2000,700005,clean,,kl_split,para_boot,99,0.004837640230132265,0.0062929812624989145,0.006223093796633751,0.00537511228963973,0.004874017977838874,0.004849378019917028,0.004059520012237382,0.003181116621910174,0.003147481254239262,0.0029248569590132334,0.002852310133032894,0.0027323497134777303,0.002580572735067843,0.0024122706942141595,0.0020029706242067243,0.001905795587339141,0.0016847623310746532,0.0014971750038504858,0.001459877652869878,0.001339876994771786,0.0013117671250301478
2-2-8,u_on_x,t3,2000,700005,clean,,kl_crossfit,para_boot,99,0.004837449733060498,0.0062908577643701925,0.0062244999125454295,0.00537752556434605,0.004876070862596019,0.004840603734102774,0.004060323645753892,0.003179583541879444,0.003148583688473313,0.002924767782525879,0.002855710670858304,0.002732150640914116,0.0025788640288990014,0.00241325811694304,0.00200279472152772,0.0019053913406515983,0.0016848806685260363,0.0014981512445285464,0.0014605890366073456,0.0013401413230985718,0.0013129824643459149
2-2-8,u_on_x,t3,2000,700005,clean,,cf1_margin,para_boot,29,0.0,0.0,0.0,0.0,0.0,0.0,0.0,0.0,0.0,0.0,0.0,0.0,0.0,0.0,0.0,0.0,0.0,0.0,0.0,0.0,0.0
2-2-8,u_on_x,t3,2000,700005,clean,,slack_plugin,para_boot,29,0.0,0.0,0.0,0.0,0.0,0.0,0.0,0.0,0.0,0.0,0.0,0.0,0.0,0.0,0.0,0.0,0.0,0.0,0.0,0.0,0.0
2-2-8,u_on_x,t3,2000,700005,clean,,gm_battery,para_boot,99,0.0,0.0,0.0,0.0,0.0,0.0,0.0,0.0,0.0,0.0,0.0,0.0,0.0,0.0,0.0,0.0,0.0,0.0,0.0,0.0,0.0
2-2-8,u_on_x,t3,2000,700005,clean,,gtest,para_boot,99,0.0,0.0,0.0,0.0,0.0,0.0,0.0,0.0,0.0,0.0,0.0,0.0,0.0,0.0,0.0,0.0,0.0,0.0,0.0,0.0,0.0
2-2-8,u_on_x,t3,2000,700005,clean,,kl_plugin,crt_cond,99,0.0,3.886446187521757e-16,3.886446187521757e-16,3.3479747085518813e-16,3.3479747085518813e-16,3.3426498978822163e-16,3.3426498978822163e-16,2.788203986903346e-16,2.788203986903346e-16,2.7868727842359297e-16,2.7868727842359297e-16,2.7868727842359297e-16,2.7868727842359297e-16,2.7855415815685134e-16,2.7855415815685134e-16,2.2111276305783994e-16,2.2111276305783994e-16,1.6593441249343617e-16,1.6593441249343617e-16,1.6593441249343617e-16,1.6580129222669455e-16
2-2-8,u_on_x,t3,2000,700005,clean,,gm_battery,crt_cond,99,0.0,0.0,0.0,0.0,0.0,0.0,0.0,0.0,0.0,0.0,0.0,0.0,0.0,0.0,0.0,0.0,0.0,0.0,0.0,0.0,0.0
2-2-8,u_on_x,t3,2000,700005,clean,,gtest,crt_cond,99,0.0,0.0,0.0,0.0,0.0,0.0,0.0,0.0,0.0,0.0,0.0,0.0,0.0,0.0,0.0,0.0,0.0,0.0,0.0,0.0,0.0
2-2-8,u_on_x,t3,2000,700006,clean,,kl_plugin,para_boot,99,0.0,0.0,0.0,0.0,0.0,0.0,0.0,0.0,0.0,0.0,0.0,0.0,0.0,0.0,0.0,0.0,0.0,0.0,0.0,0.0,0.0
2-2-8,u_on_x,t3,2000,700006,clean,,kl_split,para_boot,99,0.0,0.0,0.0,0.0,0.0,0.0,0.0,0.0,0.0,0.0,0.0,0.0,0.0,0.0,0.0,0.0,0.0,0.0,0.0,0.0,0.0
2-2-8,u_on_x,t3,2000,700006,clean,,kl_crossfit,para_boot,99,0.0,0.0,0.0,0.0,0.0,0.0,0.0,0.0,0.0,0.0,0.0,0.0,0.0,0.0,0.0,0.0,0.0,0.0,0.0,0.0,0.0
2-2-8,u_on_x,t3,2000,700006,clean,,cf1_margin,para_boot,29,1.0,1.0,1.0,1.0,1.0,1.0,1.0,1.0,1.0,1.0,1.0,1.0,1.0,1.0,1.0,1.0,1.0,1.0,1.0,1.0,1.0
2-2-8,u_on_x,t3,2000,700006,clean,,slack_plugin,para_boot,29,1.0,1.0,1.0,1.0,1.0,1.0,1.0,1.0,1.0,1.0,1.0,1.0,1.0,1.0,1.0,1.0,1.0,1.0,1.0,1.0,1.0
2-2-8,u_on_x,t3,2000,700006,clean,,gm_battery,para_boot,99,0.0,0.0,0.0,0.0,0.0,0.0,0.0,0.0,0.0,0.0,0.0,0.0,0.0,0.0,0.0,0.0,0.0,0.0,0.0,0.0,0.0
2-2-8,u_on_x,t3,2000,700006,clean,,gtest,para_boot,99,0.0,0.0,0.0,0.0,0.0,0.0,0.0,0.0,0.0,0.0,0.0,0.0,0.0,0.0,0.0,0.0,0.0,0.0,0.0,0.0,0.0
2-2-8,u_on_x,t3,2000,700006,clean,,kl_plugin,crt_cond,99,0.0,0.0,0.0,0.0,0.0,0.0,0.0,0.0,0.0,0.0,0.0,0.0,0.0,0.0,0.0,0.0,0.0,0.0,0.0,0.0,0.0
2-2-8,u_on_x,t3,2000,700006,clean,,gm_battery,crt_cond,99,0.0,0.0,0.0,0.0,0.0,0.0,0.0,0.0,0.0,0.0,0.0,0.0,0.0,0.0,0.0,0.0,0.0,0.0,0.0,0.0,0.0
2-2-8,u_on_x,t3,2000,700006,clean,,gtest,crt_cond,99,0.0,0.0,0.0,0.0,0.0,0.0,0.0,0.0,0.0,0.0,0.0,0.0,0.0,0.0,0.0,0.0,0.0,0.0,0.0,0.0,0.0
2-2-8,u_on_x,t3,2000,700007,clean,,kl_plugin,para_boot,99,0.0,0.0,0.0,0.0,0.0,0.0,0.0,0.0,0.0,0.0,0.0,0.0,0.0,0.0,0.0,0.0,0.0,0.0,0.0,0.0,0.0
2-2-8,u_on_x,t3,2000,700007,clean,,kl_split,para_boot,99,0.0,0.0,0.0,0.0,0.0,0.0,0.0,0.0,0.0,0.0,0.0,0.0,0.0,0.0,0.0,0.0,0.0,0.0,0.0,0.0,0.0
2-2-8,u_on_x,t3,2000,700007,clean,,kl_crossfit,para_boot,99,0.0,0.0,0.0,0.0,0.0,0.0,0.0,0.0,0.0,0.0,0.0,0.0,0.0,0.0,0.0,0.0,0.0,0.0,0.0,0.0,0.0
2-2-8,u_on_x,t3,2000,700007,clean,,cf1_margin,para_boot,29,1.0,1.0,1.0,1.0,1.0,1.0,1.0,1.0,1.0,1.0,1.0,1.0,1.0,1.0,1.0,1.0,1.0,1.0,1.0,1.0,1.0
2-2-8,u_on_x,t3,2000,700007,clean,,slack_plugin,para_boot,29,1.0,1.0,1.0,1.0,1.0,1.0,1.0,1.0,1.0,1.0,1.0,1.0,1.0,1.0,1.0,1.0,1.0,1.0,1.0,1.0,1.0
2-2-8,u_on_x,t3,2000,700007,clean,,gm_battery,para_boot,99,0.0,0.0,0.0,0.0,0.0,0.0,0.0,0.0,0.0,0.0,0.0,0.0,0.0,0.0,0.0,0.0,0.0,0.0,0.0,0.0,0.0
2-2-8,u_on_x,t3,2000,700007,clean,,gtest,para_boot,99,0.0,0.0,0.0,0.0,0.0,0.0,0.0,0.0,0.0,0.0,0.0,0.0,0.0,0.0,0.0,0.0,0.0,0.0,0.0,0.0,0.0
2-2-8,u_on_x,t3,2000,700007,clean,,kl_plugin,crt_cond,99,0.0,0.0,0.0,0.0,0.0,0.0,0.0,0.0,0.0,0.0,0.0,0.0,0.0,0.0,0.0,0.0,0.0,0.0,0.0,0.0,0.0
2-2-8,u_on_x,t3,2000,700007,clean,,gm_battery,crt_cond,99,0.0,0.0,0.0,0.0,0.0,0.0,0.0,0.0,0.0,0.0,0.0,0.0,0.0,0.0,0.0,0.0,0.0,0.0,0.0,0.0,0.0
2-2-8,u_on_x,t3,2000,700007,clean,,gtest,crt_cond,99,0.0,0.0,0.0,0.0,0.0,0.0,0.0,0.0,0.0,0.0,0.0,0.0,0.0,0.0,0.0,0.0,0.0,0.0,0.0,0.0,0.0
2-2-8,u_on_x,t3,2000,700008,clean,,kl_plugin,para_boot,99,0.0,1.2212453270876726e-15,1.2212453270876726e-15,1.2212453270876726e-15,1.1671561089115598e-15,1.1669603257832096e-15,1.1102230246251567e-15,9.983651303227326e-16,9.463594459405018e-16,9.456939856197738e-16,9.440239754568727e-16,9.433831872567502e-16,8.969799870804954e-16,8.881784197001254e-16,8.881784197001254e-16,8.881784197001254e-16,8.37936785084994e-16,8.335581194414855e-16,8.335581194414855e-16,8.325838766542988e-16,7.788256255453167e-16
2-2-8,u_on_x,t3,2000,700008,clean,,kl_split,para_boot,99,0.0003150096029167892,0.009364360585210077,0.0070278334770336945,0.007003842507900371,0.00442933917556991,0.00427967422192891,0.004061740973274927,0.0031420191755393984,0.0031387105823075037,0.002985059627000429,0.0029124423258674037,0.002750033210894884,0.002690018289936702,0.002679073636548464,0.00262023160601485,0.002608696005976581,0.00260844415810791,0.0024656145711675417,0.0024030124462380426,0.0023941155262703004,0.0022664721559228773
2-2-8,u_on_x,t3,2000,700008,clean,,kl_crossfit,para_boot,99,0.00031498445927858644,0.009357905485200553,0.007026436204190384,0.006999682580356409,0.004432687594572295,0.0042782136122863565,0.004061007210822219,0.003143979989573914,0.0031401693435086954,0.002982169959842667,0.0029140823829890937,0.002751466531842904,0.0026893914640111934,0.002679107634379882,0.0026178186911655008,0.0026095167823212244,0.002608759064875864,0.0024667743768799176,0.002402818038091656,0.0023949203733356107,0.0022653230482581853
2-2-8,u_on_x,t3,2000,700008,clean,,cf1_margin,para_boot,29,0.0,0.0,0.0,0.0,0.0,0.0,0.0,0.0,0.0,0.0,0.0,0.0,0.0,0.0,0.0,0.0,0.0,0.0,0.0,0.0,0.0
2-2-8,u_on_x,t3,2000,700008,clean,,slack_plugin,para_boot,29,0.0,0.0,0.0,0.0,0.0,0.0,0.0,0.0,0.0,0.0,0.0,0.0,0.0,0.0,0.0,0.0,0.0,0.0,0.0,0.0,0.0
2-2-8,u_on_x,t3,2000,700008,clean,,gm_battery,para_boot,99,0.0,0.0,0.0,0.0,0.0,0.0,0.0,0.0,0.0,0.0,0.0,0.0,0.0,0.0,0.0,0.0,0.0,0.0,0.0,0.0,0.0
2-2-8,u_on_x,t3,2000,700008,clean,,gtest,para_boot,99,2772.2507127188046,2772.588722239781,2772.586722239448,2772.586722239448,2772.586722239448,2772.5807222344474,2772.5807222344474,2772.5807222344474,2772.5807222344474,2772.570722212781,2772.570722212781,2772.570722212781,2772.570722212781,2772.556722154447,2772.556722154447,2772.556722154447,2772.538722031446,2772.538722031446,2772.538722031446,2772.538722031446,2772.516721807775
2-2-8,u_on_x,t3,2000,700008,clean,,kl_plugin,crt_cond,99,0.0,1.2212453270876726e-15,1.2212453270876726e-15,1.2212453270876726e-15,1.2212453270876726e-15,1.2212453270876726e-15,1.1682688044374708e-15,1.1663747962670114e-15,1.164592200341873e-15,1.164592200341873e-15,1.164592200341873e-15,1.1102230246251567e-15,9.456671382858334e-16,9.433831872567502e-16,9.433831872567502e-16,9.433831872567502e-16,8.346448358233178e-16,8.346448358233178e-16,8.346448358233178e-16,8.346448358233178e-16,8.313024684636836e-16
2-2-8,u_on_x,t3,2000,700008,clean,,gm_battery,crt_cond,99,0.0,0.0,0.0,0.0,0.0,0.0,0.0,0.0,0.0,0.0,0.0,0.0,0.0,0.0,0.0,0.0,0.0,0.0,0.0,0.0,0.0
2-2-8,u_on_x,t3,2000,700008,clean,,gtest,crt_cond,99,2772.2507127188046,2772.586722239448,2772.5807222344474,2772.5807222344474,2772.5807222344474,2772.5807222344474,2772.5807222344474,2772.570722212781,2772.570722212781,2772.570722212781,2772.538722031446,2772.538722031446,2772.538722031446,2772.538722031446,2772.538722031446,2772.538722031446,2772.516721807775,2772.516721807775,2772.516721807775,2772.4907214394325,2772.4907214394325
2-2-8,u_on_x,t3,2000,700009,clean,,kl_plugin,para_boot,99,0.0,3.9151884598605336e-16,3.908935621827871e-16,3.889108230131067e-16,3.3555837668199864e-16,2.7909602117380463e-16,2.783212160464058e-16,2.7761622581993976e-16,2.2036608199363259e-16,1.6622978218813203e-16,1.6490785598960433e-16,1.648644101712301e-16,1.6454763925787268e-16,1.6270719272269117e-16,1.1022797668815534e-16,1.1010070061584287e-16,1.0961695686172432e-16,1.0955987915894794e-16,1.0919827777802745e-16,6.372826243325324e-17,6.249599807492603e-17
2-2-8,u_on_x,t3,2000,700009,clean,,kl_split,para_boot,99,0.0007825822398045378,0.008197772776796307,0.005911334649312365,0.005329768410881133,0.0047492411146573404,0.003918210935907246,0.003498203755822042,0.0034379130839662514,0.0030756159625928772,0.003030578918628693,0.0029019894560127837,0.002836392949216969,0.0025466718474818004,0.0023085644920867246,0.0020724138938880907,0.0020678210618791625,0.0017036479586468346,0.0016662893702073904,0.0016348073383612473,0.0015731116699035097,0.0014978214930791503
2-2-8,u_on_x,t3,2000,700009,clean,,kl_crossfit,para_boot,99,0.0007826503141795619,0.008208072457621528,0.005916008573713945,0.005337457080171141,0.004745142044640618,0.003921546436054194,0.003500591693099464,0.003439121255926301,0.0030755732591379696,0.003026736869430797,0.0029034357078097303,0.0028377360896664067,0.002544445941700141,0.002307533268723551,0.0020729080690693614,0.002068263828317188,0.0017032276966494567,0.0016671806288447964,0.0016340538959763121,0.0015734196232928249,0.0014988703310237668
2-2-8,u_on_x,t3,2000,700009,clean,,cf1_margin,para_boot,29,0.0,0.0,0.0,0.0,0.0,0.0,0.0,0.0,0.0,0.0,0.0,0.0,0.0,0.0,0.0,0.0,0.0,0.0,0.0,0.0,0.0
2-2-8,u_on_x,t3,2000,700009,clean,,slack_plugin,para_boot,29,0.0,0.0,0.0,0.0,0.0,0.0,0.0,0.0,0.0,0.0,0.0,0.0,0.0,0.0,0.0,0.0,0.0,0.0,0.0,0.0,0.0
2-2-8,u_on_x,t3,2000,700009,clean,,gm_battery,para_boot,99,0.0,0.0,0.0,0.0,0.0,0.0,0.0,0.0,0.0,0.0,0.0,0.0,0.0,0.0,0.0,0.0,0.0,0.0,0.0,0.0,0.0
2-2-8,u_on_x,t3,2000,700009,clean,,gtest,para_boot,99,2758.4600795102087,2770.2762765883463,2768.8895817957637,2768.5373542564103,2767.7847987915657,2767.3844648233353,2767.3844648233353,2767.3844648233353,2766.968089119745,2766.7538845766194,2766.7538845766194,2766.5356683347036,2766.3134399553956,2766.087198991946,2765.6226774848656,2765.6226774848656,2765.384396006957,2765.384396006957,2765.384396006957,2765.384396006957,2765.1421000763394
2-2-8,u_on_x,t3,2000,700009,clean,,kl_plugin,crt_cond,99,0.0,1.599453170641297e-16,1.0748422908733658e-16,1.0638620631572929e-16,6.502734858518774e-17,6.392932581358045e-17,6.392932581358045e-17,6.392932581358045e-17,6.22822916561695e-17,6.209928786090161e-17,6.191628406563373e-17,6.173328027036585e-17,6.173328027036585e-17,6.155027647509797e-17,6.136727267983009e-17,5.807320436500818e-17,5.807320436500818e-17,5.770719677447241e-17,5.752419297920453e-17,5.734118918393665e-17,5.715818538866877e-17
2-2-8,u_on_x,t3,2000,700009,clean,,gm_battery,crt_cond,99,0.0,0.0,0.0,0.0,0.0,0.0,0.0,0.0,0.0,0.0,0.0,0.0,0.0,0.0,0.0,0.0,0.0,0.0,0.0,0.0,0.0
2-2-8,u_on_x,t3,2000,700009,clean,,gtest,crt_cond,99,2758.4600795102087,2769.700026792679,2769.387868359846,2769.387868359846,2768.8895817957637,2768.7154719059345,2768.7154719059345,2768.7154719059345,2767.97895113502,2767.3844648233353,2766.968089119745,2766.7538845766194,2766.5356683347036,2766.3134399553956,2766.3134399553956,2766.087198991946,2765.8569449894558,2764.391120651694,2764.1327619527756,2764.1327619527756,2764.1327619527756
2-2-8,u_on_x,t3,2000,700010,clean,,kl_plugin,para_boot,99,0.0,5.733191699164309e-16,5.733191699164309e-16,5.291322935363496e-16,4.973799150320702e-16,4.973799150320702e-16,4.973799150320702e-16,3.8408165536907293e-16,3.7220226900558373e-16,2.4341639814906556e-16,1.608713162681852e-16,5.340172748447003e-17,5.25135490647699e-17,5.25135490647699e-17,5.1791904098763555e-17,5.090372567906343e-17,5.0015547259363303e-17,3.7747582837255307e-17,1.9539925233402772e-17,4.329869796038127e-18,0.0
2-2-8,u_on_x,t3,2000,700010,clean,,kl_split,para_boot,99,0.0007242763310647098,0.006540593435981901,0.005217073956364414,0.005009529824451693,0.004240350803078934,0.0037001167401053345,0.0032175367471594107,0.0027732574533554516,0.0025965028752562846,0.002596500675427549,0.0024507995419139478,0.002330120666947759,0.0023126108175889684,0.0022184074013192265,0.002194025686048408,0.0021869453887146603,0.0021800033359455143,0.002051329244895664,0.0018012330972486217,0.0016843402469764839,0.0016823332307471864
2-2-8,u_on_x,t3,2000,700010,clean,,kl_crossfit,para_boot,99,0.0007238258535286774,0.006526370891641261,0.0052287048942554065,0.0050061837758723395,0.004247418144661553,0.0037029895564887165,0.0032125442650169714,0.0027664266871054895,0.002599633790842045,0.002594878551041787,0.002451888094873088,0.0023353639615391886,0.002313345799956467,0.002212322952247034,0.002190485537381534,0.002190485537381534,0.0021817834275859697,0.002053438703824087,0.0018023887119344335,0.0016835254393893617,0.0016827565437149902
2-2-8,u_on_x,t3,2000,700010,clean,,cf1_margin,para_boot,29,1.0,1.0,1.0,1.0,1.0,1.0,1.0,1.0,1.0,1.0,1.0,1.0,1.0,1.0,1.0,1.0,1.0,1.0,1.0,1.0,1.0
2-2-8,u_on_x,t3,2000,700010,clean,,slack_plugin,para_boot,29,1.0,1.0,1.0,1.0,1.0,1.0,1.0,1.0,1.0,1.0,1.0,1.0,1.0,1.0,1.0,1.0,1.0,1.0,1.0,1.0,1.0
2-2-8,u_on_x,t3,2000,700010,clean,,gm_battery,para_boot,99,0.0,0.0,0.0,0.0,0.0,0.0,0.0,0.0,0.0,0.0,0.0,0.0,0.0,0.0,0.0,0.0,0.0,0.0,0.0,0.0,0.0
2-2-8,u_on_x,t3,2000,700010,clean,,gtest,para_boot,99,2767.7847987915657,2772.4267200527106,2772.4267200527106,2772.3887189063144,2772.3467173592117,2772.3467173592117,2772.300715327383,2772.2507127188046,2772.196709433444,2772.196709433444,2772.076700392211,2771.9406872432455,2771.8666787931734,2771.7886688979124,2771.706657401343,2771.338591998885,2771.338591998885,2771.2365698732438,2771.2365698732438,2771.1305450411046,2771.0205172901688
2-2-8,u_on_x,t3,2000,700010,clean,,kl_plugin,crt_cond,99,0.0,5.291322935363496e-16,5.291322935363496e-16,4.440892098500626e-16,4.440892098500626e-16,4.440892098500626e-16,4.440892098500626e-16,4.440892098500626e-16,4.440892098500626e-16,4.3287595730134854e-16,3.8974379279466115e-16,3.8408165536907293e-16,3.8408165536907293e-16,3.8408165536907293e-16,3.7220226900558373e-16,3.7220226900558373e-16,3.7220226900558373e-16,3.7220226900558373e-16,2.220446049250313e-16,5.517808432387028e-17,5.4289905904170154e-17
2-2-8,u_on_x,t3,2000,700010,clean,,gm_battery,crt_cond,99,0.0,0.0,0.0,0.0,0.0,0.0,0.0,0.0,0.0,0.0,0.0,0.0,0.0,0.0,0.0,0.0,0.0,0.0,0.0,0.0,0.0
2-2-8,u_on_x,t3,2000,700010,clean,,gtest,crt_cond,99,2767.7847987915657,2772.5807222344474,2772.516721807775,2772.460720874413,2772.460720874413,2772.460720874413,2772.460720874413,2772.3467173592117,2772.2507127188046,2772.196709433444,2772.076700392211,2772.010694396229,2771.9406872432455,2771.9406872432455,2771.9406872432455,2771.8666787931734,2771.8666787931734,2771.706657401343,2771.6206441393265,2771.4366116222927,2771.1305450411046
2-2-8,u_on_x,t3,2000,700011,clean,,kl_plugin,para_boot,99,6.547469119584257e-17,1.168605442299411e-15,1.1579350884933454e-15,1.1440712875710458e-15,1.0022563818634442e-15,9.99200722162641e-16,9.959030300102892e-16,9.93555520342513e-16,9.450218385609335e-16,9.289621226455393e-16,9.083642928751283e-16,9.006129175759272e-16,8.94907044091793e-16,8.92448508256376e-16,8.918791631155426e-16,8.918791631155426e-16,8.851227599993222e-16,8.803873809308262e-16,8.803873809308262e-16,8.801848139228243e-16,8.313350008393174e-16
2-2-8,u_on_x,t3,2000,700011,clean,,kl_split,para_boot,99,0.0012666900947456358,0.08899145149912599,0.07860428328236677,0.07192094033596572,0.06662456297316496,0.0630164363743744,0.06131428652335694,0.055240031335616474,0.05085676112242263,0.0478048082806615,0.047596950148304534,0.047555341870413964,0.04543233635440641,0.04297917153014885,0.04115447507953286,0.03980791049607811,0.03968367014591219,0.03744409245533961,0.03727159390440145,0.03690408849411844,0.03421618511656216
2-2-8,u_on_x,t3,2000,700011,clean,,kl_crossfit,para_boot,99,0.0012679617499307197,0.09049736584261296,0.08040541985657106,0.07169838571947357,0.06700548796817098,0.06294538718525612,0.06283625425172634,0.05510123366919052,0.051483763332469554,0.047789721601464996,0.04772789970700579,0.04719455021874569,0.04535521674119161,0.04274812108378995,0.04159175626772354,0.03891478889286065,0.03847580740446342,0.0373575379327163,0.037097848673686123,0.03651418153312822,0.03482825145166954
2-2-8,u_on_x,t3,2000,700011,clean,,cf1_margin,para_boot,29,0.0,0.0,0.0,0.0,0.0,0.0,0.0,0.0,0.0,0.0,0.0,0.0,0.0,0.0,0.0,0.0,0.0,0.0,0.0,0.0,0.0
2-2-8,u_on_x,t3,2000,700011,clean,,slack_plugin,para_boot,29,0.0,0.0,0.0,0.0,0.0,0.0,0.0,0.0,0.0,0.0,0.0,0.0,0.0,0.0,0.0,0.0,0.0,0.0,0.0,0.0,0.0
2-2-8,u_on_x,t3,2000,700011,clean,,gm_battery,para_boot,99,0.0,0.0,0.0,0.0,0.0,0.0,0.0,0.0,0.0,0.0,0.0,0.0,0.0,0.0,0.0,0.0,0.0,0.0,0.0,0.0,0.0
2-2-8,u_on_x,t3,2000,700011,clean,,gtest,para_boot,99,552.8050668837805,752.3112186818255,709.4553135473465,709.4553135473465,703.2379113804975,652.5896496684153,652.5896496684153,646.1404134884991,639.6638212586269,639.6638212586269,633.1595226108232,633.1595226108232,633.1595226108232,633.1595226108232,620.0663567726049,613.4767398381601,613.4767398381601,613.4767398381601,606.8579161515443,600.2094837949846,600.2094837949846
2-2-8,u_on_x,t3,2000,700011,clean,,kl_plugin,crt_cond,99,6.547469119584257e-17,1.2032160642946146e-15,1.2032160642946146e-15,1.2032160642946146e-15,1.2032160642946146e-15,1.2032160642946146e-15,7.354041402431595e-16,7.354041402431595e-16,6.860608947042636e-16,6.860608947042636e-16,6.860608947042636e-16,2.713878504639272e-16,2.713878504639272e-16,2.713878504639272e-16,2.713878504639272e-16,2.713878504639272e-16,2.220446049250313e-16,2.220446049250313e-16,2.220446049250313e-16,2.220446049250313e-16,2.220446049250313e-16
2-2-8,u_on_x,t3,2000,700011,clean,,gm_battery,crt_cond,99,0.0,0.0,0.0,0.0,0.0,0.0,0.0,0.0,0.0,0.0,0.0,0.0,0.0,0.0,0.0,0.0,0.0,0.0,0.0,0.0,0.0
2-2-8,u_on_x,t3,2000,700011,clean,,gtest,crt_cond,99,552.8050668837805,652.5896496684153,639.6638212586269,626.6271576916963,626.6271576916963,613.4767398381601,613.4767398381601,613.4767398381601,606.8579161515443,606.8579161515443,606.8579161515443,600.2094837949846,600.2094837949846,593.5310291835808,593.5310291835808,593.5310291835808,593.5310291835808,593.5310291835808,586.8221265505327,586.8221265505327,586.8221265505327
2-2-8,u_on_x,t3,2000,700012,clean,,kl_plugin,para_boot,99,0.0,5.459049570224051e-14,5.3870241101112407e-14,5.38064725697855e-14,5.334683498492762e-14,5.295404333444292e-14,5.287225883584439e-14,5.280936245728558e-14,5.168119971158894e-14,5.156162309104321e-14,5.133830117366861e-14,5.0181032006859036e-14,5.004293559325674e-14,4.91920033960042e-14,4.824976849828061e-14,4.6917198080921557e-14,4.597144075698214e-14,4.517029378147231e-14,4.516763809495465e-14,4.4397319492365075e-14,4.381323761360672e-14
2-2-8,u_on_x,t3,2000,700012,clean,,kl_split,para_boot,99,0.03196647216130652,0.2625690702368372,0.24581610361092468,0.21675253027170177,0.19175277110414116,0.1857304550810954,0.16930884139790203,0.15392282420642925,0.15354499435268598,0.1496569292287832,0.14756584775015633,0.14113197930238372,0.12734657035263477,0.12627552497539848,0.12167725799841786,0.10637647967725788,0.09567626161834103,0.08758490138627703,0.07866951253891102,0.07783812096598877,0.07620755474485766
2-2-8,u_on_x,t3,2000,700012,clean,,kl_crossfit,para_boot,99,0.03207734259838771,0.25200854132371214,0.23967041287058827,0.21270238401600416,0.19772330254945492,0.18573036729825926,0.1637099727285915,0.15601157051807563,0.15354526439236488,0.14877531723784806,0.14872662499577372,0.14543221080933627,0.13433092805893732,0.12601727964324005,0.11494367253705177,0.10713828659968895,0.09348529056246678,0.08513777770151068,0.08026865899166986,0.07745394024383388,0.0759870601819349
2-2-8,u_on_x,t3,2000,700012,clean,,cf1_margin,para_boot,29,0.0,0.0,0.0,0.0,0.0,0.0,0.0,0.0,0.0,0.0,0.0,0.0,0.0,0.0,0.0,0.0,0.0,0.0,0.0,0.0,0.0
2-2-8,u_on_x,t3,2000,700012,clean,,slack_plugin,para_boot,29,0.0,0.0,0.0,0.0,0.0,0.0,0.0,0.0,0.0,0.0,0.0,0.0,0.0,0.0,0.0,0.0,0.0,0.0,0.0,0.0,0.0
2-2-8,u_on_x,t3,2000,700012,clean,,gm_battery,para_boot,99,0.0,0.0,0.0,0.0,0.0,0.0,0.0,0.0,0.0,0.0,0.0,0.0,0.0,0.0,0.0,0.0,0.0,0.0,0.0,0.0,0.0
2-2-8,u_on_x,t3,2000,700012,clean,,gtest,para_boot,99,2772.196709433444,2772.586722239448,2772.586722239448,2772.586722239448,2772.586722239448,2772.5807222344474,2772.5807222344474,2772.5807222344474,2772.5807222344474,2772.5807222344474,2772.570722212781,2772.570722212781,2772.570722212781,2772.570722212781,2772.570722212781,2772.570722212781,2772.570722212781,2772.570722212781,2772.570722212781,2772.556722154447,2772.556722154447
2-2-8,u_on_x,t3,2000,700012,clean,,kl_plugin,crt_cond,99,0.0,5.4208117977735166e-14,5.319339002991861e-14,5.302306484647134e-14,5.296761056556156e-14,5.2605745358530534e-14,5.2450075261203974e-14,5.102822761090899e-14,5.0970763744331844e-14,5.02352409640479e-14,4.9494826872896025e-14,4.9494826872896025e-14,4.9188586584208985e-14,4.873708448611169e-14,4.822523680947157e-14,4.709472792809482e-14,4.707254621308393e-14,4.707254621308393e-14,4.707254621308393e-14,4.681812012092052e-14,4.6543521912648466e-14
2-2-8,u_on_x,t3,2000,700012,clean,,gm_battery,crt_cond,99,0.0,0.0,0.0,0.0,0.0,0.0,0.0,0.0,0.0,0.0,0.0,0.0,0.0,0.0,0.0,0.0,0.0,0.0,0.0,0.0,0.0
2-2-8,u_on_x,t3,2000,700012,clean,,gtest,crt_cond,99,2772.196709433444,2772.588722239781,2772.586722239448,2772.586722239448,2772.586722239448,2772.586722239448,2772.586722239448,2772.586722239448,2772.570722212781,2772.570722212781,2772.570722212781,2772.570722212781,2772.556722154447,2772.556722154447,2772.556722154447,2772.556722154447,2772.556722154447,2772.538722031446,2772.538722031446,2772.538722031446,2772.538722031446
2-2-8,u_on_x,t3,2000,700013,clean,,kl_plugin,para_boot,99,0.0,4.440892098500626e-16,3.906306484342581e-16,3.8914405467057455e-16,3.8880171353915643e-16,3.887971239354239e-16,3.380248411498284e-16,3.3475579749706485e-16,3.345828745697661e-16,3.345828745697661e-16,2.7956639627962605e-16,2.2079112731658356e-16,1.6429191076994597e-16,1.1040891957598242e-16,1.0914963711977443e-16,1.0892093396164785e-16,1.086981640856836e-16,1.0723745124220262e-16,1.0644317247768038e-16,1.0644042966247533e-16,1.0539526701992637e-16
2-2-8,u_on_x,t3,2000,700013,clean,,kl_split,para_boot,99,0.011125441259364599,0.008647891743377892,0.007919754300590394,0.007579206083958172,0.006926783562875925,0.0063838895751579874,0.006334981432060599,0.0058409409507318155,0.005304982660181326,0.00502950773192444,0.004718044527741952,0.004218549326436741,0.003640432992533617,0.0033649038913635965,0.003264052958135706,0.0032428623765617046,0.003201631807766177,0.0023522038670967804,0.0022518508300395437,0.0022466220027846096,0.00216145124978126
2-2-8,u_on_x,t3,2000,700013,clean,,kl_crossfit,para_boot,99,0.011118406571281318,0.00866563761064102,0.007921850584690297,0.007577730744589905,0.006935466400481434,0.006381170327138298,0.006344641292391592,0.005849099368940399,0.005310688393687212,0.005028831136296201,0.004716213515291279,0.004212004778986887,0.003642728710772085,0.003366649200350312,0.003261757895730081,0.0032431430986987024,0.0032007630909207836,0.0023537083925820983,0.002253221639543442,0.002248871092840724,0.0021660791948573226
2-2-8,u_on_x,t3,2000,700013,clean,,cf1_margin,para_boot,29,0.0,0.0,0.0,0.0,0.0,0.0,0.0,0.0,0.0,0.0,0.0,0.0,0.0,0.0,0.0,0.0,0.0,0.0,0.0,0.0,0.0
2-2-8,u_on_x,t3,2000,700013,clean,,slack_plugin,para_boot,29,0.0,0.0,0.0,0.0,0.0,0.0,0.0,0.0,0.0,0.0,0.0,0.0,0.0,0.0,0.0,0.0,0.0,0.0,0.0,0.0,0.0
2-2-8,u_on_x,t3,2000,700013,clean,,gm_battery,para_boot,99,0.0,0.0,0.0,0.0,0.0,0.0,0.0,0.0,0.0,0.0,0.0,0.0,0.0,0.0,0.0,0.0,0.0,0.0,0.0,0.0,0.0
2-2-8,u_on_x,t3,2000,700013,clean,,gtest,para_boot,99,0.0,0.0,0.0,0.0,0.0,0.0,0.0,0.0,0.0,0.0,0.0,0.0,0.0,0.0,0.0,0.0,0.0,0.0,0.0,0.0,0.0
2-2-8,u_on_x,t3,2000,700013,clean,,kl_plugin,crt_cond,99,0.0,4.440892098500626e-16,4.440892098500626e-16,4.440892098500626e-16,4.440892098500626e-16,4.440892098500626e-16,3.8954576490017386e-16,3.8954576490017386e-16,3.8954576490017386e-16,3.894577916018676e-16,3.894577916018676e-16,3.894577916018676e-16,3.893698183035613e-16,3.893698183035613e-16,3.3517826654689754e-16,3.3517826654689754e-16,3.3517826654689754e-16,2.786994090342707e-16,1.617828955852348e-16,1.1102230246251565e-16,1.1049446267267802e-16
2-2-8,u_on_x,t3,2000,700013,clean,,gm_battery,crt_cond,99,0.0,0.0,0.0,0.0,0.0,0.0,0.0,0.0,0.0,0.0,0.0,0.0,0.0,0.0,0.0,0.0,0.0,0.0,0.0,0.0,0.0
2-2-8,u_on_x,t3,2000,700013,clean,,gtest,crt_cond,99,0.0,0.0,0.0,0.0,0.0,0.0,0.0,0.0,0.0,0.0,0.0,0.0,0.0,0.0,0.0,0.0,0.0,0.0,0.0,0.0,0.0
2-2-8,u_on_x,t3,2000,700014,clean,,kl_plugin,para_boot,99,0.0,5.506702361375756e-14,5.4607552047357345e-14,5.447371000231642e-14,5.444473905353549e-14,5.441090262839152e-14,5.4285709094144526e-14,5.426016170695261e-14,5.4105985286054084e-14,5.399561399458598e-14,5.395224275778279e-14,5.3929634720501633e-14,5.389253045548205e-14,5.3866257213993894e-14,5.35763090746517e-14,5.3536762482772935e-14,5.353000350396098e-14,5.343443714403591e-14,5.3020003113534594e-14,5.29659212377576e-14,5.27530017717129e-14
2-2-8,u_on_x,t3,2000,700014,clean,,kl_split,para_boot,99,0.01006261183872266,0.03224394782353726,0.028850545453736862,0.02234157403270866,0.021979098713786588,0.020458269675722077,0.019202957750978068,0.016208800580146995,0.01465128282183207,0.014056350970967997,0.013643305717790002,0.013549387806390686,0.012261784347154442,0.010836691062381013,0.010306948308350272,0.010300022876837196,0.010227882655732316,0.009980051696328644,0.009868557142448327,0.009490296495517477,0.009320291491652134
2-2-8,u_on_x,t3,2000,700014,clean,,kl_crossfit,para_boot,99,0.010071214467003806,0.03217804561465213,0.029134543021544123,0.022264279924641084,0.022025858614586072,0.020419357441564583,0.01918957656916278,0.016176387599884323,0.014680753886227561,0.014168188775932466,0.01370561433724781,0.013527414953843027,0.012215343321002558,0.010833699189610916,0.010364842828218378,0.010292386611700665,0.010224264155602205,0.009977669188238163,0.009838400646838708,0.009449768711322425,0.009341802379676193
2-2-8,u_on_x,t3,2000,700014,clean,,cf1_margin,para_boot,29,0.0,1.1102230246251565e-16,1.1102230246251565e-16,1.1102230246251565e-16,1.1102230246251565e-16,1.1102230246251565e-16,1.1102230246251565e-16,0.0,0.0,0.0,0.0,0.0,0.0,0.0,0.0,0.0,0.0,0.0,0.0,0.0,0.0
2-2-8,u_on_x,t3,2000,700014,clean,,slack_plugin,para_boot,29,0.0,0.0,0.0,0.0,0.0,0.0,0.0,0.0,0.0,0.0,0.0,0.0,0.0,0.0,0.0,0.0,0.0,0.0,0.0,0.0,0.0
2-2-8,u_on_x,t3,2000,700014,clean,,gm_battery,para_boot,99,0.0,0.0,0.0,0.0,0.0,0.0,0.0,0.0,0.0,0.0,0.0,0.0,0.0,0.0,0.0,0.0,0.0,0.0,0.0,0.0,0.0
2-2-8,u_on_x,t3,2000,700014,clean,,gtest,para_boot,99,0.0,0.0,0.0,0.0,0.0,0.0,0.0,0.0,0.0,0.0,0.0,0.0,0.0,0.0,0.0,0.0,0.0,0.0,0.0,0.0,0.0
2-2-8,u_on_x,t3,2000,700014,clean,,kl_plugin,crt_cond,99,0.0,5.432116335221775e-14,5.4207199621966775e-14,5.4194608847782754e-14,5.412248154386944e-14,5.3930661271494146e-14,5.3885730885263075e-14,5.386426433075746e-14,5.3119843059081026e-14,5.296241479928865e-14,5.2605306661638305e-14,5.2466557834143273e-14,5.20804491544984e-14,5.188172855468808e-14,5.14040819773455e-14,5.112530908778357e-14,5.088521749300522e-14,5.0648825777845145e-14,5.029461426788128e-14,4.981370727543626e-14,4.966932612882824e-14
2-2-8,u_on_x,t3,2000,700014,clean,,gm_battery,crt_cond,99,0.0,0.0,0.0,0.0,0.0,0.0,0.0,0.0,0.0,0.0,0.0,0.0,0.0,0.0,0.0,0.0,0.0,0.0,0.0,0.0,0.0
2-2-8,u_on_x,t3,2000,700014,clean,,gtest,crt_cond,99,0.0,0.0,0.0,0.0,0.0,0.0,0.0,0.0,0.0,0.0,0.0,0.0,0.0,0.0,0.0,0.0,0.0,0.0,0.0,0.0,0.0
2-2-8,u_on_x,t3,2000,700015,clean,,kl_plugin,para_boot,99,0.0,0.0,0.0,0.0,0.0,0.0,0.0,0.0,0.0,0.0,0.0,0.0,0.0,0.0,0.0,0.0,0.0,0.0,0.0,0.0,0.0
2-2-8,u_on_x,t3,2000,700015,clean,,kl_split,para_boot,99,0.0,0.0,0.0,0.0,0.0,0.0,0.0,0.0,0.0,0.0,0.0,0.0,0.0,0.0,0.0,0.0,0.0,0.0,0.0,0.0,0.0
2-2-8,u_on_x,t3,2000,700015,clean,,kl_crossfit,para_boot,99,0.0,0.0,0.0,0.0,0.0,0.0,0.0,0.0,0.0,0.0,0.0,0.0,0.0,0.0,0.0,0.0,0.0,0.0,0.0,0.0,0.0
2-2-8,u_on_x,t3,2000,700015,clean,,cf1_margin,para_boot,29,0.0,0.0,0.0,0.0,0.0,0.0,0.0,0.0,0.0,0.0,0.0,0.0,0.0,0.0,0.0,0.0,0.0,0.0,0.0,0.0,0.0
2-2-8,u_on_x,t3,2000,700015,clean,,slack_plugin,para_boot,29,0.0,0.0,0.0,0.0,0.0,0.0,0.0,0.0,0.0,0.0,0.0,0.0,0.0,0.0,0.0,0.0,0.0,0.0,0.0,0.0,0.0
2-2-8,u_on_x,t3,2000,700015,clean,,gm_battery,para_boot,99,0.0,0.0,0.0,0.0,0.0,0.0,0.0,0.0,0.0,0.0,0.0,0.0,0.0,0.0,0.0,0.0,0.0,0.0,0.0,0.0,0.0
2-2-8,u_on_x,t3,2000,700015,clean,,gtest,para_boot,99,2346.83610998344,2476.402657702348,2413.957201600267,2412.1785596958175,2408.6067303707196,2405.0154741101596,2403.2125484542626,2399.5920770485363,2397.774521214931,2392.292512217605,2390.4553783174247,2388.6133370420025,2388.6133370420025,2384.914511585518,2383.057716956692,2381.195994056871,2379.3293376038564,2379.3293376038564,2377.45774229192,2373.69971375002,2373.69971375002
2-2-8,u_on_x,t3,2000,700015,clean,,kl_plugin,crt_cond,99,0.0,0.0,0.0,0.0,0.0,0.0,0.0,0.0,0.0,0.0,0.0,0.0,0.0,0.0,0.0,0.0,0.0,0.0,0.0,0.0,0.0
2-2-8,u_on_x,t3,2000,700015,clean,,gm_battery,crt_cond,99,0.0,0.0,0.0,0.0,0.0,0.0,0.0,0.0,0.0,0.0,0.0,0.0,0.0,0.0,0.0,0.0,0.0,0.0,0.0,0.0,0.0
2-2-8,u_on_x,t3,2000,700015,clean,,gtest,crt_cond,99,2346.83610998344,2346.83610998344,2346.83610998344,2346.83610998344,2346.83610998344,2346.83610998344,2346.83610998344,2346.83610998344,2346.83610998344,2346.83610998344,2346.83610998344,2346.83610998344,2346.83610998344,2346.83610998344,2346.83610998344,2346.83610998344,2346.83610998344,2346.83610998344,2346.83610998344,2346.83610998344,2346.83610998344
2-2-8,u_on_x,t3,2000,700016,clean,,kl_plugin,para_boot,99,0.0,0.0,0.0,0.0,0.0,0.0,0.0,0.0,0.0,0.0,0.0,0.0,0.0,0.0,0.0,0.0,0.0,0.0,0.0,0.0,0.0
2-2-8,u_on_x,t3,2000,700016,clean,,kl_split,para_boot,99,0.0,0.0,0.0,0.0,0.0,0.0,0.0,0.0,0.0,0.0,0.0,0.0,0.0,0.0,0.0,0.0,0.0,0.0,0.0,0.0,0.0
2-2-8,u_on_x,t3,2000,700016,clean,,kl_crossfit,para_boot,99,0.0,0.34657359027997264,0.34657359027997264,0.34657359027997264,0.34657359027997264,0.34657359027997264,0.34657359027997264,0.34657359027997264,0.34657359027997264,0.34657359027997264,0.34657359027997264,0.34657359027997264,0.34657359027997264,0.34657359027997264,0.34657359027997264,0.34657359027997264,0.34657359027997264,0.34657359027997264,0.34657359027997264,0.34657359027997264,0.34657359027997264
2-2-8,u_on_x,t3,2000,700016,clean,,cf1_margin,para_boot,29,0.0,1.0,1.0,1.0,1.0,1.0,1.0,0.0,0.0,0.0,0.0,0.0,0.0,0.0,0.0,0.0,0.0,0.0,0.0,0.0,0.0
2-2-8,u_on_x,t3,2000,700016,clean,,slack_plugin,para_boot,29,0.0,1.0,1.0,1.0,1.0,1.0,1.0,0.0,0.0,0.0,0.0,0.0,0.0,0.0,0.0,0.0,0.0,0.0,0.0,0.0,0.0
2-2-8,u_on_x,t3,2000,700016,clean,,gm_battery,para_boot,99,0.0,0.0,0.0,0.0,0.0,0.0,0.0,0.0,0.0,0.0,0.0,0.0,0.0,0.0,0.0,0.0,0.0,0.0,0.0,0.0,0.0
2-2-8,u_on_x,t3,2000,700016,clean,,gtest,para_boot,99,0.0,0.0,0.0,0.0,0.0,0.0,0.0,0.0,0.0,0.0,0.0,0.0,0.0,0.0,0.0,0.0,0.0,0.0,0.0,0.0,0.0
2-2-8,u_on_x,t3,2000,700016,clean,,kl_plugin,crt_cond,99,0.0,0.0,0.0,0.0,0.0,0.0,0.0,0.0,0.0,0.0,0.0,0.0,0.0,0.0,0.0,0.0,0.0,0.0,0.0,0.0,0.0
2-2-8,u_on_x,t3,2000,700016,clean,,gm_battery,crt_cond,99,0.0,0.0,0.0,0.0,0.0,0.0,0.0,0.0,0.0,0.0,0.0,0.0,0.0,0.0,0.0,0.0,0.0,0.0,0.0,0.0,0.0
2-2-8,u_on_x,t3,2000,700016,clean,,gtest,crt_cond,99,0.0,0.0,0.0,0.0,0.0,0.0,0.0,0.0,0.0,0.0,0.0,0.0,0.0,0.0,0.0,0.0,0.0,0.0,0.0,0.0,0.0
2-2-8,u_on_x,t3,2000,700017,clean,,kl_plugin,para_boot,99,6.015693427421717e-17,4.440892098500627e-16,3.8954768571454736e-16,2.8042803325273227e-16,2.7990792358134245e-16,2.7987354952711413e-16,2.217064659327597e-16,2.2157516601398472e-16,2.2108544896423203e-16,2.191075069762875e-16,2.183602364804788e-16,2.1633896197192558e-16,2.1317700888169938e-16,2.1183989716823308e-16,1.6606599136761552e-16,1.6520021643712756e-16,1.651221532387415e-16,1.6392321147286795e-16,7.358590964059257e-17,7.02943348211864e-17,6.861714181576258e-17
2-2-8,u_on_x,t3,2000,700017,clean,,kl_split,para_boot,99,0.002073332429203694,0.0182345158763888,0.011863844418972591,0.011615157841332754,0.009186254506698147,0.008858856590502229,0.006945477578963077,0.0061466143564765235,0.005942843171969532,0.0058943151568493085,0.005785744275179881,0.005492894365173272,0.005433174913117615,0.005047472135680506,0.004954424493615939,0.004774782089522374,0.0043544349998904525,0.003761995991651265,0.0033931447775004606,0.003339342408770596,0.003008033048787502
2-2-8,u_on_x,t3,2000,700017,clean,,kl_crossfit,para_boot,99,0.002074576456591282,0.018185035707772565,0.01185861950268624,0.01161691706061576,0.009205598280350842,0.008902194106577811,0.006936296381125098,0.006143985936496028,0.005922979660002485,0.0059064279756659115,0.005780595529712072,0.005502206385369083,0.00544430621854455,0.005043671055790004,0.004952414900308597,0.004785552570280214,0.004350988984488779,0.003764876694046581,0.0033886908063584034,0.0033430711044184214,0.0030045196832148846
2-2-8,u_on_x,t3,2000,700017,clean,,cf1_margin,para_boot,29,0.0,0.0,0.0,0.0,0.0,0.0,0.0,0.0,0.0,0.0,0.0,0.0,0.0,0.0,0.0,0.0,0.0,0.0,0.0,0.0,0.0
2-2-8,u_on_x,t3,2000,700017,clean,,slack_plugin,para_boot,29,0.0,0.0,0.0,0.0,0.0,0.0,0.0,0.0,0.0,0.0,0.0,0.0,0.0,0.0,0.0,0.0,0.0,0.0,0.0,0.0,0.0
2-2-8,u_on_x,t3,2000,700017,clean,,gm_battery,para_boot,99,0.0,0.0,0.0,0.0,0.0,0.0,0.0,0.0,0.0,0.0,0.0,0.0,0.0,0.0,0.0,0.0,0.0,0.0,0.0,0.0,0.0
2-2-8,u_on_x,t3,2000,700017,clean,,gtest,para_boot,99,2202.011610795904,2304.6859679033755,2285.928439145507,2279.582255755082,2279.582255755082,2277.456396250619,2275.3252931181946,2271.047329095866,2268.9004546914475,2264.590887074847,2264.590887074847,2262.4281801594398,2258.0868856173975,2253.7243704226476,2251.535137569707,2251.535137569707,2249.340578475233,2247.140686044661,2247.140686044661,2244.935453150239,2238.287639904568
2-2-8,u_on_x,t3,2000,700017,clean,,kl_plugin,crt_cond,99,6.015693427421717e-17,2.7815136936692497e-16,2.7815136936692497e-16,2.777940014405435e-16,2.777940014405435e-16,2.777940014405435e-16,2.67192086291226e-16,1.6558047255675618e-16,1.6558047255675618e-16,1.652231046303747e-16,1.652231046303747e-16,1.648657367039932e-16,1.0983107604124403e-16,1.0816335905146375e-16,1.0816335905146375e-16,1.0816335905146375e-16,1.0744862319870077e-16,7.302217962395075e-17,6.801902865460992e-17,6.55174531699395e-17,6.55174531699395e-17
2-2-8,u_on_x,t3,2000,700017,clean,,gm_battery,crt_cond,99,0.0,0.0,0.0,0.0,0.0,0.0,0.0,0.0,0.0,0.0,0.0,0.0,0.0,0.0,0.0,0.0,0.0,0.0,0.0,0.0,0.0
2-2-8,u_on_x,t3,2000,700017,clean,,gtest,crt_cond,99,2202.011610795904,2281.7028783113856,2271.047329095866,2271.047329095866,2264.590887074847,2262.4281801594398,2260.2601819841034,2260.2601819841034,2253.7243704226476,2251.535137569707,2249.340578475233,2244.935453150239,2244.935453150239,2242.724872630839,2242.724872630839,2240.5089372917673,2240.5089372917673,2238.287639904568,2236.060973206827,2236.060973206827,2236.060973206827
2-2-8,u_on_x,t3,2000,700018,clean,,kl_plugin,para_boot,99,2.614667081895576e-16,5.4636139515206296e-14,5.4471059278882436e-14,5.422256869068757e-14,5.407277246244775e-14,5.306614680828816e-14,5.1841239188669245e-14,5.182091132437743e-14,5.135574825243703e-14,5.081181119581133e-14,5.0709196820315944e-14,5.054712729642865e-14,5.027494519669908e-14,5.0257353831162046e-14,4.8888908206824765e-14,4.8558097001115316e-14,4.841107660572277e-14,4.743995566103632e-14,4.685081972197015e-14,4.5021255052150245e-14,4.317325510728004e-14
2-2-8,u_on_x,t3,2000,700018,clean,,kl_split,para_boot,99,0.015960906542270573,0.026442673480005563,0.021743162406754432,0.020873720083451744,0.019114384422374148,0.018482865714782096,0.01776523849692531,0.014103029150853388,0.013963374233278342,0.01341597892418031,0.013366156584326369,0.012118300261835066,0.011986762920174934,0.011594358916177744,0.010686479740245808,0.010547918932895417,0.010249524264238382,0.00975572648939324,0.009524558549504313,0.009515198454967538,0.009116061485650834
2-2-8,u_on_x,t3,2000,700018,clean,,kl_crossfit,para_boot,99,0.015922827339652265,0.02659106532876903,0.021775550202332322,0.02081888621429326,0.01918843577508242,0.018472621625214423,0.01776111609599925,0.01415192546789358,0.013900958631695909,0.013479277963984578,0.013367217345612786,0.012135709247285846,0.011949285088630052,0.011579966010001094,0.01070979840438939,0.010553920185970851,0.010257696511556908,0.00977188737998988,0.009508871337305332,0.009488184153758437,0.009109470024139355
2-2-8,u_on_x,t3,2000,700018,clean,,cf1_margin,para_boot,29,0.0,0.0,0.0,0.0,0.0,0.0,0.0,0.0,0.0,0.0,0.0,0.0,0.0,0.0,0.0,0.0,0.0,0.0,0.0,0.0,0.0
2-2-8,u_on_x,t3,2000,700018,clean,,slack_plugin,para_boot,29,0.0,0.0,0.0,0.0,0.0,0.0,0.0,0.0,0.0,0.0,0.0,0.0,0.0,0.0,0.0,0.0,0.0,0.0,0.0,0.0,0.0
2-2-8,u_on_x,t3,2000,700018,clean,,gm_battery,para_boot,99,0.0,0.0,0.0,0.0,0.0,0.0,0.0,0.0,0.0,0.0,0.0,0.0,0.0,0.0,0.0,0.0,0.0,0.0,0.0,0.0,0.0
2-2-8,u_on_x,t3,2000,700018,clean,,gtest,para_boot,99,0.0,0.0,0.0,0.0,0.0,0.0,0.0,0.0,0.0,0.0,0.0,0.0,0.0,0.0,0.0,0.0,0.0,0.0,0.0,0.0,0.0
2-2-8,u_on_x,t3,2000,700018,clean,,kl_plugin,crt_cond,99,2.614667081895576e-16,5.442002785991608e-14,5.4090536662410697e-14,5.3747205846519686e-14,5.367211644192004e-14,5.2965081444295066e-14,5.165699599658406e-14,5.115490999084924e-14,5.068444004573606e-14,5.0150293220907847e-14,4.890413387551457e-14,4.8805768521685077e-14,4.731990229329018e-14,4.730652434756547e-14,4.6963885213485234e-14,4.6538353767590574e-14,4.54426048419681e-14,4.506535598136772e-14,4.492253844434544e-14,4.43166571271332e-14,4.37274994299082e-14
2-2-8,u_on_x,t3,2000,700018,clean,,gm_battery,crt_cond,99,0.0,0.0,0.0,0.0,0.0,0.0,0.0,0.0,0.0,0.0,0.0,0.0,0.0,0.0,0.0,0.0,0.0,0.0,0.0,0.0,0.0
2-2-8,u_on_x,t3,2000,700018,clean,,gtest,crt_cond,99,0.0,0.0,0.0,0.0,0.0,0.0,0.0,0.0,0.0,0.0,0.0,0.0,0.0,0.0,0.0,0.0,0.0,0.0,0.0,0.0,0.0
2-2-8,u_on_x,t3,2000,700019,clean,,kl_plugin,para_boot,99,0.0,0.0,0.0,0.0,0.0,0.0,0.0,0.0,0.0,0.0,0.0,0.0,0.0,0.0,0.0,0.0,0.0,0.0,0.0,0.0,0.0
2-2-8,u_on_x,t3,2000,700019,clean,,kl_split,para_boot,99,0.0,0.0,0.0,0.0,0.0,0.0,0.0,0.0,0.0,0.0,0.0,0.0,0.0,0.0,0.0,0.0,0.0,0.0,0.0,0.0,0.0
2-2-8,u_on_x,t3,2000,700019,clean,,kl_crossfit,para_boot,99,0.0,0.34657359027997264,0.34657359027997264,0.34657359027997264,0.34657359027997264,0.34657359027997264,0.34657359027997264,0.34657359027997264,0.34657359027997264,0.34657359027997264,0.34657359027997264,0.34657359027997264,0.34657359027997264,0.34657359027997264,0.34657359027997264,0.34657359027997264,0.34657359027997264,0.34657359027997264,0.34657359027997264,0.34657359027997264,0.34657359027997264
2-2-8,u_on_x,t3,2000,700019,clean,,cf1_margin,para_boot,29,0.0,1.0,1.0,1.0,1.0,1.0,1.0,0.0,0.0,0.0,0.0,0.0,0.0,0.0,0.0,0.0,0.0,0.0,0.0,0.0,0.0
2-2-8,u_on_x,t3,2000,700019,clean,,slack_plugin,para_boot,29,0.0,1.0,1.0,1.0,1.0,1.0,1.0,0.0,0.0,0.0,0.0,0.0,0.0,0.0,0.0,0.0,0.0,0.0,0.0,0.0,0.0
2-2-8,u_on_x,t3,2000,700019,clean,,gm_battery,para_boot,99,0.0,0.0,0.0,0.0,0.0,0.0,0.0,0.0,0.0,0.0,0.0,0.0,0.0,0.0,0.0,0.0,0.0,0.0,0.0,0.0,0.0
2-2-8,u_on_x,t3,2000,700019,clean,,gtest,para_boot,99,0.0,0.0,0.0,0.0,0.0,0.0,0.0,0.0,0.0,0.0,0.0,0.0,0.0,0.0,0.0,0.0,0.0,0.0,0.0,0.0,0.0
2-2-8,u_on_x,t3,2000,700019,clean,,kl_plugin,crt_cond,99,0.0,0.0,0.0,0.0,0.0,0.0,0.0,0.0,0.0,0.0,0.0,0.0,0.0,0.0,0.0,0.0,0.0,0.0,0.0,0.0,0.0
2-2-8,u_on_x,t3,2000,700019,clean,,gm_battery,crt_cond,99,0.0,0.0,0.0,0.0,0.0,0.0,0.0,0.0,0.0,0.0,0.0,0.0,0.0,0.0,0.0,0.0,0.0,0.0,0.0,0.0,0.0
2-2-8,u_on_x,t3,2000,700019,clean,,gtest,crt_cond,99,0.0,0.0,0.0,0.0,0.0,0.0,0.0,0.0,0.0,0.0,0.0,0.0,0.0,0.0,0.0,0.0,0.0,0.0,0.0,0.0,0.0
2-2-8,u_on_x,t3,2000,700020,clean,,kl_plugin,para_boot,99,0.0,4.440892098500626e-16,3.904755306972551e-16,3.3290830409831486e-16,2.2546820015515294e-16,2.2465224619283416e-16,1.6336026861986249e-16,1.1206740740966462e-16,1.1085831087837605e-16,1.1070049868726199e-16,1.0990889828309215e-16,1.0921036577544196e-16,1.0742511445931191e-16,1.0594176198973737e-16,1.0527841296587239e-16,6.088319812460535e-17,5.897810755366948e-17,5.897313700697069e-17,5.771851659686012e-17,5.633849983016231e-17,5.562951189486392e-17
2-2-8,u_on_x,t3,2000,700020,clean,,kl_split,para_boot,99,0.0010007646082223244,0.009294181905428398,0.008093449638059788,0.007101764024824715,0.005715994450574052,0.005402080962655674,0.004721117930890285,0.0047123324194822055,0.004409552614289783,0.0038285953312001478,0.0036627077924045667,0.003314721994594226,0.0032759741699922296,0.0029456948433900162,0.002674342096768409,0.002560644213468889,0.002500196225561656,0.0024948245102092634,0.002258905007223186,0.0019778377551561872,0.001970363388242618
2-2-8,u_on_x,t3,2000,700020,clean,,kl_crossfit,para_boot,99,0.0010011419793858976,0.009319454618855604,0.008098428913129792,0.0071121364083898235,0.0057111969697079545,0.00540634680200756,0.004722431429245222,0.0047211016192377254,0.00440425617973024,0.0038309261288307535,0.0036596008326157947,0.003314460200227857,0.0032755320808093846,0.0029464032213480616,0.0026733618746535882,0.0025624763979276016,0.002497497007390208,0.0024935115484726426,0.0022594495245221273,0.001974186641631041,0.001971011209534891
2-2-8,u_on_x,t3,2000,700020,clean,,cf1_margin,para_boot,29,0.0,0.0,0.0,0.0,0.0,0.0,0.0,0.0,0.0,0.0,0.0,0.0,0.0,0.0,0.0,0.0,0.0,0.0,0.0,0.0,0.0
2-2-8,u_on_x,t3,2000,700020,clean,,slack_plugin,para_boot,29,0.0,0.0,0.0,0.0,0.0,0.0,0.0,0.0,0.0,0.0,0.0,0.0,0.0,0.0,0.0,0.0,0.0,0.0,0.0,0.0,0.0
2-2-8,u_on_x,t3,2000,700020,clean,,gm_battery,para_boot,99,0.0,0.0,0.0,0.0,0.0,0.0,0.0,0.0,0.0,0.0,0.0,0.0,0.0,0.0,0.0,0.0,0.0,0.0,0.0,0.0,0.0
2-2-8,u_on_x,t3,2000,700020,clean,,gtest,para_boot,99,2557.4531986765596,2617.1054446196504,2613.672779174807,2604.3278367504417,2603.1401194108957,2603.1401194108957,2599.550769156881,2598.345577086552,2597.1360093704025,2594.703735741331,2594.703735741331,2594.703735741331,2594.703735741331,2591.022437235617,2589.78655613853,2588.5462794359237,2586.052527580813,2584.7990465777693,2584.7990465777693,2584.7990465777693,2583.5411582680367
2-2-8,u_on_x,t3,2000,700020,clean,,kl_plugin,crt_cond,99,0.0,1.6809658358403994e-16,1.6809658358403994e-16,1.1046117891216359e-16,1.1046117891216359e-16,1.1046117891216359e-16,1.1046117891216359e-16,1.1046117891216359e-16,1.1046117891216359e-16,1.1030085789777729e-16,1.0853732673952794e-16,1.0853732673952794e-16,1.0853732673952794e-16,1.0148320210653055e-16,5.65933180783654e-17,5.65933180783654e-17,5.65933180783654e-17,5.635283655678594e-17,5.587187351362702e-17,5.563139199204756e-17,5.563139199204756e-17
2-2-8,u_on_x,t3,2000,700020,clean,,gm_battery,crt_cond,99,0.0,0.0,0.0,0.0,0.0,0.0,0.0,0.0,0.0,0.0,0.0,0.0,0.0,0.0,0.0,0.0,0.0,0.0,0.0,0.0,0.0
2-2-8,u_on_x,t3,2000,700020,clean,,gtest,crt_cond,99,2557.4531986765596,2610.201051144751,2609.035115526925,2605.5111923051136,2592.253925618655,2588.5462794359237,2586.052527580813,2586.052527580813,2586.052527580813,2584.7990465777693,2582.2788596922696,2581.012147877407,2581.012147877407,2577.1855030609117,2575.9011082830866,2575.9011082830866,2575.9011082830866,2575.9011082830866,2575.9011082830866,2575.9011082830866,2574.6122851934624
2-2-8,u_on_x,t3,2000,700021,clean,,kl_plugin,para_boot,99,0.0,0.0,0.0,0.0,0.0,0.0,0.0,0.0,0.0,0.0,0.0,0.0,0.0,0.0,0.0,0.0,0.0,0.0,0.0,0.0,0.0
2-2-8,u_on_x,t3,2000,700021,clean,,kl_split,para_boot,99,0.0,0.0,0.0,0.0,0.0,0.0,0.0,0.0,0.0,0.0,0.0,0.0,0.0,0.0,0.0,0.0,0.0,0.0,0.0,0.0,0.0
2-2-8,u_on_x,t3,2000,700021,clean,,kl_crossfit,para_boot,99,0.0,0.34657359027997264,0.34657359027997264,0.34657359027997264,0.34657359027997264,0.34657359027997264,0.34657359027997264,0.0,0.0,0.0,0.0,0.0,0.0,0.0,0.0,0.0,0.0,0.0,0.0,0.0,0.0
2-2-8,u_on_x,t3,2000,700021,clean,,cf1_margin,para_boot,29,0.0,0.0,0.0,0.0,0.0,0.0,0.0,0.0,0.0,0.0,0.0,0.0,0.0,0.0,0.0,0.0,0.0,0.0,0.0,0.0,0.0
2-2-8,u_on_x,t3,2000,700021,clean,,slack_plugin,para_boot,29,0.0,0.0,0.0,0.0,0.0,0.0,0.0,0.0,0.0,0.0,0.0,0.0,0.0,0.0,0.0,0.0,0.0,0.0,0.0,0.0,0.0
2-2-8,u_on_x,t3,2000,700021,clean,,gm_battery,para_boot,99,0.0,0.0,0.0,0.0,0.0,0.0,0.0,0.0,0.0,0.0,0.0,0.0,0.0,0.0,0.0,0.0,0.0,0.0,0.0,0.0,0.0
2-2-8,u_on_x,t3,2000,700021,clean,,gtest,para_boot,99,0.0,0.0,0.0,0.0,0.0,0.0,0.0,0.0,0.0,0.0,0.0,0.0,0.0,0.0,0.0,0.0,0.0,0.0,0.0,0.0,0.0
2-2-8,u_on_x,t3,2000,700021,clean,,kl_plugin,crt_cond,99,0.0,0.0,0.0,0.0,0.0,0.0,0.0,0.0,0.0,0.0,0.0,0.0,0.0,0.0,0.0,0.0,0.0,0.0,0.0,0.0,0.0
2-2-8,u_on_x,t3,2000,700021,clean,,gm_battery,crt_cond,99,0.0,0.0,0.0,0.0,0.0,0.0,0.0,0.0,0.0,0.0,0.0,0.0,0.0,0.0,0.0,0.0,0.0,0.0,0.0,0.0,0.0
2-2-8,u_on_x,t3,2000,700021,clean,,gtest,crt_cond,99,0.0,0.0,0.0,0.0,0.0,0.0,0.0,0.0,0.0,0.0,0.0,0.0,0.0,0.0,0.0,0.0,0.0,0.0,0.0,0.0,0.0
2-2-8,u_on_x,t3,2000,700022,clean,,kl_plugin,para_boot,99,4.4568871907438906e-18,5.4594725983302445e-14,5.312112941096033e-14,5.3112294976434475e-14,5.1673595618888755e-14,5.161803897934125e-14,5.147011043228035e-14,5.058917491190286e-14,5.0177319911437474e-14,4.933737190509603e-14,4.926703484502141e-14,4.885049421711049e-14,4.77980299853468e-14,4.769112597030872e-14,4.741570246077847e-14,4.7106082510631885e-14,4.703836693811967e-14,4.686137430835831e-14,4.6861079699711346e-14,4.6565383462440185e-14,4.607742055319564e-14
2-2-8,u_on_x,t3,2000,700022,clean,,kl_split,para_boot,99,0.002756361662117013,0.05618298497503599,0.04840226933679104,0.044847863332292404,0.04444710543665345,0.04080552519014391,0.04018585949105494,0.039573252570315104,0.03621934887660391,0.035431779807712616,0.03408398907225882,0.027772226828907356,0.025898531311061387,0.024348434899448337,0.022326353255565326,0.022300404989342652,0.0216463757548912,0.020078738774389093,0.019788000250607757,0.019299280458275878,0.018785164827630887
2-2-8,u_on_x,t3,2000,700022,clean,,kl_crossfit,para_boot,99,0.0027570673859814328,0.05562436832895601,0.047830069983420626,0.045150036597344276,0.044150512725450855,0.04089339148778902,0.040365959296455034,0.0401137896777923,0.035708075852674714,0.034960116325991136,0.03458010461131794,0.02757581029798655,0.025484089285071475,0.023994749532248512,0.022574643255871475,0.022371735879143373,0.021295644914861744,0.02007730030471354,0.01993789614783513,0.0191875126058808,0.01895861558747975
2-2-8,u_on_x,t3,2000,700022,clean,,cf1_margin,para_boot,29,0.0,0.0,0.0,0.0,0.0,0.0,0.0,0.0,0.0,0.0,0.0,0.0,0.0,0.0,0.0,0.0,0.0,0.0,0.0,0.0,0.0
2-2-8,u_on_x,t3,2000,700022,clean,,slack_plugin,para_boot,29,0.0,0.0,0.0,0.0,0.0,0.0,0.0,0.0,0.0,0.0,0.0,0.0,0.0,0.0,0.0,0.0,0.0,0.0,0.0,0.0,0.0
2-2-8,u_on_x,t3,2000,700022,clean,,gm_battery,para_boot,99,0.0,0.0,0.0,0.0,0.0,0.0,0.0,0.0,0.0,0.0,0.0,0.0,0.0,0.0,0.0,0.0,0.0,0.0,0.0,0.0,0.0
2-2-8,u_on_x,t3,2000,700022,clean,,gtest,para_boot,99,2770.666414281053,2772.586722239448,2772.5807222344474,2772.5807222344474,2772.570722212781,2772.556722154447,2772.556722154447,2772.556722154447,2772.538722031446,2772.538722031446,2772.538722031446,2772.516721807775,2772.516721807775,2772.460720874413,2772.460720874413,2772.4267200527106,2772.3887189063144,2772.3887189063144,2772.3887189063144,2772.3467173592117,2772.300715327383
2-2-8,u_on_x,t3,2000,700022,clean,,kl_plugin,crt_cond,99,4.4568871907438906e-18,5.312089393580099e-14,5.24761279432536e-14,5.189808167717024e-14,5.141149940515994e-14,5.138920253337289e-14,5.135810964794508e-14,5.076909017590916e-14,4.819490944330473e-14,4.799281364219273e-14,4.7326786037408286e-14,4.695143107630352e-14,4.6655380646911506e-14,4.6474121512194826e-14,4.567215049274133e-14,4.527394693699838e-14,4.52356921762433e-14,4.4897681574293993e-14,4.488785540977069e-14,4.488785540977069e-14,4.483679108886829e-14
2-2-8,u_on_x,t3,2000,700022,clean,,gm_battery,crt_cond,99,0.0,0.0,0.0,0.0,0.0,0.0,0.0,0.0,0.0,0.0,0.0,0.0,0.0,0.0,0.0,0.0,0.0,0.0,0.0,0.0,0.0
2-2-8,u_on_x,t3,2000,700022,clean,,gtest,crt_cond,99,2770.666414281053,2772.588722239781,2772.5807222344474,2772.556722154447,2772.516721807775,2772.516721807775,2772.4907214394325,2772.4907214394325,2772.460720874413,2772.3887189063144,2772.3887189063144,2772.3887189063144,2772.3467173592117,2772.300715327383,2772.300715327383,2772.2507127188046,2772.2507127188046,2772.2507127188046,2772.196709433444,2772.196709433444,2772.1387053632625
2-2-8,u_on_x,t3,2000,700023,clean,,kl_plugin,para_boot,99,5.609430989851968e-17,4.99933427988708e-16,4.440892098500627e-16,4.440892098500627e-16,4.440892098500626e-16,4.440892098500626e-16,4.440892098500626e-16,3.8141712010997255e-16,3.364581745133424e-16,2.7897199863392504e-16,2.7897199863392504e-16,2.786387651097754e-16,2.7813949885827033e-16,2.204339762249748e-16,2.1776810803177782e-16,1.6686652060116104e-16,1.6639460639204448e-16,1.6639460639204448e-16,1.6639460639204448e-16,1.6631118682197666e-16,1.59539048638635e-16
2-2-8,u_on_x,t3,2000,700023,clean,,kl_split,para_boot,99,0.0007614694072174064,0.007228122485794165,0.005835808008763724,0.005553350991096918,0.004712779579197621,0.004335836740560088,0.003707926247600732,0.0036999963974795186,0.0034530969457659474,0.0034513436389905297,0.003125955702888851,0.0028166879113603674,0.0026683904499945413,0.0025942427614081623,0.0021839930551310546,0.0021168585425924424,0.002052954744782242,0.0019224140674639172,0.0019224140674639172,0.0018638810868509305,0.0017434597786320817
2-2-8,u_on_x,t3,2000,700023,clean,,kl_crossfit,para_boot,99,0.6440516981271858,0.6616660153849406,0.6602141675801773,0.6532932924564937,0.6523532523688815,0.6473128804773074,0.6473105800840485,0.6467397693190853,0.6461556509054786,0.6452435361012591,0.6449384844242076,0.6441317614807062,0.6427924330981027,0.640070687950302,0.6383161049406912,0.6379919012172895,0.6375326814921639,0.636760504528415,0.6364264717629934,0.6362303187108705,0.6357292978870465
2-2-8,u_on_x,t3,2000,700023,clean,,cf1_margin,para_boot,29,0.0,1.0,1.0,1.0,1.0,1.0,1.0,1.0,1.0,1.0,1.0,1.0,1.0,1.0,1.0,1.0,1.0,1.0,1.0,1.0,1.0
2-2-8,u_on_x,t3,2000,700023,clean,,slack_plugin,para_boot,29,0.0,1.0,1.0,1.0,1.0,1.0,1.0,1.0,1.0,1.0,1.0,1.0,1.0,1.0,1.0,1.0,1.0,1.0,1.0,1.0,1.0
2-2-8,u_on_x,t3,2000,700023,clean,,gm_battery,para_boot,99,0.0,0.0,0.0,0.0,0.0,0.0,0.0,0.0,0.0,0.0,0.0,0.0,0.0,0.0,0.0,0.0,0.0,0.0,0.0,0.0,0.0
2-2-8,u_on_x,t3,2000,700023,clean,,gtest,para_boot,99,2772.570722212781,2772.588722239781,2772.588722239781,2772.586722239448,2772.586722239448,2772.586722239448,2772.586722239448,2772.5807222344474,2772.5807222344474,2772.5807222344474,2772.5807222344474,2772.5807222344474,2772.5807222344474,2772.570722212781,2772.570722212781,2772.570722212781,2772.570722212781,2772.570722212781,2772.570722212781,2772.556722154447,2772.556722154447
2-2-8,u_on_x,t3,2000,700023,clean,,kl_plugin,crt_cond,99,5.609430989851968e-17,3.890501394446835e-16,3.890501394446835e-16,3.890501394446835e-16,3.890501394446835e-16,3.378987934877165e-16,2.7930523215807467e-16,2.7897199863392504e-16,2.786387651097754e-16,2.786387651097754e-16,2.1910104212837632e-16,1.6639460639204448e-16,1.6639460639204448e-16,1.6639460639204448e-16,1.6639460639204448e-16,1.6639460639204448e-16,1.6639460639204448e-16,1.6411751064368873e-16,1.6411751064368873e-16,1.6411751064368873e-16,1.637842771195391e-16
2-2-8,u_on_x,t3,2000,700023,clean,,gm_battery,crt_cond,99,0.0,0.0,0.0,0.0,0.0,0.0,0.0,0.0,0.0,0.0,0.0,0.0,0.0,0.0,0.0,0.0,0.0,0.0,0.0,0.0,0.0
2-2-8,u_on_x,t3,2000,700023,clean,,gtest,crt_cond,99,2772.570722212781,2772.588722239781,2772.586722239448,2772.586722239448,2772.586722239448,2772.586722239448,2772.586722239448,2772.586722239448,2772.586722239448,2772.586722239448,2772.5807222344474,2772.5807222344474,2772.5807222344474,2772.5807222344474,2772.5807222344474,2772.5807222344474,2772.5807222344474,2772.570722212781,2772.570722212781,2772.556722154447,2772.556722154447
2-2-8,u_on_x,t3,2000,700024,clean,,kl_plugin,none,0,0.0,,,,,,,,,,,,,,,,,,,,
2-2-8,u_on_x,t3,2000,700024,clean,,kl_split,none,0,0.0,,,,,,,,,,,,,,,,,,,,
2-2-8,u_on_x,t3,2000,700024,clean,,kl_crossfit,none,0,0.0,,,,,,,,,,,,,,,,,,,,
2-2-8,u_on_x,t3,2000,700024,clean,,cf1_margin,none,0,0.0,,,,,,,,,,,,,,,,,,,,
2-2-8,u_on_x,t3,2000,700024,clean,,slack_plugin,none,0,0.0,,,,,,,,,,,,,,,,,,,,
2-2-8,u_on_x,t3,2000,700024,clean,,gm_battery,none,0,0.0,,,,,,,,,,,,,,,,,,,,
2-2-8,u_on_x,t3,2000,700024,clean,,gtest,none,0,1313.4654615772524,,,,,,,,,,,,,,,,,,,,
2-2-8,u_on_x,t3,2000,700025,clean,,kl_plugin,none,0,0.0,,,,,,,,,,,,,,,,,,,,
2-2-8,u_on_x,t3,2000,700025,clean,,kl_split,none,0,0.0,,,,,,,,,,,,,,,,,,,,
2-2-8,u_on_x,t3,2000,700025,clean,,kl_crossfit,none,0,0.0,,,,,,,,,,,,,,,,,,,,
2-2-8,u_on_x,t3,2000,700025,clean,,cf1_margin,none,0,0.0,,,,,,,,,,,,,,,,,,,,
2-2-8,u_on_x,t3,2000,700025,clean,,slack_plugin,none,0,0.0,,,,,,,,,,,,,,,,,,,,
2-2-8,u_on_x,t3,2000,700025,clean,,gm_battery,none,0,0.0,,,,,,,,,,,,,,,,,,,,
2-2-8,u_on_x,t3,2000,700025,clean,,gtest,none,0,2110.1602663020644,,,,,,,,,,,,,,,,,,,,
2-2-8,u_on_x,t3,2000,700026,clean,,kl_plugin,none,0,8.480689413406863e-17,,,,,,,,,,,,,,,,,,,,
2-2-8,u_on_x,t3,2000,700026,clean,,kl_split,none,0,0.0014959297164621778,,,,,,,,,,,,,,,,,,,,
2-2-8,u_on_x,t3,2000,700026,clean,,kl_crossfit,none,0,0.001494770235740692,,,,,,,,,,,,,,,,,,,,
2-2-8,u_on_x,t3,2000,700026,clean,,cf1_margin,none,0,0.0,,,,,,,,,,,,,,,,,,,,
2-2-8,u_on_x,t3,2000,700026,clean,,slack_plugin,none,0,0.0,,,,,,,,,,,,,,,,,,,,
2-2-8,u_on_x,t3,2000,700026,clean,,gm_battery,none,0,0.0,,,,,,,,,,,,,,,,,,,,
2-2-8,u_on_x,t3,2000,700026,clean,,gtest,none,0,2770.2762765883463,,,,,,,,,,,,,,,,,,,,
2-2-8,u_on_x,t3,2000,700027,clean,,kl_plugin,none,0,3.535202690403588e-16,,,,,,,,,,,,,,,,,,,,
2-2-8,u_on_x,t3,2000,700027,clean,,kl_split,none,0,0.0062663570987148975,,,,,,,,,,,,,,,,,,,,
2-2-8,u_on_x,t3,2000,700027,clean,,kl_crossfit,none,0,0.006252463401928046,,,,,,,,,,,,,,,,,,,,
2-2-8,u_on_x,t3,2000,700027,clean,,cf1_margin,none,0,0.0,,,,,,,,,,,,,,,,,,,,
2-2-8,u_on_x,t3,2000,700027,clean,,slack_plugin,none,0,0.0,,,,,,,,,,,,,,,,,,,,
2-2-8,u_on_x,t3,2000,700027,clean,,gm_battery,none,0,0.0,,,,,,,,,,,,,,,,,,,,
2-2-8,u_on_x,t3,2000,700027,clean,,gtest,none,0,2772.538722031446,,,,,,,,,,,,,,,,,,,,
2-2-8,u_on_x,t3,2000,700028,clean,,kl_plugin,none,0,0.0,,,,,,,,,,,,,,,,,,,,
2-2-8,u_on_x,t3,2000,700028,clean,,kl_split,none,0,0.0,,,,,,,,,,,,,,,,,,,,
2-2-8,u_on_x,t3,2000,700028,clean,,kl_crossfit,none,0,0.0,,,,,,,,,,,,,,,,,,,,
2-2-8,u_on_x,t3,2000,700028,clean,,cf1_margin,none,0,0.0,,,,,,,,,,,,,,,,,,,,
2-2-8,u_on_x,t3,2000,700028,clean,,slack_plugin,none,0,0.0,,,,,,,,,,,,,,,,,,,,
2-2-8,u_on_x,t3,2000,700028,clean,,gm_battery,none,0,0.0,,,,,,,,,,,,,,,,,,,,
2-2-8,u_on_x,t3,2000,700028,clean,,gtest,none,0,2513.471280372997,,,,,,,,,,,,,,,,,,,,
2-2-8,u_on_x,t3,2000,700029,clean,,kl_plugin,none,0,2.2204460492503136e-16,,,,,,,,,,,,,,,,,,,,
2-2-8,u_on_x,t3,2000,700029,clean,,kl_split,none,0,0.01842807450762425,,,,,,,,,,,,,,,,,,,,
2-2-8,u_on_x,t3,2000,700029,clean,,kl_crossfit,none,0,0.01846069176661968,,,,,,,,,,,,,,,,,,,,
2-2-8,u_on_x,t3,2000,700029,clean,,cf1_margin,none,0,0.0,,,,,,,,,,,,,,,,,,,,
2-2-8,u_on_x,t3,2000,700029,clean,,slack_plugin,none,0,0.0,,,,,,,,,,,,,,,,,,,,
2-2-8,u_on_x,t3,2000,700029,clean,,gm_battery,none,0,0.0,,,,,,,,,,,,,,,,,,,,
2-2-8,u_on_x,t3,2000,700029,clean,,gtest,none,0,613.4767398381601,,,,,,,,,,,,,,,,,,,,
2-2-8,u_on_x,t3,2000,700030,clean,,kl_plugin,none,0,0.0,,,,,,,,,,,,,,,,,,,,
2-2-8,u_on_x,t3,2000,700030,clean,,kl_split,none,0,8.81310922359142e-06,,,,,,,,,,,,,,,,,,,,
2-2-8,u_on_x,t3,2000,700030,clean,,kl_crossfit,none,0,8.812837391542795e-06,,,,,,,,,,,,,,,,,,,,
2-2-8,u_on_x,t3,2000,700030,clean,,cf1_margin,none,0,0.0,,,,,,,,,,,,,,,,,,,,
2-2-8,u_on_x,t3,2000,700030,clean,,slack_plugin,none,0,0.0,,,,,,,,,,,,,,,,,,,,
2-2-8,u_on_x,t3,2000,700030,clean,,gm_battery,none,0,0.0,,,,,,,,,,,,,,,,,,,,
2-2-8,u_on_x,t3,2000,700030,clean,,gtest,none,0,2763.3335818993683,,,,,,,,,,,,,,,,,,,,
2-2-8,u_on_x,t3,2000,700031,clean,,kl_plugin,none,0,0.0,,,,,,,,,,,,,,,,,,,,
2-2-8,u_on_x,t3,2000,700031,clean,,kl_split,none,0,0.0,,,,,,,,,,,,,,,,,,,,
2-2-8,u_on_x,t3,2000,700031,clean,,kl_crossfit,none,0,0.0,,,,,,,,,,,,,,,,,,,,
2-2-8,u_on_x,t3,2000,700031,clean,,cf1_margin,none,0,0.0,,,,,,,,,,,,,,,,,,,,
2-2-8,u_on_x,t3,2000,700031,clean,,slack_plugin,none,0,0.0,,,,,,,,,,,,,,,,,,,,
2-2-8,u_on_x,t3,2000,700031,clean,,gm_battery,none,0,0.0,,,,,,,,,,,,,,,,,,,,
2-2-8,u_on_x,t3,2000,700031,clean,,gtest,none,0,0.0,,,,,,,,,,,,,,,,,,,,
2-2-8,u_on_x,t3,2000,700032,clean,,kl_plugin,none,0,0.0,,,,,,,,,,,,,,,,,,,,
2-2-8,u_on_x,t3,2000,700032,clean,,kl_split,none,0,0.0008690802428244805,,,,,,,,,,,,,,,,,,,,
2-2-8,u_on_x,t3,2000,700032,clean,,kl_crossfit,none,0,0.0008690865129398328,,,,,,,,,,,,,,,,,,,,
2-2-8,u_on_x,t3,2000,700032,clean,,cf1_margin,none,0,0.0,,,,,,,,,,,,,,,,,,,,
2-2-8,u_on_x,t3,2000,700032,clean,,slack_plugin,none,0,0.0,,,,,,,,,,,,,,,,,,,,
2-2-8,u_on_x,t3,2000,700032,clean,,gm_battery,none,0,0.0,,,,,,,,,,,,,,,,,,,,
2-2-8,u_on_x,t3,2000,700032,clean,,gtest,none,0,0.0,,,,,,,,,,,,,,,,,,,,
2-2-8,u_on_x,t3,2000,700033,clean,,kl_plugin,none,0,1.0613705346928863e-16,,,,,,,,,,,,,,,,,,,,
2-2-8,u_on_x,t3,2000,700033,clean,,kl_split,none,0,0.008653131199147887,,,,,,,,,,,,,,,,,,,,
2-2-8,u_on_x,t3,2000,700033,clean,,kl_crossfit,none,0,0.008669959044980868,,,,,,,,,,,,,,,,,,,,
2-2-8,u_on_x,t3,2000,700033,clean,,cf1_margin,none,0,0.0,,,,,,,,,,,,,,,,,,,,
2-2-8,u_on_x,t3,2000,700033,clean,,slack_plugin,none,0,0.0,,,,,,,,,,,,,,,,,,,,
2-2-8,u_on_x,t3,2000,700033,clean,,gm_battery,none,0,0.0,,,,,,,,,,,,,,,,,,,,
2-2-8,u_on_x,t3,2000,700033,clean,,gtest,none,0,2686.26797292602,,,,,,,,,,,,,,,,,,,,
2-2-8,u_on_x,t3,2000,700034,clean,,kl_plugin,none,0,6.281220034935647e-17,,,,,,,,,,,,,,,,,,,,
2-2-8,u_on_x,t3,2000,700034,clean,,kl_split,none,0,9.515693166932578e-06,,,,,,,,,,,,,,,,,,,,
2-2-8,u_on_x,t3,2000,700034,clean,,kl_crossfit,none,0,9.516300523810476e-06,,,,,,,,,,,,,,,,,,,,
2-2-8,u_on_x,t3,2000,700034,clean,,cf1_margin,none,0,0.0,,,,,,,,,,,,,,,,,,,,
2-2-8,u_on_x,t3,2000,700034,clean,,slack_plugin,none,0,0.0,,,,,,,,,,,,,,,,,,,,
2-2-8,u_on_x,t3,2000,700034,clean,,gm_battery,none,0,0.0,,,,,,,,,,,,,,,,,,,,
2-2-8,u_on_x,t3,2000,700034,clean,,gtest,none,0,1507.080645025747,,,,,,,,,,,,,,,,,,,,
2-2-8,u_on_x,t3,2000,700035,clean,,kl_plugin,none,0,0.0,,,,,,,,,,,,,,,,,,,,
2-2-8,u_on_x,t3,2000,700035,clean,,kl_split,none,0,0.0,,,,,,,,,,,,,,,,,,,,
2-2-8,u_on_x,t3,2000,700035,clean,,kl_crossfit,none,0,0.0,,,,,,,,,,,,,,,,,,,,
2-2-8,u_on_x,t3,2000,700035,clean,,cf1_margin,none,0,1.0,,,,,,,,,,,,,,,,,,,,
2-2-8,u_on_x,t3,2000,700035,clean,,slack_plugin,none,0,1.0,,,,,,,,,,,,,,,,,,,,
2-2-8,u_on_x,t3,2000,700035,clean,,gm_battery,none,0,0.0,,,,,,,,,,,,,,,,,,,,
2-2-8,u_on_x,t3,2000,700035,clean,,gtest,none,0,0.0,,,,,,,,,,,,,,,,,,,,
2-2-8,u_on_x,t3,2000,700036,clean,,kl_plugin,none,0,0.0,,,,,,,,,,,,,,,,,,,,
2-2-8,u_on_x,t3,2000,700036,clean,,kl_split,none,0,0.007193912997606189,,,,,,,,,,,,,,,,,,,,
2-2-8,u_on_x,t3,2000,700036,clean,,kl_crossfit,none,0,0.007183774648871242,,,,,,,,,,,,,,,,,,,,
2-2-8,u_on_x,t3,2000,700036,clean,,cf1_margin,none,0,0.0,,,,,,,,,,,,,,,,,,,,
2-2-8,u_on_x,t3,2000,700036,clean,,slack_plugin,none,0,0.0,,,,,,,,,,,,,,,,,,,,
2-2-8,u_on_x,t3,2000,700036,clean,,gm_battery,none,0,0.0,,,,,,,,,,,,,,,,,,,,
2-2-8,u_on_x,t3,2000,700036,clean,,gtest,none,0,2422.777878857343,,,,,,,,,,,,,,,,,,,,
2-2-8,u_on_x,t3,2000,700037,clean,,kl_plugin,none,0,5.2867763077388465e-18,,,,,,,,,,,,,,,,,,,,
2-2-8,u_on_x,t3,2000,700037,clean,,kl_split,none,0,0.0023175012588411217,,,,,,,,,,,,,,,,,,,,
2-2-8,u_on_x,t3,2000,700037,clean,,kl_crossfit,none,0,0.002320014630219743,,,,,,,,,,,,,,,,,,,,
2-2-8,u_on_x,t3,2000,700037,clean,,cf1_margin,none,0,0.0,,,,,,,,,,,,,,,,,,,,
2-2-8,u_on_x,t3,2000,700037,clean,,slack_plugin,none,0,0.0,,,,,,,,,,,,,,,,,,,,
2-2-8,u_on_x,t3,2000,700037,clean,,gm_battery,none,0,0.0,,,,,,,,,,,,,,,,,,,,
2-2-8,u_on_x,t3,2000,700037,clean,,gtest,none,0,1718.3407999342928,,,,,,,,,,,,,,,,,,,,
2-2-8,u_on_x,t3,2000,700038,clean,,kl_plugin,none,0,0.0,,,,,,,,,,,,,,,,,,,,
2-2-8,u_on_x,t3,2000,700038,clean,,kl_split,none,0,0.0006705931997149873,,,,,,,,,,,,,,,,,,,,
2-2-8,u_on_x,t3,2000,700038,clean,,kl_crossfit,none,0,0.0006702033648756174,,,,,,,,,,,,,,,,,,,,
2-2-8,u_on_x,t3,2000,700038,clean,,cf1_margin,none,0,0.0,,,,,,,,,,,,,,,,,,,,
2-2-8,u_on_x,t3,2000,700038,clean,,slack_plugin,none,0,0.0,,,,,,,,,,,,,,,,,,,,
2-2-8,u_on_x,t3,2000,700038,clean,,gm_battery,none,0,0.0,,,,,,,,,,,,,,,,,,,,
2-2-8,u_on_x,t3,2000,700038,clean,,gtest,none,0,0.0,,,,,,,,,,,,,,,,,,,,
2-2-8,u_on_x,t3,2000,700039,clean,,kl_plugin,none,0,0.0,,,,,,,,,,,,,,,,,,,,
2-2-8,u_on_x,t3,2000,700039,clean,,kl_split,none,0,0.012001689004445301,,,,,,,,,,,,,,,,,,,,
2-2-8,u_on_x,t3,2000,700039,clean,,kl_crossfit,none,0,0.011931503223272015,,,,,,,,,,,,,,,,,,,,
2-2-8,u_on_x,t3,2000,700039,clean,,cf1_margin,none,0,0.0,,,,,,,,,,,,,,,,,,,,
2-2-8,u_on_x,t3,2000,700039,clean,,slack_plugin,none,0,0.0,,,,,,,,,,,,,,,,,,,,
2-2-8,u_on_x,t3,2000,700039,clean,,gm_battery,none,0,0.0,,,,,,,,,,,,,,,,,,,,
2-2-8,u_on_x,t3,2000,700039,clean,,gtest,none,0,2772.196709433444,,,,,,,,,,,,,,,,,,,,
2-2-8,u_on_x,t3,2000,700040,clean,,kl_plugin,none,0,0.0,,,,,,,,,,,,,,,,,,,,
2-2-8,u_on_x,t3,2000,700040,clean,,kl_split,none,0,0.0024107271058070277,,,,,,,,,,,,,,,,,,,,
2-2-8,u_on_x,t3,2000,700040,clean,,kl_crossfit,none,0,0.0024108209532914242,,,,,,,,,,,,,,,,,,,,
2-2-8,u_on_x,t3,2000,700040,clean,,cf1_margin,none,0,0.0,,,,,,,,,,,,,,,,,,,,
2-2-8,u_on_x,t3,2000,700040,clean,,slack_plugin,none,0,0.0,,,,,,,,,,,,,,,,,,,,
2-2-8,u_on_x,t3,2000,700040,clean,,gm_battery,none,0,0.0,,,,,,,,,,,,,,,,,,,,
2-2-8,u_on_x,t3,2000,700040,clean,,gtest,none,0,0.0,,,,,,,,,,,,,,,,,,,,
2-2-8,u_on_x,t3,2000,700041,clean,,kl_plugin,none,0,0.0,,,,,,,,,,,,,,,,,,,,
2-2-8,u_on_x,t3,2000,700041,clean,,kl_split,none,0,0.0,,,,,,,,,,,,,,,,,,,,
2-2-8,u_on_x,t3,2000,700041,clean,,kl_crossfit,none,0,0.0,,,,,,,,,,,,,,,,,,,,
2-2-8,u_on_x,t3,2000,700041,clean,,cf1_margin,none,0,0.0,,,,,,,,,,,,,,,,,,,,
2-2-8,u_on_x,t3,2000,700041,clean,,slack_plugin,none,0,0.0,,,,,,,,,,,,,,,,,,,,
2-2-8,u_on_x,t3,2000,700041,clean,,gm_battery,none,0,0.0,,,,,,,,,,,,,,,,,,,,
2-2-8,u_on_x,t3,2000,700041,clean,,gtest,none,0,0.0,,,,,,,,,,,,,,,,,,,,
2-2-8,u_on_x,t3,2000,700042,clean,,kl_plugin,none,0,6.317697687747916e-16,,,,,,,,,,,,,,,,,,,,
2-2-8,u_on_x,t3,2000,700042,clean,,kl_split,none,0,0.0027857073584751785,,,,,,,,,,,,,,,,,,,,
2-2-8,u_on_x,t3,2000,700042,clean,,kl_crossfit,none,0,0.002802739633222577,,,,,,,,,,,,,,,,,,,,
2-2-8,u_on_x,t3,2000,700042,clean,,cf1_margin,none,0,0.0,,,,,,,,,,,,,,,,,,,,
2-2-8,u_on_x,t3,2000,700042,clean,,slack_plugin,none,0,0.0,,,,,,,,,,,,,,,,,,,,
2-2-8,u_on_x,t3,2000,700042,clean,,gm_battery,none,0,0.0,,,,,,,,,,,,,,,,,,,,
2-2-8,u_on_x,t3,2000,700042,clean,,gtest,none,0,104.3113319335908,,,,,,,,,,,,,,,,,,,,
2-2-8,u_on_x,t3,2000,700043,clean,,kl_plugin,none,0,0.0,,,,,,,,,,,,,,,,,,,,
2-2-8,u_on_x,t3,2000,700043,clean,,kl_split,none,0,0.0,,,,,,,,,,,,,,,,,,,,
2-2-8,u_on_x,t3,2000,700043,clean,,kl_crossfit,none,0,0.0,,,,,,,,,,,,,,,,,,,,
2-2-8,u_on_x,t3,2000,700043,clean,,cf1_margin,none,0,0.0,,,,,,,,,,,,,,,,,,,,
2-2-8,u_on_x,t3,2000,700043,clean,,slack_plugin,none,0,0.0,,,,,,,,,,,,,,,,,,,,
2-2-8,u_on_x,t3,2000,700043,clean,,gm_battery,none,0,0.0,,,,,,,,,,,,,,,,,,,,
2-2-8,u_on_x,t3,2000,700043,clean,,gtest,none,0,0.0,,,,,,,,,,,,,,,,,,,,
2-2-8,u_on_x,t3,2000,700044,clean,,kl_plugin,none,0,0.0,,,,,,,,,,,,,,,,,,,,
2-2-8,u_on_x,t3,2000,700044,clean,,kl_split,none,0,0.004004564759186022,,,,,,,,,,,,,,,,,,,,
2-2-8,u_on_x,t3,2000,700044,clean,,kl_crossfit,none,0,0.003996960507962159,,,,,,,,,,,,,,,,,,,,
2-2-8,u_on_x,t3,2000,700044,clean,,cf1_margin,none,0,0.0,,,,,,,,,,,,,,,,,,,,
2-2-8,u_on_x,t3,2000,700044,clean,,slack_plugin,none,0,0.0,,,,,,,,,,,,,,,,,,,,
2-2-8,u_on_x,t3,2000,700044,clean,,gm_battery,none,0,0.0,,,,,,,,,,,,,,,,,,,,
2-2-8,u_on_x,t3,2000,700044,clean,,gtest,none,0,2764.1327619527756,,,,,,,,,,,,,,,,,,,,
2-2-8,u_on_x,t3,2000,700045,clean,,kl_plugin,none,0,0.0,,,,,,,,,,,,,,,,,,,,
2-2-8,u_on_x,t3,2000,700045,clean,,kl_split,none,0,0.00028866972286041223,,,,,,,,,,,,,,,,,,,,
2-2-8,u_on_x,t3,2000,700045,clean,,kl_crossfit,none,0,0.00028863963535287734,,,,,,,,,,,,,,,,,,,,
2-2-8,u_on_x,t3,2000,700045,clean,,cf1_margin,none,0,0.0,,,,,,,,,,,,,,,,,,,,
2-2-8,u_on_x,t3,2000,700045,clean,,slack_plugin,none,0,0.0,,,,,,,,,,,,,,,,,,,,
2-2-8,u_on_x,t3,2000,700045,clean,,gm_battery,none,0,0.0,,,,,,,,,,,,,,,,,,,,
2-2-8,u_on_x,t3,2000,700045,clean,,gtest,none,0,0.0,,,,,,,,,,,,,,,,,,,,
2-2-8,u_on_x,t3,2000,700046,clean,,kl_plugin,none,0,0.0,,,,,,,,,,,,,,,,,,,,
2-2-8,u_on_x,t3,2000,700046,clean,,kl_split,none,0,0.0,,,,,,,,,,,,,,,,,,,,
2-2-8,u_on_x,t3,2000,700046,clean,,kl_crossfit,none,0,0.0,,,,,,,,,,,,,,,,,,,,
2-2-8,u_on_x,t3,2000,700046,clean,,cf1_margin,none,0,0.0,,,,,,,,,,,,,,,,,,,,
2-2-8,u_on_x,t3,2000,700046,clean,,slack_plugin,none,0,0.0,,,,,,,,,,,,,,,,,,,,
2-2-8,u_on_x,t3,2000,700046,clean,,gm_battery,none,0,0.0,,,,,,,,,,,,,,,,,,,,
2-2-8,u_on_x,t3,2000,700046,clean,,gtest,none,0,0.0,,,,,,,,,,,,,,,,,,,,
2-2-8,u_on_x,t3,2000,700047,clean,,kl_plugin,none,0,5.504983972518089e-17,,,,,,,,,,,,,,,,,,,,
2-2-8,u_on_x,t3,2000,700047,clean,,kl_split,none,0,4.982050820317389e-05,,,,,,,,,,,,,,,,,,,,
2-2-8,u_on_x,t3,2000,700047,clean,,kl_crossfit,none,0,4.981913014051728e-05,,,,,,,,,,,,,,,,,,,,
2-2-8,u_on_x,t3,2000,700047,clean,,cf1_margin,none,0,0.0,,,,,,,,,,,,,,,,,,,,
2-2-8,u_on_x,t3,2000,700047,clean,,slack_plugin,none,0,0.0,,,,,,,,,,,,,,,,,,,,
2-2-8,u_on_x,t3,2000,700047,clean,,gm_battery,none,0,0.0,,,,,,,,,,,,,,,,,,,,
2-2-8,u_on_x,t3,2000,700047,clean,,gtest,none,0,2750.4980256227427,,,,,,,,,,,,,,,,,,,,
2-2-8,u_on_x,t3,2000,700048,clean,,kl_plugin,none,0,0.0,,,,,,,,,,,,,,,,,,,,
2-2-8,u_on_x,t3,2000,700048,clean,,kl_split,none,0,0.0012865940993392055,,,,,,,,,,,,,,,,,,,,
2-2-8,u_on_x,t3,2000,700048,clean,,kl_crossfit,none,0,0.001286959588517756,,,,,,,,,,,,,,,,,,,,
2-2-8,u_on_x,t3,2000,700048,clean,,cf1_margin,none,0,0.0,,,,,,,,,,,,,,,,,,,,
2-2-8,u_on_x,t3,2000,700048,clean,,slack_plugin,none,0,0.0,,,,,,,,,,,,,,,,,,,,
2-2-8,u_on_x,t3,2000,700048,clean,,gm_battery,none,0,0.0,,,,,,,,,,,,,,,,,,,,
2-2-8,u_on_x,t3,2000,700048,clean,,gtest,none,0,2771.9406872432455,,,,,,,,,,,,,,,,,,,,
2-2-8,u_on_x,t3,2000,700049,clean,,kl_plugin,none,0,2.0875988497225178e-17,,,,,,,,,,,,,,,,,,,,
2-2-8,u_on_x,t3,2000,700049,clean,,kl_split,none,0,0.00940834362735185,,,,,,,,,,,,,,,,,,,,
2-2-8,u_on_x,t3,2000,700049,clean,,kl_crossfit,none,0,0.009449371373604326,,,,,,,,,,,,,,,,,,,,
2-2-8,u_on_x,t3,2000,700049,clean,,cf1_margin,none,0,0.0,,,,,,,,,,,,,,,,,,,,
2-2-8,u_on_x,t3,2000,700049,clean,,slack_plugin,none,0,0.0,,,,,,,,,,,,,,,,,,,,
2-2-8,u_on_x,t3,2000,700049,clean,,gm_battery,none,0,0.0,,,,,,,,,,,,,,,,,,,,
2-2-8,u_on_x,t3,2000,700049,clean,,gtest,none,0,951.3387026563676,,,,,,,,,,,,,,,,,,,,
2-2-8,u_on_x,t3,2000,700050,clean,,kl_plugin,none,0,5.547630430644222e-17,,,,,,,,,,,,,,,,,,,,
2-2-8,u_on_x,t3,2000,700050,clean,,kl_split,none,0,7.096170738884458e-06,,,,,,,,,,,,,,,,,,,,
2-2-8,u_on_x,t3,2000,700050,clean,,kl_crossfit,none,0,7.09616513454791e-06,,,,,,,,,,,,,,,,,,,,
2-2-8,u_on_x,t3,2000,700050,clean,,cf1_margin,none,0,0.0,,,,,,,,,,,,,,,,,,,,
2-2-8,u_on_x,t3,2000,700050,clean,,slack_plugin,none,0,0.0,,,,,,,,,,,,,,,,,,,,
2-2-8,u_on_x,t3,2000,700050,clean,,gm_battery,none,0,0.0,,,,,,,,,,,,,,,,,,,,
2-2-8,u_on_x,t3,2000,700050,clean,,gtest,none,0,2688.7695952120825,,,,,,,,,,,,,,,,,,,,
2-2-8,u_on_x,t3,2000,700051,clean,,kl_plugin,none,0,0.0,,,,,,,,,,,,,,,,,,,,
2-2-8,u_on_x,t3,2000,700051,clean,,kl_split,none,0,0.6931471805599453,,,,,,,,,,,,,,,,,,,,
2-2-8,u_on_x,t3,2000,700051,clean,,kl_crossfit,none,0,13.516370020918933,,,,,,,,,,,,,,,,,,,,
2-2-8,u_on_x,t3,2000,700051,clean,,cf1_margin,none,0,0.0,,,,,,,,,,,,,,,,,,,,
2-2-8,u_on_x,t3,2000,700051,clean,,slack_plugin,none,0,0.0,,,,,,,,,,,,,,,,,,,,
2-2-8,u_on_x,t3,2000,700051,clean,,gm_battery,none,0,0.0,,,,,,,,,,,,,,,,,,,,
2-2-8,u_on_x,t3,2000,700051,clean,,gtest,none,0,17.201304835730294,,,,,,,,,,,,,,,,,,,,
2-2-8,u_on_x,t3,2000,700052,clean,,kl_plugin,none,0,5.551115123125783e-17,,,,,,,,,,,,,,,,,,,,
2-2-8,u_on_x,t3,2000,700052,clean,,kl_split,none,0,0.015103861666124402,,,,,,,,,,,,,,,,,,,,
2-2-8,u_on_x,t3,2000,700052,clean,,kl_crossfit,none,0,0.015103861666124381,,,,,,,,,,,,,,,,,,,,
2-2-8,u_on_x,t3,2000,700052,clean,,cf1_margin,none,0,0.0,,,,,,,,,,,,,,,,,,,,
2-2-8,u_on_x,t3,2000,700052,clean,,slack_plugin,none,0,0.0,,,,,,,,,,,,,,,,,,,,
2-2-8,u_on_x,t3,2000,700052,clean,,gm_battery,none,0,0.0,,,,,,,,,,,,,,,,,,,,
2-2-8,u_on_x,t3,2000,700052,clean,,gtest,none,0,0.0,,,,,,,,,,,,,,,,,,,,
2-2-8,u_on_x,t3,2000,700053,clean,,kl_plugin,none,0,0.0,,,,,,,,,,,,,,,,,,,,
2-2-8,u_on_x,t3,2000,700053,clean,,kl_split,none,0,0.0,,,,,,,,,,,,,,,,,,,,
2-2-8,u_on_x,t3,2000,700053,clean,,kl_crossfit,none,0,0.0,,,,,,,,,,,,,,,,,,,,
2-2-8,u_on_x,t3,2000,700053,clean,,cf1_margin,none,0,1.0,,,,,,,,,,,,,,,,,,,,
2-2-8,u_on_x,t3,2000,700053,clean,,slack_plugin,none,0,1.0,,,,,,,,,,,,,,,,,,,,
2-2-8,u_on_x,t3,2000,700053,clean,,gm_battery,none,0,0.0,,,,,,,,,,,,,,,,,,,,
2-2-8,u_on_x,t3,2000,700053,clean,,gtest,none,0,0.0,,,,,,,,,,,,,,,,,,,,
2-2-8,u_on_x,t3,2000,700054,clean,,kl_plugin,none,0,0.0,,,,,,,,,,,,,,,,,,,,
2-2-8,u_on_x,t3,2000,700054,clean,,kl_split,none,0,0.0,,,,,,,,,,,,,,,,,,,,
2-2-8,u_on_x,t3,2000,700054,clean,,kl_crossfit,none,0,0.0,,,,,,,,,,,,,,,,,,,,
2-2-8,u_on_x,t3,2000,700054,clean,,cf1_margin,none,0,0.0,,,,,,,,,,,,,,,,,,,,
2-2-8,u_on_x,t3,2000,700054,clean,,slack_plugin,none,0,0.0,,,,,,,,,,,,,,,,,,,,
2-2-8,u_on_x,t3,2000,700054,clean,,gm_battery,none,0,0.0,,,,,,,,,,,,,,,,,,,,
2-2-8,u_on_x,t3,2000,700054,clean,,gtest,none,0,0.0,,,,,,,,,,,,,,,,,,,,
2-2-8,u_on_x,t3,2000,700055,clean,,kl_plugin,none,0,0.0,,,,,,,,,,,,,,,,,,,,
2-2-8,u_on_x,t3,2000,700055,clean,,kl_split,none,0,0.003900032231454284,,,,,,,,,,,,,,,,,,,,
2-2-8,u_on_x,t3,2000,700055,clean,,kl_crossfit,none,0,0.0038985338456136616,,,,,,,,,,,,,,,,,,,,
2-2-8,u_on_x,t3,2000,700055,clean,,cf1_margin,none,0,0.0,,,,,,,,,,,,,,,,,,,,
2-2-8,u_on_x,t3,2000,700055,clean,,slack_plugin,none,0,0.0,,,,,,,,,,,,,,,,,,,,
2-2-8,u_on_x,t3,2000,700055,clean,,gm_battery,none,0,0.0,,,,,,,,,,,,,,,,,,,,
2-2-8,u_on_x,t3,2000,700055,clean,,gtest,none,0,2772.076700392211,,,,,,,,,,,,,,,,,,,,
2-2-8,u_on_x,t3,2000,700056,clean,,kl_plugin,none,0,0.0,,,,,,,,,,,,,,,,,,,,
2-2-8,u_on_x,t3,2000,700056,clean,,kl_split,none,0,7.087677881978654e-05,,,,,,,,,,,,,,,,,,,,
2-2-8,u_on_x,t3,2000,700056,clean,,kl_crossfit,none,0,7.08743934790877e-05,,,,,,,,,,,,,,,,,,,,
2-2-8,u_on_x,t3,2000,700056,clean,,cf1_margin,none,0,0.0,,,,,,,,,,,,,,,,,,,,
2-2-8,u_on_x,t3,2000,700056,clean,,slack_plugin,none,0,0.0,,,,,,,,,,,,,,,,,,,,
2-2-8,u_on_x,t3,2000,700056,clean,,gm_battery,none,0,0.0,,,,,,,,,,,,,,,,,,,,
2-2-8,u_on_x,t3,2000,700056,clean,,gtest,none,0,2772.4267200527106,,,,,,,,,,,,,,,,,,,,
2-2-8,u_on_x,t3,2000,700057,clean,,kl_plugin,none,0,0.0,,,,,,,,,,,,,,,,,,,,
2-2-8,u_on_x,t3,2000,700057,clean,,kl_split,none,0,8.382115395737938e-05,,,,,,,,,,,,,,,,,,,,
2-2-8,u_on_x,t3,2000,700057,clean,,kl_crossfit,none,0,8.380586189650615e-05,,,,,,,,,,,,,,,,,,,,
2-2-8,u_on_x,t3,2000,700057,clean,,cf1_margin,none,0,0.0,,,,,,,,,,,,,,,,,,,,
2-2-8,u_on_x,t3,2000,700057,clean,,slack_plugin,none,0,0.0,,,,,,,,,,,,,,,,,,,,
2-2-8,u_on_x,t3,2000,700057,clean,,gm_battery,none,0,0.0,,,,,,,,,,,,,,,,,,,,
2-2-8,u_on_x,t3,2000,700057,clean,,gtest,none,0,2771.8666787931734,,,,,,,,,,,,,,,,,,,,
2-2-8,u_on_x,t3,2000,700058,clean,,kl_plugin,none,0,0.0,,,,,,,,,,,,,,,,,,,,
2-2-8,u_on_x,t3,2000,700058,clean,,kl_split,none,0,0.0,,,,,,,,,,,,,,,,,,,,
2-2-8,u_on_x,t3,2000,700058,clean,,kl_crossfit,none,0,0.0,,,,,,,,,,,,,,,,,,,,
2-2-8,u_on_x,t3,2000,700058,clean,,cf1_margin,none,0,0.0,,,,,,,,,,,,,,,,,,,,
2-2-8,u_on_x,t3,2000,700058,clean,,slack_plugin,none,0,0.0,,,,,,,,,,,,,,,,,,,,
2-2-8,u_on_x,t3,2000,700058,clean,,gm_battery,none,0,0.0,,,,,,,,,,,,,,,,,,,,
2-2-8,u_on_x,t3,2000,700058,clean,,gtest,none,0,0.0,,,,,,,,,,,,,,,,,,,,
2-2-8,u_on_x,t3,2000,700059,clean,,kl_plugin,none,0,0.0,,,,,,,,,,,,,,,,,,,,
2-2-8,u_on_x,t3,2000,700059,clean,,kl_split,none,0,0.012517692668281857,,,,,,,,,,,,,,,,,,,,
2-2-8,u_on_x,t3,2000,700059,clean,,kl_crossfit,none,0,0.012570542017837007,,,,,,,,,,,,,,,,,,,,
2-2-8,u_on_x,t3,2000,700059,clean,,cf1_margin,none,0,0.0,,,,,,,,,,,,,,,,,,,,
2-2-8,u_on_x,t3,2000,700059,clean,,slack_plugin,none,0,0.0,,,,,,,,,,,,,,,,,,,,
2-2-8,u_on_x,t3,2000,700059,clean,,gm_battery,none,0,0.0,,,,,,,,,,,,,,,,,,,,
2-2-8,u_on_x,t3,2000,700059,clean,,gtest,none,0,0.0,,,,,,,,,,,,,,,,,,,,
2-2-8,u_on_x,t3,2000,700060,clean,,kl_plugin,none,0,2.0007736916157848e-17,,,,,,,,,,,,,,,,,,,,
2-2-8,u_on_x,t3,2000,700060,clean,,kl_split,none,0,0.003411056123362892,,,,,,,,,,,,,,,,,,,,
2-2-8,u_on_x,t3,2000,700060,clean,,kl_crossfit,none,0,0.003427868273087064,,,,,,,,,,,,,,,,,,,,
2-2-8,u_on_x,t3,2000,700060,clean,,cf1_margin,none,0,0.0,,,,,,,,,,,,,,,,,,,,
2-2-8,u_on_x,t3,2000,700060,clean,,slack_plugin,none,0,0.0,,,,,,,,,,,,,,,,,,,,
2-2-8,u_on_x,t3,2000,700060,clean,,gm_battery,none,0,0.0,,,,,,,,,,,,,,,,,,,,
2-2-8,u_on_x,t3,2000,700060,clean,,gtest,none,0,2770.666414281053,,,,,,,,,,,,,,,,,,,,
2-2-8,u_on_x,t3,2000,700061,clean,,kl_plugin,none,0,0.0,,,,,,,,,,,,,,,,,,,,
2-2-8,u_on_x,t3,2000,700061,clean,,kl_split,none,0,0.0,,,,,,,,,,,,,,,,,,,,
2-2-8,u_on_x,t3,2000,700061,clean,,kl_crossfit,none,0,0.0,,,,,,,,,,,,,,,,,,,,
2-2-8,u_on_x,t3,2000,700061,clean,,cf1_margin,none,0,0.0,,,,,,,,,,,,,,,,,,,,
2-2-8,u_on_x,t3,2000,700061,clean,,slack_plugin,none,0,0.0,,,,,,,,,,,,,,,,,,,,
2-2-8,u_on_x,t3,2000,700061,clean,,gm_battery,none,0,0.0,,,,,,,,,,,,,,,,,,,,
2-2-8,u_on_x,t3,2000,700061,clean,,gtest,none,0,0.0,,,,,,,,,,,,,,,,,,,,
2-2-8,u_on_x,t3,2000,700062,clean,,kl_plugin,none,0,0.0,,,,,,,,,,,,,,,,,,,,
2-2-8,u_on_x,t3,2000,700062,clean,,kl_split,none,0,0.00046225251672612697,,,,,,,,,,,,,,,,,,,,
2-2-8,u_on_x,t3,2000,700062,clean,,kl_crossfit,none,0,0.00046215757630606313,,,,,,,,,,,,,,,,,,,,
2-2-8,u_on_x,t3,2000,700062,clean,,cf1_margin,none,0,0.0,,,,,,,,,,,,,,,,,,,,
2-2-8,u_on_x,t3,2000,700062,clean,,slack_plugin,none,0,0.0,,,,,,,,,,,,,,,,,,,,
2-2-8,u_on_x,t3,2000,700062,clean,,gm_battery,none,0,0.0,,,,,,,,,,,,,,,,,,,,
2-2-8,u_on_x,t3,2000,700062,clean,,gtest,none,0,2770.410326760485,,,,,,,,,,,,,,,,,,,,
2-2-8,u_on_x,t3,2000,700063,clean,,kl_plugin,none,0,5.551115123125783e-16,,,,,,,,,,,,,,,,,,,,
2-2-8,u_on_x,t3,2000,700063,clean,,kl_split,none,0,0.00031364430926966724,,,,,,,,,,,,,,,,,,,,
2-2-8,u_on_x,t3,2000,700063,clean,,kl_crossfit,none,0,0.649986488130322,,,,,,,,,,,,,,,,,,,,
2-2-8,u_on_x,t3,2000,700063,clean,,cf1_margin,none,0,0.0,,,,,,,,,,,,,,,,,,,,
2-2-8,u_on_x,t3,2000,700063,clean,,slack_plugin,none,0,0.0,,,,,,,,,,,,,,,,,,,,
2-2-8,u_on_x,t3,2000,700063,clean,,gm_battery,none,0,0.0,,,,,,,,,,,,,,,,,,,,
2-2-8,u_on_x,t3,2000,700063,clean,,gtest,none,0,2771.2365698732438,,,,,,,,,,,,,,,,,,,,
2-2-8,u_on_x,t3,2000,700064,clean,,kl_plugin,none,0,0.0,,,,,,,,,,,,,,,,,,,,
2-2-8,u_on_x,t3,2000,700064,clean,,kl_split,none,0,0.0004174935058882112,,,,,,,,,,,,,,,,,,,,
2-2-8,u_on_x,t3,2000,700064,clean,,kl_crossfit,none,0,0.0004174547752457099,,,,,,,,,,,,,,,,,,,,
2-2-8,u_on_x,t3,2000,700064,clean,,cf1_margin,none,0,0.0,,,,,,,,,,,,,,,,,,,,
2-2-8,u_on_x,t3,2000,700064,clean,,slack_plugin,none,0,0.0,,,,,,,,,,,,,,,,,,,,
2-2-8,u_on_x,t3,2000,700064,clean,,gm_battery,none,0,0.0,,,,,,,,,,,,,,,,,,,,
2-2-8,u_on_x,t3,2000,700064,clean,,gtest,none,0,2490.6159638793097,,,,,,,,,,,,,,,,,,,,
2-2-8,u_on_x,t3,2000,700065,clean,,kl_plugin,none,0,8.881784197001258e-17,,,,,,,,,,,,,,,,,,,,
2-2-8,u_on_x,t3,2000,700065,clean,,kl_split,none,0,0.0566330122651324,,,,,,,,,,,,,,,,,,,,
2-2-8,u_on_x,t3,2000,700065,clean,,kl_crossfit,none,0,0.05776226504666192,,,,,,,,,,,,,,,,,,,,
2-2-8,u_on_x,t3,2000,700065,clean,,cf1_margin,none,0,0.0,,,,,,,,,,,,,,,,,,,,
2-2-8,u_on_x,t3,2000,700065,clean,,slack_plugin,none,0,0.0,,,,,,,,,,,,,,,,,,,,
2-2-8,u_on_x,t3,2000,700065,clean,,gm_battery,none,0,0.0,,,,,,,,,,,,,,,,,,,,
2-2-8,u_on_x,t3,2000,700065,clean,,gtest,none,0,0.0,,,,,,,,,,,,,,,,,,,,
2-2-8,u_on_x,t3,2000,700066,clean,,kl_plugin,none,0,0.0,,,,,,,,,,,,,,,,,,,,
2-2-8,u_on_x,t3,2000,700066,clean,,kl_split,none,0,0.008141676692969405,,,,,,,,,,,,,,,,,,,,
2-2-8,u_on_x,t3,2000,700066,clean,,kl_crossfit,none,0,0.008136809603429176,,,,,,,,,,,,,,,,,,,,
2-2-8,u_on_x,t3,2000,700066,clean,,cf1_margin,none,0,0.0,,,,,,,,,,,,,,,,,,,,
2-2-8,u_on_x,t3,2000,700066,clean,,slack_plugin,none,0,0.0,,,,,,,,,,,,,,,,,,,,
2-2-8,u_on_x,t3,2000,700066,clean,,gm_battery,none,0,0.0,,,,,,,,,,,,,,,,,,,,
2-2-8,u_on_x,t3,2000,700066,clean,,gtest,none,0,2772.010694396229,,,,,,,,,,,,,,,,,,,,
2-2-8,u_on_x,t3,2000,700067,clean,,kl_plugin,none,0,0.0,,,,,,,,,,,,,,,,,,,,
2-2-8,u_on_x,t3,2000,700067,clean,,kl_split,none,0,0.026091532660871553,,,,,,,,,,,,,,,,,,,,
2-2-8,u_on_x,t3,2000,700067,clean,,kl_crossfit,none,0,0.026054401495787916,,,,,,,,,,,,,,,,,,,,
2-2-8,u_on_x,t3,2000,700067,clean,,cf1_margin,none,0,0.0,,,,,,,,,,,,,,,,,,,,
2-2-8,u_on_x,t3,2000,700067,clean,,slack_plugin,none,0,0.0,,,,,,,,,,,,,,,,,,,,
2-2-8,u_on_x,t3,2000,700067,clean,,gm_battery,none,0,0.0,,,,,,,,,,,,,,,,,,,,
2-2-8,u_on_x,t3,2000,700067,clean,,gtest,none,0,2772.4907214394325,,,,,,,,,,,,,,,,,,,,
2-2-8,u_on_x,t3,2000,700068,clean,,kl_plugin,none,0,0.0,,,,,,,,,,,,,,,,,,,,
2-2-8,u_on_x,t3,2000,700068,clean,,kl_split,none,0,0.0,,,,,,,,,,,,,,,,,,,,
2-2-8,u_on_x,t3,2000,700068,clean,,kl_crossfit,none,0,0.0,,,,,,,,,,,,,,,,,,,,
2-2-8,u_on_x,t3,2000,700068,clean,,cf1_margin,none,0,0.0,,,,,,,,,,,,,,,,,,,,
2-2-8,u_on_x,t3,2000,700068,clean,,slack_plugin,none,0,0.0,,,,,,,,,,,,,,,,,,,,
2-2-8,u_on_x,t3,2000,700068,clean,,gm_battery,none,0,0.0,,,,,,,,,,,,,,,,,,,,
2-2-8,u_on_x,t3,2000,700068,clean,,gtest,none,0,715.6484144440246,,,,,,,,,,,,,,,,,,,,
2-2-8,u_on_x,t3,2000,700069,clean,,kl_plugin,none,0,4.985723767992601e-17,,,,,,,,,,,,,,,,,,,,
2-2-8,u_on_x,t3,2000,700069,clean,,kl_split,none,0,0.0043486885832955055,,,,,,,,,,,,,,,,,,,,
2-2-8,u_on_x,t3,2000,700069,clean,,kl_crossfit,none,0,0.004334892440874344,,,,,,,,,,,,,,,,,,,,
2-2-8,u_on_x,t3,2000,700069,clean,,cf1_margin,none,0,0.0,,,,,,,,,,,,,,,,,,,,
2-2-8,u_on_x,t3,2000,700069,clean,,slack_plugin,none,0,0.0,,,,,,,,,,,,,,,,,,,,
2-2-8,u_on_x,t3,2000,700069,clean,,gm_battery,none,0,0.0,,,,,,,,,,,,,,,,,,,,
2-2-8,u_on_x,t3,2000,700069,clean,,gtest,none,0,1273.7633933270845,,,,,,,,,,,,,,,,,,,,
2-2-8,u_on_x,t3,2000,700070,clean,,kl_plugin,none,0,0.0,,,,,,,,,,,,,,,,,,,,
2-2-8,u_on_x,t3,2000,700070,clean,,kl_split,none,0,0.0,,,,,,,,,,,,,,,,,,,,
2-2-8,u_on_x,t3,2000,700070,clean,,kl_crossfit,none,0,0.0,,,,,,,,,,,,,,,,,,,,
2-2-8,u_on_x,t3,2000,700070,clean,,cf1_margin,none,0,0.0,,,,,,,,,,,,,,,,,,,,
2-2-8,u_on_x,t3,2000,700070,clean,,slack_plugin,none,0,0.0,,,,,,,,,,,,,,,,,,,,
2-2-8,u_on_x,t3,2000,700070,clean,,gm_battery,none,0,0.0,,,,,,,,,,,,,,,,,,,,
2-2-8,u_on_x,t3,2000,700070,clean,,gtest,none,0,0.0,,,,,,,,,,,,,,,,,,,,
2-2-8,u_on_x,t3,2000,700071,clean,,kl_plugin,none,0,0.0,,,,,,,,,,,,,,,,,,,,
2-2-8,u_on_x,t3,2000,700071,clean,,kl_split,none,0,0.0,,,,,,,,,,,,,,,,,,,,
2-2-8,u_on_x,t3,2000,700071,clean,,kl_crossfit,none,0,0.0,,,,,,,,,,,,,,,,,,,,
2-2-8,u_on_x,t3,2000,700071,clean,,cf1_margin,none,0,1.0,,,,,,,,,,,,,,,,,,,,
2-2-8,u_on_x,t3,2000,700071,clean,,slack_plugin,none,0,1.0,,,,,,,,,,,,,,,,,,,,
2-2-8,u_on_x,t3,2000,700071,clean,,gm_battery,none,0,0.0,,,,,,,,,,,,,,,,,,,,
2-2-8,u_on_x,t3,2000,700071,clean,,gtest,none,0,0.0,,,,,,,,,,,,,,,,,,,,
2-2-8,u_on_x,t3,2000,700072,clean,,kl_plugin,none,0,0.0,,,,,,,,,,,,,,,,,,,,
2-2-8,u_on_x,t3,2000,700072,clean,,kl_split,none,0,0.0,,,,,,,,,,,,,,,,,,,,
2-2-8,u_on_x,t3,2000,700072,clean,,kl_crossfit,none,0,0.0,,,,,,,,,,,,,,,,,,,,
2-2-8,u_on_x,t3,2000,700072,clean,,cf1_margin,none,0,0.0,,,,,,,,,,,,,,,,,,,,
2-2-8,u_on_x,t3,2000,700072,clean,,slack_plugin,none,0,0.0,,,,,,,,,,,,,,,,,,,,
2-2-8,u_on_x,t3,2000,700072,clean,,gm_battery,none,0,0.0,,,,,,,,,,,,,,,,,,,,
2-2-8,u_on_x,t3,2000,700072,clean,,gtest,none,0,0.0,,,,,,,,,,,,,,,,,,,,
2-2-8,u_on_x,t3,2000,700073,clean,,kl_plugin,none,0,4.1244926614573306e-18,,,,,,,,,,,,,,,,,,,,
2-2-8,u_on_x,t3,2000,700073,clean,,kl_split,none,0,0.0007084095658778412,,,,,,,,,,,,,,,,,,,,
2-2-8,u_on_x,t3,2000,700073,clean,,kl_crossfit,none,0,0.0007087402248522855,,,,,,,,,,,,,,,,,,,,
2-2-8,u_on_x,t3,2000,700073,clean,,cf1_margin,none,0,0.0,,,,,,,,,,,,,,,,,,,,
2-2-8,u_on_x,t3,2000,700073,clean,,slack_plugin,none,0,0.0,,,,,,,,,,,,,,,,,,,,
2-2-8,u_on_x,t3,2000,700073,clean,,gm_battery,none,0,0.0,,,,,,,,,,,,,,,,,,,,
2-2-8,u_on_x,t3,2000,700073,clean,,gtest,none,0,0.0,,,,,,,,,,,,,,,,,,,,
2-2-8,u_on_x,t3,2000,700074,clean,,kl_plugin,none,0,1.0872528930811877e-16,,,,,,,,,,,,,,,,,,,,
2-2-8,u_on_x,t3,2000,700074,clean,,kl_split,none,0,0.06034501842942666,,,,,,,,,,,,,,,,,,,,
2-2-8,u_on_x,t3,2000,700074,clean,,kl_crossfit,none,0,0.06018941556804756,,,,,,,,,,,,,,,,,,,,
2-2-8,u_on_x,t3,2000,700074,clean,,cf1_margin,none,0,0.0,,,,,,,,,,,,,,,,,,,,
2-2-8,u_on_x,t3,2000,700074,clean,,slack_plugin,none,0,0.0,,,,,,,,,,,,,,,,,,,,
2-2-8,u_on_x,t3,2000,700074,clean,,gm_battery,none,0,0.0,,,,,,,,,,,,,,,,,,,,
2-2-8,u_on_x,t3,2000,700074,clean,,gtest,none,0,613.4767398381601,,,,,,,,,,,,,,,,,,,,
2-2-8,u_on_x,t3,2000,700075,clean,,kl_plugin,none,0,0.0,,,,,,,,,,,,,,,,,,,,
2-2-8,u_on_x,t3,2000,700075,clean,,kl_split,none,0,0.004540618222663606,,,,,,,,,,,,,,,,,,,,
2-2-8,u_on_x,t3,2000,700075,clean,,kl_crossfit,none,0,0.004539090200230845,,,,,,,,,,,,,,,,,,,,
2-2-8,u_on_x,t3,2000,700075,clean,,cf1_margin,none,0,0.0,,,,,,,,,,,,,,,,,,,,
2-2-8,u_on_x,t3,2000,700075,clean,,slack_plugin,none,0,0.0,,,,,,,,,,,,,,,,,,,,
2-2-8,u_on_x,t3,2000,700075,clean,,gm_battery,none,0,0.0,,,,,,,,,,,,,,,,,,,,
2-2-8,u_on_x,t3,2000,700075,clean,,gtest,none,0,2644.201113761762,,,,,,,,,,,,,,,,,,,,
2-2-8,u_on_x,t3,2000,700076,clean,,kl_plugin,none,0,0.0,,,,,,,,,,,,,,,,,,,,
2-2-8,u_on_x,t3,2000,700076,clean,,kl_split,none,0,6.973957563545258e-05,,,,,,,,,,,,,,,,,,,,
2-2-8,u_on_x,t3,2000,700076,clean,,kl_crossfit,none,0,6.974026934620115e-05,,,,,,,,,,,,,,,,,,,,
2-2-8,u_on_x,t3,2000,700076,clean,,cf1_margin,none,0,0.0,,,,,,,,,,,,,,,,,,,,
2-2-8,u_on_x,t3,2000,700076,clean,,slack_plugin,none,0,0.0,,,,,,,,,,,,,,,,,,,,
2-2-8,u_on_x,t3,2000,700076,clean,,gm_battery,none,0,0.0,,,,,,,,,,,,,,,,,,,,
2-2-8,u_on_x,t3,2000,700076,clean,,gtest,none,0,2428.012433063841,,,,,,,,,,,,,,,,,,,,
2-2-8,u_on_x,t3,2000,700077,clean,,kl_plugin,none,0,1.1102230246251567e-15,,,,,,,,,,,,,,,,,,,,
2-2-8,u_on_x,t3,2000,700077,clean,,kl_split,none,0,0.024418397625575697,,,,,,,,,,,,,,,,,,,,
2-2-8,u_on_x,t3,2000,700077,clean,,kl_crossfit,none,0,0.024481237520007727,,,,,,,,,,,,,,,,,,,,
2-2-8,u_on_x,t3,2000,700077,clean,,cf1_margin,none,0,0.0,,,,,,,,,,,,,,,,,,,,
2-2-8,u_on_x,t3,2000,700077,clean,,slack_plugin,none,0,0.0,,,,,,,,,,,,,,,,,,,,
2-2-8,u_on_x,t3,2000,700077,clean,,gm_battery,none,0,0.0,,,,,,,,,,,,,,,,,,,,
2-2-8,u_on_x,t3,2000,700077,clean,,gtest,none,0,1014.5557876867654,,,,,,,,,,,,,,,,,,,,
2-2-8,u_on_x,t3,2000,700078,clean,,kl_plugin,none,0,0.0,,,,,,,,,,,,,,,,,,,,
2-2-8,u_on_x,t3,2000,700078,clean,,kl_split,none,0,0.0010565329447663474,,,,,,,,,,,,,,,,,,,,
2-2-8,u_on_x,t3,2000,700078,clean,,kl_crossfit,none,0,0.0010570264831687732,,,,,,,,,,,,,,,,,,,,
2-2-8,u_on_x,t3,2000,700078,clean,,cf1_margin,none,0,0.0,,,,,,,,,,,,,,,,,,,,
2-2-8,u_on_x,t3,2000,700078,clean,,slack_plugin,none,0,0.0,,,,,,,,,,,,,,,,,,,,
2-2-8,u_on_x,t3,2000,700078,clean,,gm_battery,none,0,0.0,,,,,,,,,,,,,,,,,,,,
2-2-8,u_on_x,t3,2000,700078,clean,,gtest,none,0,0.0,,,,,,,,,,,,,,,,,,,,
2-2-8,u_on_x,t3,2000,700079,clean,,kl_plugin,none,0,4.8726454546878446e-17,,,,,,,,,,,,,,,,,,,,
2-2-8,u_on_x,t3,2000,700079,clean,,kl_split,none,0,0.1838868535627992,,,,,,,,,,,,,,,,,,,,
2-2-8,u_on_x,t3,2000,700079,clean,,kl_crossfit,none,0,0.1880144225547935,,,,,,,,,,,,,,,,,,,,
2-2-8,u_on_x,t3,2000,700079,clean,,cf1_margin,none,0,0.0,,,,,,,,,,,,,,,,,,,,
2-2-8,u_on_x,t3,2000,700079,clean,,slack_plugin,none,0,0.0,,,,,,,,,,,,,,,,,,,,
2-2-8,u_on_x,t3,2000,700079,clean,,gm_battery,none,0,0.0,,,,,,,,,,,,,,,,,,,,
2-2-8,u_on_x,t3,2000,700079,clean,,gtest,none,0,2772.3887189063144,,,,,,,,,,,,,,,,,,,,
2-2-8,u_on_x,t3,2000,700080,clean,,kl_plugin,none,0,0.0,,,,,,,,,,,,,,,,,,,,
2-2-8,u_on_x,t3,2000,700080,clean,,kl_split,none,0,0.0,,,,,,,,,,,,,,,,,,,,
2-2-8,u_on_x,t3,2000,700080,clean,,kl_crossfit,none,0,0.0,,,,,,,,,,,,,,,,,,,,
2-2-8,u_on_x,t3,2000,700080,clean,,cf1_margin,none,0,1.0,,,,,,,,,,,,,,,,,,,,
2-2-8,u_on_x,t3,2000,700080,clean,,slack_plugin,none,0,1.0,,,,,,,,,,,,,,,,,,,,
2-2-8,u_on_x,t3,2000,700080,clean,,gm_battery,none,0,0.0,,,,,,,,,,,,,,,,,,,,
2-2-8,u_on_x,t3,2000,700080,clean,,gtest,none,0,0.0,,,,,,,,,,,,,,,,,,,,
2-2-8,u_on_x,t3,2000,700081,clean,,kl_plugin,none,0,0.0,,,,,,,,,,,,,,,,,,,,
2-2-8,u_on_x,t3,2000,700081,clean,,kl_split,none,0,0.0,,,,,,,,,,,,,,,,,,,,
2-2-8,u_on_x,t3,2000,700081,clean,,kl_crossfit,none,0,0.0,,,,,,,,,,,,,,,,,,,,
2-2-8,u_on_x,t3,2000,700081,clean,,cf1_margin,none,0,0.0,,,,,,,,,,,,,,,,,,,,
2-2-8,u_on_x,t3,2000,700081,clean,,slack_plugin,none,0,0.0,,,,,,,,,,,,,,,,,,,,
2-2-8,u_on_x,t3,2000,700081,clean,,gm_battery,none,0,0.0,,,,,,,,,,,,,,,,,,,,
2-2-8,u_on_x,t3,2000,700081,clean,,gtest,none,0,31.6290204489287,,,,,,,,,,,,,,,,,,,,
2-2-8,u_on_x,t3,2000,700082,clean,,kl_plugin,none,0,1.6550926271164695e-16,,,,,,,,,,,,,,,,,,,,
2-2-8,u_on_x,t3,2000,700082,clean,,kl_split,none,0,0.008846702330857915,,,,,,,,,,,,,,,,,,,,
2-2-8,u_on_x,t3,2000,700082,clean,,kl_crossfit,none,0,0.008839450441770123,,,,,,,,,,,,,,,,,,,,
2-2-8,u_on_x,t3,2000,700082,clean,,cf1_margin,none,0,0.0,,,,,,,,,,,,,,,,,,,,
2-2-8,u_on_x,t3,2000,700082,clean,,slack_plugin,none,0,0.0,,,,,,,,,,,,,,,,,,,,
2-2-8,u_on_x,t3,2000,700082,clean,,gm_battery,none,0,0.0,,,,,,,,,,,,,,,,,,,,
2-2-8,u_on_x,t3,2000,700082,clean,,gtest,none,0,1605.2649084733575,,,,,,,,,,,,,,,,,,,,
2-2-8,u_on_x,t3,2000,700083,clean,,kl_plugin,none,0,0.0,,,,,,,,,,,,,,,,,,,,
2-2-8,u_on_x,t3,2000,700083,clean,,kl_split,none,0,0.00020746282187864354,,,,,,,,,,,,,,,,,,,,
2-2-8,u_on_x,t3,2000,700083,clean,,kl_crossfit,none,0,0.00020736862238150341,,,,,,,,,,,,,,,,,,,,
2-2-8,u_on_x,t3,2000,700083,clean,,cf1_margin,none,0,0.0,,,,,,,,,,,,,,,,,,,,
2-2-8,u_on_x,t3,2000,700083,clean,,slack_plugin,none,0,0.0,,,,,,,,,,,,,,,,,,,,
2-2-8,u_on_x,t3,2000,700083,clean,,gm_battery,none,0,0.0,,,,,,,,,,,,,,,,,,,,
2-2-8,u_on_x,t3,2000,700083,clean,,gtest,none,0,460.2796258421082,,,,,,,,,,,,,,,,,,,,
2-2-8,u_on_x,t3,2000,700084,clean,,kl_plugin,none,0,0.0,,,,,,,,,,,,,,,,,,,,
2-2-8,u_on_x,t3,2000,700084,clean,,kl_split,none,0,0.0,,,,,,,,,,,,,,,,,,,,
2-2-8,u_on_x,t3,2000,700084,clean,,kl_crossfit,none,0,0.0,,,,,,,,,,,,,,,,,,,,
2-2-8,u_on_x,t3,2000,700084,clean,,cf1_margin,none,0,0.0,,,,,,,,,,,,,,,,,,,,
2-2-8,u_on_x,t3,2000,700084,clean,,slack_plugin,none,0,0.0,,,,,,,,,,,,,,,,,,,,
2-2-8,u_on_x,t3,2000,700084,clean,,gm_battery,none,0,0.0,,,,,,,,,,,,,,,,,,,,
2-2-8,u_on_x,t3,2000,700084,clean,,gtest,none,0,1139.3327107877171,,,,,,,,,,,,,,,,,,,,
2-2-8,u_on_x,t3,2000,700085,clean,,kl_plugin,none,0,0.0,,,,,,,,,,,,,,,,,,,,
2-2-8,u_on_x,t3,2000,700085,clean,,kl_split,none,0,0.0,,,,,,,,,,,,,,,,,,,,
2-2-8,u_on_x,t3,2000,700085,clean,,kl_crossfit,none,0,0.0,,,,,,,,,,,,,,,,,,,,
2-2-8,u_on_x,t3,2000,700085,clean,,cf1_margin,none,0,0.0,,,,,,,,,,,,,,,,,,,,
2-2-8,u_on_x,t3,2000,700085,clean,,slack_plugin,none,0,0.0,,,,,,,,,,,,,,,,,,,,
2-2-8,u_on_x,t3,2000,700085,clean,,gm_battery,none,0,0.0,,,,,,,,,,,,,,,,,,,,
2-2-8,u_on_x,t3,2000,700085,clean,,gtest,none,0,1287.0983221743995,,,,,,,,,,,,,,,,,,,,
2-2-8,u_on_x,t3,2000,700086,clean,,kl_plugin,none,0,0.0,,,,,,,,,,,,,,,,,,,,
2-2-8,u_on_x,t3,2000,700086,clean,,kl_split,none,0,0.0032911374932522927,,,,,,,,,,,,,,,,,,,,
2-2-8,u_on_x,t3,2000,700086,clean,,kl_crossfit,none,0,0.0032915403064007302,,,,,,,,,,,,,,,,,,,,
2-2-8,u_on_x,t3,2000,700086,clean,,cf1_margin,none,0,0.0,,,,,,,,,,,,,,,,,,,,
2-2-8,u_on_x,t3,2000,700086,clean,,slack_plugin,none,0,0.0,,,,,,,,,,,,,,,,,,,,
2-2-8,u_on_x,t3,2000,700086,clean,,gm_battery,none,0,0.0,,,,,,,,,,,,,,,,,,,,
2-2-8,u_on_x,t3,2000,700086,clean,,gtest,none,0,2771.706657401343,,,,,,,,,,,,,,,,,,,,
2-2-8,u_on_x,t3,2000,700087,clean,,kl_plugin,none,0,1.0990086506390439e-16,,,,,,,,,,,,,,,,,,,,
2-2-8,u_on_x,t3,2000,700087,clean,,kl_split,none,0,1.0990086506390439e-16,,,,,,,,,,,,,,,,,,,,
2-2-8,u_on_x,t3,2000,700087,clean,,kl_crossfit,none,0,1.0990086506390439e-16,,,,,,,,,,,,,,,,,,,,
2-2-8,u_on_x,t3,2000,700087,clean,,cf1_margin,none,0,0.0,,,,,,,,,,,,,,,,,,,,
2-2-8,u_on_x,t3,2000,700087,clean,,slack_plugin,none,0,0.0,,,,,,,,,,,,,,,,,,,,
2-2-8,u_on_x,t3,2000,700087,clean,,gm_battery,none,0,0.0,,,,,,,,,,,,,,,,,,,,
2-2-8,u_on_x,t3,2000,700087,clean,,gtest,none,0,1282.6646759037378,,,,,,,,,,,,,,,,,,,,
2-2-8,u_on_x,t3,2000,700088,clean,,kl_plugin,none,0,0.0,,,,,,,,,,,,,,,,,,,,
2-2-8,u_on_x,t3,2000,700088,clean,,kl_split,none,0,0.0,,,,,,,,,,,,,,,,,,,,
2-2-8,u_on_x,t3,2000,700088,clean,,kl_crossfit,none,0,0.0,,,,,,,,,,,,,,,,,,,,
2-2-8,u_on_x,t3,2000,700088,clean,,cf1_margin,none,0,0.0,,,,,,,,,,,,,,,,,,,,
2-2-8,u_on_x,t3,2000,700088,clean,,slack_plugin,none,0,0.0,,,,,,,,,,,,,,,,,,,,
2-2-8,u_on_x,t3,2000,700088,clean,,gm_battery,none,0,0.0,,,,,,,,,,,,,,,,,,,,
2-2-8,u_on_x,t3,2000,700088,clean,,gtest,none,0,0.0,,,,,,,,,,,,,,,,,,,,
2-2-8,u_on_x,t3,2000,700089,clean,,kl_plugin,none,0,0.0,,,,,,,,,,,,,,,,,,,,
2-2-8,u_on_x,t3,2000,700089,clean,,kl_split,none,0,0.00970383733292994,,,,,,,,,,,,,,,,,,,,
2-2-8,u_on_x,t3,2000,700089,clean,,kl_crossfit,none,0,0.009700711585771911,,,,,,,,,,,,,,,,,,,,
2-2-8,u_on_x,t3,2000,700089,clean,,cf1_margin,none,0,0.0,,,,,,,,,,,,,,,,,,,,
2-2-8,u_on_x,t3,2000,700089,clean,,slack_plugin,none,0,0.0,,,,,,,,,,,,,,,,,,,,
2-2-8,u_on_x,t3,2000,700089,clean,,gm_battery,none,0,0.0,,,,,,,,,,,,,,,,,,,,
2-2-8,u_on_x,t3,2000,700089,clean,,gtest,none,0,1912.595573116673,,,,,,,,,,,,,,,,,,,,
2-2-8,u_on_x,t3,2000,700090,clean,,kl_plugin,none,0,0.0,,,,,,,,,,,,,,,,,,,,
2-2-8,u_on_x,t3,2000,700090,clean,,kl_split,none,0,0.0,,,,,,,,,,,,,,,,,,,,
2-2-8,u_on_x,t3,2000,700090,clean,,kl_crossfit,none,0,0.0,,,,,,,,,,,,,,,,,,,,
2-2-8,u_on_x,t3,2000,700090,clean,,cf1_margin,none,0,0.0,,,,,,,,,,,,,,,,,,,,
2-2-8,u_on_x,t3,2000,700090,clean,,slack_plugin,none,0,0.0,,,,,,,,,,,,,,,,,,,,
2-2-8,u_on_x,t3,2000,700090,clean,,gm_battery,none,0,0.0,,,,,,,,,,,,,,,,,,,,
2-2-8,u_on_x,t3,2000,700090,clean,,gtest,none,0,0.0,,,,,,,,,,,,,,,,,,,,
2-2-8,u_on_x,t3,2000,700091,clean,,kl_plugin,none,0,7.96080606754504e-17,,,,,,,,,,,,,,,,,,,,
2-2-8,u_on_x,t3,2000,700091,clean,,kl_split,none,0,0.002203266433043919,,,,,,,,,,,,,,,,,,,,
2-2-8,u_on_x,t3,2000,700091,clean,,kl_crossfit,none,0,0.002204084196161483,,,,,,,,,,,,,,,,,,,,
2-2-8,u_on_x,t3,2000,700091,clean,,cf1_margin,none,0,0.0,,,,,,,,,,,,,,,,,,,,
2-2-8,u_on_x,t3,2000,700091,clean,,slack_plugin,none,0,0.0,,,,,,,,,,,,,,,,,,,,
2-2-8,u_on_x,t3,2000,700091,clean,,gm_battery,none,0,0.0,,,,,,,,,,,,,,,,,,,,
2-2-8,u_on_x,t3,2000,700091,clean,,gtest,none,0,2766.5356683347036,,,,,,,,,,,,,,,,,,,,
2-2-8,u_on_x,t3,2000,700092,clean,,kl_plugin,none,0,1.6656167491961555e-16,,,,,,,,,,,,,,,,,,,,
2-2-8,u_on_x,t3,2000,700092,clean,,kl_split,none,0,0.0009559178970014494,,,,,,,,,,,,,,,,,,,,
2-2-8,u_on_x,t3,2000,700092,clean,,kl_crossfit,none,0,0.0009559109665467184,,,,,,,,,,,,,,,,,,,,
2-2-8,u_on_x,t3,2000,700092,clean,,cf1_margin,none,0,0.0,,,,,,,,,,,,,,,,,,,,
2-2-8,u_on_x,t3,2000,700092,clean,,slack_plugin,none,0,0.0,,,,,,,,,,,,,,,,,,,,
2-2-8,u_on_x,t3,2000,700092,clean,,gm_battery,none,0,0.0,,,,,,,,,,,,,,,,,,,,
2-2-8,u_on_x,t3,2000,700092,clean,,gtest,none,0,2772.010694396229,,,,,,,,,,,,,,,,,,,,
2-2-8,u_on_x,t3,2000,700093,clean,,kl_plugin,none,0,0.0,,,,,,,,,,,,,,,,,,,,
2-2-8,u_on_x,t3,2000,700093,clean,,kl_split,none,0,0.0029615045411411356,,,,,,,,,,,,,,,,,,,,
2-2-8,u_on_x,t3,2000,700093,clean,,kl_crossfit,none,0,0.0029644361505242467,,,,,,,,,,,,,,,,,,,,
2-2-8,u_on_x,t3,2000,700093,clean,,cf1_margin,none,0,0.0,,,,,,,,,,,,,,,,,,,,
2-2-8,u_on_x,t3,2000,700093,clean,,slack_plugin,none,0,0.0,,,,,,,,,,,,,,,,,,,,
2-2-8,u_on_x,t3,2000,700093,clean,,gm_battery,none,0,0.0,,,,,,,,,,,,,,,,,,,,
2-2-8,u_on_x,t3,2000,700093,clean,,gtest,none,0,146.71175500053624,,,,,,,,,,,,,,,,,,,,
2-2-8,u_on_x,t3,2000,700094,clean,,kl_plugin,none,0,0.0,,,,,,,,,,,,,,,,,,,,
2-2-8,u_on_x,t3,2000,700094,clean,,kl_split,none,0,0.020148151675089057,,,,,,,,,,,,,,,,,,,,
2-2-8,u_on_x,t3,2000,700094,clean,,kl_crossfit,none,0,0.020285886460442985,,,,,,,,,,,,,,,,,,,,
2-2-8,u_on_x,t3,2000,700094,clean,,cf1_margin,none,0,0.0,,,,,,,,,,,,,,,,,,,,
2-2-8,u_on_x,t3,2000,700094,clean,,slack_plugin,none,0,0.0,,,,,,,,,,,,,,,,,,,,
2-2-8,u_on_x,t3,2000,700094,clean,,gm_battery,none,0,0.0,,,,,,,,,,,,,,,,,,,,
2-2-8,u_on_x,t3,2000,700094,clean,,gtest,none,0,2772.556722154447,,,,,,,,,,,,,,,,,,,,
2-2-8,u_on_x,t3,2000,700095,clean,,kl_plugin,none,0,0.0,,,,,,,,,,,,,,,,,,,,
2-2-8,u_on_x,t3,2000,700095,clean,,kl_split,none,0,50.23543963827384,,,,,,,,,,,,,,,,,,,,
2-2-8,u_on_x,t3,2000,700095,clean,,kl_crossfit,none,0,50.19330980653602,,,,,,,,,,,,,,,,,,,,
2-2-8,u_on_x,t3,2000,700095,clean,,cf1_margin,none,0,0.0,,,,,,,,,,,,,,,,,,,,
2-2-8,u_on_x,t3,2000,700095,clean,,slack_plugin,none,0,0.0,,,,,,,,,,,,,,,,,,,,
2-2-8,u_on_x,t3,2000,700095,clean,,gm_battery,none,0,0.0,,,,,,,,,,,,,,,,,,,,
2-2-8,u_on_x,t3,2000,700095,clean,,gtest,none,0,2769.996162077342,,,,,,,,,,,,,,,,,,,,
2-2-8,u_on_x,t3,2000,700096,clean,,kl_plugin,none,0,0.0,,,,,,,,,,,,,,,,,,,,
2-2-8,u_on_x,t3,2000,700096,clean,,kl_split,none,0,2.3918666920368266e-05,,,,,,,,,,,,,,,,,,,,
2-2-8,u_on_x,t3,2000,700096,clean,,kl_crossfit,none,0,2.3919617363062865e-05,,,,,,,,,,,,,,,,,,,,
2-2-8,u_on_x,t3,2000,700096,clean,,cf1_margin,none,0,0.0,,,,,,,,,,,,,,,,,,,,
2-2-8,u_on_x,t3,2000,700096,clean,,slack_plugin,none,0,0.0,,,,,,,,,,,,,,,,,,,,
2-2-8,u_on_x,t3,2000,700096,clean,,gm_battery,none,0,0.0,,,,,,,,,,,,,,,,,,,,
2-2-8,u_on_x,t3,2000,700096,clean,,gtest,none,0,2605.5111923051136,,,,,,,,,,,,,,,,,,,,
2-2-8,u_on_x,t3,2000,700097,clean,,kl_plugin,none,0,0.0,,,,,,,,,,,,,,,,,,,,
2-2-8,u_on_x,t3,2000,700097,clean,,kl_split,none,0,0.0,,,,,,,,,,,,,,,,,,,,
2-2-8,u_on_x,t3,2000,700097,clean,,kl_crossfit,none,0,0.0,,,,,,,,,,,,,,,,,,,,
2-2-8,u_on_x,t3,2000,700097,clean,,cf1_margin,none,0,0.0,,,,,,,,,,,,,,,,,,,,
2-2-8,u_on_x,t3,2000,700097,clean,,slack_plugin,none,0,0.0,,,,,,,,,,,,,,,,,,,,
2-2-8,u_on_x,t3,2000,700097,clean,,gm_battery,none,0,0.0,,,,,,,,,,,,,,,,,,,,
2-2-8,u_on_x,t3,2000,700097,clean,,gtest,none,0,2765.384396006957,,,,,,,,,,,,,,,,,,,,
2-2-8,u_on_x,t3,2000,700098,clean,,kl_plugin,none,0,5.551115123125783e-17,,,,,,,,,,,,,,,,,,,,
2-2-8,u_on_x,t3,2000,700098,clean,,kl_split,none,0,0.2310490601866484,,,,,,,,,,,,,,,,,,,,
2-2-8,u_on_x,t3,2000,700098,clean,,kl_crossfit,none,0,0.23104906018664823,,,,,,,,,,,,,,,,,,,,
2-2-8,u_on_x,t3,2000,700098,clean,,cf1_margin,none,0,0.0,,,,,,,,,,,,,,,,,,,,
2-2-8,u_on_x,t3,2000,700098,clean,,slack_plugin,none,0,0.0,,,,,,,,,,,,,,,,,,,,
2-2-8,u_on_x,t3,2000,700098,clean,,gm_battery,none,0,0.0,,,,,,,,,,,,,,,,,,,,
2-2-8,u_on_x,t3,2000,700098,clean,,gtest,none,0,81.69169785671963,,,,,,,,,,,,,,,,,,,,
2-2-8,u_on_x,t3,2000,700099,clean,,kl_plugin,none,0,0.0,,,,,,,,,,,,,,,,,,,,
2-2-8,u_on_x,t3,2000,700099,clean,,kl_split,none,0,0.0,,,,,,,,,,,,,,,,,,,,
2-2-8,u_on_x,t3,2000,700099,clean,,kl_crossfit,none,0,0.0,,,,,,,,,,,,,,,,,,,,
2-2-8,u_on_x,t3,2000,700099,clean,,cf1_margin,none,0,0.0,,,,,,,,,,,,,,,,,,,,
2-2-8,u_on_x,t3,2000,700099,clean,,slack_plugin,none,0,0.0,,,,,,,,,,,,,,,,,,,,
2-2-8,u_on_x,t3,2000,700099,clean,,gm_battery,none,0,0.0,,,,,,,,,,,,,,,,,,,,
2-2-8,u_on_x,t3,2000,700099,clean,,gtest,none,0,0.0,,,,,,,,,,,,,,,,,,,,
2-2-8,u_on_x,t3,2000,700100,clean,,kl_plugin,none,0,0.0,,,,,,,,,,,,,,,,,,,,
2-2-8,u_on_x,t3,2000,700100,clean,,kl_split,none,0,0.0028740243766371756,,,,,,,,,,,,,,,,,,,,
2-2-8,u_on_x,t3,2000,700100,clean,,kl_crossfit,none,0,0.0028806481930089313,,,,,,,,,,,,,,,,,,,,
2-2-8,u_on_x,t3,2000,700100,clean,,cf1_margin,none,0,0.0,,,,,,,,,,,,,,,,,,,,
2-2-8,u_on_x,t3,2000,700100,clean,,slack_plugin,none,0,0.0,,,,,,,,,,,,,,,,,,,,
2-2-8,u_on_x,t3,2000,700100,clean,,gm_battery,none,0,0.0,,,,,,,,,,,,,,,,,,,,
2-2-8,u_on_x,t3,2000,700100,clean,,gtest,none,0,352.5727033518594,,,,,,,,,,,,,,,,,,,,
2-2-8,u_on_x,t3,2000,700101,clean,,kl_plugin,none,0,4.631026973834228e-16,,,,,,,,,,,,,,,,,,,,
2-2-8,u_on_x,t3,2000,700101,clean,,kl_split,none,0,0.0019194050932206889,,,,,,,,,,,,,,,,,,,,
2-2-8,u_on_x,t3,2000,700101,clean,,kl_crossfit,none,0,0.0019186202145771592,,,,,,,,,,,,,,,,,,,,
2-2-8,u_on_x,t3,2000,700101,clean,,cf1_margin,none,0,0.0,,,,,,,,,,,,,,,,,,,,
2-2-8,u_on_x,t3,2000,700101,clean,,slack_plugin,none,0,0.0,,,,,,,,,,,,,,,,,,,,
2-2-8,u_on_x,t3,2000,700101,clean,,gm_battery,none,0,0.0,,,,,,,,,,,,,,,,,,,,
2-2-8,u_on_x,t3,2000,700101,clean,,gtest,none,0,2772.3467173592117,,,,,,,,,,,,,,,,,,,,
2-2-8,u_on_x,t3,2000,700102,clean,,kl_plugin,none,0,6.47630097698008e-17,,,,,,,,,,,,,,,,,,,,
2-2-8,u_on_x,t3,2000,700102,clean,,kl_split,none,0,0.009665655961381275,,,,,,,,,,,,,,,,,,,,
2-2-8,u_on_x,t3,2000,700102,clean,,kl_crossfit,none,0,0.009690763624582661,,,,,,,,,,,,,,,,,,,,
2-2-8,u_on_x,t3,2000,700102,clean,,cf1_margin,none,0,0.0,,,,,,,,,,,,,,,,,,,,
2-2-8,u_on_x,t3,2000,700102,clean,,slack_plugin,none,0,0.0,,,,,,,,,,,,,,,,,,,,
2-2-8,u_on_x,t3,2000,700102,clean,,gm_battery,none,0,0.0,,,,,,,,,,,,,,,,,,,,
2-2-8,u_on_x,t3,2000,700102,clean,,gtest,none,0,1075.5583636938388,,,,,,,,,,,,,,,,,,,,
2-2-8,u_on_x,t3,2000,700103,clean,,kl_plugin,none,0,0.0,,,,,,,,,,,,,,,,,,,,
2-2-8,u_on_x,t3,2000,700103,clean,,kl_split,none,0,0.0,,,,,,,,,,,,,,,,,,,,
2-2-8,u_on_x,t3,2000,700103,clean,,kl_crossfit,none,0,0.0,,,,,,,,,,,,,,,,,,,,
2-2-8,u_on_x,t3,2000,700103,clean,,cf1_margin,none,0,0.0,,,,,,,,,,,,,,,,,,,,
2-2-8,u_on_x,t3,2000,700103,clean,,slack_plugin,none,0,0.0,,,,,,,,,,,,,,,,,,,,
2-2-8,u_on_x,t3,2000,700103,clean,,gm_battery,none,0,0.0,,,,,,,,,,,,,,,,,,,,
2-2-8,u_on_x,t3,2000,700103,clean,,gtest,none,0,0.0,,,,,,,,,,,,,,,,,,,,
2-2-8,u_on_x,t3,2000,700104,clean,,kl_plugin,none,0,0.0,,,,,,,,,,,,,,,,,,,,
2-2-8,u_on_x,t3,2000,700104,clean,,kl_split,none,0,0.0014341420058436652,,,,,,,,,,,,,,,,,,,,
2-2-8,u_on_x,t3,2000,700104,clean,,kl_crossfit,none,0,0.00143388780418764,,,,,,,,,,,,,,,,,,,,
2-2-8,u_on_x,t3,2000,700104,clean,,cf1_margin,none,0,0.0,,,,,,,,,,,,,,,,,,,,
2-2-8,u_on_x,t3,2000,700104,clean,,slack_plugin,none,0,0.0,,,,,,,,,,,,,,,,,,,,
2-2-8,u_on_x,t3,2000,700104,clean,,gm_battery,none,0,0.0,,,,,,,,,,,,,,,,,,,,
2-2-8,u_on_x,t3,2000,700104,clean,,gtest,none,0,2536.714542848823,,,,,,,,,,,,,,,,,,,,
2-2-8,u_on_x,t3,2000,700105,clean,,kl_plugin,none,0,4.930380657631324e-32,,,,,,,,,,,,,,,,,,,,
2-2-8,u_on_x,t3,2000,700105,clean,,kl_split,none,0,0.0037823576332189773,,,,,,,,,,,,,,,,,,,,
2-2-8,u_on_x,t3,2000,700105,clean,,kl_crossfit,none,0,0.003783551776460895,,,,,,,,,,,,,,,,,,,,
2-2-8,u_on_x,t3,2000,700105,clean,,cf1_margin,none,0,0.0,,,,,,,,,,,,,,,,,,,,
2-2-8,u_on_x,t3,2000,700105,clean,,slack_plugin,none,0,0.0,,,,,,,,,,,,,,,,,,,,
2-2-8,u_on_x,t3,2000,700105,clean,,gm_battery,none,0,0.0,,,,,,,,,,,,,,,,,,,,
2-2-8,u_on_x,t3,2000,700105,clean,,gtest,none,0,0.0,,,,,,,,,,,,,,,,,,,,
2-2-8,u_on_x,t3,2000,700106,clean,,kl_plugin,none,0,0.0,,,,,,,,,,,,,,,,,,,,
2-2-8,u_on_x,t3,2000,700106,clean,,kl_split,none,0,0.0007817209609557348,,,,,,,,,,,,,,,,,,,,
2-2-8,u_on_x,t3,2000,700106,clean,,kl_crossfit,none,0,0.0007820501879990168,,,,,,,,,,,,,,,,,,,,
2-2-8,u_on_x,t3,2000,700106,clean,,cf1_margin,none,0,0.0,,,,,,,,,,,,,,,,,,,,
2-2-8,u_on_x,t3,2000,700106,clean,,slack_plugin,none,0,0.0,,,,,,,,,,,,,,,,,,,,
2-2-8,u_on_x,t3,2000,700106,clean,,gm_battery,none,0,0.0,,,,,,,,,,,,,,,,,,,,
2-2-8,u_on_x,t3,2000,700106,clean,,gtest,none,0,2768.7154719059345,,,,,,,,,,,,,,,,,,,,
2-2-8,u_on_x,t3,2000,700107,clean,,kl_plugin,none,0,0.0,,,,,,,,,,,,,,,,,,,,
2-2-8,u_on_x,t3,2000,700107,clean,,kl_split,none,0,0.03537489056842488,,,,,,,,,,,,,,,,,,,,
2-2-8,u_on_x,t3,2000,700107,clean,,kl_crossfit,none,0,0.03673666655638243,,,,,,,,,,,,,,,,,,,,
2-2-8,u_on_x,t3,2000,700107,clean,,cf1_margin,none,0,0.0,,,,,,,,,,,,,,,,,,,,
2-2-8,u_on_x,t3,2000,700107,clean,,slack_plugin,none,0,0.0,,,,,,,,,,,,,,,,,,,,
2-2-8,u_on_x,t3,2000,700107,clean,,gm_battery,none,0,0.0,,,,,,,,,,,,,,,,,,,,
2-2-8,u_on_x,t3,2000,700107,clean,,gtest,none,0,136.4055468856638,,,,,,,,,,,,,,,,,,,,
2-2-8,u_on_x,t3,2000,700108,clean,,kl_plugin,none,0,9.06918945903149e-17,,,,,,,,,,,,,,,,,,,,
2-2-8,u_on_x,t3,2000,700108,clean,,kl_split,none,0,0.013452695811572699,,,,,,,,,,,,,,,,,,,,
2-2-8,u_on_x,t3,2000,700108,clean,,kl_crossfit,none,0,0.013443376001581221,,,,,,,,,,,,,,,,,,,,
2-2-8,u_on_x,t3,2000,700108,clean,,cf1_margin,none,0,0.0,,,,,,,,,,,,,,,,,,,,
2-2-8,u_on_x,t3,2000,700108,clean,,slack_plugin,none,0,0.0,,,,,,,,,,,,,,,,,,,,
2-2-8,u_on_x,t3,2000,700108,clean,,gm_battery,none,0,0.0,,,,,,,,,,,,,,,,,,,,
2-2-8,u_on_x,t3,2000,700108,clean,,gtest,none,0,2771.4366116222927,,,,,,,,,,,,,,,,,,,,
2-2-8,u_on_x,t3,2000,700109,clean,,kl_plugin,none,0,0.0,,,,,,,,,,,,,,,,,,,,
2-2-8,u_on_x,t3,2000,700109,clean,,kl_split,none,0,0.0,,,,,,,,,,,,,,,,,,,,
2-2-8,u_on_x,t3,2000,700109,clean,,kl_crossfit,none,0,0.0,,,,,,,,,,,,,,,,,,,,
2-2-8,u_on_x,t3,2000,700109,clean,,cf1_margin,none,0,1.0,,,,,,,,,,,,,,,,,,,,
2-2-8,u_on_x,t3,2000,700109,clean,,slack_plugin,none,0,1.0,,,,,,,,,,,,,,,,,,,,
2-2-8,u_on_x,t3,2000,700109,clean,,gm_battery,none,0,0.0,,,,,,,,,,,,,,,,,,,,
2-2-8,u_on_x,t3,2000,700109,clean,,gtest,none,0,0.0,,,,,,,,,,,,,,,,,,,,
2-2-8,u_on_x,t3,2000,700110,clean,,kl_plugin,none,0,0.0,,,,,,,,,,,,,,,,,,,,
2-2-8,u_on_x,t3,2000,700110,clean,,kl_split,none,0,0.0,,,,,,,,,,,,,,,,,,,,
2-2-8,u_on_x,t3,2000,700110,clean,,kl_crossfit,none,0,0.0,,,,,,,,,,,,,,,,,,,,
2-2-8,u_on_x,t3,2000,700110,clean,,cf1_margin,none,0,0.0,,,,,,,,,,,,,,,,,,,,
2-2-8,u_on_x,t3,2000,700110,clean,,slack_plugin,none,0,0.0,,,,,,,,,,,,,,,,,,,,
2-2-8,u_on_x,t3,2000,700110,clean,,gm_battery,none,0,0.0,,,,,,,,,,,,,,,,,,,,
2-2-8,u_on_x,t3,2000,700110,clean,,gtest,none,0,0.0,,,,,,,,,,,,,,,,,,,,
2-2-8,u_on_x,t3,2000,700111,clean,,kl_plugin,none,0,0.0,,,,,,,,,,,,,,,,,,,,
2-2-8,u_on_x,t3,2000,700111,clean,,kl_split,none,0,0.007134467368714169,,,,,,,,,,,,,,,,,,,,
2-2-8,u_on_x,t3,2000,700111,clean,,kl_crossfit,none,0,0.007126894559341679,,,,,,,,,,,,,,,,,,,,
2-2-8,u_on_x,t3,2000,700111,clean,,cf1_margin,none,0,0.0,,,,,,,,,,,,,,,,,,,,
2-2-8,u_on_x,t3,2000,700111,clean,,slack_plugin,none,0,0.0,,,,,,,,,,,,,,,,,,,,
2-2-8,u_on_x,t3,2000,700111,clean,,gm_battery,none,0,0.0,,,,,,,,,,,,,,,,,,,,
2-2-8,u_on_x,t3,2000,700111,clean,,gtest,none,0,2769.996162077342,,,,,,,,,,,,,,,,,,,,
2-2-8,u_on_x,t3,2000,700112,clean,,kl_plugin,none,0,1.1102230246251565e-16,,,,,,,,,,,,,,,,,,,,
2-2-8,u_on_x,t3,2000,700112,clean,,kl_split,none,0,0.0011131727563357778,,,,,,,,,,,,,,,,,,,,
2-2-8,u_on_x,t3,2000,700112,clean,,kl_crossfit,none,0,0.0011129249624118858,,,,,,,,,,,,,,,,,,,,
2-2-8,u_on_x,t3,2000,700112,clean,,cf1_margin,none,0,0.0,,,,,,,,,,,,,,,,,,,,
2-2-8,u_on_x,t3,2000,700112,clean,,slack_plugin,none,0,0.0,,,,,,,,,,,,,,,,,,,,
2-2-8,u_on_x,t3,2000,700112,clean,,gm_battery,none,0,0.0,,,,,,,,,,,,,,,,,,,,
2-2-8,u_on_x,t3,2000,700112,clean,,gtest,none,0,1339.4378026655688,,,,,,,,,,,,,,,,,,,,
2-2-8,u_on_x,t3,2000,700113,clean,,kl_plugin,none,0,5.63463240180872e-17,,,,,,,,,,,,,,,,,,,,
2-2-8,u_on_x,t3,2000,700113,clean,,kl_split,none,0,8.048484068747842e-06,,,,,,,,,,,,,,,,,,,,
2-2-8,u_on_x,t3,2000,700113,clean,,kl_crossfit,none,0,8.048430087627921e-06,,,,,,,,,,,,,,,,,,,,
2-2-8,u_on_x,t3,2000,700113,clean,,cf1_margin,none,0,0.0,,,,,,,,,,,,,,,,,,,,
2-2-8,u_on_x,t3,2000,700113,clean,,slack_plugin,none,0,0.0,,,,,,,,,,,,,,,,,,,,
2-2-8,u_on_x,t3,2000,700113,clean,,gm_battery,none,0,0.0,,,,,,,,,,,,,,,,,,,,
2-2-8,u_on_x,t3,2000,700113,clean,,gtest,none,0,2772.5807222344474,,,,,,,,,,,,,,,,,,,,
2-2-8,u_on_x,t3,2000,700114,clean,,kl_plugin,none,0,0.0,,,,,,,,,,,,,,,,,,,,
2-2-8,u_on_x,t3,2000,700114,clean,,kl_split,none,0,0.004086425710893057,,,,,,,,,,,,,,,,,,,,
2-2-8,u_on_x,t3,2000,700114,clean,,kl_crossfit,none,0,0.004089486103125501,,,,,,,,,,,,,,,,,,,,
2-2-8,u_on_x,t3,2000,700114,clean,,cf1_margin,none,0,0.0,,,,,,,,,,,,,,,,,,,,
2-2-8,u_on_x,t3,2000,700114,clean,,slack_plugin,none,0,0.0,,,,,,,,,,,,,,,,,,,,
2-2-8,u_on_x,t3,2000,700114,clean,,gm_battery,none,0,0.0,,,,,,,,,,,,,,,,,,,,
2-2-8,u_on_x,t3,2000,700114,clean,,gtest,none,0,2593.4810241656787,,,,,,,,,,,,,,,,,,,,
2-2-8,u_on_x,t3,2000,700115,clean,,kl_plugin,none,0,0.0,,,,,,,,,,,,,,,,,,,,
2-2-8,u_on_x,t3,2000,700115,clean,,kl_split,none,0,0.0,,,,,,,,,,,,,,,,,,,,
2-2-8,u_on_x,t3,2000,700115,clean,,kl_crossfit,none,0,0.0,,,,,,,,,,,,,,,,,,,,
2-2-8,u_on_x,t3,2000,700115,clean,,cf1_margin,none,0,0.0,,,,,,,,,,,,,,,,,,,,
2-2-8,u_on_x,t3,2000,700115,clean,,slack_plugin,none,0,0.0,,,,,,,,,,,,,,,,,,,,
2-2-8,u_on_x,t3,2000,700115,clean,,gm_battery,none,0,0.0,,,,,,,,,,,,,,,,,,,,
2-2-8,u_on_x,t3,2000,700115,clean,,gtest,none,0,1110.1859865621032,,,,,,,,,,,,,,,,,,,,
2-2-8,u_on_x,t3,2000,700116,clean,,kl_plugin,none,0,0.0,,,,,,,,,,,,,,,,,,,,
2-2-8,u_on_x,t3,2000,700116,clean,,kl_split,none,0,0.0,,,,,,,,,,,,,,,,,,,,
2-2-8,u_on_x,t3,2000,700116,clean,,kl_crossfit,none,0,0.0,,,,,,,,,,,,,,,,,,,,
2-2-8,u_on_x,t3,2000,700116,clean,,cf1_margin,none,0,1.0,,,,,,,,,,,,,,,,,,,,
2-2-8,u_on_x,t3,2000,700116,clean,,slack_plugin,none,0,1.0,,,,,,,,,,,,,,,,,,,,
2-2-8,u_on_x,t3,2000,700116,clean,,gm_battery,none,0,0.0,,,,,,,,,,,,,,,,,,,,
2-2-8,u_on_x,t3,2000,700116,clean,,gtest,none,0,0.0,,,,,,,,,,,,,,,,,,,,
2-2-8,u_on_x,t3,2000,700117,clean,,kl_plugin,none,0,0.0,,,,,,,,,,,,,,,,,,,,
2-2-8,u_on_x,t3,2000,700117,clean,,kl_split,none,0,0.0003200716749067901,,,,,,,,,,,,,,,,,,,,
2-2-8,u_on_x,t3,2000,700117,clean,,kl_crossfit,none,0,0.00032009989798550357,,,,,,,,,,,,,,,,,,,,
2-2-8,u_on_x,t3,2000,700117,clean,,cf1_margin,none,0,0.0,,,,,,,,,,,,,,,,,,,,
2-2-8,u_on_x,t3,2000,700117,clean,,slack_plugin,none,0,0.0,,,,,,,,,,,,,,,,,,,,
2-2-8,u_on_x,t3,2000,700117,clean,,gm_battery,none,0,0.0,,,,,,,,,,,,,,,,,,,,
2-2-8,u_on_x,t3,2000,700117,clean,,gtest,none,0,0.0,,,,,,,,,,,,,,,,,,,,
2-2-8,u_on_x,t3,2000,700118,clean,,kl_plugin,none,0,0.0,,,,,,,,,,,,,,,,,,,,
2-2-8,u_on_x,t3,2000,700118,clean,,kl_split,none,0,0.08614409188434272,,,,,,,,,,,,,,,,,,,,
2-2-8,u_on_x,t3,2000,700118,clean,,kl_crossfit,none,0,0.08546366228552366,,,,,,,,,,,,,,,,,,,,
2-2-8,u_on_x,t3,2000,700118,clean,,cf1_margin,none,0,0.0,,,,,,,,,,,,,,,,,,,,
2-2-8,u_on_x,t3,2000,700118,clean,,slack_plugin,none,0,0.0,,,,,,,,,,,,,,,,,,,,
2-2-8,u_on_x,t3,2000,700118,clean,,gm_battery,none,0,0.0,,,,,,,,,,,,,,,,,,,,
2-2-8,u_on_x,t3,2000,700118,clean,,gtest,none,0,0.0,,,,,,,,,,,,,,,,,,,,
2-2-8,u_on_x,t3,2000,700119,clean,,kl_plugin,none,0,7.004978607753967e-16,,,,,,,,,,,,,,,,,,,,
2-2-8,u_on_x,t3,2000,700119,clean,,kl_split,none,0,0.00031087272221057803,,,,,,,,,,,,,,,,,,,,
2-2-8,u_on_x,t3,2000,700119,clean,,kl_crossfit,none,0,0.0003102416999245161,,,,,,,,,,,,,,,,,,,,
2-2-8,u_on_x,t3,2000,700119,clean,,cf1_margin,none,0,0.0,,,,,,,,,,,,,,,,,,,,
2-2-8,u_on_x,t3,2000,700119,clean,,slack_plugin,none,0,0.0,,,,,,,,,,,,,,,,,,,,
2-2-8,u_on_x,t3,2000,700119,clean,,gm_battery,none,0,0.0,,,,,,,,,,,,,,,,,,,,
2-2-8,u_on_x,t3,2000,700119,clean,,gtest,none,0,384.3470914281469,,,,,,,,,,,,,,,,,,,,
2-2-8,u_on_x,t3,2000,700120,clean,,kl_plugin,none,0,9.45546009431576e-16,,,,,,,,,,,,,,,,,,,,
2-2-8,u_on_x,t3,2000,700120,clean,,kl_split,none,0,0.00299747382873862,,,,,,,,,,,,,,,,,,,,
2-2-8,u_on_x,t3,2000,700120,clean,,kl_crossfit,none,0,0.0029966088845351582,,,,,,,,,,,,,,,,,,,,
2-2-8,u_on_x,t3,2000,700120,clean,,cf1_margin,none,0,0.0,,,,,,,,,,,,,,,,,,,,
2-2-8,u_on_x,t3,2000,700120,clean,,slack_plugin,none,0,0.0,,,,,,,,,,,,,,,,,,,,
2-2-8,u_on_x,t3,2000,700120,clean,,gm_battery,none,0,0.0,,,,,,,,,,,,,,,,,,,,
2-2-8,u_on_x,t3,2000,700120,clean,,gtest,none,0,2666.770248820362,,,,,,,,,,,,,,,,,,,,
2-2-8,u_on_x,t3,2000,700121,clean,,kl_plugin,none,0,0.0,,,,,,,,,,,,,,,,,,,,
2-2-8,u_on_x,t3,2000,700121,clean,,kl_split,none,0,0.0,,,,,,,,,,,,,,,,,,,,
2-2-8,u_on_x,t3,2000,700121,clean,,kl_crossfit,none,0,0.0,,,,,,,,,,,,,,,,,,,,
2-2-8,u_on_x,t3,2000,700121,clean,,cf1_margin,none,0,1.0,,,,,,,,,,,,,,,,,,,,
2-2-8,u_on_x,t3,2000,700121,clean,,slack_plugin,none,0,1.0,,,,,,,,,,,,,,,,,,,,
2-2-8,u_on_x,t3,2000,700121,clean,,gm_battery,none,0,0.0,,,,,,,,,,,,,,,,,,,,
2-2-8,u_on_x,t3,2000,700121,clean,,gtest,none,0,0.0,,,,,,,,,,,,,,,,,,,,
2-2-8,u_on_x,t3,2000,700122,clean,,kl_plugin,none,0,2.444514363124484e-16,,,,,,,,,,,,,,,,,,,,
2-2-8,u_on_x,t3,2000,700122,clean,,kl_split,none,0,0.006297003822904511,,,,,,,,,,,,,,,,,,,,
2-2-8,u_on_x,t3,2000,700122,clean,,kl_crossfit,none,0,0.006292711721954121,,,,,,,,,,,,,,,,,,,,
2-2-8,u_on_x,t3,2000,700122,clean,,cf1_margin,none,0,0.0,,,,,,,,,,,,,,,,,,,,
2-2-8,u_on_x,t3,2000,700122,clean,,slack_plugin,none,0,0.0,,,,,,,,,,,,,,,,,,,,
2-2-8,u_on_x,t3,2000,700122,clean,,gm_battery,none,0,0.0,,,,,,,,,,,,,,,,,,,,
2-2-8,u_on_x,t3,2000,700122,clean,,gtest,none,0,2772.3887189063144,,,,,,,,,,,,,,,,,,,,
2-2-8,u_on_x,t3,2000,700123,clean,,kl_plugin,none,0,0.0,,,,,,,,,,,,,,,,,,,,
2-2-8,u_on_x,t3,2000,700123,clean,,kl_split,none,0,0.0010670959042783645,,,,,,,,,,,,,,,,,,,,
2-2-8,u_on_x,t3,2000,700123,clean,,kl_crossfit,none,0,0.001066773220519705,,,,,,,,,,,,,,,,,,,,
2-2-8,u_on_x,t3,2000,700123,clean,,cf1_margin,none,0,0.0,,,,,,,,,,,,,,,,,,,,
2-2-8,u_on_x,t3,2000,700123,clean,,slack_plugin,none,0,0.0,,,,,,,,,,,,,,,,,,,,
2-2-8,u_on_x,t3,2000,700123,clean,,gm_battery,none,0,0.0,,,,,,,,,,,,,,,,,,,,
2-2-8,u_on_x,t3,2000,700123,clean,,gtest,none,0,0.0,,,,,,,,,,,,,,,,,,,,
2-2-8,u_on_x,t3,2000,700124,clean,,kl_plugin,none,0,0.0,,,,,,,,,,,,,,,,,,,,
2-2-8,u_on_x,t3,2000,700124,clean,,kl_split,none,0,0.0011313669007989163,,,,,,,,,,,,,,,,,,,,
2-2-8,u_on_x,t3,2000,700124,clean,,kl_crossfit,none,0,0.0011301602348330018,,,,,,,,,,,,,,,,,,,,
2-2-8,u_on_x,t3,2000,700124,clean,,cf1_margin,none,0,0.0,,,,,,,,,,,,,,,,,,,,
2-2-8,u_on_x,t3,2000,700124,clean,,slack_plugin,none,0,0.0,,,,,,,,,,,,,,,,,,,,
2-2-8,u_on_x,t3,2000,700124,clean,,gm_battery,none,0,0.0,,,,,,,,,,,,,,,,,,,,
2-2-8,u_on_x,t3,2000,700124,clean,,gtest,none,0,233.14668508899072,,,,,,,,,,,,,,,,,,,,
2-2-8,u_on_x,t3,2000,700125,clean,,kl_plugin,none,0,0.0,,,,,,,,,,,,,,,,,,,,
2-2-8,u_on_x,t3,2000,700125,clean,,kl_split,none,0,0.0,,,,,,,,,,,,,,,,,,,,
2-2-8,u_on_x,t3,2000,700125,clean,,kl_crossfit,none,0,0.0,,,,,,,,,,,,,,,,,,,,
2-2-8,u_on_x,t3,2000,700125,clean,,cf1_margin,none,0,0.0,,,,,,,,,,,,,,,,,,,,
2-2-8,u_on_x,t3,2000,700125,clean,,slack_plugin,none,0,0.0,,,,,,,,,,,,,,,,,,,,
2-2-8,u_on_x,t3,2000,700125,clean,,gm_battery,none,0,0.0,,,,,,,,,,,,,,,,,,,,
2-2-8,u_on_x,t3,2000,700125,clean,,gtest,none,0,496.6158865321489,,,,,,,,,,,,,,,,,,,,
2-2-8,u_on_x,t3,2000,700126,clean,,kl_plugin,none,0,2.4636975417974257e-16,,,,,,,,,,,,,,,,,,,,
2-2-8,u_on_x,t3,2000,700126,clean,,kl_split,none,0,0.001082000123461959,,,,,,,,,,,,,,,,,,,,
2-2-8,u_on_x,t3,2000,700126,clean,,kl_crossfit,none,0,0.001083220421518663,,,,,,,,,,,,,,,,,,,,
2-2-8,u_on_x,t3,2000,700126,clean,,cf1_margin,none,0,0.0,,,,,,,,,,,,,,,,,,,,
2-2-8,u_on_x,t3,2000,700126,clean,,slack_plugin,none,0,0.0,,,,,,,,,,,,,,,,,,,,
2-2-8,u_on_x,t3,2000,700126,clean,,gm_battery,none,0,0.0,,,,,,,,,,,,,,,,,,,,
2-2-8,u_on_x,t3,2000,700126,clean,,gtest,none,0,2771.4366116222927,,,,,,,,,,,,,,,,,,,,
2-2-8,u_on_x,t3,2000,700127,clean,,kl_plugin,none,0,2.3499536149419024e-17,,,,,,,,,,,,,,,,,,,,
2-2-8,u_on_x,t3,2000,700127,clean,,kl_split,none,0,0.0030878186245770906,,,,,,,,,,,,,,,,,,,,
2-2-8,u_on_x,t3,2000,700127,clean,,kl_crossfit,none,0,0.003080468119636564,,,,,,,,,,,,,,,,,,,,
2-2-8,u_on_x,t3,2000,700127,clean,,cf1_margin,none,0,0.0,,,,,,,,,,,,,,,,,,,,
2-2-8,u_on_x,t3,2000,700127,clean,,slack_plugin,none,0,0.0,,,,,,,,,,,,,,,,,,,,
2-2-8,u_on_x,t3,2000,700127,clean,,gm_battery,none,0,0.0,,,,,,,,,,,,,,,,,,,,
2-2-8,u_on_x,t3,2000,700127,clean,,gtest,none,0,0.0,,,,,,,,,,,,,,,,,,,,
2-2-8,u_on_x,t3,2000,700128,clean,,kl_plugin,none,0,3.56663835782288e-16,,,,,,,,,,,,,,,,,,,,
2-2-8,u_on_x,t3,2000,700128,clean,,kl_split,none,0,0.0015811155486714357,,,,,,,,,,,,,,,,,,,,
2-2-8,u_on_x,t3,2000,700128,clean,,kl_crossfit,none,0,0.0015817182230815387,,,,,,,,,,,,,,,,,,,,
2-2-8,u_on_x,t3,2000,700128,clean,,cf1_margin,none,0,0.0,,,,,,,,,,,,,,,,,,,,
2-2-8,u_on_x,t3,2000,700128,clean,,slack_plugin,none,0,0.0,,,,,,,,,,,,,,,,,,,,
2-2-8,u_on_x,t3,2000,700128,clean,,gm_battery,none,0,0.0,,,,,,,,,,,,,,,,,,,,
2-2-8,u_on_x,t3,2000,700128,clean,,gtest,none,0,2772.300715327383,,,,,,,,,,,,,,,,,,,,
2-2-8,u_on_x,t3,2000,700129,clean,,kl_plugin,none,0,0.0,,,,,,,,,,,,,,,,,,,,
2-2-8,u_on_x,t3,2000,700129,clean,,kl_split,none,0,0.012145734989063874,,,,,,,,,,,,,,,,,,,,
2-2-8,u_on_x,t3,2000,700129,clean,,kl_crossfit,none,0,0.012149207422872949,,,,,,,,,,,,,,,,,,,,
2-2-8,u_on_x,t3,2000,700129,clean,,cf1_margin,none,0,0.0,,,,,,,,,,,,,,,,,,,,
2-2-8,u_on_x,t3,2000,700129,clean,,slack_plugin,none,0,0.0,,,,,,,,,,,,,,,,,,,,
2-2-8,u_on_x,t3,2000,700129,clean,,gm_battery,none,0,0.0,,,,,,,,,,,,,,,,,,,,
2-2-8,u_on_x,t3,2000,700129,clean,,gtest,none,0,0.0,,,,,,,,,,,,,,,,,,,,
2-2-8,u_on_x,t3,2000,700130,clean,,kl_plugin,none,0,0.0,,,,,,,,,,,,,,,,,,,,
2-2-8,u_on_x,t3,2000,700130,clean,,kl_split,none,0,0.0,,,,,,,,,,,,,,,,,,,,
2-2-8,u_on_x,t3,2000,700130,clean,,kl_crossfit,none,0,0.0,,,,,,,,,,,,,,,,,,,,
2-2-8,u_on_x,t3,2000,700130,clean,,cf1_margin,none,0,0.0,,,,,,,,,,,,,,,,,,,,
2-2-8,u_on_x,t3,2000,700130,clean,,slack_plugin,none,0,0.0,,,,,,,,,,,,,,,,,,,,
2-2-8,u_on_x,t3,2000,700130,clean,,gm_battery,none,0,0.0,,,,,,,,,,,,,,,,,,,,
2-2-8,u_on_x,t3,2000,700130,clean,,gtest,none,0,136.4055468856638,,,,,,,,,,,,,,,,,,,,
2-2-8,u_on_x,t3,2000,700131,clean,,kl_plugin,none,0,1.0854416447307723e-16,,,,,,,,,,,,,,,,,,,,
2-2-8,u_on_x,t3,2000,700131,clean,,kl_split,none,0,0.0039209817173920004,,,,,,,,,,,,,,,,,,,,
2-2-8,u_on_x,t3,2000,700131,clean,,kl_crossfit,none,0,0.003923879237756268,,,,,,,,,,,,,,,,,,,,
2-2-8,u_on_x,t3,2000,700131,clean,,cf1_margin,none,0,0.0,,,,,,,,,,,,,,,,,,,,
2-2-8,u_on_x,t3,2000,700131,clean,,slack_plugin,none,0,0.0,,,,,,,,,,,,,,,,,,,,
2-2-8,u_on_x,t3,2000,700131,clean,,gm_battery,none,0,0.0,,,,,,,,,,,,,,,,,,,,
2-2-8,u_on_x,t3,2000,700131,clean,,gtest,none,0,2771.530628939704,,,,,,,,,,,,,,,,,,,,
2-2-8,u_on_x,t3,2000,700132,clean,,kl_plugin,none,0,0.0,,,,,,,,,,,,,,,,,,,,
2-2-8,u_on_x,t3,2000,700132,clean,,kl_split,none,0,0.0,,,,,,,,,,,,,,,,,,,,
2-2-8,u_on_x,t3,2000,700132,clean,,kl_crossfit,none,0,0.0,,,,,,,,,,,,,,,,,,,,
2-2-8,u_on_x,t3,2000,700132,clean,,cf1_margin,none,0,0.0,,,,,,,,,,,,,,,,,,,,
2-2-8,u_on_x,t3,2000,700132,clean,,slack_plugin,none,0,0.0,,,,,,,,,,,,,,,,,,,,
2-2-8,u_on_x,t3,2000,700132,clean,,gm_battery,none,0,0.0,,,,,,,,,,,,,,,,,,,,
2-2-8,u_on_x,t3,2000,700132,clean,,gtest,none,0,1921.4826389816549,,,,,,,,,,,,,,,,,,,,
2-2-8,u_on_x,t3,2000,700133,clean,,kl_plugin,none,0,0.0,,,,,,,,,,,,,,,,,,,,
2-2-8,u_on_x,t3,2000,700133,clean,,kl_split,none,0,0.0037022907724052617,,,,,,,,,,,,,,,,,,,,
2-2-8,u_on_x,t3,2000,700133,clean,,kl_crossfit,none,0,0.0037009091187095618,,,,,,,,,,,,,,,,,,,,
2-2-8,u_on_x,t3,2000,700133,clean,,cf1_margin,none,0,1.0,,,,,,,,,,,,,,,,,,,,
2-2-8,u_on_x,t3,2000,700133,clean,,slack_plugin,none,0,1.0,,,,,,,,,,,,,,,,,,,,
2-2-8,u_on_x,t3,2000,700133,clean,,gm_battery,none,0,0.0,,,,,,,,,,,,,,,,,,,,
2-2-8,u_on_x,t3,2000,700133,clean,,gtest,none,0,2772.2507127188046,,,,,,,,,,,,,,,,,,,,
2-2-8,u_on_x,t3,2000,700134,clean,,kl_plugin,none,0,0.0,,,,,,,,,,,,,,,,,,,,
2-2-8,u_on_x,t3,2000,700134,clean,,kl_split,none,0,0.0449043871093725,,,,,,,,,,,,,,,,,,,,
2-2-8,u_on_x,t3,2000,700134,clean,,kl_crossfit,none,0,0.04533503517605701,,,,,,,,,,,,,,,,,,,,
2-2-8,u_on_x,t3,2000,700134,clean,,cf1_margin,none,0,0.0,,,,,,,,,,,,,,,,,,,,
2-2-8,u_on_x,t3,2000,700134,clean,,slack_plugin,none,0,0.0,,,,,,,,,,,,,,,,,,,,
2-2-8,u_on_x,t3,2000,700134,clean,,gm_battery,none,0,0.0,,,,,,,,,,,,,,,,,,,,
2-2-8,u_on_x,t3,2000,700134,clean,,gtest,none,0,2772.4907214394325,,,,,,,,,,,,,,,,,,,,
2-2-8,u_on_x,t3,2000,700135,clean,,kl_plugin,none,0,0.0,,,,,,,,,,,,,,,,,,,,
2-2-8,u_on_x,t3,2000,700135,clean,,kl_split,none,0,0.0,,,,,,,,,,,,,,,,,,,,
2-2-8,u_on_x,t3,2000,700135,clean,,kl_crossfit,none,0,0.0,,,,,,,,,,,,,,,,,,,,
2-2-8,u_on_x,t3,2000,700135,clean,,cf1_margin,none,0,0.0,,,,,,,,,,,,,,,,,,,,
2-2-8,u_on_x,t3,2000,700135,clean,,slack_plugin,none,0,0.0,,,,,,,,,,,,,,,,,,,,
2-2-8,u_on_x,t3,2000,700135,clean,,gm_battery,none,0,0.0,,,,,,,,,,,,,,,,,,,,
2-2-8,u_on_x,t3,2000,700135,clean,,gtest,none,0,0.0,,,,,,,,,,,,,,,,,,,,
2-2-8,u_on_x,t3,2000,700136,clean,,kl_plugin,none,0,2.7867422049710985e-16,,,,,,,,,,,,,,,,,,,,
2-2-8,u_on_x,t3,2000,700136,clean,,kl_split,none,0,0.007584877579376176,,,,,,,,,,,,,,,,,,,,
2-2-8,u_on_x,t3,2000,700136,clean,,kl_crossfit,none,0,0.007578593239307551,,,,,,,,,,,,,,,,,,,,
2-2-8,u_on_x,t3,2000,700136,clean,,cf1_margin,none,0,0.0,,,,,,,,,,,,,,,,,,,,
2-2-8,u_on_x,t3,2000,700136,clean,,slack_plugin,none,0,0.0,,,,,,,,,,,,,,,,,,,,
2-2-8,u_on_x,t3,2000,700136,clean,,gm_battery,none,0,0.0,,,,,,,,,,,,,,,,,,,,
2-2-8,u_on_x,t3,2000,700136,clean,,gtest,none,0,2769.700026792679,,,,,,,,,,,,,,,,,,,,
2-2-8,u_on_x,t3,2000,700137,clean,,kl_plugin,none,0,0.0,,,,,,,,,,,,,,,,,,,,
2-2-8,u_on_x,t3,2000,700137,clean,,kl_split,none,0,0.0,,,,,,,,,,,,,,,,,,,,
2-2-8,u_on_x,t3,2000,700137,clean,,kl_crossfit,none,0,0.0,,,,,,,,,,,,,,,,,,,,
2-2-8,u_on_x,t3,2000,700137,clean,,cf1_margin,none,0,0.0,,,,,,,,,,,,,,,,,,,,
2-2-8,u_on_x,t3,2000,700137,clean,,slack_plugin,none,0,0.0,,,,,,,,,,,,,,,,,,,,
2-2-8,u_on_x,t3,2000,700137,clean,,gm_battery,none,0,0.0,,,,,,,,,,,,,,,,,,,,
2-2-8,u_on_x,t3,2000,700137,clean,,gtest,none,0,294.65324291729985,,,,,,,,,,,,,,,,,,,,
2-2-8,u_on_x,t3,2000,700138,clean,,kl_plugin,none,0,3.3098002251912367e-16,,,,,,,,,,,,,,,,,,,,
2-2-8,u_on_x,t3,2000,700138,clean,,kl_split,none,0,0.0004065998878414112,,,,,,,,,,,,,,,,,,,,
2-2-8,u_on_x,t3,2000,700138,clean,,kl_crossfit,none,0,0.00040640038167138104,,,,,,,,,,,,,,,,,,,,
2-2-8,u_on_x,t3,2000,700138,clean,,cf1_margin,none,0,0.0,,,,,,,,,,,,,,,,,,,,
2-2-8,u_on_x,t3,2000,700138,clean,,slack_plugin,none,0,0.0,,,,,,,,,,,,,,,,,,,,
2-2-8,u_on_x,t3,2000,700138,clean,,gm_battery,none,0,0.0,,,,,,,,,,,,,,,,,,,,
2-2-8,u_on_x,t3,2000,700138,clean,,gtest,none,0,2771.6206441393265,,,,,,,,,,,,,,,,,,,,
2-2-8,u_on_x,t3,2000,700139,clean,,kl_plugin,none,0,0.0,,,,,,,,,,,,,,,,,,,,
2-2-8,u_on_x,t3,2000,700139,clean,,kl_split,none,0,0.0,,,,,,,,,,,,,,,,,,,,
2-2-8,u_on_x,t3,2000,700139,clean,,kl_crossfit,none,0,0.0,,,,,,,,,,,,,,,,,,,,
2-2-8,u_on_x,t3,2000,700139,clean,,cf1_margin,none,0,0.0,,,,,,,,,,,,,,,,,,,,
2-2-8,u_on_x,t3,2000,700139,clean,,slack_plugin,none,0,0.0,,,,,,,,,,,,,,,,,,,,
2-2-8,u_on_x,t3,2000,700139,clean,,gm_battery,none,0,0.0,,,,,,,,,,,,,,,,,,,,
2-2-8,u_on_x,t3,2000,700139,clean,,gtest,none,0,0.0,,,,,,,,,,,,,,,,,,,,
2-2-8,u_on_x,t3,2000,700140,clean,,kl_plugin,none,0,0.0,,,,,,,,,,,,,,,,,,,,
2-2-8,u_on_x,t3,2000,700140,clean,,kl_split,none,0,0.0138150016300716,,,,,,,,,,,,,,,,,,,,
2-2-8,u_on_x,t3,2000,700140,clean,,kl_crossfit,none,0,0.01385505184016126,,,,,,,,,,,,,,,,,,,,
2-2-8,u_on_x,t3,2000,700140,clean,,cf1_margin,none,0,0.0,,,,,,,,,,,,,,,,,,,,
2-2-8,u_on_x,t3,2000,700140,clean,,slack_plugin,none,0,0.0,,,,,,,,,,,,,,,,,,,,
2-2-8,u_on_x,t3,2000,700140,clean,,gm_battery,none,0,0.0,,,,,,,,,,,,,,,,,,,,
2-2-8,u_on_x,t3,2000,700140,clean,,gtest,none,0,1810.8029587165759,,,,,,,,,,,,,,,,,,,,
2-2-8,u_on_x,t3,2000,700141,clean,,kl_plugin,none,0,0.0,,,,,,,,,,,,,,,,,,,,
2-2-8,u_on_x,t3,2000,700141,clean,,kl_split,none,0,0.0,,,,,,,,,,,,,,,,,,,,
2-2-8,u_on_x,t3,2000,700141,clean,,kl_crossfit,none,0,0.0,,,,,,,,,,,,,,,,,,,,
2-2-8,u_on_x,t3,2000,700141,clean,,cf1_margin,none,0,0.0,,,,,,,,,,,,,,,,,,,,
2-2-8,u_on_x,t3,2000,700141,clean,,slack_plugin,none,0,0.0,,,,,,,,,,,,,,,,,,,,
2-2-8,u_on_x,t3,2000,700141,clean,,gm_battery,none,0,0.0,,,,,,,,,,,,,,,,,,,,
2-2-8,u_on_x,t3,2000,700141,clean,,gtest,none,0,0.0,,,,,,,,,,,,,,,,,,,,
2-2-8,u_on_x,t3,2000,700142,clean,,kl_plugin,none,0,0.0,,,,,,,,,,,,,,,,,,,,
2-2-8,u_on_x,t3,2000,700142,clean,,kl_split,none,0,0.0,,,,,,,,,,,,,,,,,,,,
2-2-8,u_on_x,t3,2000,700142,clean,,kl_crossfit,none,0,0.0,,,,,,,,,,,,,,,,,,,,
2-2-8,u_on_x,t3,2000,700142,clean,,cf1_margin,none,0,0.0,,,,,,,,,,,,,,,,,,,,
2-2-8,u_on_x,t3,2000,700142,clean,,slack_plugin,none,0,0.0,,,,,,,,,,,,,,,,,,,,
2-2-8,u_on_x,t3,2000,700142,clean,,gm_battery,none,0,0.0,,,,,,,,,,,,,,,,,,,,
2-2-8,u_on_x,t3,2000,700142,clean,,gtest,none,0,2619.372221768109,,,,,,,,,,,,,,,,,,,,
2-2-8,u_on_x,t3,2000,700143,clean,,kl_plugin,none,0,0.0,,,,,,,,,,,,,,,,,,,,
2-2-8,u_on_x,t3,2000,700143,clean,,kl_split,none,0,0.0,,,,,,,,,,,,,,,,,,,,
2-2-8,u_on_x,t3,2000,700143,clean,,kl_crossfit,none,0,0.0,,,,,,,,,,,,,,,,,,,,
2-2-8,u_on_x,t3,2000,700143,clean,,cf1_margin,none,0,0.0,,,,,,,,,,,,,,,,,,,,
2-2-8,u_on_x,t3,2000,700143,clean,,slack_plugin,none,0,0.0,,,,,,,,,,,,,,,,,,,,
2-2-8,u_on_x,t3,2000,700143,clean,,gm_battery,none,0,0.0,,,,,,,,,,,,,,,,,,,,
2-2-8,u_on_x,t3,2000,700143,clean,,gtest,none,0,0.0,,,,,,,,,,,,,,,,,,,,
2-2-8,u_on_x,t3,2000,700144,clean,,kl_plugin,none,0,5.57643698633315e-17,,,,,,,,,,,,,,,,,,,,
2-2-8,u_on_x,t3,2000,700144,clean,,kl_split,none,0,0.007042010660192229,,,,,,,,,,,,,,,,,,,,
2-2-8,u_on_x,t3,2000,700144,clean,,kl_crossfit,none,0,0.007041577682655082,,,,,,,,,,,,,,,,,,,,
2-2-8,u_on_x,t3,2000,700144,clean,,cf1_margin,none,0,0.0,,,,,,,,,,,,,,,,,,,,
2-2-8,u_on_x,t3,2000,700144,clean,,slack_plugin,none,0,0.0,,,,,,,,,,,,,,,,,,,,
2-2-8,u_on_x,t3,2000,700144,clean,,gm_battery,none,0,0.0,,,,,,,,,,,,,,,,,,,,
2-2-8,u_on_x,t3,2000,700144,clean,,gtest,none,0,2772.300715327383,,,,,,,,,,,,,,,,,,,,
2-2-8,u_on_x,t3,2000,700145,clean,,kl_plugin,none,0,0.0,,,,,,,,,,,,,,,,,,,,
2-2-8,u_on_x,t3,2000,700145,clean,,kl_split,none,0,0.0065699628208157335,,,,,,,,,,,,,,,,,,,,
2-2-8,u_on_x,t3,2000,700145,clean,,kl_crossfit,none,0,0.0065844398073082455,,,,,,,,,,,,,,,,,,,,
2-2-8,u_on_x,t3,2000,700145,clean,,cf1_margin,none,0,0.0,,,,,,,,,,,,,,,,,,,,
2-2-8,u_on_x,t3,2000,700145,clean,,slack_plugin,none,0,0.0,,,,,,,,,,,,,,,,,,,,
2-2-8,u_on_x,t3,2000,700145,clean,,gm_battery,none,0,0.0,,,,,,,,,,,,,,,,,,,,
2-2-8,u_on_x,t3,2000,700145,clean,,gtest,none,0,929.7419797660106,,,,,,,,,,,,,,,,,,,,
2-2-8,u_on_x,t3,2000,700146,clean,,kl_plugin,none,0,0.0,,,,,,,,,,,,,,,,,,,,
2-2-8,u_on_x,t3,2000,700146,clean,,kl_split,none,0,0.00016700997915967616,,,,,,,,,,,,,,,,,,,,
2-2-8,u_on_x,t3,2000,700146,clean,,kl_crossfit,none,0,0.0001669774493321249,,,,,,,,,,,,,,,,,,,,
2-2-8,u_on_x,t3,2000,700146,clean,,cf1_margin,none,0,0.0,,,,,,,,,,,,,,,,,,,,
2-2-8,u_on_x,t3,2000,700146,clean,,slack_plugin,none,0,0.0,,,,,,,,,,,,,,,,,,,,
2-2-8,u_on_x,t3,2000,700146,clean,,gm_battery,none,0,0.0,,,,,,,,,,,,,,,,,,,,
2-2-8,u_on_x,t3,2000,700146,clean,,gtest,none,0,1410.967824636182,,,,,,,,,,,,,,,,,,,,
2-2-8,u_on_x,t3,2000,700147,clean,,kl_plugin,none,0,0.0,,,,,,,,,,,,,,,,,,,,
2-2-8,u_on_x,t3,2000,700147,clean,,kl_split,none,0,0.006739670468110907,,,,,,,,,,,,,,,,,,,,
2-2-8,u_on_x,t3,2000,700147,clean,,kl_crossfit,none,0,0.00673653512007193,,,,,,,,,,,,,,,,,,,,
2-2-8,u_on_x,t3,2000,700147,clean,,cf1_margin,none,0,1.0,,,,,,,,,,,,,,,,,,,,
2-2-8,u_on_x,t3,2000,700147,clean,,slack_plugin,none,0,1.0,,,,,,,,,,,,,,,,,,,,
2-2-8,u_on_x,t3,2000,700147,clean,,gm_battery,none,0,0.0,,,,,,,,,,,,,,,,,,,,
2-2-8,u_on_x,t3,2000,700147,clean,,gtest,none,0,2772.300715327383,,,,,,,,,,,,,,,,,,,,
2-2-8,u_on_x,t3,2000,700148,clean,,kl_plugin,none,0,6.583880727428256e-17,,,,,,,,,,,,,,,,,,,,
2-2-8,u_on_x,t3,2000,700148,clean,,kl_split,none,0,0.004338157862162163,,,,,,,,,,,,,,,,,,,,
2-2-8,u_on_x,t3,2000,700148,clean,,kl_crossfit,none,0,0.004346564305909212,,,,,,,,,,,,,,,,,,,,
2-2-8,u_on_x,t3,2000,700148,clean,,cf1_margin,none,0,0.0,,,,,,,,,,,,,,,,,,,,
2-2-8,u_on_x,t3,2000,700148,clean,,slack_plugin,none,0,0.0,,,,,,,,,,,,,,,,,,,,
2-2-8,u_on_x,t3,2000,700148,clean,,gm_battery,none,0,0.0,,,,,,,,,,,,,,,,,,,,
2-2-8,u_on_x,t3,2000,700148,clean,,gtest,none,0,1597.9200549547425,,,,,,,,,,,,,,,,,,,,
2-2-8,u_on_x,t3,2000,700149,clean,,kl_plugin,none,0,0.0,,,,,,,,,,,,,,,,,,,,
2-2-8,u_on_x,t3,2000,700149,clean,,kl_split,none,0,0.0,,,,,,,,,,,,,,,,,,,,
2-2-8,u_on_x,t3,2000,700149,clean,,kl_crossfit,none,0,0.34657359027997264,,,,,,,,,,,,,,,,,,,,
2-2-8,u_on_x,t3,2000,700149,clean,,cf1_margin,none,0,0.0,,,,,,,,,,,,,,,,,,,,
2-2-8,u_on_x,t3,2000,700149,clean,,slack_plugin,none,0,0.0,,,,,,,,,,,,,,,,,,,,
2-2-8,u_on_x,t3,2000,700149,clean,,gm_battery,none,0,0.0,,,,,,,,,,,,,,,,,,,,
2-2-8,u_on_x,t3,2000,700149,clean,,gtest,none,0,0.0,,,,,,,,,,,,,,,,,,,,
2-2-8,u_on_x,t3,2000,700150,clean,,kl_plugin,none,0,6.522560269672795e-16,,,,,,,,,,,,,,,,,,,,
2-2-8,u_on_x,t3,2000,700150,clean,,kl_split,none,0,17.385312526263764,,,,,,,,,,,,,,,,,,,,
2-2-8,u_on_x,t3,2000,700150,clean,,kl_crossfit,none,0,8.895388817185964,,,,,,,,,,,,,,,,,,,,
2-2-8,u_on_x,t3,2000,700150,clean,,cf1_margin,none,0,0.0,,,,,,,,,,,,,,,,,,,,
2-2-8,u_on_x,t3,2000,700150,clean,,slack_plugin,none,0,0.0,,,,,,,,,,,,,,,,,,,,
2-2-8,u_on_x,t3,2000,700150,clean,,gm_battery,none,0,0.0,,,,,,,,,,,,,,,,,,,,
2-2-8,u_on_x,t3,2000,700150,clean,,gtest,none,0,17.201304835730294,,,,,,,,,,,,,,,,,,,,
2-2-8,u_on_x,t3,2000,700151,clean,,kl_plugin,none,0,0.0,,,,,,,,,,,,,,,,,,,,
2-2-8,u_on_x,t3,2000,700151,clean,,kl_split,none,0,0.056900509075825695,,,,,,,,,,,,,,,,,,,,
2-2-8,u_on_x,t3,2000,700151,clean,,kl_crossfit,none,0,0.05802988669560363,,,,,,,,,,,,,,,,,,,,
2-2-8,u_on_x,t3,2000,700151,clean,,cf1_margin,none,0,0.0,,,,,,,,,,,,,,,,,,,,
2-2-8,u_on_x,t3,2000,700151,clean,,slack_plugin,none,0,0.0,,,,,,,,,,,,,,,,,,,,
2-2-8,u_on_x,t3,2000,700151,clean,,gm_battery,none,0,0.0,,,,,,,,,,,,,,,,,,,,
2-2-8,u_on_x,t3,2000,700151,clean,,gtest,none,0,2767.5866368203197,,,,,,,,,,,,,,,,,,,,
2-2-8,u_on_x,t3,2000,700152,clean,,kl_plugin,none,0,0.0,,,,,,,,,,,,,,,,,,,,
2-2-8,u_on_x,t3,2000,700152,clean,,kl_split,none,0,0.002929187992943401,,,,,,,,,,,,,,,,,,,,
2-2-8,u_on_x,t3,2000,700152,clean,,kl_crossfit,none,0,0.002919520451273666,,,,,,,,,,,,,,,,,,,,
2-2-8,u_on_x,t3,2000,700152,clean,,cf1_margin,none,0,0.0,,,,,,,,,,,,,,,,,,,,
2-2-8,u_on_x,t3,2000,700152,clean,,slack_plugin,none,0,0.0,,,,,,,,,,,,,,,,,,,,
2-2-8,u_on_x,t3,2000,700152,clean,,gm_battery,none,0,0.0,,,,,,,,,,,,,,,,,,,,
2-2-8,u_on_x,t3,2000,700152,clean,,gtest,none,0,125.91626378866661,,,,,,,,,,,,,,,,,,,,
2-2-8,u_on_x,t3,2000,700153,clean,,kl_plugin,none,0,0.0,,,,,,,,,,,,,,,,,,,,
2-2-8,u_on_x,t3,2000,700153,clean,,kl_split,none,0,0.01317721049981975,,,,,,,,,,,,,,,,,,,,
2-2-8,u_on_x,t3,2000,700153,clean,,kl_crossfit,none,0,0.013177210499819722,,,,,,,,,,,,,,,,,,,,
2-2-8,u_on_x,t3,2000,700153,clean,,cf1_margin,none,0,0.0,,,,,,,,,,,,,,,,,,,,
2-2-8,u_on_x,t3,2000,700153,clean,,slack_plugin,none,0,0.0,,,,,,,,,,,,,,,,,,,,
2-2-8,u_on_x,t3,2000,700153,clean,,gm_battery,none,0,0.0,,,,,,,,,,,,,,,,,,,,
2-2-8,u_on_x,t3,2000,700153,clean,,gtest,none,0,633.1595226108232,,,,,,,,,,,,,,,,,,,,
2-2-8,u_on_x,t3,2000,700154,clean,,kl_plugin,none,0,0.0,,,,,,,,,,,,,,,,,,,,
2-2-8,u_on_x,t3,2000,700154,clean,,kl_split,none,0,0.012822069276155118,,,,,,,,,,,,,,,,,,,,
2-2-8,u_on_x,t3,2000,700154,clean,,kl_crossfit,none,0,0.012783353688318115,,,,,,,,,,,,,,,,,,,,
2-2-8,u_on_x,t3,2000,700154,clean,,cf1_margin,none,0,0.0,,,,,,,,,,,,,,,,,,,,
2-2-8,u_on_x,t3,2000,700154,clean,,slack_plugin,none,0,0.0,,,,,,,,,,,,,,,,,,,,
2-2-8,u_on_x,t3,2000,700154,clean,,gm_battery,none,0,0.0,,,,,,,,,,,,,,,,,,,,
2-2-8,u_on_x,t3,2000,700154,clean,,gtest,none,0,1634.3100777683458,,,,,,,,,,,,,,,,,,,,
2-2-8,u_on_x,t3,2000,700155,clean,,kl_plugin,none,0,0.0,,,,,,,,,,,,,,,,,,,,
2-2-8,u_on_x,t3,2000,700155,clean,,kl_split,none,0,0.0,,,,,,,,,,,,,,,,,,,,
2-2-8,u_on_x,t3,2000,700155,clean,,kl_crossfit,none,0,0.0,,,,,,,,,,,,,,,,,,,,
2-2-8,u_on_x,t3,2000,700155,clean,,cf1_margin,none,0,1.0,,,,,,,,,,,,,,,,,,,,
2-2-8,u_on_x,t3,2000,700155,clean,,slack_plugin,none,0,1.0,,,,,,,,,,,,,,,,,,,,
2-2-8,u_on_x,t3,2000,700155,clean,,gm_battery,none,0,0.0,,,,,,,,,,,,,,,,,,,,
2-2-8,u_on_x,t3,2000,700155,clean,,gtest,none,0,0.0,,,,,,,,,,,,,,,,,,,,
2-2-8,u_on_x,t3,2000,700156,clean,,kl_plugin,none,0,0.0,,,,,,,,,,,,,,,,,,,,
2-2-8,u_on_x,t3,2000,700156,clean,,kl_split,none,0,0.0,,,,,,,,,,,,,,,,,,,,
2-2-8,u_on_x,t3,2000,700156,clean,,kl_crossfit,none,0,0.0,,,,,,,,,,,,,,,,,,,,
2-2-8,u_on_x,t3,2000,700156,clean,,cf1_margin,none,0,0.0,,,,,,,,,,,,,,,,,,,,
2-2-8,u_on_x,t3,2000,700156,clean,,slack_plugin,none,0,0.0,,,,,,,,,,,,,,,,,,,,
2-2-8,u_on_x,t3,2000,700156,clean,,gm_battery,none,0,0.0,,,,,,,,,,,,,,,,,,,,
2-2-8,u_on_x,t3,2000,700156,clean,,gtest,none,0,2772.300715327383,,,,,,,,,,,,,,,,,,,,
2-2-8,u_on_x,t3,2000,700157,clean,,kl_plugin,none,0,0.0,,,,,,,,,,,,,,,,,,,,
2-2-8,u_on_x,t3,2000,700157,clean,,kl_split,none,0,0.0,,,,,,,,,,,,,,,,,,,,
2-2-8,u_on_x,t3,2000,700157,clean,,kl_crossfit,none,0,0.0,,,,,,,,,,,,,,,,,,,,
2-2-8,u_on_x,t3,2000,700157,clean,,cf1_margin,none,0,0.0,,,,,,,,,,,,,,,,,,,,
2-2-8,u_on_x,t3,2000,700157,clean,,slack_plugin,none,0,0.0,,,,,,,,,,,,,,,,,,,,
2-2-8,u_on_x,t3,2000,700157,clean,,gm_battery,none,0,0.0,,,,,,,,,,,,,,,,,,,,
2-2-8,u_on_x,t3,2000,700157,clean,,gtest,none,0,0.0,,,,,,,,,,,,,,,,,,,,
2-2-8,u_on_x,t3,2000,700158,clean,,kl_plugin,none,0,6.338432743907022e-19,,,,,,,,,,,,,,,,,,,,
2-2-8,u_on_x,t3,2000,700158,clean,,kl_split,none,0,0.005999831753898961,,,,,,,,,,,,,,,,,,,,
2-2-8,u_on_x,t3,2000,700158,clean,,kl_crossfit,none,0,0.0059937000457640464,,,,,,,,,,,,,,,,,,,,
2-2-8,u_on_x,t3,2000,700158,clean,,cf1_margin,none,0,0.0,,,,,,,,,,,,,,,,,,,,
2-2-8,u_on_x,t3,2000,700158,clean,,slack_plugin,none,0,0.0,,,,,,,,,,,,,,,,,,,,
2-2-8,u_on_x,t3,2000,700158,clean,,gm_battery,none,0,0.0,,,,,,,,,,,,,,,,,,,,
2-2-8,u_on_x,t3,2000,700158,clean,,gtest,none,0,2772.2507127188046,,,,,,,,,,,,,,,,,,,,
2-2-8,u_on_x,t3,2000,700159,clean,,kl_plugin,none,0,4.187635761318914e-16,,,,,,,,,,,,,,,,,,,,
2-2-8,u_on_x,t3,2000,700159,clean,,kl_split,none,0,0.019210636318383822,,,,,,,,,,,,,,,,,,,,
2-2-8,u_on_x,t3,2000,700159,clean,,kl_crossfit,none,0,0.019228902662130398,,,,,,,,,,,,,,,,,,,,
2-2-8,u_on_x,t3,2000,700159,clean,,cf1_margin,none,0,0.0,,,,,,,,,,,,,,,,,,,,
2-2-8,u_on_x,t3,2000,700159,clean,,slack_plugin,none,0,0.0,,,,,,,,,,,,,,,,,,,,
2-2-8,u_on_x,t3,2000,700159,clean,,gm_battery,none,0,0.0,,,,,,,,,,,,,,,,,,,,
2-2-8,u_on_x,t3,2000,700159,clean,,gtest,none,0,2772.516721807775,,,,,,,,,,,,,,,,,,,,
2-2-8,u_on_x,t3,2000,700160,clean,,kl_plugin,none,0,0.0,,,,,,,,,,,,,,,,,,,,
2-2-8,u_on_x,t3,2000,700160,clean,,kl_split,none,0,0.10489432153970496,,,,,,,,,,,,,,,,,,,,
2-2-8,u_on_x,t3,2000,700160,clean,,kl_crossfit,none,0,0.09832758410153018,,,,,,,,,,,,,,,,,,,,
2-2-8,u_on_x,t3,2000,700160,clean,,cf1_margin,none,0,0.0,,,,,,,,,,,,,,,,,,,,
2-2-8,u_on_x,t3,2000,700160,clean,,slack_plugin,none,0,0.0,,,,,,,,,,,,,,,,,,,,
2-2-8,u_on_x,t3,2000,700160,clean,,gm_battery,none,0,0.0,,,,,,,,,,,,,,,,,,,,
2-2-8,u_on_x,t3,2000,700160,clean,,gtest,none,0,2770.788452142534,,,,,,,,,,,,,,,,,,,,
2-2-8,u_on_x,t3,2000,700161,clean,,kl_plugin,none,0,0.0,,,,,,,,,,,,,,,,,,,,
2-2-8,u_on_x,t3,2000,700161,clean,,kl_split,none,0,0.0025163019278783977,,,,,,,,,,,,,,,,,,,,
2-2-8,u_on_x,t3,2000,700161,clean,,kl_crossfit,none,0,0.0025166219044733436,,,,,,,,,,,,,,,,,,,,
2-2-8,u_on_x,t3,2000,700161,clean,,cf1_margin,none,0,0.0,,,,,,,,,,,,,,,,,,,,
2-2-8,u_on_x,t3,2000,700161,clean,,slack_plugin,none,0,0.0,,,,,,,,,,,,,,,,,,,,
2-2-8,u_on_x,t3,2000,700161,clean,,gm_battery,none,0,0.0,,,,,,,,,,,,,,,,,,,,
2-2-8,u_on_x,t3,2000,700161,clean,,gtest,none,0,2772.538722031446,,,,,,,,,,,,,,,,,,,,
2-2-8,u_on_x,t3,2000,700162,clean,,kl_plugin,none,0,5.880040013376837e-17,,,,,,,,,,,,,,,,,,,,
2-2-8,u_on_x,t3,2000,700162,clean,,kl_split,none,0,0.00103011212281523,,,,,,,,,,,,,,,,,,,,
2-2-8,u_on_x,t3,2000,700162,clean,,kl_crossfit,none,0,0.0010304205247790854,,,,,,,,,,,,,,,,,,,,
2-2-8,u_on_x,t3,2000,700162,clean,,cf1_margin,none,0,0.0,,,,,,,,,,,,,,,,,,,,
2-2-8,u_on_x,t3,2000,700162,clean,,slack_plugin,none,0,0.0,,,,,,,,,,,,,,,,,,,,
2-2-8,u_on_x,t3,2000,700162,clean,,gm_battery,none,0,0.0,,,,,,,,,,,,,,,,,,,,
2-2-8,u_on_x,t3,2000,700162,clean,,gtest,none,0,2586.052527580813,,,,,,,,,,,,,,,,,,,,
2-2-8,u_on_x,t3,2000,700163,clean,,kl_plugin,none,0,5.551115123125783e-17,,,,,,,,,,,,,,,,,,,,
2-2-8,u_on_x,t3,2000,700163,clean,,kl_split,none,0,0.2310490601866484,,,,,,,,,,,,,,,,,,,,
2-2-8,u_on_x,t3,2000,700163,clean,,kl_crossfit,none,0,0.23104906018664842,,,,,,,,,,,,,,,,,,,,
2-2-8,u_on_x,t3,2000,700163,clean,,cf1_margin,none,0,0.0,,,,,,,,,,,,,,,,,,,,
2-2-8,u_on_x,t3,2000,700163,clean,,slack_plugin,none,0,0.0,,,,,,,,,,,,,,,,,,,,
2-2-8,u_on_x,t3,2000,700163,clean,,gm_battery,none,0,0.0,,,,,,,,,,,,,,,,,,,,
2-2-8,u_on_x,t3,2000,700163,clean,,gtest,none,0,81.69169785671963,,,,,,,,,,,,,,,,,,,,
2-2-8,u_on_x,t3,2000,700164,clean,,kl_plugin,none,0,0.0,,,,,,,,,,,,,,,,,,,,
2-2-8,u_on_x,t3,2000,700164,clean,,kl_split,none,0,0.0003575873022985676,,,,,,,,,,,,,,,,,,,,
2-2-8,u_on_x,t3,2000,700164,clean,,kl_crossfit,none,0,0.00035754468550146766,,,,,,,,,,,,,,,,,,,,
2-2-8,u_on_x,t3,2000,700164,clean,,cf1_margin,none,0,0.0,,,,,,,,,,,,,,,,,,,,
2-2-8,u_on_x,t3,2000,700164,clean,,slack_plugin,none,0,0.0,,,,,,,,,,,,,,,,,,,,
2-2-8,u_on_x,t3,2000,700164,clean,,gm_battery,none,0,0.0,,,,,,,,,,,,,,,,,,,,
2-2-8,u_on_x,t3,2000,700164,clean,,gtest,none,0,1912.595573116673,,,,,,,,,,,,,,,,,,,,
2-2-8,u_on_x,t3,2000,700165,clean,,kl_plugin,none,0,2.842438443489769e-17,,,,,,,,,,,,,,,,,,,,
2-2-8,u_on_x,t3,2000,700165,clean,,kl_split,none,0,0.000806852730412335,,,,,,,,,,,,,,,,,,,,
2-2-8,u_on_x,t3,2000,700165,clean,,kl_crossfit,none,0,0.0008067031417359049,,,,,,,,,,,,,,,,,,,,
2-2-8,u_on_x,t3,2000,700165,clean,,cf1_margin,none,0,0.0,,,,,,,,,,,,,,,,,,,,
2-2-8,u_on_x,t3,2000,700165,clean,,slack_plugin,none,0,0.0,,,,,,,,,,,,,,,,,,,,
2-2-8,u_on_x,t3,2000,700165,clean,,gm_battery,none,0,0.0,,,,,,,,,,,,,,,,,,,,
2-2-8,u_on_x,t3,2000,700165,clean,,gtest,none,0,2772.196709433444,,,,,,,,,,,,,,,,,,,,
2-2-8,u_on_x,t3,2000,700166,clean,,kl_plugin,none,0,2.819687765470586e-16,,,,,,,,,,,,,,,,,,,,
2-2-8,u_on_x,t3,2000,700166,clean,,kl_split,none,0,0.0003339584067392747,,,,,,,,,,,,,,,,,,,,
2-2-8,u_on_x,t3,2000,700166,clean,,kl_crossfit,none,0,0.0003341882650580788,,,,,,,,,,,,,,,,,,,,
2-2-8,u_on_x,t3,2000,700166,clean,,cf1_margin,none,0,0.0,,,,,,,,,,,,,,,,,,,,
2-2-8,u_on_x,t3,2000,700166,clean,,slack_plugin,none,0,0.0,,,,,,,,,,,,,,,,,,,,
2-2-8,u_on_x,t3,2000,700166,clean,,gm_battery,none,0,0.0,,,,,,,,,,,,,,,,,,,,
2-2-8,u_on_x,t3,2000,700166,clean,,gtest,none,0,956.6958409253743,,,,,,,,,,,,,,,,,,,,
2-2-8,u_on_x,t3,2000,700167,clean,,kl_plugin,none,0,0.0,,,,,,,,,,,,,,,,,,,,
2-2-8,u_on_x,t3,2000,700167,clean,,kl_split,none,0,0.0,,,,,,,,,,,,,,,,,,,,
2-2-8,u_on_x,t3,2000,700167,clean,,kl_crossfit,none,0,0.0,,,,,,,,,,,,,,,,,,,,
2-2-8,u_on_x,t3,2000,700167,clean,,cf1_margin,none,0,1.0,,,,,,,,,,,,,,,,,,,,
2-2-8,u_on_x,t3,2000,700167,clean,,slack_plugin,none,0,1.0,,,,,,,,,,,,,,,,,,,,
2-2-8,u_on_x,t3,2000,700167,clean,,gm_battery,none,0,0.0,,,,,,,,,,,,,,,,,,,,
2-2-8,u_on_x,t3,2000,700167,clean,,gtest,none,0,0.0,,,,,,,,,,,,,,,,,,,,
2-2-8,u_on_x,t3,2000,700168,clean,,kl_plugin,none,0,0.0,,,,,,,,,,,,,,,,,,,,
2-2-8,u_on_x,t3,2000,700168,clean,,kl_split,none,0,0.00617741851518637,,,,,,,,,,,,,,,,,,,,
2-2-8,u_on_x,t3,2000,700168,clean,,kl_crossfit,none,0,0.0061799688511393995,,,,,,,,,,,,,,,,,,,,
2-2-8,u_on_x,t3,2000,700168,clean,,cf1_margin,none,0,0.0,,,,,,,,,,,,,,,,,,,,
2-2-8,u_on_x,t3,2000,700168,clean,,slack_plugin,none,0,0.0,,,,,,,,,,,,,,,,,,,,
2-2-8,u_on_x,t3,2000,700168,clean,,gm_battery,none,0,0.0,,,,,,,,,,,,,,,,,,,,
2-2-8,u_on_x,t3,2000,700168,clean,,gtest,none,0,1200.8722506886186,,,,,,,,,,,,,,,,,,,,
2-2-8,u_on_x,t3,2000,700169,clean,,kl_plugin,none,0,0.0,,,,,,,,,,,,,,,,,,,,
2-2-8,u_on_x,t3,2000,700169,clean,,kl_split,none,0,0.0003242693352678346,,,,,,,,,,,,,,,,,,,,
2-2-8,u_on_x,t3,2000,700169,clean,,kl_crossfit,none,0,0.00032429221044197407,,,,,,,,,,,,,,,,,,,,
2-2-8,u_on_x,t3,2000,700169,clean,,cf1_margin,none,0,0.0,,,,,,,,,,,,,,,,,,,,
2-2-8,u_on_x,t3,2000,700169,clean,,slack_plugin,none,0,0.0,,,,,,,,,,,,,,,,,,,,
2-2-8,u_on_x,t3,2000,700169,clean,,gm_battery,none,0,0.0,,,,,,,,,,,,,,,,,,,,
2-2-8,u_on_x,t3,2000,700169,clean,,gtest,none,0,2756.7257416126977,,,,,,,,,,,,,,,,,,,,
2-2-8,u_on_x,t3,2000,700170,clean,,kl_plugin,none,0,1.615276618562486e-16,,,,,,,,,,,,,,,,,,,,
2-2-8,u_on_x,t3,2000,700170,clean,,kl_split,none,0,0.07931380781759678,,,,,,,,,,,,,,,,,,,,
2-2-8,u_on_x,t3,2000,700170,clean,,kl_crossfit,none,0,0.07874270373059504,,,,,,,,,,,,,,,,,,,,
2-2-8,u_on_x,t3,2000,700170,clean,,cf1_margin,none,0,0.0,,,,,,,,,,,,,,,,,,,,
2-2-8,u_on_x,t3,2000,700170,clean,,slack_plugin,none,0,0.0,,,,,,,,,,,,,,,,,,,,
2-2-8,u_on_x,t3,2000,700170,clean,,gm_battery,none,0,0.0,,,,,,,,,,,,,,,,,,,,
2-2-8,u_on_x,t3,2000,700170,clean,,gtest,none,0,2771.8666787931734,,,,,,,,,,,,,,,,,,,,
2-2-8,u_on_x,t3,2000,700171,clean,,kl_plugin,none,0,0.0,,,,,,,,,,,,,,,,,,,,
2-2-8,u_on_x,t3,2000,700171,clean,,kl_split,none,0,0.0006850536201860602,,,,,,,,,,,,,,,,,,,,
2-2-8,u_on_x,t3,2000,700171,clean,,kl_crossfit,none,0,0.6384564717651966,,,,,,,,,,,,,,,,,,,,
2-2-8,u_on_x,t3,2000,700171,clean,,cf1_margin,none,0,0.0,,,,,,,,,,,,,,,,,,,,
2-2-8,u_on_x,t3,2000,700171,clean,,slack_plugin,none,0,0.0,,,,,,,,,,,,,,,,,,,,
2-2-8,u_on_x,t3,2000,700171,clean,,gm_battery,none,0,0.0,,,,,,,,,,,,,,,,,,,,
2-2-8,u_on_x,t3,2000,700171,clean,,gtest,none,0,2772.3887189063144,,,,,,,,,,,,,,,,,,,,
2-2-8,u_on_x,t3,2000,700172,clean,,kl_plugin,none,0,0.0,,,,,,,,,,,,,,,,,,,,
2-2-8,u_on_x,t3,2000,700172,clean,,kl_split,none,0,0.0008332320015114088,,,,,,,,,,,,,,,,,,,,
2-2-8,u_on_x,t3,2000,700172,clean,,kl_crossfit,none,0,0.0008331478451991392,,,,,,,,,,,,,,,,,,,,
2-2-8,u_on_x,t3,2000,700172,clean,,cf1_margin,none,0,0.0,,,,,,,,,,,,,,,,,,,,
2-2-8,u_on_x,t3,2000,700172,clean,,slack_plugin,none,0,0.0,,,,,,,,,,,,,,,,,,,,
2-2-8,u_on_x,t3,2000,700172,clean,,gm_battery,none,0,0.0,,,,,,,,,,,,,,,,,,,,
2-2-8,u_on_x,t3,2000,700172,clean,,gtest,none,0,2338.9802914672487,,,,,,,,,,,,,,,,,,,,
2-2-8,u_on_x,t3,2000,700173,clean,,kl_plugin,none,0,0.0,,,,,,,,,,,,,,,,,,,,
2-2-8,u_on_x,t3,2000,700173,clean,,kl_split,none,0,0.0,,,,,,,,,,,,,,,,,,,,
2-2-8,u_on_x,t3,2000,700173,clean,,kl_crossfit,none,0,0.0,,,,,,,,,,,,,,,,,,,,
2-2-8,u_on_x,t3,2000,700173,clean,,cf1_margin,none,0,0.0,,,,,,,,,,,,,,,,,,,,
2-2-8,u_on_x,t3,2000,700173,clean,,slack_plugin,none,0,0.0,,,,,,,,,,,,,,,,,,,,
2-2-8,u_on_x,t3,2000,700173,clean,,gm_battery,none,0,0.0,,,,,,,,,,,,,,,,,,,,
2-2-8,u_on_x,t3,2000,700173,clean,,gtest,none,0,81.69169785671963,,,,,,,,,,,,,,,,,,,,
2-2-8,u_on_x,t3,2000,700174,clean,,kl_plugin,none,0,0.0,,,,,,,,,,,,,,,,,,,,
2-2-8,u_on_x,t3,2000,700174,clean,,kl_split,none,0,0.0,,,,,,,,,,,,,,,,,,,,
2-2-8,u_on_x,t3,2000,700174,clean,,kl_crossfit,none,0,0.0,,,,,,,,,,,,,,,,,,,,
2-2-8,u_on_x,t3,2000,700174,clean,,cf1_margin,none,0,0.0,,,,,,,,,,,,,,,,,,,,
2-2-8,u_on_x,t3,2000,700174,clean,,slack_plugin,none,0,0.0,,,,,,,,,,,,,,,,,,,,
2-2-8,u_on_x,t3,2000,700174,clean,,gm_battery,none,0,0.0,,,,,,,,,,,,,,,,,,,,
2-2-8,u_on_x,t3,2000,700174,clean,,gtest,none,0,0.0,,,,,,,,,,,,,,,,,,,,
2-2-8,u_on_x,t3,2000,700175,clean,,kl_plugin,none,0,5.533735301199904e-17,,,,,,,,,,,,,,,,,,,,
2-2-8,u_on_x,t3,2000,700175,clean,,kl_split,none,0,0.0005718864558475964,,,,,,,,,,,,,,,,,,,,
2-2-8,u_on_x,t3,2000,700175,clean,,kl_crossfit,none,0,0.0005718661997521843,,,,,,,,,,,,,,,,,,,,
2-2-8,u_on_x,t3,2000,700175,clean,,cf1_margin,none,0,0.0,,,,,,,,,,,,,,,,,,,,
2-2-8,u_on_x,t3,2000,700175,clean,,slack_plugin,none,0,0.0,,,,,,,,,,,,,,,,,,,,
2-2-8,u_on_x,t3,2000,700175,clean,,gm_battery,none,0,0.0,,,,,,,,,,,,,,,,,,,,
2-2-8,u_on_x,t3,2000,700175,clean,,gtest,none,0,2688.7695952120825,,,,,,,,,,,,,,,,,,,,
2-2-8,u_on_x,t3,2000,700176,clean,,kl_plugin,none,0,0.0,,,,,,,,,,,,,,,,,,,,
2-2-8,u_on_x,t3,2000,700176,clean,,kl_split,none,0,0.0026393517636939742,,,,,,,,,,,,,,,,,,,,
2-2-8,u_on_x,t3,2000,700176,clean,,kl_crossfit,none,0,0.002642627408272164,,,,,,,,,,,,,,,,,,,,
2-2-8,u_on_x,t3,2000,700176,clean,,cf1_margin,none,0,0.0,,,,,,,,,,,,,,,,,,,,
2-2-8,u_on_x,t3,2000,700176,clean,,slack_plugin,none,0,0.0,,,,,,,,,,,,,,,,,,,,
2-2-8,u_on_x,t3,2000,700176,clean,,gm_battery,none,0,0.0,,,,,,,,,,,,,,,,,,,,
2-2-8,u_on_x,t3,2000,700176,clean,,gtest,none,0,2667.7006739454673,,,,,,,,,,,,,,,,,,,,
2-2-8,u_on_x,t3,2000,700177,clean,,kl_plugin,none,0,0.0,,,,,,,,,,,,,,,,,,,,
2-2-8,u_on_x,t3,2000,700177,clean,,kl_split,none,0,0.0010728949310668534,,,,,,,,,,,,,,,,,,,,
2-2-8,u_on_x,t3,2000,700177,clean,,kl_crossfit,none,0,0.0010732440772833213,,,,,,,,,,,,,,,,,,,,
2-2-8,u_on_x,t3,2000,700177,clean,,cf1_margin,none,0,0.0,,,,,,,,,,,,,,,,,,,,
2-2-8,u_on_x,t3,2000,700177,clean,,slack_plugin,none,0,0.0,,,,,,,,,,,,,,,,,,,,
2-2-8,u_on_x,t3,2000,700177,clean,,gm_battery,none,0,0.0,,,,,,,,,,,,,,,,,,,,
2-2-8,u_on_x,t3,2000,700177,clean,,gtest,none,0,2770.788452142534,,,,,,,,,,,,,,,,,,,,
2-2-8,u_on_x,t3,2000,700178,clean,,kl_plugin,none,0,0.0,,,,,,,,,,,,,,,,,,,,
2-2-8,u_on_x,t3,2000,700178,clean,,kl_split,none,0,0.0012557590275680333,,,,,,,,,,,,,,,,,,,,
2-2-8,u_on_x,t3,2000,700178,clean,,kl_crossfit,none,0,0.001257340461314661,,,,,,,,,,,,,,,,,,,,
2-2-8,u_on_x,t3,2000,700178,clean,,cf1_margin,none,0,0.0,,,,,,,,,,,,,,,,,,,,
2-2-8,u_on_x,t3,2000,700178,clean,,slack_plugin,none,0,0.0,,,,,,,,,,,,,,,,,,,,
2-2-8,u_on_x,t3,2000,700178,clean,,gm_battery,none,0,0.0,,,,,,,,,,,,,,,,,,,,
2-2-8,u_on_x,t3,2000,700178,clean,,gtest,none,0,368.57009590327107,,,,,,,,,,,,,,,,,,,,
2-2-8,u_on_x,t3,2000,700179,clean,,kl_plugin,none,0,0.0,,,,,,,,,,,,,,,,,,,,
2-2-8,u_on_x,t3,2000,700179,clean,,kl_split,none,0,0.0,,,,,,,,,,,,,,,,,,,,
2-2-8,u_on_x,t3,2000,700179,clean,,kl_crossfit,none,0,0.0,,,,,,,,,,,,,,,,,,,,
2-2-8,u_on_x,t3,2000,700179,clean,,cf1_margin,none,0,0.0,,,,,,,,,,,,,,,,,,,,
2-2-8,u_on_x,t3,2000,700179,clean,,slack_plugin,none,0,0.0,,,,,,,,,,,,,,,,,,,,
2-2-8,u_on_x,t3,2000,700179,clean,,gm_battery,none,0,0.0,,,,,,,,,,,,,,,,,,,,
2-2-8,u_on_x,t3,2000,700179,clean,,gtest,none,0,2643.168788610353,,,,,,,,,,,,,,,,,,,,
2-2-8,u_on_x,t3,2000,700180,clean,,kl_plugin,none,0,0.0,,,,,,,,,,,,,,,,,,,,
2-2-8,u_on_x,t3,2000,700180,clean,,kl_split,none,0,0.0,,,,,,,,,,,,,,,,,,,,
2-2-8,u_on_x,t3,2000,700180,clean,,kl_crossfit,none,0,0.0,,,,,,,,,,,,,,,,,,,,
2-2-8,u_on_x,t3,2000,700180,clean,,cf1_margin,none,0,0.0,,,,,,,,,,,,,,,,,,,,
2-2-8,u_on_x,t3,2000,700180,clean,,slack_plugin,none,0,0.0,,,,,,,,,,,,,,,,,,,,
2-2-8,u_on_x,t3,2000,700180,clean,,gm_battery,none,0,0.0,,,,,,,,,,,,,,,,,,,,
2-2-8,u_on_x,t3,2000,700180,clean,,gtest,none,0,2247.140686044661,,,,,,,,,,,,,,,,,,,,
2-2-8,u_on_x,t3,2000,700181,clean,,kl_plugin,none,0,5.4697375192265566e-17,,,,,,,,,,,,,,,,,,,,
2-2-8,u_on_x,t3,2000,700181,clean,,kl_split,none,0,0.0006338474794524568,,,,,,,,,,,,,,,,,,,,
2-2-8,u_on_x,t3,2000,700181,clean,,kl_crossfit,none,0,0.0006339578242868914,,,,,,,,,,,,,,,,,,,,
2-2-8,u_on_x,t3,2000,700181,clean,,cf1_margin,none,0,0.0,,,,,,,,,,,,,,,,,,,,
2-2-8,u_on_x,t3,2000,700181,clean,,slack_plugin,none,0,0.0,,,,,,,,,,,,,,,,,,,,
2-2-8,u_on_x,t3,2000,700181,clean,,gm_battery,none,0,0.0,,,,,,,,,,,,,,,,,,,,
2-2-8,u_on_x,t3,2000,700181,clean,,gtest,none,0,2765.6226774848656,,,,,,,,,,,,,,,,,,,,
2-2-8,u_on_x,t3,2000,700182,clean,,kl_plugin,none,0,0.0,,,,,,,,,,,,,,,,,,,,
2-2-8,u_on_x,t3,2000,700182,clean,,kl_split,none,0,0.011365342682015292,,,,,,,,,,,,,,,,,,,,
2-2-8,u_on_x,t3,2000,700182,clean,,kl_crossfit,none,0,0.01135508921085654,,,,,,,,,,,,,,,,,,,,
2-2-8,u_on_x,t3,2000,700182,clean,,cf1_margin,none,0,0.0,,,,,,,,,,,,,,,,,,,,
2-2-8,u_on_x,t3,2000,700182,clean,,slack_plugin,none,0,0.0,,,,,,,,,,,,,,,,,,,,
2-2-8,u_on_x,t3,2000,700182,clean,,gm_battery,none,0,0.0,,,,,,,,,,,,,,,,,,,,
2-2-8,u_on_x,t3,2000,700182,clean,,gtest,none,0,2496.812214130525,,,,,,,,,,,,,,,,,,,,
2-2-8,u_on_x,t3,2000,700183,clean,,kl_plugin,none,0,0.0,,,,,,,,,,,,,,,,,,,,
2-2-8,u_on_x,t3,2000,700183,clean,,kl_split,none,0,0.0013739663959464014,,,,,,,,,,,,,,,,,,,,
2-2-8,u_on_x,t3,2000,700183,clean,,kl_crossfit,none,0,0.0013744305455060685,,,,,,,,,,,,,,,,,,,,
2-2-8,u_on_x,t3,2000,700183,clean,,cf1_margin,none,0,0.0,,,,,,,,,,,,,,,,,,,,
2-2-8,u_on_x,t3,2000,700183,clean,,slack_plugin,none,0,0.0,,,,,,,,,,,,,,,,,,,,
2-2-8,u_on_x,t3,2000,700183,clean,,gm_battery,none,0,0.0,,,,,,,,,,,,,,,,,,,,
2-2-8,u_on_x,t3,2000,700183,clean,,gtest,none,0,0.0,,,,,,,,,,,,,,,,,,,,
2-2-8,u_on_x,t3,2000,700184,clean,,kl_plugin,none,0,0.0,,,,,,,,,,,,,,,,,,,,
2-2-8,u_on_x,t3,2000,700184,clean,,kl_split,none,0,0.0013934656543795748,,,,,,,,,,,,,,,,,,,,
2-2-8,u_on_x,t3,2000,700184,clean,,kl_crossfit,none,0,0.0013937726587512234,,,,,,,,,,,,,,,,,,,,
2-2-8,u_on_x,t3,2000,700184,clean,,cf1_margin,none,0,0.0,,,,,,,,,,,,,,,,,,,,
2-2-8,u_on_x,t3,2000,700184,clean,,slack_plugin,none,0,0.0,,,,,,,,,,,,,,,,,,,,
2-2-8,u_on_x,t3,2000,700184,clean,,gm_battery,none,0,0.0,,,,,,,,,,,,,,,,,,,,
2-2-8,u_on_x,t3,2000,700184,clean,,gtest,none,0,2772.516721807775,,,,,,,,,,,,,,,,,,,,
2-2-8,u_on_x,t3,2000,700185,clean,,kl_plugin,none,0,7.737918050417758e-17,,,,,,,,,,,,,,,,,,,,
2-2-8,u_on_x,t3,2000,700185,clean,,kl_split,none,0,0.0,,,,,,,,,,,,,,,,,,,,
2-2-8,u_on_x,t3,2000,700185,clean,,kl_crossfit,none,0,0.0,,,,,,,,,,,,,,,,,,,,
2-2-8,u_on_x,t3,2000,700185,clean,,cf1_margin,none,0,0.0,,,,,,,,,,,,,,,,,,,,
2-2-8,u_on_x,t3,2000,700185,clean,,slack_plugin,none,0,0.0,,,,,,,,,,,,,,,,,,,,
2-2-8,u_on_x,t3,2000,700185,clean,,gm_battery,none,0,0.0,,,,,,,,,,,,,,,,,,,,
2-2-8,u_on_x,t3,2000,700185,clean,,gtest,none,0,437.9818118798713,,,,,,,,,,,,,,,,,,,,
2-2-8,u_on_x,t3,2000,700186,clean,,kl_plugin,none,0,0.0,,,,,,,,,,,,,,,,,,,,
2-2-8,u_on_x,t3,2000,700186,clean,,kl_split,none,0,0.00031443129573686945,,,,,,,,,,,,,,,,,,,,
2-2-8,u_on_x,t3,2000,700186,clean,,kl_crossfit,none,0,0.00031437662546957186,,,,,,,,,,,,,,,,,,,,
2-2-8,u_on_x,t3,2000,700186,clean,,cf1_margin,none,0,0.0,,,,,,,,,,,,,,,,,,,,
2-2-8,u_on_x,t3,2000,700186,clean,,slack_plugin,none,0,0.0,,,,,,,,,,,,,,,,,,,,
2-2-8,u_on_x,t3,2000,700186,clean,,gm_battery,none,0,0.0,,,,,,,,,,,,,,,,,,,,
2-2-8,u_on_x,t3,2000,700186,clean,,gtest,none,0,896.8283017674291,,,,,,,,,,,,,,,,,,,,
2-2-8,u_on_x,t3,2000,700187,clean,,kl_plugin,none,0,0.0,,,,,,,,,,,,,,,,,,,,
2-2-8,u_on_x,t3,2000,700187,clean,,kl_split,none,0,0.0,,,,,,,,,,,,,,,,,,,,
2-2-8,u_on_x,t3,2000,700187,clean,,kl_crossfit,none,0,0.0,,,,,,,,,,,,,,,,,,,,
2-2-8,u_on_x,t3,2000,700187,clean,,cf1_margin,none,0,0.0,,,,,,,,,,,,,,,,,,,,
2-2-8,u_on_x,t3,2000,700187,clean,,slack_plugin,none,0,0.0,,,,,,,,,,,,,,,,,,,,
2-2-8,u_on_x,t3,2000,700187,clean,,gm_battery,none,0,0.0,,,,,,,,,,,,,,,,,,,,
2-2-8,u_on_x,t3,2000,700187,clean,,gtest,none,0,0.0,,,,,,,,,,,,,,,,,,,,
2-2-8,u_on_x,t3,2000,700188,clean,,kl_plugin,none,0,0.0,,,,,,,,,,,,,,,,,,,,
2-2-8,u_on_x,t3,2000,700188,clean,,kl_split,none,0,0.0,,,,,,,,,,,,,,,,,,,,
2-2-8,u_on_x,t3,2000,700188,clean,,kl_crossfit,none,0,0.0,,,,,,,,,,,,,,,,,,,,
2-2-8,u_on_x,t3,2000,700188,clean,,cf1_margin,none,0,0.0,,,,,,,,,,,,,,,,,,,,
2-2-8,u_on_x,t3,2000,700188,clean,,slack_plugin,none,0,0.0,,,,,,,,,,,,,,,,,,,,
2-2-8,u_on_x,t3,2000,700188,clean,,gm_battery,none,0,0.0,,,,,,,,,,,,,,,,,,,,
2-2-8,u_on_x,t3,2000,700188,clean,,gtest,none,0,0.0,,,,,,,,,,,,,,,,,,,,
2-2-8,u_on_x,t3,2000,700189,clean,,kl_plugin,none,0,0.0,,,,,,,,,,,,,,,,,,,,
2-2-8,u_on_x,t3,2000,700189,clean,,kl_split,none,0,0.001136786455019561,,,,,,,,,,,,,,,,,,,,
2-2-8,u_on_x,t3,2000,700189,clean,,kl_crossfit,none,0,0.0011373115035860186,,,,,,,,,,,,,,,,,,,,
2-2-8,u_on_x,t3,2000,700189,clean,,cf1_margin,none,0,0.0,,,,,,,,,,,,,,,,,,,,
2-2-8,u_on_x,t3,2000,700189,clean,,slack_plugin,none,0,0.0,,,,,,,,,,,,,,,,,,,,
2-2-8,u_on_x,t3,2000,700189,clean,,gm_battery,none,0,0.0,,,,,,,,,,,,,,,,,,,,
2-2-8,u_on_x,t3,2000,700189,clean,,gtest,none,0,2764.645462898545,,,,,,,,,,,,,,,,,,,,
2-2-8,u_on_x,t3,2000,700190,clean,,kl_plugin,none,0,2.220446049250313e-16,,,,,,,,,,,,,,,,,,,,
2-2-8,u_on_x,t3,2000,700190,clean,,kl_split,none,0,8.00279565283616e-06,,,,,,,,,,,,,,,,,,,,
2-2-8,u_on_x,t3,2000,700190,clean,,kl_crossfit,none,0,8.002603527468895e-06,,,,,,,,,,,,,,,,,,,,
2-2-8,u_on_x,t3,2000,700190,clean,,cf1_margin,none,0,1.0,,,,,,,,,,,,,,,,,,,,
2-2-8,u_on_x,t3,2000,700190,clean,,slack_plugin,none,0,1.0,,,,,,,,,,,,,,,,,,,,
2-2-8,u_on_x,t3,2000,700190,clean,,gm_battery,none,0,0.0,,,,,,,,,,,,,,,,,,,,
2-2-8,u_on_x,t3,2000,700190,clean,,gtest,none,0,2771.9406872432455,,,,,,,,,,,,,,,,,,,,
2-2-8,u_on_x,t3,2000,700191,clean,,kl_plugin,none,0,0.0,,,,,,,,,,,,,,,,,,,,
2-2-8,u_on_x,t3,2000,700191,clean,,kl_split,none,0,0.0,,,,,,,,,,,,,,,,,,,,
2-2-8,u_on_x,t3,2000,700191,clean,,kl_crossfit,none,0,0.0,,,,,,,,,,,,,,,,,,,,
2-2-8,u_on_x,t3,2000,700191,clean,,cf1_margin,none,0,1.0,,,,,,,,,,,,,,,,,,,,
2-2-8,u_on_x,t3,2000,700191,clean,,slack_plugin,none,0,1.0,,,,,,,,,,,,,,,,,,,,
2-2-8,u_on_x,t3,2000,700191,clean,,gm_battery,none,0,0.0,,,,,,,,,,,,,,,,,,,,
2-2-8,u_on_x,t3,2000,700191,clean,,gtest,none,0,0.0,,,,,,,,,,,,,,,,,,,,
2-2-8,u_on_x,t3,2000,700192,clean,,kl_plugin,none,0,0.0,,,,,,,,,,,,,,,,,,,,
2-2-8,u_on_x,t3,2000,700192,clean,,kl_split,none,0,0.0,,,,,,,,,,,,,,,,,,,,
2-2-8,u_on_x,t3,2000,700192,clean,,kl_crossfit,none,0,0.0,,,,,,,,,,,,,,,,,,,,
2-2-8,u_on_x,t3,2000,700192,clean,,cf1_margin,none,0,0.0,,,,,,,,,,,,,,,,,,,,
2-2-8,u_on_x,t3,2000,700192,clean,,slack_plugin,none,0,0.0,,,,,,,,,,,,,,,,,,,,
2-2-8,u_on_x,t3,2000,700192,clean,,gm_battery,none,0,0.0,,,,,,,,,,,,,,,,,,,,
2-2-8,u_on_x,t3,2000,700192,clean,,gtest,none,0,0.0,,,,,,,,,,,,,,,,,,,,
2-2-8,u_on_x,t3,2000,700193,clean,,kl_plugin,none,0,2.220446049250313e-16,,,,,,,,,,,,,,,,,,,,
2-2-8,u_on_x,t3,2000,700193,clean,,kl_split,none,0,1.7464936628454938e-05,,,,,,,,,,,,,,,,,,,,
2-2-8,u_on_x,t3,2000,700193,clean,,kl_crossfit,none,0,1.7466586701427944e-05,,,,,,,,,,,,,,,,,,,,
2-2-8,u_on_x,t3,2000,700193,clean,,cf1_margin,none,0,0.0,,,,,,,,,,,,,,,,,,,,
2-2-8,u_on_x,t3,2000,700193,clean,,slack_plugin,none,0,0.0,,,,,,,,,,,,,,,,,,,,
2-2-8,u_on_x,t3,2000,700193,clean,,gm_battery,none,0,0.0,,,,,,,,,,,,,,,,,,,,
2-2-8,u_on_x,t3,2000,700193,clean,,gtest,none,0,1158.4986239262726,,,,,,,,,,,,,,,,,,,,
2-2-8,u_on_x,t3,2000,700194,clean,,kl_plugin,none,0,6.47630097698008e-17,,,,,,,,,,,,,,,,,,,,
2-2-8,u_on_x,t3,2000,700194,clean,,kl_split,none,0,0.044612229139367965,,,,,,,,,,,,,,,,,,,,
2-2-8,u_on_x,t3,2000,700194,clean,,kl_crossfit,none,0,0.04436328148127143,,,,,,,,,,,,,,,,,,,,
2-2-8,u_on_x,t3,2000,700194,clean,,cf1_margin,none,0,0.0,,,,,,,,,,,,,,,,,,,,
2-2-8,u_on_x,t3,2000,700194,clean,,slack_plugin,none,0,0.0,,,,,,,,,,,,,,,,,,,,
2-2-8,u_on_x,t3,2000,700194,clean,,gm_battery,none,0,0.0,,,,,,,,,,,,,,,,,,,,
2-2-8,u_on_x,t3,2000,700194,clean,,gtest,none,0,874.5274087688691,,,,,,,,,,,,,,,,,,,,
2-2-8,u_on_x,t3,2000,700195,clean,,kl_plugin,none,0,0.0,,,,,,,,,,,,,,,,,,,,
2-2-8,u_on_x,t3,2000,700195,clean,,kl_split,none,0,0.005817474543046763,,,,,,,,,,,,,,,,,,,,
2-2-8,u_on_x,t3,2000,700195,clean,,kl_crossfit,none,0,0.005810240769398706,,,,,,,,,,,,,,,,,,,,
2-2-8,u_on_x,t3,2000,700195,clean,,cf1_margin,none,0,0.0,,,,,,,,,,,,,,,,,,,,
2-2-8,u_on_x,t3,2000,700195,clean,,slack_plugin,none,0,0.0,,,,,,,,,,,,,,,,,,,,
2-2-8,u_on_x,t3,2000,700195,clean,,gm_battery,none,0,0.0,,,,,,,,,,,,,,,,,,,,
2-2-8,u_on_x,t3,2000,700195,clean,,gtest,none,0,1930.3102607080484,,,,,,,,,,,,,,,,,,,,
2-2-8,u_on_x,t3,2000,700196,clean,,kl_plugin,none,0,0.0,,,,,,,,,,,,,,,,,,,,
2-2-8,u_on_x,t3,2000,700196,clean,,kl_split,none,0,0.03170857307794625,,,,,,,,,,,,,,,,,,,,
2-2-8,u_on_x,t3,2000,700196,clean,,kl_crossfit,none,0,0.03150759376530516,,,,,,,,,,,,,,,,,,,,
2-2-8,u_on_x,t3,2000,700196,clean,,cf1_margin,none,0,0.0,,,,,,,,,,,,,,,,,,,,
2-2-8,u_on_x,t3,2000,700196,clean,,slack_plugin,none,0,0.0,,,,,,,,,,,,,,,,,,,,
2-2-8,u_on_x,t3,2000,700196,clean,,gm_battery,none,0,0.0,,,,,,,,,,,,,,,,,,,,
2-2-8,u_on_x,t3,2000,700196,clean,,gtest,none,0,962.0364062159933,,,,,,,,,,,,,,,,,,,,
2-2-8,u_on_x,t3,2000,700197,clean,,kl_plugin,none,0,0.0,,,,,,,,,,,,,,,,,,,,
2-2-8,u_on_x,t3,2000,700197,clean,,kl_split,none,0,0.07864386024921713,,,,,,,,,,,,,,,,,,,,
2-2-8,u_on_x,t3,2000,700197,clean,,kl_crossfit,none,0,0.0808707299854371,,,,,,,,,,,,,,,,,,,,
2-2-8,u_on_x,t3,2000,700197,clean,,cf1_margin,none,0,0.0,,,,,,,,,,,,,,,,,,,,
2-2-8,u_on_x,t3,2000,700197,clean,,slack_plugin,none,0,0.0,,,,,,,,,,,,,,,,,,,,
2-2-8,u_on_x,t3,2000,700197,clean,,gm_battery,none,0,0.0,,,,,,,,,,,,,,,,,,,,
2-2-8,u_on_x,t3,2000,700197,clean,,gtest,none,0,294.65324291729985,,,,,,,,,,,,,,,,,,,,
2-2-8,u_on_x,t3,2000,700198,clean,,kl_plugin,none,0,0.0,,,,,,,,,,,,,,,,,,,,
2-2-8,u_on_x,t3,2000,700198,clean,,kl_split,none,0,0.011314030147406465,,,,,,,,,,,,,,,,,,,,
2-2-8,u_on_x,t3,2000,700198,clean,,kl_crossfit,none,0,0.011300367854418347,,,,,,,,,,,,,,,,,,,,
2-2-8,u_on_x,t3,2000,700198,clean,,cf1_margin,none,0,0.0,,,,,,,,,,,,,,,,,,,,
2-2-8,u_on_x,t3,2000,700198,clean,,slack_plugin,none,0,0.0,,,,,,,,,,,,,,,,,,,,
2-2-8,u_on_x,t3,2000,700198,clean,,gm_battery,none,0,0.0,,,,,,,,,,,,,,,,,,,,
2-2-8,u_on_x,t3,2000,700198,clean,,gtest,none,0,1826.712565809076,,,,,,,,,,,,,,,,,,,,
2-2-8,u_on_x,t3,2000,700199,clean,,kl_plugin,none,0,0.0,,,,,,,,,,,,,,,,,,,,
2-2-8,u_on_x,t3,2000,700199,clean,,kl_split,none,0,0.0,,,,,,,,,,,,,,,,,,,,
2-2-8,u_on_x,t3,2000,700199,clean,,kl_crossfit,none,0,0.0,,,,,,,,,,,,,,,,,,,,
2-2-8,u_on_x,t3,2000,700199,clean,,cf1_margin,none,0,0.0,,,,,,,,,,,,,,,,,,,,
2-2-8,u_on_x,t3,2000,700199,clean,,slack_plugin,none,0,0.0,,,,,,,,,,,,,,,,,,,,
2-2-8,u_on_x,t3,2000,700199,clean,,gm_battery,none,0,0.0,,,,,,,,,,,,,,,,,,,,
2-2-8,u_on_x,t3,2000,700199,clean,,gtest,none,0,0.0,,,,,,,,,,,,,,,,,,,,
