cell,kind,tail,n,seed,arm,feas_contam,stat,engine,B,stat_obs,cv_0.01,cv_0.02,cv_0.03,cv_0.04,cv_0.05,cv_0.06,cv_0.07,cv_0.08,cv_0.09,cv_0.10,cv_0.11,cv_0.12,cv_0.13,cv_0.14,cv_0.15,cv_0.16,cv_0.17,cv_0.18,cv_0.19,cv_0.20
2-2-4,u_on_y,none,2000,700000,clean,,kl_plugin,para_boot,99,0.0,0.0,0.0,0.0,0.0,0.0,0.0,0.0,0.0,0.0,0.0,0.0,0.0,0.0,0.0,0.0,0.0,0.0,0.0,0.0,0.0
2-2-4,u_on_y,none,2000,700000,clean,,kl_split,para_boot,99,0.0,0.0,0.0,0.0,0.0,0.0,0.0,0.0,0.0,0.0,0.0,0.0,0.0,0.0,0.0,0.0,0.0,0.0,0.0,0.0,0.0
2-2-4,u_on_y,none,2000,700000,clean,,kl_crossfit,para_boot,99,0.0,0.0,0.0,0.0,0.0,0.0,0.0,0.0,0.0,0.0,0.0,0.0,0.0,0.0,0.0,0.0,0.0,0.0,0.0,0.0,0.0
2-2-4,u_on_y,none,2000,700000,clean,,cf1_margin,para_boot,99,0.0,0.0,0.0,0.0,0.0,0.0,0.0,0.0,0.0,0.0,0.0,0.0,0.0,0.0,0.0,0.0,0.0,0.0,0.0,0.0,0.0
2-2-4,u_on_y,none,2000,700000,clean,,slack_plugin,para_boot,99,0.0,0.0,0.0,0.0,0.0,0.0,0.0,0.0,0.0,0.0,0.0,0.0,0.0,0.0,0.0,0.0,0.0,0.0,0.0,0.0,0.0
2-2-4,u_on_y,none,2000,700000,clean,,gm_battery,para_boot,99,0.0,0.0,0.0,0.0,0.0,0.0,0.0,0.0,0.0,0.0,0.0,0.0,0.0,0.0,0.0,0.0,0.0,0.0,0.0,0.0,0.0
2-2-4,u_on_y,none,2000,700000,clean,,gtest,para_boot,99,0.0,0.0,0.0,0.0,0.0,0.0,0.0,0.0,0.0,0.0,0.0,0.0,0.0,0.0,0.0,0.0,0.0,0.0,0.0,0.0,0.0
2-2-4,u_on_y,none,2000,700000,clean,,kl_plugin,crt_cond,99,0.0,0.0,0.0,0.0,0.0,0.0,0.0,0.0,0.0,0.0,0.0,0.0,0.0,0.0,0.0,0.0,0.0,0.0,0.0,0.0,0.0
2-2-4,u_on_y,none,2000,700000,clean,,gm_battery,crt_cond,99,0.0,0.0,0.0,0.0,0.0,0.0,0.0,0.0,0.0,0.0,0.0,0.0,0.0,0.0,0.0,0.0,0.0,0.0,0.0,0.0,0.0
2-2-4,u_on_y,none,2000,700000,clean,,gtest,crt_cond,99,0.0,0.0,0.0,0.0,0.0,0.0,0.0,0.0,0.0,0.0,0.0,0.0,0.0,0.0,0.0,0.0,0.0,0.0,0.0,0.0,0.0
2-2-4,u_on_y,none,2000,700001,clean,,kl_plugin,para_boot,99,0.0,0.0,0.0,0.0,0.0,0.0,0.0,0.0,0.0,0.0,0.0,0.0,0.0,0.0,0.0,0.0,0.0,0.0,0.0,0.0,0.0
2-2-4,u_on_y,none,2000,700001,clean,,kl_split,para_boot,99,0.0,0.0,0.0,0.0,0.0,0.0,0.0,0.0,0.0,0.0,0.0,0.0,0.0,0.0,0.0,0.0,0.0,0.0,0.0,0.0,0.0
2-2-4,u_on_y,none,2000,700001,clean,,kl_crossfit,para_boot,99,0.0,0.0,0.0,0.0,0.0,0.0,0.0,0.0,0.0,0.0,0.0,0.0,0.0,0.0,0.0,0.0,0.0,0.0,0.0,0.0,0.0
2-2-4,u_on_y,none,2000,700001,clean,,cf1_margin,para_boot,99,0.0,0.0,0.0,0.0,0.0,0.0,0.0,0.0,0.0,0.0,0.0,0.0,0.0,0.0,0.0,0.0,0.0,0.0,0.0,0.0,0.0
2-2-4,u_on_y,none,2000,700001,clean,,slack_plugin,para_boot,99,0.0,0.0,0.0,0.0,0.0,0.0,0.0,0.0,0.0,0.0,0.0,0.0,0.0,0.0,0.0,0.0,0.0,0.0,0.0,0.0,0.0
2-2-4,u_on_y,none,2000,700001,clean,,gm_battery,para_boot,99,0.0,0.0,0.0,0.0,0.0,0.0,0.0,0.0,0.0,0.0,0.0,0.0,0.0,0.0,0.0,0.0,0.0,0.0,0.0,0.0,0.0
2-2-4,u_on_y,none,2000,700001,clean,,gtest,para_boot,99,0.0,0.0,0.0,0.0,0.0,0.0,0.0,0.0,0.0,0.0,0.0,0.0,0.0,0.0,0.0,0.0,0.0,0.0,0.0,0.0,0.0
2-2-4,u_on_y,none,2000,700001,clean,,kl_plugin,crt_cond,99,0.0,0.0,0.0,0.0,0.0,0.0,0.0,0.0,0.0,0.0,0.0,0.0,0.0,0.0,0.0,0.0,0.0,0.0,0.0,0.0,0.0
2-2-4,u_on_y,none,2000,700001,clean,,gm_battery,crt_cond,99,0.0,0.0,0.0,0.0,0.0,0.0,0.0,0.0,0.0,0.0,0.0,0.0,0.0,0.0,0.0,0.0,0.0,0.0,0.0,0.0,0.0
2-2-4,u_on_y,none,2000,700001,clean,,gtest,crt_cond,99,0.0,0.0,0.0,0.0,0.0,0.0,0.0,0.0,0.0,0.0,0.0,0.0,0.0,0.0,0.0,0.0,0.0,0.0,0.0,0.0,0.0
2-2-4,u_on_y,none,2000,700002,clean,,kl_plugin,para_boot,99,6.310741403132469e-17,1.684774239703545e-16,1.238018480697117e-16,1.2242870340044534e-16,1.2082992635496403e-16,1.2076110092413984e-16,1.2017467865118182e-16,1.1866351356317464e-16,1.1788549934201662e-16,1.1651009688081492e-16,1.155938090345016e-16,1.1502638550214737e-16,1.1456799243400951e-16,1.1455304706379707e-16,1.133678440638364e-16,1.1322804357104247e-16,1.1280064079940555e-16,1.1192597236628032e-16,1.1127840927327118e-16,8.80521709185469e-17,8.16806939545651e-17
2-2-4,u_on_y,none,2000,700002,clean,,kl_split,para_boot,99,0.004050031594583722,0.0648651026202744,0.03743963631309488,0.028858217561776117,0.02333199653627608,0.02055223574196071,0.019495682974584413,0.019488402662922864,0.018975316843935094,0.018966682977690982,0.018455522310297654,0.018452091949794483,0.018337321576041923,0.017627787325517723,0.016997153732348454,0.016943382335362807,0.016341405661670163,0.01580538005387003,0.015462877198039288,0.015422906440486231,0.014603470656608601
2-2-4,u_on_y,none,2000,700002,clean,,kl_crossfit,para_boot,99,0.00404645001370689,0.06502047754631107,0.037557114329163144,0.028649067871341024,0.023365213895248482,0.02057705323248472,0.01958899226351546,0.019408317118207803,0.019098860864978563,0.0189925344307796,0.01851894646339431,0.018358773559959372,0.01834856628782431,0.017724991647678663,0.01703747420321658,0.016913777667707894,0.01633848370746809,0.015761728869931862,0.015433483518525352,0.015402345120616622,0.014560606241303273
2-2-4,u_on_y,none,2000,700002,clean,,cf1_margin,para_boot,99,0.0,1.1102230246251565e-16,0.0,0.0,0.0,0.0,0.0,0.0,0.0,0.0,0.0,0.0,0.0,0.0,0.0,0.0,0.0,0.0,0.0,0.0,0.0
2-2-4,u_on_y,none,2000,700002,clean,,slack_plugin,para_boot,99,0.0,0.0,0.0,0.0,0.0,0.0,0.0,0.0,0.0,0.0,0.0,0.0,0.0,0.0,0.0,0.0,0.0,0.0,0.0,0.0,0.0
2-2-4,u_on_y,none,2000,700002,clean,,gm_battery,para_boot,99,0.0,0.0,0.0,0.0,0.0,0.0,0.0,0.0,0.0,0.0,0.0,0.0,0.0,0.0,0.0,0.0,0.0,0.0,0.0,0.0,0.0
2-2-4,u_on_y,none,2000,700002,clean,,gtest,para_boot,99,844.3927287953406,957.9291806462315,952.2377180769722,934.5876647958069,928.8771841728553,920.6373097363405,920.6360714793037,908.7790900351738,904.9596493484878,902.9322727221154,897.0514496144249,896.8071898919086,892.2281917761552,888.9814875436158,885.2634329259935,884.0809410508458,884.0001317474214,882.4185660626094,881.4991923753063,881.2693525811017,880.5013620722399
2-2-4,u_on_y,none,2000,700002,clean,,kl_plugin,crt_cond,99,6.310741403132469e-17,1.2231930867799971e-16,1.2231930867799971e-16,1.2076110092413984e-16,1.2076110092413984e-16,1.2076110092413984e-16,1.199819970472099e-16,1.199819970472099e-16,1.199819970472099e-16,1.1920289317027997e-16,1.1920289317027997e-16,1.1199334300883504e-16,1.1134598264462212e-16,8.531187452382781e-17,7.71312838160635e-17,7.71312838160635e-17,7.01193489236941e-17,6.89506931082992e-17,6.748788582916546e-17,6.745494995098619e-17,6.592967807530559e-17
2-2-4,u_on_y,none,2000,700002,clean,,gm_battery,crt_cond,99,0.0,0.0,0.0,0.0,0.0,0.0,0.0,0.0,0.0,0.0,0.0,0.0,0.0,0.0,0.0,0.0,0.0,0.0,0.0,0.0,0.0
2-2-4,u_on_y,none,2000,700002,clean,,gtest,crt_cond,99,844.3927287953406,928.1745770734381,920.3633641505435,913.0597603726078,903.7871638368898,902.0931905722491,901.9146362685349,898.296444307955,895.0881570890884,894.1589246598844,893.235826796101,891.1306919902493,887.7352022641749,887.2073385029112,886.5885299377924,884.6304152187017,884.096289444122,880.723653559871,880.4477286400966,879.6217506220249,878.7984540865064
2-2-4,u_on_y,none,2000,700003,clean,,kl_plugin,para_boot,99,0.0007640534399575866,0.003047261272490314,0.0029348414485618826,0.002593525187729772,0.002431941741164255,0.0021207489268205114,0.001973587320018018,0.001970285647497041,0.0019075102526224796,0.0018878467225083573,0.0017125706714557244,0.0016077012446959298,0.001606649365843059,0.0015495051604941662,0.001502545563872977,0.001465423667416938,0.0010855569151462172,0.0009504495698168299,0.0009249127624204601,0.0009020863318612606,0.0008999702627021551
2-2-4,u_on_y,none,2000,700003,clean,,kl_split,para_boot,99,0.012475903250165607,0.02492217780819661,0.02436829483161118,0.018145664083127927,0.017468554082316637,0.013181393593547863,0.012893928668448497,0.011038698396795027,0.010783611017630076,0.009944759265431466,0.009543038459606537,0.00917932915435539,0.009103088890761613,0.008299855621540023,0.007947561286962487,0.007830266866126992,0.007716504864660245,0.007499092628903262,0.0066774881251459445,0.006590296091720488,0.006493710701899899
2-2-4,u_on_y,none,2000,700003,clean,,kl_crossfit,para_boot,99,0.013427247507033432,0.025561408560552834,0.02348635870689106,0.017104312414623235,0.015124930747751668,0.013313611704155785,0.012530763174583355,0.010618063168190077,0.009995583036275853,0.009348817714339583,0.008587195150929372,0.008450683236164214,0.008377042836955166,0.007977039706192311,0.0078519458631757,0.007693189961539976,0.0075808850366099675,0.007444387487080796,0.006745618276044765,0.006630220602319853,0.006391850806034171
2-2-4,u_on_y,none,2000,700003,clean,,cf1_margin,para_boot,99,0.027637875469118445,0.055160492246342674,0.05413736297070648,0.050899625275322435,0.04930210453451256,0.04604277600698159,0.04440402160271861,0.04436363636363638,0.04366526414212246,0.043430550718276284,0.04137113513050461,0.04008217105531364,0.04007245844654972,0.03933730075660158,0.03875781860053429,0.038271404838121414,0.03294132639129088,0.030825797106831754,0.03040662129360372,0.030012300123001268,0.02998944083791444
2-2-4,u_on_y,none,2000,700003,clean,,slack_plugin,para_boot,99,0.055275750938236834,0.11032098449268546,0.10827472594141291,0.10179925055064504,0.09860420906902506,0.09208555201396307,0.08880804320543739,0.08872727272727271,0.08733052828424492,0.08686110143655257,0.08274227026100939,0.08016434211062734,0.08014491689309927,0.07867460151320316,0.07751563720106858,0.07654280967624288,0.06588265278258176,0.061651594213663674,0.06081324258720744,0.06002460024600248,0.05997888167582893
2-2-4,u_on_y,none,2000,700003,clean,,gm_battery,para_boot,99,0.0,0.0,0.0,0.0,0.0,0.0,0.0,0.0,0.0,0.0,0.0,0.0,0.0,0.0,0.0,0.0,0.0,0.0,0.0,0.0,0.0
2-2-4,u_on_y,none,2000,700003,clean,,gtest,para_boot,99,0.0,0.0,0.0,0.0,0.0,0.0,0.0,0.0,0.0,0.0,0.0,0.0,0.0,0.0,0.0,0.0,0.0,0.0,0.0,0.0,0.0
2-2-4,u_on_y,none,2000,700003,clean,,kl_plugin,crt_cond,99,0.0007640534399575866,0.008673919649708484,0.004873145356500887,0.004191144511135055,0.003964768316577782,0.0029888574537306548,0.0024292571076288474,0.0020706670451232922,0.0020703010736320623,0.0019400060678872767,0.001840039559771245,0.0016610895065577135,0.001574704883981034,0.0014963907710115187,0.0013441780883475495,0.0013321641354863446,0.0011971113794969207,0.0010315589712351497,0.0009874470795650757,0.0009150286797397125,0.000871511604591934
2-2-4,u_on_y,none,2000,700003,clean,,gm_battery,crt_cond,99,0.0,0.0,0.0,0.0,0.0,0.0,0.0,0.0,0.0,0.0,0.0,0.0,0.0,0.0,0.0,0.0,0.0,0.0,0.0,0.0,0.0
2-2-4,u_on_y,none,2000,700003,clean,,gtest,crt_cond,99,0.0,0.0,0.0,0.0,0.0,0.0,0.0,0.0,0.0,0.0,0.0,0.0,0.0,0.0,0.0,0.0,0.0,0.0,0.0,0.0,0.0
2-2-4,u_on_y,none,2000,700004,clean,,kl_plugin,para_boot,99,5.473477149375772e-17,1.1341665404797287e-16,1.1266801504177758e-16,6.814204328504463e-17,6.750155989720953e-17,6.72616868933489e-17,6.709261443777925e-17,6.604136961470486e-17,6.594364136984688e-17,6.579099405186114e-17,6.502734858518774e-17,6.425515118653949e-17,6.404623884607578e-17,6.403675466267969e-17,6.375927040005321e-17,6.362531022793821e-17,6.342199738723489e-17,6.331740687315346e-17,6.30980967298352e-17,6.280458715945228e-17,6.278502622018127e-17
2-2-4,u_on_y,none,2000,700004,clean,,kl_split,para_boot,99,0.0018379894123194546,0.014381961716848982,0.010283385075819398,0.008616538180879464,0.007795441415433861,0.007418209808885447,0.006958757368833904,0.005377249091038504,0.00506380766147841,0.004987131309098995,0.004863965679281462,0.004844092710825393,0.004828242798129968,0.00471564791422141,0.004713661621294586,0.004603973848706866,0.0043134575582771395,0.004303255068433161,0.0036231899937111053,0.0036026477678987243,0.003489725604196456
2-2-4,u_on_y,none,2000,700004,clean,,kl_crossfit,para_boot,99,0.0018374697277220037,0.014357745465946259,0.010255262883491698,0.008630585182188354,0.007802445901061876,0.0074337778452288825,0.006965887397935137,0.0053706841857788755,0.005065211498764866,0.00499002207003876,0.004875579599031243,0.004846570056619325,0.004830720757203942,0.004717133205171819,0.004713110423168253,0.004597948471331031,0.004319996911957363,0.004313938787670564,0.003625382679333631,0.003607446889943043,0.0034913071610590506
2-2-4,u_on_y,none,2000,700004,clean,,cf1_margin,para_boot,99,0.0,0.0,0.0,0.0,0.0,0.0,0.0,0.0,0.0,0.0,0.0,0.0,0.0,0.0,0.0,0.0,0.0,0.0,0.0,0.0,0.0
2-2-4,u_on_y,none,2000,700004,clean,,slack_plugin,para_boot,99,0.0,0.0,0.0,0.0,0.0,0.0,0.0,0.0,0.0,0.0,0.0,0.0,0.0,0.0,0.0,0.0,0.0,0.0,0.0,0.0,0.0
2-2-4,u_on_y,none,2000,700004,clean,,gm_battery,para_boot,99,0.0,0.0,0.0,0.0,0.0,0.0,0.0,0.0,0.0,0.0,0.0,0.0,0.0,0.0,0.0,0.0,0.0,0.0,0.0,0.0,0.0
2-2-4,u_on_y,none,2000,700004,clean,,gtest,para_boot,99,2732.1240881937442,2753.3498579107873,2753.3498579107873,2750.9175572610684,2749.215159692773,2749.2151596927724,2748.779444472233,2746.9960936117723,2745.1479147811415,2744.1994960666925,2744.1994960666925,2743.234847510006,2743.2348475100057,2743.2348475100057,2742.746434575617,2742.746434575617,2742.746434575617,2742.253961204977,2741.757426387997,2741.256829105833,2741.256829105833
2-2-4,u_on_y,none,2000,700004,clean,,kl_plugin,crt_cond,99,5.473477149375772e-17,1.1361023492084936e-16,1.1361023492084936e-16,1.1361023492084936e-16,1.13351441675016e-16,6.987417637500985e-17,6.987417637500985e-17,6.754503716250954e-17,6.638046755625936e-17,6.638046755625936e-17,6.638046755625936e-17,6.560408781875924e-17,6.560408781875924e-17,6.482770808125915e-17,6.482770808125915e-17,6.482770808125915e-17,6.443951821250909e-17,6.443951821250909e-17,6.405132834375904e-17,6.405132834375904e-17,6.366313847500898e-17
2-2-4,u_on_y,none,2000,700004,clean,,gm_battery,crt_cond,99,0.0,0.0,0.0,0.0,0.0,0.0,0.0,0.0,0.0,0.0,0.0,0.0,0.0,0.0,0.0,0.0,0.0,0.0,0.0,0.0,0.0
2-2-4,u_on_y,none,2000,700004,clean,,gtest,crt_cond,99,2732.1240881937442,2732.1240881937442,2732.1240881937442,2732.1240881937442,2732.1240881937442,2732.1240881937442,2732.1240881937442,2732.1240881937442,2732.1240881937442,2732.1240881937442,2732.1240881937442,2732.1240881937442,2732.1240881937442,2732.1240881937442,2732.1240881937442,2732.1240881937442,2732.1240881937442,2732.124088193744,2732.124088193744,2732.124088193744,2732.124088193744
2-2-4,u_on_y,none,2000,700005,clean,,kl_plugin,para_boot,99,0.0002508335497022913,0.00976173466919468,0.004132844764239772,0.0038737976634771742,0.0037395545461989463,0.0035534670659843615,0.0030956533781480583,0.0029732718889802084,0.00290373743537976,0.0028904471416535023,0.002856321979365018,0.0027506710370720187,0.0026503895125937066,0.0022822045633839813,0.002260016533069422,0.002101280790682728,0.0018008345392022986,0.0016822324124824255,0.001573671198717732,0.0013643820127082484,0.0013058164154548836
2-2-4,u_on_y,none,2000,700005,clean,,kl_split,para_boot,99,0.0021086012704394086,0.03039996552423821,0.028876949188556142,0.018667388068869376,0.016813141552265307,0.016147779973479402,0.015998770176523028,0.015943477955719848,0.015912732942336624,0.013635257147558505,0.012934812517883185,0.01246282278547417,0.011843029500236774,0.011553423992349876,0.01145689992998894,0.011316011866909878,0.011206718694145981,0.010779041694520403,0.010626385170620298,0.010389922197828617,0.010193194572929623
2-2-4,u_on_y,none,2000,700005,clean,,kl_crossfit,para_boot,99,0.0019895549161556107,0.023155873422255682,0.022564440595126398,0.020252806392425535,0.01882114523200603,0.017147425722861265,0.014731090263097588,0.013041912778445838,0.01286725819419602,0.012573374226154045,0.011833101510881718,0.011671659691610943,0.01135209494820319,0.010968481304781057,0.01060620648610399,0.010367632344124501,0.01013132992187614,0.008835491542027105,0.008740844674620041,0.008624841631470523,0.008545360885549358
2-2-4,u_on_y,none,2000,700005,clean,,cf1_margin,para_boot,99,0.015837287678825973,0.09852511020475418,0.06422433488751755,0.06221576998243816,0.060988284202569965,0.059485298891142624,0.05556479192530661,0.05451100696993083,0.05387329344991565,0.05374821007004915,0.05337235490812364,0.052430382155002286,0.05146953405017918,0.04775938940527469,0.04743572540182717,0.04578223307563967,0.042368825411219335,0.0409992418869678,0.039663998531798805,0.036925580241835454,0.03612860957763653
2-2-4,u_on_y,none,2000,700005,clean,,slack_plugin,para_boot,99,0.031674575357651946,0.19705022040950854,0.1284486697750351,0.12443153996487638,0.12197656840513976,0.11897059778228525,0.11112958385061306,0.1090220139398616,0.1077465868998313,0.1074964201400983,0.10674470981624729,0.10486076431000457,0.10293906810035841,0.09551877881054938,0.09487145080365428,0.09156446615127928,0.08473765082243884,0.0819984837739356,0.07932799706359744,0.07385116048367091,0.07225721915527322
2-2-4,u_on_y,none,2000,700005,clean,,gm_battery,para_boot,99,0.0,0.0,0.0,0.0,0.0,0.0,0.0,0.0,0.0,0.0,0.0,0.0,0.0,0.0,0.0,0.0,0.0,0.0,0.0,0.0,0.0
2-2-4,u_on_y,none,2000,700005,clean,,gtest,para_boot,99,0.0,0.0,0.0,0.0,0.0,0.0,0.0,0.0,0.0,0.0,0.0,0.0,0.0,0.0,0.0,0.0,0.0,0.0,0.0,0.0,0.0
2-2-4,u_on_y,none,2000,700005,clean,,kl_plugin,crt_cond,99,0.0002508335497022913,0.004578098630066779,0.004121075171508632,0.003073989852958696,0.0027274342701307346,0.00252514419449933,0.0024622832666358514,0.002392306378925093,0.0022862769723277325,0.002101793364337006,0.0018502538371849148,0.0016526592752319873,0.0016411095097205175,0.001640116711266109,0.0015608343546900522,0.0015213367222805321,0.0013836820282656578,0.0013493588256989833,0.0012975359666498772,0.0011225244322962853,0.0011123484440597638
2-2-4,u_on_y,none,2000,700005,clean,,gm_battery,crt_cond,99,0.0,0.0,0.0,0.0,0.0,0.0,0.0,0.0,0.0,0.0,0.0,0.0,0.0,0.0,0.0,0.0,0.0,0.0,0.0,0.0,0.0
2-2-4,u_on_y,none,2000,700005,clean,,gtest,crt_cond,99,0.0,0.0,0.0,0.0,0.0,0.0,0.0,0.0,0.0,0.0,0.0,0.0,0.0,0.0,0.0,0.0,0.0,0.0,0.0,0.0,0.0
2-2-4,u_on_y,none,2000,700006,clean,,kl_plugin,para_boot,99,0.0,0.0,0.0,0.0,0.0,0.0,0.0,0.0,0.0,0.0,0.0,0.0,0.0,0.0,0.0,0.0,0.0,0.0,0.0,0.0,0.0
2-2-4,u_on_y,none,2000,700006,clean,,kl_split,para_boot,99,0.0,0.0,0.0,0.0,0.0,0.0,0.0,0.0,0.0,0.0,0.0,0.0,0.0,0.0,0.0,0.0,0.0,0.0,0.0,0.0,0.0
2-2-4,u_on_y,none,2000,700006,clean,,kl_crossfit,para_boot,99,0.0,0.0,0.0,0.0,0.0,0.0,0.0,0.0,0.0,0.0,0.0,0.0,0.0,0.0,0.0,0.0,0.0,0.0,0.0,0.0,0.0
2-2-4,u_on_y,none,2000,700006,clean,,cf1_margin,para_boot,99,0.0,0.0,0.0,0.0,0.0,0.0,0.0,0.0,0.0,0.0,0.0,0.0,0.0,0.0,0.0,0.0,0.0,0.0,0.0,0.0,0.0
2-2-4,u_on_y,none,2000,700006,clean,,slack_plugin,para_boot,99,0.0,0.0,0.0,0.0,0.0,0.0,0.0,0.0,0.0,0.0,0.0,0.0,0.0,0.0,0.0,0.0,0.0,0.0,0.0,0.0,0.0
2-2-4,u_on_y,none,2000,700006,clean,,gm_battery,para_boot,99,0.0,0.0,0.0,0.0,0.0,0.0,0.0,0.0,0.0,0.0,0.0,0.0,0.0,0.0,0.0,0.0,0.0,0.0,0.0,0.0,0.0
2-2-4,u_on_y,none,2000,700006,clean,,gtest,para_boot,99,0.0,0.0,0.0,0.0,0.0,0.0,0.0,0.0,0.0,0.0,0.0,0.0,0.0,0.0,0.0,0.0,0.0,0.0,0.0,0.0,0.0
2-2-4,u_on_y,none,2000,700006,clean,,kl_plugin,crt_cond,99,0.0,0.0,0.0,0.0,0.0,0.0,0.0,0.0,0.0,0.0,0.0,0.0,0.0,0.0,0.0,0.0,0.0,0.0,0.0,0.0,0.0
2-2-4,u_on_y,none,2000,700006,clean,,gm_battery,crt_cond,99,0.0,0.0,0.0,0.0,0.0,0.0,0.0,0.0,0.0,0.0,0.0,0.0,0.0,0.0,0.0,0.0,0.0,0.0,0.0,0.0,0.0
2-2-4,u_on_y,none,2000,700006,clean,,gtest,crt_cond,99,0.0,0.0,0.0,0.0,0.0,0.0,0.0,0.0,0.0,0.0,0.0,0.0,0.0,0.0,0.0,0.0,0.0,0.0,0.0,0.0,0.0
2-2-4,u_on_y,none,2000,700007,clean,,kl_plugin,para_boot,99,0.0016152971430929176,0.008706380339739792,0.005741267833633122,0.0056718436057686394,0.0053815963868499225,0.004498104144289222,0.004156015597191653,0.0031772680719815566,0.0031632315508383774,0.0025981972757123904,0.002370990377532852,0.001914003634765491,0.0018271387534764469,0.0017283335189800797,0.0017159111226905978,0.0016964408521928723,0.0016098580011317948,0.001547577541544217,0.001466068195848505,0.001289672650382382,0.0012894527879470374
2-2-4,u_on_y,none,2000,700007,clean,,kl_split,para_boot,99,0.001981295236684253,0.02681112974715176,0.0233238536088419,0.01772377807405434,0.013947039629080324,0.013913774416423427,0.013127610647645838,0.01301053224225665,0.012078058502790173,0.011805323950964577,0.011194031132472103,0.010832956808369737,0.010499905931120823,0.010384685408753723,0.009889665023084804,0.009503236812418103,0.009434986626501968,0.009314968373104082,0.009195589030144447,0.0088798280577458,0.0077880174007192715
2-2-4,u_on_y,none,2000,700007,clean,,kl_crossfit,para_boot,99,0.0019046015937809243,0.020056366097878503,0.018267319883761367,0.016967698636481933,0.01579935290895116,0.013712755523406263,0.012399835060209613,0.012084268111799329,0.012013047958341398,0.010902373610866538,0.010366837850418725,0.010232922392954986,0.010224737070859698,0.009749539059104799,0.00856815646306966,0.008422688991940222,0.008358846504669885,0.007867476591167648,0.007108608247744046,0.007098297659647916,0.0069589154699297995
2-2-4,u_on_y,none,2000,700007,clean,,cf1_margin,para_boot,99,0.04016633908030964,0.09319546333598228,0.07545635833716835,0.07521987217216641,0.07328081601379177,0.06659487644525042,0.06442142060621947,0.05635229832056665,0.05622616481512188,0.050940906294468236,0.04868307210946665,0.04372759856630826,0.04265896393143542,0.0414707655213985,0.04141727679132756,0.041147132169575995,0.04000100758205494,0.03926868354343094,0.03827670858519183,0.03590514442003001,0.035898751995869116
2-2-4,u_on_y,none,2000,700007,clean,,slack_plugin,para_boot,99,0.08033267816061929,0.18639092667196455,0.1509127166743366,0.15043974434433283,0.14656163202758354,0.13318975289050095,0.12884284121243883,0.11270459664113319,0.11245232963024365,0.10188181258893636,0.0973661442189333,0.08745519713261651,0.08531792786287101,0.08294153104279695,0.08283455358265512,0.0822942643391521,0.08000201516410987,0.07853736708686188,0.07655341717038366,0.07181028884006013,0.07179750399173834
2-2-4,u_on_y,none,2000,700007,clean,,gm_battery,para_boot,99,0.0,0.0,0.0,0.0,0.0,0.0,0.0,0.0,0.0,0.0,0.0,0.0,0.0,0.0,0.0,0.0,0.0,0.0,0.0,0.0,0.0
2-2-4,u_on_y,none,2000,700007,clean,,gtest,para_boot,99,0.0,0.0,0.0,0.0,0.0,0.0,0.0,0.0,0.0,0.0,0.0,0.0,0.0,0.0,0.0,0.0,0.0,0.0,0.0,0.0,0.0
2-2-4,u_on_y,none,2000,700007,clean,,kl_plugin,crt_cond,99,0.0016152971430929176,0.003970204018625533,0.0039019854697260846,0.003084978086166524,0.002940083559849177,0.002939263947238674,0.0028392650354008946,0.002738253419340489,0.002393574352201857,0.0021212052149320246,0.0021212052149320246,0.002062300610480107,0.0018762308938844625,0.001798134975233602,0.0017929455201143724,0.0017452105558821152,0.0016930784094418873,0.0016610887674997563,0.0015858182729941855,0.0014749145144223146,0.001428608711009114
2-2-4,u_on_y,none,2000,700007,clean,,gm_battery,crt_cond,99,0.0,0.0,0.0,0.0,0.0,0.0,0.0,0.0,0.0,0.0,0.0,0.0,0.0,0.0,0.0,0.0,0.0,0.0,0.0,0.0,0.0
2-2-4,u_on_y,none,2000,700007,clean,,gtest,crt_cond,99,0.0,0.0,0.0,0.0,0.0,0.0,0.0,0.0,0.0,0.0,0.0,0.0,0.0,0.0,0.0,0.0,0.0,0.0,0.0,0.0,0.0
2-2-4,u_on_y,none,2000,700008,clean,,kl_plugin,para_boot,99,0.0,1.671479682830494e-16,1.6713902988902358e-16,1.670787498748271e-16,1.670787498748271e-16,1.6673905055018556e-16,1.2183759634057384e-16,1.1997907358050473e-16,1.198267790601233e-16,1.1900131803990384e-16,1.189013045727587e-16,1.1869457539691714e-16,1.1788082307796065e-16,1.166382165948608e-16,1.164117346208902e-16,1.1637019757150003e-16,1.153232321048587e-16,1.152276927073079e-16,1.1451731131431623e-16,1.1451098849183684e-16,1.1331218361776383e-16
2-2-4,u_on_y,none,2000,700008,clean,,kl_split,para_boot,99,0.0031376195570162026,0.034435651581593424,0.02435976146535946,0.020675102764604186,0.01966521331550416,0.018507432025326932,0.015904550631132455,0.014418185975030508,0.014285110057293382,0.013784078748942594,0.013558608042250831,0.013149892726362805,0.01291780354750731,0.012796007189571886,0.012418954327424007,0.011597762685419049,0.01125731935738278,0.010711318100548019,0.010538081360261763,0.009441873620910583,0.008187293625650245
2-2-4,u_on_y,none,2000,700008,clean,,kl_crossfit,para_boot,99,0.003135691230405569,0.034651501981720484,0.024404967368263083,0.020629928490559783,0.01967727027687006,0.018486559150632444,0.015935204661815167,0.014398522448024812,0.014248439833349585,0.013850879991187316,0.01356423677625557,0.013112089931879463,0.012971004745503025,0.012807068169918025,0.012362152757077154,0.011604499887243868,0.011295263858369011,0.010730359858770133,0.010533797827650607,0.009443397409315648,0.008187889142101355
2-2-4,u_on_y,none,2000,700008,clean,,cf1_margin,para_boot,99,0.0,1.1102230246251565e-16,1.1102230246251565e-16,1.1102230246251565e-16,1.1102230246251565e-16,1.1102230246251565e-16,0.0,0.0,0.0,0.0,0.0,0.0,0.0,0.0,0.0,0.0,0.0,0.0,0.0,0.0,0.0
2-2-4,u_on_y,none,2000,700008,clean,,slack_plugin,para_boot,99,0.0,0.0,0.0,0.0,0.0,0.0,0.0,0.0,0.0,0.0,0.0,0.0,0.0,0.0,0.0,0.0,0.0,0.0,0.0,0.0,0.0
2-2-4,u_on_y,none,2000,700008,clean,,gm_battery,para_boot,99,0.0,0.0,0.0,0.0,0.0,0.0,0.0,0.0,0.0,0.0,0.0,0.0,0.0,0.0,0.0,0.0,0.0,0.0,0.0,0.0,0.0
2-2-4,u_on_y,none,2000,700008,clean,,gtest,para_boot,99,1147.0642089374442,1265.937157742123,1233.110360471401,1219.2807176028252,1215.086079003915,1214.6283664192688,1214.0989558369924,1208.2678519836343,1207.3448103060748,1202.3911629710174,1201.8960289027987,1200.191857358546,1199.5182693156391,1198.2876743373045,1196.722091286091,1196.6584837361181,1196.07380358655,1195.9133601257117,1195.8797747781186,1187.9984133836983,1187.3454086571392
2-2-4,u_on_y,none,2000,700008,clean,,kl_plugin,crt_cond,99,0.0,1.2151259875818643e-16,1.2107550307920015e-16,1.2107550307920015e-16,1.2107550307920015e-16,1.2063840740021387e-16,1.1845292900528246e-16,1.1845292900528246e-16,1.1845292900528246e-16,1.1189649382048822e-16,1.1189649382048822e-16,7.103273518839669e-17,6.993530863780514e-17,6.927966511932571e-17,6.731273456388745e-17,6.731273456388745e-17,6.731273456388745e-17,6.584383527807162e-17,6.403451697149031e-17,6.390913027537364e-17,6.389975556912191e-17
2-2-4,u_on_y,none,2000,700008,clean,,gm_battery,crt_cond,99,0.0,0.0,0.0,0.0,0.0,0.0,0.0,0.0,0.0,0.0,0.0,0.0,0.0,0.0,0.0,0.0,0.0,0.0,0.0,0.0,0.0
2-2-4,u_on_y,none,2000,700008,clean,,gtest,crt_cond,99,1147.0642089374442,1234.672246659091,1211.7611414611415,1204.15268860271,1200.4790944466656,1200.355597790356,1199.9476658464264,1199.1092832766,1199.0170232247272,1196.9511908658399,1192.1424498600957,1192.0542346246002,1190.2995936071952,1188.7408600462422,1188.0700367885647,1185.8942838740704,1185.7846450261675,1184.7909409707709,1181.914476258167,1180.290437717339,1179.857766718696
2-2-4,u_on_y,none,2000,700009,clean,,kl_plugin,para_boot,99,0.0,1.3600232051658169e-16,1.1572663731262226e-16,1.1532549248044263e-16,1.1241588784907444e-16,8.75116972351594e-17,8.673617379884035e-17,8.609892844031826e-17,8.604228440844963e-17,8.384256866463838e-17,8.283304597789254e-17,8.028472285512495e-17,7.642465471838286e-17,7.585686729339305e-17,7.51923775768856e-17,7.510332225405471e-17,7.506366198882638e-17,7.457986730306395e-17,7.418082092786922e-17,7.401486830834378e-17,7.401486830834378e-17
2-2-4,u_on_y,none,2000,700009,clean,,kl_split,para_boot,99,0.0028633159184037957,0.05265077136411897,0.0348526566617119,0.03311774177252315,0.029393813102506217,0.02862732718671697,0.024559043980094702,0.021367083470878984,0.017138113081050246,0.017124564730866876,0.01657468698126853,0.015433164648830669,0.013350046889305092,0.0128627183672511,0.011883122432782472,0.01181975646009338,0.01143223473343001,0.010731891218406203,0.010403137371075094,0.01026120775030935,0.009980048092603472
2-2-4,u_on_y,none,2000,700009,clean,,kl_crossfit,para_boot,99,0.002857603909317271,0.05240645202012216,0.03475284370055898,0.03324831038069437,0.029570075429391614,0.028676052505329175,0.02491612032299354,0.021472533420022692,0.017138113081050246,0.017119904224276124,0.01657468698126853,0.015376478812417833,0.013251738213405084,0.012978193018058415,0.011953135336766355,0.011730658619372773,0.011320775917224475,0.010844004785085286,0.010407663236831295,0.010180382444066813,0.010062344555346325
2-2-4,u_on_y,none,2000,700009,clean,,cf1_margin,para_boot,99,0.0,0.0,0.0,0.0,0.0,0.0,0.0,0.0,0.0,0.0,0.0,0.0,0.0,0.0,0.0,0.0,0.0,0.0,0.0,0.0,0.0
2-2-4,u_on_y,none,2000,700009,clean,,slack_plugin,para_boot,99,0.0,0.0,0.0,0.0,0.0,0.0,0.0,0.0,0.0,0.0,0.0,0.0,0.0,0.0,0.0,0.0,0.0,0.0,0.0,0.0,0.0
2-2-4,u_on_y,none,2000,700009,clean,,gm_battery,para_boot,99,0.0,0.0,0.0,0.0,0.0,0.0,0.0,0.0,0.0,0.0,0.0,0.0,0.0,0.0,0.0,0.0,0.0,0.0,0.0,0.0,0.0
2-2-4,u_on_y,none,2000,700009,clean,,gtest,para_boot,99,525.0094399235825,647.143296396672,646.8780026499106,635.4664416092537,619.2437368311508,606.9795311810996,606.3482198147765,600.5229035265089,592.9753379330971,589.9833549820373,588.3629436719212,587.6212109983522,584.2325973555016,582.0776239231617,577.8810829471021,577.7649575090945,575.1006640253256,572.5073228575039,572.4657286033494,572.4200730307753,569.7084922351779
2-2-4,u_on_y,none,2000,700009,clean,,kl_plugin,crt_cond,99,0.0,1.3543799553518508e-16,1.1516836355032745e-16,1.1516836355032745e-16,1.1516836355032745e-16,1.1516836355032745e-16,8.660660938984624e-17,8.660660938984624e-17,8.660660938984624e-17,8.522458902724231e-17,8.522458902724231e-17,8.384256866463838e-17,8.246054830203445e-17,7.693246685161873e-17,7.693246685161873e-17,7.693246685161873e-17,7.55504464890148e-17,7.55504464890148e-17,7.416842612641088e-17,7.416842612641088e-17,7.416842612641088e-17
2-2-4,u_on_y,none,2000,700009,clean,,gm_battery,crt_cond,99,0.0,0.0,0.0,0.0,0.0,0.0,0.0,0.0,0.0,0.0,0.0,0.0,0.0,0.0,0.0,0.0,0.0,0.0,0.0,0.0,0.0
2-2-4,u_on_y,none,2000,700009,clean,,gtest,crt_cond,99,525.0094399235825,646.4609332998732,606.9795311810996,601.4058715455934,595.8483868362389,595.8483868362389,590.3069302539761,590.3069302539761,584.7813574969877,584.7813574969877,573.7772983620243,573.7772983620243,573.7772983620243,568.2985353102721,568.2985353102721,568.2985353102721,568.2985353102721,568.2985353102721,562.835102620445,562.835102620445,562.835102620445
2-2-4,u_on_y,none,2000,700010,clean,,kl_plugin,para_boot,99,0.001948290601815502,0.0029584864754256604,0.0028308498989638026,0.0025699479575480855,0.002265340615224525,0.002023619064250165,0.0019656075009608052,0.0018174357471173637,0.0016643722947848778,0.001527471111818824,0.0014914720537287998,0.0013247032459057853,0.0012979254970723123,0.0012871568704848936,0.0012654577531809735,0.0012544817382735933,0.001240372296258497,0.0012095735208158022,0.0011989127330411485,0.0011475726715232427,0.0010178042472317114
2-2-4,u_on_y,none,2000,700010,clean,,kl_split,para_boot,99,0.0002965163422211604,0.01846997362015057,0.018174373572010072,0.014652874296748941,0.011027552305177699,0.010906098946263931,0.007612535614494192,0.007494545189563759,0.007462617766762367,0.007438144562313252,0.0073098018644393095,0.007143946491092255,0.006777502400034059,0.006143206238103369,0.006134606462033974,0.005798139198778661,0.005649104473802749,0.005573914671770888,0.005254537289490678,0.005205531565609753,0.004563424896810553
2-2-4,u_on_y,none,2000,700010,clean,,kl_crossfit,para_boot,99,0.0027382861016741005,0.019074018327843882,0.01741889439472663,0.015856338486165925,0.010752049519019369,0.009226284359391781,0.007723284769588251,0.0073337071641898025,0.006964100474862109,0.0064424771098196,0.005868232806408375,0.00562962655047098,0.005613505508876102,0.005607241386800134,0.005379406284533459,0.0051711286873458405,0.005054717201089229,0.004516686306999036,0.004464887366787223,0.004363591593724665,0.004262187463715934
2-2-4,u_on_y,none,2000,700010,clean,,cf1_margin,para_boot,99,0.04410111555988305,0.054357080405461056,0.0531819745442037,0.05064350064350065,0.04758416000427812,0.044738051156536285,0.04432260991608683,0.042624246364065144,0.040787014100808094,0.039069025903264554,0.03860092334223164,0.036358194334848104,0.03596743274752345,0.03583588804226623,0.0355687606112054,0.035414039512400186,0.035195392912434675,0.03467742191056988,0.03456265890802335,0.033815441890442166,0.03188940092165904
2-2-4,u_on_y,none,2000,700010,clean,,slack_plugin,para_boot,99,0.0882022311197661,0.10871416081092211,0.10636394908840735,0.10128700128700119,0.0951683200085564,0.08947610231307268,0.08864521983217366,0.08524849272813023,0.08157402820161608,0.07813805180652911,0.07720184668446328,0.0727163886696961,0.07193486549504668,0.07167177608453235,0.0711375212224109,0.07082807902480026,0.07039078582486946,0.06935484382113982,0.0691253178160467,0.06763088378088433,0.06377880184331797
2-2-4,u_on_y,none,2000,700010,clean,,gm_battery,para_boot,99,0.0,0.0,0.0,0.0,0.0,0.0,0.0,0.0,0.0,0.0,0.0,0.0,0.0,0.0,0.0,0.0,0.0,0.0,0.0,0.0,0.0
2-2-4,u_on_y,none,2000,700010,clean,,gtest,para_boot,99,0.0,0.0,0.0,0.0,0.0,0.0,0.0,0.0,0.0,0.0,0.0,0.0,0.0,0.0,0.0,0.0,0.0,0.0,0.0,0.0,0.0
2-2-4,u_on_y,none,2000,700010,clean,,kl_plugin,crt_cond,99,0.001948290601815502,0.004205652146153874,0.003459491281777114,0.0032409861546763945,0.0030517323017473126,0.002803265005244769,0.0020079324328140837,0.0018611799547067764,0.0018077966313799522,0.0017162913115141842,0.0015868732610722983,0.0015393087337802897,0.0014943659225412041,0.0014278633978343537,0.0013526421634673033,0.0013210556305323154,0.0012746945462507077,0.0012720086290465456,0.0012597170435445677,0.0011119811069230413,0.0010789520122274007
2-2-4,u_on_y,none,2000,700010,clean,,gm_battery,crt_cond,99,0.0,0.0,0.0,0.0,0.0,0.0,0.0,0.0,0.0,0.0,0.0,0.0,0.0,0.0,0.0,0.0,0.0,0.0,0.0,0.0,0.0
2-2-4,u_on_y,none,2000,700010,clean,,gtest,crt_cond,99,0.0,0.0,0.0,0.0,0.0,0.0,0.0,0.0,0.0,0.0,0.0,0.0,0.0,0.0,0.0,0.0,0.0,0.0,0.0,0.0,0.0
2-2-4,u_on_y,none,2000,700011,clean,,kl_plugin,para_boot,99,0.00020963094534072902,0.0033208488109743722,0.0027899999520637105,0.002388476363827406,0.0022169334714902886,0.0022111906161212114,0.0021000628506832875,0.0018452926055565026,0.0018401398147374765,0.0018345599461020365,0.0016397413685150762,0.0014847165525050735,0.0014418794327132577,0.001333710290473862,0.0012638528998504123,0.0011915215633317294,0.0011117264905087278,0.0010449953921294192,0.0010127048523840242,0.0009411405128002242,0.0009148076474514901
2-2-4,u_on_y,none,2000,700011,clean,,kl_split,para_boot,99,0.004132965628006802,0.017511705011251016,0.016517437164555504,0.013868612777125158,0.013300790240799165,0.012946297357649128,0.012501063431761855,0.012216900501600472,0.009506493355629336,0.008911242151090237,0.00886894387778367,0.007991575522795384,0.00753573899400313,0.007425993172559542,0.007318147829148691,0.00719421225307957,0.007060324718013336,0.007025533169309761,0.00701702648857179,0.006857975948834569,0.006529262656518223
2-2-4,u_on_y,none,2000,700011,clean,,kl_crossfit,para_boot,99,0.00405964740595631,0.017337604834335107,0.01665425711918221,0.013635963517281455,0.012945013882523462,0.012558081424858591,0.012525527954271205,0.01061242674337362,0.010004638603078313,0.009828506601014628,0.007880710375289,0.007629267586813527,0.0075461269693933575,0.0073759873296902895,0.0073714724979541055,0.007063179798477676,0.0069766562086591224,0.006721042033517595,0.006458714505696163,0.0057173027438302895,0.005646460129567245
2-2-4,u_on_y,none,2000,700011,clean,,cf1_margin,para_boot,99,0.014473713250881981,0.057597027250206434,0.05279819657474438,0.04886068528819032,0.047072466944261815,0.04697202133099565,0.04580758645530625,0.04288021929609864,0.04286579562170112,0.04282478501228493,0.04040078519837542,0.03851754021626008,0.037955891897863636,0.036465951643190775,0.035538446044500516,0.03451473038760611,0.033305037900359435,0.03231832682212399,0.03180704177537197,0.03064353221268301,0.030241193275709843
2-2-4,u_on_y,none,2000,700011,clean,,slack_plugin,para_boot,99,0.028947426501763962,0.11519405450041287,0.10559639314948877,0.09772137057638064,0.09414493388852363,0.0939440426619913,0.09161517291061239,0.08576043859219734,0.08573159124340224,0.08564957002456997,0.08080157039675095,0.07703508043252016,0.07591178379572738,0.07293190328638155,0.07107689208900114,0.06902946077521233,0.06661007580071904,0.06463665364424798,0.06361408355074388,0.061287064425366244,0.060482386551419576
2-2-4,u_on_y,none,2000,700011,clean,,gm_battery,para_boot,99,0.0,0.0,0.0,0.0,0.0,0.0,0.0,0.0,0.0,0.0,0.0,0.0,0.0,0.0,0.0,0.0,0.0,0.0,0.0,0.0,0.0
2-2-4,u_on_y,none,2000,700011,clean,,gtest,para_boot,99,0.0,0.0,0.0,0.0,0.0,0.0,0.0,0.0,0.0,0.0,0.0,0.0,0.0,0.0,0.0,0.0,0.0,0.0,0.0,0.0,0.0
2-2-4,u_on_y,none,2000,700011,clean,,kl_plugin,crt_cond,99,0.00020963094534072902,0.0034657445181420082,0.0033600012804104254,0.0033085637728914527,0.003297515135570729,0.0019385930139184347,0.001909625553105903,0.0018221735453927967,0.00172270891388911,0.00157568103787473,0.001478304920802205,0.0013938498084993603,0.0013226076053503046,0.0011996692273951934,0.0011072509559944162,0.0011027396414655943,0.001044098484162502,0.0009959083443118917,0.0009519986225628631,0.0009350326169038463,0.0009302942806526712
2-2-4,u_on_y,none,2000,700011,clean,,gm_battery,crt_cond,99,0.0,0.0,0.0,0.0,0.0,0.0,0.0,0.0,0.0,0.0,0.0,0.0,0.0,0.0,0.0,0.0,0.0,0.0,0.0,0.0,0.0
2-2-4,u_on_y,none,2000,700011,clean,,gtest,crt_cond,99,0.0,0.0,0.0,0.0,0.0,0.0,0.0,0.0,0.0,0.0,0.0,0.0,0.0,0.0,0.0,0.0,0.0,0.0,0.0,0.0,0.0
2-2-4,u_on_y,none,2000,700012,clean,,kl_plugin,para_boot,99,5.742532885992191e-17,1.1919015577719665e-16,1.1847801264009607e-16,1.1762362855488146e-16,1.1673961863723203e-16,1.1669010769333478e-16,1.1620777527214212e-16,1.151392389064144e-16,1.1499942197999497e-16,1.1394394200100292e-16,1.134683262621794e-16,1.132812555603536e-16,1.130943622917378e-16,1.1286608921752777e-16,1.125189266378682e-16,1.124972364324283e-16,1.1209110922509102e-16,1.1196430987734913e-16,1.1188706575311643e-16,1.1157328163106412e-16,1.1102230246251565e-16
2-2-4,u_on_y,none,2000,700012,clean,,kl_split,para_boot,99,0.0010603875791656433,0.04245068035867208,0.041163243640099254,0.03208429448746121,0.030791200669690273,0.024828577378315494,0.02351296386605188,0.02334943710288971,0.018558949487197697,0.017391013482130516,0.017361403619732024,0.016623838625052362,0.016463187566517077,0.015531302659537564,0.01502620814553981,0.0145473432019472,0.014227508405626997,0.012179838540783049,0.011869554008395825,0.01122797529290008,0.011033007595580718
2-2-4,u_on_y,none,2000,700012,clean,,kl_crossfit,para_boot,99,0.0010602011807351337,0.04248698617921603,0.04120878985516768,0.03228917687135409,0.030612883548815438,0.02472927216314917,0.02357023938827993,0.02330778101200261,0.018637729847294913,0.01740625476220442,0.01737991991952637,0.016647986084927173,0.016480193001707458,0.015602491627370896,0.014995077227148691,0.014537959354119785,0.014213573395101282,0.012192890634655635,0.011862318506544806,0.011194876530747069,0.011054938623421362
2-2-4,u_on_y,none,2000,700012,clean,,cf1_margin,para_boot,99,0.0,2.220446049250313e-16,1.1102230246251565e-16,1.1102230246251565e-16,1.1102230246251565e-16,0.0,0.0,0.0,0.0,0.0,0.0,0.0,0.0,0.0,0.0,0.0,0.0,0.0,0.0,0.0,0.0
2-2-4,u_on_y,none,2000,700012,clean,,slack_plugin,para_boot,99,0.0,0.0,0.0,0.0,0.0,0.0,0.0,0.0,0.0,0.0,0.0,0.0,0.0,0.0,0.0,0.0,0.0,0.0,0.0,0.0,0.0
2-2-4,u_on_y,none,2000,700012,clean,,gm_battery,para_boot,99,0.0,0.0,0.0,0.0,0.0,0.0,0.0,0.0,0.0,0.0,0.0,0.0,0.0,0.0,0.0,0.0,0.0,0.0,0.0,0.0,0.0
2-2-4,u_on_y,none,2000,700012,clean,,gtest,para_boot,99,925.7303004524185,1035.5098051547363,1024.6716363450396,1010.1201223399889,1000.4411460835498,999.5609082064007,997.9696425929617,988.8133263162094,985.7076696109757,985.094336049106,978.071302047676,977.4778142987884,975.4584568210452,974.2381554864601,970.9137725583846,970.7714340036345,967.2430493216559,964.800441811843,964.1722404740613,961.3445862715246,960.9397632583292
2-2-4,u_on_y,none,2000,700012,clean,,kl_plugin,crt_cond,99,5.742532885992191e-17,1.6814636849952433e-16,1.6767593501451367e-16,1.2123124981539067e-16,1.2123124981539067e-16,1.2123124981539067e-16,1.2123124981539067e-16,1.1975892432699934e-16,1.1975892432699934e-16,1.1612986601405996e-16,1.1559222774547635e-16,1.1545781817833045e-16,1.1532186367363114e-16,1.141137225068714e-16,1.1359230608259853e-16,1.134416746711419e-16,1.1312187259758787e-16,1.127696268354124e-16,1.1223198856682878e-16,1.1129112159680746e-16,7.082457226057034e-17
2-2-4,u_on_y,none,2000,700012,clean,,gm_battery,crt_cond,99,0.0,0.0,0.0,0.0,0.0,0.0,0.0,0.0,0.0,0.0,0.0,0.0,0.0,0.0,0.0,0.0,0.0,0.0,0.0,0.0,0.0
2-2-4,u_on_y,none,2000,700012,clean,,gtest,crt_cond,99,925.7303004524185,1069.3739261628982,994.5989969464883,993.2204900565264,987.1766314318423,983.7707059888603,982.0577502613103,980.8649787840388,980.392821824151,979.8188574984763,978.776196679648,973.5618897489522,971.8000658929961,971.4488651378696,970.6376095018846,970.5567887425053,969.5719153177906,965.5736492392095,962.1096287690544,955.3636768799323,955.1291690885907
2-2-4,u_on_y,none,2000,700013,clean,,kl_plugin,para_boot,99,5.3352863858347336e-17,1.6810452401163929e-16,1.6724742348452923e-16,1.251005719561573e-16,1.220097385998695e-16,1.1984976382039152e-16,1.1814579917763795e-16,1.1704158392132674e-16,1.1540706954239384e-16,1.1527874856331498e-16,1.152735246481201e-16,1.1395757328967393e-16,1.1341231122122234e-16,1.1294199645322199e-16,1.1119284363373304e-16,7.583298314000674e-17,7.094595913458319e-17,7.013735594704379e-17,6.825146530685169e-17,6.751356230828655e-17,6.705815495424674e-17
2-2-4,u_on_y,none,2000,700013,clean,,kl_split,para_boot,99,0.014815914323350506,0.03662790972956648,0.02175748116042853,0.020022414161797293,0.013029627582282197,0.012328126941433516,0.010893783922487708,0.010013224769021993,0.00923101780019987,0.00914441129157257,0.008936584944428207,0.008618669814969542,0.008026900703675665,0.007945011031420271,0.007500386941924828,0.007115941527745265,0.006943992293195152,0.0069259175482912876,0.006876710367452979,0.006591422860726748,0.006382467876206777
2-2-4,u_on_y,none,2000,700013,clean,,kl_crossfit,para_boot,99,0.014845053343785794,0.03652733890920044,0.02185206385087124,0.020088763007301214,0.013008114601155758,0.012332071653928085,0.010924550984527102,0.01003649232356629,0.009240592156175984,0.009172386359948196,0.008932322965274743,0.008641802847696892,0.00803022173915413,0.00795444782151003,0.0075003144394104465,0.0071140326326733505,0.00694780713432421,0.006929884579645907,0.00687291243574748,0.006578483006122448,0.006373486480878411
2-2-4,u_on_y,none,2000,700013,clean,,cf1_margin,para_boot,99,0.0,1.1102230246251565e-16,0.0,0.0,0.0,0.0,0.0,0.0,0.0,0.0,0.0,0.0,0.0,0.0,0.0,0.0,0.0,0.0,0.0,0.0,0.0
2-2-4,u_on_y,none,2000,700013,clean,,slack_plugin,para_boot,99,0.0,0.0,0.0,0.0,0.0,0.0,0.0,0.0,0.0,0.0,0.0,0.0,0.0,0.0,0.0,0.0,0.0,0.0,0.0,0.0,0.0
2-2-4,u_on_y,none,2000,700013,clean,,gm_battery,para_boot,99,0.0,0.0,0.0,0.0,0.0,0.0,0.0,0.0,0.0,0.0,0.0,0.0,0.0,0.0,0.0,0.0,0.0,0.0,0.0,0.0,0.0
2-2-4,u_on_y,none,2000,700013,clean,,gtest,para_boot,99,1294.9122517063504,1386.4652462456856,1362.9586865287356,1361.4604490895147,1356.8767436143405,1349.9616529111745,1347.6335524621136,1346.9908248964173,1342.926686751183,1341.4484484717682,1340.7751199710679,1339.6514756216625,1338.7604623595507,1338.652018482659,1334.46598468994,1334.2868324379774,1332.55689153389,1328.783463515143,1328.0877646541458,1327.2718810517558,1323.8505738975455
2-2-4,u_on_y,none,2000,700013,clean,,kl_plugin,crt_cond,99,5.3352863858347336e-17,1.6679244817852276e-16,1.239720266999786e-16,1.2224539680165021e-16,1.1895831081834766e-16,1.1879213700499342e-16,1.1470395582346865e-16,1.1470395582346865e-16,1.1470395582346865e-16,1.1464822524900527e-16,1.1404943967041034e-16,1.1326692133034258e-16,1.1326692133034258e-16,1.1274040736429372e-16,1.1274040736429372e-16,1.1208589121123541e-16,1.114313750581771e-16,6.612992510597745e-17,6.457595819748189e-17,6.457595819748189e-17,6.457595819748189e-17
2-2-4,u_on_y,none,2000,700013,clean,,gm_battery,crt_cond,99,0.0,0.0,0.0,0.0,0.0,0.0,0.0,0.0,0.0,0.0,0.0,0.0,0.0,0.0,0.0,0.0,0.0,0.0,0.0,0.0,0.0
2-2-4,u_on_y,none,2000,700013,clean,,gtest,crt_cond,99,1294.9122517063504,1364.1424686036949,1363.8182639357879,1363.2799350747366,1361.4465668100875,1358.3103182125496,1351.2055437885729,1350.320639595792,1345.9107477841087,1345.6452314010735,1344.577084648838,1339.8886895418946,1334.314139917911,1331.154944393421,1327.1205879304448,1323.3190532777094,1323.2462733370448,1320.1487870181613,1319.4782956357444,1318.6113265797544,1318.0441655616635
2-2-4,u_on_y,none,2000,700014,clean,,kl_plugin,para_boot,99,0.0,2.220446049250313e-16,1.7042610366225887e-16,1.6946561534344378e-16,1.2196630614943822e-16,1.2059431329066216e-16,1.203943150080527e-16,1.1965513972451958e-16,1.1956247957501685e-16,1.1944198324891455e-16,1.1897594284023288e-16,1.189430374776773e-16,1.1713850116104944e-16,1.1660957049644924e-16,1.1657341758564144e-16,1.1464617583666304e-16,1.1464187960266881e-16,1.1441881050054438e-16,1.1326384538634316e-16,1.1227567367272825e-16,8.643104328515064e-17
2-2-4,u_on_y,none,2000,700014,clean,,kl_split,para_boot,99,0.005875418128628144,0.03683375490289114,0.03176658745132613,0.02779675620051481,0.02678200640085271,0.024905483961310152,0.02391485959666527,0.02387259651304461,0.02237002602721819,0.022106147388819084,0.02019765276308278,0.01955152887276698,0.01681158027068538,0.016079543882366654,0.01600134325954594,0.015618800315182235,0.015225475898939782,0.014858836135093138,0.014239426071634618,0.014172412856254089,0.013960116886397537
2-2-4,u_on_y,none,2000,700014,clean,,kl_crossfit,para_boot,99,0.005876066947616657,0.03696230360090662,0.03155145810743547,0.027636901786493088,0.026890798891190105,0.024811094927711275,0.023784712031668324,0.02373622728815597,0.022473078027217812,0.02206113679029254,0.02019495336392123,0.019588026833603243,0.01677670814917994,0.0160391358658414,0.016024465353172902,0.01567657531845825,0.01514325742979083,0.014801568578730957,0.014239467584031199,0.014228978720799403,0.013982184134597855
2-2-4,u_on_y,none,2000,700014,clean,,cf1_margin,para_boot,99,0.0,1.1102230246251565e-16,1.1102230246251565e-16,1.1102230246251565e-16,0.0,0.0,0.0,0.0,0.0,0.0,0.0,0.0,0.0,0.0,0.0,0.0,0.0,0.0,0.0,0.0,0.0
2-2-4,u_on_y,none,2000,700014,clean,,slack_plugin,para_boot,99,0.0,0.0,0.0,0.0,0.0,0.0,0.0,0.0,0.0,0.0,0.0,0.0,0.0,0.0,0.0,0.0,0.0,0.0,0.0,0.0,0.0
2-2-4,u_on_y,none,2000,700014,clean,,gm_battery,para_boot,99,0.0,0.0,0.0,0.0,0.0,0.0,0.0,0.0,0.0,0.0,0.0,0.0,0.0,0.0,0.0,0.0,0.0,0.0,0.0,0.0,0.0
2-2-4,u_on_y,none,2000,700014,clean,,gtest,para_boot,99,857.466731068393,964.6622916177141,928.2255448924067,923.0766823348596,922.7813123653482,917.678417687447,914.523859833799,912.8079173752379,903.8167627178061,900.8850004167749,900.4736155267399,899.2472442716123,898.5990175930285,895.6965464537336,893.286821756432,892.5021603256378,891.4508452633004,890.6793265355368,888.4473113675513,886.7850598098828,883.8867810214263
2-2-4,u_on_y,none,2000,700014,clean,,kl_plugin,crt_cond,99,0.0,1.6973284862510565e-16,1.684135105090924e-16,1.2187937305033265e-16,1.2137910667321973e-16,1.2124717286161841e-16,1.2117891688337672e-16,1.1926816568759853e-16,1.1900429806439586e-16,1.1894977652080037e-16,1.186084966295919e-16,1.186084966295919e-16,1.186084966295919e-16,1.186084966295919e-16,1.1781689375998392e-16,1.169761798816411e-16,1.1623368802076802e-16,1.161017542091667e-16,1.1570595277436272e-16,1.144375985445361e-16,1.144375985445361e-16
2-2-4,u_on_y,none,2000,700014,clean,,gm_battery,crt_cond,99,0.0,0.0,0.0,0.0,0.0,0.0,0.0,0.0,0.0,0.0,0.0,0.0,0.0,0.0,0.0,0.0,0.0,0.0,0.0,0.0,0.0
2-2-4,u_on_y,none,2000,700014,clean,,gtest,crt_cond,99,857.466731068393,965.4756561403294,949.3110759232172,937.583018393777,932.9335528138781,921.314012883977,919.1392322639433,910.9662211733686,910.0591900405554,909.1549923364433,902.2210961813995,899.0824593149215,894.043479008847,892.7398531781774,892.5779775129782,888.8863629871828,884.9960057757004,883.1099360461413,880.8938027052795,878.0338947201686,877.4906430064798
2-2-4,u_on_y,none,2000,700015,clean,,kl_plugin,para_boot,99,0.0,1.1576996671255745e-16,1.1381815248391126e-16,1.1363777506317606e-16,1.1340396901699207e-16,1.1322439771797052e-16,1.1317459265565006e-16,1.1277898446350484e-16,1.1275275672567219e-16,1.1245716259127192e-16,1.124166170931281e-16,1.1238398237824562e-16,1.120176124275423e-16,1.1183137187317367e-16,1.1174322650448005e-16,6.621590537430756e-17,6.581506057351473e-17,6.513187963830251e-17,6.429007131415642e-17,6.418768411278217e-17,6.401202208926635e-17
2-2-4,u_on_y,none,2000,700015,clean,,kl_split,para_boot,99,0.0005808082010601776,0.011418115702846024,0.009336476824188256,0.007932562130421303,0.00737022905656122,0.005695771161088166,0.00558970950649889,0.004862996044608027,0.004598700724622561,0.004030770217431652,0.003513103446480273,0.003204909967799971,0.002966705287961467,0.0029631639008670455,0.002841272801753468,0.0027638614803970826,0.0027355044776531043,0.0025753735183525334,0.0023891713153835273,0.002356387640637156,0.0020898935538713956
2-2-4,u_on_y,none,2000,700015,clean,,kl_crossfit,para_boot,99,0.000580749237439759,0.011395502370259242,0.009336796147455806,0.007952604759386007,0.007367779011683756,0.00569183828229277,0.005585815893014979,0.004866229927509812,0.004599314120565693,0.004033036296150459,0.003513665497450486,0.003200399399398212,0.002971443682296751,0.0029668049094396555,0.002847505621562413,0.0027629757224149967,0.0027362645975214997,0.0025728568246001816,0.00238799385644994,0.002358065663447293,0.0020895018146775204
2-2-4,u_on_y,none,2000,700015,clean,,cf1_margin,para_boot,99,0.0,0.0,0.0,0.0,0.0,0.0,0.0,0.0,0.0,0.0,0.0,0.0,0.0,0.0,0.0,0.0,0.0,0.0,0.0,0.0,0.0
2-2-4,u_on_y,none,2000,700015,clean,,slack_plugin,para_boot,99,0.0,0.0,0.0,0.0,0.0,0.0,0.0,0.0,0.0,0.0,0.0,0.0,0.0,0.0,0.0,0.0,0.0,0.0,0.0,0.0,0.0
2-2-4,u_on_y,none,2000,700015,clean,,gm_battery,para_boot,99,0.0,0.0,0.0,0.0,0.0,0.0,0.0,0.0,0.0,0.0,0.0,0.0,0.0,0.0,0.0,0.0,0.0,0.0,0.0,0.0,0.0
2-2-4,u_on_y,none,2000,700015,clean,,gtest,para_boot,99,2663.0063140676857,2725.5863296872994,2700.7151960624506,2699.947922017356,2696.049271690632,2695.2570739792513,2694.4607164640424,2692.8555152088384,2692.046668037026,2689.5951195416496,2688.7695952120825,2686.26797292602,2684.5793323733324,2683.72873895014,2683.72873895014,2682.0149966429863,2681.151844061071,2680.2845013776077,2678.537238195385,2678.537238195385,2677.6573139150905
2-2-4,u_on_y,none,2000,700015,clean,,kl_plugin,crt_cond,99,0.0,1.1561446582471217e-16,1.1345344777191382e-16,1.1345344777191382e-16,1.1345344777191382e-16,1.1345344777191382e-16,1.1291319325871423e-16,1.1291319325871423e-16,1.1291319325871423e-16,1.1291319325871423e-16,1.1291319325871423e-16,1.1291319325871423e-16,1.1291319325871423e-16,1.1291319325871423e-16,1.1237293874551464e-16,1.1237293874551464e-16,1.1237293874551464e-16,1.1183268423231505e-16,1.1183268423231505e-16,1.1183268423231505e-16,1.1183268423231505e-16
2-2-4,u_on_y,none,2000,700015,clean,,gm_battery,crt_cond,99,0.0,0.0,0.0,0.0,0.0,0.0,0.0,0.0,0.0,0.0,0.0,0.0,0.0,0.0,0.0,0.0,0.0,0.0,0.0,0.0,0.0
2-2-4,u_on_y,none,2000,700015,clean,,gtest,crt_cond,99,2663.0063140676857,2663.0063140676857,2663.0063140676857,2663.0063140676857,2663.0063140676857,2663.0063140676857,2663.0063140676857,2663.0063140676857,2663.0063140676857,2663.0063140676857,2663.0063140676857,2663.0063140676857,2663.0063140676857,2663.0063140676857,2663.0063140676857,2663.0063140676857,2663.0063140676857,2663.0063140676857,2663.0063140676857,2663.0063140676857,2663.0063140676857
2-2-4,u_on_y,none,2000,700016,clean,,kl_plugin,para_boot,99,0.00036839877448621543,0.00488902480822892,0.0027618162097190306,0.002637292059165127,0.0024400053742702245,0.0022347073464803156,0.0019880929428396643,0.0019712769005612446,0.0019460337861259454,0.0019085179111852923,0.0018618408390348798,0.0017985568958882557,0.0015737189588610999,0.001559011007963327,0.0015585004802026146,0.0015583251377940706,0.0014997815565497633,0.0014679242160998106,0.0014123952748164408,0.001288829850372375,0.0011052056920711796
2-2-4,u_on_y,none,2000,700016,clean,,kl_split,para_boot,99,0.001898408542333127,0.02083594702873942,0.016021780333108762,0.014534315014565466,0.014239589333838745,0.013617157003451355,0.009821984868070593,0.009646674445636688,0.008947363737903322,0.008708105989427443,0.007509000523979639,0.007233945268959374,0.007107695767158709,0.007091280924856384,0.006978635682641787,0.00694292741513175,0.006917016025171932,0.0068594880065996,0.006642576913125073,0.006317587960667725,0.006177763932179933
2-2-4,u_on_y,none,2000,700016,clean,,kl_crossfit,para_boot,99,0.0014542754667628173,0.0224903566377901,0.01736654838793475,0.014820499639098351,0.013446096862892623,0.012479399551896718,0.011017901562380937,0.00902295625205396,0.008175047097688577,0.008137519950430494,0.007976067146034105,0.0074763853596572505,0.0072646911343159926,0.006800822039572017,0.006601553676350694,0.006563289993117848,0.006480111812652151,0.006427794731112997,0.0063769349809926,0.006342636775200427,0.006232885282637785
2-2-4,u_on_y,none,2000,700016,clean,,cf1_margin,para_boot,99,0.01919299287720344,0.06988578331492801,0.05245303419380998,0.05131970664883778,0.0493804174682968,0.04724139158559604,0.04457520185675523,0.044379025291008345,0.04410661902556301,0.0436796274441007,0.0430914996172862,0.04232581115435119,0.03964232570880322,0.03947269636964923,0.03946277787581742,0.03943211066256902,0.038722132203915516,0.03828894269572236,0.037561216238894635,0.03589274641906215,0.03323088426921195
2-2-4,u_on_y,none,2000,700016,clean,,slack_plugin,para_boot,99,0.03838598575440677,0.13977156662985601,0.10490606838761996,0.10263941329767556,0.09876083493659371,0.09448278317119196,0.08915040371351046,0.08875805058201669,0.08821323805112591,0.0873592548882014,0.08618299923457251,0.08465162230870249,0.07928465141760632,0.07894539273929835,0.07892555575163496,0.07886422132513815,0.07744426440783114,0.07657788539144483,0.07512243247778927,0.07178549283812441,0.0664617685384239
2-2-4,u_on_y,none,2000,700016,clean,,gm_battery,para_boot,99,0.0,0.0,0.0,0.0,0.0,0.0,0.0,0.0,0.0,0.0,0.0,0.0,0.0,0.0,0.0,0.0,0.0,0.0,0.0,0.0,0.0
2-2-4,u_on_y,none,2000,700016,clean,,gtest,para_boot,99,0.0,0.0,0.0,0.0,0.0,0.0,0.0,0.0,0.0,0.0,0.0,0.0,0.0,0.0,0.0,0.0,0.0,0.0,0.0,0.0,0.0
2-2-4,u_on_y,none,2000,700016,clean,,kl_plugin,crt_cond,99,0.00036839877448621543,0.0063632104405882475,0.004758159720806059,0.003727804679840494,0.00334713265459282,0.0033372497677698343,0.002805223195487292,0.0025525076802277204,0.0022478968164275116,0.0021843943137278103,0.0021680632381833216,0.0017695482875453375,0.0016136185096952797,0.0015210218554702788,0.001459473560810061,0.001379113182623317,0.0013475052070863122,0.0011908453968455315,0.00110234239806635,0.0010145640709361865,0.000949588964551093
2-2-4,u_on_y,none,2000,700016,clean,,gm_battery,crt_cond,99,0.0,0.0,0.0,0.0,0.0,0.0,0.0,0.0,0.0,0.0,0.0,0.0,0.0,0.0,0.0,0.0,0.0,0.0,0.0,0.0,0.0
2-2-4,u_on_y,none,2000,700016,clean,,gtest,crt_cond,99,0.0,0.0,0.0,0.0,0.0,0.0,0.0,0.0,0.0,0.0,0.0,0.0,0.0,0.0,0.0,0.0,0.0,0.0,0.0,0.0,0.0
2-2-4,u_on_y,none,2000,700017,clean,,kl_plugin,para_boot,99,0.0,1.288050954976372e-16,1.2588355554804924e-16,1.2076110092413984e-16,1.2074314922190642e-16,1.204122484419324e-16,1.1980081009908667e-16,1.167157538708498e-16,1.1621909108842064e-16,1.1566391284795417e-16,1.1538728187557183e-16,1.1454682000100823e-16,1.1446485447685723e-16,1.1330671197820528e-16,1.1314772942407283e-16,1.1203620476810942e-16,1.119176436114069e-16,1.1149879303102431e-16,7.538551401775754e-17,7.48861195608523e-17,6.769652589177785e-17
2-2-4,u_on_y,none,2000,700017,clean,,kl_split,para_boot,99,0.016577032574881384,0.03428300486820568,0.028347441259113062,0.028285855531068962,0.026049363269798963,0.02488272655761097,0.024081537776286542,0.02288520115602151,0.022472037048355084,0.019872867524230033,0.01957035127631878,0.019314055746599848,0.01800671960554054,0.017838542690199036,0.017793196560758208,0.017040839967699555,0.016878765284558464,0.016689558586636222,0.015099103358592297,0.01461948198306498,0.01436703152677428
2-2-4,u_on_y,none,2000,700017,clean,,kl_crossfit,para_boot,99,0.016582440686529115,0.034351039029550834,0.028414331473271673,0.027927937041381714,0.025611382133603304,0.02495167361581878,0.024046613448695558,0.023016617839681314,0.022552564610261047,0.019950596028750687,0.019512881709409333,0.019319345331100947,0.018071822593955622,0.017881367130284077,0.017802554635224368,0.017148015995907297,0.016842061387933427,0.01667115488923826,0.015107251016891653,0.014687952162826525,0.014352762734702828
2-2-4,u_on_y,none,2000,700017,clean,,cf1_margin,para_boot,99,0.0,1.1102230246251565e-16,1.1102230246251565e-16,0.0,0.0,0.0,0.0,0.0,0.0,0.0,0.0,0.0,0.0,0.0,0.0,0.0,0.0,0.0,0.0,0.0,0.0
2-2-4,u_on_y,none,2000,700017,clean,,slack_plugin,para_boot,99,0.0,0.0,0.0,0.0,0.0,0.0,0.0,0.0,0.0,0.0,0.0,0.0,0.0,0.0,0.0,0.0,0.0,0.0,0.0,0.0,0.0
2-2-4,u_on_y,none,2000,700017,clean,,gm_battery,para_boot,99,0.0,0.0,0.0,0.0,0.0,0.0,0.0,0.0,0.0,0.0,0.0,0.0,0.0,0.0,0.0,0.0,0.0,0.0,0.0,0.0,0.0
2-2-4,u_on_y,none,2000,700017,clean,,gtest,para_boot,99,722.0735222955791,839.3142122202578,816.2074593941369,808.0948623625014,802.268198306545,797.7423157997185,797.4154571597073,795.8215917074087,791.6375357928176,789.2046294238615,786.3754904182898,785.644080227335,784.9987217203093,784.9213400496471,781.8997294979847,779.774553235488,774.4356608437915,773.758468090019,770.8254163425167,768.6640741995891,767.324527086043
2-2-4,u_on_y,none,2000,700017,clean,,kl_plugin,crt_cond,99,0.0,1.2346445704883206e-16,1.2250736823450003e-16,1.2250736823450003e-16,1.2250736823450003e-16,1.21550279420168e-16,1.21550279420168e-16,1.2059319060583598e-16,1.2059319060583598e-16,1.186790129771719e-16,1.186790129771719e-16,1.186790129771719e-16,1.186790129771719e-16,1.1772192416283987e-16,1.1676483534850784e-16,1.1676483534850784e-16,1.1676483534850784e-16,1.1676483534850784e-16,1.1676483534850784e-16,1.1676483534850784e-16,1.1676483534850784e-16
2-2-4,u_on_y,none,2000,700017,clean,,gm_battery,crt_cond,99,0.0,0.0,0.0,0.0,0.0,0.0,0.0,0.0,0.0,0.0,0.0,0.0,0.0,0.0,0.0,0.0,0.0,0.0,0.0,0.0,0.0
2-2-4,u_on_y,none,2000,700017,clean,,gtest,crt_cond,99,722.0735222955791,788.1074717416075,778.9851583459487,776.8817005896111,776.1745452460391,775.1106942454537,773.0609631942411,769.044122300271,768.601936399208,768.1355279647424,763.6644771748083,762.2235291537061,761.66333981704,757.8126379952864,757.3682021177386,756.9148809617985,753.9664919841382,753.7210590690385,753.1531121686983,752.7248807174852,750.6358985309878
2-2-4,u_on_y,none,2000,700018,clean,,kl_plugin,para_boot,99,0.00010627342101287261,0.004279396686087053,0.0032730721689284738,0.003068726547127563,0.002986059443624855,0.0025282893678155623,0.002236766496749313,0.002118657037880934,0.0019471101698977367,0.001926824148509431,0.0018158706613651508,0.001766624659692656,0.0017404315640139716,0.0016713248481863077,0.0014752018473624673,0.0013899879700250313,0.0013341380602577488,0.0012243973926471044,0.001199083616074268,0.0011510614623069723,0.0010524421220576494
2-2-4,u_on_y,none,2000,700018,clean,,kl_split,para_boot,99,0.002732222141506476,0.016511436892599776,0.016072803667622454,0.013836761411400222,0.01279578996260635,0.010793727280661913,0.010196864484977475,0.010187993639054302,0.009100730569252695,0.0090513843937996,0.008731655011820674,0.008554350999486898,0.008460178058652332,0.008251628506889194,0.008247229257821398,0.008206443980150024,0.007824129936453608,0.007368298257937805,0.007240621313189394,0.007122663759905751,0.006522066346109107
2-2-4,u_on_y,none,2000,700018,clean,,kl_crossfit,para_boot,99,0.003956002335238119,0.016059754868121306,0.012539063413790415,0.011136076792541319,0.010156467330587227,0.010096311834091827,0.009853324222648376,0.009548765924334991,0.008920772874521282,0.008395911471907394,0.008117240751805387,0.008060579889000094,0.00789676821277336,0.007469573061512996,0.006884666693455305,0.006838020614210509,0.0067377980521426475,0.006638373452083049,0.006606323220308075,0.0064499962508641935,0.0064266102720445875
2-2-4,u_on_y,none,2000,700018,clean,,cf1_margin,para_boot,99,0.010307017543859653,0.06531355711683584,0.05713328262384376,0.05537887807079067,0.05463123120004154,0.050269181604897795,0.04725039580611967,0.04600000000000004,0.04411890871654078,0.04387659109835218,0.042604879044605526,0.04202475316367682,0.041693035282909685,0.04087328270983326,0.03833664905902001,0.037236995015675234,0.0364947598234977,0.03498716615913966,0.03461788897188944,0.03390739695087519,0.03242942908084012
2-2-4,u_on_y,none,2000,700018,clean,,slack_plugin,para_boot,99,0.020614035087719307,0.13062711423367157,0.11426656524768741,0.11075775614158118,0.10926246240008308,0.10053836320979559,0.09450079161223918,0.09200000000000003,0.08823781743308173,0.08775318219670436,0.08520975808921105,0.08404950632735364,0.08338607056581943,0.08174656541966657,0.07667329811803986,0.07447399003135052,0.0729895196469953,0.06997433231827921,0.06923577794377889,0.06781479390175027,0.06485885816168024
2-2-4,u_on_y,none,2000,700018,clean,,gm_battery,para_boot,99,0.0,0.0,0.0,0.0,0.0,0.0,0.0,0.0,0.0,0.0,0.0,0.0,0.0,0.0,0.0,0.0,0.0,0.0,0.0,0.0,0.0
2-2-4,u_on_y,none,2000,700018,clean,,gtest,para_boot,99,0.0,0.0,0.0,0.0,0.0,0.0,0.0,0.0,0.0,0.0,0.0,0.0,0.0,0.0,0.0,0.0,0.0,0.0,0.0,0.0,0.0
2-2-4,u_on_y,none,2000,700018,clean,,kl_plugin,crt_cond,99,0.00010627342101287261,0.00804593045162473,0.002896745293889263,0.0027488660812004517,0.0022968963486204655,0.0021521929187457503,0.002078529500693007,0.001982482966330995,0.0016643842241645737,0.0016199927265264126,0.0015643148875144168,0.0015589036430607543,0.0013820056559975327,0.0013113017120514568,0.0012320672331872541,0.0011719614656495944,0.00109039495003687,0.001087158978479625,0.0009648101595278978,0.0009095957258412057,0.0008836347029707592
2-2-4,u_on_y,none,2000,700018,clean,,gm_battery,crt_cond,99,0.0,0.0,0.0,0.0,0.0,0.0,0.0,0.0,0.0,0.0,0.0,0.0,0.0,0.0,0.0,0.0,0.0,0.0,0.0,0.0,0.0
2-2-4,u_on_y,none,2000,700018,clean,,gtest,crt_cond,99,0.0,0.0,0.0,0.0,0.0,0.0,0.0,0.0,0.0,0.0,0.0,0.0,0.0,0.0,0.0,0.0,0.0,0.0,0.0,0.0,0.0
2-2-4,u_on_y,none,2000,700019,clean,,kl_plugin,para_boot,99,0.0,0.0,0.0,0.0,0.0,0.0,0.0,0.0,0.0,0.0,0.0,0.0,0.0,0.0,0.0,0.0,0.0,0.0,0.0,0.0,0.0
2-2-4,u_on_y,none,2000,700019,clean,,kl_split,para_boot,99,0.0,0.0,0.0,0.0,0.0,0.0,0.0,0.0,0.0,0.0,0.0,0.0,0.0,0.0,0.0,0.0,0.0,0.0,0.0,0.0,0.0
2-2-4,u_on_y,none,2000,700019,clean,,kl_crossfit,para_boot,99,0.0,0.0,0.0,0.0,0.0,0.0,0.0,0.0,0.0,0.0,0.0,0.0,0.0,0.0,0.0,0.0,0.0,0.0,0.0,0.0,0.0
2-2-4,u_on_y,none,2000,700019,clean,,cf1_margin,para_boot,99,0.0,0.0,0.0,0.0,0.0,0.0,0.0,0.0,0.0,0.0,0.0,0.0,0.0,0.0,0.0,0.0,0.0,0.0,0.0,0.0,0.0
2-2-4,u_on_y,none,2000,700019,clean,,slack_plugin,para_boot,99,0.0,0.0,0.0,0.0,0.0,0.0,0.0,0.0,0.0,0.0,0.0,0.0,0.0,0.0,0.0,0.0,0.0,0.0,0.0,0.0,0.0
2-2-4,u_on_y,none,2000,700019,clean,,gm_battery,para_boot,99,0.0,0.0,0.0,0.0,0.0,0.0,0.0,0.0,0.0,0.0,0.0,0.0,0.0,0.0,0.0,0.0,0.0,0.0,0.0,0.0,0.0
2-2-4,u_on_y,none,2000,700019,clean,,gtest,para_boot,99,0.0,0.0,0.0,0.0,0.0,0.0,0.0,0.0,0.0,0.0,0.0,0.0,0.0,0.0,0.0,0.0,0.0,0.0,0.0,0.0,0.0
2-2-4,u_on_y,none,2000,700019,clean,,kl_plugin,crt_cond,99,0.0,0.0,0.0,0.0,0.0,0.0,0.0,0.0,0.0,0.0,0.0,0.0,0.0,0.0,0.0,0.0,0.0,0.0,0.0,0.0,0.0
2-2-4,u_on_y,none,2000,700019,clean,,gm_battery,crt_cond,99,0.0,0.0,0.0,0.0,0.0,0.0,0.0,0.0,0.0,0.0,0.0,0.0,0.0,0.0,0.0,0.0,0.0,0.0,0.0,0.0,0.0
2-2-4,u_on_y,none,2000,700019,clean,,gtest,crt_cond,99,0.0,0.0,0.0,0.0,0.0,0.0,0.0,0.0,0.0,0.0,0.0,0.0,0.0,0.0,0.0,0.0,0.0,0.0,0.0,0.0,0.0
2-2-4,u_on_y,none,2000,700020,clean,,kl_plugin,para_boot,99,0.0,1.157668453027941e-16,1.1451985474531319e-16,1.143259417603182e-16,1.1343583077691818e-16,1.126401137916598e-16,1.124886347591904e-16,1.1229355020063607e-16,1.1214580322340589e-16,1.1195352401159548e-16,1.1178347397792958e-16,1.115454989868442e-16,1.113264731541938e-16,7.153866052350917e-17,6.965078409204993e-17,6.867464113719949e-17,6.729267663597986e-17,6.693402350628202e-17,6.673639787912991e-17,6.591949208711867e-17,6.576414371613567e-17
2-2-4,u_on_y,none,2000,700020,clean,,kl_split,para_boot,99,0.0014508053053885646,0.013879155231052917,0.011846043615489188,0.011580703438198947,0.010307160580164218,0.007874178484069627,0.005942181930491161,0.005397081182950403,0.00537688486934413,0.005322377708883157,0.005133608989141343,0.005115972052464328,0.004527914361893898,0.0045246942919276376,0.004475717794764904,0.004406327887450982,0.00435227656250229,0.004007746597630542,0.0037707254734122356,0.003559552466606261,0.003409798836937268
2-2-4,u_on_y,none,2000,700020,clean,,kl_crossfit,para_boot,99,0.0014507320594780698,0.01389433850221846,0.01180506826379804,0.01155039180841809,0.010263388079923046,0.00785357588377834,0.005940395391036444,0.005395788212979591,0.005378104756779835,0.005322715465567826,0.005119536251677392,0.005116903394372631,0.004525630249041537,0.004523483032416502,0.0044752226949365155,0.004404256391321408,0.004357617818559097,0.004006111634420592,0.003774885838615915,0.003557772568613657,0.0034128016081076892
2-2-4,u_on_y,none,2000,700020,clean,,cf1_margin,para_boot,99,0.0,0.0,0.0,0.0,0.0,0.0,0.0,0.0,0.0,0.0,0.0,0.0,0.0,0.0,0.0,0.0,0.0,0.0,0.0,0.0,0.0
2-2-4,u_on_y,none,2000,700020,clean,,slack_plugin,para_boot,99,0.0,0.0,0.0,0.0,0.0,0.0,0.0,0.0,0.0,0.0,0.0,0.0,0.0,0.0,0.0,0.0,0.0,0.0,0.0,0.0,0.0
2-2-4,u_on_y,none,2000,700020,clean,,gm_battery,para_boot,99,0.0,0.0,0.0,0.0,0.0,0.0,0.0,0.0,0.0,0.0,0.0,0.0,0.0,0.0,0.0,0.0,0.0,0.0,0.0,0.0,0.0
2-2-4,u_on_y,none,2000,700020,clean,,gtest,para_boot,99,840.0046901450332,919.5400239319172,913.9005581592596,908.5830048593957,906.5717857417826,898.950610794629,896.4843161381609,896.4635279421093,893.2052400276871,892.0392315649327,888.444294101462,880.7186939067832,879.9391411199377,876.3423685091058,873.2387574366486,871.4817364199091,870.9614163108686,870.7304315435523,869.4944618900118,869.4108017054159,868.2436383228684
2-2-4,u_on_y,none,2000,700020,clean,,kl_plugin,crt_cond,99,0.0,1.1483643913021583e-16,1.1483643913021583e-16,1.1483643913021583e-16,1.1380559138218876e-16,1.129809131837671e-16,1.129809131837671e-16,1.129809131837671e-16,1.1195006543574003e-16,1.1195006543574003e-16,1.1195006543574003e-16,1.1195006543574003e-16,6.556191677452179e-17,6.556191677452179e-17,6.494340812570553e-17,6.494340812570553e-17,6.370639082807305e-17,6.370639082807305e-17,6.339713650366492e-17,6.339713650366492e-17,5.638737181708084e-17
2-2-4,u_on_y,none,2000,700020,clean,,gm_battery,crt_cond,99,0.0,0.0,0.0,0.0,0.0,0.0,0.0,0.0,0.0,0.0,0.0,0.0,0.0,0.0,0.0,0.0,0.0,0.0,0.0,0.0,0.0
2-2-4,u_on_y,none,2000,700020,clean,,gtest,crt_cond,99,840.0046901450332,921.9705218228471,903.1788043688227,899.0311272226436,890.7661916979439,888.7062558440155,880.4915052134509,878.4440328836704,876.3990336349855,876.3990336349855,876.3990336349855,874.3565009905693,874.3565009905693,874.3565009905693,872.3164285008729,870.2788097434643,870.2788097434643,868.2436383228684,868.2436383228684,868.2436383228684,866.2109078704063
2-2-4,u_on_y,none,2000,700021,clean,,kl_plugin,para_boot,99,0.0,1.351575856065408e-16,1.0171504357344249e-16,8.663889958523418e-17,8.602775269346763e-17,8.489940776545315e-17,8.044130896984666e-17,7.904305229668233e-17,7.82999396314584e-17,7.686159401251084e-17,7.562388718461213e-17,7.468773074751054e-17,7.468773074751054e-17,7.420368174790587e-17,7.420368174790587e-17,7.361261358927669e-17,7.351476784680091e-17,7.273874988923439e-17,7.243166256912785e-17,7.081422535446944e-17,7.081422535446944e-17
2-2-4,u_on_y,none,2000,700021,clean,,kl_split,para_boot,99,0.014556966235070204,0.05961442750575302,0.05905010286871756,0.05362107503932961,0.03911060187719985,0.03574904434627901,0.031155928565213528,0.027924233348861724,0.026393085013406023,0.025612993378330326,0.0240875530408811,0.022701548117374612,0.020325185903202647,0.019949049775477123,0.019833008846425207,0.01739319761318746,0.01725584604136879,0.01551861429614071,0.015053499585833893,0.014833303104057241,0.01471932940934799
2-2-4,u_on_y,none,2000,700021,clean,,kl_crossfit,para_boot,99,0.01462857613203506,0.060150620515953726,0.059927457963379616,0.054320224699702824,0.03856564931943477,0.03516452737838061,0.0311075798892635,0.027691523777867294,0.026139893084326085,0.025305753984423723,0.02415871216455792,0.022911500196073832,0.020121666535688934,0.020007392002210037,0.019830451624454085,0.017345093950116276,0.017145109832980024,0.015619267541221081,0.01513011411691225,0.014879612067774474,0.014751695452326415
2-2-4,u_on_y,none,2000,700021,clean,,cf1_margin,para_boot,99,0.0,0.0,0.0,0.0,0.0,0.0,0.0,0.0,0.0,0.0,0.0,0.0,0.0,0.0,0.0,0.0,0.0,0.0,0.0,0.0,0.0
2-2-4,u_on_y,none,2000,700021,clean,,slack_plugin,para_boot,99,0.0,0.0,0.0,0.0,0.0,0.0,0.0,0.0,0.0,0.0,0.0,0.0,0.0,0.0,0.0,0.0,0.0,0.0,0.0,0.0,0.0
2-2-4,u_on_y,none,2000,700021,clean,,gm_battery,para_boot,99,0.0,0.0,0.0,0.0,0.0,0.0,0.0,0.0,0.0,0.0,0.0,0.0,0.0,0.0,0.0,0.0,0.0,0.0,0.0,0.0,0.0
2-2-4,u_on_y,none,2000,700021,clean,,gtest,para_boot,99,546.5368981710333,663.4724462451202,656.8186690293193,642.7485020351785,628.8611923994001,624.4635464625246,619.7250137337752,618.3509549944258,613.2570488688198,610.5738253971847,610.154972420236,605.6837135286256,604.7813527214341,603.9924145085816,601.7782369889234,598.5458819872403,597.8517846008917,597.472134732383,591.7328220096551,588.4633316084539,587.6880705804625
2-2-4,u_on_y,none,2000,700021,clean,,kl_plugin,crt_cond,99,0.0,1.3464406894390197e-16,1.0541213292318641e-16,8.562890349502539e-17,8.562890349502539e-17,8.208563852281742e-17,8.208563852281742e-17,8.208563852281742e-17,8.208563852281742e-17,8.208563852281742e-17,8.208563852281742e-17,8.208563852281742e-17,8.208563852281742e-17,8.208563852281742e-17,8.031400603671347e-17,8.031400603671347e-17,8.031400603671347e-17,8.031400603671347e-17,8.031400603671347e-17,7.854237355060948e-17,7.854237355060948e-17
2-2-4,u_on_y,none,2000,700021,clean,,gm_battery,crt_cond,99,0.0,0.0,0.0,0.0,0.0,0.0,0.0,0.0,0.0,0.0,0.0,0.0,0.0,0.0,0.0,0.0,0.0,0.0,0.0,0.0,0.0
2-2-4,u_on_y,none,2000,700021,clean,,gtest,crt_cond,99,546.5368981710333,655.194041948214,648.5970290041754,635.4851303289705,622.4801107729703,616.0167369538066,609.5789707080269,603.166461689033,603.166461689033,596.7788686649037,596.7788686649037,596.7788686649037,590.4158591677716,590.4158591677716,590.4158591677716,590.4158591677716,590.4158591677716,590.4158591677716,590.4158591677716,590.4158591677716,590.4158591677716
2-2-4,u_on_y,none,2000,700022,clean,,kl_plugin,para_boot,99,5.802366446010035e-17,1.6842968190060146e-16,1.6815658677071084e-16,1.6730802789700035e-16,1.6730190074443692e-16,1.6705573603062673e-16,1.669386445786732e-16,1.6675941496065786e-16,1.1984772263154663e-16,1.1881703717051012e-16,1.1811518661445848e-16,1.161895638803189e-16,1.1577422980526925e-16,1.155354041886342e-16,1.1511220643802695e-16,1.1454682000100823e-16,1.1452826990870037e-16,1.1420302326976373e-16,1.1413923876159698e-16,1.1310583092695965e-16,1.129492583129999e-16
2-2-4,u_on_y,none,2000,700022,clean,,kl_split,para_boot,99,0.003914860731147373,0.031155140234200074,0.03079577139713642,0.02539786603917096,0.02233934295739932,0.01911349326814483,0.018977356268849672,0.018670623392920145,0.017445860873589132,0.016898650537887625,0.016800642753377018,0.016523249444570884,0.01582254743922662,0.015124255230387813,0.015092778082274615,0.01454575616606952,0.013940748837886943,0.012664870026950263,0.012556794418136135,0.01082272825106427,0.01058310987459491
2-2-4,u_on_y,none,2000,700022,clean,,kl_crossfit,para_boot,99,0.003913113156437011,0.03095196310798616,0.030720074629373897,0.025267867469605028,0.022352730389037775,0.019133865763733923,0.018978965806707885,0.018634048289637672,0.01742959071070693,0.016818089222977634,0.016793211476300304,0.016526435696894454,0.015847508511734613,0.015074345901075894,0.015072735579550363,0.014544411391643065,0.013913322190037833,0.01268191788541175,0.01254366788525305,0.010801286335005038,0.010579246127639294
2-2-4,u_on_y,none,2000,700022,clean,,cf1_margin,para_boot,99,0.0,1.1102230246251565e-16,1.1102230246251565e-16,0.0,0.0,0.0,0.0,0.0,0.0,0.0,0.0,0.0,0.0,0.0,0.0,0.0,0.0,0.0,0.0,0.0,0.0
2-2-4,u_on_y,none,2000,700022,clean,,slack_plugin,para_boot,99,0.0,0.0,0.0,0.0,0.0,0.0,0.0,0.0,0.0,0.0,0.0,0.0,0.0,0.0,0.0,0.0,0.0,0.0,0.0,0.0,0.0
2-2-4,u_on_y,none,2000,700022,clean,,gm_battery,para_boot,99,0.0,0.0,0.0,0.0,0.0,0.0,0.0,0.0,0.0,0.0,0.0,0.0,0.0,0.0,0.0,0.0,0.0,0.0,0.0,0.0,0.0
2-2-4,u_on_y,none,2000,700022,clean,,gtest,para_boot,99,1135.967717297515,1237.580351881715,1221.8364578916492,1216.3351301763705,1212.7678840051028,1192.097014356616,1191.0860118435855,1189.6740186078569,1187.3795699218545,1186.6610167125286,1186.5705642446248,1184.3414857910934,1183.8472763105058,1183.3011391706611,1182.5946419227607,1179.9801165682254,1177.4348466561123,1173.1231778928782,1170.58433775394,1170.5636417468625,1168.8263781247992
2-2-4,u_on_y,none,2000,700022,clean,,kl_plugin,crt_cond,99,5.802366446010035e-17,1.680196960292824e-16,1.6697932639442616e-16,1.2243170903969118e-16,1.186661701580263e-16,1.1848229907066889e-16,1.1844675849308062e-16,1.1760465241088616e-16,1.1760465241088616e-16,1.1760465241088616e-16,1.1760465241088616e-16,1.169672718045513e-16,1.1409406577175522e-16,1.1409406577175522e-16,1.1409406577175522e-16,1.139947871335335e-16,1.1310304173222813e-16,1.1310304173222813e-16,7.394173108669521e-17,6.662654030293052e-17,6.538467615381358e-17
2-2-4,u_on_y,none,2000,700022,clean,,gm_battery,crt_cond,99,0.0,0.0,0.0,0.0,0.0,0.0,0.0,0.0,0.0,0.0,0.0,0.0,0.0,0.0,0.0,0.0,0.0,0.0,0.0,0.0,0.0
2-2-4,u_on_y,none,2000,700022,clean,,gtest,crt_cond,99,1135.967717297515,1237.7833065065004,1215.8058687446335,1211.6157363953862,1210.1009214117526,1207.458679629966,1200.0165186701208,1195.570746439679,1188.3450653622695,1182.1555948131781,1179.9752333555784,1179.8112307359654,1179.1949606571525,1176.2410400198178,1174.7887510505313,1174.4483864555186,1172.5735446004824,1168.8596703397588,1164.097961066001,1163.0206177840228,1162.1907049331485
2-2-4,u_on_y,none,2000,700023,clean,,kl_plugin,para_boot,99,0.0,1.1952401030874434e-16,1.1785444415251662e-16,1.1517038848858768e-16,1.1494913631167217e-16,1.138041824786607e-16,1.1286088836316878e-16,1.1279355808572107e-16,1.1268150516338496e-16,1.1265812114069495e-16,1.1241099485671434e-16,1.1224549050001583e-16,7.84285989872817e-17,7.820277656135629e-17,7.022806109256805e-17,6.986748344623831e-17,6.974149253996365e-17,6.895331341281802e-17,6.8149850841946e-17,6.753654285465942e-17,6.325689326352637e-17
2-2-4,u_on_y,none,2000,700023,clean,,kl_split,para_boot,99,0.009759923090830416,0.02566144771992457,0.02525280283818282,0.023964985220580288,0.023735910583361657,0.020622352220433245,0.01874309122024294,0.01756876798589446,0.015555191893339789,0.014252993562501995,0.01362495580736772,0.012621552684524556,0.0122408708385668,0.012055918412086364,0.012024108092268691,0.01171328435581678,0.011024205672578108,0.010669966183957541,0.010487517750809118,0.010376875939971622,0.009893965753981021
2-2-4,u_on_y,none,2000,700023,clean,,kl_crossfit,para_boot,99,0.009767530705573336,0.025828184452766658,0.025308835003110042,0.024207193165655456,0.023823868811278345,0.020759883552787718,0.018800345978325927,0.017704156638705185,0.01557739642974047,0.014265720308137494,0.01362807039879646,0.012631902714607488,0.012253743917096764,0.012077776926012973,0.012034240653854236,0.011743618404151187,0.011080446236545954,0.010668650801748322,0.010505091785768122,0.010368035566944905,0.009877661485630025
2-2-4,u_on_y,none,2000,700023,clean,,cf1_margin,para_boot,99,0.0,0.0,0.0,0.0,0.0,0.0,0.0,0.0,0.0,0.0,0.0,0.0,0.0,0.0,0.0,0.0,0.0,0.0,0.0,0.0,0.0
2-2-4,u_on_y,none,2000,700023,clean,,slack_plugin,para_boot,99,0.0,0.0,0.0,0.0,0.0,0.0,0.0,0.0,0.0,0.0,0.0,0.0,0.0,0.0,0.0,0.0,0.0,0.0,0.0,0.0,0.0
2-2-4,u_on_y,none,2000,700023,clean,,gm_battery,para_boot,99,0.0,0.0,0.0,0.0,0.0,0.0,0.0,0.0,0.0,0.0,0.0,0.0,0.0,0.0,0.0,0.0,0.0,0.0,0.0,0.0,0.0
2-2-4,u_on_y,none,2000,700023,clean,,gtest,para_boot,99,1089.4682412621528,1193.2843809725518,1175.1092807725513,1163.532518547188,1161.169642731029,1155.9661603778559,1154.8660421938794,1153.5921863669246,1147.8204679828252,1146.3385749776548,1144.6907245029124,1144.1327411902969,1141.044243934739,1140.2569754140413,1138.8122717750964,1138.600667648705,1136.6964146269706,1129.4303411026583,1125.0009036600911,1124.83436092475,1121.1750753482029
2-2-4,u_on_y,none,2000,700023,clean,,kl_plugin,crt_cond,99,0.0,1.683838254014821e-16,1.1984715214543356e-16,1.1808735807376666e-16,1.1628874501522474e-16,1.1571939987439132e-16,1.1529239101876627e-16,1.1515005473355791e-16,1.1515005473355791e-16,1.1216099274418248e-16,1.1152694929189073e-16,1.1152694929189073e-16,6.837964538032215e-17,6.762267513625954e-17,6.610873464813432e-17,6.610873464813432e-17,6.610873464813432e-17,6.610873464813432e-17,6.537117389750922e-17,6.44783371993841e-17,6.383782391594651e-17
2-2-4,u_on_y,none,2000,700023,clean,,gm_battery,crt_cond,99,0.0,0.0,0.0,0.0,0.0,0.0,0.0,0.0,0.0,0.0,0.0,0.0,0.0,0.0,0.0,0.0,0.0,0.0,0.0,0.0,0.0
2-2-4,u_on_y,none,2000,700023,clean,,gtest,crt_cond,99,1089.4682412621528,1177.3647484964818,1176.0866485536617,1169.598524754417,1155.0001246681102,1145.9676583688738,1142.7842764895051,1138.3890662194003,1136.3358308466434,1133.6175840883031,1130.6005004587114,1127.8511624613375,1121.2561394282004,1120.4458065052283,1119.523253711897,1118.1917315382293,1117.5923713072104,1116.9074318454973,1116.8282069288305,1115.4681515777906,1114.768788498693
2-2-4,u_on_y,none,2000,700024,clean,,kl_plugin,none,0,0.0,,,,,,,,,,,,,,,,,,,,
2-2-4,u_on_y,none,2000,700024,clean,,kl_split,none,0,0.0015447836762402072,,,,,,,,,,,,,,,,,,,,
2-2-4,u_on_y,none,2000,700024,clean,,kl_crossfit,none,0,0.0015442156800085424,,,,,,,,,,,,,,,,,,,,
2-2-4,u_on_y,none,2000,700024,clean,,cf1_margin,none,0,0.0,,,,,,,,,,,,,,,,,,,,
2-2-4,u_on_y,none,2000,700024,clean,,slack_plugin,none,0,0.0,,,,,,,,,,,,,,,,,,,,
2-2-4,u_on_y,none,2000,700024,clean,,gm_battery,none,0,0.0,,,,,,,,,,,,,,,,,,,,
2-2-4,u_on_y,none,2000,700024,clean,,gtest,none,0,2258.0868856173975,,,,,,,,,,,,,,,,,,,,
2-2-4,u_on_y,none,2000,700025,clean,,kl_plugin,none,0,6.435363549818387e-17,,,,,,,,,,,,,,,,,,,,
2-2-4,u_on_y,none,2000,700025,clean,,kl_split,none,0,0.0009272571418457928,,,,,,,,,,,,,,,,,,,,
2-2-4,u_on_y,none,2000,700025,clean,,kl_crossfit,none,0,0.0009265499716131515,,,,,,,,,,,,,,,,,,,,
2-2-4,u_on_y,none,2000,700025,clean,,cf1_margin,none,0,0.0,,,,,,,,,,,,,,,,,,,,
2-2-4,u_on_y,none,2000,700025,clean,,slack_plugin,none,0,0.0,,,,,,,,,,,,,,,,,,,,
2-2-4,u_on_y,none,2000,700025,clean,,gm_battery,none,0,0.0,,,,,,,,,,,,,,,,,,,,
2-2-4,u_on_y,none,2000,700025,clean,,gtest,none,0,456.573763521554,,,,,,,,,,,,,,,,,,,,
2-2-4,u_on_y,none,2000,700026,clean,,kl_plugin,none,0,0.0,,,,,,,,,,,,,,,,,,,,
2-2-4,u_on_y,none,2000,700026,clean,,kl_split,none,0,0.0024373756639026606,,,,,,,,,,,,,,,,,,,,
2-2-4,u_on_y,none,2000,700026,clean,,kl_crossfit,none,0,0.002436056058290937,,,,,,,,,,,,,,,,,,,,
2-2-4,u_on_y,none,2000,700026,clean,,cf1_margin,none,0,0.0,,,,,,,,,,,,,,,,,,,,
2-2-4,u_on_y,none,2000,700026,clean,,slack_plugin,none,0,0.0,,,,,,,,,,,,,,,,,,,,
2-2-4,u_on_y,none,2000,700026,clean,,gm_battery,none,0,0.0,,,,,,,,,,,,,,,,,,,,
2-2-4,u_on_y,none,2000,700026,clean,,gtest,none,0,2574.6122851934624,,,,,,,,,,,,,,,,,,,,
2-2-4,u_on_y,none,2000,700027,clean,,kl_plugin,none,0,5.166697007519868e-05,,,,,,,,,,,,,,,,,,,,
2-2-4,u_on_y,none,2000,700027,clean,,kl_split,none,0,0.0005889950234950272,,,,,,,,,,,,,,,,,,,,
2-2-4,u_on_y,none,2000,700027,clean,,kl_crossfit,none,0,0.0004912653089839351,,,,,,,,,,,,,,,,,,,,
2-2-4,u_on_y,none,2000,700027,clean,,cf1_margin,none,0,0.007187585553561471,,,,,,,,,,,,,,,,,,,,
2-2-4,u_on_y,none,2000,700027,clean,,slack_plugin,none,0,0.01437517110712283,,,,,,,,,,,,,,,,,,,,
2-2-4,u_on_y,none,2000,700027,clean,,gm_battery,none,0,0.0,,,,,,,,,,,,,,,,,,,,
2-2-4,u_on_y,none,2000,700027,clean,,gtest,none,0,0.0,,,,,,,,,,,,,,,,,,,,
2-2-4,u_on_y,none,2000,700028,clean,,kl_plugin,none,0,0.0006036987698354503,,,,,,,,,,,,,,,,,,,,
2-2-4,u_on_y,none,2000,700028,clean,,kl_split,none,0,0.002298872399833937,,,,,,,,,,,,,,,,,,,,
2-2-4,u_on_y,none,2000,700028,clean,,kl_crossfit,none,0,0.0017354935892149488,,,,,,,,,,,,,,,,,,,,
2-2-4,u_on_y,none,2000,700028,clean,,cf1_margin,none,0,0.02456239412761141,,,,,,,,,,,,,,,,,,,,
2-2-4,u_on_y,none,2000,700028,clean,,slack_plugin,none,0,0.04912478825522293,,,,,,,,,,,,,,,,,,,,
2-2-4,u_on_y,none,2000,700028,clean,,gm_battery,none,0,0.0,,,,,,,,,,,,,,,,,,,,
2-2-4,u_on_y,none,2000,700028,clean,,gtest,none,0,0.0,,,,,,,,,,,,,,,,,,,,
2-2-4,u_on_y,none,2000,700029,clean,,kl_plugin,none,0,5.058550798947353e-05,,,,,,,,,,,,,,,,,,,,
2-2-4,u_on_y,none,2000,700029,clean,,kl_split,none,0,0.0012061203193914072,,,,,,,,,,,,,,,,,,,,
2-2-4,u_on_y,none,2000,700029,clean,,kl_crossfit,none,0,0.001055021802925521,,,,,,,,,,,,,,,,,,,,
2-2-4,u_on_y,none,2000,700029,clean,,cf1_margin,none,0,0.007110530334034637,,,,,,,,,,,,,,,,,,,,
2-2-4,u_on_y,none,2000,700029,clean,,slack_plugin,none,0,0.014221060668069163,,,,,,,,,,,,,,,,,,,,
2-2-4,u_on_y,none,2000,700029,clean,,gm_battery,none,0,0.0,,,,,,,,,,,,,,,,,,,,
2-2-4,u_on_y,none,2000,700029,clean,,gtest,none,0,0.0,,,,,,,,,,,,,,,,,,,,
2-2-4,u_on_y,none,2000,700030,clean,,kl_plugin,none,0,0.0,,,,,,,,,,,,,,,,,,,,
2-2-4,u_on_y,none,2000,700030,clean,,kl_split,none,0,0.006717359486756266,,,,,,,,,,,,,,,,,,,,
2-2-4,u_on_y,none,2000,700030,clean,,kl_crossfit,none,0,0.00672072101097974,,,,,,,,,,,,,,,,,,,,
2-2-4,u_on_y,none,2000,700030,clean,,cf1_margin,none,0,0.0,,,,,,,,,,,,,,,,,,,,
2-2-4,u_on_y,none,2000,700030,clean,,slack_plugin,none,0,0.0,,,,,,,,,,,,,,,,,,,,
2-2-4,u_on_y,none,2000,700030,clean,,gm_battery,none,0,0.0,,,,,,,,,,,,,,,,,,,,
2-2-4,u_on_y,none,2000,700030,clean,,gtest,none,0,2721.8114952322867,,,,,,,,,,,,,,,,,,,,
2-2-4,u_on_y,none,2000,700031,clean,,kl_plugin,none,0,0.0,,,,,,,,,,,,,,,,,,,,
2-2-4,u_on_y,none,2000,700031,clean,,kl_split,none,0,0.0015225954777852435,,,,,,,,,,,,,,,,,,,,
2-2-4,u_on_y,none,2000,700031,clean,,kl_crossfit,none,0,0.0015232725241365874,,,,,,,,,,,,,,,,,,,,
2-2-4,u_on_y,none,2000,700031,clean,,cf1_margin,none,0,0.0,,,,,,,,,,,,,,,,,,,,
2-2-4,u_on_y,none,2000,700031,clean,,slack_plugin,none,0,0.0,,,,,,,,,,,,,,,,,,,,
2-2-4,u_on_y,none,2000,700031,clean,,gm_battery,none,0,0.0,,,,,,,,,,,,,,,,,,,,
2-2-4,u_on_y,none,2000,700031,clean,,gtest,none,0,2721.1680007686136,,,,,,,,,,,,,,,,,,,,
2-2-4,u_on_y,none,2000,700032,clean,,kl_plugin,none,0,0.0,,,,,,,,,,,,,,,,,,,,
2-2-4,u_on_y,none,2000,700032,clean,,kl_split,none,0,0.0,,,,,,,,,,,,,,,,,,,,
2-2-4,u_on_y,none,2000,700032,clean,,kl_crossfit,none,0,0.0,,,,,,,,,,,,,,,,,,,,
2-2-4,u_on_y,none,2000,700032,clean,,cf1_margin,none,0,0.0,,,,,,,,,,,,,,,,,,,,
2-2-4,u_on_y,none,2000,700032,clean,,slack_plugin,none,0,0.0,,,,,,,,,,,,,,,,,,,,
2-2-4,u_on_y,none,2000,700032,clean,,gm_battery,none,0,0.0,,,,,,,,,,,,,,,,,,,,
2-2-4,u_on_y,none,2000,700032,clean,,gtest,none,0,0.0,,,,,,,,,,,,,,,,,,,,
2-2-4,u_on_y,none,2000,700033,clean,,kl_plugin,none,0,5.87719461287583e-17,,,,,,,,,,,,,,,,,,,,
2-2-4,u_on_y,none,2000,700033,clean,,kl_split,none,0,0.002018228482977405,,,,,,,,,,,,,,,,,,,,
2-2-4,u_on_y,none,2000,700033,clean,,kl_crossfit,none,0,0.0020178333930610543,,,,,,,,,,,,,,,,,,,,
2-2-4,u_on_y,none,2000,700033,clean,,cf1_margin,none,0,0.0,,,,,,,,,,,,,,,,,,,,
2-2-4,u_on_y,none,2000,700033,clean,,slack_plugin,none,0,0.0,,,,,,,,,,,,,,,,,,,,
2-2-4,u_on_y,none,2000,700033,clean,,gm_battery,none,0,0.0,,,,,,,,,,,,,,,,,,,,
2-2-4,u_on_y,none,2000,700033,clean,,gtest,none,0,1188.4525792537806,,,,,,,,,,,,,,,,,,,,
2-2-4,u_on_y,none,2000,700034,clean,,kl_plugin,none,0,0.00011293019016182619,,,,,,,,,,,,,,,,,,,,
2-2-4,u_on_y,none,2000,700034,clean,,kl_split,none,0,0.0004671820902114477,,,,,,,,,,,,,,,,,,,,
2-2-4,u_on_y,none,2000,700034,clean,,kl_crossfit,none,0,0.00034378164783209833,,,,,,,,,,,,,,,,,,,,
2-2-4,u_on_y,none,2000,700034,clean,,cf1_margin,none,0,0.010626736399044434,,,,,,,,,,,,,,,,,,,,
2-2-4,u_on_y,none,2000,700034,clean,,slack_plugin,none,0,0.021253472798088868,,,,,,,,,,,,,,,,,,,,
2-2-4,u_on_y,none,2000,700034,clean,,gm_battery,none,0,0.0,,,,,,,,,,,,,,,,,,,,
2-2-4,u_on_y,none,2000,700034,clean,,gtest,none,0,0.0,,,,,,,,,,,,,,,,,,,,
2-2-4,u_on_y,none,2000,700035,clean,,kl_plugin,none,0,0.001095604375281882,,,,,,,,,,,,,,,,,,,,
2-2-4,u_on_y,none,2000,700035,clean,,kl_split,none,0,0.0034234000363146666,,,,,,,,,,,,,,,,,,,,
2-2-4,u_on_y,none,2000,700035,clean,,kl_crossfit,none,0,0.0022933446973186205,,,,,,,,,,,,,,,,,,,,
2-2-4,u_on_y,none,2000,700035,clean,,cf1_margin,none,0,0.03307413229652911,,,,,,,,,,,,,,,,,,,,
2-2-4,u_on_y,none,2000,700035,clean,,slack_plugin,none,0,0.06614826459305823,,,,,,,,,,,,,,,,,,,,
2-2-4,u_on_y,none,2000,700035,clean,,gm_battery,none,0,0.0,,,,,,,,,,,,,,,,,,,,
2-2-4,u_on_y,none,2000,700035,clean,,gtest,none,0,0.0,,,,,,,,,,,,,,,,,,,,
2-2-4,u_on_y,none,2000,700036,clean,,kl_plugin,none,0,0.0,,,,,,,,,,,,,,,,,,,,
2-2-4,u_on_y,none,2000,700036,clean,,kl_split,none,0,0.0010320386650840112,,,,,,,,,,,,,,,,,,,,
2-2-4,u_on_y,none,2000,700036,clean,,kl_crossfit,none,0,0.0010319811387178718,,,,,,,,,,,,,,,,,,,,
2-2-4,u_on_y,none,2000,700036,clean,,cf1_margin,none,0,0.0,,,,,,,,,,,,,,,,,,,,
2-2-4,u_on_y,none,2000,700036,clean,,slack_plugin,none,0,0.0,,,,,,,,,,,,,,,,,,,,
2-2-4,u_on_y,none,2000,700036,clean,,gm_battery,none,0,0.0,,,,,,,,,,,,,,,,,,,,
2-2-4,u_on_y,none,2000,700036,clean,,gtest,none,0,2499.8825877745767,,,,,,,,,,,,,,,,,,,,
2-2-4,u_on_y,none,2000,700037,clean,,kl_plugin,none,0,0.00013267599455440374,,,,,,,,,,,,,,,,,,,,
2-2-4,u_on_y,none,2000,700037,clean,,kl_split,none,0,0.0001186284091264974,,,,,,,,,,,,,,,,,,,,
2-2-4,u_on_y,none,2000,700037,clean,,kl_crossfit,none,0,0.0005599624401244471,,,,,,,,,,,,,,,,,,,,
2-2-4,u_on_y,none,2000,700037,clean,,cf1_margin,none,0,0.011517615176151796,,,,,,,,,,,,,,,,,,,,
2-2-4,u_on_y,none,2000,700037,clean,,slack_plugin,none,0,0.023035230352303537,,,,,,,,,,,,,,,,,,,,
2-2-4,u_on_y,none,2000,700037,clean,,gm_battery,none,0,0.0,,,,,,,,,,,,,,,,,,,,
2-2-4,u_on_y,none,2000,700037,clean,,gtest,none,0,0.0,,,,,,,,,,,,,,,,,,,,
2-2-4,u_on_y,none,2000,700038,clean,,kl_plugin,none,0,0.0,,,,,,,,,,,,,,,,,,,,
2-2-4,u_on_y,none,2000,700038,clean,,kl_split,none,0,0.0031364123500859688,,,,,,,,,,,,,,,,,,,,
2-2-4,u_on_y,none,2000,700038,clean,,kl_crossfit,none,0,0.0031327948351816317,,,,,,,,,,,,,,,,,,,,
2-2-4,u_on_y,none,2000,700038,clean,,cf1_margin,none,0,0.0,,,,,,,,,,,,,,,,,,,,
2-2-4,u_on_y,none,2000,700038,clean,,slack_plugin,none,0,0.0,,,,,,,,,,,,,,,,,,,,
2-2-4,u_on_y,none,2000,700038,clean,,gm_battery,none,0,0.0,,,,,,,,,,,,,,,,,,,,
2-2-4,u_on_y,none,2000,700038,clean,,gtest,none,0,2523.783609964247,,,,,,,,,,,,,,,,,,,,
2-2-4,u_on_y,none,2000,700039,clean,,kl_plugin,none,0,9.862225980935158e-06,,,,,,,,,,,,,,,,,,,,
2-2-4,u_on_y,none,2000,700039,clean,,kl_split,none,0,0.001001732194924311,,,,,,,,,,,,,,,,,,,,
2-2-4,u_on_y,none,2000,700039,clean,,kl_crossfit,none,0,0.0008246184693630832,,,,,,,,,,,,,,,,,,,,
2-2-4,u_on_y,none,2000,700039,clean,,cf1_margin,none,0,0.0031400966183574575,,,,,,,,,,,,,,,,,,,,
2-2-4,u_on_y,none,2000,700039,clean,,slack_plugin,none,0,0.006280193236715026,,,,,,,,,,,,,,,,,,,,
2-2-4,u_on_y,none,2000,700039,clean,,gm_battery,none,0,0.0,,,,,,,,,,,,,,,,,,,,
2-2-4,u_on_y,none,2000,700039,clean,,gtest,none,0,0.0,,,,,,,,,,,,,,,,,,,,
2-2-4,u_on_y,none,2000,700040,clean,,kl_plugin,none,0,0.00011614619566622641,,,,,,,,,,,,,,,,,,,,
2-2-4,u_on_y,none,2000,700040,clean,,kl_split,none,0,0.003472621069106216,,,,,,,,,,,,,,,,,,,,
2-2-4,u_on_y,none,2000,700040,clean,,kl_crossfit,none,0,0.003480636915027646,,,,,,,,,,,,,,,,,,,,
2-2-4,u_on_y,none,2000,700040,clean,,cf1_margin,none,0,0.010776011260585694,,,,,,,,,,,,,,,,,,,,
2-2-4,u_on_y,none,2000,700040,clean,,slack_plugin,none,0,0.021552022521171388,,,,,,,,,,,,,,,,,,,,
2-2-4,u_on_y,none,2000,700040,clean,,gm_battery,none,0,0.0,,,,,,,,,,,,,,,,,,,,
2-2-4,u_on_y,none,2000,700040,clean,,gtest,none,0,0.0,,,,,,,,,,,,,,,,,,,,
2-2-4,u_on_y,none,2000,700041,clean,,kl_plugin,none,0,0.00043627709180207863,,,,,,,,,,,,,,,,,,,,
2-2-4,u_on_y,none,2000,700041,clean,,kl_split,none,0,0.00028509518558676034,,,,,,,,,,,,,,,,,,,,
2-2-4,u_on_y,none,2000,700041,clean,,kl_crossfit,none,0,0.0006632508020271918,,,,,,,,,,,,,,,,,,,,
2-2-4,u_on_y,none,2000,700041,clean,,cf1_margin,none,0,0.02088052201305035,,,,,,,,,,,,,,,,,,,,
2-2-4,u_on_y,none,2000,700041,clean,,slack_plugin,none,0,0.04176104402610065,,,,,,,,,,,,,,,,,,,,
2-2-4,u_on_y,none,2000,700041,clean,,gm_battery,none,0,0.0,,,,,,,,,,,,,,,,,,,,
2-2-4,u_on_y,none,2000,700041,clean,,gtest,none,0,0.0,,,,,,,,,,,,,,,,,,,,
2-2-4,u_on_y,none,2000,700042,clean,,kl_plugin,none,0,1.1234225057633685e-16,,,,,,,,,,,,,,,,,,,,
2-2-4,u_on_y,none,2000,700042,clean,,kl_split,none,0,3.166614019201215e-05,,,,,,,,,,,,,,,,,,,,
2-2-4,u_on_y,none,2000,700042,clean,,kl_crossfit,none,0,3.166514102060291e-05,,,,,,,,,,,,,,,,,,,,
2-2-4,u_on_y,none,2000,700042,clean,,cf1_margin,none,0,0.0,,,,,,,,,,,,,,,,,,,,
2-2-4,u_on_y,none,2000,700042,clean,,slack_plugin,none,0,0.0,,,,,,,,,,,,,,,,,,,,
2-2-4,u_on_y,none,2000,700042,clean,,gm_battery,none,0,0.0,,,,,,,,,,,,,,,,,,,,
2-2-4,u_on_y,none,2000,700042,clean,,gtest,none,0,904.2449110577384,,,,,,,,,,,,,,,,,,,,
2-2-4,u_on_y,none,2000,700043,clean,,kl_plugin,none,0,0.00020660614657514158,,,,,,,,,,,,,,,,,,,,
2-2-4,u_on_y,none,2000,700043,clean,,kl_split,none,0,0.0030211688056777514,,,,,,,,,,,,,,,,,,,,
2-2-4,u_on_y,none,2000,700043,clean,,kl_crossfit,none,0,0.002005579163791956,,,,,,,,,,,,,,,,,,,,
2-2-4,u_on_y,none,2000,700043,clean,,cf1_margin,none,0,0.014365892303229155,,,,,,,,,,,,,,,,,,,,
2-2-4,u_on_y,none,2000,700043,clean,,slack_plugin,none,0,0.02873178460645831,,,,,,,,,,,,,,,,,,,,
2-2-4,u_on_y,none,2000,700043,clean,,gm_battery,none,0,0.0,,,,,,,,,,,,,,,,,,,,
2-2-4,u_on_y,none,2000,700043,clean,,gtest,none,0,0.0,,,,,,,,,,,,,,,,,,,,
2-2-4,u_on_y,none,2000,700044,clean,,kl_plugin,none,0,0.0,,,,,,,,,,,,,,,,,,,,
2-2-4,u_on_y,none,2000,700044,clean,,kl_split,none,0,0.0,,,,,,,,,,,,,,,,,,,,
2-2-4,u_on_y,none,2000,700044,clean,,kl_crossfit,none,0,0.0,,,,,,,,,,,,,,,,,,,,
2-2-4,u_on_y,none,2000,700044,clean,,cf1_margin,none,0,0.0,,,,,,,,,,,,,,,,,,,,
2-2-4,u_on_y,none,2000,700044,clean,,slack_plugin,none,0,0.0,,,,,,,,,,,,,,,,,,,,
2-2-4,u_on_y,none,2000,700044,clean,,gm_battery,none,0,0.0,,,,,,,,,,,,,,,,,,,,
2-2-4,u_on_y,none,2000,700044,clean,,gtest,none,0,0.0,,,,,,,,,,,,,,,,,,,,
2-2-4,u_on_y,none,2000,700045,clean,,kl_plugin,none,0,0.0003516759939259668,,,,,,,,,,,,,,,,,,,,
2-2-4,u_on_y,none,2000,700045,clean,,kl_split,none,0,0.012324684130207542,,,,,,,,,,,,,,,,,,,,
2-2-4,u_on_y,none,2000,700045,clean,,kl_crossfit,none,0,0.013181380536387968,,,,,,,,,,,,,,,,,,,,
2-2-4,u_on_y,none,2000,700045,clean,,cf1_margin,none,0,0.018750000000000044,,,,,,,,,,,,,,,,,,,,
2-2-4,u_on_y,none,2000,700045,clean,,slack_plugin,none,0,0.03749999999999992,,,,,,,,,,,,,,,,,,,,
2-2-4,u_on_y,none,2000,700045,clean,,gm_battery,none,0,0.0,,,,,,,,,,,,,,,,,,,,
2-2-4,u_on_y,none,2000,700045,clean,,gtest,none,0,0.0,,,,,,,,,,,,,,,,,,,,
2-2-4,u_on_y,none,2000,700046,clean,,kl_plugin,none,0,0.0,,,,,,,,,,,,,,,,,,,,
2-2-4,u_on_y,none,2000,700046,clean,,kl_split,none,0,0.011215513783014847,,,,,,,,,,,,,,,,,,,,
2-2-4,u_on_y,none,2000,700046,clean,,kl_crossfit,none,0,0.011222304745085395,,,,,,,,,,,,,,,,,,,,
2-2-4,u_on_y,none,2000,700046,clean,,cf1_margin,none,0,0.0,,,,,,,,,,,,,,,,,,,,
2-2-4,u_on_y,none,2000,700046,clean,,slack_plugin,none,0,0.0,,,,,,,,,,,,,,,,,,,,
2-2-4,u_on_y,none,2000,700046,clean,,gm_battery,none,0,0.0,,,,,,,,,,,,,,,,,,,,
2-2-4,u_on_y,none,2000,700046,clean,,gtest,none,0,981.9843772706513,,,,,,,,,,,,,,,,,,,,
2-2-4,u_on_y,none,2000,700047,clean,,kl_plugin,none,0,0.001336723546165014,,,,,,,,,,,,,,,,,,,,
2-2-4,u_on_y,none,2000,700047,clean,,kl_split,none,0,0.00036505071205877957,,,,,,,,,,,,,,,,,,,,
2-2-4,u_on_y,none,2000,700047,clean,,kl_crossfit,none,0,0.0017472511555912417,,,,,,,,,,,,,,,,,,,,
2-2-4,u_on_y,none,2000,700047,clean,,cf1_margin,none,0,0.036529999959620474,,,,,,,,,,,,,,,,,,,,
2-2-4,u_on_y,none,2000,700047,clean,,slack_plugin,none,0,0.07305999991924095,,,,,,,,,,,,,,,,,,,,
2-2-4,u_on_y,none,2000,700047,clean,,gm_battery,none,0,0.0,,,,,,,,,,,,,,,,,,,,
2-2-4,u_on_y,none,2000,700047,clean,,gtest,none,0,0.0,,,,,,,,,,,,,,,,,,,,
2-2-4,u_on_y,none,2000,700048,clean,,kl_plugin,none,0,0.0,,,,,,,,,,,,,,,,,,,,
2-2-4,u_on_y,none,2000,700048,clean,,kl_split,none,0,0.011164445688976756,,,,,,,,,,,,,,,,,,,,
2-2-4,u_on_y,none,2000,700048,clean,,kl_crossfit,none,0,0.011158725217603048,,,,,,,,,,,,,,,,,,,,
2-2-4,u_on_y,none,2000,700048,clean,,cf1_margin,none,0,0.0,,,,,,,,,,,,,,,,,,,,
2-2-4,u_on_y,none,2000,700048,clean,,slack_plugin,none,0,0.0,,,,,,,,,,,,,,,,,,,,
2-2-4,u_on_y,none,2000,700048,clean,,gm_battery,none,0,0.0,,,,,,,,,,,,,,,,,,,,
2-2-4,u_on_y,none,2000,700048,clean,,gtest,none,0,1322.1470445304187,,,,,,,,,,,,,,,,,,,,
2-2-4,u_on_y,none,2000,700049,clean,,kl_plugin,none,0,0.0,,,,,,,,,,,,,,,,,,,,
2-2-4,u_on_y,none,2000,700049,clean,,kl_split,none,0,0.009388624736990273,,,,,,,,,,,,,,,,,,,,
2-2-4,u_on_y,none,2000,700049,clean,,kl_crossfit,none,0,0.009393007103275931,,,,,,,,,,,,,,,,,,,,
2-2-4,u_on_y,none,2000,700049,clean,,cf1_margin,none,0,0.0,,,,,,,,,,,,,,,,,,,,
2-2-4,u_on_y,none,2000,700049,clean,,slack_plugin,none,0,0.0,,,,,,,,,,,,,,,,,,,,
2-2-4,u_on_y,none,2000,700049,clean,,gm_battery,none,0,0.0,,,,,,,,,,,,,,,,,,,,
2-2-4,u_on_y,none,2000,700049,clean,,gtest,none,0,2748.779444472233,,,,,,,,,,,,,,,,,,,,
2-2-4,u_on_y,none,2000,700050,clean,,kl_plugin,none,0,0.0,,,,,,,,,,,,,,,,,,,,
2-2-4,u_on_y,none,2000,700050,clean,,kl_split,none,0,0.022879603903839005,,,,,,,,,,,,,,,,,,,,
2-2-4,u_on_y,none,2000,700050,clean,,kl_crossfit,none,0,0.022846598861518772,,,,,,,,,,,,,,,,,,,,
2-2-4,u_on_y,none,2000,700050,clean,,cf1_margin,none,0,0.0,,,,,,,,,,,,,,,,,,,,
2-2-4,u_on_y,none,2000,700050,clean,,slack_plugin,none,0,0.0,,,,,,,,,,,,,,,,,,,,
2-2-4,u_on_y,none,2000,700050,clean,,gm_battery,none,0,0.0,,,,,,,,,,,,,,,,,,,,
2-2-4,u_on_y,none,2000,700050,clean,,gtest,none,0,1903.6486900461387,,,,,,,,,,,,,,,,,,,,
2-2-4,u_on_y,none,2000,700051,clean,,kl_plugin,none,0,0.00011000756878111733,,,,,,,,,,,,,,,,,,,,
2-2-4,u_on_y,none,2000,700051,clean,,kl_split,none,0,8.932431698827764e-05,,,,,,,,,,,,,,,,,,,,
2-2-4,u_on_y,none,2000,700051,clean,,kl_crossfit,none,0,0.00024655037062056885,,,,,,,,,,,,,,,,,,,,
2-2-4,u_on_y,none,2000,700051,clean,,cf1_margin,none,0,0.010488060024529289,,,,,,,,,,,,,,,,,,,,
2-2-4,u_on_y,none,2000,700051,clean,,slack_plugin,none,0,0.020976120049058578,,,,,,,,,,,,,,,,,,,,
2-2-4,u_on_y,none,2000,700051,clean,,gm_battery,none,0,0.0,,,,,,,,,,,,,,,,,,,,
2-2-4,u_on_y,none,2000,700051,clean,,gtest,none,0,0.0,,,,,,,,,,,,,,,,,,,,
2-2-4,u_on_y,none,2000,700052,clean,,kl_plugin,none,0,6.133088184207642e-05,,,,,,,,,,,,,,,,,,,,
2-2-4,u_on_y,none,2000,700052,clean,,kl_split,none,0,0.007272357516350622,,,,,,,,,,,,,,,,,,,,
2-2-4,u_on_y,none,2000,700052,clean,,kl_crossfit,none,0,0.008235213498643118,,,,,,,,,,,,,,,,,,,,
2-2-4,u_on_y,none,2000,700052,clean,,cf1_margin,none,0,0.00782887840670865,,,,,,,,,,,,,,,,,,,,
2-2-4,u_on_y,none,2000,700052,clean,,slack_plugin,none,0,0.015657756813417134,,,,,,,,,,,,,,,,,,,,
2-2-4,u_on_y,none,2000,700052,clean,,gm_battery,none,0,0.0,,,,,,,,,,,,,,,,,,,,
2-2-4,u_on_y,none,2000,700052,clean,,gtest,none,0,0.0,,,,,,,,,,,,,,,,,,,,
2-2-4,u_on_y,none,2000,700053,clean,,kl_plugin,none,0,9.071254758378274e-05,,,,,,,,,,,,,,,,,,,,
2-2-4,u_on_y,none,2000,700053,clean,,kl_split,none,0,0.000129343128180439,,,,,,,,,,,,,,,,,,,,
2-2-4,u_on_y,none,2000,700053,clean,,kl_crossfit,none,0,0.00027641431229978065,,,,,,,,,,,,,,,,,,,,
2-2-4,u_on_y,none,2000,700053,clean,,cf1_margin,none,0,0.00952380952380949,,,,,,,,,,,,,,,,,,,,
2-2-4,u_on_y,none,2000,700053,clean,,slack_plugin,none,0,0.01904761904761909,,,,,,,,,,,,,,,,,,,,
2-2-4,u_on_y,none,2000,700053,clean,,gm_battery,none,0,0.0,,,,,,,,,,,,,,,,,,,,
2-2-4,u_on_y,none,2000,700053,clean,,gtest,none,0,0.0,,,,,,,,,,,,,,,,,,,,
2-2-4,u_on_y,none,2000,700054,clean,,kl_plugin,none,0,0.002916934810910033,,,,,,,,,,,,,,,,,,,,
2-2-4,u_on_y,none,2000,700054,clean,,kl_split,none,0,0.003899093026211796,,,,,,,,,,,,,,,,,,,,
2-2-4,u_on_y,none,2000,700054,clean,,kl_crossfit,none,0,0.004758305527144877,,,,,,,,,,,,,,,,,,,,
2-2-4,u_on_y,none,2000,700054,clean,,cf1_margin,none,0,0.053968253968254,,,,,,,,,,,,,,,,,,,,
2-2-4,u_on_y,none,2000,700054,clean,,slack_plugin,none,0,0.10793650793650789,,,,,,,,,,,,,,,,,,,,
2-2-4,u_on_y,none,2000,700054,clean,,gm_battery,none,0,0.0,,,,,,,,,,,,,,,,,,,,
2-2-4,u_on_y,none,2000,700054,clean,,gtest,none,0,0.0,,,,,,,,,,,,,,,,,,,,
2-2-4,u_on_y,none,2000,700055,clean,,kl_plugin,none,0,0.0,,,,,,,,,,,,,,,,,,,,
2-2-4,u_on_y,none,2000,700055,clean,,kl_split,none,0,0.0051893131626620384,,,,,,,,,,,,,,,,,,,,
2-2-4,u_on_y,none,2000,700055,clean,,kl_crossfit,none,0,0.005189655768565463,,,,,,,,,,,,,,,,,,,,
2-2-4,u_on_y,none,2000,700055,clean,,cf1_margin,none,0,0.0,,,,,,,,,,,,,,,,,,,,
2-2-4,u_on_y,none,2000,700055,clean,,slack_plugin,none,0,0.0,,,,,,,,,,,,,,,,,,,,
2-2-4,u_on_y,none,2000,700055,clean,,gm_battery,none,0,0.0,,,,,,,,,,,,,,,,,,,,
2-2-4,u_on_y,none,2000,700055,clean,,gtest,none,0,1108.6483650544067,,,,,,,,,,,,,,,,,,,,
2-2-4,u_on_y,none,2000,700056,clean,,kl_plugin,none,0,0.001335383187751317,,,,,,,,,,,,,,,,,,,,
2-2-4,u_on_y,none,2000,700056,clean,,kl_split,none,0,0.003676793511703025,,,,,,,,,,,,,,,,,,,,
2-2-4,u_on_y,none,2000,700056,clean,,kl_crossfit,none,0,0.002728596467154936,,,,,,,,,,,,,,,,,,,,
2-2-4,u_on_y,none,2000,700056,clean,,cf1_margin,none,0,0.03653562334776761,,,,,,,,,,,,,,,,,,,,
2-2-4,u_on_y,none,2000,700056,clean,,slack_plugin,none,0,0.07307124669553522,,,,,,,,,,,,,,,,,,,,
2-2-4,u_on_y,none,2000,700056,clean,,gm_battery,none,0,0.0,,,,,,,,,,,,,,,,,,,,
2-2-4,u_on_y,none,2000,700056,clean,,gtest,none,0,0.0,,,,,,,,,,,,,,,,,,,,
2-2-4,u_on_y,none,2000,700057,clean,,kl_plugin,none,0,0.0,,,,,,,,,,,,,,,,,,,,
2-2-4,u_on_y,none,2000,700057,clean,,kl_split,none,0,0.02650575309186497,,,,,,,,,,,,,,,,,,,,
2-2-4,u_on_y,none,2000,700057,clean,,kl_crossfit,none,0,0.0265903164982383,,,,,,,,,,,,,,,,,,,,
2-2-4,u_on_y,none,2000,700057,clean,,cf1_margin,none,0,0.0,,,,,,,,,,,,,,,,,,,,
2-2-4,u_on_y,none,2000,700057,clean,,slack_plugin,none,0,0.0,,,,,,,,,,,,,,,,,,,,
2-2-4,u_on_y,none,2000,700057,clean,,gm_battery,none,0,0.0,,,,,,,,,,,,,,,,,,,,
2-2-4,u_on_y,none,2000,700057,clean,,gtest,none,0,1845.5709354889032,,,,,,,,,,,,,,,,,,,,
2-2-4,u_on_y,none,2000,700058,clean,,kl_plugin,none,0,0.0,,,,,,,,,,,,,,,,,,,,
2-2-4,u_on_y,none,2000,700058,clean,,kl_split,none,0,0.0025411434401315346,,,,,,,,,,,,,,,,,,,,
2-2-4,u_on_y,none,2000,700058,clean,,kl_crossfit,none,0,0.0025422614141318457,,,,,,,,,,,,,,,,,,,,
2-2-4,u_on_y,none,2000,700058,clean,,cf1_margin,none,0,0.0,,,,,,,,,,,,,,,,,,,,
2-2-4,u_on_y,none,2000,700058,clean,,slack_plugin,none,0,0.0,,,,,,,,,,,,,,,,,,,,
2-2-4,u_on_y,none,2000,700058,clean,,gm_battery,none,0,0.0,,,,,,,,,,,,,,,,,,,,
2-2-4,u_on_y,none,2000,700058,clean,,gtest,none,0,1265.065285557828,,,,,,,,,,,,,,,,,,,,
2-2-4,u_on_y,none,2000,700059,clean,,kl_plugin,none,0,6.317015556657289e-17,,,,,,,,,,,,,,,,,,,,
2-2-4,u_on_y,none,2000,700059,clean,,kl_split,none,0,0.00011050108147566328,,,,,,,,,,,,,,,,,,,,
2-2-4,u_on_y,none,2000,700059,clean,,kl_crossfit,none,0,0.00011047069554298789,,,,,,,,,,,,,,,,,,,,
2-2-4,u_on_y,none,2000,700059,clean,,cf1_margin,none,0,0.0,,,,,,,,,,,,,,,,,,,,
2-2-4,u_on_y,none,2000,700059,clean,,slack_plugin,none,0,0.0,,,,,,,,,,,,,,,,,,,,
2-2-4,u_on_y,none,2000,700059,clean,,gm_battery,none,0,0.0,,,,,,,,,,,,,,,,,,,,
2-2-4,u_on_y,none,2000,700059,clean,,gtest,none,0,843.7248583909147,,,,,,,,,,,,,,,,,,,,
2-2-4,u_on_y,none,2000,700060,clean,,kl_plugin,none,0,1.1452008795433354e-16,,,,,,,,,,,,,,,,,,,,
2-2-4,u_on_y,none,2000,700060,clean,,kl_split,none,0,0.001693866741520651,,,,,,,,,,,,,,,,,,,,
2-2-4,u_on_y,none,2000,700060,clean,,kl_crossfit,none,0,0.0016937947929935903,,,,,,,,,,,,,,,,,,,,
2-2-4,u_on_y,none,2000,700060,clean,,cf1_margin,none,0,0.0,,,,,,,,,,,,,,,,,,,,
2-2-4,u_on_y,none,2000,700060,clean,,slack_plugin,none,0,0.0,,,,,,,,,,,,,,,,,,,,
2-2-4,u_on_y,none,2000,700060,clean,,gm_battery,none,0,0.0,,,,,,,,,,,,,,,,,,,,
2-2-4,u_on_y,none,2000,700060,clean,,gtest,none,0,2731.5501822567976,,,,,,,,,,,,,,,,,,,,
2-2-4,u_on_y,none,2000,700061,clean,,kl_plugin,none,0,6.744699603524841e-17,,,,,,,,,,,,,,,,,,,,
2-2-4,u_on_y,none,2000,700061,clean,,kl_split,none,0,0.002877254072450375,,,,,,,,,,,,,,,,,,,,
2-2-4,u_on_y,none,2000,700061,clean,,kl_crossfit,none,0,0.002872025670074517,,,,,,,,,,,,,,,,,,,,
2-2-4,u_on_y,none,2000,700061,clean,,cf1_margin,none,0,0.0,,,,,,,,,,,,,,,,,,,,
2-2-4,u_on_y,none,2000,700061,clean,,slack_plugin,none,0,0.0,,,,,,,,,,,,,,,,,,,,
2-2-4,u_on_y,none,2000,700061,clean,,gm_battery,none,0,0.0,,,,,,,,,,,,,,,,,,,,
2-2-4,u_on_y,none,2000,700061,clean,,gtest,none,0,695.6840742335653,,,,,,,,,,,,,,,,,,,,
2-2-4,u_on_y,none,2000,700062,clean,,kl_plugin,none,0,0.0,,,,,,,,,,,,,,,,,,,,
2-2-4,u_on_y,none,2000,700062,clean,,kl_split,none,0,0.0010431526289075808,,,,,,,,,,,,,,,,,,,,
2-2-4,u_on_y,none,2000,700062,clean,,kl_crossfit,none,0,0.0010432099231055623,,,,,,,,,,,,,,,,,,,,
2-2-4,u_on_y,none,2000,700062,clean,,cf1_margin,none,0,0.0,,,,,,,,,,,,,,,,,,,,
2-2-4,u_on_y,none,2000,700062,clean,,slack_plugin,none,0,0.0,,,,,,,,,,,,,,,,,,,,
2-2-4,u_on_y,none,2000,700062,clean,,gm_battery,none,0,0.0,,,,,,,,,,,,,,,,,,,,
2-2-4,u_on_y,none,2000,700062,clean,,gtest,none,0,407.0461411669238,,,,,,,,,,,,,,,,,,,,
2-2-4,u_on_y,none,2000,700063,clean,,kl_plugin,none,0,7.23845848654287e-17,,,,,,,,,,,,,,,,,,,,
2-2-4,u_on_y,none,2000,700063,clean,,kl_split,none,0,0.011385168680987986,,,,,,,,,,,,,,,,,,,,
2-2-4,u_on_y,none,2000,700063,clean,,kl_crossfit,none,0,0.011328059052242089,,,,,,,,,,,,,,,,,,,,
2-2-4,u_on_y,none,2000,700063,clean,,cf1_margin,none,0,0.0,,,,,,,,,,,,,,,,,,,,
2-2-4,u_on_y,none,2000,700063,clean,,slack_plugin,none,0,0.0,,,,,,,,,,,,,,,,,,,,
2-2-4,u_on_y,none,2000,700063,clean,,gm_battery,none,0,0.0,,,,,,,,,,,,,,,,,,,,
2-2-4,u_on_y,none,2000,700063,clean,,gtest,none,0,754.8861448643925,,,,,,,,,,,,,,,,,,,,
2-2-4,u_on_y,none,2000,700064,clean,,kl_plugin,none,0,0.000527708986002226,,,,,,,,,,,,,,,,,,,,
2-2-4,u_on_y,none,2000,700064,clean,,kl_split,none,0,0.0036736688960820607,,,,,,,,,,,,,,,,,,,,
2-2-4,u_on_y,none,2000,700064,clean,,kl_crossfit,none,0,0.002828931258568902,,,,,,,,,,,,,,,,,,,,
2-2-4,u_on_y,none,2000,700064,clean,,cf1_margin,none,0,0.022956267072174796,,,,,,,,,,,,,,,,,,,,
2-2-4,u_on_y,none,2000,700064,clean,,slack_plugin,none,0,0.04591253414434965,,,,,,,,,,,,,,,,,,,,
2-2-4,u_on_y,none,2000,700064,clean,,gm_battery,none,0,0.0,,,,,,,,,,,,,,,,,,,,
2-2-4,u_on_y,none,2000,700064,clean,,gtest,none,0,0.0,,,,,,,,,,,,,,,,,,,,
2-2-4,u_on_y,none,2000,700065,clean,,kl_plugin,none,0,5.460113235861432e-18,,,,,,,,,,,,,,,,,,,,
2-2-4,u_on_y,none,2000,700065,clean,,kl_split,none,0,0.008614552810723562,,,,,,,,,,,,,,,,,,,,
2-2-4,u_on_y,none,2000,700065,clean,,kl_crossfit,none,0,0.008633228899502368,,,,,,,,,,,,,,,,,,,,
2-2-4,u_on_y,none,2000,700065,clean,,cf1_margin,none,0,0.0,,,,,,,,,,,,,,,,,,,,
2-2-4,u_on_y,none,2000,700065,clean,,slack_plugin,none,0,0.0,,,,,,,,,,,,,,,,,,,,
2-2-4,u_on_y,none,2000,700065,clean,,gm_battery,none,0,0.0,,,,,,,,,,,,,,,,,,,,
2-2-4,u_on_y,none,2000,700065,clean,,gtest,none,0,613.6732806133836,,,,,,,,,,,,,,,,,,,,
2-2-4,u_on_y,none,2000,700066,clean,,kl_plugin,none,0,3.431191457335583e-05,,,,,,,,,,,,,,,,,,,,
2-2-4,u_on_y,none,2000,700066,clean,,kl_split,none,0,0.0009207314130167642,,,,,,,,,,,,,,,,,,,,
2-2-4,u_on_y,none,2000,700066,clean,,kl_crossfit,none,0,0.001301575412381046,,,,,,,,,,,,,,,,,,,,
2-2-4,u_on_y,none,2000,700066,clean,,cf1_margin,none,0,0.005857200630705606,,,,,,,,,,,,,,,,,,,,
2-2-4,u_on_y,none,2000,700066,clean,,slack_plugin,none,0,0.0117144012614111,,,,,,,,,,,,,,,,,,,,
2-2-4,u_on_y,none,2000,700066,clean,,gm_battery,none,0,0.0,,,,,,,,,,,,,,,,,,,,
2-2-4,u_on_y,none,2000,700066,clean,,gtest,none,0,0.0,,,,,,,,,,,,,,,,,,,,
2-2-4,u_on_y,none,2000,700067,clean,,kl_plugin,none,0,1.1181938565968244e-16,,,,,,,,,,,,,,,,,,,,
2-2-4,u_on_y,none,2000,700067,clean,,kl_split,none,0,0.0002726378327384243,,,,,,,,,,,,,,,,,,,,
2-2-4,u_on_y,none,2000,700067,clean,,kl_crossfit,none,0,0.0002726499485725738,,,,,,,,,,,,,,,,,,,,
2-2-4,u_on_y,none,2000,700067,clean,,cf1_margin,none,0,0.0,,,,,,,,,,,,,,,,,,,,
2-2-4,u_on_y,none,2000,700067,clean,,slack_plugin,none,0,0.0,,,,,,,,,,,,,,,,,,,,
2-2-4,u_on_y,none,2000,700067,clean,,gm_battery,none,0,0.0,,,,,,,,,,,,,,,,,,,,
2-2-4,u_on_y,none,2000,700067,clean,,gtest,none,0,0.825383931835475,,,,,,,,,,,,,,,,,,,,
2-2-4,u_on_y,none,2000,700068,clean,,kl_plugin,none,0,2.2938039728935544e-05,,,,,,,,,,,,,,,,,,,,
2-2-4,u_on_y,none,2000,700068,clean,,kl_split,none,0,0.0009075068413034095,,,,,,,,,,,,,,,,,,,,
2-2-4,u_on_y,none,2000,700068,clean,,kl_crossfit,none,0,0.0012100433046825189,,,,,,,,,,,,,,,,,,,,
2-2-4,u_on_y,none,2000,700068,clean,,cf1_margin,none,0,0.004789057841383393,,,,,,,,,,,,,,,,,,,,
2-2-4,u_on_y,none,2000,700068,clean,,slack_plugin,none,0,0.009578115682766841,,,,,,,,,,,,,,,,,,,,
2-2-4,u_on_y,none,2000,700068,clean,,gm_battery,none,0,0.0,,,,,,,,,,,,,,,,,,,,
2-2-4,u_on_y,none,2000,700068,clean,,gtest,none,0,0.0,,,,,,,,,,,,,,,,,,,,
2-2-4,u_on_y,none,2000,700069,clean,,kl_plugin,none,0,0.0,,,,,,,,,,,,,,,,,,,,
2-2-4,u_on_y,none,2000,700069,clean,,kl_split,none,0,0.0019242221109314443,,,,,,,,,,,,,,,,,,,,
2-2-4,u_on_y,none,2000,700069,clean,,kl_crossfit,none,0,0.0019248233275904626,,,,,,,,,,,,,,,,,,,,
2-2-4,u_on_y,none,2000,700069,clean,,cf1_margin,none,0,0.0,,,,,,,,,,,,,,,,,,,,
2-2-4,u_on_y,none,2000,700069,clean,,slack_plugin,none,0,0.0,,,,,,,,,,,,,,,,,,,,
2-2-4,u_on_y,none,2000,700069,clean,,gm_battery,none,0,0.0,,,,,,,,,,,,,,,,,,,,
2-2-4,u_on_y,none,2000,700069,clean,,gtest,none,0,732.5152716039345,,,,,,,,,,,,,,,,,,,,
2-2-4,u_on_y,none,2000,700070,clean,,kl_plugin,none,0,5.663891728336013e-17,,,,,,,,,,,,,,,,,,,,
2-2-4,u_on_y,none,2000,700070,clean,,kl_split,none,0,0.020156327958008553,,,,,,,,,,,,,,,,,,,,
2-2-4,u_on_y,none,2000,700070,clean,,kl_crossfit,none,0,0.020164995231865684,,,,,,,,,,,,,,,,,,,,
2-2-4,u_on_y,none,2000,700070,clean,,cf1_margin,none,0,0.0,,,,,,,,,,,,,,,,,,,,
2-2-4,u_on_y,none,2000,700070,clean,,slack_plugin,none,0,0.0,,,,,,,,,,,,,,,,,,,,
2-2-4,u_on_y,none,2000,700070,clean,,gm_battery,none,0,0.0,,,,,,,,,,,,,,,,,,,,
2-2-4,u_on_y,none,2000,700070,clean,,gtest,none,0,0.008096505770673668,,,,,,,,,,,,,,,,,,,,
2-2-4,u_on_y,none,2000,700071,clean,,kl_plugin,none,0,0.0,,,,,,,,,,,,,,,,,,,,
2-2-4,u_on_y,none,2000,700071,clean,,kl_split,none,0,0.0017987209359970747,,,,,,,,,,,,,,,,,,,,
2-2-4,u_on_y,none,2000,700071,clean,,kl_crossfit,none,0,0.0018003532487706594,,,,,,,,,,,,,,,,,,,,
2-2-4,u_on_y,none,2000,700071,clean,,cf1_margin,none,0,0.0,,,,,,,,,,,,,,,,,,,,
2-2-4,u_on_y,none,2000,700071,clean,,slack_plugin,none,0,0.0,,,,,,,,,,,,,,,,,,,,
2-2-4,u_on_y,none,2000,700071,clean,,gm_battery,none,0,0.0,,,,,,,,,,,,,,,,,,,,
2-2-4,u_on_y,none,2000,700071,clean,,gtest,none,0,0.18270273860767183,,,,,,,,,,,,,,,,,,,,
2-2-4,u_on_y,none,2000,700072,clean,,kl_plugin,none,0,0.0,,,,,,,,,,,,,,,,,,,,
2-2-4,u_on_y,none,2000,700072,clean,,kl_split,none,0,0.0,,,,,,,,,,,,,,,,,,,,
2-2-4,u_on_y,none,2000,700072,clean,,kl_crossfit,none,0,0.0,,,,,,,,,,,,,,,,,,,,
2-2-4,u_on_y,none,2000,700072,clean,,cf1_margin,none,0,0.0,,,,,,,,,,,,,,,,,,,,
2-2-4,u_on_y,none,2000,700072,clean,,slack_plugin,none,0,0.0,,,,,,,,,,,,,,,,,,,,
2-2-4,u_on_y,none,2000,700072,clean,,gm_battery,none,0,0.0,,,,,,,,,,,,,,,,,,,,
2-2-4,u_on_y,none,2000,700072,clean,,gtest,none,0,0.0,,,,,,,,,,,,,,,,,,,,
2-2-4,u_on_y,none,2000,700073,clean,,kl_plugin,none,0,6.691755216918753e-17,,,,,,,,,,,,,,,,,,,,
2-2-4,u_on_y,none,2000,700073,clean,,kl_split,none,0,0.011910631311427103,,,,,,,,,,,,,,,,,,,,
2-2-4,u_on_y,none,2000,700073,clean,,kl_crossfit,none,0,0.011868714214429232,,,,,,,,,,,,,,,,,,,,
2-2-4,u_on_y,none,2000,700073,clean,,cf1_margin,none,0,0.0,,,,,,,,,,,,,,,,,,,,
2-2-4,u_on_y,none,2000,700073,clean,,slack_plugin,none,0,0.0,,,,,,,,,,,,,,,,,,,,
2-2-4,u_on_y,none,2000,700073,clean,,gm_battery,none,0,0.0,,,,,,,,,,,,,,,,,,,,
2-2-4,u_on_y,none,2000,700073,clean,,gtest,none,0,2624.963482510674,,,,,,,,,,,,,,,,,,,,
2-2-4,u_on_y,none,2000,700074,clean,,kl_plugin,none,0,0.0,,,,,,,,,,,,,,,,,,,,
2-2-4,u_on_y,none,2000,700074,clean,,kl_split,none,0,0.002196889195177222,,,,,,,,,,,,,,,,,,,,
2-2-4,u_on_y,none,2000,700074,clean,,kl_crossfit,none,0,0.002197647232006269,,,,,,,,,,,,,,,,,,,,
2-2-4,u_on_y,none,2000,700074,clean,,cf1_margin,none,0,0.0,,,,,,,,,,,,,,,,,,,,
2-2-4,u_on_y,none,2000,700074,clean,,slack_plugin,none,0,0.0,,,,,,,,,,,,,,,,,,,,
2-2-4,u_on_y,none,2000,700074,clean,,gm_battery,none,0,0.0,,,,,,,,,,,,,,,,,,,,
2-2-4,u_on_y,none,2000,700074,clean,,gtest,none,0,872.2285162384701,,,,,,,,,,,,,,,,,,,,
2-2-4,u_on_y,none,2000,700075,clean,,kl_plugin,none,0,0.0008486372664899718,,,,,,,,,,,,,,,,,,,,
2-2-4,u_on_y,none,2000,700075,clean,,kl_split,none,0,0.006871683666300588,,,,,,,,,,,,,,,,,,,,
2-2-4,u_on_y,none,2000,700075,clean,,kl_crossfit,none,0,0.006173629827605866,,,,,,,,,,,,,,,,,,,,
2-2-4,u_on_y,none,2000,700075,clean,,cf1_margin,none,0,0.029128937388747,,,,,,,,,,,,,,,,,,,,
2-2-4,u_on_y,none,2000,700075,clean,,slack_plugin,none,0,0.058257874777494,,,,,,,,,,,,,,,,,,,,
2-2-4,u_on_y,none,2000,700075,clean,,gm_battery,none,0,0.0,,,,,,,,,,,,,,,,,,,,
2-2-4,u_on_y,none,2000,700075,clean,,gtest,none,0,0.0,,,,,,,,,,,,,,,,,,,,
2-2-4,u_on_y,none,2000,700076,clean,,kl_plugin,none,0,7.261325310497667e-07,,,,,,,,,,,,,,,,,,,,
2-2-4,u_on_y,none,2000,700076,clean,,kl_split,none,0,0.0011376898795525774,,,,,,,,,,,,,,,,,,,,
2-2-4,u_on_y,none,2000,700076,clean,,kl_crossfit,none,0,0.0011712631421760787,,,,,,,,,,,,,,,,,,,,
2-2-4,u_on_y,none,2000,700076,clean,,cf1_margin,none,0,0.0008521303258144375,,,,,,,,,,,,,,,,,,,,
2-2-4,u_on_y,none,2000,700076,clean,,slack_plugin,none,0,0.0017042606516290415,,,,,,,,,,,,,,,,,,,,
2-2-4,u_on_y,none,2000,700076,clean,,gm_battery,none,0,0.0,,,,,,,,,,,,,,,,,,,,
2-2-4,u_on_y,none,2000,700076,clean,,gtest,none,0,0.0,,,,,,,,,,,,,,,,,,,,
2-2-4,u_on_y,none,2000,700077,clean,,kl_plugin,none,0,0.0,,,,,,,,,,,,,,,,,,,,
2-2-4,u_on_y,none,2000,700077,clean,,kl_split,none,0,0.009283341077627058,,,,,,,,,,,,,,,,,,,,
2-2-4,u_on_y,none,2000,700077,clean,,kl_crossfit,none,0,0.009280020603025109,,,,,,,,,,,,,,,,,,,,
2-2-4,u_on_y,none,2000,700077,clean,,cf1_margin,none,0,0.0,,,,,,,,,,,,,,,,,,,,
2-2-4,u_on_y,none,2000,700077,clean,,slack_plugin,none,0,0.0,,,,,,,,,,,,,,,,,,,,
2-2-4,u_on_y,none,2000,700077,clean,,gm_battery,none,0,0.0,,,,,,,,,,,,,,,,,,,,
2-2-4,u_on_y,none,2000,700077,clean,,gtest,none,0,536.1262795160881,,,,,,,,,,,,,,,,,,,,
2-2-4,u_on_y,none,2000,700078,clean,,kl_plugin,none,0,7.60340363506716e-05,,,,,,,,,,,,,,,,,,,,
2-2-4,u_on_y,none,2000,700078,clean,,kl_split,none,0,0.00024032351537222642,,,,,,,,,,,,,,,,,,,,
2-2-4,u_on_y,none,2000,700078,clean,,kl_crossfit,none,0,0.0003063741319272034,,,,,,,,,,,,,,,,,,,,
2-2-4,u_on_y,none,2000,700078,clean,,cf1_margin,none,0,0.0087136641935468,,,,,,,,,,,,,,,,,,,,
2-2-4,u_on_y,none,2000,700078,clean,,slack_plugin,none,0,0.0174273283870936,,,,,,,,,,,,,,,,,,,,
2-2-4,u_on_y,none,2000,700078,clean,,gm_battery,none,0,0.0,,,,,,,,,,,,,,,,,,,,
2-2-4,u_on_y,none,2000,700078,clean,,gtest,none,0,0.0,,,,,,,,,,,,,,,,,,,,
2-2-4,u_on_y,none,2000,700079,clean,,kl_plugin,none,0,0.0,,,,,,,,,,,,,,,,,,,,
2-2-4,u_on_y,none,2000,700079,clean,,kl_split,none,0,0.028280773658299445,,,,,,,,,,,,,,,,,,,,
2-2-4,u_on_y,none,2000,700079,clean,,kl_crossfit,none,0,0.028100142555764325,,,,,,,,,,,,,,,,,,,,
2-2-4,u_on_y,none,2000,700079,clean,,cf1_margin,none,0,0.0,,,,,,,,,,,,,,,,,,,,
2-2-4,u_on_y,none,2000,700079,clean,,slack_plugin,none,0,0.0,,,,,,,,,,,,,,,,,,,,
2-2-4,u_on_y,none,2000,700079,clean,,gm_battery,none,0,0.0,,,,,,,,,,,,,,,,,,,,
2-2-4,u_on_y,none,2000,700079,clean,,gtest,none,0,815.7161983825979,,,,,,,,,,,,,,,,,,,,
2-2-4,u_on_y,none,2000,700080,clean,,kl_plugin,none,0,6.595789924894842e-17,,,,,,,,,,,,,,,,,,,,
2-2-4,u_on_y,none,2000,700080,clean,,kl_split,none,0,0.0007003244760130124,,,,,,,,,,,,,,,,,,,,
2-2-4,u_on_y,none,2000,700080,clean,,kl_crossfit,none,0,0.0007008749997948413,,,,,,,,,,,,,,,,,,,,
2-2-4,u_on_y,none,2000,700080,clean,,cf1_margin,none,0,0.0,,,,,,,,,,,,,,,,,,,,
2-2-4,u_on_y,none,2000,700080,clean,,slack_plugin,none,0,0.0,,,,,,,,,,,,,,,,,,,,
2-2-4,u_on_y,none,2000,700080,clean,,gm_battery,none,0,0.0,,,,,,,,,,,,,,,,,,,,
2-2-4,u_on_y,none,2000,700080,clean,,gtest,none,0,1586.839273758713,,,,,,,,,,,,,,,,,,,,
2-2-4,u_on_y,none,2000,700081,clean,,kl_plugin,none,0,0.0,,,,,,,,,,,,,,,,,,,,
2-2-4,u_on_y,none,2000,700081,clean,,kl_split,none,0,0.0016116533194545802,,,,,,,,,,,,,,,,,,,,
2-2-4,u_on_y,none,2000,700081,clean,,kl_crossfit,none,0,0.0016098702889867514,,,,,,,,,,,,,,,,,,,,
2-2-4,u_on_y,none,2000,700081,clean,,cf1_margin,none,0,0.0,,,,,,,,,,,,,,,,,,,,
2-2-4,u_on_y,none,2000,700081,clean,,slack_plugin,none,0,0.0,,,,,,,,,,,,,,,,,,,,
2-2-4,u_on_y,none,2000,700081,clean,,gm_battery,none,0,0.0,,,,,,,,,,,,,,,,,,,,
2-2-4,u_on_y,none,2000,700081,clean,,gtest,none,0,2.580090894835518,,,,,,,,,,,,,,,,,,,,
2-2-4,u_on_y,none,2000,700082,clean,,kl_plugin,none,0,0.0,,,,,,,,,,,,,,,,,,,,
2-2-4,u_on_y,none,2000,700082,clean,,kl_split,none,0,0.0011430844756447327,,,,,,,,,,,,,,,,,,,,
2-2-4,u_on_y,none,2000,700082,clean,,kl_crossfit,none,0,0.0011429205619035415,,,,,,,,,,,,,,,,,,,,
2-2-4,u_on_y,none,2000,700082,clean,,cf1_margin,none,0,0.0,,,,,,,,,,,,,,,,,,,,
2-2-4,u_on_y,none,2000,700082,clean,,slack_plugin,none,0,0.0,,,,,,,,,,,,,,,,,,,,
2-2-4,u_on_y,none,2000,700082,clean,,gm_battery,none,0,0.0,,,,,,,,,,,,,,,,,,,,
2-2-4,u_on_y,none,2000,700082,clean,,gtest,none,0,1238.584105970061,,,,,,,,,,,,,,,,,,,,
2-2-4,u_on_y,none,2000,700083,clean,,kl_plugin,none,0,5.4275373153981386e-17,,,,,,,,,,,,,,,,,,,,
2-2-4,u_on_y,none,2000,700083,clean,,kl_split,none,0,0.01279766308101406,,,,,,,,,,,,,,,,,,,,
2-2-4,u_on_y,none,2000,700083,clean,,kl_crossfit,none,0,0.012812592373484179,,,,,,,,,,,,,,,,,,,,
2-2-4,u_on_y,none,2000,700083,clean,,cf1_margin,none,0,0.0,,,,,,,,,,,,,,,,,,,,
2-2-4,u_on_y,none,2000,700083,clean,,slack_plugin,none,0,0.0,,,,,,,,,,,,,,,,,,,,
2-2-4,u_on_y,none,2000,700083,clean,,gm_battery,none,0,0.0,,,,,,,,,,,,,,,,,,,,
2-2-4,u_on_y,none,2000,700083,clean,,gtest,none,0,1401.2191718345775,,,,,,,,,,,,,,,,,,,,
2-2-4,u_on_y,none,2000,700084,clean,,kl_plugin,none,0,5.900617823282377e-17,,,,,,,,,,,,,,,,,,,,
2-2-4,u_on_y,none,2000,700084,clean,,kl_split,none,0,0.004818249459092046,,,,,,,,,,,,,,,,,,,,
2-2-4,u_on_y,none,2000,700084,clean,,kl_crossfit,none,0,0.004820153419286404,,,,,,,,,,,,,,,,,,,,
2-2-4,u_on_y,none,2000,700084,clean,,cf1_margin,none,0,1.1102230246251565e-16,,,,,,,,,,,,,,,,,,,,
2-2-4,u_on_y,none,2000,700084,clean,,slack_plugin,none,0,0.0,,,,,,,,,,,,,,,,,,,,
2-2-4,u_on_y,none,2000,700084,clean,,gm_battery,none,0,0.0,,,,,,,,,,,,,,,,,,,,
2-2-4,u_on_y,none,2000,700084,clean,,gtest,none,0,2743.2348475100057,,,,,,,,,,,,,,,,,,,,
2-2-4,u_on_y,none,2000,700085,clean,,kl_plugin,none,0,0.0,,,,,,,,,,,,,,,,,,,,
2-2-4,u_on_y,none,2000,700085,clean,,kl_split,none,0,0.012474307885123312,,,,,,,,,,,,,,,,,,,,
2-2-4,u_on_y,none,2000,700085,clean,,kl_crossfit,none,0,0.012441852489983252,,,,,,,,,,,,,,,,,,,,
2-2-4,u_on_y,none,2000,700085,clean,,cf1_margin,none,0,0.0,,,,,,,,,,,,,,,,,,,,
2-2-4,u_on_y,none,2000,700085,clean,,slack_plugin,none,0,0.0,,,,,,,,,,,,,,,,,,,,
2-2-4,u_on_y,none,2000,700085,clean,,gm_battery,none,0,0.0,,,,,,,,,,,,,,,,,,,,
2-2-4,u_on_y,none,2000,700085,clean,,gtest,none,0,2723.0861742510338,,,,,,,,,,,,,,,,,,,,
2-2-4,u_on_y,none,2000,700086,clean,,kl_plugin,none,0,0.0,,,,,,,,,,,,,,,,,,,,
2-2-4,u_on_y,none,2000,700086,clean,,kl_split,none,0,0.0,,,,,,,,,,,,,,,,,,,,
2-2-4,u_on_y,none,2000,700086,clean,,kl_crossfit,none,0,0.0,,,,,,,,,,,,,,,,,,,,
2-2-4,u_on_y,none,2000,700086,clean,,cf1_margin,none,0,0.0,,,,,,,,,,,,,,,,,,,,
2-2-4,u_on_y,none,2000,700086,clean,,slack_plugin,none,0,0.0,,,,,,,,,,,,,,,,,,,,
2-2-4,u_on_y,none,2000,700086,clean,,gm_battery,none,0,0.0,,,,,,,,,,,,,,,,,,,,
2-2-4,u_on_y,none,2000,700086,clean,,gtest,none,0,2195.0543328604067,,,,,,,,,,,,,,,,,,,,
2-2-4,u_on_y,none,2000,700087,clean,,kl_plugin,none,0,7.603899730909778e-05,,,,,,,,,,,,,,,,,,,,
2-2-4,u_on_y,none,2000,700087,clean,,kl_split,none,0,0.0010691450327554239,,,,,,,,,,,,,,,,,,,,
2-2-4,u_on_y,none,2000,700087,clean,,kl_crossfit,none,0,0.0007794260538103517,,,,,,,,,,,,,,,,,,,,
2-2-4,u_on_y,none,2000,700087,clean,,cf1_margin,none,0,0.008719952673702513,,,,,,,,,,,,,,,,,,,,
2-2-4,u_on_y,none,2000,700087,clean,,slack_plugin,none,0,0.017439905347404916,,,,,,,,,,,,,,,,,,,,
2-2-4,u_on_y,none,2000,700087,clean,,gm_battery,none,0,0.0,,,,,,,,,,,,,,,,,,,,
2-2-4,u_on_y,none,2000,700087,clean,,gtest,none,0,0.0,,,,,,,,,,,,,,,,,,,,
2-2-4,u_on_y,none,2000,700088,clean,,kl_plugin,none,0,0.0003534954011095697,,,,,,,,,,,,,,,,,,,,
2-2-4,u_on_y,none,2000,700088,clean,,kl_split,none,0,0.0022107244600906087,,,,,,,,,,,,,,,,,,,,
2-2-4,u_on_y,none,2000,700088,clean,,kl_crossfit,none,0,0.0011514620844357022,,,,,,,,,,,,,,,,,,,,
2-2-4,u_on_y,none,2000,700088,clean,,cf1_margin,none,0,0.018800275798666943,,,,,,,,,,,,,,,,,,,,
2-2-4,u_on_y,none,2000,700088,clean,,slack_plugin,none,0,0.03760055159733394,,,,,,,,,,,,,,,,,,,,
2-2-4,u_on_y,none,2000,700088,clean,,gm_battery,none,0,0.0,,,,,,,,,,,,,,,,,,,,
2-2-4,u_on_y,none,2000,700088,clean,,gtest,none,0,0.0,,,,,,,,,,,,,,,,,,,,
2-2-4,u_on_y,none,2000,700089,clean,,kl_plugin,none,0,0.0005809975662707904,,,,,,,,,,,,,,,,,,,,
2-2-4,u_on_y,none,2000,700089,clean,,kl_split,none,0,0.00018400321393829272,,,,,,,,,,,,,,,,,,,,
2-2-4,u_on_y,none,2000,700089,clean,,kl_crossfit,none,0,0.0009087241579767398,,,,,,,,,,,,,,,,,,,,
2-2-4,u_on_y,none,2000,700089,clean,,cf1_margin,none,0,0.024100782923582642,,,,,,,,,,,,,,,,,,,,
2-2-4,u_on_y,none,2000,700089,clean,,slack_plugin,none,0,0.048201565847165284,,,,,,,,,,,,,,,,,,,,
2-2-4,u_on_y,none,2000,700089,clean,,gm_battery,none,0,0.0,,,,,,,,,,,,,,,,,,,,
2-2-4,u_on_y,none,2000,700089,clean,,gtest,none,0,0.0,,,,,,,,,,,,,,,,,,,,
2-2-4,u_on_y,none,2000,700090,clean,,kl_plugin,none,0,6.980211310690564e-17,,,,,,,,,,,,,,,,,,,,
2-2-4,u_on_y,none,2000,700090,clean,,kl_split,none,0,0.014853622609001985,,,,,,,,,,,,,,,,,,,,
2-2-4,u_on_y,none,2000,700090,clean,,kl_crossfit,none,0,0.014928201938248627,,,,,,,,,,,,,,,,,,,,
2-2-4,u_on_y,none,2000,700090,clean,,cf1_margin,none,0,0.0,,,,,,,,,,,,,,,,,,,,
2-2-4,u_on_y,none,2000,700090,clean,,slack_plugin,none,0,0.0,,,,,,,,,,,,,,,,,,,,
2-2-4,u_on_y,none,2000,700090,clean,,gm_battery,none,0,0.0,,,,,,,,,,,,,,,,,,,,
2-2-4,u_on_y,none,2000,700090,clean,,gtest,none,0,2392.292512217605,,,,,,,,,,,,,,,,,,,,
2-2-4,u_on_y,none,2000,700091,clean,,kl_plugin,none,0,0.00027143897006508266,,,,,,,,,,,,,,,,,,,,
2-2-4,u_on_y,none,2000,700091,clean,,kl_split,none,0,0.0006714291374655488,,,,,,,,,,,,,,,,,,,,
2-2-4,u_on_y,none,2000,700091,clean,,kl_crossfit,none,0,0.0005416850650407394,,,,,,,,,,,,,,,,,,,,
2-2-4,u_on_y,none,2000,700091,clean,,cf1_margin,none,0,0.016449052739375247,,,,,,,,,,,,,,,,,,,,
2-2-4,u_on_y,none,2000,700091,clean,,slack_plugin,none,0,0.03289810547875066,,,,,,,,,,,,,,,,,,,,
2-2-4,u_on_y,none,2000,700091,clean,,gm_battery,none,0,0.0,,,,,,,,,,,,,,,,,,,,
2-2-4,u_on_y,none,2000,700091,clean,,gtest,none,0,0.0,,,,,,,,,,,,,,,,,,,,
2-2-4,u_on_y,none,2000,700092,clean,,kl_plugin,none,0,0.0,,,,,,,,,,,,,,,,,,,,
2-2-4,u_on_y,none,2000,700092,clean,,kl_split,none,0,0.0,,,,,,,,,,,,,,,,,,,,
2-2-4,u_on_y,none,2000,700092,clean,,kl_crossfit,none,0,0.0,,,,,,,,,,,,,,,,,,,,
2-2-4,u_on_y,none,2000,700092,clean,,cf1_margin,none,0,0.0,,,,,,,,,,,,,,,,,,,,
2-2-4,u_on_y,none,2000,700092,clean,,slack_plugin,none,0,0.0,,,,,,,,,,,,,,,,,,,,
2-2-4,u_on_y,none,2000,700092,clean,,gm_battery,none,0,0.0,,,,,,,,,,,,,,,,,,,,
2-2-4,u_on_y,none,2000,700092,clean,,gtest,none,0,0.0,,,,,,,,,,,,,,,,,,,,
2-2-4,u_on_y,none,2000,700093,clean,,kl_plugin,none,0,6.07278618288941e-17,,,,,,,,,,,,,,,,,,,,
2-2-4,u_on_y,none,2000,700093,clean,,kl_split,none,0,0.009046655471801883,,,,,,,,,,,,,,,,,,,,
2-2-4,u_on_y,none,2000,700093,clean,,kl_crossfit,none,0,0.009044218915410358,,,,,,,,,,,,,,,,,,,,
2-2-4,u_on_y,none,2000,700093,clean,,cf1_margin,none,0,0.0,,,,,,,,,,,,,,,,,,,,
2-2-4,u_on_y,none,2000,700093,clean,,slack_plugin,none,0,0.0,,,,,,,,,,,,,,,,,,,,
2-2-4,u_on_y,none,2000,700093,clean,,gm_battery,none,0,0.0,,,,,,,,,,,,,,,,,,,,
2-2-4,u_on_y,none,2000,700093,clean,,gtest,none,0,1.059525001362502,,,,,,,,,,,,,,,,,,,,
2-2-4,u_on_y,none,2000,700094,clean,,kl_plugin,none,0,5.981275335618925e-17,,,,,,,,,,,,,,,,,,,,
2-2-4,u_on_y,none,2000,700094,clean,,kl_split,none,0,0.004549169675741364,,,,,,,,,,,,,,,,,,,,
2-2-4,u_on_y,none,2000,700094,clean,,kl_crossfit,none,0,0.004551688248122188,,,,,,,,,,,,,,,,,,,,
2-2-4,u_on_y,none,2000,700094,clean,,cf1_margin,none,0,0.0,,,,,,,,,,,,,,,,,,,,
2-2-4,u_on_y,none,2000,700094,clean,,slack_plugin,none,0,0.0,,,,,,,,,,,,,,,,,,,,
2-2-4,u_on_y,none,2000,700094,clean,,gm_battery,none,0,0.0,,,,,,,,,,,,,,,,,,,,
2-2-4,u_on_y,none,2000,700094,clean,,gtest,none,0,0.27896649182021793,,,,,,,,,,,,,,,,,,,,
2-2-4,u_on_y,none,2000,700095,clean,,kl_plugin,none,0,0.0,,,,,,,,,,,,,,,,,,,,
2-2-4,u_on_y,none,2000,700095,clean,,kl_split,none,0,0.0008138177919335618,,,,,,,,,,,,,,,,,,,,
2-2-4,u_on_y,none,2000,700095,clean,,kl_crossfit,none,0,0.0008132298044194047,,,,,,,,,,,,,,,,,,,,
2-2-4,u_on_y,none,2000,700095,clean,,cf1_margin,none,0,0.0,,,,,,,,,,,,,,,,,,,,
2-2-4,u_on_y,none,2000,700095,clean,,slack_plugin,none,0,0.0,,,,,,,,,,,,,,,,,,,,
2-2-4,u_on_y,none,2000,700095,clean,,gm_battery,none,0,0.0,,,,,,,,,,,,,,,,,,,,
2-2-4,u_on_y,none,2000,700095,clean,,gtest,none,0,2436.6406815096284,,,,,,,,,,,,,,,,,,,,
2-2-4,u_on_y,none,2000,700096,clean,,kl_plugin,none,0,6.684776112151139e-05,,,,,,,,,,,,,,,,,,,,
2-2-4,u_on_y,none,2000,700096,clean,,kl_split,none,0,0.0021083366625778838,,,,,,,,,,,,,,,,,,,,
2-2-4,u_on_y,none,2000,700096,clean,,kl_crossfit,none,0,0.001856636952059787,,,,,,,,,,,,,,,,,,,,
2-2-4,u_on_y,none,2000,700096,clean,,cf1_margin,none,0,0.008175370728562337,,,,,,,,,,,,,,,,,,,,
2-2-4,u_on_y,none,2000,700096,clean,,slack_plugin,none,0,0.016350741457124507,,,,,,,,,,,,,,,,,,,,
2-2-4,u_on_y,none,2000,700096,clean,,gm_battery,none,0,0.0,,,,,,,,,,,,,,,,,,,,
2-2-4,u_on_y,none,2000,700096,clean,,gtest,none,0,0.0,,,,,,,,,,,,,,,,,,,,
2-2-4,u_on_y,none,2000,700097,clean,,kl_plugin,none,0,4.267526173445295e-05,,,,,,,,,,,,,,,,,,,,
2-2-4,u_on_y,none,2000,700097,clean,,kl_split,none,0,0.0004932091803165582,,,,,,,,,,,,,,,,,,,,
2-2-4,u_on_y,none,2000,700097,clean,,kl_crossfit,none,0,0.0002929610090966184,,,,,,,,,,,,,,,,,,,,
2-2-4,u_on_y,none,2000,700097,clean,,cf1_margin,none,0,0.0065266093054520136,,,,,,,,,,,,,,,,,,,,
2-2-4,u_on_y,none,2000,700097,clean,,slack_plugin,none,0,0.013053218610904083,,,,,,,,,,,,,,,,,,,,
2-2-4,u_on_y,none,2000,700097,clean,,gm_battery,none,0,0.0,,,,,,,,,,,,,,,,,,,,
2-2-4,u_on_y,none,2000,700097,clean,,gtest,none,0,0.0,,,,,,,,,,,,,,,,,,,,
2-2-4,u_on_y,none,2000,700098,clean,,kl_plugin,none,0,0.0007612127392537301,,,,,,,,,,,,,,,,,,,,
2-2-4,u_on_y,none,2000,700098,clean,,kl_split,none,0,0.004223290696727319,,,,,,,,,,,,,,,,,,,,
2-2-4,u_on_y,none,2000,700098,clean,,kl_crossfit,none,0,0.00454161468105941,,,,,,,,,,,,,,,,,,,,
2-2-4,u_on_y,none,2000,700098,clean,,cf1_margin,none,0,0.02758620689655178,,,,,,,,,,,,,,,,,,,,
2-2-4,u_on_y,none,2000,700098,clean,,slack_plugin,none,0,0.0551724137931035,,,,,,,,,,,,,,,,,,,,
2-2-4,u_on_y,none,2000,700098,clean,,gm_battery,none,0,0.0,,,,,,,,,,,,,,,,,,,,
2-2-4,u_on_y,none,2000,700098,clean,,gtest,none,0,0.0,,,,,,,,,,,,,,,,,,,,
2-2-4,u_on_y,none,2000,700099,clean,,kl_plugin,none,0,6.511885048282168e-17,,,,,,,,,,,,,,,,,,,,
2-2-4,u_on_y,none,2000,700099,clean,,kl_split,none,0,2.9689155895726727e-05,,,,,,,,,,,,,,,,,,,,
2-2-4,u_on_y,none,2000,700099,clean,,kl_crossfit,none,0,2.9684749938989037e-05,,,,,,,,,,,,,,,,,,,,
2-2-4,u_on_y,none,2000,700099,clean,,cf1_margin,none,0,0.0,,,,,,,,,,,,,,,,,,,,
2-2-4,u_on_y,none,2000,700099,clean,,slack_plugin,none,0,0.0,,,,,,,,,,,,,,,,,,,,
2-2-4,u_on_y,none,2000,700099,clean,,gm_battery,none,0,0.0,,,,,,,,,,,,,,,,,,,,
2-2-4,u_on_y,none,2000,700099,clean,,gtest,none,0,788.8177925527384,,,,,,,,,,,,,,,,,,,,
2-2-4,u_on_y,none,2000,700100,clean,,kl_plugin,none,0,1.0158903493302087e-17,,,,,,,,,,,,,,,,,,,,
2-2-4,u_on_y,none,2000,700100,clean,,kl_split,none,0,0.016204039922475155,,,,,,,,,,,,,,,,,,,,
2-2-4,u_on_y,none,2000,700100,clean,,kl_crossfit,none,0,0.01616687007072442,,,,,,,,,,,,,,,,,,,,
2-2-4,u_on_y,none,2000,700100,clean,,cf1_margin,none,0,0.0,,,,,,,,,,,,,,,,,,,,
2-2-4,u_on_y,none,2000,700100,clean,,slack_plugin,none,0,0.0,,,,,,,,,,,,,,,,,,,,
2-2-4,u_on_y,none,2000,700100,clean,,gm_battery,none,0,0.0,,,,,,,,,,,,,,,,,,,,
2-2-4,u_on_y,none,2000,700100,clean,,gtest,none,0,2463.4507887719446,,,,,,,,,,,,,,,,,,,,
2-2-4,u_on_y,none,2000,700101,clean,,kl_plugin,none,0,0.0002262038731996813,,,,,,,,,,,,,,,,,,,,
2-2-4,u_on_y,none,2000,700101,clean,,kl_split,none,0,0.000327279313973184,,,,,,,,,,,,,,,,,,,,
2-2-4,u_on_y,none,2000,700101,clean,,kl_crossfit,none,0,0.0005204053668300401,,,,,,,,,,,,,,,,,,,,
2-2-4,u_on_y,none,2000,700101,clean,,cf1_margin,none,0,0.01503772653550528,,,,,,,,,,,,,,,,,,,,
2-2-4,u_on_y,none,2000,700101,clean,,slack_plugin,none,0,0.030075453071010505,,,,,,,,,,,,,,,,,,,,
2-2-4,u_on_y,none,2000,700101,clean,,gm_battery,none,0,0.0,,,,,,,,,,,,,,,,,,,,
2-2-4,u_on_y,none,2000,700101,clean,,gtest,none,0,0.0,,,,,,,,,,,,,,,,,,,,
2-2-4,u_on_y,none,2000,700102,clean,,kl_plugin,none,0,0.00040792853528251113,,,,,,,,,,,,,,,,,,,,
2-2-4,u_on_y,none,2000,700102,clean,,kl_split,none,0,0.00033419697210304404,,,,,,,,,,,,,,,,,,,,
2-2-4,u_on_y,none,2000,700102,clean,,kl_crossfit,none,0,0.0005481139453496894,,,,,,,,,,,,,,,,,,,,
2-2-4,u_on_y,none,2000,700102,clean,,cf1_margin,none,0,0.02019607843137261,,,,,,,,,,,,,,,,,,,,
2-2-4,u_on_y,none,2000,700102,clean,,slack_plugin,none,0,0.04039215686274511,,,,,,,,,,,,,,,,,,,,
2-2-4,u_on_y,none,2000,700102,clean,,gm_battery,none,0,0.0,,,,,,,,,,,,,,,,,,,,
2-2-4,u_on_y,none,2000,700102,clean,,gtest,none,0,0.0,,,,,,,,,,,,,,,,,,,,
2-2-4,u_on_y,none,2000,700103,clean,,kl_plugin,none,0,1.136829676631424e-16,,,,,,,,,,,,,,,,,,,,
2-2-4,u_on_y,none,2000,700103,clean,,kl_split,none,0,0.010319646903742246,,,,,,,,,,,,,,,,,,,,
2-2-4,u_on_y,none,2000,700103,clean,,kl_crossfit,none,0,0.010310732756595624,,,,,,,,,,,,,,,,,,,,
2-2-4,u_on_y,none,2000,700103,clean,,cf1_margin,none,0,0.0,,,,,,,,,,,,,,,,,,,,
2-2-4,u_on_y,none,2000,700103,clean,,slack_plugin,none,0,0.0,,,,,,,,,,,,,,,,,,,,
2-2-4,u_on_y,none,2000,700103,clean,,gm_battery,none,0,0.0,,,,,,,,,,,,,,,,,,,,
2-2-4,u_on_y,none,2000,700103,clean,,gtest,none,0,2759.125610833601,,,,,,,,,,,,,,,,,,,,
2-2-4,u_on_y,none,2000,700104,clean,,kl_plugin,none,0,0.0,,,,,,,,,,,,,,,,,,,,
2-2-4,u_on_y,none,2000,700104,clean,,kl_split,none,0,0.0030009336950114138,,,,,,,,,,,,,,,,,,,,
2-2-4,u_on_y,none,2000,700104,clean,,kl_crossfit,none,0,0.003001015066508666,,,,,,,,,,,,,,,,,,,,
2-2-4,u_on_y,none,2000,700104,clean,,cf1_margin,none,0,0.0,,,,,,,,,,,,,,,,,,,,
2-2-4,u_on_y,none,2000,700104,clean,,slack_plugin,none,0,0.0,,,,,,,,,,,,,,,,,,,,
2-2-4,u_on_y,none,2000,700104,clean,,gm_battery,none,0,0.0,,,,,,,,,,,,,,,,,,,,
2-2-4,u_on_y,none,2000,700104,clean,,gtest,none,0,0.007272292675894132,,,,,,,,,,,,,,,,,,,,
2-2-4,u_on_y,none,2000,700105,clean,,kl_plugin,none,0,0.00012079224379155009,,,,,,,,,,,,,,,,,,,,
2-2-4,u_on_y,none,2000,700105,clean,,kl_split,none,0,0.03292948896207881,,,,,,,,,,,,,,,,,,,,
2-2-4,u_on_y,none,2000,700105,clean,,kl_crossfit,none,0,0.03485451584023644,,,,,,,,,,,,,,,,,,,,
2-2-4,u_on_y,none,2000,700105,clean,,cf1_margin,none,0,0.010989199787818427,,,,,,,,,,,,,,,,,,,,
2-2-4,u_on_y,none,2000,700105,clean,,slack_plugin,none,0,0.021978399575636853,,,,,,,,,,,,,,,,,,,,
2-2-4,u_on_y,none,2000,700105,clean,,gm_battery,none,0,0.0,,,,,,,,,,,,,,,,,,,,
2-2-4,u_on_y,none,2000,700105,clean,,gtest,none,0,0.0,,,,,,,,,,,,,,,,,,,,
2-2-4,u_on_y,none,2000,700106,clean,,kl_plugin,none,0,0.0,,,,,,,,,,,,,,,,,,,,
2-2-4,u_on_y,none,2000,700106,clean,,kl_split,none,0,0.0,,,,,,,,,,,,,,,,,,,,
2-2-4,u_on_y,none,2000,700106,clean,,kl_crossfit,none,0,0.0,,,,,,,,,,,,,,,,,,,,
2-2-4,u_on_y,none,2000,700106,clean,,cf1_margin,none,0,0.0,,,,,,,,,,,,,,,,,,,,
2-2-4,u_on_y,none,2000,700106,clean,,slack_plugin,none,0,0.0,,,,,,,,,,,,,,,,,,,,
2-2-4,u_on_y,none,2000,700106,clean,,gm_battery,none,0,0.0,,,,,,,,,,,,,,,,,,,,
2-2-4,u_on_y,none,2000,700106,clean,,gtest,none,0,0.0,,,,,,,,,,,,,,,,,,,,
2-2-4,u_on_y,none,2000,700107,clean,,kl_plugin,none,0,6.333753007825848e-17,,,,,,,,,,,,,,,,,,,,
2-2-4,u_on_y,none,2000,700107,clean,,kl_split,none,0,0.0013079420711659719,,,,,,,,,,,,,,,,,,,,
2-2-4,u_on_y,none,2000,700107,clean,,kl_crossfit,none,0,0.0013089925745590446,,,,,,,,,,,,,,,,,,,,
2-2-4,u_on_y,none,2000,700107,clean,,cf1_margin,none,0,0.0,,,,,,,,,,,,,,,,,,,,
2-2-4,u_on_y,none,2000,700107,clean,,slack_plugin,none,0,0.0,,,,,,,,,,,,,,,,,,,,
2-2-4,u_on_y,none,2000,700107,clean,,gm_battery,none,0,0.0,,,,,,,,,,,,,,,,,,,,
2-2-4,u_on_y,none,2000,700107,clean,,gtest,none,0,1755.3593380718326,,,,,,,,,,,,,,,,,,,,
2-2-4,u_on_y,none,2000,700108,clean,,kl_plugin,none,0,0.001637807412434071,,,,,,,,,,,,,,,,,,,,
2-2-4,u_on_y,none,2000,700108,clean,,kl_split,none,0,0.005240534921835356,,,,,,,,,,,,,,,,,,,,
2-2-4,u_on_y,none,2000,700108,clean,,kl_crossfit,none,0,0.003766491039444323,,,,,,,,,,,,,,,,,,,,
2-2-4,u_on_y,none,2000,700108,clean,,cf1_margin,none,0,0.04045680687471731,,,,,,,,,,,,,,,,,,,,
2-2-4,u_on_y,none,2000,700108,clean,,slack_plugin,none,0,0.08091361374943462,,,,,,,,,,,,,,,,,,,,
2-2-4,u_on_y,none,2000,700108,clean,,gm_battery,none,0,0.0,,,,,,,,,,,,,,,,,,,,
2-2-4,u_on_y,none,2000,700108,clean,,gtest,none,0,0.0,,,,,,,,,,,,,,,,,,,,
2-2-4,u_on_y,none,2000,700109,clean,,kl_plugin,none,0,0.0,,,,,,,,,,,,,,,,,,,,
2-2-4,u_on_y,none,2000,700109,clean,,kl_split,none,0,0.0002833323087801289,,,,,,,,,,,,,,,,,,,,
2-2-4,u_on_y,none,2000,700109,clean,,kl_crossfit,none,0,0.0002833182814580299,,,,,,,,,,,,,,,,,,,,
2-2-4,u_on_y,none,2000,700109,clean,,cf1_margin,none,0,0.0,,,,,,,,,,,,,,,,,,,,
2-2-4,u_on_y,none,2000,700109,clean,,slack_plugin,none,0,0.0,,,,,,,,,,,,,,,,,,,,
2-2-4,u_on_y,none,2000,700109,clean,,gm_battery,none,0,0.0,,,,,,,,,,,,,,,,,,,,
2-2-4,u_on_y,none,2000,700109,clean,,gtest,none,0,1447.6565746536628,,,,,,,,,,,,,,,,,,,,
2-2-4,u_on_y,none,2000,700110,clean,,kl_plugin,none,0,0.0002181593822950809,,,,,,,,,,,,,,,,,,,,
2-2-4,u_on_y,none,2000,700110,clean,,kl_split,none,0,0.0018942755537024042,,,,,,,,,,,,,,,,,,,,
2-2-4,u_on_y,none,2000,700110,clean,,kl_crossfit,none,0,0.0022833836839029967,,,,,,,,,,,,,,,,,,,,
2-2-4,u_on_y,none,2000,700110,clean,,cf1_margin,none,0,0.014769666131533743,,,,,,,,,,,,,,,,,,,,
2-2-4,u_on_y,none,2000,700110,clean,,slack_plugin,none,0,0.02953933226306754,,,,,,,,,,,,,,,,,,,,
2-2-4,u_on_y,none,2000,700110,clean,,gm_battery,none,0,0.0,,,,,,,,,,,,,,,,,,,,
2-2-4,u_on_y,none,2000,700110,clean,,gtest,none,0,0.0,,,,,,,,,,,,,,,,,,,,
2-2-4,u_on_y,none,2000,700111,clean,,kl_plugin,none,0,0.0,,,,,,,,,,,,,,,,,,,,
2-2-4,u_on_y,none,2000,700111,clean,,kl_split,none,0,0.0,,,,,,,,,,,,,,,,,,,,
2-2-4,u_on_y,none,2000,700111,clean,,kl_crossfit,none,0,0.0,,,,,,,,,,,,,,,,,,,,
2-2-4,u_on_y,none,2000,700111,clean,,cf1_margin,none,0,0.0,,,,,,,,,,,,,,,,,,,,
2-2-4,u_on_y,none,2000,700111,clean,,slack_plugin,none,0,0.0,,,,,,,,,,,,,,,,,,,,
2-2-4,u_on_y,none,2000,700111,clean,,gm_battery,none,0,0.0,,,,,,,,,,,,,,,,,,,,
2-2-4,u_on_y,none,2000,700111,clean,,gtest,none,0,0.0,,,,,,,,,,,,,,,,,,,,
2-2-4,u_on_y,none,2000,700112,clean,,kl_plugin,none,0,6.510933602525428e-17,,,,,,,,,,,,,,,,,,,,
2-2-4,u_on_y,none,2000,700112,clean,,kl_split,none,0,1.8119792287926272e-05,,,,,,,,,,,,,,,,,,,,
2-2-4,u_on_y,none,2000,700112,clean,,kl_crossfit,none,0,1.8121891834112702e-05,,,,,,,,,,,,,,,,,,,,
2-2-4,u_on_y,none,2000,700112,clean,,cf1_margin,none,0,0.0,,,,,,,,,,,,,,,,,,,,
2-2-4,u_on_y,none,2000,700112,clean,,slack_plugin,none,0,0.0,,,,,,,,,,,,,,,,,,,,
2-2-4,u_on_y,none,2000,700112,clean,,gm_battery,none,0,0.0,,,,,,,,,,,,,,,,,,,,
2-2-4,u_on_y,none,2000,700112,clean,,gtest,none,0,358.7282744452456,,,,,,,,,,,,,,,,,,,,
2-2-4,u_on_y,none,2000,700113,clean,,kl_plugin,none,0,0.0,,,,,,,,,,,,,,,,,,,,
2-2-4,u_on_y,none,2000,700113,clean,,kl_split,none,0,0.0,,,,,,,,,,,,,,,,,,,,
2-2-4,u_on_y,none,2000,700113,clean,,kl_crossfit,none,0,0.0,,,,,,,,,,,,,,,,,,,,
2-2-4,u_on_y,none,2000,700113,clean,,cf1_margin,none,0,0.0,,,,,,,,,,,,,,,,,,,,
2-2-4,u_on_y,none,2000,700113,clean,,slack_plugin,none,0,0.0,,,,,,,,,,,,,,,,,,,,
2-2-4,u_on_y,none,2000,700113,clean,,gm_battery,none,0,0.0,,,,,,,,,,,,,,,,,,,,
2-2-4,u_on_y,none,2000,700113,clean,,gtest,none,0,0.0,,,,,,,,,,,,,,,,,,,,
2-2-4,u_on_y,none,2000,700114,clean,,kl_plugin,none,0,0.0,,,,,,,,,,,,,,,,,,,,
2-2-4,u_on_y,none,2000,700114,clean,,kl_split,none,0,0.006904890444900703,,,,,,,,,,,,,,,,,,,,
2-2-4,u_on_y,none,2000,700114,clean,,kl_crossfit,none,0,0.006907905908249981,,,,,,,,,,,,,,,,,,,,
2-2-4,u_on_y,none,2000,700114,clean,,cf1_margin,none,0,0.0,,,,,,,,,,,,,,,,,,,,
2-2-4,u_on_y,none,2000,700114,clean,,slack_plugin,none,0,0.0,,,,,,,,,,,,,,,,,,,,
2-2-4,u_on_y,none,2000,700114,clean,,gm_battery,none,0,0.0,,,,,,,,,,,,,,,,,,,,
2-2-4,u_on_y,none,2000,700114,clean,,gtest,none,0,2711.0221982571966,,,,,,,,,,,,,,,,,,,,
2-2-4,u_on_y,none,2000,700115,clean,,kl_plugin,none,0,0.0,,,,,,,,,,,,,,,,,,,,
2-2-4,u_on_y,none,2000,700115,clean,,kl_split,none,0,0.0,,,,,,,,,,,,,,,,,,,,
2-2-4,u_on_y,none,2000,700115,clean,,kl_crossfit,none,0,0.0,,,,,,,,,,,,,,,,,,,,
2-2-4,u_on_y,none,2000,700115,clean,,cf1_margin,none,0,0.0,,,,,,,,,,,,,,,,,,,,
2-2-4,u_on_y,none,2000,700115,clean,,slack_plugin,none,0,0.0,,,,,,,,,,,,,,,,,,,,
2-2-4,u_on_y,none,2000,700115,clean,,gm_battery,none,0,0.0,,,,,,,,,,,,,,,,,,,,
2-2-4,u_on_y,none,2000,700115,clean,,gtest,none,0,0.0,,,,,,,,,,,,,,,,,,,,
2-2-4,u_on_y,none,2000,700116,clean,,kl_plugin,none,0,6.067053533881019e-17,,,,,,,,,,,,,,,,,,,,
2-2-4,u_on_y,none,2000,700116,clean,,kl_split,none,0,0.002714032723342452,,,,,,,,,,,,,,,,,,,,
2-2-4,u_on_y,none,2000,700116,clean,,kl_crossfit,none,0,0.002714711350033712,,,,,,,,,,,,,,,,,,,,
2-2-4,u_on_y,none,2000,700116,clean,,cf1_margin,none,0,0.0,,,,,,,,,,,,,,,,,,,,
2-2-4,u_on_y,none,2000,700116,clean,,slack_plugin,none,0,0.0,,,,,,,,,,,,,,,,,,,,
2-2-4,u_on_y,none,2000,700116,clean,,gm_battery,none,0,0.0,,,,,,,,,,,,,,,,,,,,
2-2-4,u_on_y,none,2000,700116,clean,,gtest,none,0,1.1073931191990667,,,,,,,,,,,,,,,,,,,,
2-2-4,u_on_y,none,2000,700117,clean,,kl_plugin,none,0,0.0,,,,,,,,,,,,,,,,,,,,
2-2-4,u_on_y,none,2000,700117,clean,,kl_split,none,0,1.8039144967490345e-05,,,,,,,,,,,,,,,,,,,,
2-2-4,u_on_y,none,2000,700117,clean,,kl_crossfit,none,0,1.8038711105400644e-05,,,,,,,,,,,,,,,,,,,,
2-2-4,u_on_y,none,2000,700117,clean,,cf1_margin,none,0,0.0,,,,,,,,,,,,,,,,,,,,
2-2-4,u_on_y,none,2000,700117,clean,,slack_plugin,none,0,0.0,,,,,,,,,,,,,,,,,,,,
2-2-4,u_on_y,none,2000,700117,clean,,gm_battery,none,0,0.0,,,,,,,,,,,,,,,,,,,,
2-2-4,u_on_y,none,2000,700117,clean,,gtest,none,0,890.8231752164681,,,,,,,,,,,,,,,,,,,,
2-2-4,u_on_y,none,2000,700118,clean,,kl_plugin,none,0,1.132944596759334e-16,,,,,,,,,,,,,,,,,,,,
2-2-4,u_on_y,none,2000,700118,clean,,kl_split,none,0,0.0075824523530541865,,,,,,,,,,,,,,,,,,,,
2-2-4,u_on_y,none,2000,700118,clean,,kl_crossfit,none,0,0.007587895990457767,,,,,,,,,,,,,,,,,,,,
2-2-4,u_on_y,none,2000,700118,clean,,cf1_margin,none,0,0.0,,,,,,,,,,,,,,,,,,,,
2-2-4,u_on_y,none,2000,700118,clean,,slack_plugin,none,0,0.0,,,,,,,,,,,,,,,,,,,,
2-2-4,u_on_y,none,2000,700118,clean,,gm_battery,none,0,0.0,,,,,,,,,,,,,,,,,,,,
2-2-4,u_on_y,none,2000,700118,clean,,gtest,none,0,1203.7329661904791,,,,,,,,,,,,,,,,,,,,
2-2-4,u_on_y,none,2000,700119,clean,,kl_plugin,none,0,0.0,,,,,,,,,,,,,,,,,,,,
2-2-4,u_on_y,none,2000,700119,clean,,kl_split,none,0,0.006685195573317742,,,,,,,,,,,,,,,,,,,,
2-2-4,u_on_y,none,2000,700119,clean,,kl_crossfit,none,0,0.006697161977310571,,,,,,,,,,,,,,,,,,,,
2-2-4,u_on_y,none,2000,700119,clean,,cf1_margin,none,0,0.0,,,,,,,,,,,,,,,,,,,,
2-2-4,u_on_y,none,2000,700119,clean,,slack_plugin,none,0,0.0,,,,,,,,,,,,,,,,,,,,
2-2-4,u_on_y,none,2000,700119,clean,,gm_battery,none,0,0.0,,,,,,,,,,,,,,,,,,,,
2-2-4,u_on_y,none,2000,700119,clean,,gtest,none,0,1273.1374983083128,,,,,,,,,,,,,,,,,,,,
2-2-4,u_on_y,none,2000,700120,clean,,kl_plugin,none,0,0.0,,,,,,,,,,,,,,,,,,,,
2-2-4,u_on_y,none,2000,700120,clean,,kl_split,none,0,0.0,,,,,,,,,,,,,,,,,,,,
2-2-4,u_on_y,none,2000,700120,clean,,kl_crossfit,none,0,0.0,,,,,,,,,,,,,,,,,,,,
2-2-4,u_on_y,none,2000,700120,clean,,cf1_margin,none,0,0.0,,,,,,,,,,,,,,,,,,,,
2-2-4,u_on_y,none,2000,700120,clean,,slack_plugin,none,0,0.0,,,,,,,,,,,,,,,,,,,,
2-2-4,u_on_y,none,2000,700120,clean,,gm_battery,none,0,0.0,,,,,,,,,,,,,,,,,,,,
2-2-4,u_on_y,none,2000,700120,clean,,gtest,none,0,0.0,,,,,,,,,,,,,,,,,,,,
2-2-4,u_on_y,none,2000,700121,clean,,kl_plugin,none,0,0.0,,,,,,,,,,,,,,,,,,,,
2-2-4,u_on_y,none,2000,700121,clean,,kl_split,none,0,0.0,,,,,,,,,,,,,,,,,,,,
2-2-4,u_on_y,none,2000,700121,clean,,kl_crossfit,none,0,0.0,,,,,,,,,,,,,,,,,,,,
2-2-4,u_on_y,none,2000,700121,clean,,cf1_margin,none,0,0.0,,,,,,,,,,,,,,,,,,,,
2-2-4,u_on_y,none,2000,700121,clean,,slack_plugin,none,0,0.0,,,,,,,,,,,,,,,,,,,,
2-2-4,u_on_y,none,2000,700121,clean,,gm_battery,none,0,0.0,,,,,,,,,,,,,,,,,,,,
2-2-4,u_on_y,none,2000,700121,clean,,gtest,none,0,0.0,,,,,,,,,,,,,,,,,,,,
2-2-4,u_on_y,none,2000,700122,clean,,kl_plugin,none,0,0.003946434205330307,,,,,,,,,,,,,,,,,,,,
2-2-4,u_on_y,none,2000,700122,clean,,kl_split,none,0,0.0028786646423586276,,,,,,,,,,,,,,,,,,,,
2-2-4,u_on_y,none,2000,700122,clean,,kl_crossfit,none,0,0.005231561590729154,,,,,,,,,,,,,,,,,,,,
2-2-4,u_on_y,none,2000,700122,clean,,cf1_margin,none,0,0.0627522195318806,,,,,,,,,,,,,,,,,,,,
2-2-4,u_on_y,none,2000,700122,clean,,slack_plugin,none,0,0.12550443906376108,,,,,,,,,,,,,,,,,,,,
2-2-4,u_on_y,none,2000,700122,clean,,gm_battery,none,0,0.0,,,,,,,,,,,,,,,,,,,,
2-2-4,u_on_y,none,2000,700122,clean,,gtest,none,0,0.0,,,,,,,,,,,,,,,,,,,,
2-2-4,u_on_y,none,2000,700123,clean,,kl_plugin,none,0,0.0,,,,,,,,,,,,,,,,,,,,
2-2-4,u_on_y,none,2000,700123,clean,,kl_split,none,0,0.0,,,,,,,,,,,,,,,,,,,,
2-2-4,u_on_y,none,2000,700123,clean,,kl_crossfit,none,0,0.0,,,,,,,,,,,,,,,,,,,,
2-2-4,u_on_y,none,2000,700123,clean,,cf1_margin,none,0,0.0,,,,,,,,,,,,,,,,,,,,
2-2-4,u_on_y,none,2000,700123,clean,,slack_plugin,none,0,0.0,,,,,,,,,,,,,,,,,,,,
2-2-4,u_on_y,none,2000,700123,clean,,gm_battery,none,0,0.0,,,,,,,,,,,,,,,,,,,,
2-2-4,u_on_y,none,2000,700123,clean,,gtest,none,0,0.0,,,,,,,,,,,,,,,,,,,,
2-2-4,u_on_y,none,2000,700124,clean,,kl_plugin,none,0,0.0,,,,,,,,,,,,,,,,,,,,
2-2-4,u_on_y,none,2000,700124,clean,,kl_split,none,0,0.0,,,,,,,,,,,,,,,,,,,,
2-2-4,u_on_y,none,2000,700124,clean,,kl_crossfit,none,0,0.0,,,,,,,,,,,,,,,,,,,,
2-2-4,u_on_y,none,2000,700124,clean,,cf1_margin,none,0,0.0,,,,,,,,,,,,,,,,,,,,
2-2-4,u_on_y,none,2000,700124,clean,,slack_plugin,none,0,0.0,,,,,,,,,,,,,,,,,,,,
2-2-4,u_on_y,none,2000,700124,clean,,gm_battery,none,0,0.0,,,,,,,,,,,,,,,,,,,,
2-2-4,u_on_y,none,2000,700124,clean,,gtest,none,0,2316.9585353726025,,,,,,,,,,,,,,,,,,,,
2-2-4,u_on_y,none,2000,700125,clean,,kl_plugin,none,0,0.0,,,,,,,,,,,,,,,,,,,,
2-2-4,u_on_y,none,2000,700125,clean,,kl_split,none,0,0.00020972998397695251,,,,,,,,,,,,,,,,,,,,
2-2-4,u_on_y,none,2000,700125,clean,,kl_crossfit,none,0,0.0002097316297031259,,,,,,,,,,,,,,,,,,,,
2-2-4,u_on_y,none,2000,700125,clean,,cf1_margin,none,0,0.0,,,,,,,,,,,,,,,,,,,,
2-2-4,u_on_y,none,2000,700125,clean,,slack_plugin,none,0,0.0,,,,,,,,,,,,,,,,,,,,
2-2-4,u_on_y,none,2000,700125,clean,,gm_battery,none,0,0.0,,,,,,,,,,,,,,,,,,,,
2-2-4,u_on_y,none,2000,700125,clean,,gtest,none,0,2743.2348475100057,,,,,,,,,,,,,,,,,,,,
2-2-4,u_on_y,none,2000,700126,clean,,kl_plugin,none,0,0.00048118726365784306,,,,,,,,,,,,,,,,,,,,
2-2-4,u_on_y,none,2000,700126,clean,,kl_split,none,0,2.93956086465548e-05,,,,,,,,,,,,,,,,,,,,
2-2-4,u_on_y,none,2000,700126,clean,,kl_crossfit,none,0,0.0012195055230230928,,,,,,,,,,,,,,,,,,,,
2-2-4,u_on_y,none,2000,700126,clean,,cf1_margin,none,0,0.021929824561403466,,,,,,,,,,,,,,,,,,,,
2-2-4,u_on_y,none,2000,700126,clean,,slack_plugin,none,0,0.04385964912280699,,,,,,,,,,,,,,,,,,,,
2-2-4,u_on_y,none,2000,700126,clean,,gm_battery,none,0,0.0,,,,,,,,,,,,,,,,,,,,
2-2-4,u_on_y,none,2000,700126,clean,,gtest,none,0,0.0,,,,,,,,,,,,,,,,,,,,
2-2-4,u_on_y,none,2000,700127,clean,,kl_plugin,none,0,0.0,,,,,,,,,,,,,,,,,,,,
2-2-4,u_on_y,none,2000,700127,clean,,kl_split,none,0,0.0,,,,,,,,,,,,,,,,,,,,
2-2-4,u_on_y,none,2000,700127,clean,,kl_crossfit,none,0,0.0,,,,,,,,,,,,,,,,,,,,
2-2-4,u_on_y,none,2000,700127,clean,,cf1_margin,none,0,0.0,,,,,,,,,,,,,,,,,,,,
2-2-4,u_on_y,none,2000,700127,clean,,slack_plugin,none,0,0.0,,,,,,,,,,,,,,,,,,,,
2-2-4,u_on_y,none,2000,700127,clean,,gm_battery,none,0,0.0,,,,,,,,,,,,,,,,,,,,
2-2-4,u_on_y,none,2000,700127,clean,,gtest,none,0,0.0,,,,,,,,,,,,,,,,,,,,
2-2-4,u_on_y,none,2000,700128,clean,,kl_plugin,none,0,0.00019098949641827272,,,,,,,,,,,,,,,,,,,,
2-2-4,u_on_y,none,2000,700128,clean,,kl_split,none,0,0.0015732463856042746,,,,,,,,,,,,,,,,,,,,
2-2-4,u_on_y,none,2000,700128,clean,,kl_crossfit,none,0,0.0010776658698504003,,,,,,,,,,,,,,,,,,,,
2-2-4,u_on_y,none,2000,700128,clean,,cf1_margin,none,0,0.013818576166074403,,,,,,,,,,,,,,,,,,,,
2-2-4,u_on_y,none,2000,700128,clean,,slack_plugin,none,0,0.027637152332148807,,,,,,,,,,,,,,,,,,,,
2-2-4,u_on_y,none,2000,700128,clean,,gm_battery,none,0,0.0,,,,,,,,,,,,,,,,,,,,
2-2-4,u_on_y,none,2000,700128,clean,,gtest,none,0,0.0,,,,,,,,,,,,,,,,,,,,
2-2-4,u_on_y,none,2000,700129,clean,,kl_plugin,none,0,4.619467898009898e-05,,,,,,,,,,,,,,,,,,,,
2-2-4,u_on_y,none,2000,700129,clean,,kl_split,none,0,0.01853765586263803,,,,,,,,,,,,,,,,,,,,
2-2-4,u_on_y,none,2000,700129,clean,,kl_crossfit,none,0,0.019054729428867476,,,,,,,,,,,,,,,,,,,,
2-2-4,u_on_y,none,2000,700129,clean,,cf1_margin,none,0,0.006795518787316102,,,,,,,,,,,,,,,,,,,,
2-2-4,u_on_y,none,2000,700129,clean,,slack_plugin,none,0,0.013591037574632203,,,,,,,,,,,,,,,,,,,,
2-2-4,u_on_y,none,2000,700129,clean,,gm_battery,none,0,0.0,,,,,,,,,,,,,,,,,,,,
2-2-4,u_on_y,none,2000,700129,clean,,gtest,none,0,0.0,,,,,,,,,,,,,,,,,,,,
2-2-4,u_on_y,none,2000,700130,clean,,kl_plugin,none,0,0.000929426177423252,,,,,,,,,,,,,,,,,,,,
2-2-4,u_on_y,none,2000,700130,clean,,kl_split,none,0,0.003653282547699553,,,,,,,,,,,,,,,,,,,,
2-2-4,u_on_y,none,2000,700130,clean,,kl_crossfit,none,0,0.0027643773868594457,,,,,,,,,,,,,,,,,,,,
2-2-4,u_on_y,none,2000,700130,clean,,cf1_margin,none,0,0.03048346137903002,,,,,,,,,,,,,,,,,,,,
2-2-4,u_on_y,none,2000,700130,clean,,slack_plugin,none,0,0.06096692275806004,,,,,,,,,,,,,,,,,,,,
2-2-4,u_on_y,none,2000,700130,clean,,gm_battery,none,0,0.0,,,,,,,,,,,,,,,,,,,,
2-2-4,u_on_y,none,2000,700130,clean,,gtest,none,0,0.0,,,,,,,,,,,,,,,,,,,,
2-2-4,u_on_y,none,2000,700131,clean,,kl_plugin,none,0,0.0,,,,,,,,,,,,,,,,,,,,
2-2-4,u_on_y,none,2000,700131,clean,,kl_split,none,0,0.0,,,,,,,,,,,,,,,,,,,,
2-2-4,u_on_y,none,2000,700131,clean,,kl_crossfit,none,0,0.0,,,,,,,,,,,,,,,,,,,,
2-2-4,u_on_y,none,2000,700131,clean,,cf1_margin,none,0,0.0,,,,,,,,,,,,,,,,,,,,
2-2-4,u_on_y,none,2000,700131,clean,,slack_plugin,none,0,0.0,,,,,,,,,,,,,,,,,,,,
2-2-4,u_on_y,none,2000,700131,clean,,gm_battery,none,0,0.0,,,,,,,,,,,,,,,,,,,,
2-2-4,u_on_y,none,2000,700131,clean,,gtest,none,0,0.0,,,,,,,,,,,,,,,,,,,,
2-2-4,u_on_y,none,2000,700132,clean,,kl_plugin,none,0,0.00424019598308973,,,,,,,,,,,,,,,,,,,,
2-2-4,u_on_y,none,2000,700132,clean,,kl_split,none,0,0.006373358708371697,,,,,,,,,,,,,,,,,,,,
2-2-4,u_on_y,none,2000,700132,clean,,kl_crossfit,none,0,0.0058733880718802,,,,,,,,,,,,,,,,,,,,
2-2-4,u_on_y,none,2000,700132,clean,,cf1_margin,none,0,0.06509163723336209,,,,,,,,,,,,,,,,,,,,
2-2-4,u_on_y,none,2000,700132,clean,,slack_plugin,none,0,0.13018327446672417,,,,,,,,,,,,,,,,,,,,
2-2-4,u_on_y,none,2000,700132,clean,,gm_battery,none,0,0.0,,,,,,,,,,,,,,,,,,,,
2-2-4,u_on_y,none,2000,700132,clean,,gtest,none,0,0.0,,,,,,,,,,,,,,,,,,,,
2-2-4,u_on_y,none,2000,700133,clean,,kl_plugin,none,0,0.0014238628986992935,,,,,,,,,,,,,,,,,,,,
2-2-4,u_on_y,none,2000,700133,clean,,kl_split,none,0,0.0033987610358808228,,,,,,,,,,,,,,,,,,,,
2-2-4,u_on_y,none,2000,700133,clean,,kl_crossfit,none,0,0.0019722170730111224,,,,,,,,,,,,,,,,,,,,
2-2-4,u_on_y,none,2000,700133,clean,,cf1_margin,none,0,0.03772122029327485,,,,,,,,,,,,,,,,,,,,
2-2-4,u_on_y,none,2000,700133,clean,,slack_plugin,none,0,0.07544244058654981,,,,,,,,,,,,,,,,,,,,
2-2-4,u_on_y,none,2000,700133,clean,,gm_battery,none,0,0.0,,,,,,,,,,,,,,,,,,,,
2-2-4,u_on_y,none,2000,700133,clean,,gtest,none,0,0.0,,,,,,,,,,,,,,,,,,,,
2-2-4,u_on_y,none,2000,700134,clean,,kl_plugin,none,0,8.655112051802766e-05,,,,,,,,,,,,,,,,,,,,
2-2-4,u_on_y,none,2000,700134,clean,,kl_split,none,0,0.0041561082622224715,,,,,,,,,,,,,,,,,,,,
2-2-4,u_on_y,none,2000,700134,clean,,kl_crossfit,none,0,0.0033423462916689003,,,,,,,,,,,,,,,,,,,,
2-2-4,u_on_y,none,2000,700134,clean,,cf1_margin,none,0,0.009303175305831357,,,,,,,,,,,,,,,,,,,,
2-2-4,u_on_y,none,2000,700134,clean,,slack_plugin,none,0,0.018606350611662714,,,,,,,,,,,,,,,,,,,,
2-2-4,u_on_y,none,2000,700134,clean,,gm_battery,none,0,0.0,,,,,,,,,,,,,,,,,,,,
2-2-4,u_on_y,none,2000,700134,clean,,gtest,none,0,0.0,,,,,,,,,,,,,,,,,,,,
2-2-4,u_on_y,none,2000,700135,clean,,kl_plugin,none,0,8.443577532497512e-05,,,,,,,,,,,,,,,,,,,,
2-2-4,u_on_y,none,2000,700135,clean,,kl_split,none,0,0.00040507317412300046,,,,,,,,,,,,,,,,,,,,
2-2-4,u_on_y,none,2000,700135,clean,,kl_crossfit,none,0,0.0009246030232624987,,,,,,,,,,,,,,,,,,,,
2-2-4,u_on_y,none,2000,700135,clean,,cf1_margin,none,0,0.009188344457760955,,,,,,,,,,,,,,,,,,,,
2-2-4,u_on_y,none,2000,700135,clean,,slack_plugin,none,0,0.018376688915521744,,,,,,,,,,,,,,,,,,,,
2-2-4,u_on_y,none,2000,700135,clean,,gm_battery,none,0,0.0,,,,,,,,,,,,,,,,,,,,
2-2-4,u_on_y,none,2000,700135,clean,,gtest,none,0,0.0,,,,,,,,,,,,,,,,,,,,
2-2-4,u_on_y,none,2000,700136,clean,,kl_plugin,none,0,5.723391109705548e-17,,,,,,,,,,,,,,,,,,,,
2-2-4,u_on_y,none,2000,700136,clean,,kl_split,none,0,0.0018807342481373807,,,,,,,,,,,,,,,,,,,,
2-2-4,u_on_y,none,2000,700136,clean,,kl_crossfit,none,0,0.0018812154515179102,,,,,,,,,,,,,,,,,,,,
2-2-4,u_on_y,none,2000,700136,clean,,cf1_margin,none,0,0.0,,,,,,,,,,,,,,,,,,,,
2-2-4,u_on_y,none,2000,700136,clean,,slack_plugin,none,0,0.0,,,,,,,,,,,,,,,,,,,,
2-2-4,u_on_y,none,2000,700136,clean,,gm_battery,none,0,0.0,,,,,,,,,,,,,,,,,,,,
2-2-4,u_on_y,none,2000,700136,clean,,gtest,none,0,2408.6067303707196,,,,,,,,,,,,,,,,,,,,
2-2-4,u_on_y,none,2000,700137,clean,,kl_plugin,none,0,0.0,,,,,,,,,,,,,,,,,,,,
2-2-4,u_on_y,none,2000,700137,clean,,kl_split,none,0,0.0,,,,,,,,,,,,,,,,,,,,
2-2-4,u_on_y,none,2000,700137,clean,,kl_crossfit,none,0,0.0,,,,,,,,,,,,,,,,,,,,
2-2-4,u_on_y,none,2000,700137,clean,,cf1_margin,none,0,0.0,,,,,,,,,,,,,,,,,,,,
2-2-4,u_on_y,none,2000,700137,clean,,slack_plugin,none,0,0.0,,,,,,,,,,,,,,,,,,,,
2-2-4,u_on_y,none,2000,700137,clean,,gm_battery,none,0,0.0,,,,,,,,,,,,,,,,,,,,
2-2-4,u_on_y,none,2000,700137,clean,,gtest,none,0,0.0,,,,,,,,,,,,,,,,,,,,
2-2-4,u_on_y,none,2000,700138,clean,,kl_plugin,none,0,5.930298986920837e-17,,,,,,,,,,,,,,,,,,,,
2-2-4,u_on_y,none,2000,700138,clean,,kl_split,none,0,0.007931531933802444,,,,,,,,,,,,,,,,,,,,
2-2-4,u_on_y,none,2000,700138,clean,,kl_crossfit,none,0,0.007927381233426914,,,,,,,,,,,,,,,,,,,,
2-2-4,u_on_y,none,2000,700138,clean,,cf1_margin,none,0,0.0,,,,,,,,,,,,,,,,,,,,
2-2-4,u_on_y,none,2000,700138,clean,,slack_plugin,none,0,0.0,,,,,,,,,,,,,,,,,,,,
2-2-4,u_on_y,none,2000,700138,clean,,gm_battery,none,0,0.0,,,,,,,,,,,,,,,,,,,,
2-2-4,u_on_y,none,2000,700138,clean,,gtest,none,0,949.115902486541,,,,,,,,,,,,,,,,,,,,
2-2-4,u_on_y,none,2000,700139,clean,,kl_plugin,none,0,0.0,,,,,,,,,,,,,,,,,,,,
2-2-4,u_on_y,none,2000,700139,clean,,kl_split,none,0,0.0017206309450245958,,,,,,,,,,,,,,,,,,,,
2-2-4,u_on_y,none,2000,700139,clean,,kl_crossfit,none,0,0.0017210507943124786,,,,,,,,,,,,,,,,,,,,
2-2-4,u_on_y,none,2000,700139,clean,,cf1_margin,none,0,0.0,,,,,,,,,,,,,,,,,,,,
2-2-4,u_on_y,none,2000,700139,clean,,slack_plugin,none,0,0.0,,,,,,,,,,,,,,,,,,,,
2-2-4,u_on_y,none,2000,700139,clean,,gm_battery,none,0,0.0,,,,,,,,,,,,,,,,,,,,
2-2-4,u_on_y,none,2000,700139,clean,,gtest,none,0,976.7301829367261,,,,,,,,,,,,,,,,,,,,
2-2-4,u_on_y,none,2000,700140,clean,,kl_plugin,none,0,1.8868535678637308e-06,,,,,,,,,,,,,,,,,,,,
2-2-4,u_on_y,none,2000,700140,clean,,kl_split,none,0,0.01669010878199366,,,,,,,,,,,,,,,,,,,,
2-2-4,u_on_y,none,2000,700140,clean,,kl_crossfit,none,0,0.0168563570203907,,,,,,,,,,,,,,,,,,,,
2-2-4,u_on_y,none,2000,700140,clean,,cf1_margin,none,0,0.0013736263736263687,,,,,,,,,,,,,,,,,,,,
2-2-4,u_on_y,none,2000,700140,clean,,slack_plugin,none,0,0.0027472527472527375,,,,,,,,,,,,,,,,,,,,
2-2-4,u_on_y,none,2000,700140,clean,,gm_battery,none,0,0.0,,,,,,,,,,,,,,,,,,,,
2-2-4,u_on_y,none,2000,700140,clean,,gtest,none,0,0.0,,,,,,,,,,,,,,,,,,,,
2-2-4,u_on_y,none,2000,700141,clean,,kl_plugin,none,0,1.176536923976563e-16,,,,,,,,,,,,,,,,,,,,
2-2-4,u_on_y,none,2000,700141,clean,,kl_split,none,0,0.01024231929580053,,,,,,,,,,,,,,,,,,,,
2-2-4,u_on_y,none,2000,700141,clean,,kl_crossfit,none,0,0.010234213348476535,,,,,,,,,,,,,,,,,,,,
2-2-4,u_on_y,none,2000,700141,clean,,cf1_margin,none,0,0.0,,,,,,,,,,,,,,,,,,,,
2-2-4,u_on_y,none,2000,700141,clean,,slack_plugin,none,0,0.0,,,,,,,,,,,,,,,,,,,,
2-2-4,u_on_y,none,2000,700141,clean,,gm_battery,none,0,0.0,,,,,,,,,,,,,,,,,,,,
2-2-4,u_on_y,none,2000,700141,clean,,gtest,none,0,2769.700026792679,,,,,,,,,,,,,,,,,,,,
2-2-4,u_on_y,none,2000,700142,clean,,kl_plugin,none,0,0.0022615286591981323,,,,,,,,,,,,,,,,,,,,
2-2-4,u_on_y,none,2000,700142,clean,,kl_split,none,0,0.00730859979452958,,,,,,,,,,,,,,,,,,,,
2-2-4,u_on_y,none,2000,700142,clean,,kl_crossfit,none,0,0.004870791577618577,,,,,,,,,,,,,,,,,,,,
2-2-4,u_on_y,none,2000,700142,clean,,cf1_margin,none,0,0.047516265301717486,,,,,,,,,,,,,,,,,,,,
2-2-4,u_on_y,none,2000,700142,clean,,slack_plugin,none,0,0.09503253060343497,,,,,,,,,,,,,,,,,,,,
2-2-4,u_on_y,none,2000,700142,clean,,gm_battery,none,0,0.0,,,,,,,,,,,,,,,,,,,,
2-2-4,u_on_y,none,2000,700142,clean,,gtest,none,0,0.0,,,,,,,,,,,,,,,,,,,,
2-2-4,u_on_y,none,2000,700143,clean,,kl_plugin,none,0,0.0004307871258429786,,,,,,,,,,,,,,,,,,,,
2-2-4,u_on_y,none,2000,700143,clean,,kl_split,none,0,0.018653304608753918,,,,,,,,,,,,,,,,,,,,
2-2-4,u_on_y,none,2000,700143,clean,,kl_crossfit,none,0,0.016231775953805483,,,,,,,,,,,,,,,,,,,,
2-2-4,u_on_y,none,2000,700143,clean,,cf1_margin,none,0,0.02073928900385369,,,,,,,,,,,,,,,,,,,,
2-2-4,u_on_y,none,2000,700143,clean,,slack_plugin,none,0,0.04147857800770732,,,,,,,,,,,,,,,,,,,,
2-2-4,u_on_y,none,2000,700143,clean,,gm_battery,none,0,0.0,,,,,,,,,,,,,,,,,,,,
2-2-4,u_on_y,none,2000,700143,clean,,gtest,none,0,0.0,,,,,,,,,,,,,,,,,,,,
2-2-4,u_on_y,none,2000,700144,clean,,kl_plugin,none,0,8.989169241351236e-19,,,,,,,,,,,,,,,,,,,,
2-2-4,u_on_y,none,2000,700144,clean,,kl_split,none,0,0.0019146675006493537,,,,,,,,,,,,,,,,,,,,
2-2-4,u_on_y,none,2000,700144,clean,,kl_crossfit,none,0,0.0019150924043781015,,,,,,,,,,,,,,,,,,,,
2-2-4,u_on_y,none,2000,700144,clean,,cf1_margin,none,0,0.0,,,,,,,,,,,,,,,,,,,,
2-2-4,u_on_y,none,2000,700144,clean,,slack_plugin,none,0,0.0,,,,,,,,,,,,,,,,,,,,
2-2-4,u_on_y,none,2000,700144,clean,,gm_battery,none,0,0.0,,,,,,,,,,,,,,,,,,,,
2-2-4,u_on_y,none,2000,700144,clean,,gtest,none,0,1190.5806327261075,,,,,,,,,,,,,,,,,,,,
2-2-4,u_on_y,none,2000,700145,clean,,kl_plugin,none,0,0.0023842551791674223,,,,,,,,,,,,,,,,,,,,
2-2-4,u_on_y,none,2000,700145,clean,,kl_split,none,0,0.005382194934227473,,,,,,,,,,,,,,,,,,,,
2-2-4,u_on_y,none,2000,700145,clean,,kl_crossfit,none,0,0.00385801477338377,,,,,,,,,,,,,,,,,,,,
2-2-4,u_on_y,none,2000,700145,clean,,cf1_margin,none,0,0.048818434109831,,,,,,,,,,,,,,,,,,,,
2-2-4,u_on_y,none,2000,700145,clean,,slack_plugin,none,0,0.09763686821966189,,,,,,,,,,,,,,,,,,,,
2-2-4,u_on_y,none,2000,700145,clean,,gm_battery,none,0,0.0,,,,,,,,,,,,,,,,,,,,
2-2-4,u_on_y,none,2000,700145,clean,,gtest,none,0,0.0,,,,,,,,,,,,,,,,,,,,
2-2-4,u_on_y,none,2000,700146,clean,,kl_plugin,none,0,0.004990881794589501,,,,,,,,,,,,,,,,,,,,
2-2-4,u_on_y,none,2000,700146,clean,,kl_split,none,0,0.006753056762525401,,,,,,,,,,,,,,,,,,,,
2-2-4,u_on_y,none,2000,700146,clean,,kl_crossfit,none,0,0.005570082007534194,,,,,,,,,,,,,,,,,,,,
2-2-4,u_on_y,none,2000,700146,clean,,cf1_margin,none,0,0.07050966331093989,,,,,,,,,,,,,,,,,,,,
2-2-4,u_on_y,none,2000,700146,clean,,slack_plugin,none,0,0.14101932662187994,,,,,,,,,,,,,,,,,,,,
2-2-4,u_on_y,none,2000,700146,clean,,gm_battery,none,0,0.0,,,,,,,,,,,,,,,,,,,,
2-2-4,u_on_y,none,2000,700146,clean,,gtest,none,0,0.0,,,,,,,,,,,,,,,,,,,,
2-2-4,u_on_y,none,2000,700147,clean,,kl_plugin,none,0,1.1141928328180952e-16,,,,,,,,,,,,,,,,,,,,
2-2-4,u_on_y,none,2000,700147,clean,,kl_split,none,0,0.009906323497367212,,,,,,,,,,,,,,,,,,,,
2-2-4,u_on_y,none,2000,700147,clean,,kl_crossfit,none,0,0.009908030788257902,,,,,,,,,,,,,,,,,,,,
2-2-4,u_on_y,none,2000,700147,clean,,cf1_margin,none,0,0.0,,,,,,,,,,,,,,,,,,,,
2-2-4,u_on_y,none,2000,700147,clean,,slack_plugin,none,0,0.0,,,,,,,,,,,,,,,,,,,,
2-2-4,u_on_y,none,2000,700147,clean,,gm_battery,none,0,0.0,,,,,,,,,,,,,,,,,,,,
2-2-4,u_on_y,none,2000,700147,clean,,gtest,none,0,887.4246693683988,,,,,,,,,,,,,,,,,,,,
2-2-4,u_on_y,none,2000,700148,clean,,kl_plugin,none,0,0.0,,,,,,,,,,,,,,,,,,,,
2-2-4,u_on_y,none,2000,700148,clean,,kl_split,none,0,0.0034389295666742356,,,,,,,,,,,,,,,,,,,,
2-2-4,u_on_y,none,2000,700148,clean,,kl_crossfit,none,0,0.003438462660440726,,,,,,,,,,,,,,,,,,,,
2-2-4,u_on_y,none,2000,700148,clean,,cf1_margin,none,0,0.0,,,,,,,,,,,,,,,,,,,,
2-2-4,u_on_y,none,2000,700148,clean,,slack_plugin,none,0,0.0,,,,,,,,,,,,,,,,,,,,
2-2-4,u_on_y,none,2000,700148,clean,,gm_battery,none,0,0.0,,,,,,,,,,,,,,,,,,,,
2-2-4,u_on_y,none,2000,700148,clean,,gtest,none,0,2448.5195871513924,,,,,,,,,,,,,,,,,,,,
2-2-4,u_on_y,none,2000,700149,clean,,kl_plugin,none,0,0.0,,,,,,,,,,,,,,,,,,,,
2-2-4,u_on_y,none,2000,700149,clean,,kl_split,none,0,0.0,,,,,,,,,,,,,,,,,,,,
2-2-4,u_on_y,none,2000,700149,clean,,kl_crossfit,none,0,0.0,,,,,,,,,,,,,,,,,,,,
2-2-4,u_on_y,none,2000,700149,clean,,cf1_margin,none,0,0.0,,,,,,,,,,,,,,,,,,,,
2-2-4,u_on_y,none,2000,700149,clean,,slack_plugin,none,0,0.0,,,,,,,,,,,,,,,,,,,,
2-2-4,u_on_y,none,2000,700149,clean,,gm_battery,none,0,0.0,,,,,,,,,,,,,,,,,,,,
2-2-4,u_on_y,none,2000,700149,clean,,gtest,none,0,0.0,,,,,,,,,,,,,,,,,,,,
2-2-4,u_on_y,none,2000,700150,clean,,kl_plugin,none,0,0.0,,,,,,,,,,,,,,,,,,,,
2-2-4,u_on_y,none,2000,700150,clean,,kl_split,none,0,0.011173043479720694,,,,,,,,,,,,,,,,,,,,
2-2-4,u_on_y,none,2000,700150,clean,,kl_crossfit,none,0,0.011169164953199088,,,,,,,,,,,,,,,,,,,,
2-2-4,u_on_y,none,2000,700150,clean,,cf1_margin,none,0,0.0,,,,,,,,,,,,,,,,,,,,
2-2-4,u_on_y,none,2000,700150,clean,,slack_plugin,none,0,0.0,,,,,,,,,,,,,,,,,,,,
2-2-4,u_on_y,none,2000,700150,clean,,gm_battery,none,0,0.0,,,,,,,,,,,,,,,,,,,,
2-2-4,u_on_y,none,2000,700150,clean,,gtest,none,0,895.4547612628751,,,,,,,,,,,,,,,,,,,,
2-2-4,u_on_y,none,2000,700151,clean,,kl_plugin,none,0,8.045094381341719e-18,,,,,,,,,,,,,,,,,,,,
2-2-4,u_on_y,none,2000,700151,clean,,kl_split,none,0,0.0005488239989662738,,,,,,,,,,,,,,,,,,,,
2-2-4,u_on_y,none,2000,700151,clean,,kl_crossfit,none,0,0.0005491198344536575,,,,,,,,,,,,,,,,,,,,
2-2-4,u_on_y,none,2000,700151,clean,,cf1_margin,none,0,0.0,,,,,,,,,,,,,,,,,,,,
2-2-4,u_on_y,none,2000,700151,clean,,slack_plugin,none,0,0.0,,,,,,,,,,,,,,,,,,,,
2-2-4,u_on_y,none,2000,700151,clean,,gm_battery,none,0,0.0,,,,,,,,,,,,,,,,,,,,
2-2-4,u_on_y,none,2000,700151,clean,,gtest,none,0,2.6190014991773083,,,,,,,,,,,,,,,,,,,,
2-2-4,u_on_y,none,2000,700152,clean,,kl_plugin,none,0,6.565974484848544e-06,,,,,,,,,,,,,,,,,,,,
2-2-4,u_on_y,none,2000,700152,clean,,kl_split,none,0,0.000844633269127237,,,,,,,,,,,,,,,,,,,,
2-2-4,u_on_y,none,2000,700152,clean,,kl_crossfit,none,0,0.0010058459489237174,,,,,,,,,,,,,,,,,,,,
2-2-4,u_on_y,none,2000,700152,clean,,cf1_margin,none,0,0.002562372692242798,,,,,,,,,,,,,,,,,,,,
2-2-4,u_on_y,none,2000,700152,clean,,slack_plugin,none,0,0.005124745384485596,,,,,,,,,,,,,,,,,,,,
2-2-4,u_on_y,none,2000,700152,clean,,gm_battery,none,0,0.0,,,,,,,,,,,,,,,,,,,,
2-2-4,u_on_y,none,2000,700152,clean,,gtest,none,0,0.0,,,,,,,,,,,,,,,,,,,,
2-2-4,u_on_y,none,2000,700153,clean,,kl_plugin,none,0,0.0,,,,,,,,,,,,,,,,,,,,
2-2-4,u_on_y,none,2000,700153,clean,,kl_split,none,0,0.00496167522126266,,,,,,,,,,,,,,,,,,,,
2-2-4,u_on_y,none,2000,700153,clean,,kl_crossfit,none,0,0.004969167752068456,,,,,,,,,,,,,,,,,,,,
2-2-4,u_on_y,none,2000,700153,clean,,cf1_margin,none,0,0.0,,,,,,,,,,,,,,,,,,,,
2-2-4,u_on_y,none,2000,700153,clean,,slack_plugin,none,0,0.0,,,,,,,,,,,,,,,,,,,,
2-2-4,u_on_y,none,2000,700153,clean,,gm_battery,none,0,0.0,,,,,,,,,,,,,,,,,,,,
2-2-4,u_on_y,none,2000,700153,clean,,gtest,none,0,736.172449878516,,,,,,,,,,,,,,,,,,,,
2-2-4,u_on_y,none,2000,700154,clean,,kl_plugin,none,0,0.0,,,,,,,,,,,,,,,,,,,,
2-2-4,u_on_y,none,2000,700154,clean,,kl_split,none,0,0.0017715316623439711,,,,,,,,,,,,,,,,,,,,
2-2-4,u_on_y,none,2000,700154,clean,,kl_crossfit,none,0,0.0017715196929665618,,,,,,,,,,,,,,,,,,,,
2-2-4,u_on_y,none,2000,700154,clean,,cf1_margin,none,0,0.0,,,,,,,,,,,,,,,,,,,,
2-2-4,u_on_y,none,2000,700154,clean,,slack_plugin,none,0,0.0,,,,,,,,,,,,,,,,,,,,
2-2-4,u_on_y,none,2000,700154,clean,,gm_battery,none,0,0.0,,,,,,,,,,,,,,,,,,,,
2-2-4,u_on_y,none,2000,700154,clean,,gtest,none,0,915.3774778219437,,,,,,,,,,,,,,,,,,,,
2-2-4,u_on_y,none,2000,700155,clean,,kl_plugin,none,0,0.0,,,,,,,,,,,,,,,,,,,,
2-2-4,u_on_y,none,2000,700155,clean,,kl_split,none,0,0.0027774292412794735,,,,,,,,,,,,,,,,,,,,
2-2-4,u_on_y,none,2000,700155,clean,,kl_crossfit,none,0,0.002776825823057407,,,,,,,,,,,,,,,,,,,,
2-2-4,u_on_y,none,2000,700155,clean,,cf1_margin,none,0,0.0,,,,,,,,,,,,,,,,,,,,
2-2-4,u_on_y,none,2000,700155,clean,,slack_plugin,none,0,0.0,,,,,,,,,,,,,,,,,,,,
2-2-4,u_on_y,none,2000,700155,clean,,gm_battery,none,0,0.0,,,,,,,,,,,,,,,,,,,,
2-2-4,u_on_y,none,2000,700155,clean,,gtest,none,0,1366.9182084198414,,,,,,,,,,,,,,,,,,,,
2-2-4,u_on_y,none,2000,700156,clean,,kl_plugin,none,0,0.0,,,,,,,,,,,,,,,,,,,,
2-2-4,u_on_y,none,2000,700156,clean,,kl_split,none,0,0.0010378091162641552,,,,,,,,,,,,,,,,,,,,
2-2-4,u_on_y,none,2000,700156,clean,,kl_crossfit,none,0,0.00103733073730811,,,,,,,,,,,,,,,,,,,,
2-2-4,u_on_y,none,2000,700156,clean,,cf1_margin,none,0,0.0,,,,,,,,,,,,,,,,,,,,
2-2-4,u_on_y,none,2000,700156,clean,,slack_plugin,none,0,0.0,,,,,,,,,,,,,,,,,,,,
2-2-4,u_on_y,none,2000,700156,clean,,gm_battery,none,0,0.0,,,,,,,,,,,,,,,,,,,,
2-2-4,u_on_y,none,2000,700156,clean,,gtest,none,0,680.0461672711233,,,,,,,,,,,,,,,,,,,,
2-2-4,u_on_y,none,2000,700157,clean,,kl_plugin,none,0,0.0,,,,,,,,,,,,,,,,,,,,
2-2-4,u_on_y,none,2000,700157,clean,,kl_split,none,0,0.0,,,,,,,,,,,,,,,,,,,,
2-2-4,u_on_y,none,2000,700157,clean,,kl_crossfit,none,0,0.0,,,,,,,,,,,,,,,,,,,,
2-2-4,u_on_y,none,2000,700157,clean,,cf1_margin,none,0,0.0,,,,,,,,,,,,,,,,,,,,
2-2-4,u_on_y,none,2000,700157,clean,,slack_plugin,none,0,0.0,,,,,,,,,,,,,,,,,,,,
2-2-4,u_on_y,none,2000,700157,clean,,gm_battery,none,0,0.0,,,,,,,,,,,,,,,,,,,,
2-2-4,u_on_y,none,2000,700157,clean,,gtest,none,0,0.0,,,,,,,,,,,,,,,,,,,,
2-2-4,u_on_y,none,2000,700158,clean,,kl_plugin,none,0,0.0022834559107454723,,,,,,,,,,,,,,,,,,,,
2-2-4,u_on_y,none,2000,700158,clean,,kl_split,none,0,0.0046544632465717675,,,,,,,,,,,,,,,,,,,,
2-2-4,u_on_y,none,2000,700158,clean,,kl_crossfit,none,0,0.003423559911190444,,,,,,,,,,,,,,,,,,,,
2-2-4,u_on_y,none,2000,700158,clean,,cf1_margin,none,0,0.04776073197578423,,,,,,,,,,,,,,,,,,,,
2-2-4,u_on_y,none,2000,700158,clean,,slack_plugin,none,0,0.09552146395156857,,,,,,,,,,,,,,,,,,,,
2-2-4,u_on_y,none,2000,700158,clean,,gm_battery,none,0,0.0,,,,,,,,,,,,,,,,,,,,
2-2-4,u_on_y,none,2000,700158,clean,,gtest,none,0,0.0,,,,,,,,,,,,,,,,,,,,
2-2-4,u_on_y,none,2000,700159,clean,,kl_plugin,none,0,0.0,,,,,,,,,,,,,,,,,,,,
2-2-4,u_on_y,none,2000,700159,clean,,kl_split,none,0,0.0017930933331845936,,,,,,,,,,,,,,,,,,,,
2-2-4,u_on_y,none,2000,700159,clean,,kl_crossfit,none,0,0.001793749167241376,,,,,,,,,,,,,,,,,,,,
2-2-4,u_on_y,none,2000,700159,clean,,cf1_margin,none,0,0.0,,,,,,,,,,,,,,,,,,,,
2-2-4,u_on_y,none,2000,700159,clean,,slack_plugin,none,0,0.0,,,,,,,,,,,,,,,,,,,,
2-2-4,u_on_y,none,2000,700159,clean,,gm_battery,none,0,0.0,,,,,,,,,,,,,,,,,,,,
2-2-4,u_on_y,none,2000,700159,clean,,gtest,none,0,0.15151408097676367,,,,,,,,,,,,,,,,,,,,
2-2-4,u_on_y,none,2000,700160,clean,,kl_plugin,none,0,6.166083563649318e-17,,,,,,,,,,,,,,,,,,,,
2-2-4,u_on_y,none,2000,700160,clean,,kl_split,none,0,6.898644748591816e-05,,,,,,,,,,,,,,,,,,,,
2-2-4,u_on_y,none,2000,700160,clean,,kl_crossfit,none,0,6.898270160535474e-05,,,,,,,,,,,,,,,,,,,,
2-2-4,u_on_y,none,2000,700160,clean,,cf1_margin,none,0,0.0,,,,,,,,,,,,,,,,,,,,
2-2-4,u_on_y,none,2000,700160,clean,,slack_plugin,none,0,0.0,,,,,,,,,,,,,,,,,,,,
2-2-4,u_on_y,none,2000,700160,clean,,gm_battery,none,0,0.0,,,,,,,,,,,,,,,,,,,,
2-2-4,u_on_y,none,2000,700160,clean,,gtest,none,0,1258.846616424869,,,,,,,,,,,,,,,,,,,,
2-2-4,u_on_y,none,2000,700161,clean,,kl_plugin,none,0,0.0,,,,,,,,,,,,,,,,,,,,
2-2-4,u_on_y,none,2000,700161,clean,,kl_split,none,0,0.0,,,,,,,,,,,,,,,,,,,,
2-2-4,u_on_y,none,2000,700161,clean,,kl_crossfit,none,0,0.0,,,,,,,,,,,,,,,,,,,,
2-2-4,u_on_y,none,2000,700161,clean,,cf1_margin,none,0,0.0,,,,,,,,,,,,,,,,,,,,
2-2-4,u_on_y,none,2000,700161,clean,,slack_plugin,none,0,0.0,,,,,,,,,,,,,,,,,,,,
2-2-4,u_on_y,none,2000,700161,clean,,gm_battery,none,0,0.0,,,,,,,,,,,,,,,,,,,,
2-2-4,u_on_y,none,2000,700161,clean,,gtest,none,0,0.0,,,,,,,,,,,,,,,,,,,,
2-2-4,u_on_y,none,2000,700162,clean,,kl_plugin,none,0,0.00016090119928591738,,,,,,,,,,,,,,,,,,,,
2-2-4,u_on_y,none,2000,700162,clean,,kl_split,none,0,0.006540092316446922,,,,,,,,,,,,,,,,,,,,
2-2-4,u_on_y,none,2000,700162,clean,,kl_crossfit,none,0,0.00695278559546323,,,,,,,,,,,,,,,,,,,,
2-2-4,u_on_y,none,2000,700162,clean,,cf1_margin,none,0,0.012680900823036412,,,,,,,,,,,,,,,,,,,,
2-2-4,u_on_y,none,2000,700162,clean,,slack_plugin,none,0,0.025361801646072824,,,,,,,,,,,,,,,,,,,,
2-2-4,u_on_y,none,2000,700162,clean,,gm_battery,none,0,0.0,,,,,,,,,,,,,,,,,,,,
2-2-4,u_on_y,none,2000,700162,clean,,gtest,none,0,0.0,,,,,,,,,,,,,,,,,,,,
2-2-4,u_on_y,none,2000,700163,clean,,kl_plugin,none,0,0.001427528031516894,,,,,,,,,,,,,,,,,,,,
2-2-4,u_on_y,none,2000,700163,clean,,kl_split,none,0,0.005409384871598519,,,,,,,,,,,,,,,,,,,,
2-2-4,u_on_y,none,2000,700163,clean,,kl_crossfit,none,0,0.003675503704742223,,,,,,,,,,,,,,,,,,,,
2-2-4,u_on_y,none,2000,700163,clean,,cf1_margin,none,0,0.037775207398006105,,,,,,,,,,,,,,,,,,,,
2-2-4,u_on_y,none,2000,700163,clean,,slack_plugin,none,0,0.0755504147960121,,,,,,,,,,,,,,,,,,,,
2-2-4,u_on_y,none,2000,700163,clean,,gm_battery,none,0,0.0,,,,,,,,,,,,,,,,,,,,
2-2-4,u_on_y,none,2000,700163,clean,,gtest,none,0,0.0,,,,,,,,,,,,,,,,,,,,
2-2-4,u_on_y,none,2000,700164,clean,,kl_plugin,none,0,5.969926463699451e-17,,,,,,,,,,,,,,,,,,,,
2-2-4,u_on_y,none,2000,700164,clean,,kl_split,none,0,0.02492925312854058,,,,,,,,,,,,,,,,,,,,
2-2-4,u_on_y,none,2000,700164,clean,,kl_crossfit,none,0,0.024849953179449987,,,,,,,,,,,,,,,,,,,,
2-2-4,u_on_y,none,2000,700164,clean,,cf1_margin,none,0,1.1102230246251565e-16,,,,,,,,,,,,,,,,,,,,
2-2-4,u_on_y,none,2000,700164,clean,,slack_plugin,none,0,0.0,,,,,,,,,,,,,,,,,,,,
2-2-4,u_on_y,none,2000,700164,clean,,gm_battery,none,0,0.0,,,,,,,,,,,,,,,,,,,,
2-2-4,u_on_y,none,2000,700164,clean,,gtest,none,0,652.9193904963719,,,,,,,,,,,,,,,,,,,,
2-2-4,u_on_y,none,2000,700165,clean,,kl_plugin,none,0,7.593553239881607e-06,,,,,,,,,,,,,,,,,,,,
2-2-4,u_on_y,none,2000,700165,clean,,kl_split,none,0,0.00028524071529723374,,,,,,,,,,,,,,,,,,,,
2-2-4,u_on_y,none,2000,700165,clean,,kl_crossfit,none,0,0.000305628018858705,,,,,,,,,,,,,,,,,,,,
2-2-4,u_on_y,none,2000,700165,clean,,cf1_margin,none,0,0.00275534578053116,,,,,,,,,,,,,,,,,,,,
2-2-4,u_on_y,none,2000,700165,clean,,slack_plugin,none,0,0.005510691561062153,,,,,,,,,,,,,,,,,,,,
2-2-4,u_on_y,none,2000,700165,clean,,gm_battery,none,0,0.0,,,,,,,,,,,,,,,,,,,,
2-2-4,u_on_y,none,2000,700165,clean,,gtest,none,0,0.0,,,,,,,,,,,,,,,,,,,,
2-2-4,u_on_y,none,2000,700166,clean,,kl_plugin,none,0,0.0001046253754912619,,,,,,,,,,,,,,,,,,,,
2-2-4,u_on_y,none,2000,700166,clean,,kl_split,none,0,0.003073074681965972,,,,,,,,,,,,,,,,,,,,
2-2-4,u_on_y,none,2000,700166,clean,,kl_crossfit,none,0,0.004181263654278813,,,,,,,,,,,,,,,,,,,,
2-2-4,u_on_y,none,2000,700166,clean,,cf1_margin,none,0,0.0102271897143692,,,,,,,,,,,,,,,,,,,,
2-2-4,u_on_y,none,2000,700166,clean,,slack_plugin,none,0,0.0204543794287384,,,,,,,,,,,,,,,,,,,,
2-2-4,u_on_y,none,2000,700166,clean,,gm_battery,none,0,0.0,,,,,,,,,,,,,,,,,,,,
2-2-4,u_on_y,none,2000,700166,clean,,gtest,none,0,0.0,,,,,,,,,,,,,,,,,,,,
2-2-4,u_on_y,none,2000,700167,clean,,kl_plugin,none,0,0.0003277472840158297,,,,,,,,,,,,,,,,,,,,
2-2-4,u_on_y,none,2000,700167,clean,,kl_split,none,0,0.00429934201766341,,,,,,,,,,,,,,,,,,,,
2-2-4,u_on_y,none,2000,700167,clean,,kl_crossfit,none,0,0.005538381415809476,,,,,,,,,,,,,,,,,,,,
2-2-4,u_on_y,none,2000,700167,clean,,cf1_margin,none,0,0.01808967720612542,,,,,,,,,,,,,,,,,,,,
2-2-4,u_on_y,none,2000,700167,clean,,slack_plugin,none,0,0.03617935441225073,,,,,,,,,,,,,,,,,,,,
2-2-4,u_on_y,none,2000,700167,clean,,gm_battery,none,0,0.0,,,,,,,,,,,,,,,,,,,,
2-2-4,u_on_y,none,2000,700167,clean,,gtest,none,0,0.0,,,,,,,,,,,,,,,,,,,,
2-2-4,u_on_y,none,2000,700168,clean,,kl_plugin,none,0,3.563460190568425e-06,,,,,,,,,,,,,,,,,,,,
2-2-4,u_on_y,none,2000,700168,clean,,kl_split,none,0,0.00022170020990265257,,,,,,,,,,,,,,,,,,,,
2-2-4,u_on_y,none,2000,700168,clean,,kl_crossfit,none,0,0.00023670928233969837,,,,,,,,,,,,,,,,,,,,
2-2-4,u_on_y,none,2000,700168,clean,,cf1_margin,none,0,0.0018872460632288757,,,,,,,,,,,,,,,,,,,,
2-2-4,u_on_y,none,2000,700168,clean,,slack_plugin,none,0,0.0037744921264575293,,,,,,,,,,,,,,,,,,,,
2-2-4,u_on_y,none,2000,700168,clean,,gm_battery,none,0,0.0,,,,,,,,,,,,,,,,,,,,
2-2-4,u_on_y,none,2000,700168,clean,,gtest,none,0,0.0,,,,,,,,,,,,,,,,,,,,
2-2-4,u_on_y,none,2000,700169,clean,,kl_plugin,none,0,3.671276854000805e-05,,,,,,,,,,,,,,,,,,,,
2-2-4,u_on_y,none,2000,700169,clean,,kl_split,none,0,0.001618339324812583,,,,,,,,,,,,,,,,,,,,
2-2-4,u_on_y,none,2000,700169,clean,,kl_crossfit,none,0,0.0016764485866056014,,,,,,,,,,,,,,,,,,,,
2-2-4,u_on_y,none,2000,700169,clean,,cf1_margin,none,0,0.006058712073222616,,,,,,,,,,,,,,,,,,,,
2-2-4,u_on_y,none,2000,700169,clean,,slack_plugin,none,0,0.012117424146445233,,,,,,,,,,,,,,,,,,,,
2-2-4,u_on_y,none,2000,700169,clean,,gm_battery,none,0,0.0,,,,,,,,,,,,,,,,,,,,
2-2-4,u_on_y,none,2000,700169,clean,,gtest,none,0,0.0,,,,,,,,,,,,,,,,,,,,
2-2-4,u_on_y,none,2000,700170,clean,,kl_plugin,none,0,0.0,,,,,,,,,,,,,,,,,,,,
2-2-4,u_on_y,none,2000,700170,clean,,kl_split,none,0,0.002436883201264707,,,,,,,,,,,,,,,,,,,,
2-2-4,u_on_y,none,2000,700170,clean,,kl_crossfit,none,0,0.0024386994236510525,,,,,,,,,,,,,,,,,,,,
2-2-4,u_on_y,none,2000,700170,clean,,cf1_margin,none,0,0.0,,,,,,,,,,,,,,,,,,,,
2-2-4,u_on_y,none,2000,700170,clean,,slack_plugin,none,0,0.0,,,,,,,,,,,,,,,,,,,,
2-2-4,u_on_y,none,2000,700170,clean,,gm_battery,none,0,0.0,,,,,,,,,,,,,,,,,,,,
2-2-4,u_on_y,none,2000,700170,clean,,gtest,none,0,1385.4022371846809,,,,,,,,,,,,,,,,,,,,
2-2-4,u_on_y,none,2000,700171,clean,,kl_plugin,none,0,5.544345470536605e-17,,,,,,,,,,,,,,,,,,,,
2-2-4,u_on_y,none,2000,700171,clean,,kl_split,none,0,0.004527690845705631,,,,,,,,,,,,,,,,,,,,
2-2-4,u_on_y,none,2000,700171,clean,,kl_crossfit,none,0,0.00452751543399766,,,,,,,,,,,,,,,,,,,,
2-2-4,u_on_y,none,2000,700171,clean,,cf1_margin,none,0,0.0,,,,,,,,,,,,,,,,,,,,
2-2-4,u_on_y,none,2000,700171,clean,,slack_plugin,none,0,0.0,,,,,,,,,,,,,,,,,,,,
2-2-4,u_on_y,none,2000,700171,clean,,gm_battery,none,0,0.0,,,,,,,,,,,,,,,,,,,,
2-2-4,u_on_y,none,2000,700171,clean,,gtest,none,0,1885.5739472403766,,,,,,,,,,,,,,,,,,,,
2-2-4,u_on_y,none,2000,700172,clean,,kl_plugin,none,0,7.932374961887659e-05,,,,,,,,,,,,,,,,,,,,
2-2-4,u_on_y,none,2000,700172,clean,,kl_split,none,0,0.0014723103607288957,,,,,,,,,,,,,,,,,,,,
2-2-4,u_on_y,none,2000,700172,clean,,kl_crossfit,none,0,0.0011515355061658093,,,,,,,,,,,,,,,,,,,,
2-2-4,u_on_y,none,2000,700172,clean,,cf1_margin,none,0,0.008902751467033454,,,,,,,,,,,,,,,,,,,,
2-2-4,u_on_y,none,2000,700172,clean,,slack_plugin,none,0,0.017805502934066908,,,,,,,,,,,,,,,,,,,,
2-2-4,u_on_y,none,2000,700172,clean,,gm_battery,none,0,0.0,,,,,,,,,,,,,,,,,,,,
2-2-4,u_on_y,none,2000,700172,clean,,gtest,none,0,0.0,,,,,,,,,,,,,,,,,,,,
2-2-4,u_on_y,none,2000,700173,clean,,kl_plugin,none,0,3.056976744131258e-05,,,,,,,,,,,,,,,,,,,,
2-2-4,u_on_y,none,2000,700173,clean,,kl_split,none,0,0.00231923813351962,,,,,,,,,,,,,,,,,,,,
2-2-4,u_on_y,none,2000,700173,clean,,kl_crossfit,none,0,0.0027678925113839396,,,,,,,,,,,,,,,,,,,,
2-2-4,u_on_y,none,2000,700173,clean,,cf1_margin,none,0,0.005524820349379067,,,,,,,,,,,,,,,,,,,,
2-2-4,u_on_y,none,2000,700173,clean,,slack_plugin,none,0,0.011049640698758134,,,,,,,,,,,,,,,,,,,,
2-2-4,u_on_y,none,2000,700173,clean,,gm_battery,none,0,0.0,,,,,,,,,,,,,,,,,,,,
2-2-4,u_on_y,none,2000,700173,clean,,gtest,none,0,0.0,,,,,,,,,,,,,,,,,,,,
2-2-4,u_on_y,none,2000,700174,clean,,kl_plugin,none,0,0.001516797372738462,,,,,,,,,,,,,,,,,,,,
2-2-4,u_on_y,none,2000,700174,clean,,kl_split,none,0,0.004400200330010581,,,,,,,,,,,,,,,,,,,,
2-2-4,u_on_y,none,2000,700174,clean,,kl_crossfit,none,0,0.0035145256382542837,,,,,,,,,,,,,,,,,,,,
2-2-4,u_on_y,none,2000,700174,clean,,cf1_margin,none,0,0.03894043297028371,,,,,,,,,,,,,,,,,,,,
2-2-4,u_on_y,none,2000,700174,clean,,slack_plugin,none,0,0.07788086594056742,,,,,,,,,,,,,,,,,,,,
2-2-4,u_on_y,none,2000,700174,clean,,gm_battery,none,0,0.0,,,,,,,,,,,,,,,,,,,,
2-2-4,u_on_y,none,2000,700174,clean,,gtest,none,0,0.0,,,,,,,,,,,,,,,,,,,,
2-2-4,u_on_y,none,2000,700175,clean,,kl_plugin,none,0,0.0,,,,,,,,,,,,,,,,,,,,
2-2-4,u_on_y,none,2000,700175,clean,,kl_split,none,0,0.00041586138333947475,,,,,,,,,,,,,,,,,,,,
2-2-4,u_on_y,none,2000,700175,clean,,kl_crossfit,none,0,0.0004158311596884198,,,,,,,,,,,,,,,,,,,,
2-2-4,u_on_y,none,2000,700175,clean,,cf1_margin,none,0,0.0,,,,,,,,,,,,,,,,,,,,
2-2-4,u_on_y,none,2000,700175,clean,,slack_plugin,none,0,0.0,,,,,,,,,,,,,,,,,,,,
2-2-4,u_on_y,none,2000,700175,clean,,gm_battery,none,0,0.0,,,,,,,,,,,,,,,,,,,,
2-2-4,u_on_y,none,2000,700175,clean,,gtest,none,0,2338.9802914672487,,,,,,,,,,,,,,,,,,,,
2-2-4,u_on_y,none,2000,700176,clean,,kl_plugin,none,0,1.1480363158044612e-16,,,,,,,,,,,,,,,,,,,,
2-2-4,u_on_y,none,2000,700176,clean,,kl_split,none,0,0.00451106899646531,,,,,,,,,,,,,,,,,,,,
2-2-4,u_on_y,none,2000,700176,clean,,kl_crossfit,none,0,0.004515279294863555,,,,,,,,,,,,,,,,,,,,
2-2-4,u_on_y,none,2000,700176,clean,,cf1_margin,none,0,0.0,,,,,,,,,,,,,,,,,,,,
2-2-4,u_on_y,none,2000,700176,clean,,slack_plugin,none,0,0.0,,,,,,,,,,,,,,,,,,,,
2-2-4,u_on_y,none,2000,700176,clean,,gm_battery,none,0,0.0,,,,,,,,,,,,,,,,,,,,
2-2-4,u_on_y,none,2000,700176,clean,,gtest,none,0,1339.4378026655686,,,,,,,,,,,,,,,,,,,,
2-2-4,u_on_y,none,2000,700177,clean,,kl_plugin,none,0,0.0,,,,,,,,,,,,,,,,,,,,
2-2-4,u_on_y,none,2000,700177,clean,,kl_split,none,0,0.0,,,,,,,,,,,,,,,,,,,,
2-2-4,u_on_y,none,2000,700177,clean,,kl_crossfit,none,0,0.0,,,,,,,,,,,,,,,,,,,,
2-2-4,u_on_y,none,2000,700177,clean,,cf1_margin,none,0,0.0,,,,,,,,,,,,,,,,,,,,
2-2-4,u_on_y,none,2000,700177,clean,,slack_plugin,none,0,0.0,,,,,,,,,,,,,,,,,,,,
2-2-4,u_on_y,none,2000,700177,clean,,gm_battery,none,0,0.0,,,,,,,,,,,,,,,,,,,,
2-2-4,u_on_y,none,2000,700177,clean,,gtest,none,0,0.0,,,,,,,,,,,,,,,,,,,,
2-2-4,u_on_y,none,2000,700178,clean,,kl_plugin,none,0,0.00037007421648049994,,,,,,,,,,,,,,,,,,,,
2-2-4,u_on_y,none,2000,700178,clean,,kl_split,none,0,0.012172513407830599,,,,,,,,,,,,,,,,,,,,
2-2-4,u_on_y,none,2000,700178,clean,,kl_crossfit,none,0,0.012965799296720475,,,,,,,,,,,,,,,,,,,,
2-2-4,u_on_y,none,2000,700178,clean,,cf1_margin,none,0,0.019235872684148614,,,,,,,,,,,,,,,,,,,,
2-2-4,u_on_y,none,2000,700178,clean,,slack_plugin,none,0,0.03847174536829706,,,,,,,,,,,,,,,,,,,,
2-2-4,u_on_y,none,2000,700178,clean,,gm_battery,none,0,0.0,,,,,,,,,,,,,,,,,,,,
2-2-4,u_on_y,none,2000,700178,clean,,gtest,none,0,0.0,,,,,,,,,,,,,,,,,,,,
2-2-4,u_on_y,none,2000,700179,clean,,kl_plugin,none,0,0.0,,,,,,,,,,,,,,,,,,,,
2-2-4,u_on_y,none,2000,700179,clean,,kl_split,none,0,0.0013258794462143626,,,,,,,,,,,,,,,,,,,,
2-2-4,u_on_y,none,2000,700179,clean,,kl_crossfit,none,0,0.001326554254181149,,,,,,,,,,,,,,,,,,,,
2-2-4,u_on_y,none,2000,700179,clean,,cf1_margin,none,0,0.0,,,,,,,,,,,,,,,,,,,,
2-2-4,u_on_y,none,2000,700179,clean,,slack_plugin,none,0,0.0,,,,,,,,,,,,,,,,,,,,
2-2-4,u_on_y,none,2000,700179,clean,,gm_battery,none,0,0.0,,,,,,,,,,,,,,,,,,,,
2-2-4,u_on_y,none,2000,700179,clean,,gtest,none,0,2122.715286843474,,,,,,,,,,,,,,,,,,,,
2-2-4,u_on_y,none,2000,700180,clean,,kl_plugin,none,0,0.0,,,,,,,,,,,,,,,,,,,,
2-2-4,u_on_y,none,2000,700180,clean,,kl_split,none,0,0.0,,,,,,,,,,,,,,,,,,,,
2-2-4,u_on_y,none,2000,700180,clean,,kl_crossfit,none,0,0.0,,,,,,,,,,,,,,,,,,,,
2-2-4,u_on_y,none,2000,700180,clean,,cf1_margin,none,0,0.0,,,,,,,,,,,,,,,,,,,,
2-2-4,u_on_y,none,2000,700180,clean,,slack_plugin,none,0,0.0,,,,,,,,,,,,,,,,,,,,
2-2-4,u_on_y,none,2000,700180,clean,,gm_battery,none,0,0.0,,,,,,,,,,,,,,,,,,,,
2-2-4,u_on_y,none,2000,700180,clean,,gtest,none,0,0.0,,,,,,,,,,,,,,,,,,,,
2-2-4,u_on_y,none,2000,700181,clean,,kl_plugin,none,0,0.0015240084603883389,,,,,,,,,,,,,,,,,,,,
2-2-4,u_on_y,none,2000,700181,clean,,kl_split,none,0,0.007248827544110353,,,,,,,,,,,,,,,,,,,,
2-2-4,u_on_y,none,2000,700181,clean,,kl_crossfit,none,0,0.006260105262958643,,,,,,,,,,,,,,,,,,,,
2-2-4,u_on_y,none,2000,700181,clean,,cf1_margin,none,0,0.03903359210621782,,,,,,,,,,,,,,,,,,,,
2-2-4,u_on_y,none,2000,700181,clean,,slack_plugin,none,0,0.07806718421243553,,,,,,,,,,,,,,,,,,,,
2-2-4,u_on_y,none,2000,700181,clean,,gm_battery,none,0,0.0,,,,,,,,,,,,,,,,,,,,
2-2-4,u_on_y,none,2000,700181,clean,,gtest,none,0,0.0,,,,,,,,,,,,,,,,,,,,
2-2-4,u_on_y,none,2000,700182,clean,,kl_plugin,none,0,0.00019983078802971507,,,,,,,,,,,,,,,,,,,,
2-2-4,u_on_y,none,2000,700182,clean,,kl_split,none,0,0.0014180523239364431,,,,,,,,,,,,,,,,,,,,
2-2-4,u_on_y,none,2000,700182,clean,,kl_crossfit,none,0,0.0017560348995415524,,,,,,,,,,,,,,,,,,,,
2-2-4,u_on_y,none,2000,700182,clean,,cf1_margin,none,0,0.014133567923713564,,,,,,,,,,,,,,,,,,,,
2-2-4,u_on_y,none,2000,700182,clean,,slack_plugin,none,0,0.028267135847427183,,,,,,,,,,,,,,,,,,,,
2-2-4,u_on_y,none,2000,700182,clean,,gm_battery,none,0,0.0,,,,,,,,,,,,,,,,,,,,
2-2-4,u_on_y,none,2000,700182,clean,,gtest,none,0,0.0,,,,,,,,,,,,,,,,,,,,
2-2-4,u_on_y,none,2000,700183,clean,,kl_plugin,none,0,6.328005636768984e-17,,,,,,,,,,,,,,,,,,,,
2-2-4,u_on_y,none,2000,700183,clean,,kl_split,none,0,2.5814076221013747e-05,,,,,,,,,,,,,,,,,,,,
2-2-4,u_on_y,none,2000,700183,clean,,kl_crossfit,none,0,2.5811189258875997e-05,,,,,,,,,,,,,,,,,,,,
2-2-4,u_on_y,none,2000,700183,clean,,cf1_margin,none,0,0.0,,,,,,,,,,,,,,,,,,,,
2-2-4,u_on_y,none,2000,700183,clean,,slack_plugin,none,0,0.0,,,,,,,,,,,,,,,,,,,,
2-2-4,u_on_y,none,2000,700183,clean,,gm_battery,none,0,0.0,,,,,,,,,,,,,,,,,,,,
2-2-4,u_on_y,none,2000,700183,clean,,gtest,none,0,871.8982578171378,,,,,,,,,,,,,,,,,,,,
2-2-4,u_on_y,none,2000,700184,clean,,kl_plugin,none,0,1.1162404935933146e-16,,,,,,,,,,,,,,,,,,,,
2-2-4,u_on_y,none,2000,700184,clean,,kl_split,none,0,0.022339728355364324,,,,,,,,,,,,,,,,,,,,
2-2-4,u_on_y,none,2000,700184,clean,,kl_crossfit,none,0,0.022326569514111286,,,,,,,,,,,,,,,,,,,,
2-2-4,u_on_y,none,2000,700184,clean,,cf1_margin,none,0,0.0,,,,,,,,,,,,,,,,,,,,
2-2-4,u_on_y,none,2000,700184,clean,,slack_plugin,none,0,0.0,,,,,,,,,,,,,,,,,,,,
2-2-4,u_on_y,none,2000,700184,clean,,gm_battery,none,0,0.0,,,,,,,,,,,,,,,,,,,,
2-2-4,u_on_y,none,2000,700184,clean,,gtest,none,0,1323.1071484519189,,,,,,,,,,,,,,,,,,,,
2-2-4,u_on_y,none,2000,700185,clean,,kl_plugin,none,0,0.0021179018842609407,,,,,,,,,,,,,,,,,,,,
2-2-4,u_on_y,none,2000,700185,clean,,kl_split,none,0,0.006495672312892824,,,,,,,,,,,,,,,,,,,,
2-2-4,u_on_y,none,2000,700185,clean,,kl_crossfit,none,0,0.00355748652659673,,,,,,,,,,,,,,,,,,,,
2-2-4,u_on_y,none,2000,700185,clean,,cf1_margin,none,0,0.0460003421834414,,,,,,,,,,,,,,,,,,,,
2-2-4,u_on_y,none,2000,700185,clean,,slack_plugin,none,0,0.0920006843668828,,,,,,,,,,,,,,,,,,,,
2-2-4,u_on_y,none,2000,700185,clean,,gm_battery,none,0,0.0,,,,,,,,,,,,,,,,,,,,
2-2-4,u_on_y,none,2000,700185,clean,,gtest,none,0,0.0,,,,,,,,,,,,,,,,,,,,
2-2-4,u_on_y,none,2000,700186,clean,,kl_plugin,none,0,1.1186210807872229e-16,,,,,,,,,,,,,,,,,,,,
2-2-4,u_on_y,none,2000,700186,clean,,kl_split,none,0,0.005940275462176771,,,,,,,,,,,,,,,,,,,,
2-2-4,u_on_y,none,2000,700186,clean,,kl_crossfit,none,0,0.005938640120934518,,,,,,,,,,,,,,,,,,,,
2-2-4,u_on_y,none,2000,700186,clean,,cf1_margin,none,0,0.0,,,,,,,,,,,,,,,,,,,,
2-2-4,u_on_y,none,2000,700186,clean,,slack_plugin,none,0,0.0,,,,,,,,,,,,,,,,,,,,
2-2-4,u_on_y,none,2000,700186,clean,,gm_battery,none,0,0.0,,,,,,,,,,,,,,,,,,,,
2-2-4,u_on_y,none,2000,700186,clean,,gtest,none,0,2561.4798177527987,,,,,,,,,,,,,,,,,,,,
2-2-4,u_on_y,none,2000,700187,clean,,kl_plugin,none,0,5.4849929350454415e-17,,,,,,,,,,,,,,,,,,,,
2-2-4,u_on_y,none,2000,700187,clean,,kl_split,none,0,0.0009785840161437229,,,,,,,,,,,,,,,,,,,,
2-2-4,u_on_y,none,2000,700187,clean,,kl_crossfit,none,0,0.000978412278510827,,,,,,,,,,,,,,,,,,,,
2-2-4,u_on_y,none,2000,700187,clean,,cf1_margin,none,0,0.0,,,,,,,,,,,,,,,,,,,,
2-2-4,u_on_y,none,2000,700187,clean,,slack_plugin,none,0,0.0,,,,,,,,,,,,,,,,,,,,
2-2-4,u_on_y,none,2000,700187,clean,,gm_battery,none,0,0.0,,,,,,,,,,,,,,,,,,,,
2-2-4,u_on_y,none,2000,700187,clean,,gtest,none,0,1455.7026161353865,,,,,,,,,,,,,,,,,,,,
2-2-4,u_on_y,none,2000,700188,clean,,kl_plugin,none,0,0.0,,,,,,,,,,,,,,,,,,,,
2-2-4,u_on_y,none,2000,700188,clean,,kl_split,none,0,0.0,,,,,,,,,,,,,,,,,,,,
2-2-4,u_on_y,none,2000,700188,clean,,kl_crossfit,none,0,0.0,,,,,,,,,,,,,,,,,,,,
2-2-4,u_on_y,none,2000,700188,clean,,cf1_margin,none,0,0.0,,,,,,,,,,,,,,,,,,,,
2-2-4,u_on_y,none,2000,700188,clean,,slack_plugin,none,0,0.0,,,,,,,,,,,,,,,,,,,,
2-2-4,u_on_y,none,2000,700188,clean,,gm_battery,none,0,0.0,,,,,,,,,,,,,,,,,,,,
2-2-4,u_on_y,none,2000,700188,clean,,gtest,none,0,0.0,,,,,,,,,,,,,,,,,,,,
2-2-4,u_on_y,none,2000,700189,clean,,kl_plugin,none,0,5.8966165385695296e-05,,,,,,,,,,,,,,,,,,,,
2-2-4,u_on_y,none,2000,700189,clean,,kl_split,none,0,0.0005184452401939543,,,,,,,,,,,,,,,,,,,,
2-2-4,u_on_y,none,2000,700189,clean,,kl_crossfit,none,0,0.0009812999585839116,,,,,,,,,,,,,,,,,,,,
2-2-4,u_on_y,none,2000,700189,clean,,cf1_margin,none,0,0.007673496922168788,,,,,,,,,,,,,,,,,,,,
2-2-4,u_on_y,none,2000,700189,clean,,slack_plugin,none,0,0.015346993844337575,,,,,,,,,,,,,,,,,,,,
2-2-4,u_on_y,none,2000,700189,clean,,gm_battery,none,0,0.0,,,,,,,,,,,,,,,,,,,,
2-2-4,u_on_y,none,2000,700189,clean,,gtest,none,0,0.0,,,,,,,,,,,,,,,,,,,,
2-2-4,u_on_y,none,2000,700190,clean,,kl_plugin,none,0,0.0,,,,,,,,,,,,,,,,,,,,
2-2-4,u_on_y,none,2000,700190,clean,,kl_split,none,0,0.002042688446394529,,,,,,,,,,,,,,,,,,,,
2-2-4,u_on_y,none,2000,700190,clean,,kl_crossfit,none,0,0.002044190678482264,,,,,,,,,,,,,,,,,,,,
2-2-4,u_on_y,none,2000,700190,clean,,cf1_margin,none,0,0.0,,,,,,,,,,,,,,,,,,,,
2-2-4,u_on_y,none,2000,700190,clean,,slack_plugin,none,0,0.0,,,,,,,,,,,,,,,,,,,,
2-2-4,u_on_y,none,2000,700190,clean,,gm_battery,none,0,0.0,,,,,,,,,,,,,,,,,,,,
2-2-4,u_on_y,none,2000,700190,clean,,gtest,none,0,1419.7656587485235,,,,,,,,,,,,,,,,,,,,
2-2-4,u_on_y,none,2000,700191,clean,,kl_plugin,none,0,0.00020902551559640221,,,,,,,,,,,,,,,,,,,,
2-2-4,u_on_y,none,2000,700191,clean,,kl_split,none,0,0.008804032988867172,,,,,,,,,,,,,,,,,,,,
2-2-4,u_on_y,none,2000,700191,clean,,kl_crossfit,none,0,0.010041388826149744,,,,,,,,,,,,,,,,,,,,
2-2-4,u_on_y,none,2000,700191,clean,,cf1_margin,none,0,0.014451699635106618,,,,,,,,,,,,,,,,,,,,
2-2-4,u_on_y,none,2000,700191,clean,,slack_plugin,none,0,0.028903399270213237,,,,,,,,,,,,,,,,,,,,
2-2-4,u_on_y,none,2000,700191,clean,,gm_battery,none,0,0.0,,,,,,,,,,,,,,,,,,,,
2-2-4,u_on_y,none,2000,700191,clean,,gtest,none,0,0.0,,,,,,,,,,,,,,,,,,,,
2-2-4,u_on_y,none,2000,700192,clean,,kl_plugin,none,0,0.0003561439790870074,,,,,,,,,,,,,,,,,,,,
2-2-4,u_on_y,none,2000,700192,clean,,kl_split,none,0,0.002252030855976979,,,,,,,,,,,,,,,,,,,,
2-2-4,u_on_y,none,2000,700192,clean,,kl_crossfit,none,0,0.0017996672902555674,,,,,,,,,,,,,,,,,,,,
2-2-4,u_on_y,none,2000,700192,clean,,cf1_margin,none,0,0.018866158288508128,,,,,,,,,,,,,,,,,,,,
2-2-4,u_on_y,none,2000,700192,clean,,slack_plugin,none,0,0.03773231657701637,,,,,,,,,,,,,,,,,,,,
2-2-4,u_on_y,none,2000,700192,clean,,gm_battery,none,0,0.0,,,,,,,,,,,,,,,,,,,,
2-2-4,u_on_y,none,2000,700192,clean,,gtest,none,0,0.0,,,,,,,,,,,,,,,,,,,,
2-2-4,u_on_y,none,2000,700193,clean,,kl_plugin,none,0,0.0,,,,,,,,,,,,,,,,,,,,
2-2-4,u_on_y,none,2000,700193,clean,,kl_split,none,0,0.00027607968877254967,,,,,,,,,,,,,,,,,,,,
2-2-4,u_on_y,none,2000,700193,clean,,kl_crossfit,none,0,0.0002760325176174869,,,,,,,,,,,,,,,,,,,,
2-2-4,u_on_y,none,2000,700193,clean,,cf1_margin,none,0,0.0,,,,,,,,,,,,,,,,,,,,
2-2-4,u_on_y,none,2000,700193,clean,,slack_plugin,none,0,0.0,,,,,,,,,,,,,,,,,,,,
2-2-4,u_on_y,none,2000,700193,clean,,gm_battery,none,0,0.0,,,,,,,,,,,,,,,,,,,,
2-2-4,u_on_y,none,2000,700193,clean,,gtest,none,0,2698.400922859536,,,,,,,,,,,,,,,,,,,,
2-2-4,u_on_y,none,2000,700194,clean,,kl_plugin,none,0,9.246559565097897e-05,,,,,,,,,,,,,,,,,,,,
2-2-4,u_on_y,none,2000,700194,clean,,kl_split,none,0,0.005007368604767658,,,,,,,,,,,,,,,,,,,,
2-2-4,u_on_y,none,2000,700194,clean,,kl_crossfit,none,0,0.0038360585868327454,,,,,,,,,,,,,,,,,,,,
2-2-4,u_on_y,none,2000,700194,clean,,cf1_margin,none,0,0.009615384615384581,,,,,,,,,,,,,,,,,,,,
2-2-4,u_on_y,none,2000,700194,clean,,slack_plugin,none,0,0.019230769230769218,,,,,,,,,,,,,,,,,,,,
2-2-4,u_on_y,none,2000,700194,clean,,gm_battery,none,0,0.0,,,,,,,,,,,,,,,,,,,,
2-2-4,u_on_y,none,2000,700194,clean,,gtest,none,0,0.0,,,,,,,,,,,,,,,,,,,,
2-2-4,u_on_y,none,2000,700195,clean,,kl_plugin,none,0,0.0,,,,,,,,,,,,,,,,,,,,
2-2-4,u_on_y,none,2000,700195,clean,,kl_split,none,0,0.006577449765168771,,,,,,,,,,,,,,,,,,,,
2-2-4,u_on_y,none,2000,700195,clean,,kl_crossfit,none,0,0.006568032202638451,,,,,,,,,,,,,,,,,,,,
2-2-4,u_on_y,none,2000,700195,clean,,cf1_margin,none,0,0.0,,,,,,,,,,,,,,,,,,,,
2-2-4,u_on_y,none,2000,700195,clean,,slack_plugin,none,0,0.0,,,,,,,,,,,,,,,,,,,,
2-2-4,u_on_y,none,2000,700195,clean,,gm_battery,none,0,0.0,,,,,,,,,,,,,,,,,,,,
2-2-4,u_on_y,none,2000,700195,clean,,gtest,none,0,1011.9873746763469,,,,,,,,,,,,,,,,,,,,
2-2-4,u_on_y,none,2000,700196,clean,,kl_plugin,none,0,5.074636892325431e-06,,,,,,,,,,,,,,,,,,,,
2-2-4,u_on_y,none,2000,700196,clean,,kl_split,none,0,0.0006873133531343587,,,,,,,,,,,,,,,,,,,,
2-2-4,u_on_y,none,2000,700196,clean,,kl_crossfit,none,0,0.0008114652089368001,,,,,,,,,,,,,,,,,,,,
2-2-4,u_on_y,none,2000,700196,clean,,cf1_margin,none,0,0.0022526578615622572,,,,,,,,,,,,,,,,,,,,
2-2-4,u_on_y,none,2000,700196,clean,,slack_plugin,none,0,0.0045053157231245144,,,,,,,,,,,,,,,,,,,,
2-2-4,u_on_y,none,2000,700196,clean,,gm_battery,none,0,0.0,,,,,,,,,,,,,,,,,,,,
2-2-4,u_on_y,none,2000,700196,clean,,gtest,none,0,0.0,,,,,,,,,,,,,,,,,,,,
2-2-4,u_on_y,none,2000,700197,clean,,kl_plugin,none,0,0.0010353564679233679,,,,,,,,,,,,,,,,,,,,
2-2-4,u_on_y,none,2000,700197,clean,,kl_split,none,0,0.006852079305734227,,,,,,,,,,,,,,,,,,,,
2-2-4,u_on_y,none,2000,700197,clean,,kl_crossfit,none,0,0.006037801143299527,,,,,,,,,,,,,,,,,,,,
2-2-4,u_on_y,none,2000,700197,clean,,cf1_margin,none,0,0.03217043821839083,,,,,,,,,,,,,,,,,,,,
2-2-4,u_on_y,none,2000,700197,clean,,slack_plugin,none,0,0.06434087643678155,,,,,,,,,,,,,,,,,,,,
2-2-4,u_on_y,none,2000,700197,clean,,gm_battery,none,0,0.0,,,,,,,,,,,,,,,,,,,,
2-2-4,u_on_y,none,2000,700197,clean,,gtest,none,0,0.0,,,,,,,,,,,,,,,,,,,,
2-2-4,u_on_y,none,2000,700198,clean,,kl_plugin,none,0,0.0008074020907542917,,,,,,,,,,,,,,,,,,,,
2-2-4,u_on_y,none,2000,700198,clean,,kl_split,none,0,0.0014252791207969226,,,,,,,,,,,,,,,,,,,,
2-2-4,u_on_y,none,2000,700198,clean,,kl_crossfit,none,0,0.0022021326459814375,,,,,,,,,,,,,,,,,,,,
2-2-4,u_on_y,none,2000,700198,clean,,cf1_margin,none,0,0.028395911237868665,,,,,,,,,,,,,,,,,,,,
2-2-4,u_on_y,none,2000,700198,clean,,slack_plugin,none,0,0.05679182247573733,,,,,,,,,,,,,,,,,,,,
2-2-4,u_on_y,none,2000,700198,clean,,gm_battery,none,0,0.0,,,,,,,,,,,,,,,,,,,,
2-2-4,u_on_y,none,2000,700198,clean,,gtest,none,0,0.0,,,,,,,,,,,,,,,,,,,,
2-2-4,u_on_y,none,2000,700199,clean,,kl_plugin,none,0,0.0021312260379008664,,,,,,,,,,,,,,,,,,,,
2-2-4,u_on_y,none,2000,700199,clean,,kl_split,none,0,0.01171098954627836,,,,,,,,,,,,,,,,,,,,
2-2-4,u_on_y,none,2000,700199,clean,,kl_crossfit,none,0,0.008561016016420599,,,,,,,,,,,,,,,,,,,,
2-2-4,u_on_y,none,2000,700199,clean,,cf1_margin,none,0,0.046116985465922244,,,,,,,,,,,,,,,,,,,,
2-2-4,u_on_y,none,2000,700199,clean,,slack_plugin,none,0,0.09223397093184438,,,,,,,,,,,,,,,,,,,,
2-2-4,u_on_y,none,2000,700199,clean,,gm_battery,none,0,0.0,,,,,,,,,,,,,,,,,,,,
2-2-4,u_on_y,none,2000,700199,clean,,gtest,none,0,0.0,,,,,,,,,,,,,,,,,,,,
