cell,kind,tail,n,seed,arm,feas_contam,stat,engine,B,stat_obs,cv_0.01,cv_0.02,cv_0.03,cv_0.04,cv_0.05,cv_0.06,cv_0.07,cv_0.08,cv_0.09,cv_0.10,cv_0.11,cv_0.12,cv_0.13,cv_0.14,cv_0.15,cv_0.16,cv_0.17,cv_0.18,cv_0.19,cv_0.20
2-2-4,u_on_y,none,1000,700000,clean,,kl_plugin,para_boot,99,0.0,0.0,0.0,0.0,0.0,0.0,0.0,0.0,0.0,0.0,0.0,0.0,0.0,0.0,0.0,0.0,0.0,0.0,0.0,0.0,0.0
2-2-4,u_on_y,none,1000,700000,clean,,kl_split,para_boot,99,0.0,0.0,0.0,0.0,0.0,0.0,0.0,0.0,0.0,0.0,0.0,0.0,0.0,0.0,0.0,0.0,0.0,0.0,0.0,0.0,0.0
2-2-4,u_on_y,none,1000,700000,clean,,kl_crossfit,para_boot,99,0.0,0.0,0.0,0.0,0.0,0.0,0.0,0.0,0.0,0.0,0.0,0.0,0.0,0.0,0.0,0.0,0.0,0.0,0.0,0.0,0.0
2-2-4,u_on_y,none,1000,700000,clean,,cf1_margin,para_boot,99,0.0,0.0,0.0,0.0,0.0,0.0,0.0,0.0,0.0,0.0,0.0,0.0,0.0,0.0,0.0,0.0,0.0,0.0,0.0,0.0,0.0
2-2-4,u_on_y,none,1000,700000,clean,,slack_plugin,para_boot,99,0.0,0.0,0.0,0.0,0.0,0.0,0.0,0.0,0.0,0.0,0.0,0.0,0.0,0.0,0.0,0.0,0.0,0.0,0.0,0.0,0.0
2-2-4,u_on_y,none,1000,700000,clean,,gm_battery,para_boot,99,0.0,0.0,0.0,0.0,0.0,0.0,0.0,0.0,0.0,0.0,0.0,0.0,0.0,0.0,0.0,0.0,0.0,0.0,0.0,0.0,0.0
2-2-4,u_on_y,none,1000,700000,clean,,gtest,para_boot,99,0.0,0.0,0.0,0.0,0.0,0.0,0.0,0.0,0.0,0.0,0.0,0.0,0.0,0.0,0.0,0.0,0.0,0.0,0.0,0.0,0.0
2-2-4,u_on_y,none,1000,700000,clean,,kl_plugin,crt_cond,99,0.0,0.0,0.0,0.0,0.0,0.0,0.0,0.0,0.0,0.0,0.0,0.0,0.0,0.0,0.0,0.0,0.0,0.0,0.0,0.0,0.0
2-2-4,u_on_y,none,1000,700000,clean,,gm_battery,crt_cond,99,0.0,0.0,0.0,0.0,0.0,0.0,0.0,0.0,0.0,0.0,0.0,0.0,0.0,0.0,0.0,0.0,0.0,0.0,0.0,0.0,0.0
2-2-4,u_on_y,none,1000,700000,clean,,gtest,crt_cond,99,0.0,0.0,0.0,0.0,0.0,0.0,0.0,0.0,0.0,0.0,0.0,0.0,0.0,0.0,0.0,0.0,0.0,0.0,0.0,0.0,0.0
2-2-4,u_on_y,none,1000,700001,clean,,kl_plugin,para_boot,99,0.0,0.0,0.0,0.0,0.0,0.0,0.0,0.0,0.0,0.0,0.0,0.0,0.0,0.0,0.0,0.0,0.0,0.0,0.0,0.0,0.0
2-2-4,u_on_y,none,1000,700001,clean,,kl_split,para_boot,99,0.0,0.0,0.0,0.0,0.0,0.0,0.0,0.0,0.0,0.0,0.0,0.0,0.0,0.0,0.0,0.0,0.0,0.0,0.0,0.0,0.0
2-2-4,u_on_y,none,1000,700001,clean,,kl_crossfit,para_boot,99,0.0,0.0,0.0,0.0,0.0,0.0,0.0,0.0,0.0,0.0,0.0,0.0,0.0,0.0,0.0,0.0,0.0,0.0,0.0,0.0,0.0
2-2-4,u_on_y,none,1000,700001,clean,,cf1_margin,para_boot,99,0.0,0.0,0.0,0.0,0.0,0.0,0.0,0.0,0.0,0.0,0.0,0.0,0.0,0.0,0.0,0.0,0.0,0.0,0.0,0.0,0.0
2-2-4,u_on_y,none,1000,700001,clean,,slack_plugin,para_boot,99,0.0,0.0,0.0,0.0,0.0,0.0,0.0,0.0,0.0,0.0,0.0,0.0,0.0,0.0,0.0,0.0,0.0,0.0,0.0,0.0,0.0
2-2-4,u_on_y,none,1000,700001,clean,,gm_battery,para_boot,99,0.0,0.0,0.0,0.0,0.0,0.0,0.0,0.0,0.0,0.0,0.0,0.0,0.0,0.0,0.0,0.0,0.0,0.0,0.0,0.0,0.0
2-2-4,u_on_y,none,1000,700001,clean,,gtest,para_boot,99,0.0,0.0,0.0,0.0,0.0,0.0,0.0,0.0,0.0,0.0,0.0,0.0,0.0,0.0,0.0,0.0,0.0,0.0,0.0,0.0,0.0
2-2-4,u_on_y,none,1000,700001,clean,,kl_plugin,crt_cond,99,0.0,0.0,0.0,0.0,0.0,0.0,0.0,0.0,0.0,0.0,0.0,0.0,0.0,0.0,0.0,0.0,0.0,0.0,0.0,0.0,0.0
2-2-4,u_on_y,none,1000,700001,clean,,gm_battery,crt_cond,99,0.0,0.0,0.0,0.0,0.0,0.0,0.0,0.0,0.0,0.0,0.0,0.0,0.0,0.0,0.0,0.0,0.0,0.0,0.0,0.0,0.0
2-2-4,u_on_y,none,1000,700001,clean,,gtest,crt_cond,99,0.0,0.0,0.0,0.0,0.0,0.0,0.0,0.0,0.0,0.0,0.0,0.0,0.0,0.0,0.0,0.0,0.0,0.0,0.0,0.0,0.0
2-2-4,u_on_y,none,1000,700002,clean,,kl_plugin,para_boot,99,0.0,1.8376105235175007e-16,1.3551251624101177e-16,1.348715378063153e-16,1.335170173405417e-16,1.3040714892422474e-16,1.298106921100183e-16,1.2155726546990765e-16,1.1821819243693797e-16,1.1695479190707756e-16,1.1386240787434746e-16,1.089354170778819e-16,1.089354170778819e-16,1.0855514018557087e-16,1.072201688165391e-16,1.0705722023171154e-16,1.0566260510225629e-16,1.0560658039117342e-16,1.0485439677015367e-16,1.0327656043024712e-16,1.021909829484519e-16
2-2-4,u_on_y,none,1000,700002,clean,,kl_split,para_boot,99,0.011469666357492896,0.09645318180788683,0.07581206863445865,0.06996576702239485,0.06793638090215405,0.053684339767285746,0.04984629939967,0.0497262174165803,0.048237618449346646,0.04473384517724745,0.04349798587744315,0.043416970652729175,0.04147196600084792,0.04143961954325834,0.04019205098542939,0.03936890863415573,0.03790938625272633,0.03676159906771008,0.03205775336867207,0.031180533684407034,0.030506102583437066
2-2-4,u_on_y,none,1000,700002,clean,,kl_crossfit,para_boot,99,0.011554737794533882,0.09783617797918427,0.07681141749079551,0.07076079451554539,0.0667110517109897,0.05265990209698612,0.050541996794980816,0.04836191304699373,0.04707315250223368,0.043965886118553954,0.04304845298402083,0.04273528819314108,0.042504952852123176,0.04241762748794887,0.039891978740541706,0.03871495350360758,0.037714857697680584,0.03732803067411952,0.03179017238554595,0.03161435915177866,0.03153895374004624
2-2-4,u_on_y,none,1000,700002,clean,,cf1_margin,para_boot,99,0.0,0.0,0.0,0.0,0.0,0.0,0.0,0.0,0.0,0.0,0.0,0.0,0.0,0.0,0.0,0.0,0.0,0.0,0.0,0.0,0.0
2-2-4,u_on_y,none,1000,700002,clean,,slack_plugin,para_boot,99,0.0,0.0,0.0,0.0,0.0,0.0,0.0,0.0,0.0,0.0,0.0,0.0,0.0,0.0,0.0,0.0,0.0,0.0,0.0,0.0,0.0
2-2-4,u_on_y,none,1000,700002,clean,,gm_battery,para_boot,99,0.0,0.0,0.0,0.0,0.0,0.0,0.0,0.0,0.0,0.0,0.0,0.0,0.0,0.0,0.0,0.0,0.0,0.0,0.0,0.0,0.0
2-2-4,u_on_y,none,1000,700002,clean,,gtest,para_boot,99,344.4015563487784,408.32162020311387,402.01548794472944,399.48156578741737,394.82091777492985,391.4698609016201,391.2489952499731,382.51930562855455,379.5397877073076,375.9208237110748,375.80335404891684,374.63531699430513,374.3133088583333,372.8945391490056,372.4392164626378,371.79339678369286,370.18205270406725,369.9848198444352,369.40472305247386,367.1596822077175,365.7142013362038
2-2-4,u_on_y,none,1000,700002,clean,,kl_plugin,crt_cond,99,0.0,1.348715378063153e-16,1.3322676295501878e-16,1.3322676295501878e-16,1.3322676295501878e-16,1.2335811384723962e-16,1.1965737043182245e-16,1.167790144420535e-16,1.167790144420535e-16,1.167790144420535e-16,1.1225588360098805e-16,1.0855514018557087e-16,1.0608797790862607e-16,1.0608797790862607e-16,1.0608797790862607e-16,1.0608797790862607e-16,1.0608797790862607e-16,1.0608797790862607e-16,1.0608797790862607e-16,1.0362081563168128e-16,1.0238723449320889e-16
2-2-4,u_on_y,none,1000,700002,clean,,gm_battery,crt_cond,99,0.0,0.0,0.0,0.0,0.0,0.0,0.0,0.0,0.0,0.0,0.0,0.0,0.0,0.0,0.0,0.0,0.0,0.0,0.0,0.0,0.0
2-2-4,u_on_y,none,1000,700002,clean,,gtest,crt_cond,99,344.4015563487784,408.56369324065935,394.51497145248607,387.3096583395481,387.3096583395481,384.21733760824,383.2934351916162,381.76685756783036,380.1173834995193,376.6337735971726,374.48546470960423,373.9751623326532,373.9751623326532,372.72210467051303,367.9221973828844,367.5742768603602,366.06849575136937,366.062596847109,365.00473429728333,364.8454939074408,364.541319098175
2-2-4,u_on_y,none,1000,700003,clean,,kl_plugin,para_boot,99,5.03097708614746e-05,0.009978982483302742,0.007855129335312065,0.004725767547000902,0.0032804470020431006,0.002937292456033729,0.002801015144647253,0.002740212670819458,0.0025795366956420963,0.0025740814551111005,0.0024742450774274775,0.002457816653051389,0.002403065800901223,0.002260872691741668,0.0021867894270478326,0.002019689085437232,0.0019651886844881603,0.0019394963239492378,0.0018566872904978854,0.0017627472246084866,0.001700817589741055
2-2-4,u_on_y,none,1000,700003,clean,,kl_split,para_boot,99,0.024233737861422494,0.04287614736668249,0.02899457036622652,0.025871816637567602,0.025664524050050846,0.024148859894123714,0.02365973871935497,0.02326266666326779,0.021764957053989592,0.020564288620395083,0.019440175771558516,0.01752922925458629,0.01705679648773617,0.01679887075359765,0.016493366996013503,0.016491724348879577,0.015305178859230911,0.01516638776315328,0.014374848643608953,0.014334063982652814,0.013586732536042576
2-2-4,u_on_y,none,1000,700003,clean,,kl_crossfit,para_boot,99,0.024628770688133073,0.041723200158806706,0.0299832898000935,0.029259081264055686,0.027264501233989477,0.026600890509601433,0.02502221968789077,0.021172420363705757,0.019368741911035027,0.01738866651411989,0.017327617296219865,0.01656063476139899,0.016547056449892128,0.01643794744081869,0.016431311555736364,0.015124050151113885,0.014387029772876703,0.014252346763311864,0.013853361950152653,0.012975956963061194,0.012862435436865497
2-2-4,u_on_y,none,1000,700003,clean,,cf1_margin,para_boot,99,0.007089178697131215,0.09976562394158206,0.08836298666807141,0.06871657754010696,0.05725821515295193,0.05403142123755256,0.05289751869556425,0.05229545498001875,0.05074041811846697,0.05068574836016704,0.04963539219269397,0.04956217800513374,0.04901098901098899,0.04753920325713068,0.046723646723646706,0.04484629934065154,0.044322303649418915,0.04401655443322117,0.04301674002580824,0.04197550614123968,0.04119483159117299
2-2-4,u_on_y,none,1000,700003,clean,,slack_plugin,para_boot,99,0.014178357394262486,0.19953124788316418,0.17672597333614282,0.13743315508021392,0.11451643030590403,0.10806284247510511,0.10579503739112855,0.1045909099600375,0.10148083623693377,0.10137149672033391,0.09927078438538789,0.09912435601026748,0.0980219780219781,0.0950784065142613,0.09344729344729341,0.08969259868130325,0.08864460729883783,0.08803310886644228,0.08603348005161654,0.0839510122824792,0.08238966318234614
2-2-4,u_on_y,none,1000,700003,clean,,gm_battery,para_boot,99,0.0,0.0,0.0,0.0,0.0,0.0,0.0,0.0,0.0,0.0,0.0,0.0,0.0,0.0,0.0,0.0,0.0,0.0,0.0,0.0,0.0
2-2-4,u_on_y,none,1000,700003,clean,,gtest,para_boot,99,0.0,0.0,0.0,0.0,0.0,0.0,0.0,0.0,0.0,0.0,0.0,0.0,0.0,0.0,0.0,0.0,0.0,0.0,0.0,0.0,0.0
2-2-4,u_on_y,none,1000,700003,clean,,kl_plugin,crt_cond,99,5.03097708614746e-05,0.007740920275492717,0.006932420464046761,0.00603942091254292,0.005074937609779999,0.0047392757920465475,0.003912199883353791,0.003788015127525142,0.003358516512093887,0.0033332157127559,0.0032017599190734478,0.0031370444949749,0.002841590804609141,0.0028251054067880976,0.0027226046810157924,0.0026374682043572815,0.002502052465285131,0.0024016171190080204,0.002395679075119981,0.0022761630334970223,0.0021425357829971195
2-2-4,u_on_y,none,1000,700003,clean,,gm_battery,crt_cond,99,0.0,0.0,0.0,0.0,0.0,0.0,0.0,0.0,0.0,0.0,0.0,0.0,0.0,0.0,0.0,0.0,0.0,0.0,0.0,0.0,0.0
2-2-4,u_on_y,none,1000,700003,clean,,gtest,crt_cond,99,0.0,0.0,0.0,0.0,0.0,0.0,0.0,0.0,0.0,0.0,0.0,0.0,0.0,0.0,0.0,0.0,0.0,0.0,0.0,0.0,0.0
2-2-4,u_on_y,none,1000,700004,clean,,kl_plugin,para_boot,99,0.0,1.128949678052569e-16,8.031400603671347e-17,7.453245480001051e-17,7.244008387625135e-17,7.224053927355472e-17,7.07930446290394e-17,6.958440083918235e-17,6.826197251175556e-17,6.737717127332031e-17,6.702268028843111e-17,6.693991766122267e-17,6.672013369141565e-17,6.604136961470486e-17,6.59922776875093e-17,6.594364136984688e-17,6.530723674265627e-17,6.516526448886789e-17,6.460917839267537e-17,6.460917839267537e-17,6.444709264897251e-17
2-2-4,u_on_y,none,1000,700004,clean,,kl_split,para_boot,99,0.003244212661081422,0.02589705858311961,0.02091165885202778,0.018260219249442836,0.01673265625425488,0.016276883966572148,0.01593749102869306,0.014242887563606782,0.01241145765983831,0.011406864765579769,0.011268277348360334,0.010828745103779874,0.010668101278921746,0.009988744142015324,0.009947450196695296,0.009344630455405026,0.00926265524036142,0.0081335086716108,0.007751720128725943,0.007110738840362667,0.0068953260252392345
2-2-4,u_on_y,none,1000,700004,clean,,kl_crossfit,para_boot,99,0.003246905712324749,0.025909812997492752,0.021060334558598237,0.018297601670026677,0.016749729566557132,0.016318014098565953,0.015961365849495965,0.014171735869528211,0.012414489644177011,0.011417761696057842,0.011322258577717507,0.010857944265335498,0.010657253608288758,0.009957969890383646,0.00993864672735275,0.009342547095962384,0.009236124664764395,0.008148866003759851,0.0077486347125454436,0.007068478941913769,0.006880832687502739
2-2-4,u_on_y,none,1000,700004,clean,,cf1_margin,para_boot,99,0.0,0.0,0.0,0.0,0.0,0.0,0.0,0.0,0.0,0.0,0.0,0.0,0.0,0.0,0.0,0.0,0.0,0.0,0.0,0.0,0.0
2-2-4,u_on_y,none,1000,700004,clean,,slack_plugin,para_boot,99,0.0,0.0,0.0,0.0,0.0,0.0,0.0,0.0,0.0,0.0,0.0,0.0,0.0,0.0,0.0,0.0,0.0,0.0,0.0,0.0,0.0
2-2-4,u_on_y,none,1000,700004,clean,,gm_battery,para_boot,99,0.0,0.0,0.0,0.0,0.0,0.0,0.0,0.0,0.0,0.0,0.0,0.0,0.0,0.0,0.0,0.0,0.0,0.0,0.0,0.0,0.0
2-2-4,u_on_y,none,1000,700004,clean,,gtest,para_boot,99,1362.4837189407758,1377.0641529009117,1375.8722450852179,1375.8722450852179,1373.724003317811,1372.337866832755,1371.859600504746,1371.859600504746,1371.3732172878085,1371.3732172878085,1371.3732172878085,1371.3732172878083,1370.8787131939985,1370.8787131939985,1370.376084165437,1370.376084165437,1369.8653260741057,1369.8653260741057,1368.8194058391196,1368.8194058391196,1367.740918054135
2-2-4,u_on_y,none,1000,700004,clean,,kl_plugin,crt_cond,99,0.0,7.55896527404362e-17,7.55896527404362e-17,7.244008387625135e-17,7.165269166020514e-17,7.007790722811272e-17,7.007790722811272e-17,6.929051501206651e-17,6.929051501206651e-17,6.929051501206651e-17,6.929051501206651e-17,6.929051501206651e-17,6.85031227960203e-17,6.85031227960203e-17,6.85031227960203e-17,6.771573057997409e-17,6.771573057997409e-17,6.771573057997409e-17,6.614094614788166e-17,6.535355393183545e-17,6.535355393183545e-17
2-2-4,u_on_y,none,1000,700004,clean,,gm_battery,crt_cond,99,0.0,0.0,0.0,0.0,0.0,0.0,0.0,0.0,0.0,0.0,0.0,0.0,0.0,0.0,0.0,0.0,0.0,0.0,0.0,0.0,0.0
2-2-4,u_on_y,none,1000,700004,clean,,gtest,crt_cond,99,1362.4837189407758,1362.483718940776,1362.483718940776,1362.483718940776,1362.483718940776,1362.483718940776,1362.483718940776,1362.483718940776,1362.483718940776,1362.483718940776,1362.483718940776,1362.4837189407758,1362.4837189407758,1362.4837189407758,1362.4837189407758,1362.4837189407758,1362.4837189407758,1362.4837189407758,1362.4837189407758,1362.4837189407758,1362.4837189407758
2-2-4,u_on_y,none,1000,700005,clean,,kl_plugin,para_boot,99,0.002716585062271279,0.011053436418074172,0.009650353745444373,0.007676701427866001,0.007351382594373651,0.0068393810698110374,0.005500429549628816,0.004961549620505545,0.004838482530268799,0.004750772706389482,0.0037386503662043165,0.003493038261160847,0.00342482892295266,0.003153314446164384,0.0031310270003811064,0.003026602808903704,0.002836051563654008,0.0025818528107205,0.002522548852443473,0.002224939258997513,0.0022127870830175554
2-2-4,u_on_y,none,1000,700005,clean,,kl_split,para_boot,99,0.0103777241457483,0.06283015992350655,0.045049456477430555,0.0428660934084337,0.03915751004266968,0.03625428970708089,0.03336874591731406,0.026844651540102266,0.025477686936878047,0.017659650260256884,0.017619408202017968,0.016728615874707586,0.016273470158199882,0.01596178343639125,0.015526860620646482,0.015422962943088217,0.015403374564602154,0.015047620925553298,0.014821954020616257,0.014087359936795718,0.013564740475889167
2-2-4,u_on_y,none,1000,700005,clean,,kl_crossfit,para_boot,99,0.005567764963357629,0.060791976031634706,0.049988979964672164,0.04088828362958494,0.03224008056074923,0.03116492286820091,0.028743512858650656,0.02732666680338361,0.026763649125589123,0.019520973638064425,0.01895152536738688,0.017096956371506322,0.017020475511098726,0.01621105899525533,0.01571125020117009,0.01549324126370609,0.015152794181732598,0.014266710428014015,0.014024362457731025,0.014002997912687318,0.013945063530679227
2-2-4,u_on_y,none,1000,700005,clean,,cf1_margin,para_boot,99,0.05207325243802574,0.10474963181148755,0.09798281823871147,0.08747080921921002,0.08565730940328264,0.08256971130160606,0.07344097170789521,0.07038985148514854,0.06919349862992163,0.06889632107023402,0.06104171431043759,0.05905139833711259,0.058500124798467334,0.05612835117042059,0.05593359085211436,0.05500000000000005,0.05321637426900594,0.05080015748396205,0.050211476397563626,0.047147032659804244,0.04691741459000753
2-2-4,u_on_y,none,1000,700005,clean,,slack_plugin,para_boot,99,0.1041465048760516,0.20949926362297494,0.19596563647742282,0.1749416184384202,0.17131461880656546,0.16513942260321213,0.14688194341579025,0.14077970297029707,0.13838699725984321,0.1377926421404682,0.12208342862087501,0.11810279667422519,0.11700024959693456,0.11225670234084106,0.11186718170422855,0.1100000000000001,0.10643274853801171,0.10160031496792415,0.10042295279512742,0.09429406531960866,0.09383482918001507
2-2-4,u_on_y,none,1000,700005,clean,,gm_battery,para_boot,99,0.0,0.0,0.0,0.0,0.0,0.0,0.0,0.0,0.0,0.0,0.0,0.0,0.0,0.0,0.0,0.0,0.0,0.0,0.0,0.0,0.0
2-2-4,u_on_y,none,1000,700005,clean,,gtest,para_boot,99,0.0,0.0,0.0,0.0,0.0,0.0,0.0,0.0,0.0,0.0,0.0,0.0,0.0,0.0,0.0,0.0,0.0,0.0,0.0,0.0,0.0
2-2-4,u_on_y,none,1000,700005,clean,,kl_plugin,crt_cond,99,0.002716585062271279,0.008589658726752561,0.007789367913664795,0.005933582612167081,0.0048523157571009334,0.004713051646286555,0.004563965851106834,0.0044339701719444125,0.0037073946803333653,0.0035408581248236523,0.0031138896655371583,0.002699548665658809,0.0026307704306005944,0.0025743687201891345,0.002489027635477103,0.0024662141816344622,0.002451304173970204,0.0022050521542442206,0.002127693673590475,0.002107106942319952,0.0020195543431728406
2-2-4,u_on_y,none,1000,700005,clean,,gm_battery,crt_cond,99,0.0,0.0,0.0,0.0,0.0,0.0,0.0,0.0,0.0,0.0,0.0,0.0,0.0,0.0,0.0,0.0,0.0,0.0,0.0,0.0,0.0
2-2-4,u_on_y,none,1000,700005,clean,,gtest,crt_cond,99,0.0,0.0,0.0,0.0,0.0,0.0,0.0,0.0,0.0,0.0,0.0,0.0,0.0,0.0,0.0,0.0,0.0,0.0,0.0,0.0,0.0
2-2-4,u_on_y,none,1000,700006,clean,,kl_plugin,para_boot,99,0.0,0.0,0.0,0.0,0.0,0.0,0.0,0.0,0.0,0.0,0.0,0.0,0.0,0.0,0.0,0.0,0.0,0.0,0.0,0.0,0.0
2-2-4,u_on_y,none,1000,700006,clean,,kl_split,para_boot,99,0.0,0.0,0.0,0.0,0.0,0.0,0.0,0.0,0.0,0.0,0.0,0.0,0.0,0.0,0.0,0.0,0.0,0.0,0.0,0.0,0.0
2-2-4,u_on_y,none,1000,700006,clean,,kl_crossfit,para_boot,99,0.0,0.0,0.0,0.0,0.0,0.0,0.0,0.0,0.0,0.0,0.0,0.0,0.0,0.0,0.0,0.0,0.0,0.0,0.0,0.0,0.0
2-2-4,u_on_y,none,1000,700006,clean,,cf1_margin,para_boot,99,0.0,0.0,0.0,0.0,0.0,0.0,0.0,0.0,0.0,0.0,0.0,0.0,0.0,0.0,0.0,0.0,0.0,0.0,0.0,0.0,0.0
2-2-4,u_on_y,none,1000,700006,clean,,slack_plugin,para_boot,99,0.0,0.0,0.0,0.0,0.0,0.0,0.0,0.0,0.0,0.0,0.0,0.0,0.0,0.0,0.0,0.0,0.0,0.0,0.0,0.0,0.0
2-2-4,u_on_y,none,1000,700006,clean,,gm_battery,para_boot,99,0.0,0.0,0.0,0.0,0.0,0.0,0.0,0.0,0.0,0.0,0.0,0.0,0.0,0.0,0.0,0.0,0.0,0.0,0.0,0.0,0.0
2-2-4,u_on_y,none,1000,700006,clean,,gtest,para_boot,99,0.0,0.0,0.0,0.0,0.0,0.0,0.0,0.0,0.0,0.0,0.0,0.0,0.0,0.0,0.0,0.0,0.0,0.0,0.0,0.0,0.0
2-2-4,u_on_y,none,1000,700006,clean,,kl_plugin,crt_cond,99,0.0,0.0,0.0,0.0,0.0,0.0,0.0,0.0,0.0,0.0,0.0,0.0,0.0,0.0,0.0,0.0,0.0,0.0,0.0,0.0,0.0
2-2-4,u_on_y,none,1000,700006,clean,,gm_battery,crt_cond,99,0.0,0.0,0.0,0.0,0.0,0.0,0.0,0.0,0.0,0.0,0.0,0.0,0.0,0.0,0.0,0.0,0.0,0.0,0.0,0.0,0.0
2-2-4,u_on_y,none,1000,700006,clean,,gtest,crt_cond,99,0.0,0.0,0.0,0.0,0.0,0.0,0.0,0.0,0.0,0.0,0.0,0.0,0.0,0.0,0.0,0.0,0.0,0.0,0.0,0.0,0.0
2-2-4,u_on_y,none,1000,700007,clean,,kl_plugin,para_boot,99,0.0012269705998599091,0.013638238198102781,0.01191527181873376,0.010183725019743142,0.008378414040824525,0.006183665351153549,0.00561768534661896,0.005499197011253558,0.004768231460103148,0.004406978192408928,0.004382800734221745,0.004002460008222547,0.003921557666845495,0.00290534200539129,0.0025725292507327614,0.002446450257010801,0.0024400901746927314,0.0023849002977363518,0.0022291694000598217,0.0022243482784740365,0.002172126985069165
2-2-4,u_on_y,none,1000,700007,clean,,kl_split,para_boot,99,0.0018319126169305776,0.054475667044496884,0.04426861659874834,0.027323048512522513,0.02714921748073862,0.027004440297147957,0.024651949905120055,0.02340477379510411,0.022603946277648113,0.022072424848560923,0.02176438200521863,0.0216724577303887,0.02005844569284848,0.01994600071643035,0.019694221267552922,0.019105984058864434,0.018600558678647017,0.018465814928291607,0.01831969409755088,0.017301313603807378,0.0159752943418707
2-2-4,u_on_y,none,1000,700007,clean,,kl_crossfit,para_boot,99,0.0017233026507452991,0.047732883358433925,0.04308544392997843,0.03696551990453452,0.03585052023251091,0.02699688664205699,0.025113111872138882,0.02453293242015131,0.023157299227120898,0.020169822407821628,0.019926567103767008,0.019536662949743877,0.019247202831067248,0.018760148438892343,0.018341088338699185,0.018158067394348026,0.018158017433079224,0.01787526322325958,0.01762218884393739,0.017598428770151883,0.01706804511009681
2-2-4,u_on_y,none,1000,700007,clean,,cf1_margin,para_boot,99,0.03496081977094634,0.11638504973689645,0.10902876639095616,0.10030364312090245,0.09086069961710397,0.07815514265407653,0.07420357420357426,0.07384350158030828,0.06902482238805108,0.06577059578645328,0.0655435756739371,0.06301875580785254,0.06246920878904327,0.053887884267631136,0.05067649003961905,0.04942178489532789,0.04931039119732927,0.04881735056298653,0.04719710669077759,0.04714586725409442,0.04636717126017942
2-2-4,u_on_y,none,1000,700007,clean,,slack_plugin,para_boot,99,0.06992163954189273,0.2327700994737929,0.2180575327819123,0.2006072862418049,0.18172139923420777,0.15631028530815305,0.14840714840714841,0.14768700316061673,0.13804964477610215,0.1315411915729065,0.13108715134787408,0.12603751161570503,0.12493841757808655,0.10777576853526227,0.10135298007923799,0.09884356979065578,0.09862078239465855,0.09763470112597294,0.09439421338155507,0.09429173450818884,0.092734342520359
2-2-4,u_on_y,none,1000,700007,clean,,gm_battery,para_boot,99,0.0,0.0,0.0,0.0,0.0,0.0,0.0,0.0,0.0,0.0,0.0,0.0,0.0,0.0,0.0,0.0,0.0,0.0,0.0,0.0,0.0
2-2-4,u_on_y,none,1000,700007,clean,,gtest,para_boot,99,0.0,0.0,0.0,0.0,0.0,0.0,0.0,0.0,0.0,0.0,0.0,0.0,0.0,0.0,0.0,0.0,0.0,0.0,0.0,0.0,0.0
2-2-4,u_on_y,none,1000,700007,clean,,kl_plugin,crt_cond,99,0.0012269705998599091,0.013933135727599917,0.012208532940991917,0.011272607721834395,0.00865177308049625,0.008055709542884995,0.007891281323240101,0.007439814677609964,0.006435114412119566,0.006291088872744252,0.006199563034336941,0.00555081823414489,0.005457543259063516,0.004996856192249474,0.004433626425414103,0.004234328614666508,0.003695820791330774,0.003111370823660538,0.003043487578506209,0.002801091407716807,0.002733931432737098
2-2-4,u_on_y,none,1000,700007,clean,,gm_battery,crt_cond,99,0.0,0.0,0.0,0.0,0.0,0.0,0.0,0.0,0.0,0.0,0.0,0.0,0.0,0.0,0.0,0.0,0.0,0.0,0.0,0.0,0.0
2-2-4,u_on_y,none,1000,700007,clean,,gtest,crt_cond,99,0.0,0.0,0.0,0.0,0.0,0.0,0.0,0.0,0.0,0.0,0.0,0.0,0.0,0.0,0.0,0.0,0.0,0.0,0.0,0.0,0.0
2-2-4,u_on_y,none,1000,700008,clean,,kl_plugin,para_boot,99,7.202686564716924e-17,1.376309534659285e-16,1.326739548099772e-16,1.3009661874462187e-16,1.2922267991538707e-16,1.282727797375679e-16,1.2775169050481253e-16,1.2702114954226682e-16,1.2609940526606716e-16,1.2592139932977966e-16,1.2589136082803114e-16,1.2283318570320881e-16,1.2151259875818643e-16,1.2092570033475883e-16,1.2023759239023434e-16,1.1755302613678128e-16,1.1755302613678128e-16,1.1516713508778292e-16,1.1505947709751622e-16,1.1454682000100823e-16,1.1201738071762144e-16
2-2-4,u_on_y,none,1000,700008,clean,,kl_split,para_boot,99,0.006808104596580869,0.0873356596351558,0.08240353337891031,0.05267082940052155,0.04709630415139433,0.03844073387991747,0.03820298545728591,0.03597381275359848,0.03537984302142379,0.03358085196479283,0.030186602806785798,0.028590151271508116,0.028123593552682156,0.02802111114743517,0.0279094840621556,0.024244055775340032,0.02399149805436075,0.02370342274939797,0.02246371505078154,0.022029728416553665,0.01984376652646242
2-2-4,u_on_y,none,1000,700008,clean,,kl_crossfit,para_boot,99,0.006781882720561502,0.08679489256966443,0.08150914673252684,0.05315730002870454,0.0469295531511558,0.038975217499753544,0.038841945658616955,0.036855364472705966,0.035326660969781126,0.03323703534170574,0.030228188853728206,0.028830497558685678,0.028589101116099712,0.028254528615728934,0.0280229272129358,0.0238923081956266,0.023794363599983884,0.02354668954224067,0.022525742760672388,0.022113227666223454,0.019787380617057274
2-2-4,u_on_y,none,1000,700008,clean,,cf1_margin,para_boot,99,0.0,1.1102230246251565e-16,1.1102230246251565e-16,1.1102230246251565e-16,1.1102230246251565e-16,1.1102230246251565e-16,1.1102230246251565e-16,0.0,0.0,0.0,0.0,0.0,0.0,0.0,0.0,0.0,0.0,0.0,0.0,0.0,0.0
2-2-4,u_on_y,none,1000,700008,clean,,slack_plugin,para_boot,99,0.0,0.0,0.0,0.0,0.0,0.0,0.0,0.0,0.0,0.0,0.0,0.0,0.0,0.0,0.0,0.0,0.0,0.0,0.0,0.0,0.0
2-2-4,u_on_y,none,1000,700008,clean,,gm_battery,para_boot,99,0.0,0.0,0.0,0.0,0.0,0.0,0.0,0.0,0.0,0.0,0.0,0.0,0.0,0.0,0.0,0.0,0.0,0.0,0.0,0.0,0.0
2-2-4,u_on_y,none,1000,700008,clean,,gtest,para_boot,99,591.4218993060636,662.8518288080769,662.553553716781,649.5294042763371,648.2247743574267,639.9830951334424,639.0674409077459,637.5059172153008,634.4786349470614,633.834831722964,633.4119432645722,631.5160481902426,627.7831950593742,626.260330145364,625.8824357972969,623.4717225513293,622.8046684087212,621.5109568293501,621.1057901498484,620.8030965048926,620.6355905785429
2-2-4,u_on_y,none,1000,700008,clean,,kl_plugin,crt_cond,99,7.202686564716924e-17,1.6799812786874071e-16,1.229503184295628e-16,1.229503184295628e-16,1.229503184295628e-16,1.2019769936024421e-16,1.2019769936024421e-16,1.1928015967047136e-16,1.183626199806985e-16,1.1600219465740423e-16,1.1561000091137995e-16,1.1377492153183421e-16,1.1336578114246322e-16,1.119398421522885e-16,1.119398421522885e-16,1.1160817213250255e-16,1.0115875079745745e-16,9.542412773637709e-17,8.716627052842139e-17,7.340317518182853e-17,7.30521375696463e-17
2-2-4,u_on_y,none,1000,700008,clean,,gm_battery,crt_cond,99,0.0,0.0,0.0,0.0,0.0,0.0,0.0,0.0,0.0,0.0,0.0,0.0,0.0,0.0,0.0,0.0,0.0,0.0,0.0,0.0,0.0
2-2-4,u_on_y,none,1000,700008,clean,,gtest,crt_cond,99,591.4218993060636,641.969062914176,637.258932387233,636.3990434522013,633.3249322265365,627.6239317891018,625.6946198465052,625.5401051672245,624.5574857633401,622.2440228350362,621.5109568293501,620.6852495675198,619.551695778182,619.2515882546774,618.4777736130809,616.6367983344894,611.9755753747751,611.5058673320264,610.1884919231427,609.4692343149204,609.3266453065688
2-2-4,u_on_y,none,1000,700009,clean,,kl_plugin,para_boot,99,0.0,1.3621223663468308e-16,1.157668453027941e-16,1.1532549248044263e-16,1.0248212535001446e-16,1.0161363276230246e-16,8.673617379884035e-17,8.554177402849566e-17,8.458842092382146e-17,8.401687753920104e-17,8.064827631711042e-17,7.750613568137885e-17,7.712236277930478e-17,7.686159401251084e-17,7.549516567451066e-17,7.401486830834378e-17,7.401486830834378e-17,7.401486830834378e-17,7.401486830834378e-17,7.37257477290143e-17,7.335402126987642e-17
2-2-4,u_on_y,none,1000,700009,clean,,kl_split,para_boot,99,0.006683531027215327,0.09862228686809907,0.0862640312879295,0.07281441278540601,0.05964745292073406,0.053441183054872055,0.047428148328426845,0.04110026614900507,0.04008021624407904,0.03717033056096872,0.03351490234083247,0.03241477562374022,0.03165014932893248,0.031096210241361763,0.029290542829969,0.027625756563649045,0.02707370926764499,0.024940458889640776,0.02460081922338908,0.02211880839748674,0.022044576358866308
2-2-4,u_on_y,none,1000,700009,clean,,kl_crossfit,para_boot,99,0.006706958554735354,0.09768925440477147,0.0840740459841044,0.07064519485651537,0.06043477289860004,0.05466027349664947,0.047125101490965216,0.041486999684716065,0.04070837328273423,0.03719401245192977,0.03411054900253003,0.03233664686865248,0.031507136823625284,0.03081694079461471,0.029499370856297384,0.027412903591474275,0.02741005045176414,0.025039860313685228,0.02467791927070525,0.022234014617402986,0.021904324841940118
2-2-4,u_on_y,none,1000,700009,clean,,cf1_margin,para_boot,99,0.0,0.0,0.0,0.0,0.0,0.0,0.0,0.0,0.0,0.0,0.0,0.0,0.0,0.0,0.0,0.0,0.0,0.0,0.0,0.0,0.0
2-2-4,u_on_y,none,1000,700009,clean,,slack_plugin,para_boot,99,0.0,0.0,0.0,0.0,0.0,0.0,0.0,0.0,0.0,0.0,0.0,0.0,0.0,0.0,0.0,0.0,0.0,0.0,0.0,0.0,0.0
2-2-4,u_on_y,none,1000,700009,clean,,gm_battery,para_boot,99,0.0,0.0,0.0,0.0,0.0,0.0,0.0,0.0,0.0,0.0,0.0,0.0,0.0,0.0,0.0,0.0,0.0,0.0,0.0,0.0,0.0
2-2-4,u_on_y,none,1000,700009,clean,,gtest,para_boot,99,322.0884911238526,395.90077834966644,394.1047920718447,386.3829014432025,370.63345804646826,370.37060445970786,369.4283703659597,364.86024873948827,363.87226452163134,361.6545852497399,359.7570990161858,358.2859017051054,357.1040237447269,356.91778158024573,355.63983682340796,355.6228289824839,352.9195598120718,352.7758777729407,352.42482754098603,351.94042693477564,351.94042693477564
2-2-4,u_on_y,none,1000,700009,clean,,kl_plugin,crt_cond,99,0.0,1.371982924740031e-16,1.3358781109310828e-16,1.3358781109310828e-16,1.3358781109310828e-16,1.3358781109310828e-16,1.155354041886342e-16,1.155354041886342e-16,1.155354041886342e-16,8.665155314147564e-17,8.665155314147564e-17,8.665155314147564e-17,8.665155314147564e-17,8.665155314147564e-17,7.852797003446229e-17,7.852797003446229e-17,7.852797003446229e-17,7.852797003446229e-17,7.852797003446229e-17,7.852797003446229e-17,7.852797003446229e-17
2-2-4,u_on_y,none,1000,700009,clean,,gm_battery,crt_cond,99,0.0,0.0,0.0,0.0,0.0,0.0,0.0,0.0,0.0,0.0,0.0,0.0,0.0,0.0,0.0,0.0,0.0,0.0,0.0,0.0,0.0
2-2-4,u_on_y,none,1000,700009,clean,,gtest,crt_cond,99,322.0884911238526,404.47756158870953,398.32886361302747,398.32886361302747,380.14464812739106,374.1671727095726,368.2300891918304,368.2300891918304,368.2300891918304,368.2300891918304,362.33251319277645,362.33251319277645,362.33251319277645,362.33251319277645,356.4735965263785,356.4735965263785,356.4735965263785,356.4735965263785,356.4735965263785,350.65252502935255,350.65252502935255
2-2-4,u_on_y,none,1000,700010,clean,,kl_plugin,para_boot,99,0.0005461566029848451,0.009672219067256307,0.00648299001863669,0.004686800799292068,0.004306427813686994,0.004160667198837616,0.004113507779038437,0.0035186768310702457,0.003273124400723103,0.0030353343034574404,0.0030256740827850383,0.0026935925478324893,0.0026052383968434914,0.0024142589333305854,0.0022255990983884658,0.0020406564142923453,0.002010509229083801,0.0019040573991525207,0.0017954481125050277,0.0017859775424317464,0.0017378830065753782
2-2-4,u_on_y,none,1000,700010,clean,,kl_split,para_boot,99,0.00042971051946800315,0.03859241640857605,0.026868587334191424,0.024059032891784626,0.020340677718594546,0.01717553646231322,0.014086899348825316,0.012927673162117917,0.011822934083808911,0.011023717085927254,0.010895836466956826,0.010284235325693655,0.01016298226725186,0.009740577372493238,0.009504660032390415,0.009362279394643305,0.008897592728620105,0.008584777401855676,0.008469351636894482,0.008017270436823168,0.007764227836352909
2-2-4,u_on_y,none,1000,700010,clean,,kl_crossfit,para_boot,99,0.0015280358127201313,0.03705822115624184,0.024026115242402266,0.023445860123396126,0.01870309255900489,0.0160543534698429,0.015526308793276211,0.01471499607316537,0.014036783608585547,0.011558218553319996,0.011380184117439365,0.011218478786675354,0.010479967852583975,0.009651151658464096,0.009462836125292307,0.009358111330947938,0.009120740415408057,0.008880607849639267,0.008639668673074197,0.008158760686172474,0.007867359632606558
2-2-4,u_on_y,none,1000,700010,clean,,cf1_margin,para_boot,99,0.023368556120649697,0.09819348483033141,0.08044163381196423,0.06831521461746548,0.06539825422804146,0.06447763229678127,0.06411297076520683,0.05928292063332363,0.057180553974817805,0.054962333264220065,0.054909151955783386,0.05180040085700466,0.05103015418201662,0.048958333333333215,0.047152533001589614,0.04516552629760184,0.04483094428593393,0.04361520232774396,0.042360365198711,0.04222206466250711,0.041673744877792074
2-2-4,u_on_y,none,1000,700010,clean,,slack_plugin,para_boot,99,0.046737112241299505,0.19638696966066266,0.16088326762392846,0.1366304292349308,0.13079650845608293,0.12895526459356255,0.12822594153041367,0.11856584126664738,0.11436110794963561,0.10992466652844013,0.10981830391156688,0.10360080171400932,0.10206030836403335,0.0979166666666666,0.09430506600317912,0.09033105259520363,0.08966188857186785,0.08723040465548793,0.08472073039742206,0.0844441293250141,0.08334748975558404
2-2-4,u_on_y,none,1000,700010,clean,,gm_battery,para_boot,99,0.0,0.0,0.0,0.0,0.0,0.0,0.0,0.0,0.0,0.0,0.0,0.0,0.0,0.0,0.0,0.0,0.0,0.0,0.0,0.0,0.0
2-2-4,u_on_y,none,1000,700010,clean,,gtest,para_boot,99,0.0,0.0,0.0,0.0,0.0,0.0,0.0,0.0,0.0,0.0,0.0,0.0,0.0,0.0,0.0,0.0,0.0,0.0,0.0,0.0,0.0
2-2-4,u_on_y,none,1000,700010,clean,,kl_plugin,crt_cond,99,0.0005461566029848451,0.005579886045860578,0.00514881802584196,0.005101914575656265,0.004875781456069372,0.004618532850000641,0.004055902568819034,0.003973024959522991,0.0032071998493888657,0.003034158161388717,0.002983184734304766,0.0028711868032027,0.002701254575893753,0.00259483400725527,0.0024743262666473177,0.0022664836874023916,0.002031874698341849,0.0018500612814561015,0.0017815082171374896,0.0016569652092239782,0.0016407482334260502
2-2-4,u_on_y,none,1000,700010,clean,,gm_battery,crt_cond,99,0.0,0.0,0.0,0.0,0.0,0.0,0.0,0.0,0.0,0.0,0.0,0.0,0.0,0.0,0.0,0.0,0.0,0.0,0.0,0.0,0.0
2-2-4,u_on_y,none,1000,700010,clean,,gtest,crt_cond,99,0.0,0.0,0.0,0.0,0.0,0.0,0.0,0.0,0.0,0.0,0.0,0.0,0.0,0.0,0.0,0.0,0.0,0.0,0.0,0.0,0.0
2-2-4,u_on_y,none,1000,700011,clean,,kl_plugin,para_boot,99,0.0022289520432442547,0.010762455181373087,0.006617414711083645,0.006004206037724183,0.005971471371780036,0.004629714822718477,0.003861028989188716,0.0036216024311508006,0.003321065941822181,0.0029262203336349844,0.0028251054067880976,0.0027035001110976495,0.002649748083088991,0.0023028145528696184,0.0022018783817553157,0.0020397310093141392,0.0018711739818854933,0.0018661881615086168,0.0018528710393991808,0.0018227949696073935,0.0017461080236259134
2-2-4,u_on_y,none,1000,700011,clean,,kl_split,para_boot,99,0.009080047321654676,0.03564769099459142,0.03191566969714593,0.02544167751091503,0.025338640381519922,0.024773875293499253,0.024450553818113008,0.022827432943147888,0.02258382008052201,0.02234661578923508,0.02194246092917604,0.020408059793607658,0.01928339597370496,0.018458721631804884,0.017843009415538777,0.017461644044447777,0.014384082278006999,0.013816843176921056,0.013249840646517644,0.01177843673237762,0.011724764850319896
2-2-4,u_on_y,none,1000,700011,clean,,kl_crossfit,para_boot,99,0.004581312123238258,0.03632056130827027,0.03069472634735275,0.026953004252083135,0.024930836624586325,0.024627432867086435,0.02459366603644872,0.02350586615645353,0.023264779905875846,0.02231520601376813,0.02006766194885376,0.019888252819471874,0.019502895052359415,0.018752215266932715,0.018372173284165412,0.017603893168239793,0.016664697867822424,0.016595728368141063,0.01645430893537138,0.01507882559147112,0.013412996546077104
2-2-4,u_on_y,none,1000,700011,clean,,cf1_margin,para_boot,99,0.04719386016331084,0.10342342826196904,0.08125292192613376,0.07723354518226322,0.07692446432436328,0.06801470588235292,0.06209673118967629,0.060103181824480045,0.05758164104178687,0.05404344003677275,0.053112217395440364,0.051878354203935606,0.051420492859169054,0.047949938574938566,0.04683034111718487,0.045003681329485845,0.043209876543209846,0.043190883190883156,0.04297054843255155,0.04258725584374001,0.04175824175824183
2-2-4,u_on_y,none,1000,700011,clean,,slack_plugin,para_boot,99,0.0943877203266218,0.20684685652393803,0.16250584385226746,0.15446709036452633,0.15384892864872657,0.13602941176470584,0.12419346237935269,0.12020636364896009,0.11516328208357385,0.1080868800735455,0.10622443479088062,0.10375670840787121,0.10284098571833827,0.09589987714987713,0.09366068223436991,0.09000736265897169,0.08641975308641975,0.08638176638176631,0.0859410968651032,0.08517451168748003,0.0835164835164835
2-2-4,u_on_y,none,1000,700011,clean,,gm_battery,para_boot,99,0.0,0.0,0.0,0.0,0.0,0.0,0.0,0.0,0.0,0.0,0.0,0.0,0.0,0.0,0.0,0.0,0.0,0.0,0.0,0.0,0.0
2-2-4,u_on_y,none,1000,700011,clean,,gtest,para_boot,99,0.0,0.0,0.0,0.0,0.0,0.0,0.0,0.0,0.0,0.0,0.0,0.0,0.0,0.0,0.0,0.0,0.0,0.0,0.0,0.0,0.0
2-2-4,u_on_y,none,1000,700011,clean,,kl_plugin,crt_cond,99,0.0022289520432442547,0.011714288466274383,0.007816932521020427,0.007589988528939308,0.006458330417471833,0.006289427836990269,0.005409728123239033,0.005269995610025842,0.004954249037789855,0.003693188558877871,0.003422470262052578,0.0030423565693244413,0.002965232680996025,0.0029317129478051186,0.00286177506680535,0.0027837532228234055,0.0025891807855084603,0.0025437753334902405,0.002430985819451125,0.0021827971670850717,0.0021382974806155447
2-2-4,u_on_y,none,1000,700011,clean,,gm_battery,crt_cond,99,0.0,0.0,0.0,0.0,0.0,0.0,0.0,0.0,0.0,0.0,0.0,0.0,0.0,0.0,0.0,0.0,0.0,0.0,0.0,0.0,0.0
2-2-4,u_on_y,none,1000,700011,clean,,gtest,crt_cond,99,0.0,0.0,0.0,0.0,0.0,0.0,0.0,0.0,0.0,0.0,0.0,0.0,0.0,0.0,0.0,0.0,0.0,0.0,0.0,0.0,0.0
2-2-4,u_on_y,none,1000,700012,clean,,kl_plugin,para_boot,99,0.0,1.690006159707183e-16,1.6877016674704762e-16,1.6868182533942767e-16,1.198432850721713e-16,1.171224289714451e-16,1.1710209521641532e-16,1.167790144420535e-16,1.1661536555886405e-16,1.151839607168542e-16,1.148506577198438e-16,1.148071536828287e-16,1.1442789456259283e-16,1.133668728250781e-16,1.124100812432971e-16,1.1237293874551464e-16,1.1157328163106412e-16,8.005292335455076e-17,7.879002110243047e-17,7.682111923946581e-17,7.314410515177503e-17
2-2-4,u_on_y,none,1000,700012,clean,,kl_split,para_boot,99,0.002132152194044756,0.08584565257915958,0.06149306485059565,0.06125609153237556,0.049894410417902386,0.0495530323065515,0.04553991989946741,0.0450580641113707,0.04381691198581063,0.0389830270499287,0.03883325329826677,0.03557333770997655,0.0298571442260707,0.029747817633644848,0.02682874326280138,0.02622284490429648,0.02539618167293873,0.024998785352024946,0.024282130918559658,0.020991208984594275,0.020958328837834998
2-2-4,u_on_y,none,1000,700012,clean,,kl_crossfit,para_boot,99,0.002131183314789261,0.08584640737700025,0.061627572077031345,0.06129990986156504,0.050361828817569954,0.04955288722602055,0.04515436868309596,0.04513139880796793,0.0443084049135548,0.03902571274503211,0.038979904409034365,0.035605913450067306,0.030096569593272986,0.02970387301803879,0.026851819381278924,0.026294850797248314,0.02522129170351389,0.02501206324893867,0.02429485748552774,0.021073822365530372,0.020905037035353367
2-2-4,u_on_y,none,1000,700012,clean,,cf1_margin,para_boot,99,0.0,2.220446049250313e-16,1.1102230246251565e-16,1.1102230246251565e-16,0.0,0.0,0.0,0.0,0.0,0.0,0.0,0.0,0.0,0.0,0.0,0.0,0.0,0.0,0.0,0.0,0.0
2-2-4,u_on_y,none,1000,700012,clean,,slack_plugin,para_boot,99,0.0,0.0,0.0,0.0,0.0,0.0,0.0,0.0,0.0,0.0,0.0,0.0,0.0,0.0,0.0,0.0,0.0,0.0,0.0,0.0,0.0
2-2-4,u_on_y,none,1000,700012,clean,,gm_battery,para_boot,99,0.0,0.0,0.0,0.0,0.0,0.0,0.0,0.0,0.0,0.0,0.0,0.0,0.0,0.0,0.0,0.0,0.0,0.0,0.0,0.0,0.0
2-2-4,u_on_y,none,1000,700012,clean,,gtest,para_boot,99,469.11738934041716,539.8099047450019,536.8708546292623,526.5733411572988,524.0794539415203,521.6592479110884,516.2832937982593,508.3664741642677,506.3791989724323,505.45644056251524,503.86657377915424,502.7405039600543,500.9884580986278,500.91991581054367,500.11373248729944,499.4556264390684,498.18664054747114,497.67334528423066,497.18779970443154,494.75374002921427,493.1376607263206
2-2-4,u_on_y,none,1000,700012,clean,,kl_plugin,crt_cond,99,0.0,2.220446049250313e-16,2.220446049250313e-16,2.220446049250313e-16,1.6844292818330076e-16,1.6844292818330076e-16,1.6789736404343585e-16,1.6707901783363844e-16,1.277353372418191e-16,1.189329824905573e-16,1.189329824905573e-16,1.181337016942498e-16,1.181146362807599e-16,1.181146362807599e-16,1.181146362807599e-16,1.1794598069988768e-16,1.163430193964673e-16,1.1593237972130013e-16,1.1565959765136765e-16,1.1484125144157024e-16,1.142956873017053e-16
2-2-4,u_on_y,none,1000,700012,clean,,gm_battery,crt_cond,99,0.0,0.0,0.0,0.0,0.0,0.0,0.0,0.0,0.0,0.0,0.0,0.0,0.0,0.0,0.0,0.0,0.0,0.0,0.0,0.0,0.0
2-2-4,u_on_y,none,1000,700012,clean,,gtest,crt_cond,99,469.11738934041716,514.139793649882,512.3474007723742,511.76002401053245,509.00473978036575,508.6232741678993,507.8629090160226,506.9406614709181,505.1294453085085,503.59586714643933,502.4546175938863,499.07574276553646,498.3338370711499,498.3338370711499,494.36517395675196,492.39740557228197,491.62854910800047,490.50537527953657,487.76720826169594,487.5199277821398,486.20038700123405
2-2-4,u_on_y,none,1000,700013,clean,,kl_plugin,para_boot,99,1.1170342088253108e-16,1.2194520153004657e-16,1.2117478439861591e-16,1.2092890791301705e-16,1.18813341231815e-16,1.1751283706801658e-16,1.1733460728479915e-16,1.1719020815487764e-16,1.1719020815487764e-16,1.1672435425062068e-16,1.167157538708498e-16,1.167157538708498e-16,1.1543603314145358e-16,1.1538269500636068e-16,1.149873846933198e-16,1.1442789456259283e-16,1.131170628863367e-16,1.131170628863367e-16,1.1265979954898345e-16,1.1243559909923793e-16,7.50150692314295e-17
2-2-4,u_on_y,none,1000,700013,clean,,kl_split,para_boot,99,0.02663524595704258,0.08199465150354208,0.04966061461962355,0.04702918760061434,0.02834260304403176,0.02568561705866204,0.024989268781893392,0.021231126806337333,0.019760174061447533,0.019753042035476766,0.01880696874416532,0.018452359282367062,0.017821765324180304,0.017755888886414287,0.017355457462929567,0.016733530658788215,0.016725185590789005,0.016494761034472095,0.015086374594088466,0.014514522952956526,0.013930346029132193
2-2-4,u_on_y,none,1000,700013,clean,,kl_crossfit,para_boot,99,0.026622962824796443,0.08076455285901732,0.04985034329237041,0.04708287401859826,0.02832575754017643,0.025808685628479044,0.025024594467971874,0.021175333240148777,0.01982738420143463,0.019807626264172654,0.01880041800330794,0.018465703196302835,0.01778390677341719,0.017780718483888017,0.017340286251001258,0.016732587190721983,0.01668634815626169,0.016438684857429657,0.015060299559734674,0.014524645002698663,0.013910246229423516
2-2-4,u_on_y,none,1000,700013,clean,,cf1_margin,para_boot,99,0.0,0.0,0.0,0.0,0.0,0.0,0.0,0.0,0.0,0.0,0.0,0.0,0.0,0.0,0.0,0.0,0.0,0.0,0.0,0.0,0.0
2-2-4,u_on_y,none,1000,700013,clean,,slack_plugin,para_boot,99,0.0,0.0,0.0,0.0,0.0,0.0,0.0,0.0,0.0,0.0,0.0,0.0,0.0,0.0,0.0,0.0,0.0,0.0,0.0,0.0,0.0
2-2-4,u_on_y,none,1000,700013,clean,,gm_battery,para_boot,99,0.0,0.0,0.0,0.0,0.0,0.0,0.0,0.0,0.0,0.0,0.0,0.0,0.0,0.0,0.0,0.0,0.0,0.0,0.0,0.0,0.0
2-2-4,u_on_y,none,1000,700013,clean,,gtest,para_boot,99,635.4794185272501,681.2596484283292,676.6619238102674,676.4312502206483,674.0705256468726,672.2405135995032,671.355536178087,670.7527539020973,670.2074638448638,669.6659334184264,669.5768377380557,669.302875932134,668.6234659815137,666.9459195077409,665.0616436921177,660.2753527390591,658.5006290194119,658.0653787705758,657.6597057501485,656.4923202126502,655.4745171201295
2-2-4,u_on_y,none,1000,700013,clean,,kl_plugin,crt_cond,99,1.1170342088253108e-16,1.7198240105389697e-16,1.6312786159369633e-16,1.2260131560277803e-16,1.1919572350270086e-16,1.1728172010877025e-16,1.1728172010877025e-16,1.1728172010877025e-16,1.1728172010877025e-16,1.1728172010877025e-16,1.1662283404074346e-16,1.1629339100673006e-16,1.1629339100673006e-16,1.1629339100673006e-16,1.1579013140262369e-16,1.1579013140262369e-16,1.1563450493870326e-16,1.1510901298260826e-16,1.1510901298260826e-16,1.1510901298260826e-16,1.1510901298260826e-16
2-2-4,u_on_y,none,1000,700013,clean,,gm_battery,crt_cond,99,0.0,0.0,0.0,0.0,0.0,0.0,0.0,0.0,0.0,0.0,0.0,0.0,0.0,0.0,0.0,0.0,0.0,0.0,0.0,0.0,0.0
2-2-4,u_on_y,none,1000,700013,clean,,gtest,crt_cond,99,635.4794185272501,700.8554347711242,676.2811850759394,671.789376533706,670.9148251782038,670.2969619337945,669.9532449870463,668.6399176767604,668.4681634972435,667.9629797288942,667.4344603961304,665.1783517528097,664.044345675428,663.9722597895953,663.3020250763349,662.5533458411472,661.8684658695156,660.7054689335057,660.6144089984122,658.0862971615938,657.7559797880617
2-2-4,u_on_y,none,1000,700014,clean,,kl_plugin,para_boot,99,0.0,1.6726649410619106e-16,1.218601938933803e-16,1.1886699209759162e-16,1.1731669114253765e-16,1.1656697029746127e-16,1.1598607659167652e-16,1.1529239101876627e-16,1.1465048228155213e-16,1.1444242078482063e-16,1.1407309452540438e-16,1.1322804357104247e-16,1.1273846171580069e-16,1.1176741858642517e-16,8.744907385746096e-17,8.701748030845821e-17,8.557969148152249e-17,8.272249987403127e-17,7.771561172376095e-17,7.55896527404362e-17,7.549516567451066e-17
2-2-4,u_on_y,none,1000,700014,clean,,kl_split,para_boot,99,0.012458639150923122,0.0927352939964344,0.08503439077318871,0.07840441986509206,0.07819689009564468,0.07769103739666477,0.06464730685365425,0.06216988497984994,0.0574085671504844,0.05703292054275223,0.05306279144375498,0.048072776362999815,0.04679561965729463,0.04648935418182054,0.03912223894118291,0.03798517253468713,0.036205443753462865,0.035136360668463595,0.03462581505831299,0.031629168664000916,0.03152112976908671
2-2-4,u_on_y,none,1000,700014,clean,,kl_crossfit,para_boot,99,0.012500184357368785,0.09209864613098588,0.08539425852232488,0.07867198022527583,0.07761506204339731,0.07615543390914964,0.06502797810109467,0.06246902117606973,0.05694733615965637,0.056048847464803195,0.05371345933350143,0.047655933386456545,0.04760225541688147,0.046897171873584866,0.039718694680653005,0.03878840167303259,0.03591093835530429,0.034972184290294396,0.03473725005423563,0.03187225966489912,0.03147905003671547
2-2-4,u_on_y,none,1000,700014,clean,,cf1_margin,para_boot,99,0.0,1.1102230246251565e-16,1.1102230246251565e-16,1.1102230246251565e-16,1.1102230246251565e-16,0.0,0.0,0.0,0.0,0.0,0.0,0.0,0.0,0.0,0.0,0.0,0.0,0.0,0.0,0.0,0.0
2-2-4,u_on_y,none,1000,700014,clean,,slack_plugin,para_boot,99,0.0,0.0,0.0,0.0,0.0,0.0,0.0,0.0,0.0,0.0,0.0,0.0,0.0,0.0,0.0,0.0,0.0,0.0,0.0,0.0,0.0
2-2-4,u_on_y,none,1000,700014,clean,,gm_battery,para_boot,99,0.0,0.0,0.0,0.0,0.0,0.0,0.0,0.0,0.0,0.0,0.0,0.0,0.0,0.0,0.0,0.0,0.0,0.0,0.0,0.0,0.0
2-2-4,u_on_y,none,1000,700014,clean,,gtest,para_boot,99,444.2398527705721,515.4656516483284,511.6166407252092,498.97008386691476,492.9017228301227,485.9305964985858,485.42811731931226,483.0584325820338,480.85513010149,479.673133745177,479.175560010646,478.41509508828904,477.6133461845181,475.9504067243601,474.0129984577539,473.8624380368895,473.8500690298575,473.74987977738954,473.6219673564416,472.86470538408133,470.67742932573583
2-2-4,u_on_y,none,1000,700014,clean,,kl_plugin,crt_cond,99,0.0,1.6889563034191213e-16,1.217833294151472e-16,1.1968361683902397e-16,1.1895587554843582e-16,1.1863376055096235e-16,1.18430947404405e-16,1.1679651204685454e-16,1.141718713267005e-16,9.011550524554843e-17,7.871195261012594e-17,7.713887249018946e-17,7.281332823840313e-17,7.281332823840313e-17,7.281332823840313e-17,7.281332823840313e-17,7.105277378131278e-17,6.456616171578924e-17,6.292320479745906e-17,6.292320479745906e-17,6.181028895962752e-17
2-2-4,u_on_y,none,1000,700014,clean,,gm_battery,crt_cond,99,0.0,0.0,0.0,0.0,0.0,0.0,0.0,0.0,0.0,0.0,0.0,0.0,0.0,0.0,0.0,0.0,0.0,0.0,0.0,0.0,0.0
2-2-4,u_on_y,none,1000,700014,clean,,gtest,crt_cond,99,444.2398527705721,501.0337879304826,493.2724643230285,492.2465572236319,490.90976455395014,490.90976455395014,482.43675934390785,478.53542547133054,478.53542547133054,474.18383958191885,472.8247422372037,472.22783739662896,471.1232158787823,468.43171320663134,466.5307062902635,465.24998499350045,463.99916550214726,462.96764036991647,461.8409060530338,461.8409060530338,460.6607837979145
2-2-4,u_on_y,none,1000,700015,clean,,kl_plugin,para_boot,99,0.0,1.163259156374766e-16,1.1504358270918946e-16,1.1241443164699862e-16,1.1191909004298833e-16,1.1155692029138813e-16,1.1137142919981917e-16,8.172229895094554e-17,7.706887986475602e-17,7.395546632735793e-17,7.38997596484552e-17,7.331661483373675e-17,7.185799331162823e-17,7.150885308215577e-17,7.074607286254941e-17,7.002674545179275e-17,6.993530863780514e-17,6.94107938230216e-17,6.930054548615627e-17,6.919529548826557e-17,6.901386369291515e-17
2-2-4,u_on_y,none,1000,700015,clean,,kl_split,para_boot,99,0.0009663372594913254,0.01739180785336536,0.016528100834264703,0.013904067327021874,0.013267816651817838,0.011723284134436351,0.009460545874297177,0.009005856425774963,0.00838682690377663,0.007566502061189202,0.007329607391218941,0.006920621453465843,0.006881322923094159,0.006761942044080475,0.0062176879277874575,0.005792486326312331,0.005758929177922471,0.005676633816958765,0.005183225042273809,0.005028178886952457,0.004427831790781198
2-2-4,u_on_y,none,1000,700015,clean,,kl_crossfit,para_boot,99,0.0009656266502118399,0.01751161899834474,0.016440791171920335,0.013839983392750034,0.013289909097177706,0.011716656376915505,0.009530638551141758,0.009010231171248197,0.008373441898409752,0.0075778329680908155,0.007332442655017292,0.006924492406726487,0.0068839604806637325,0.006789031465065501,0.006222250365249878,0.005796890322173336,0.005757627168754123,0.005665916780213543,0.0051973132856891965,0.005019261942485628,0.004426088377283026
2-2-4,u_on_y,none,1000,700015,clean,,cf1_margin,para_boot,99,0.0,0.0,0.0,0.0,0.0,0.0,0.0,0.0,0.0,0.0,0.0,0.0,0.0,0.0,0.0,0.0,0.0,0.0,0.0,0.0,0.0
2-2-4,u_on_y,none,1000,700015,clean,,slack_plugin,para_boot,99,0.0,0.0,0.0,0.0,0.0,0.0,0.0,0.0,0.0,0.0,0.0,0.0,0.0,0.0,0.0,0.0,0.0,0.0,0.0,0.0,0.0
2-2-4,u_on_y,none,1000,700015,clean,,gm_battery,para_boot,99,0.0,0.0,0.0,0.0,0.0,0.0,0.0,0.0,0.0,0.0,0.0,0.0,0.0,0.0,0.0,0.0,0.0,0.0,0.0,0.0,0.0
2-2-4,u_on_y,none,1000,700015,clean,,gtest,para_boot,99,1309.1204990544638,1337.496173703619,1337.4961737036188,1335.6901006215269,1334.7744341014277,1333.8503369727337,1331.0273807526505,1331.0273807526505,1330.069479571145,1329.1031065341979,1327.144910750414,1327.144910750414,1326.1530707083266,1325.1527242193074,1325.1527242193074,1325.1527242193074,1322.100556880881,1321.0660949563053,1321.0660949563053,1321.0660949563053,1321.0660949563053
2-2-4,u_on_y,none,1000,700015,clean,,kl_plugin,crt_cond,99,0.0,1.148506577198438e-16,1.1241443164699862e-16,1.1241443164699862e-16,1.1241443164699862e-16,1.1241443164699862e-16,7.378284677759661e-17,7.273874988923439e-17,7.273874988923439e-17,7.22167014450533e-17,7.117260455669108e-17,7.117260455669108e-17,7.012850766832886e-17,6.960645922414776e-17,6.960645922414776e-17,6.908441077996663e-17,6.908441077996663e-17,6.856236233578553e-17,6.856236233578553e-17,6.856236233578553e-17,6.804031389160441e-17
2-2-4,u_on_y,none,1000,700015,clean,,gm_battery,crt_cond,99,0.0,0.0,0.0,0.0,0.0,0.0,0.0,0.0,0.0,0.0,0.0,0.0,0.0,0.0,0.0,0.0,0.0,0.0,0.0,0.0,0.0
2-2-4,u_on_y,none,1000,700015,clean,,gtest,crt_cond,99,1309.1204990544638,1309.1204990544638,1309.1204990544638,1309.1204990544638,1309.1204990544638,1309.1204990544638,1309.1204990544638,1309.1204990544638,1309.1204990544638,1309.1204990544638,1309.1204990544638,1309.1204990544638,1309.1204990544638,1309.1204990544638,1309.1204990544638,1309.1204990544638,1309.1204990544638,1309.1204990544638,1309.1204990544638,1309.1204990544638,1309.1204990544638
2-2-4,u_on_y,none,1000,700016,clean,,kl_plugin,para_boot,99,0.0007789048992048967,0.011809948043750587,0.0077384160246414604,0.0067048153940624175,0.004191631276331036,0.004012819374405008,0.0038660981916119365,0.0035740721347488034,0.002910864126421695,0.0029095105179523725,0.0027361694784890332,0.0024993969182498625,0.002495581028064204,0.0024519107861691626,0.0024335280906513726,0.002320595073871081,0.0022907056297321246,0.0022469930210667066,0.002015018857022575,0.0017935077654169206,0.0016344418470880355
2-2-4,u_on_y,none,1000,700016,clean,,kl_split,para_boot,99,0.003952949431480349,0.02877672464556605,0.02713543437119581,0.027066289805628405,0.02327591017971009,0.020220154528903495,0.020110486896879942,0.01884495879997565,0.01845031206667734,0.017832215037652692,0.01759810392996114,0.01648857091629105,0.016037454533819023,0.015397189461375,0.015206006985035547,0.01420330104941199,0.014099875873577278,0.013646708521598896,0.013239290144978516,0.01244420008543115,0.01208151611444011
2-2-4,u_on_y,none,1000,700016,clean,,kl_crossfit,para_boot,99,0.0026813891121465483,0.02749614838523047,0.027004510659947745,0.025862329193775707,0.022532697648076964,0.020869502821603395,0.019559680657389653,0.019089560402501975,0.019072774568847907,0.017972152779414934,0.016852877818905633,0.016121667595485584,0.015513657662233121,0.015121381417195039,0.014669570376441829,0.014444017742187634,0.014315737596620158,0.014060412612232884,0.013637529698808278,0.0136338823006854,0.012818438828618287
2-2-4,u_on_y,none,1000,700016,clean,,cf1_margin,para_boot,99,0.027899084569598775,0.10811860345100688,0.08777734527053327,0.08177363782744951,0.06472012036895702,0.0631458640887661,0.06208297069915869,0.059649349809147933,0.05393530277401015,0.05376209281430866,0.0522513440860215,0.04990678330704146,0.04987966951269984,0.04930922636527657,0.049305705327073346,0.048032635873141216,0.047848401105408556,0.047392561734975525,0.0448486964987751,0.042336768351396215,0.04041162564316503
2-2-4,u_on_y,none,1000,700016,clean,,slack_plugin,para_boot,99,0.05579816913919755,0.21623720690201376,0.17555469054106665,0.16354727565489902,0.12944024073791405,0.12629172817753226,0.12416594139831738,0.11929869961829592,0.10787060554802008,0.10752418562861737,0.104502688172043,0.09981356661408286,0.09975933902539968,0.09861845273055325,0.09861141065414664,0.09606527174628243,0.09569680221081722,0.09478512346995116,0.0896973929975502,0.08467353670279243,0.08082325128633017
2-2-4,u_on_y,none,1000,700016,clean,,gm_battery,para_boot,99,0.0,0.0,0.0,0.0,0.0,0.0,0.0,0.0,0.0,0.0,0.0,0.0,0.0,0.0,0.0,0.0,0.0,0.0,0.0,0.0,0.0
2-2-4,u_on_y,none,1000,700016,clean,,gtest,para_boot,99,0.0,0.0,0.0,0.0,0.0,0.0,0.0,0.0,0.0,0.0,0.0,0.0,0.0,0.0,0.0,0.0,0.0,0.0,0.0,0.0,0.0
2-2-4,u_on_y,none,1000,700016,clean,,kl_plugin,crt_cond,99,0.0007789048992048967,0.010265197221970529,0.010253145686287699,0.0094569172861945,0.005569983503023103,0.004609250115339025,0.003912585075583362,0.003588207732898894,0.0034275493042152487,0.0032850342907958276,0.0031333678286857326,0.002982814609324251,0.002838641813489331,0.0026909625180766283,0.0024322570229134526,0.0024231813391492295,0.002421226970217988,0.002293518716393477,0.0021684852152816965,0.0021684852152816965,0.0020551762472311892
2-2-4,u_on_y,none,1000,700016,clean,,gm_battery,crt_cond,99,0.0,0.0,0.0,0.0,0.0,0.0,0.0,0.0,0.0,0.0,0.0,0.0,0.0,0.0,0.0,0.0,0.0,0.0,0.0,0.0,0.0
2-2-4,u_on_y,none,1000,700016,clean,,gtest,crt_cond,99,0.0,0.0,0.0,0.0,0.0,0.0,0.0,0.0,0.0,0.0,0.0,0.0,0.0,0.0,0.0,0.0,0.0,0.0,0.0,0.0,0.0
2-2-4,u_on_y,none,1000,700017,clean,,kl_plugin,para_boot,99,0.0,1.351575856065408e-16,1.3061447348531254e-16,1.2789769243681802e-16,1.2747005097548094e-16,1.2737442453063812e-16,1.2602531630880155e-16,1.25255930983351e-16,1.229503184295628e-16,1.2204934830529374e-16,1.189524669241239e-16,1.1787292341657112e-16,1.1752303429441956e-16,1.1727880790515467e-16,1.1197939127684768e-16,1.1102230246251565e-16,1.0905730595875431e-16,1.087839495902875e-16,1.0767249161235355e-16,1.058584744410033e-16,9.171407594729555e-17
2-2-4,u_on_y,none,1000,700017,clean,,kl_split,para_boot,99,0.03745708458119949,0.07975025614497569,0.07760700823974545,0.060847110067603474,0.06074197359631914,0.05680315747600466,0.055545279659592495,0.05014479180605035,0.04932734036142962,0.0491770096489378,0.04862993491925699,0.04607913186221195,0.04454852620257411,0.04020317651473232,0.036816245439165396,0.03651560270007012,0.03648031328562944,0.03570899082068001,0.03567828440157514,0.03372261666324206,0.03242377294639502
2-2-4,u_on_y,none,1000,700017,clean,,kl_crossfit,para_boot,99,0.03784026110319227,0.08353775464494018,0.07859343862624722,0.06049954070346535,0.0602615326068985,0.05793245370577406,0.05675042769067409,0.05119546426355341,0.050626072019280106,0.04910805194215115,0.04831146652101551,0.04533507965314974,0.04425696905126805,0.03963818272184609,0.03740085190016668,0.03686885594594469,0.03648020163583607,0.035674951758737986,0.03515476475825097,0.033293759822368214,0.033054061700236274
2-2-4,u_on_y,none,1000,700017,clean,,cf1_margin,para_boot,99,0.0,0.0,0.0,0.0,0.0,0.0,0.0,0.0,0.0,0.0,0.0,0.0,0.0,0.0,0.0,0.0,0.0,0.0,0.0,0.0,0.0
2-2-4,u_on_y,none,1000,700017,clean,,slack_plugin,para_boot,99,0.0,0.0,0.0,0.0,0.0,0.0,0.0,0.0,0.0,0.0,0.0,0.0,0.0,0.0,0.0,0.0,0.0,0.0,0.0,0.0,0.0
2-2-4,u_on_y,none,1000,700017,clean,,gm_battery,para_boot,99,0.0,0.0,0.0,0.0,0.0,0.0,0.0,0.0,0.0,0.0,0.0,0.0,0.0,0.0,0.0,0.0,0.0,0.0,0.0,0.0,0.0
2-2-4,u_on_y,none,1000,700017,clean,,gtest,para_boot,99,313.67848349734913,413.86304299164664,383.5121121040045,381.56098502457746,367.4487508784985,367.1452989576758,363.528032489587,363.1549657801533,359.4712495845255,358.36286227104205,356.2966370715553,353.58597935991645,351.92895499617345,350.58368372169093,347.6905363181872,345.3205105510402,344.23750810900117,343.9127143392973,342.4106412732316,342.0856818746303,342.0639239857015
2-2-4,u_on_y,none,1000,700017,clean,,kl_plugin,crt_cond,99,0.0,1.2637912888023325e-16,1.2084060131974494e-16,1.2043097216272884e-16,1.2043097216272884e-16,1.2043097216272884e-16,1.2043097216272884e-16,1.2043097216272884e-16,1.1933009380324813e-16,1.1933009380324813e-16,1.1857484004499972e-16,1.0584753412739839e-16,1.0443623367236641e-16,1.0443623367236641e-16,7.80919585117695e-17,7.526935760170552e-17,7.526935760170552e-17,7.526935760170552e-17,7.526935760170552e-17,7.133947787658246e-17,6.494542275378453e-17
2-2-4,u_on_y,none,1000,700017,clean,,gm_battery,crt_cond,99,0.0,0.0,0.0,0.0,0.0,0.0,0.0,0.0,0.0,0.0,0.0,0.0,0.0,0.0,0.0,0.0,0.0,0.0,0.0,0.0,0.0
2-2-4,u_on_y,none,1000,700017,clean,,gtest,crt_cond,99,313.67848349734913,362.1335843388167,357.4970442395751,354.9123209814145,354.15540937043744,349.70566623186545,348.1649563834834,347.4658132938444,347.14027768646025,346.8964631274973,345.7910975083022,343.5493979515749,341.8558305585417,341.34885003422056,337.1251158881064,337.1251158881064,334.54079310625514,333.7755761892999,333.2679646972878,333.2679646972878,332.9373525479585
2-2-4,u_on_y,none,1000,700018,clean,,kl_plugin,para_boot,99,0.0009971501918646687,0.008191295601795226,0.007949839242706792,0.0069353980767463685,0.006814184408233483,0.006689251822904439,0.006384797582285481,0.006187560399486758,0.006019126856853768,0.005634437501282764,0.005450754642972358,0.005067806778487005,0.004355322992023097,0.004260451733137674,0.0038451573499508757,0.00340161426426484,0.003288514826451674,0.0032205637059581488,0.0032133564311171217,0.003066052846805948,0.002629605908337527
2-2-4,u_on_y,none,1000,700018,clean,,kl_split,para_boot,99,0.027104132642053247,0.050042052577649404,0.04972040454845608,0.0336516263886005,0.028645623345026017,0.02047273273758228,0.02020675320159726,0.019385356525861694,0.018379216165428647,0.01700743642811109,0.014209134639371401,0.013047654761279101,0.012943230406131087,0.012933638727725613,0.012859882994812818,0.012836623520186677,0.012783743679645382,0.012574367045154758,0.012447208044138222,0.012267228026233354,0.011957534239576448
2-2-4,u_on_y,none,1000,700018,clean,,kl_crossfit,para_boot,99,0.028139951235956473,0.052798275301931874,0.034153612124876165,0.033498185746480974,0.029919278345211568,0.02596600302669659,0.023424885424210604,0.020855264968484416,0.019971411540205306,0.017731886974119176,0.017575148268701768,0.01629378909861904,0.01476760052386382,0.014425512253090099,0.014401137144077744,0.013492317883942603,0.013201335310134697,0.012770271468984191,0.012230822117896244,0.012130127938712383,0.012115074204009778
2-2-4,u_on_y,none,1000,700018,clean,,cf1_margin,para_boot,99,0.03156414226215132,0.09023554903194242,0.08870694522868439,0.08283748550711845,0.08248392234888635,0.0815993668415339,0.07983787549344534,0.07861449343894078,0.07741321597879458,0.07494290248906432,0.07373884694577892,0.07114335717805376,0.06590831702939326,0.06513157894736843,0.06180717600309005,0.05813238819118638,0.05732967351766316,0.0567265157429091,0.05651591874745354,0.05532552673006841,0.05124358468219503
2-2-4,u_on_y,none,1000,700018,clean,,slack_plugin,para_boot,99,0.0631282845243028,0.18047109806388484,0.1774138904573686,0.1656749710142369,0.1649678446977727,0.1631987336830678,0.15967575098689069,0.15722898687788156,0.15482643195758922,0.14988580497812876,0.1474776938915579,0.14228671435610768,0.1318166340587864,0.13026315789473686,0.12361435200618026,0.11626477638237293,0.11465934703532615,0.11345303148581837,0.11303183749490714,0.1106510534601367,0.10248716936439017
2-2-4,u_on_y,none,1000,700018,clean,,gm_battery,para_boot,99,0.0,0.0,0.0,0.0,0.0,0.0,0.0,0.0,0.0,0.0,0.0,0.0,0.0,0.0,0.0,0.0,0.0,0.0,0.0,0.0,0.0
2-2-4,u_on_y,none,1000,700018,clean,,gtest,para_boot,99,0.0,0.0,0.0,0.0,0.0,0.0,0.0,0.0,0.0,0.0,0.0,0.0,0.0,0.0,0.0,0.0,0.0,0.0,0.0,0.0,0.0
2-2-4,u_on_y,none,1000,700018,clean,,kl_plugin,crt_cond,99,0.0009971501918646687,0.01064836096772577,0.009335080029004225,0.00882830849969432,0.008138486194336644,0.007478322991672115,0.005733777056633485,0.0037933739188434727,0.003697268505547035,0.003673169095503779,0.002975711411765374,0.00291708369180442,0.00277792944438518,0.002739323782352431,0.0027045720563486364,0.0026204016645407363,0.002486986137100765,0.002469779393384358,0.0024659329208740546,0.0024467947281982677,0.002391797173476349
2-2-4,u_on_y,none,1000,700018,clean,,gm_battery,crt_cond,99,0.0,0.0,0.0,0.0,0.0,0.0,0.0,0.0,0.0,0.0,0.0,0.0,0.0,0.0,0.0,0.0,0.0,0.0,0.0,0.0,0.0
2-2-4,u_on_y,none,1000,700018,clean,,gtest,crt_cond,99,0.0,0.0,0.0,0.0,0.0,0.0,0.0,0.0,0.0,0.0,0.0,0.0,0.0,0.0,0.0,0.0,0.0,0.0,0.0,0.0,0.0
2-2-4,u_on_y,none,1000,700019,clean,,kl_plugin,para_boot,99,0.0,0.0,0.0,0.0,0.0,0.0,0.0,0.0,0.0,0.0,0.0,0.0,0.0,0.0,0.0,0.0,0.0,0.0,0.0,0.0,0.0
2-2-4,u_on_y,none,1000,700019,clean,,kl_split,para_boot,99,0.0,0.0,0.0,0.0,0.0,0.0,0.0,0.0,0.0,0.0,0.0,0.0,0.0,0.0,0.0,0.0,0.0,0.0,0.0,0.0,0.0
2-2-4,u_on_y,none,1000,700019,clean,,kl_crossfit,para_boot,99,0.0,0.0,0.0,0.0,0.0,0.0,0.0,0.0,0.0,0.0,0.0,0.0,0.0,0.0,0.0,0.0,0.0,0.0,0.0,0.0,0.0
2-2-4,u_on_y,none,1000,700019,clean,,cf1_margin,para_boot,99,0.0,0.0,0.0,0.0,0.0,0.0,0.0,0.0,0.0,0.0,0.0,0.0,0.0,0.0,0.0,0.0,0.0,0.0,0.0,0.0,0.0
2-2-4,u_on_y,none,1000,700019,clean,,slack_plugin,para_boot,99,0.0,0.0,0.0,0.0,0.0,0.0,0.0,0.0,0.0,0.0,0.0,0.0,0.0,0.0,0.0,0.0,0.0,0.0,0.0,0.0,0.0
2-2-4,u_on_y,none,1000,700019,clean,,gm_battery,para_boot,99,0.0,0.0,0.0,0.0,0.0,0.0,0.0,0.0,0.0,0.0,0.0,0.0,0.0,0.0,0.0,0.0,0.0,0.0,0.0,0.0,0.0
2-2-4,u_on_y,none,1000,700019,clean,,gtest,para_boot,99,0.0,0.0,0.0,0.0,0.0,0.0,0.0,0.0,0.0,0.0,0.0,0.0,0.0,0.0,0.0,0.0,0.0,0.0,0.0,0.0,0.0
2-2-4,u_on_y,none,1000,700019,clean,,kl_plugin,crt_cond,99,0.0,0.0,0.0,0.0,0.0,0.0,0.0,0.0,0.0,0.0,0.0,0.0,0.0,0.0,0.0,0.0,0.0,0.0,0.0,0.0,0.0
2-2-4,u_on_y,none,1000,700019,clean,,gm_battery,crt_cond,99,0.0,0.0,0.0,0.0,0.0,0.0,0.0,0.0,0.0,0.0,0.0,0.0,0.0,0.0,0.0,0.0,0.0,0.0,0.0,0.0,0.0
2-2-4,u_on_y,none,1000,700019,clean,,gtest,crt_cond,99,0.0,0.0,0.0,0.0,0.0,0.0,0.0,0.0,0.0,0.0,0.0,0.0,0.0,0.0,0.0,0.0,0.0,0.0,0.0,0.0,0.0
2-2-4,u_on_y,none,1000,700020,clean,,kl_plugin,para_boot,99,6.434247074532156e-17,1.1269181077022267e-16,1.1255515476475947e-16,1.1244827698955715e-16,1.122513316410675e-16,1.122513316410675e-16,7.939024980559779e-17,7.877685432082911e-17,7.564859380843198e-17,7.554525092374185e-17,7.428401328401048e-17,7.314410515177503e-17,7.299256349745504e-17,7.246365849349825e-17,7.241492284679122e-17,7.210304514170758e-17,7.210304514170758e-17,6.980444166804877e-17,6.98032013616936e-17,6.969733432369038e-17,6.933408612283586e-17
2-2-4,u_on_y,none,1000,700020,clean,,kl_split,para_boot,99,0.002882966090143012,0.033423155428178114,0.02796882249347049,0.02396586918787308,0.021446104678663813,0.01699827215191925,0.013066318221506931,0.012771415636102651,0.012234284405514745,0.010872191988311589,0.0107136188942666,0.010670395043016812,0.01059969119977594,0.009304136745532252,0.009061039499450231,0.008841859394765984,0.008428204263064024,0.007560289305166917,0.00683514908298969,0.006828999089718922,0.0060942264365552515
2-2-4,u_on_y,none,1000,700020,clean,,kl_crossfit,para_boot,99,0.002879094835201188,0.033541400897872733,0.027910682342640908,0.024050679359783493,0.021429609497948615,0.017054348442147524,0.013085410110446581,0.012750004814155905,0.012282331946575492,0.010903569294496596,0.01070354051583608,0.010638238601187254,0.010587139812800461,0.009316521062312379,0.009111086663960686,0.008837510172387184,0.008435195719209268,0.007530964820196967,0.00686564726181748,0.006840719303204908,0.006101497214914573
2-2-4,u_on_y,none,1000,700020,clean,,cf1_margin,para_boot,99,0.0,0.0,0.0,0.0,0.0,0.0,0.0,0.0,0.0,0.0,0.0,0.0,0.0,0.0,0.0,0.0,0.0,0.0,0.0,0.0,0.0
2-2-4,u_on_y,none,1000,700020,clean,,slack_plugin,para_boot,99,0.0,0.0,0.0,0.0,0.0,0.0,0.0,0.0,0.0,0.0,0.0,0.0,0.0,0.0,0.0,0.0,0.0,0.0,0.0,0.0,0.0
2-2-4,u_on_y,none,1000,700020,clean,,gm_battery,para_boot,99,0.0,0.0,0.0,0.0,0.0,0.0,0.0,0.0,0.0,0.0,0.0,0.0,0.0,0.0,0.0,0.0,0.0,0.0,0.0,0.0,0.0
2-2-4,u_on_y,none,1000,700020,clean,,gtest,para_boot,99,394.192411786922,467.1443610658361,466.98812384073386,455.1138024603754,441.24788861986224,440.757213083098,437.03653680334736,434.2767814661339,429.88790895828384,429.4145477438194,429.1293854276214,426.49558862356673,425.30041138115104,424.0602545875556,423.09435140004257,422.09436819952884,421.61115710951674,418.6429839210037,417.38913461189145,417.0977915299286,414.84291631293627
2-2-4,u_on_y,none,1000,700020,clean,,kl_plugin,crt_cond,99,6.434247074532156e-17,1.1564823173178715e-16,1.1564823173178715e-16,1.1564823173178715e-16,1.1564823173178715e-16,1.1564823173178715e-16,1.148071536828287e-16,1.148071536828287e-16,1.148071536828287e-16,1.148071536828287e-16,1.131249975849118e-16,1.131249975849118e-16,1.1228391953595334e-16,1.1228391953595334e-16,7.822025855313603e-17,7.695864147969837e-17,7.632783294297951e-17,7.506621586954184e-17,7.12813646492288e-17,7.001974757579113e-17,7.001974757579113e-17
2-2-4,u_on_y,none,1000,700020,clean,,gm_battery,crt_cond,99,0.0,0.0,0.0,0.0,0.0,0.0,0.0,0.0,0.0,0.0,0.0,0.0,0.0,0.0,0.0,0.0,0.0,0.0,0.0,0.0,0.0
2-2-4,u_on_y,none,1000,700020,clean,,gtest,crt_cond,99,394.192411786922,455.8837951737477,441.09019206752225,441.09019206752225,441.09019206752225,441.09019206752225,438.99740776962324,436.90968873798147,434.82700834205883,428.6089360270769,426.5461483351678,426.5461483351678,426.5461483351678,426.5461483351678,422.4352740628112,422.4352740628112,420.38713705607773,420.38713705607773,420.38713705607773,418.3438335320285,416.30533879475297
2-2-4,u_on_y,none,1000,700021,clean,,kl_plugin,para_boot,99,0.0,1.33761810195802e-16,1.1476462726462293e-16,1.1343583077691818e-16,8.881784197001252e-17,8.351235140985691e-17,8.26212483441977e-17,7.771561172376095e-17,7.706253935633439e-17,7.686159401251084e-17,7.549516567451066e-17,7.401486830834378e-17,7.322747609229757e-17,7.304098846218136e-17,7.198149280536731e-17,7.19299424405031e-17,7.175831744528452e-17,7.15239833171976e-17,7.15239833171976e-17,7.026728003956687e-17,6.883382752675972e-17
2-2-4,u_on_y,none,1000,700021,clean,,kl_split,para_boot,99,0.027911210466276246,0.1704575157552414,0.13849817621767302,0.12382265169910947,0.10267807817561136,0.09158536150441468,0.08412095920103665,0.05647045279511306,0.05452870943834209,0.05153445590632014,0.04759695014830426,0.04480805482724998,0.041549701228631136,0.041390619387292216,0.03893630457300272,0.03670347846155542,0.032803673346547796,0.029632620339880678,0.02820474733000504,0.02820474733000504,0.025653165196881766
2-2-4,u_on_y,none,1000,700021,clean,,kl_crossfit,para_boot,99,0.027980292506187457,0.17541970393902226,0.13962279283061918,0.12850692608613667,0.1030827073358424,0.09120755402629938,0.0844796447473023,0.05731608740978056,0.05396593724392955,0.051991270031510786,0.04778972160146518,0.044474453989728255,0.04198476177872283,0.04082760568157102,0.0391299246910767,0.03608986524663409,0.0330107974833971,0.02956744250585259,0.02817766451895947,0.02817766451895947,0.025482612835084656
2-2-4,u_on_y,none,1000,700021,clean,,cf1_margin,para_boot,99,0.0,0.0,0.0,0.0,0.0,0.0,0.0,0.0,0.0,0.0,0.0,0.0,0.0,0.0,0.0,0.0,0.0,0.0,0.0,0.0,0.0
2-2-4,u_on_y,none,1000,700021,clean,,slack_plugin,para_boot,99,0.0,0.0,0.0,0.0,0.0,0.0,0.0,0.0,0.0,0.0,0.0,0.0,0.0,0.0,0.0,0.0,0.0,0.0,0.0,0.0,0.0
2-2-4,u_on_y,none,1000,700021,clean,,gm_battery,para_boot,99,0.0,0.0,0.0,0.0,0.0,0.0,0.0,0.0,0.0,0.0,0.0,0.0,0.0,0.0,0.0,0.0,0.0,0.0,0.0,0.0,0.0
2-2-4,u_on_y,none,1000,700021,clean,,gtest,para_boot,99,238.2136889667312,332.89279888455275,329.92918421397104,313.9654308422023,302.82835587357675,295.5150672803023,294.9291017090289,293.09848812434024,285.42267928349526,285.19046565185437,285.19046565185437,283.53320024460226,277.71502115872073,273.26601077469195,271.81020443735144,268.75994365383343,267.06597981324705,264.277636600636,263.9729227755645,262.46399306124295,260.69462504187413
2-2-4,u_on_y,none,1000,700021,clean,,kl_plugin,crt_cond,99,0.0,7.879002110243047e-17,7.879002110243047e-17,7.879002110243047e-17,7.879002110243047e-17,7.879002110243047e-17,7.879002110243047e-17,7.879002110243047e-17,7.879002110243047e-17,7.879002110243047e-17,6.446456272017037e-17,6.446456272017037e-17,6.446456272017037e-17,6.446456272017037e-17,6.446456272017037e-17,6.446456272017037e-17,6.446456272017037e-17,6.446456272017037e-17,6.446456272017037e-17,6.446456272017037e-17,2.0294399374868453e-17
2-2-4,u_on_y,none,1000,700021,clean,,gm_battery,crt_cond,99,0.0,0.0,0.0,0.0,0.0,0.0,0.0,0.0,0.0,0.0,0.0,0.0,0.0,0.0,0.0,0.0,0.0,0.0,0.0,0.0,0.0
2-2-4,u_on_y,none,1000,700021,clean,,gtest,crt_cond,99,238.2136889667312,306.6167760907359,300.16408741379985,293.7619199897272,293.7619199897272,293.7619199897272,287.4089260724511,287.4089260724511,287.4089260724511,281.1038254320004,274.8454004119284,274.8454004119284,274.8454004119284,274.8454004119284,268.6324914577004,262.46399306124295,262.46399306124295,262.46399306124295,256.3388500743378,256.3388500743378,256.3388500743378
2-2-4,u_on_y,none,1000,700022,clean,,kl_plugin,para_boot,99,0.0,1.669763618152995e-16,1.666791522534356e-16,1.666732802711822e-16,1.225391388175484e-16,1.2037154898567487e-16,1.1867403462183078e-16,1.1829328448776857e-16,1.1766949764180003e-16,1.176035214229225e-16,1.1706117247093702e-16,1.16492109641095e-16,1.1509118265747697e-16,1.1495100779211974e-16,1.1478832357725499e-16,1.1430773508162614e-16,1.1425311020613383e-16,1.1397502327268895e-16,1.135421678054566e-16,1.1322804357104247e-16,1.1262288611531733e-16
2-2-4,u_on_y,none,1000,700022,clean,,kl_split,para_boot,99,0.0064235307905767675,0.07484535137758881,0.06552187824506728,0.06396499082989449,0.04762576058677325,0.03573961360876589,0.03413270282550572,0.03366022054124552,0.029133483908500166,0.027783992025791,0.027404215432583298,0.0273673112897974,0.025880784905913397,0.02556374945142513,0.02454359218757219,0.023797954630902417,0.022808237763071025,0.02108801115122587,0.01942537851894386,0.019338514800464036,0.018888617332901956
2-2-4,u_on_y,none,1000,700022,clean,,kl_crossfit,para_boot,99,0.006428378777299279,0.07422030438074481,0.06447763637214615,0.06353936643974853,0.04753518649400751,0.0357590474294295,0.034348378296607945,0.033660349970671896,0.029380258647552462,0.027783076184142844,0.027370565292767574,0.027169835792097825,0.02579600390077263,0.025735897066703522,0.024599692786217504,0.023784887631807045,0.02281589687738956,0.021129233582111585,0.01934002830515352,0.01933945278464822,0.018945211144435443
2-2-4,u_on_y,none,1000,700022,clean,,cf1_margin,para_boot,99,0.0,1.1102230246251565e-16,1.1102230246251565e-16,0.0,0.0,0.0,0.0,0.0,0.0,0.0,0.0,0.0,0.0,0.0,0.0,0.0,0.0,0.0,0.0,0.0,0.0
2-2-4,u_on_y,none,1000,700022,clean,,slack_plugin,para_boot,99,0.0,0.0,0.0,0.0,0.0,0.0,0.0,0.0,0.0,0.0,0.0,0.0,0.0,0.0,0.0,0.0,0.0,0.0,0.0,0.0,0.0
2-2-4,u_on_y,none,1000,700022,clean,,gm_battery,para_boot,99,0.0,0.0,0.0,0.0,0.0,0.0,0.0,0.0,0.0,0.0,0.0,0.0,0.0,0.0,0.0,0.0,0.0,0.0,0.0,0.0,0.0
2-2-4,u_on_y,none,1000,700022,clean,,gtest,para_boot,99,547.58885483973,609.2354813258364,603.4387829256009,594.3763159570601,590.7636725591833,590.2507193507748,587.7308923813914,586.3496303695506,585.536558672602,583.7763102591878,582.3379250455635,581.6900793503193,577.5193220389137,574.7393985199994,574.5427483953397,573.6761928648757,573.4600430356635,572.0309499645682,571.5453402986393,571.2633820155438,570.3705330855628
2-2-4,u_on_y,none,1000,700022,clean,,kl_plugin,crt_cond,99,0.0,1.687829251815761e-16,1.687829251815761e-16,1.6849267079605319e-16,1.6849267079605319e-16,1.6849267079605319e-16,1.6818697734747052e-16,1.2566779768097517e-16,1.2186670035566975e-16,1.1813353490782711e-16,1.1639200859468962e-16,1.161017542091667e-16,1.158114998236438e-16,1.1465048228155213e-16,1.1416260788886468e-16,1.1145768404080003e-16,1.1145768404080003e-16,1.111674296552771e-16,7.889670004783028e-17,7.053181568206876e-17,7.009643410378439e-17
2-2-4,u_on_y,none,1000,700022,clean,,gm_battery,crt_cond,99,0.0,0.0,0.0,0.0,0.0,0.0,0.0,0.0,0.0,0.0,0.0,0.0,0.0,0.0,0.0,0.0,0.0,0.0,0.0,0.0,0.0
2-2-4,u_on_y,none,1000,700022,clean,,gtest,crt_cond,99,547.58885483973,611.39753165965,602.5226413004557,594.6511584430694,594.2187411418696,590.1484075860886,589.2339947414764,585.6937360824579,585.2017594860209,579.592977818804,575.8155657190296,574.6180015756072,574.1963325601513,572.7366817131983,572.2523463287692,572.2024346621524,571.1442130827988,570.6572744341718,567.2417287722997,567.1162315064698,566.75886271836
2-2-4,u_on_y,none,1000,700023,clean,,kl_plugin,para_boot,99,0.0,1.2650350001704972e-16,1.1811499192883022e-16,1.179336246025663e-16,1.162102605215117e-16,1.159533064749827e-16,1.1565407993566738e-16,1.1411034001445317e-16,1.140620265195076e-16,1.133473768596364e-16,1.1298978630362354e-16,1.1247167977925867e-16,8.326672684688674e-17,8.326672684688674e-17,7.678635016129938e-17,7.446617848095561e-17,7.385183996405226e-17,7.351476784680091e-17,7.130311666773635e-17,7.103545623660959e-17,7.044535692893429e-17
2-2-4,u_on_y,none,1000,700023,clean,,kl_split,para_boot,99,0.022725479157024248,0.05729202522839814,0.048227882107571014,0.04528630562009985,0.04196223076204866,0.03534704526994288,0.03433941582087378,0.03138310143680147,0.028643654995923834,0.027330396964345773,0.026205273208680088,0.025715622888672296,0.02492798497439619,0.024120173402130435,0.022749274793472864,0.021448774762629276,0.021419646635318153,0.020037231309362732,0.019475816941426846,0.019074546861564193,0.01784863292825639
2-2-4,u_on_y,none,1000,700023,clean,,kl_crossfit,para_boot,99,0.02276090079676838,0.05842167148475309,0.04882418685199649,0.04496142085817628,0.04228250484685371,0.03529268578807761,0.034097397248245606,0.03147102216206819,0.028838406801055483,0.02725269284118024,0.026013027978137284,0.025734843999549534,0.024932796138751892,0.024198274713473227,0.02268650836114776,0.021563165986575,0.021336236003200868,0.020139962599763934,0.01943363572653562,0.019148309363849307,0.017813893305824453
2-2-4,u_on_y,none,1000,700023,clean,,cf1_margin,para_boot,99,0.0,0.0,0.0,0.0,0.0,0.0,0.0,0.0,0.0,0.0,0.0,0.0,0.0,0.0,0.0,0.0,0.0,0.0,0.0,0.0,0.0
2-2-4,u_on_y,none,1000,700023,clean,,slack_plugin,para_boot,99,0.0,0.0,0.0,0.0,0.0,0.0,0.0,0.0,0.0,0.0,0.0,0.0,0.0,0.0,0.0,0.0,0.0,0.0,0.0,0.0,0.0
2-2-4,u_on_y,none,1000,700023,clean,,gm_battery,para_boot,99,0.0,0.0,0.0,0.0,0.0,0.0,0.0,0.0,0.0,0.0,0.0,0.0,0.0,0.0,0.0,0.0,0.0,0.0,0.0,0.0,0.0
2-2-4,u_on_y,none,1000,700023,clean,,gtest,para_boot,99,563.4704372034394,647.3624721260239,622.4230551080145,616.9329915961036,611.9877597272837,605.1301131176268,602.7117605327693,600.2202943944527,598.4276785600273,596.4646207057407,594.8738088864152,592.8111622530539,592.782116295817,592.1092374242328,591.8525925142338,589.4961693069858,587.9514854975305,587.8353680574761,587.654340016856,587.4738412610025,586.4667188787785
2-2-4,u_on_y,none,1000,700023,clean,,kl_plugin,crt_cond,99,0.0,1.6971378006639764e-16,1.6754537572142663e-16,1.2059319060583598e-16,1.1825031694575236e-16,1.1564823173178715e-16,1.1564823173178715e-16,1.1542889887850274e-16,1.1542889887850274e-16,1.1542889887850274e-16,1.148506577198438e-16,1.1478086999379874e-16,1.1362438767648086e-16,1.1362438767648086e-16,1.1304614651782194e-16,1.1304614651782194e-16,1.1188966420050406e-16,1.1160054362117458e-16,7.893490299451939e-17,7.417438311073243e-17,7.273874988923439e-17
2-2-4,u_on_y,none,1000,700023,clean,,gm_battery,crt_cond,99,0.0,0.0,0.0,0.0,0.0,0.0,0.0,0.0,0.0,0.0,0.0,0.0,0.0,0.0,0.0,0.0,0.0,0.0,0.0,0.0,0.0
2-2-4,u_on_y,none,1000,700023,clean,,gtest,crt_cond,99,563.4704372034394,639.4748331447315,615.3305804477302,607.5800492320278,598.4198399292897,597.9824152108339,596.299409580161,595.0924751387604,594.0925368377598,589.9085713669677,585.065193626726,583.9565392623674,583.0164544204509,581.5717579657294,580.8417834765185,580.6385803613169,579.6686567835158,577.5721205075613,577.0893146801413,575.525385232462,575.336375677902
2-2-4,u_on_y,none,1000,700024,clean,,kl_plugin,none,0,0.0,,,,,,,,,,,,,,,,,,,,
2-2-4,u_on_y,none,1000,700024,clean,,kl_split,none,0,0.0023006149855431812,,,,,,,,,,,,,,,,,,,,
2-2-4,u_on_y,none,1000,700024,clean,,kl_crossfit,none,0,0.0022997329828071747,,,,,,,,,,,,,,,,,,,,
2-2-4,u_on_y,none,1000,700024,clean,,cf1_margin,none,0,0.0,,,,,,,,,,,,,,,,,,,,
2-2-4,u_on_y,none,1000,700024,clean,,slack_plugin,none,0,0.0,,,,,,,,,,,,,,,,,,,,
2-2-4,u_on_y,none,1000,700024,clean,,gm_battery,none,0,0.0,,,,,,,,,,,,,,,,,,,,
2-2-4,u_on_y,none,1000,700024,clean,,gtest,none,0,1092.8503641457428,,,,,,,,,,,,,,,,,,,,
2-2-4,u_on_y,none,1000,700025,clean,,kl_plugin,none,0,0.0,,,,,,,,,,,,,,,,,,,,
2-2-4,u_on_y,none,1000,700025,clean,,kl_split,none,0,0.0018665432041176135,,,,,,,,,,,,,,,,,,,,
2-2-4,u_on_y,none,1000,700025,clean,,kl_crossfit,none,0,0.0018658659174986911,,,,,,,,,,,,,,,,,,,,
2-2-4,u_on_y,none,1000,700025,clean,,cf1_margin,none,0,0.0,,,,,,,,,,,,,,,,,,,,
2-2-4,u_on_y,none,1000,700025,clean,,slack_plugin,none,0,0.0,,,,,,,,,,,,,,,,,,,,
2-2-4,u_on_y,none,1000,700025,clean,,gm_battery,none,0,0.0,,,,,,,,,,,,,,,,,,,,
2-2-4,u_on_y,none,1000,700025,clean,,gtest,none,0,256.6453432330353,,,,,,,,,,,,,,,,,,,,
2-2-4,u_on_y,none,1000,700026,clean,,kl_plugin,none,0,0.0,,,,,,,,,,,,,,,,,,,,
2-2-4,u_on_y,none,1000,700026,clean,,kl_split,none,0,0.005621511488244489,,,,,,,,,,,,,,,,,,,,
2-2-4,u_on_y,none,1000,700026,clean,,kl_crossfit,none,0,0.0056156627969320555,,,,,,,,,,,,,,,,,,,,
2-2-4,u_on_y,none,1000,700026,clean,,cf1_margin,none,0,0.0,,,,,,,,,,,,,,,,,,,,
2-2-4,u_on_y,none,1000,700026,clean,,slack_plugin,none,0,0.0,,,,,,,,,,,,,,,,,,,,
2-2-4,u_on_y,none,1000,700026,clean,,gm_battery,none,0,0.0,,,,,,,,,,,,,,,,,,,,
2-2-4,u_on_y,none,1000,700026,clean,,gtest,none,0,1282.0709557623113,,,,,,,,,,,,,,,,,,,,
2-2-4,u_on_y,none,1000,700027,clean,,kl_plugin,none,0,0.0007633673181957398,,,,,,,,,,,,,,,,,,,,
2-2-4,u_on_y,none,1000,700027,clean,,kl_split,none,0,0.0005529465838192762,,,,,,,,,,,,,,,,,,,,
2-2-4,u_on_y,none,1000,700027,clean,,kl_crossfit,none,0,0.0014795802759342662,,,,,,,,,,,,,,,,,,,,
2-2-4,u_on_y,none,1000,700027,clean,,cf1_margin,none,0,0.02762107870115571,,,,,,,,,,,,,,,,,,,,
2-2-4,u_on_y,none,1000,700027,clean,,slack_plugin,none,0,0.05524215740231153,,,,,,,,,,,,,,,,,,,,
2-2-4,u_on_y,none,1000,700027,clean,,gm_battery,none,0,0.0,,,,,,,,,,,,,,,,,,,,
2-2-4,u_on_y,none,1000,700027,clean,,gtest,none,0,0.0,,,,,,,,,,,,,,,,,,,,
2-2-4,u_on_y,none,1000,700028,clean,,kl_plugin,none,0,0.00037724085777365163,,,,,,,,,,,,,,,,,,,,
2-2-4,u_on_y,none,1000,700028,clean,,kl_split,none,0,0.002722027772247518,,,,,,,,,,,,,,,,,,,,
2-2-4,u_on_y,none,1000,700028,clean,,kl_crossfit,none,0,0.0019065553506259214,,,,,,,,,,,,,,,,,,,,
2-2-4,u_on_y,none,1000,700028,clean,,cf1_margin,none,0,0.019422012754244267,,,,,,,,,,,,,,,,,,,,
2-2-4,u_on_y,none,1000,700028,clean,,slack_plugin,none,0,0.03884402550848853,,,,,,,,,,,,,,,,,,,,
2-2-4,u_on_y,none,1000,700028,clean,,gm_battery,none,0,0.0,,,,,,,,,,,,,,,,,,,,
2-2-4,u_on_y,none,1000,700028,clean,,gtest,none,0,0.0,,,,,,,,,,,,,,,,,,,,
2-2-4,u_on_y,none,1000,700029,clean,,kl_plugin,none,0,0.001206843349852861,,,,,,,,,,,,,,,,,,,,
2-2-4,u_on_y,none,1000,700029,clean,,kl_split,none,0,0.004627799056139022,,,,,,,,,,,,,,,,,,,,
2-2-4,u_on_y,none,1000,700029,clean,,kl_crossfit,none,0,0.002353445994470494,,,,,,,,,,,,,,,,,,,,
2-2-4,u_on_y,none,1000,700029,clean,,cf1_margin,none,0,0.0347353769191322,,,,,,,,,,,,,,,,,,,,
2-2-4,u_on_y,none,1000,700029,clean,,slack_plugin,none,0,0.06947075383826429,,,,,,,,,,,,,,,,,,,,
2-2-4,u_on_y,none,1000,700029,clean,,gm_battery,none,0,0.0,,,,,,,,,,,,,,,,,,,,
2-2-4,u_on_y,none,1000,700029,clean,,gtest,none,0,0.0,,,,,,,,,,,,,,,,,,,,
2-2-4,u_on_y,none,1000,700030,clean,,kl_plugin,none,0,0.0,,,,,,,,,,,,,,,,,,,,
2-2-4,u_on_y,none,1000,700030,clean,,kl_split,none,0,0.014468513863316403,,,,,,,,,,,,,,,,,,,,
2-2-4,u_on_y,none,1000,700030,clean,,kl_crossfit,none,0,0.014451849797673038,,,,,,,,,,,,,,,,,,,,
2-2-4,u_on_y,none,1000,700030,clean,,cf1_margin,none,0,0.0,,,,,,,,,,,,,,,,,,,,
2-2-4,u_on_y,none,1000,700030,clean,,slack_plugin,none,0,0.0,,,,,,,,,,,,,,,,,,,,
2-2-4,u_on_y,none,1000,700030,clean,,gm_battery,none,0,0.0,,,,,,,,,,,,,,,,,,,,
2-2-4,u_on_y,none,1000,700030,clean,,gtest,none,0,1353.7170934699013,,,,,,,,,,,,,,,,,,,,
2-2-4,u_on_y,none,1000,700031,clean,,kl_plugin,none,0,1.1347270981737594e-16,,,,,,,,,,,,,,,,,,,,
2-2-4,u_on_y,none,1000,700031,clean,,kl_split,none,0,0.0035984495502625544,,,,,,,,,,,,,,,,,,,,
2-2-4,u_on_y,none,1000,700031,clean,,kl_crossfit,none,0,0.0036006936118319934,,,,,,,,,,,,,,,,,,,,
2-2-4,u_on_y,none,1000,700031,clean,,cf1_margin,none,0,0.0,,,,,,,,,,,,,,,,,,,,
2-2-4,u_on_y,none,1000,700031,clean,,slack_plugin,none,0,0.0,,,,,,,,,,,,,,,,,,,,
2-2-4,u_on_y,none,1000,700031,clean,,gm_battery,none,0,0.0,,,,,,,,,,,,,,,,,,,,
2-2-4,u_on_y,none,1000,700031,clean,,gtest,none,0,1354.4408913068003,,,,,,,,,,,,,,,,,,,,
2-2-4,u_on_y,none,1000,700032,clean,,kl_plugin,none,0,0.0,,,,,,,,,,,,,,,,,,,,
2-2-4,u_on_y,none,1000,700032,clean,,kl_split,none,0,0.0,,,,,,,,,,,,,,,,,,,,
2-2-4,u_on_y,none,1000,700032,clean,,kl_crossfit,none,0,0.0,,,,,,,,,,,,,,,,,,,,
2-2-4,u_on_y,none,1000,700032,clean,,cf1_margin,none,0,0.0,,,,,,,,,,,,,,,,,,,,
2-2-4,u_on_y,none,1000,700032,clean,,slack_plugin,none,0,0.0,,,,,,,,,,,,,,,,,,,,
2-2-4,u_on_y,none,1000,700032,clean,,gm_battery,none,0,0.0,,,,,,,,,,,,,,,,,,,,
2-2-4,u_on_y,none,1000,700032,clean,,gtest,none,0,0.0,,,,,,,,,,,,,,,,,,,,
2-2-4,u_on_y,none,1000,700033,clean,,kl_plugin,none,0,1.1626369871611082e-16,,,,,,,,,,,,,,,,,,,,
2-2-4,u_on_y,none,1000,700033,clean,,kl_split,none,0,0.005246126377130227,,,,,,,,,,,,,,,,,,,,
2-2-4,u_on_y,none,1000,700033,clean,,kl_crossfit,none,0,0.005248818538839219,,,,,,,,,,,,,,,,,,,,
2-2-4,u_on_y,none,1000,700033,clean,,cf1_margin,none,0,0.0,,,,,,,,,,,,,,,,,,,,
2-2-4,u_on_y,none,1000,700033,clean,,slack_plugin,none,0,0.0,,,,,,,,,,,,,,,,,,,,
2-2-4,u_on_y,none,1000,700033,clean,,gm_battery,none,0,0.0,,,,,,,,,,,,,,,,,,,,
2-2-4,u_on_y,none,1000,700033,clean,,gtest,none,0,622.6016602859675,,,,,,,,,,,,,,,,,,,,
2-2-4,u_on_y,none,1000,700034,clean,,kl_plugin,none,0,0.001182769944705283,,,,,,,,,,,,,,,,,,,,
2-2-4,u_on_y,none,1000,700034,clean,,kl_split,none,0,0.0022943369965025724,,,,,,,,,,,,,,,,,,,,
2-2-4,u_on_y,none,1000,700034,clean,,kl_crossfit,none,0,0.0017220360065240987,,,,,,,,,,,,,,,,,,,,
2-2-4,u_on_y,none,1000,700034,clean,,cf1_margin,none,0,0.03437340153452684,,,,,,,,,,,,,,,,,,,,
2-2-4,u_on_y,none,1000,700034,clean,,slack_plugin,none,0,0.06874680306905367,,,,,,,,,,,,,,,,,,,,
2-2-4,u_on_y,none,1000,700034,clean,,gm_battery,none,0,0.0,,,,,,,,,,,,,,,,,,,,
2-2-4,u_on_y,none,1000,700034,clean,,gtest,none,0,0.0,,,,,,,,,,,,,,,,,,,,
2-2-4,u_on_y,none,1000,700035,clean,,kl_plugin,none,0,0.003147258205782228,,,,,,,,,,,,,,,,,,,,
2-2-4,u_on_y,none,1000,700035,clean,,kl_split,none,0,0.0027150195051053386,,,,,,,,,,,,,,,,,,,,
2-2-4,u_on_y,none,1000,700035,clean,,kl_crossfit,none,0,0.005862978632391217,,,,,,,,,,,,,,,,,,,,
2-2-4,u_on_y,none,1000,700035,clean,,cf1_margin,none,0,0.05606022424089696,,,,,,,,,,,,,,,,,,,,
2-2-4,u_on_y,none,1000,700035,clean,,slack_plugin,none,0,0.11212044848179392,,,,,,,,,,,,,,,,,,,,
2-2-4,u_on_y,none,1000,700035,clean,,gm_battery,none,0,0.0,,,,,,,,,,,,,,,,,,,,
2-2-4,u_on_y,none,1000,700035,clean,,gtest,none,0,0.0,,,,,,,,,,,,,,,,,,,,
2-2-4,u_on_y,none,1000,700036,clean,,kl_plugin,none,0,0.0,,,,,,,,,,,,,,,,,,,,
2-2-4,u_on_y,none,1000,700036,clean,,kl_split,none,0,0.00234963715796168,,,,,,,,,,,,,,,,,,,,
2-2-4,u_on_y,none,1000,700036,clean,,kl_crossfit,none,0,0.0023476395147858133,,,,,,,,,,,,,,,,,,,,
2-2-4,u_on_y,none,1000,700036,clean,,cf1_margin,none,0,0.0,,,,,,,,,,,,,,,,,,,,
2-2-4,u_on_y,none,1000,700036,clean,,slack_plugin,none,0,0.0,,,,,,,,,,,,,,,,,,,,
2-2-4,u_on_y,none,1000,700036,clean,,gm_battery,none,0,0.0,,,,,,,,,,,,,,,,,,,,
2-2-4,u_on_y,none,1000,700036,clean,,gtest,none,0,1264.0673924956668,,,,,,,,,,,,,,,,,,,,
2-2-4,u_on_y,none,1000,700037,clean,,kl_plugin,none,0,0.0016271872068292711,,,,,,,,,,,,,,,,,,,,
2-2-4,u_on_y,none,1000,700037,clean,,kl_split,none,0,0.0003738837702672304,,,,,,,,,,,,,,,,,,,,
2-2-4,u_on_y,none,1000,700037,clean,,kl_crossfit,none,0,0.0038260476139073026,,,,,,,,,,,,,,,,,,,,
2-2-4,u_on_y,none,1000,700037,clean,,cf1_margin,none,0,0.04032453183218543,,,,,,,,,,,,,,,,,,,,
2-2-4,u_on_y,none,1000,700037,clean,,slack_plugin,none,0,0.08064906366437086,,,,,,,,,,,,,,,,,,,,
2-2-4,u_on_y,none,1000,700037,clean,,gm_battery,none,0,0.0,,,,,,,,,,,,,,,,,,,,
2-2-4,u_on_y,none,1000,700037,clean,,gtest,none,0,0.0,,,,,,,,,,,,,,,,,,,,
2-2-4,u_on_y,none,1000,700038,clean,,kl_plugin,none,0,0.0,,,,,,,,,,,,,,,,,,,,
2-2-4,u_on_y,none,1000,700038,clean,,kl_split,none,0,0.006858634339032223,,,,,,,,,,,,,,,,,,,,
2-2-4,u_on_y,none,1000,700038,clean,,kl_crossfit,none,0,0.006873140303268039,,,,,,,,,,,,,,,,,,,,
2-2-4,u_on_y,none,1000,700038,clean,,cf1_margin,none,0,0.0,,,,,,,,,,,,,,,,,,,,
2-2-4,u_on_y,none,1000,700038,clean,,slack_plugin,none,0,0.0,,,,,,,,,,,,,,,,,,,,
2-2-4,u_on_y,none,1000,700038,clean,,gm_battery,none,0,0.0,,,,,,,,,,,,,,,,,,,,
2-2-4,u_on_y,none,1000,700038,clean,,gtest,none,0,1216.6018776296755,,,,,,,,,,,,,,,,,,,,
2-2-4,u_on_y,none,1000,700039,clean,,kl_plugin,none,0,0.00021851749951565334,,,,,,,,,,,,,,,,,,,,
2-2-4,u_on_y,none,1000,700039,clean,,kl_split,none,0,0.0009551730826108541,,,,,,,,,,,,,,,,,,,,
2-2-4,u_on_y,none,1000,700039,clean,,kl_crossfit,none,0,0.0022700378278722065,,,,,,,,,,,,,,,,,,,,
2-2-4,u_on_y,none,1000,700039,clean,,cf1_margin,none,0,0.014760028421936577,,,,,,,,,,,,,,,,,,,,
2-2-4,u_on_y,none,1000,700039,clean,,slack_plugin,none,0,0.029520056843873155,,,,,,,,,,,,,,,,,,,,
2-2-4,u_on_y,none,1000,700039,clean,,gm_battery,none,0,0.0,,,,,,,,,,,,,,,,,,,,
2-2-4,u_on_y,none,1000,700039,clean,,gtest,none,0,0.0,,,,,,,,,,,,,,,,,,,,
2-2-4,u_on_y,none,1000,700040,clean,,kl_plugin,none,0,2.0101735951667463e-05,,,,,,,,,,,,,,,,,,,,
2-2-4,u_on_y,none,1000,700040,clean,,kl_split,none,0,0.0015919975989384869,,,,,,,,,,,,,,,,,,,,
2-2-4,u_on_y,none,1000,700040,clean,,kl_crossfit,none,0,0.001986020367900354,,,,,,,,,,,,,,,,,,,,
2-2-4,u_on_y,none,1000,700040,clean,,cf1_margin,none,0,0.004482581967213184,,,,,,,,,,,,,,,,,,,,
2-2-4,u_on_y,none,1000,700040,clean,,slack_plugin,none,0,0.008965163934426257,,,,,,,,,,,,,,,,,,,,
2-2-4,u_on_y,none,1000,700040,clean,,gm_battery,none,0,0.0,,,,,,,,,,,,,,,,,,,,
2-2-4,u_on_y,none,1000,700040,clean,,gtest,none,0,0.0,,,,,,,,,,,,,,,,,,,,
2-2-4,u_on_y,none,1000,700041,clean,,kl_plugin,none,0,0.002686383728006954,,,,,,,,,,,,,,,,,,,,
2-2-4,u_on_y,none,1000,700041,clean,,kl_split,none,0,0.002330577749936398,,,,,,,,,,,,,,,,,,,,
2-2-4,u_on_y,none,1000,700041,clean,,kl_crossfit,none,0,0.003172314963112932,,,,,,,,,,,,,,,,,,,,
2-2-4,u_on_y,none,1000,700041,clean,,cf1_margin,none,0,0.05181415557449265,,,,,,,,,,,,,,,,,,,,
2-2-4,u_on_y,none,1000,700041,clean,,slack_plugin,none,0,0.1036283111489853,,,,,,,,,,,,,,,,,,,,
2-2-4,u_on_y,none,1000,700041,clean,,gm_battery,none,0,0.0,,,,,,,,,,,,,,,,,,,,
2-2-4,u_on_y,none,1000,700041,clean,,gtest,none,0,0.0,,,,,,,,,,,,,,,,,,,,
2-2-4,u_on_y,none,1000,700042,clean,,kl_plugin,none,0,0.0,,,,,,,,,,,,,,,,,,,,
2-2-4,u_on_y,none,1000,700042,clean,,kl_split,none,0,0.000124242205167574,,,,,,,,,,,,,,,,,,,,
2-2-4,u_on_y,none,1000,700042,clean,,kl_crossfit,none,0,0.0001242541543900683,,,,,,,,,,,,,,,,,,,,
2-2-4,u_on_y,none,1000,700042,clean,,cf1_margin,none,0,0.0,,,,,,,,,,,,,,,,,,,,
2-2-4,u_on_y,none,1000,700042,clean,,slack_plugin,none,0,0.0,,,,,,,,,,,,,,,,,,,,
2-2-4,u_on_y,none,1000,700042,clean,,gm_battery,none,0,0.0,,,,,,,,,,,,,,,,,,,,
2-2-4,u_on_y,none,1000,700042,clean,,gtest,none,0,455.96186763207305,,,,,,,,,,,,,,,,,,,,
2-2-4,u_on_y,none,1000,700043,clean,,kl_plugin,none,0,0.0007524260100459663,,,,,,,,,,,,,,,,,,,,
2-2-4,u_on_y,none,1000,700043,clean,,kl_split,none,0,0.011006949493545387,,,,,,,,,,,,,,,,,,,,
2-2-4,u_on_y,none,1000,700043,clean,,kl_crossfit,none,0,0.01017089181938454,,,,,,,,,,,,,,,,,,,,
2-2-4,u_on_y,none,1000,700043,clean,,cf1_margin,none,0,0.027336855821727513,,,,,,,,,,,,,,,,,,,,
2-2-4,u_on_y,none,1000,700043,clean,,slack_plugin,none,0,0.05467371164345525,,,,,,,,,,,,,,,,,,,,
2-2-4,u_on_y,none,1000,700043,clean,,gm_battery,none,0,0.0,,,,,,,,,,,,,,,,,,,,
2-2-4,u_on_y,none,1000,700043,clean,,gtest,none,0,0.0,,,,,,,,,,,,,,,,,,,,
2-2-4,u_on_y,none,1000,700044,clean,,kl_plugin,none,0,0.0,,,,,,,,,,,,,,,,,,,,
2-2-4,u_on_y,none,1000,700044,clean,,kl_split,none,0,0.0,,,,,,,,,,,,,,,,,,,,
2-2-4,u_on_y,none,1000,700044,clean,,kl_crossfit,none,0,0.0,,,,,,,,,,,,,,,,,,,,
2-2-4,u_on_y,none,1000,700044,clean,,cf1_margin,none,0,0.0,,,,,,,,,,,,,,,,,,,,
2-2-4,u_on_y,none,1000,700044,clean,,slack_plugin,none,0,0.0,,,,,,,,,,,,,,,,,,,,
2-2-4,u_on_y,none,1000,700044,clean,,gm_battery,none,0,0.0,,,,,,,,,,,,,,,,,,,,
2-2-4,u_on_y,none,1000,700044,clean,,gtest,none,0,0.0,,,,,,,,,,,,,,,,,,,,
2-2-4,u_on_y,none,1000,700045,clean,,kl_plugin,none,0,0.0007887330762392335,,,,,,,,,,,,,,,,,,,,
2-2-4,u_on_y,none,1000,700045,clean,,kl_split,none,0,0.0067253878979873435,,,,,,,,,,,,,,,,,,,,
2-2-4,u_on_y,none,1000,700045,clean,,kl_crossfit,none,0,0.011339503654366794,,,,,,,,,,,,,,,,,,,,
2-2-4,u_on_y,none,1000,700045,clean,,cf1_margin,none,0,0.02806207773095193,,,,,,,,,,,,,,,,,,,,
2-2-4,u_on_y,none,1000,700045,clean,,slack_plugin,none,0,0.05612415546190369,,,,,,,,,,,,,,,,,,,,
2-2-4,u_on_y,none,1000,700045,clean,,gm_battery,none,0,0.0,,,,,,,,,,,,,,,,,,,,
2-2-4,u_on_y,none,1000,700045,clean,,gtest,none,0,0.0,,,,,,,,,,,,,,,,,,,,
2-2-4,u_on_y,none,1000,700046,clean,,kl_plugin,none,0,0.0,,,,,,,,,,,,,,,,,,,,
2-2-4,u_on_y,none,1000,700046,clean,,kl_split,none,0,0.0267637636464993,,,,,,,,,,,,,,,,,,,,
2-2-4,u_on_y,none,1000,700046,clean,,kl_crossfit,none,0,0.026651654056704832,,,,,,,,,,,,,,,,,,,,
2-2-4,u_on_y,none,1000,700046,clean,,cf1_margin,none,0,0.0,,,,,,,,,,,,,,,,,,,,
2-2-4,u_on_y,none,1000,700046,clean,,slack_plugin,none,0,0.0,,,,,,,,,,,,,,,,,,,,
2-2-4,u_on_y,none,1000,700046,clean,,gm_battery,none,0,0.0,,,,,,,,,,,,,,,,,,,,
2-2-4,u_on_y,none,1000,700046,clean,,gtest,none,0,532.7865643491355,,,,,,,,,,,,,,,,,,,,
2-2-4,u_on_y,none,1000,700047,clean,,kl_plugin,none,0,0.005640324436315673,,,,,,,,,,,,,,,,,,,,
2-2-4,u_on_y,none,1000,700047,clean,,kl_split,none,0,0.007086587545783882,,,,,,,,,,,,,,,,,,,,
2-2-4,u_on_y,none,1000,700047,clean,,kl_crossfit,none,0,0.007435108198914429,,,,,,,,,,,,,,,,,,,,
2-2-4,u_on_y,none,1000,700047,clean,,cf1_margin,none,0,0.07482396205520381,,,,,,,,,,,,,,,,,,,,
2-2-4,u_on_y,none,1000,700047,clean,,slack_plugin,none,0,0.14964792411040762,,,,,,,,,,,,,,,,,,,,
2-2-4,u_on_y,none,1000,700047,clean,,gm_battery,none,0,0.0,,,,,,,,,,,,,,,,,,,,
2-2-4,u_on_y,none,1000,700047,clean,,gtest,none,0,0.0,,,,,,,,,,,,,,,,,,,,
2-2-4,u_on_y,none,1000,700048,clean,,kl_plugin,none,0,6.012542828574525e-17,,,,,,,,,,,,,,,,,,,,
2-2-4,u_on_y,none,1000,700048,clean,,kl_split,none,0,0.021501504038078465,,,,,,,,,,,,,,,,,,,,
2-2-4,u_on_y,none,1000,700048,clean,,kl_crossfit,none,0,0.021459744438607004,,,,,,,,,,,,,,,,,,,,
2-2-4,u_on_y,none,1000,700048,clean,,cf1_margin,none,0,0.0,,,,,,,,,,,,,,,,,,,,
2-2-4,u_on_y,none,1000,700048,clean,,slack_plugin,none,0,0.0,,,,,,,,,,,,,,,,,,,,
2-2-4,u_on_y,none,1000,700048,clean,,gm_battery,none,0,0.0,,,,,,,,,,,,,,,,,,,,
2-2-4,u_on_y,none,1000,700048,clean,,gtest,none,0,668.4805460145776,,,,,,,,,,,,,,,,,,,,
2-2-4,u_on_y,none,1000,700049,clean,,kl_plugin,none,0,0.0,,,,,,,,,,,,,,,,,,,,
2-2-4,u_on_y,none,1000,700049,clean,,kl_split,none,0,0.01836646227161312,,,,,,,,,,,,,,,,,,,,
2-2-4,u_on_y,none,1000,700049,clean,,kl_crossfit,none,0,0.018356201474395893,,,,,,,,,,,,,,,,,,,,
2-2-4,u_on_y,none,1000,700049,clean,,cf1_margin,none,0,0.0,,,,,,,,,,,,,,,,,,,,
2-2-4,u_on_y,none,1000,700049,clean,,slack_plugin,none,0,0.0,,,,,,,,,,,,,,,,,,,,
2-2-4,u_on_y,none,1000,700049,clean,,gm_battery,none,0,0.0,,,,,,,,,,,,,,,,,,,,
2-2-4,u_on_y,none,1000,700049,clean,,gtest,none,0,1379.8875169167989,,,,,,,,,,,,,,,,,,,,
2-2-4,u_on_y,none,1000,700050,clean,,kl_plugin,none,0,0.0,,,,,,,,,,,,,,,,,,,,
2-2-4,u_on_y,none,1000,700050,clean,,kl_split,none,0,0.04780502547398642,,,,,,,,,,,,,,,,,,,,
2-2-4,u_on_y,none,1000,700050,clean,,kl_crossfit,none,0,0.04741511921383478,,,,,,,,,,,,,,,,,,,,
2-2-4,u_on_y,none,1000,700050,clean,,cf1_margin,none,0,0.0,,,,,,,,,,,,,,,,,,,,
2-2-4,u_on_y,none,1000,700050,clean,,slack_plugin,none,0,0.0,,,,,,,,,,,,,,,,,,,,
2-2-4,u_on_y,none,1000,700050,clean,,gm_battery,none,0,0.0,,,,,,,,,,,,,,,,,,,,
2-2-4,u_on_y,none,1000,700050,clean,,gtest,none,0,966.6198275176482,,,,,,,,,,,,,,,,,,,,
2-2-4,u_on_y,none,1000,700051,clean,,kl_plugin,none,0,0.000801235627571428,,,,,,,,,,,,,,,,,,,,
2-2-4,u_on_y,none,1000,700051,clean,,kl_split,none,0,0.0012424323789528811,,,,,,,,,,,,,,,,,,,,
2-2-4,u_on_y,none,1000,700051,clean,,kl_crossfit,none,0,0.001477522334447208,,,,,,,,,,,,,,,,,,,,
2-2-4,u_on_y,none,1000,700051,clean,,cf1_margin,none,0,0.02830126558940116,,,,,,,,,,,,,,,,,,,,
2-2-4,u_on_y,none,1000,700051,clean,,slack_plugin,none,0,0.05660253117880232,,,,,,,,,,,,,,,,,,,,
2-2-4,u_on_y,none,1000,700051,clean,,gm_battery,none,0,0.0,,,,,,,,,,,,,,,,,,,,
2-2-4,u_on_y,none,1000,700051,clean,,gtest,none,0,0.0,,,,,,,,,,,,,,,,,,,,
2-2-4,u_on_y,none,1000,700052,clean,,kl_plugin,none,0,0.003554194115822709,,,,,,,,,,,,,,,,,,,,
2-2-4,u_on_y,none,1000,700052,clean,,kl_split,none,0,0.03186352983543256,,,,,,,,,,,,,,,,,,,,
2-2-4,u_on_y,none,1000,700052,clean,,kl_crossfit,none,0,0.03746719576927118,,,,,,,,,,,,,,,,,,,,
2-2-4,u_on_y,none,1000,700052,clean,,cf1_margin,none,0,0.05955493105025811,,,,,,,,,,,,,,,,,,,,
2-2-4,u_on_y,none,1000,700052,clean,,slack_plugin,none,0,0.11910986210051622,,,,,,,,,,,,,,,,,,,,
2-2-4,u_on_y,none,1000,700052,clean,,gm_battery,none,0,0.0,,,,,,,,,,,,,,,,,,,,
2-2-4,u_on_y,none,1000,700052,clean,,gtest,none,0,0.0,,,,,,,,,,,,,,,,,,,,
2-2-4,u_on_y,none,1000,700053,clean,,kl_plugin,none,0,9.533263755139455e-05,,,,,,,,,,,,,,,,,,,,
2-2-4,u_on_y,none,1000,700053,clean,,kl_split,none,0,0.00026613015655524083,,,,,,,,,,,,,,,,,,,,
2-2-4,u_on_y,none,1000,700053,clean,,kl_crossfit,none,0,0.000539544719219973,,,,,,,,,,,,,,,,,,,,
2-2-4,u_on_y,none,1000,700053,clean,,cf1_margin,none,0,0.00976097609760973,,,,,,,,,,,,,,,,,,,,
2-2-4,u_on_y,none,1000,700053,clean,,slack_plugin,none,0,0.01952195219521946,,,,,,,,,,,,,,,,,,,,
2-2-4,u_on_y,none,1000,700053,clean,,gm_battery,none,0,0.0,,,,,,,,,,,,,,,,,,,,
2-2-4,u_on_y,none,1000,700053,clean,,gtest,none,0,0.0,,,,,,,,,,,,,,,,,,,,
2-2-4,u_on_y,none,1000,700054,clean,,kl_plugin,none,0,0.0014868500412191787,,,,,,,,,,,,,,,,,,,,
2-2-4,u_on_y,none,1000,700054,clean,,kl_split,none,0,0.005050951518477689,,,,,,,,,,,,,,,,,,,,
2-2-4,u_on_y,none,1000,700054,clean,,kl_crossfit,none,0,0.006222685152860945,,,,,,,,,,,,,,,,,,,,
2-2-4,u_on_y,none,1000,700054,clean,,cf1_margin,none,0,0.03833406981882459,,,,,,,,,,,,,,,,,,,,
2-2-4,u_on_y,none,1000,700054,clean,,slack_plugin,none,0,0.07666813963764907,,,,,,,,,,,,,,,,,,,,
2-2-4,u_on_y,none,1000,700054,clean,,gm_battery,none,0,0.0,,,,,,,,,,,,,,,,,,,,
2-2-4,u_on_y,none,1000,700054,clean,,gtest,none,0,0.0,,,,,,,,,,,,,,,,,,,,
2-2-4,u_on_y,none,1000,700055,clean,,kl_plugin,none,0,5.7501590916840726e-18,,,,,,,,,,,,,,,,,,,,
2-2-4,u_on_y,none,1000,700055,clean,,kl_split,none,0,0.010840298812951472,,,,,,,,,,,,,,,,,,,,
2-2-4,u_on_y,none,1000,700055,clean,,kl_crossfit,none,0,0.010839542322260358,,,,,,,,,,,,,,,,,,,,
2-2-4,u_on_y,none,1000,700055,clean,,cf1_margin,none,0,0.0,,,,,,,,,,,,,,,,,,,,
2-2-4,u_on_y,none,1000,700055,clean,,slack_plugin,none,0,0.0,,,,,,,,,,,,,,,,,,,,
2-2-4,u_on_y,none,1000,700055,clean,,gm_battery,none,0,0.0,,,,,,,,,,,,,,,,,,,,
2-2-4,u_on_y,none,1000,700055,clean,,gtest,none,0,581.9348674318453,,,,,,,,,,,,,,,,,,,,
2-2-4,u_on_y,none,1000,700056,clean,,kl_plugin,none,0,0.0006691586293734054,,,,,,,,,,,,,,,,,,,,
2-2-4,u_on_y,none,1000,700056,clean,,kl_split,none,0,0.004640894430828622,,,,,,,,,,,,,,,,,,,,
2-2-4,u_on_y,none,1000,700056,clean,,kl_crossfit,none,0,0.0032048644045983565,,,,,,,,,,,,,,,,,,,,
2-2-4,u_on_y,none,1000,700056,clean,,cf1_margin,none,0,0.025866637539392556,,,,,,,,,,,,,,,,,,,,
2-2-4,u_on_y,none,1000,700056,clean,,slack_plugin,none,0,0.051733275078785224,,,,,,,,,,,,,,,,,,,,
2-2-4,u_on_y,none,1000,700056,clean,,gm_battery,none,0,0.0,,,,,,,,,,,,,,,,,,,,
2-2-4,u_on_y,none,1000,700056,clean,,gtest,none,0,0.0,,,,,,,,,,,,,,,,,,,,
2-2-4,u_on_y,none,1000,700057,clean,,kl_plugin,none,0,0.0,,,,,,,,,,,,,,,,,,,,
2-2-4,u_on_y,none,1000,700057,clean,,kl_split,none,0,0.05286724495651756,,,,,,,,,,,,,,,,,,,,
2-2-4,u_on_y,none,1000,700057,clean,,kl_crossfit,none,0,0.053501528023602106,,,,,,,,,,,,,,,,,,,,
2-2-4,u_on_y,none,1000,700057,clean,,cf1_margin,none,0,0.0,,,,,,,,,,,,,,,,,,,,
2-2-4,u_on_y,none,1000,700057,clean,,slack_plugin,none,0,0.0,,,,,,,,,,,,,,,,,,,,
2-2-4,u_on_y,none,1000,700057,clean,,gm_battery,none,0,0.0,,,,,,,,,,,,,,,,,,,,
2-2-4,u_on_y,none,1000,700057,clean,,gtest,none,0,914.9366044260452,,,,,,,,,,,,,,,,,,,,
2-2-4,u_on_y,none,1000,700058,clean,,kl_plugin,none,0,0.0,,,,,,,,,,,,,,,,,,,,
2-2-4,u_on_y,none,1000,700058,clean,,kl_split,none,0,0.005978499622950731,,,,,,,,,,,,,,,,,,,,
2-2-4,u_on_y,none,1000,700058,clean,,kl_crossfit,none,0,0.005970652051468829,,,,,,,,,,,,,,,,,,,,
2-2-4,u_on_y,none,1000,700058,clean,,cf1_margin,none,0,0.0,,,,,,,,,,,,,,,,,,,,
2-2-4,u_on_y,none,1000,700058,clean,,slack_plugin,none,0,0.0,,,,,,,,,,,,,,,,,,,,
2-2-4,u_on_y,none,1000,700058,clean,,gm_battery,none,0,0.0,,,,,,,,,,,,,,,,,,,,
2-2-4,u_on_y,none,1000,700058,clean,,gtest,none,0,646.2211797521204,,,,,,,,,,,,,,,,,,,,
2-2-4,u_on_y,none,1000,700059,clean,,kl_plugin,none,0,0.0,,,,,,,,,,,,,,,,,,,,
2-2-4,u_on_y,none,1000,700059,clean,,kl_split,none,0,4.245353800993307e-05,,,,,,,,,,,,,,,,,,,,
2-2-4,u_on_y,none,1000,700059,clean,,kl_crossfit,none,0,4.244152931853892e-05,,,,,,,,,,,,,,,,,,,,
2-2-4,u_on_y,none,1000,700059,clean,,cf1_margin,none,0,0.0,,,,,,,,,,,,,,,,,,,,
2-2-4,u_on_y,none,1000,700059,clean,,slack_plugin,none,0,0.0,,,,,,,,,,,,,,,,,,,,
2-2-4,u_on_y,none,1000,700059,clean,,gm_battery,none,0,0.0,,,,,,,,,,,,,,,,,,,,
2-2-4,u_on_y,none,1000,700059,clean,,gtest,none,0,380.64070534341477,,,,,,,,,,,,,,,,,,,,
2-2-4,u_on_y,none,1000,700060,clean,,kl_plugin,none,0,5.743417032702887e-17,,,,,,,,,,,,,,,,,,,,
2-2-4,u_on_y,none,1000,700060,clean,,kl_split,none,0,0.004413461952602744,,,,,,,,,,,,,,,,,,,,
2-2-4,u_on_y,none,1000,700060,clean,,kl_crossfit,none,0,0.004411992589052305,,,,,,,,,,,,,,,,,,,,
2-2-4,u_on_y,none,1000,700060,clean,,cf1_margin,none,0,0.0,,,,,,,,,,,,,,,,,,,,
2-2-4,u_on_y,none,1000,700060,clean,,slack_plugin,none,0,0.0,,,,,,,,,,,,,,,,,,,,
2-2-4,u_on_y,none,1000,700060,clean,,gm_battery,none,0,0.0,,,,,,,,,,,,,,,,,,,,
2-2-4,u_on_y,none,1000,700060,clean,,gtest,none,0,1368.2842350868468,,,,,,,,,,,,,,,,,,,,
2-2-4,u_on_y,none,1000,700061,clean,,kl_plugin,none,0,0.0,,,,,,,,,,,,,,,,,,,,
2-2-4,u_on_y,none,1000,700061,clean,,kl_split,none,0,0.004223292739133702,,,,,,,,,,,,,,,,,,,,
2-2-4,u_on_y,none,1000,700061,clean,,kl_crossfit,none,0,0.004235987142667073,,,,,,,,,,,,,,,,,,,,
2-2-4,u_on_y,none,1000,700061,clean,,cf1_margin,none,0,0.0,,,,,,,,,,,,,,,,,,,,
2-2-4,u_on_y,none,1000,700061,clean,,slack_plugin,none,0,0.0,,,,,,,,,,,,,,,,,,,,
2-2-4,u_on_y,none,1000,700061,clean,,gm_battery,none,0,0.0,,,,,,,,,,,,,,,,,,,,
2-2-4,u_on_y,none,1000,700061,clean,,gtest,none,0,368.207066152014,,,,,,,,,,,,,,,,,,,,
2-2-4,u_on_y,none,1000,700062,clean,,kl_plugin,none,0,6.935500801753729e-17,,,,,,,,,,,,,,,,,,,,
2-2-4,u_on_y,none,1000,700062,clean,,kl_split,none,0,0.0027045085395606613,,,,,,,,,,,,,,,,,,,,
2-2-4,u_on_y,none,1000,700062,clean,,kl_crossfit,none,0,0.0027100616663677593,,,,,,,,,,,,,,,,,,,,
2-2-4,u_on_y,none,1000,700062,clean,,cf1_margin,none,0,0.0,,,,,,,,,,,,,,,,,,,,
2-2-4,u_on_y,none,1000,700062,clean,,slack_plugin,none,0,0.0,,,,,,,,,,,,,,,,,,,,
2-2-4,u_on_y,none,1000,700062,clean,,gm_battery,none,0,0.0,,,,,,,,,,,,,,,,,,,,
2-2-4,u_on_y,none,1000,700062,clean,,gtest,none,0,194.79702937166834,,,,,,,,,,,,,,,,,,,,
2-2-4,u_on_y,none,1000,700063,clean,,kl_plugin,none,0,0.0,,,,,,,,,,,,,,,,,,,,
2-2-4,u_on_y,none,1000,700063,clean,,kl_split,none,0,0.02890135693280709,,,,,,,,,,,,,,,,,,,,
2-2-4,u_on_y,none,1000,700063,clean,,kl_crossfit,none,0,0.029029831014140063,,,,,,,,,,,,,,,,,,,,
2-2-4,u_on_y,none,1000,700063,clean,,cf1_margin,none,0,0.0,,,,,,,,,,,,,,,,,,,,
2-2-4,u_on_y,none,1000,700063,clean,,slack_plugin,none,0,0.0,,,,,,,,,,,,,,,,,,,,
2-2-4,u_on_y,none,1000,700063,clean,,gm_battery,none,0,0.0,,,,,,,,,,,,,,,,,,,,
2-2-4,u_on_y,none,1000,700063,clean,,gtest,none,0,367.6861551457544,,,,,,,,,,,,,,,,,,,,
2-2-4,u_on_y,none,1000,700064,clean,,kl_plugin,none,0,9.750202120132907e-05,,,,,,,,,,,,,,,,,,,,
2-2-4,u_on_y,none,1000,700064,clean,,kl_split,none,0,0.0030906450394138293,,,,,,,,,,,,,,,,,,,,
2-2-4,u_on_y,none,1000,700064,clean,,kl_crossfit,none,0,0.0037326498866662727,,,,,,,,,,,,,,,,,,,,
2-2-4,u_on_y,none,1000,700064,clean,,cf1_margin,none,0,0.009874086090398082,,,,,,,,,,,,,,,,,,,,
2-2-4,u_on_y,none,1000,700064,clean,,slack_plugin,none,0,0.019748172180796164,,,,,,,,,,,,,,,,,,,,
2-2-4,u_on_y,none,1000,700064,clean,,gm_battery,none,0,0.0,,,,,,,,,,,,,,,,,,,,
2-2-4,u_on_y,none,1000,700064,clean,,gtest,none,0,0.0,,,,,,,,,,,,,,,,,,,,
2-2-4,u_on_y,none,1000,700065,clean,,kl_plugin,none,0,0.0,,,,,,,,,,,,,,,,,,,,
2-2-4,u_on_y,none,1000,700065,clean,,kl_split,none,0,0.017077866630724955,,,,,,,,,,,,,,,,,,,,
2-2-4,u_on_y,none,1000,700065,clean,,kl_crossfit,none,0,0.017094174844472045,,,,,,,,,,,,,,,,,,,,
2-2-4,u_on_y,none,1000,700065,clean,,cf1_margin,none,0,0.0,,,,,,,,,,,,,,,,,,,,
2-2-4,u_on_y,none,1000,700065,clean,,slack_plugin,none,0,0.0,,,,,,,,,,,,,,,,,,,,
2-2-4,u_on_y,none,1000,700065,clean,,gm_battery,none,0,0.0,,,,,,,,,,,,,,,,,,,,
2-2-4,u_on_y,none,1000,700065,clean,,gtest,none,0,306.1466489043828,,,,,,,,,,,,,,,,,,,,
2-2-4,u_on_y,none,1000,700066,clean,,kl_plugin,none,0,0.0036379731814072808,,,,,,,,,,,,,,,,,,,,
2-2-4,u_on_y,none,1000,700066,clean,,kl_split,none,0,0.015049510795360474,,,,,,,,,,,,,,,,,,,,
2-2-4,u_on_y,none,1000,700066,clean,,kl_crossfit,none,0,0.013403586486714476,,,,,,,,,,,,,,,,,,,,
2-2-4,u_on_y,none,1000,700066,clean,,cf1_margin,none,0,0.06029411764705883,,,,,,,,,,,,,,,,,,,,
2-2-4,u_on_y,none,1000,700066,clean,,slack_plugin,none,0,0.12058823529411766,,,,,,,,,,,,,,,,,,,,
2-2-4,u_on_y,none,1000,700066,clean,,gm_battery,none,0,0.0,,,,,,,,,,,,,,,,,,,,
2-2-4,u_on_y,none,1000,700066,clean,,gtest,none,0,0.0,,,,,,,,,,,,,,,,,,,,
2-2-4,u_on_y,none,1000,700067,clean,,kl_plugin,none,0,0.0,,,,,,,,,,,,,,,,,,,,
2-2-4,u_on_y,none,1000,700067,clean,,kl_split,none,0,0.0009627461501476708,,,,,,,,,,,,,,,,,,,,
2-2-4,u_on_y,none,1000,700067,clean,,kl_crossfit,none,0,0.0009624908215749074,,,,,,,,,,,,,,,,,,,,
2-2-4,u_on_y,none,1000,700067,clean,,cf1_margin,none,0,0.0,,,,,,,,,,,,,,,,,,,,
2-2-4,u_on_y,none,1000,700067,clean,,slack_plugin,none,0,0.0,,,,,,,,,,,,,,,,,,,,
2-2-4,u_on_y,none,1000,700067,clean,,gm_battery,none,0,0.0,,,,,,,,,,,,,,,,,,,,
2-2-4,u_on_y,none,1000,700067,clean,,gtest,none,0,0.6690135725324602,,,,,,,,,,,,,,,,,,,,
2-2-4,u_on_y,none,1000,700068,clean,,kl_plugin,none,0,0.007739743166645552,,,,,,,,,,,,,,,,,,,,
2-2-4,u_on_y,none,1000,700068,clean,,kl_split,none,0,0.01887266749039447,,,,,,,,,,,,,,,,,,,,
2-2-4,u_on_y,none,1000,700068,clean,,kl_crossfit,none,0,0.016695109839762523,,,,,,,,,,,,,,,,,,,,
2-2-4,u_on_y,none,1000,700068,clean,,cf1_margin,none,0,0.08790834845735018,,,,,,,,,,,,,,,,,,,,
2-2-4,u_on_y,none,1000,700068,clean,,slack_plugin,none,0,0.17581669691470053,,,,,,,,,,,,,,,,,,,,
2-2-4,u_on_y,none,1000,700068,clean,,gm_battery,none,0,0.0,,,,,,,,,,,,,,,,,,,,
2-2-4,u_on_y,none,1000,700068,clean,,gtest,none,0,0.0,,,,,,,,,,,,,,,,,,,,
2-2-4,u_on_y,none,1000,700069,clean,,kl_plugin,none,0,0.0,,,,,,,,,,,,,,,,,,,,
2-2-4,u_on_y,none,1000,700069,clean,,kl_split,none,0,0.0035877816371344823,,,,,,,,,,,,,,,,,,,,
2-2-4,u_on_y,none,1000,700069,clean,,kl_crossfit,none,0,0.003589766062339683,,,,,,,,,,,,,,,,,,,,
2-2-4,u_on_y,none,1000,700069,clean,,cf1_margin,none,0,0.0,,,,,,,,,,,,,,,,,,,,
2-2-4,u_on_y,none,1000,700069,clean,,slack_plugin,none,0,0.0,,,,,,,,,,,,,,,,,,,,
2-2-4,u_on_y,none,1000,700069,clean,,gm_battery,none,0,0.0,,,,,,,,,,,,,,,,,,,,
2-2-4,u_on_y,none,1000,700069,clean,,gtest,none,0,372.4682458348524,,,,,,,,,,,,,,,,,,,,
2-2-4,u_on_y,none,1000,700070,clean,,kl_plugin,none,0,6.294568041401558e-17,,,,,,,,,,,,,,,,,,,,
2-2-4,u_on_y,none,1000,700070,clean,,kl_split,none,0,0.048993784915305066,,,,,,,,,,,,,,,,,,,,
2-2-4,u_on_y,none,1000,700070,clean,,kl_crossfit,none,0,0.048779226991588105,,,,,,,,,,,,,,,,,,,,
2-2-4,u_on_y,none,1000,700070,clean,,cf1_margin,none,0,0.0,,,,,,,,,,,,,,,,,,,,
2-2-4,u_on_y,none,1000,700070,clean,,slack_plugin,none,0,0.0,,,,,,,,,,,,,,,,,,,,
2-2-4,u_on_y,none,1000,700070,clean,,gm_battery,none,0,0.0,,,,,,,,,,,,,,,,,,,,
2-2-4,u_on_y,none,1000,700070,clean,,gtest,none,0,0.23695826836464917,,,,,,,,,,,,,,,,,,,,
2-2-4,u_on_y,none,1000,700071,clean,,kl_plugin,none,0,5.930826164968374e-17,,,,,,,,,,,,,,,,,,,,
2-2-4,u_on_y,none,1000,700071,clean,,kl_split,none,0,0.004591506767817088,,,,,,,,,,,,,,,,,,,,
2-2-4,u_on_y,none,1000,700071,clean,,kl_crossfit,none,0,0.0045992796520572385,,,,,,,,,,,,,,,,,,,,
2-2-4,u_on_y,none,1000,700071,clean,,cf1_margin,none,0,0.0,,,,,,,,,,,,,,,,,,,,
2-2-4,u_on_y,none,1000,700071,clean,,slack_plugin,none,0,0.0,,,,,,,,,,,,,,,,,,,,
2-2-4,u_on_y,none,1000,700071,clean,,gm_battery,none,0,0.0,,,,,,,,,,,,,,,,,,,,
2-2-4,u_on_y,none,1000,700071,clean,,gtest,none,0,0.9265438253111622,,,,,,,,,,,,,,,,,,,,
2-2-4,u_on_y,none,1000,700072,clean,,kl_plugin,none,0,0.0,,,,,,,,,,,,,,,,,,,,
2-2-4,u_on_y,none,1000,700072,clean,,kl_split,none,0,0.0,,,,,,,,,,,,,,,,,,,,
2-2-4,u_on_y,none,1000,700072,clean,,kl_crossfit,none,0,0.0,,,,,,,,,,,,,,,,,,,,
2-2-4,u_on_y,none,1000,700072,clean,,cf1_margin,none,0,0.0,,,,,,,,,,,,,,,,,,,,
2-2-4,u_on_y,none,1000,700072,clean,,slack_plugin,none,0,0.0,,,,,,,,,,,,,,,,,,,,
2-2-4,u_on_y,none,1000,700072,clean,,gm_battery,none,0,0.0,,,,,,,,,,,,,,,,,,,,
2-2-4,u_on_y,none,1000,700072,clean,,gtest,none,0,0.0,,,,,,,,,,,,,,,,,,,,
2-2-4,u_on_y,none,1000,700073,clean,,kl_plugin,none,0,5.842711829518002e-17,,,,,,,,,,,,,,,,,,,,
2-2-4,u_on_y,none,1000,700073,clean,,kl_split,none,0,0.025419067289216786,,,,,,,,,,,,,,,,,,,,
2-2-4,u_on_y,none,1000,700073,clean,,kl_crossfit,none,0,0.02538159491863507,,,,,,,,,,,,,,,,,,,,
2-2-4,u_on_y,none,1000,700073,clean,,cf1_margin,none,0,0.0,,,,,,,,,,,,,,,,,,,,
2-2-4,u_on_y,none,1000,700073,clean,,slack_plugin,none,0,0.0,,,,,,,,,,,,,,,,,,,,
2-2-4,u_on_y,none,1000,700073,clean,,gm_battery,none,0,0.0,,,,,,,,,,,,,,,,,,,,
2-2-4,u_on_y,none,1000,700073,clean,,gtest,none,0,1312.481741255337,,,,,,,,,,,,,,,,,,,,
2-2-4,u_on_y,none,1000,700074,clean,,kl_plugin,none,0,0.0,,,,,,,,,,,,,,,,,,,,
2-2-4,u_on_y,none,1000,700074,clean,,kl_split,none,0,0.004080672697831793,,,,,,,,,,,,,,,,,,,,
2-2-4,u_on_y,none,1000,700074,clean,,kl_crossfit,none,0,0.004082355335757053,,,,,,,,,,,,,,,,,,,,
2-2-4,u_on_y,none,1000,700074,clean,,cf1_margin,none,0,0.0,,,,,,,,,,,,,,,,,,,,
2-2-4,u_on_y,none,1000,700074,clean,,slack_plugin,none,0,0.0,,,,,,,,,,,,,,,,,,,,
2-2-4,u_on_y,none,1000,700074,clean,,gm_battery,none,0,0.0,,,,,,,,,,,,,,,,,,,,
2-2-4,u_on_y,none,1000,700074,clean,,gtest,none,0,421.3346256266018,,,,,,,,,,,,,,,,,,,,
2-2-4,u_on_y,none,1000,700075,clean,,kl_plugin,none,0,0.0007216803500100771,,,,,,,,,,,,,,,,,,,,
2-2-4,u_on_y,none,1000,700075,clean,,kl_split,none,0,0.0016710741296418335,,,,,,,,,,,,,,,,,,,,
2-2-4,u_on_y,none,1000,700075,clean,,kl_crossfit,none,0,0.004347033386627,,,,,,,,,,,,,,,,,,,,
2-2-4,u_on_y,none,1000,700075,clean,,cf1_margin,none,0,0.02683916793505836,,,,,,,,,,,,,,,,,,,,
2-2-4,u_on_y,none,1000,700075,clean,,slack_plugin,none,0,0.05367833587011672,,,,,,,,,,,,,,,,,,,,
2-2-4,u_on_y,none,1000,700075,clean,,gm_battery,none,0,0.0,,,,,,,,,,,,,,,,,,,,
2-2-4,u_on_y,none,1000,700075,clean,,gtest,none,0,0.0,,,,,,,,,,,,,,,,,,,,
2-2-4,u_on_y,none,1000,700076,clean,,kl_plugin,none,0,0.0005631836646505985,,,,,,,,,,,,,,,,,,,,
2-2-4,u_on_y,none,1000,700076,clean,,kl_split,none,0,0.0027492069868154667,,,,,,,,,,,,,,,,,,,,
2-2-4,u_on_y,none,1000,700076,clean,,kl_crossfit,none,0,0.003895584886522266,,,,,,,,,,,,,,,,,,,,
2-2-4,u_on_y,none,1000,700076,clean,,cf1_margin,none,0,0.023700853230716357,,,,,,,,,,,,,,,,,,,,
2-2-4,u_on_y,none,1000,700076,clean,,slack_plugin,none,0,0.04740170646143249,,,,,,,,,,,,,,,,,,,,
2-2-4,u_on_y,none,1000,700076,clean,,gm_battery,none,0,0.0,,,,,,,,,,,,,,,,,,,,
2-2-4,u_on_y,none,1000,700076,clean,,gtest,none,0,0.0,,,,,,,,,,,,,,,,,,,,
2-2-4,u_on_y,none,1000,700077,clean,,kl_plugin,none,0,0.0,,,,,,,,,,,,,,,,,,,,
2-2-4,u_on_y,none,1000,700077,clean,,kl_split,none,0,0.01836915782390469,,,,,,,,,,,,,,,,,,,,
2-2-4,u_on_y,none,1000,700077,clean,,kl_crossfit,none,0,0.01842065876298591,,,,,,,,,,,,,,,,,,,,
2-2-4,u_on_y,none,1000,700077,clean,,cf1_margin,none,0,0.0,,,,,,,,,,,,,,,,,,,,
2-2-4,u_on_y,none,1000,700077,clean,,slack_plugin,none,0,0.0,,,,,,,,,,,,,,,,,,,,
2-2-4,u_on_y,none,1000,700077,clean,,gm_battery,none,0,0.0,,,,,,,,,,,,,,,,,,,,
2-2-4,u_on_y,none,1000,700077,clean,,gtest,none,0,288.069906187591,,,,,,,,,,,,,,,,,,,,
2-2-4,u_on_y,none,1000,700078,clean,,kl_plugin,none,0,1.2093325670457095e-05,,,,,,,,,,,,,,,,,,,,
2-2-4,u_on_y,none,1000,700078,clean,,kl_split,none,0,0.00036785911157658814,,,,,,,,,,,,,,,,,,,,
2-2-4,u_on_y,none,1000,700078,clean,,kl_crossfit,none,0,0.0002669459700444521,,,,,,,,,,,,,,,,,,,,
2-2-4,u_on_y,none,1000,700078,clean,,cf1_margin,none,0,0.0034774421818291046,,,,,,,,,,,,,,,,,,,,
2-2-4,u_on_y,none,1000,700078,clean,,slack_plugin,none,0,0.006954884363658431,,,,,,,,,,,,,,,,,,,,
2-2-4,u_on_y,none,1000,700078,clean,,gm_battery,none,0,0.0,,,,,,,,,,,,,,,,,,,,
2-2-4,u_on_y,none,1000,700078,clean,,gtest,none,0,0.0,,,,,,,,,,,,,,,,,,,,
2-2-4,u_on_y,none,1000,700079,clean,,kl_plugin,none,0,0.0,,,,,,,,,,,,,,,,,,,,
2-2-4,u_on_y,none,1000,700079,clean,,kl_split,none,0,0.06945168652445113,,,,,,,,,,,,,,,,,,,,
2-2-4,u_on_y,none,1000,700079,clean,,kl_crossfit,none,0,0.0693470699180655,,,,,,,,,,,,,,,,,,,,
2-2-4,u_on_y,none,1000,700079,clean,,cf1_margin,none,0,0.0,,,,,,,,,,,,,,,,,,,,
2-2-4,u_on_y,none,1000,700079,clean,,slack_plugin,none,0,0.0,,,,,,,,,,,,,,,,,,,,
2-2-4,u_on_y,none,1000,700079,clean,,gm_battery,none,0,0.0,,,,,,,,,,,,,,,,,,,,
2-2-4,u_on_y,none,1000,700079,clean,,gtest,none,0,447.0431203447332,,,,,,,,,,,,,,,,,,,,
2-2-4,u_on_y,none,1000,700080,clean,,kl_plugin,none,0,5.93840222473921e-17,,,,,,,,,,,,,,,,,,,,
2-2-4,u_on_y,none,1000,700080,clean,,kl_split,none,0,0.0030380909319856833,,,,,,,,,,,,,,,,,,,,
2-2-4,u_on_y,none,1000,700080,clean,,kl_crossfit,none,0,0.003036230512327282,,,,,,,,,,,,,,,,,,,,
2-2-4,u_on_y,none,1000,700080,clean,,cf1_margin,none,0,0.0,,,,,,,,,,,,,,,,,,,,
2-2-4,u_on_y,none,1000,700080,clean,,slack_plugin,none,0,0.0,,,,,,,,,,,,,,,,,,,,
2-2-4,u_on_y,none,1000,700080,clean,,gm_battery,none,0,0.0,,,,,,,,,,,,,,,,,,,,
2-2-4,u_on_y,none,1000,700080,clean,,gtest,none,0,768.9626339619026,,,,,,,,,,,,,,,,,,,,
2-2-4,u_on_y,none,1000,700081,clean,,kl_plugin,none,0,0.0,,,,,,,,,,,,,,,,,,,,
2-2-4,u_on_y,none,1000,700081,clean,,kl_split,none,0,0.0035141125625803137,,,,,,,,,,,,,,,,,,,,
2-2-4,u_on_y,none,1000,700081,clean,,kl_crossfit,none,0,0.0035130920900384105,,,,,,,,,,,,,,,,,,,,
2-2-4,u_on_y,none,1000,700081,clean,,cf1_margin,none,0,0.0,,,,,,,,,,,,,,,,,,,,
2-2-4,u_on_y,none,1000,700081,clean,,slack_plugin,none,0,0.0,,,,,,,,,,,,,,,,,,,,
2-2-4,u_on_y,none,1000,700081,clean,,gm_battery,none,0,0.0,,,,,,,,,,,,,,,,,,,,
2-2-4,u_on_y,none,1000,700081,clean,,gtest,none,0,1.9589490040415427,,,,,,,,,,,,,,,,,,,,
2-2-4,u_on_y,none,1000,700082,clean,,kl_plugin,none,0,0.0,,,,,,,,,,,,,,,,,,,,
2-2-4,u_on_y,none,1000,700082,clean,,kl_split,none,0,0.0027382274249127055,,,,,,,,,,,,,,,,,,,,
2-2-4,u_on_y,none,1000,700082,clean,,kl_crossfit,none,0,0.0027395083222653428,,,,,,,,,,,,,,,,,,,,
2-2-4,u_on_y,none,1000,700082,clean,,cf1_margin,none,0,0.0,,,,,,,,,,,,,,,,,,,,
2-2-4,u_on_y,none,1000,700082,clean,,slack_plugin,none,0,0.0,,,,,,,,,,,,,,,,,,,,
2-2-4,u_on_y,none,1000,700082,clean,,gm_battery,none,0,0.0,,,,,,,,,,,,,,,,,,,,
2-2-4,u_on_y,none,1000,700082,clean,,gtest,none,0,654.4250850334779,,,,,,,,,,,,,,,,,,,,
2-2-4,u_on_y,none,1000,700083,clean,,kl_plugin,none,0,0.0,,,,,,,,,,,,,,,,,,,,
2-2-4,u_on_y,none,1000,700083,clean,,kl_split,none,0,0.027012826222387258,,,,,,,,,,,,,,,,,,,,
2-2-4,u_on_y,none,1000,700083,clean,,kl_crossfit,none,0,0.026957231908998257,,,,,,,,,,,,,,,,,,,,
2-2-4,u_on_y,none,1000,700083,clean,,cf1_margin,none,0,0.0,,,,,,,,,,,,,,,,,,,,
2-2-4,u_on_y,none,1000,700083,clean,,slack_plugin,none,0,0.0,,,,,,,,,,,,,,,,,,,,
2-2-4,u_on_y,none,1000,700083,clean,,gm_battery,none,0,0.0,,,,,,,,,,,,,,,,,,,,
2-2-4,u_on_y,none,1000,700083,clean,,gtest,none,0,665.9995410011135,,,,,,,,,,,,,,,,,,,,
2-2-4,u_on_y,none,1000,700084,clean,,kl_plugin,none,0,1.1724597583744871e-16,,,,,,,,,,,,,,,,,,,,
2-2-4,u_on_y,none,1000,700084,clean,,kl_split,none,0,0.012042636142016554,,,,,,,,,,,,,,,,,,,,
2-2-4,u_on_y,none,1000,700084,clean,,kl_crossfit,none,0,0.012047782453470835,,,,,,,,,,,,,,,,,,,,
2-2-4,u_on_y,none,1000,700084,clean,,cf1_margin,none,0,0.0,,,,,,,,,,,,,,,,,,,,
2-2-4,u_on_y,none,1000,700084,clean,,slack_plugin,none,0,0.0,,,,,,,,,,,,,,,,,,,,
2-2-4,u_on_y,none,1000,700084,clean,,gm_battery,none,0,0.0,,,,,,,,,,,,,,,,,,,,
2-2-4,u_on_y,none,1000,700084,clean,,gtest,none,0,1375.0372246960414,,,,,,,,,,,,,,,,,,,,
2-2-4,u_on_y,none,1000,700085,clean,,kl_plugin,none,0,0.0,,,,,,,,,,,,,,,,,,,,
2-2-4,u_on_y,none,1000,700085,clean,,kl_split,none,0,0.02771012454361435,,,,,,,,,,,,,,,,,,,,
2-2-4,u_on_y,none,1000,700085,clean,,kl_crossfit,none,0,0.027593904344360633,,,,,,,,,,,,,,,,,,,,
2-2-4,u_on_y,none,1000,700085,clean,,cf1_margin,none,0,0.0,,,,,,,,,,,,,,,,,,,,
2-2-4,u_on_y,none,1000,700085,clean,,slack_plugin,none,0,0.0,,,,,,,,,,,,,,,,,,,,
2-2-4,u_on_y,none,1000,700085,clean,,gm_battery,none,0,0.0,,,,,,,,,,,,,,,,,,,,
2-2-4,u_on_y,none,1000,700085,clean,,gtest,none,0,1369.8653260741057,,,,,,,,,,,,,,,,,,,,
2-2-4,u_on_y,none,1000,700086,clean,,kl_plugin,none,0,0.0,,,,,,,,,,,,,,,,,,,,
2-2-4,u_on_y,none,1000,700086,clean,,kl_split,none,0,0.0,,,,,,,,,,,,,,,,,,,,
2-2-4,u_on_y,none,1000,700086,clean,,kl_crossfit,none,0,0.0,,,,,,,,,,,,,,,,,,,,
2-2-4,u_on_y,none,1000,700086,clean,,cf1_margin,none,0,0.0,,,,,,,,,,,,,,,,,,,,
2-2-4,u_on_y,none,1000,700086,clean,,slack_plugin,none,0,0.0,,,,,,,,,,,,,,,,,,,,
2-2-4,u_on_y,none,1000,700086,clean,,gm_battery,none,0,0.0,,,,,,,,,,,,,,,,,,,,
2-2-4,u_on_y,none,1000,700086,clean,,gtest,none,0,1066.327681474597,,,,,,,,,,,,,,,,,,,,
2-2-4,u_on_y,none,1000,700087,clean,,kl_plugin,none,0,1.0492944427847525e-05,,,,,,,,,,,,,,,,,,,,
2-2-4,u_on_y,none,1000,700087,clean,,kl_split,none,0,0.0009435863119443173,,,,,,,,,,,,,,,,,,,,
2-2-4,u_on_y,none,1000,700087,clean,,kl_crossfit,none,0,0.0011171196814868441,,,,,,,,,,,,,,,,,,,,
2-2-4,u_on_y,none,1000,700087,clean,,cf1_margin,none,0,0.0032389741769456304,,,,,,,,,,,,,,,,,,,,
2-2-4,u_on_y,none,1000,700087,clean,,slack_plugin,none,0,0.006477948353891261,,,,,,,,,,,,,,,,,,,,
2-2-4,u_on_y,none,1000,700087,clean,,gm_battery,none,0,0.0,,,,,,,,,,,,,,,,,,,,
2-2-4,u_on_y,none,1000,700087,clean,,gtest,none,0,0.0,,,,,,,,,,,,,,,,,,,,
2-2-4,u_on_y,none,1000,700088,clean,,kl_plugin,none,0,3.713918190374581e-05,,,,,,,,,,,,,,,,,,,,
2-2-4,u_on_y,none,1000,700088,clean,,kl_split,none,0,0.002324938405211495,,,,,,,,,,,,,,,,,,,,
2-2-4,u_on_y,none,1000,700088,clean,,kl_crossfit,none,0,0.0018115316439944323,,,,,,,,,,,,,,,,,,,,
2-2-4,u_on_y,none,1000,700088,clean,,cf1_margin,none,0,0.0060922612702734025,,,,,,,,,,,,,,,,,,,,
2-2-4,u_on_y,none,1000,700088,clean,,slack_plugin,none,0,0.012184522540546805,,,,,,,,,,,,,,,,,,,,
2-2-4,u_on_y,none,1000,700088,clean,,gm_battery,none,0,0.0,,,,,,,,,,,,,,,,,,,,
2-2-4,u_on_y,none,1000,700088,clean,,gtest,none,0,0.0,,,,,,,,,,,,,,,,,,,,
2-2-4,u_on_y,none,1000,700089,clean,,kl_plugin,none,0,0.011352403945136966,,,,,,,,,,,,,,,,,,,,
2-2-4,u_on_y,none,1000,700089,clean,,kl_split,none,0,0.0071426800578662,,,,,,,,,,,,,,,,,,,,
2-2-4,u_on_y,none,1000,700089,clean,,kl_crossfit,none,0,0.012430149077955073,,,,,,,,,,,,,,,,,,,,
2-2-4,u_on_y,none,1000,700089,clean,,cf1_margin,none,0,0.10618459359509003,,,,,,,,,,,,,,,,,,,,
2-2-4,u_on_y,none,1000,700089,clean,,slack_plugin,none,0,0.21236918719018016,,,,,,,,,,,,,,,,,,,,
2-2-4,u_on_y,none,1000,700089,clean,,gm_battery,none,0,0.0,,,,,,,,,,,,,,,,,,,,
2-2-4,u_on_y,none,1000,700089,clean,,gtest,none,0,0.0,,,,,,,,,,,,,,,,,,,,
2-2-4,u_on_y,none,1000,700090,clean,,kl_plugin,none,0,0.0,,,,,,,,,,,,,,,,,,,,
2-2-4,u_on_y,none,1000,700090,clean,,kl_split,none,0,0.026466930591609136,,,,,,,,,,,,,,,,,,,,
2-2-4,u_on_y,none,1000,700090,clean,,kl_crossfit,none,0,0.02645944575326356,,,,,,,,,,,,,,,,,,,,
2-2-4,u_on_y,none,1000,700090,clean,,cf1_margin,none,0,0.0,,,,,,,,,,,,,,,,,,,,
2-2-4,u_on_y,none,1000,700090,clean,,slack_plugin,none,0,0.0,,,,,,,,,,,,,,,,,,,,
2-2-4,u_on_y,none,1000,700090,clean,,gm_battery,none,0,0.0,,,,,,,,,,,,,,,,,,,,
2-2-4,u_on_y,none,1000,700090,clean,,gtest,none,0,1230.0829088986918,,,,,,,,,,,,,,,,,,,,
2-2-4,u_on_y,none,1000,700091,clean,,kl_plugin,none,0,0.0004352349010684452,,,,,,,,,,,,,,,,,,,,
2-2-4,u_on_y,none,1000,700091,clean,,kl_split,none,0,0.00020899772515013681,,,,,,,,,,,,,,,,,,,,
2-2-4,u_on_y,none,1000,700091,clean,,kl_crossfit,none,0,0.000707645591804704,,,,,,,,,,,,,,,,,,,,
2-2-4,u_on_y,none,1000,700091,clean,,cf1_margin,none,0,0.020846089507321586,,,,,,,,,,,,,,,,,,,,
2-2-4,u_on_y,none,1000,700091,clean,,slack_plugin,none,0,0.041692179014643116,,,,,,,,,,,,,,,,,,,,
2-2-4,u_on_y,none,1000,700091,clean,,gm_battery,none,0,0.0,,,,,,,,,,,,,,,,,,,,
2-2-4,u_on_y,none,1000,700091,clean,,gtest,none,0,0.0,,,,,,,,,,,,,,,,,,,,
2-2-4,u_on_y,none,1000,700092,clean,,kl_plugin,none,0,0.0,,,,,,,,,,,,,,,,,,,,
2-2-4,u_on_y,none,1000,700092,clean,,kl_split,none,0,0.0,,,,,,,,,,,,,,,,,,,,
2-2-4,u_on_y,none,1000,700092,clean,,kl_crossfit,none,0,0.0,,,,,,,,,,,,,,,,,,,,
2-2-4,u_on_y,none,1000,700092,clean,,cf1_margin,none,0,0.0,,,,,,,,,,,,,,,,,,,,
2-2-4,u_on_y,none,1000,700092,clean,,slack_plugin,none,0,0.0,,,,,,,,,,,,,,,,,,,,
2-2-4,u_on_y,none,1000,700092,clean,,gm_battery,none,0,0.0,,,,,,,,,,,,,,,,,,,,
2-2-4,u_on_y,none,1000,700092,clean,,gtest,none,0,0.0,,,,,,,,,,,,,,,,,,,,
2-2-4,u_on_y,none,1000,700093,clean,,kl_plugin,none,0,0.0,,,,,,,,,,,,,,,,,,,,
2-2-4,u_on_y,none,1000,700093,clean,,kl_split,none,0,0.017425583128582542,,,,,,,,,,,,,,,,,,,,
2-2-4,u_on_y,none,1000,700093,clean,,kl_crossfit,none,0,0.017484855378199802,,,,,,,,,,,,,,,,,,,,
2-2-4,u_on_y,none,1000,700093,clean,,cf1_margin,none,0,0.0,,,,,,,,,,,,,,,,,,,,
2-2-4,u_on_y,none,1000,700093,clean,,slack_plugin,none,0,0.0,,,,,,,,,,,,,,,,,,,,
2-2-4,u_on_y,none,1000,700093,clean,,gm_battery,none,0,0.0,,,,,,,,,,,,,,,,,,,,
2-2-4,u_on_y,none,1000,700093,clean,,gtest,none,0,4.84643443284979,,,,,,,,,,,,,,,,,,,,
2-2-4,u_on_y,none,1000,700094,clean,,kl_plugin,none,0,6.849770495967136e-17,,,,,,,,,,,,,,,,,,,,
2-2-4,u_on_y,none,1000,700094,clean,,kl_split,none,0,0.0071068843240776405,,,,,,,,,,,,,,,,,,,,
2-2-4,u_on_y,none,1000,700094,clean,,kl_crossfit,none,0,0.007109941918157853,,,,,,,,,,,,,,,,,,,,
2-2-4,u_on_y,none,1000,700094,clean,,cf1_margin,none,0,0.0,,,,,,,,,,,,,,,,,,,,
2-2-4,u_on_y,none,1000,700094,clean,,slack_plugin,none,0,0.0,,,,,,,,,,,,,,,,,,,,
2-2-4,u_on_y,none,1000,700094,clean,,gm_battery,none,0,0.0,,,,,,,,,,,,,,,,,,,,
2-2-4,u_on_y,none,1000,700094,clean,,gtest,none,0,0.9802231633681959,,,,,,,,,,,,,,,,,,,,
2-2-4,u_on_y,none,1000,700095,clean,,kl_plugin,none,0,0.0,,,,,,,,,,,,,,,,,,,,
2-2-4,u_on_y,none,1000,700095,clean,,kl_split,none,0,0.0019529143589911806,,,,,,,,,,,,,,,,,,,,
2-2-4,u_on_y,none,1000,700095,clean,,kl_crossfit,none,0,0.0019519243324269738,,,,,,,,,,,,,,,,,,,,
2-2-4,u_on_y,none,1000,700095,clean,,cf1_margin,none,0,0.0,,,,,,,,,,,,,,,,,,,,
2-2-4,u_on_y,none,1000,700095,clean,,slack_plugin,none,0,0.0,,,,,,,,,,,,,,,,,,,,
2-2-4,u_on_y,none,1000,700095,clean,,gm_battery,none,0,0.0,,,,,,,,,,,,,,,,,,,,
2-2-4,u_on_y,none,1000,700095,clean,,gtest,none,0,1202.5077370550798,,,,,,,,,,,,,,,,,,,,
2-2-4,u_on_y,none,1000,700096,clean,,kl_plugin,none,0,0.0035574733630651424,,,,,,,,,,,,,,,,,,,,
2-2-4,u_on_y,none,1000,700096,clean,,kl_split,none,0,0.002790666917103321,,,,,,,,,,,,,,,,,,,,
2-2-4,u_on_y,none,1000,700096,clean,,kl_crossfit,none,0,0.006425111379645902,,,,,,,,,,,,,,,,,,,,
2-2-4,u_on_y,none,1000,700096,clean,,cf1_margin,none,0,0.05962493588380269,,,,,,,,,,,,,,,,,,,,
2-2-4,u_on_y,none,1000,700096,clean,,slack_plugin,none,0,0.11924987176760538,,,,,,,,,,,,,,,,,,,,
2-2-4,u_on_y,none,1000,700096,clean,,gm_battery,none,0,0.0,,,,,,,,,,,,,,,,,,,,
2-2-4,u_on_y,none,1000,700096,clean,,gtest,none,0,0.0,,,,,,,,,,,,,,,,,,,,
2-2-4,u_on_y,none,1000,700097,clean,,kl_plugin,none,0,0.0003465859362983166,,,,,,,,,,,,,,,,,,,,
2-2-4,u_on_y,none,1000,700097,clean,,kl_split,none,0,0.0025679960066555957,,,,,,,,,,,,,,,,,,,,
2-2-4,u_on_y,none,1000,700097,clean,,kl_crossfit,none,0,0.0027969964218875383,,,,,,,,,,,,,,,,,,,,
2-2-4,u_on_y,none,1000,700097,clean,,cf1_margin,none,0,0.018608101135190958,,,,,,,,,,,,,,,,,,,,
2-2-4,u_on_y,none,1000,700097,clean,,slack_plugin,none,0,0.037216202270381915,,,,,,,,,,,,,,,,,,,,
2-2-4,u_on_y,none,1000,700097,clean,,gm_battery,none,0,0.0,,,,,,,,,,,,,,,,,,,,
2-2-4,u_on_y,none,1000,700097,clean,,gtest,none,0,0.0,,,,,,,,,,,,,,,,,,,,
2-2-4,u_on_y,none,1000,700098,clean,,kl_plugin,none,0,0.0026796023536497723,,,,,,,,,,,,,,,,,,,,
2-2-4,u_on_y,none,1000,700098,clean,,kl_split,none,0,0.00047500403117241644,,,,,,,,,,,,,,,,,,,,
2-2-4,u_on_y,none,1000,700098,clean,,kl_crossfit,none,0,0.00537632021402284,,,,,,,,,,,,,,,,,,,,
2-2-4,u_on_y,none,1000,700098,clean,,cf1_margin,none,0,0.05173191482743067,,,,,,,,,,,,,,,,,,,,
2-2-4,u_on_y,none,1000,700098,clean,,slack_plugin,none,0,0.10346382965486134,,,,,,,,,,,,,,,,,,,,
2-2-4,u_on_y,none,1000,700098,clean,,gm_battery,none,0,0.0,,,,,,,,,,,,,,,,,,,,
2-2-4,u_on_y,none,1000,700098,clean,,gtest,none,0,0.0,,,,,,,,,,,,,,,,,,,,
2-2-4,u_on_y,none,1000,700099,clean,,kl_plugin,none,0,6.430914501130624e-17,,,,,,,,,,,,,,,,,,,,
2-2-4,u_on_y,none,1000,700099,clean,,kl_split,none,0,2.8563540638383567e-05,,,,,,,,,,,,,,,,,,,,
2-2-4,u_on_y,none,1000,700099,clean,,kl_crossfit,none,0,2.85597342034405e-05,,,,,,,,,,,,,,,,,,,,
2-2-4,u_on_y,none,1000,700099,clean,,cf1_margin,none,0,0.0,,,,,,,,,,,,,,,,,,,,
2-2-4,u_on_y,none,1000,700099,clean,,slack_plugin,none,0,0.0,,,,,,,,,,,,,,,,,,,,
2-2-4,u_on_y,none,1000,700099,clean,,gm_battery,none,0,0.0,,,,,,,,,,,,,,,,,,,,
2-2-4,u_on_y,none,1000,700099,clean,,gtest,none,0,393.60610797286375,,,,,,,,,,,,,,,,,,,,
2-2-4,u_on_y,none,1000,700100,clean,,kl_plugin,none,0,0.0,,,,,,,,,,,,,,,,,,,,
2-2-4,u_on_y,none,1000,700100,clean,,kl_split,none,0,0.03127014983906154,,,,,,,,,,,,,,,,,,,,
2-2-4,u_on_y,none,1000,700100,clean,,kl_crossfit,none,0,0.031218945589569533,,,,,,,,,,,,,,,,,,,,
2-2-4,u_on_y,none,1000,700100,clean,,cf1_margin,none,0,0.0,,,,,,,,,,,,,,,,,,,,
2-2-4,u_on_y,none,1000,700100,clean,,slack_plugin,none,0,0.0,,,,,,,,,,,,,,,,,,,,
2-2-4,u_on_y,none,1000,700100,clean,,gm_battery,none,0,0.0,,,,,,,,,,,,,,,,,,,,
2-2-4,u_on_y,none,1000,700100,clean,,gtest,none,0,1242.9600431726303,,,,,,,,,,,,,,,,,,,,
2-2-4,u_on_y,none,1000,700101,clean,,kl_plugin,none,0,0.00038097555807802864,,,,,,,,,,,,,,,,,,,,
2-2-4,u_on_y,none,1000,700101,clean,,kl_split,none,0,0.0016094088181739415,,,,,,,,,,,,,,,,,,,,
2-2-4,u_on_y,none,1000,700101,clean,,kl_crossfit,none,0,0.0012861035609881225,,,,,,,,,,,,,,,,,,,,
2-2-4,u_on_y,none,1000,700101,clean,,cf1_margin,none,0,0.01950056116722787,,,,,,,,,,,,,,,,,,,,
2-2-4,u_on_y,none,1000,700101,clean,,slack_plugin,none,0,0.03900112233445574,,,,,,,,,,,,,,,,,,,,
2-2-4,u_on_y,none,1000,700101,clean,,gm_battery,none,0,0.0,,,,,,,,,,,,,,,,,,,,
2-2-4,u_on_y,none,1000,700101,clean,,gtest,none,0,0.0,,,,,,,,,,,,,,,,,,,,
2-2-4,u_on_y,none,1000,700102,clean,,kl_plugin,none,0,3.192362005064158e-05,,,,,,,,,,,,,,,,,,,,
2-2-4,u_on_y,none,1000,700102,clean,,kl_split,none,0,0.0009636421804396569,,,,,,,,,,,,,,,,,,,,
2-2-4,u_on_y,none,1000,700102,clean,,kl_crossfit,none,0,0.0009493986267890241,,,,,,,,,,,,,,,,,,,,
2-2-4,u_on_y,none,1000,700102,clean,,cf1_margin,none,0,0.0056464174454828875,,,,,,,,,,,,,,,,,,,,
2-2-4,u_on_y,none,1000,700102,clean,,slack_plugin,none,0,0.011292834890965664,,,,,,,,,,,,,,,,,,,,
2-2-4,u_on_y,none,1000,700102,clean,,gm_battery,none,0,0.0,,,,,,,,,,,,,,,,,,,,
2-2-4,u_on_y,none,1000,700102,clean,,gtest,none,0,0.0,,,,,,,,,,,,,,,,,,,,
2-2-4,u_on_y,none,1000,700103,clean,,kl_plugin,none,0,1.2242191387607753e-16,,,,,,,,,,,,,,,,,,,,
2-2-4,u_on_y,none,1000,700103,clean,,kl_split,none,0,0.021117302470703064,,,,,,,,,,,,,,,,,,,,
2-2-4,u_on_y,none,1000,700103,clean,,kl_crossfit,none,0,0.021004194145044536,,,,,,,,,,,,,,,,,,,,
2-2-4,u_on_y,none,1000,700103,clean,,cf1_margin,none,0,0.0,,,,,,,,,,,,,,,,,,,,
2-2-4,u_on_y,none,1000,700103,clean,,slack_plugin,none,0,0.0,,,,,,,,,,,,,,,,,,,,
2-2-4,u_on_y,none,1000,700103,clean,,gm_battery,none,0,0.0,,,,,,,,,,,,,,,,,,,,
2-2-4,u_on_y,none,1000,700103,clean,,gtest,none,0,1375.4587786305342,,,,,,,,,,,,,,,,,,,,
2-2-4,u_on_y,none,1000,700104,clean,,kl_plugin,none,0,0.0,,,,,,,,,,,,,,,,,,,,
2-2-4,u_on_y,none,1000,700104,clean,,kl_split,none,0,0.005502383088010938,,,,,,,,,,,,,,,,,,,,
2-2-4,u_on_y,none,1000,700104,clean,,kl_crossfit,none,0,0.005491654637782978,,,,,,,,,,,,,,,,,,,,
2-2-4,u_on_y,none,1000,700104,clean,,cf1_margin,none,0,0.0,,,,,,,,,,,,,,,,,,,,
2-2-4,u_on_y,none,1000,700104,clean,,slack_plugin,none,0,0.0,,,,,,,,,,,,,,,,,,,,
2-2-4,u_on_y,none,1000,700104,clean,,gm_battery,none,0,0.0,,,,,,,,,,,,,,,,,,,,
2-2-4,u_on_y,none,1000,700104,clean,,gtest,none,0,0.9325510284353573,,,,,,,,,,,,,,,,,,,,
2-2-4,u_on_y,none,1000,700105,clean,,kl_plugin,none,0,0.007428119170588499,,,,,,,,,,,,,,,,,,,,
2-2-4,u_on_y,none,1000,700105,clean,,kl_split,none,0,0.01279012108810583,,,,,,,,,,,,,,,,,,,,
2-2-4,u_on_y,none,1000,700105,clean,,kl_crossfit,none,0,0.02127298396378998,,,,,,,,,,,,,,,,,,,,
2-2-4,u_on_y,none,1000,700105,clean,,cf1_margin,none,0,0.08579642893170591,,,,,,,,,,,,,,,,,,,,
2-2-4,u_on_y,none,1000,700105,clean,,slack_plugin,none,0,0.17159285786341177,,,,,,,,,,,,,,,,,,,,
2-2-4,u_on_y,none,1000,700105,clean,,gm_battery,none,0,0.0,,,,,,,,,,,,,,,,,,,,
2-2-4,u_on_y,none,1000,700105,clean,,gtest,none,0,0.0,,,,,,,,,,,,,,,,,,,,
2-2-4,u_on_y,none,1000,700106,clean,,kl_plugin,none,0,0.0,,,,,,,,,,,,,,,,,,,,
2-2-4,u_on_y,none,1000,700106,clean,,kl_split,none,0,0.0,,,,,,,,,,,,,,,,,,,,
2-2-4,u_on_y,none,1000,700106,clean,,kl_crossfit,none,0,0.0,,,,,,,,,,,,,,,,,,,,
2-2-4,u_on_y,none,1000,700106,clean,,cf1_margin,none,0,0.0,,,,,,,,,,,,,,,,,,,,
2-2-4,u_on_y,none,1000,700106,clean,,slack_plugin,none,0,0.0,,,,,,,,,,,,,,,,,,,,
2-2-4,u_on_y,none,1000,700106,clean,,gm_battery,none,0,0.0,,,,,,,,,,,,,,,,,,,,
2-2-4,u_on_y,none,1000,700106,clean,,gtest,none,0,0.0,,,,,,,,,,,,,,,,,,,,
2-2-4,u_on_y,none,1000,700107,clean,,kl_plugin,none,0,5.85244224078641e-17,,,,,,,,,,,,,,,,,,,,
2-2-4,u_on_y,none,1000,700107,clean,,kl_split,none,0,0.0027943896609644372,,,,,,,,,,,,,,,,,,,,
2-2-4,u_on_y,none,1000,700107,clean,,kl_crossfit,none,0,0.0027956487802080973,,,,,,,,,,,,,,,,,,,,
2-2-4,u_on_y,none,1000,700107,clean,,cf1_margin,none,0,0.0,,,,,,,,,,,,,,,,,,,,
2-2-4,u_on_y,none,1000,700107,clean,,slack_plugin,none,0,0.0,,,,,,,,,,,,,,,,,,,,
2-2-4,u_on_y,none,1000,700107,clean,,gm_battery,none,0,0.0,,,,,,,,,,,,,,,,,,,,
2-2-4,u_on_y,none,1000,700107,clean,,gtest,none,0,914.9366044260453,,,,,,,,,,,,,,,,,,,,
2-2-4,u_on_y,none,1000,700108,clean,,kl_plugin,none,0,1.4151537458989864e-07,,,,,,,,,,,,,,,,,,,,
2-2-4,u_on_y,none,1000,700108,clean,,kl_split,none,0,0.005414840480588101,,,,,,,,,,,,,,,,,,,,
2-2-4,u_on_y,none,1000,700108,clean,,kl_crossfit,none,0,0.005400636945700352,,,,,,,,,,,,,,,,,,,,
2-2-4,u_on_y,none,1000,700108,clean,,cf1_margin,none,0,0.00037614780396055814,,,,,,,,,,,,,,,,,,,,
2-2-4,u_on_y,none,1000,700108,clean,,slack_plugin,none,0,0.0007522956079212273,,,,,,,,,,,,,,,,,,,,
2-2-4,u_on_y,none,1000,700108,clean,,gm_battery,none,0,0.0,,,,,,,,,,,,,,,,,,,,
2-2-4,u_on_y,none,1000,700108,clean,,gtest,none,0,0.0,,,,,,,,,,,,,,,,,,,,
2-2-4,u_on_y,none,1000,700109,clean,,kl_plugin,none,0,5.2867763077388465e-18,,,,,,,,,,,,,,,,,,,,
2-2-4,u_on_y,none,1000,700109,clean,,kl_split,none,0,0.0006601119076194914,,,,,,,,,,,,,,,,,,,,
2-2-4,u_on_y,none,1000,700109,clean,,kl_crossfit,none,0,0.0006597310013153838,,,,,,,,,,,,,,,,,,,,
2-2-4,u_on_y,none,1000,700109,clean,,cf1_margin,none,0,0.0,,,,,,,,,,,,,,,,,,,,
2-2-4,u_on_y,none,1000,700109,clean,,slack_plugin,none,0,0.0,,,,,,,,,,,,,,,,,,,,
2-2-4,u_on_y,none,1000,700109,clean,,gm_battery,none,0,0.0,,,,,,,,,,,,,,,,,,,,
2-2-4,u_on_y,none,1000,700109,clean,,gtest,none,0,725.8421997943974,,,,,,,,,,,,,,,,,,,,
2-2-4,u_on_y,none,1000,700110,clean,,kl_plugin,none,0,0.002954325118242219,,,,,,,,,,,,,,,,,,,,
2-2-4,u_on_y,none,1000,700110,clean,,kl_split,none,0,0.009682170386517253,,,,,,,,,,,,,,,,,,,,
2-2-4,u_on_y,none,1000,700110,clean,,kl_crossfit,none,0,0.00614700965001343,,,,,,,,,,,,,,,,,,,,
2-2-4,u_on_y,none,1000,700110,clean,,cf1_margin,none,0,0.054340277777777724,,,,,,,,,,,,,,,,,,,,
2-2-4,u_on_y,none,1000,700110,clean,,slack_plugin,none,0,0.10868055555555561,,,,,,,,,,,,,,,,,,,,
2-2-4,u_on_y,none,1000,700110,clean,,gm_battery,none,0,0.0,,,,,,,,,,,,,,,,,,,,
2-2-4,u_on_y,none,1000,700110,clean,,gtest,none,0,0.0,,,,,,,,,,,,,,,,,,,,
2-2-4,u_on_y,none,1000,700111,clean,,kl_plugin,none,0,0.0,,,,,,,,,,,,,,,,,,,,
2-2-4,u_on_y,none,1000,700111,clean,,kl_split,none,0,0.0,,,,,,,,,,,,,,,,,,,,
2-2-4,u_on_y,none,1000,700111,clean,,kl_crossfit,none,0,0.0,,,,,,,,,,,,,,,,,,,,
2-2-4,u_on_y,none,1000,700111,clean,,cf1_margin,none,0,0.0,,,,,,,,,,,,,,,,,,,,
2-2-4,u_on_y,none,1000,700111,clean,,slack_plugin,none,0,0.0,,,,,,,,,,,,,,,,,,,,
2-2-4,u_on_y,none,1000,700111,clean,,gm_battery,none,0,0.0,,,,,,,,,,,,,,,,,,,,
2-2-4,u_on_y,none,1000,700111,clean,,gtest,none,0,0.0,,,,,,,,,,,,,,,,,,,,
2-2-4,u_on_y,none,1000,700112,clean,,kl_plugin,none,0,6.477395871481682e-17,,,,,,,,,,,,,,,,,,,,
2-2-4,u_on_y,none,1000,700112,clean,,kl_split,none,0,3.1311237973119955e-06,,,,,,,,,,,,,,,,,,,,
2-2-4,u_on_y,none,1000,700112,clean,,kl_crossfit,none,0,3.1309783050783918e-06,,,,,,,,,,,,,,,,,,,,
2-2-4,u_on_y,none,1000,700112,clean,,cf1_margin,none,0,0.0,,,,,,,,,,,,,,,,,,,,
2-2-4,u_on_y,none,1000,700112,clean,,slack_plugin,none,0,0.0,,,,,,,,,,,,,,,,,,,,
2-2-4,u_on_y,none,1000,700112,clean,,gm_battery,none,0,0.0,,,,,,,,,,,,,,,,,,,,
2-2-4,u_on_y,none,1000,700112,clean,,gtest,none,0,176.40505162122798,,,,,,,,,,,,,,,,,,,,
2-2-4,u_on_y,none,1000,700113,clean,,kl_plugin,none,0,0.0,,,,,,,,,,,,,,,,,,,,
2-2-4,u_on_y,none,1000,700113,clean,,kl_split,none,0,0.0,,,,,,,,,,,,,,,,,,,,
2-2-4,u_on_y,none,1000,700113,clean,,kl_crossfit,none,0,0.0,,,,,,,,,,,,,,,,,,,,
2-2-4,u_on_y,none,1000,700113,clean,,cf1_margin,none,0,0.0,,,,,,,,,,,,,,,,,,,,
2-2-4,u_on_y,none,1000,700113,clean,,slack_plugin,none,0,0.0,,,,,,,,,,,,,,,,,,,,
2-2-4,u_on_y,none,1000,700113,clean,,gm_battery,none,0,0.0,,,,,,,,,,,,,,,,,,,,
2-2-4,u_on_y,none,1000,700113,clean,,gtest,none,0,0.0,,,,,,,,,,,,,,,,,,,,
2-2-4,u_on_y,none,1000,700114,clean,,kl_plugin,none,0,5.764977179795625e-18,,,,,,,,,,,,,,,,,,,,
2-2-4,u_on_y,none,1000,700114,clean,,kl_split,none,0,0.013608673941269911,,,,,,,,,,,,,,,,,,,,
2-2-4,u_on_y,none,1000,700114,clean,,kl_crossfit,none,0,0.013569640151899882,,,,,,,,,,,,,,,,,,,,
2-2-4,u_on_y,none,1000,700114,clean,,cf1_margin,none,0,0.0,,,,,,,,,,,,,,,,,,,,
2-2-4,u_on_y,none,1000,700114,clean,,slack_plugin,none,0,0.0,,,,,,,,,,,,,,,,,,,,
2-2-4,u_on_y,none,1000,700114,clean,,gm_battery,none,0,0.0,,,,,,,,,,,,,,,,,,,,
2-2-4,u_on_y,none,1000,700114,clean,,gtest,none,0,1348.4186556444806,,,,,,,,,,,,,,,,,,,,
2-2-4,u_on_y,none,1000,700115,clean,,kl_plugin,none,0,0.0,,,,,,,,,,,,,,,,,,,,
2-2-4,u_on_y,none,1000,700115,clean,,kl_split,none,0,0.0,,,,,,,,,,,,,,,,,,,,
2-2-4,u_on_y,none,1000,700115,clean,,kl_crossfit,none,0,0.0,,,,,,,,,,,,,,,,,,,,
2-2-4,u_on_y,none,1000,700115,clean,,cf1_margin,none,0,0.0,,,,,,,,,,,,,,,,,,,,
2-2-4,u_on_y,none,1000,700115,clean,,slack_plugin,none,0,0.0,,,,,,,,,,,,,,,,,,,,
2-2-4,u_on_y,none,1000,700115,clean,,gm_battery,none,0,0.0,,,,,,,,,,,,,,,,,,,,
2-2-4,u_on_y,none,1000,700115,clean,,gtest,none,0,0.0,,,,,,,,,,,,,,,,,,,,
2-2-4,u_on_y,none,1000,700116,clean,,kl_plugin,none,0,8.72492297907053e-18,,,,,,,,,,,,,,,,,,,,
2-2-4,u_on_y,none,1000,700116,clean,,kl_split,none,0,0.0062594916671551565,,,,,,,,,,,,,,,,,,,,
2-2-4,u_on_y,none,1000,700116,clean,,kl_crossfit,none,0,0.006261025185916735,,,,,,,,,,,,,,,,,,,,
2-2-4,u_on_y,none,1000,700116,clean,,cf1_margin,none,0,0.0,,,,,,,,,,,,,,,,,,,,
2-2-4,u_on_y,none,1000,700116,clean,,slack_plugin,none,0,0.0,,,,,,,,,,,,,,,,,,,,
2-2-4,u_on_y,none,1000,700116,clean,,gm_battery,none,0,0.0,,,,,,,,,,,,,,,,,,,,
2-2-4,u_on_y,none,1000,700116,clean,,gtest,none,0,1.4955342903155326,,,,,,,,,,,,,,,,,,,,
2-2-4,u_on_y,none,1000,700117,clean,,kl_plugin,none,0,0.0,,,,,,,,,,,,,,,,,,,,
2-2-4,u_on_y,none,1000,700117,clean,,kl_split,none,0,2.028493573184506e-05,,,,,,,,,,,,,,,,,,,,
2-2-4,u_on_y,none,1000,700117,clean,,kl_crossfit,none,0,2.0285072893968734e-05,,,,,,,,,,,,,,,,,,,,
2-2-4,u_on_y,none,1000,700117,clean,,cf1_margin,none,0,0.0,,,,,,,,,,,,,,,,,,,,
2-2-4,u_on_y,none,1000,700117,clean,,slack_plugin,none,0,0.0,,,,,,,,,,,,,,,,,,,,
2-2-4,u_on_y,none,1000,700117,clean,,gm_battery,none,0,0.0,,,,,,,,,,,,,,,,,,,,
2-2-4,u_on_y,none,1000,700117,clean,,gtest,none,0,435.99743439941574,,,,,,,,,,,,,,,,,,,,
2-2-4,u_on_y,none,1000,700118,clean,,kl_plugin,none,0,6.015670942700861e-17,,,,,,,,,,,,,,,,,,,,
2-2-4,u_on_y,none,1000,700118,clean,,kl_split,none,0,0.01944977353366314,,,,,,,,,,,,,,,,,,,,
2-2-4,u_on_y,none,1000,700118,clean,,kl_crossfit,none,0,0.01951268299060053,,,,,,,,,,,,,,,,,,,,
2-2-4,u_on_y,none,1000,700118,clean,,cf1_margin,none,0,0.0,,,,,,,,,,,,,,,,,,,,
2-2-4,u_on_y,none,1000,700118,clean,,slack_plugin,none,0,0.0,,,,,,,,,,,,,,,,,,,,
2-2-4,u_on_y,none,1000,700118,clean,,gm_battery,none,0,0.0,,,,,,,,,,,,,,,,,,,,
2-2-4,u_on_y,none,1000,700118,clean,,gtest,none,0,580.9567856745042,,,,,,,,,,,,,,,,,,,,
2-2-4,u_on_y,none,1000,700119,clean,,kl_plugin,none,0,0.0,,,,,,,,,,,,,,,,,,,,
2-2-4,u_on_y,none,1000,700119,clean,,kl_split,none,0,0.014244474245773263,,,,,,,,,,,,,,,,,,,,
2-2-4,u_on_y,none,1000,700119,clean,,kl_crossfit,none,0,0.014221785832363134,,,,,,,,,,,,,,,,,,,,
2-2-4,u_on_y,none,1000,700119,clean,,cf1_margin,none,0,0.0,,,,,,,,,,,,,,,,,,,,
2-2-4,u_on_y,none,1000,700119,clean,,slack_plugin,none,0,0.0,,,,,,,,,,,,,,,,,,,,
2-2-4,u_on_y,none,1000,700119,clean,,gm_battery,none,0,0.0,,,,,,,,,,,,,,,,,,,,
2-2-4,u_on_y,none,1000,700119,clean,,gtest,none,0,633.4305978023165,,,,,,,,,,,,,,,,,,,,
2-2-4,u_on_y,none,1000,700120,clean,,kl_plugin,none,0,0.0,,,,,,,,,,,,,,,,,,,,
2-2-4,u_on_y,none,1000,700120,clean,,kl_split,none,0,0.0,,,,,,,,,,,,,,,,,,,,
2-2-4,u_on_y,none,1000,700120,clean,,kl_crossfit,none,0,0.0,,,,,,,,,,,,,,,,,,,,
2-2-4,u_on_y,none,1000,700120,clean,,cf1_margin,none,0,0.0,,,,,,,,,,,,,,,,,,,,
2-2-4,u_on_y,none,1000,700120,clean,,slack_plugin,none,0,0.0,,,,,,,,,,,,,,,,,,,,
2-2-4,u_on_y,none,1000,700120,clean,,gm_battery,none,0,0.0,,,,,,,,,,,,,,,,,,,,
2-2-4,u_on_y,none,1000,700120,clean,,gtest,none,0,0.0,,,,,,,,,,,,,,,,,,,,
2-2-4,u_on_y,none,1000,700121,clean,,kl_plugin,none,0,0.0,,,,,,,,,,,,,,,,,,,,
2-2-4,u_on_y,none,1000,700121,clean,,kl_split,none,0,0.0,,,,,,,,,,,,,,,,,,,,
2-2-4,u_on_y,none,1000,700121,clean,,kl_crossfit,none,0,0.0,,,,,,,,,,,,,,,,,,,,
2-2-4,u_on_y,none,1000,700121,clean,,cf1_margin,none,0,0.0,,,,,,,,,,,,,,,,,,,,
2-2-4,u_on_y,none,1000,700121,clean,,slack_plugin,none,0,0.0,,,,,,,,,,,,,,,,,,,,
2-2-4,u_on_y,none,1000,700121,clean,,gm_battery,none,0,0.0,,,,,,,,,,,,,,,,,,,,
2-2-4,u_on_y,none,1000,700121,clean,,gtest,none,0,0.0,,,,,,,,,,,,,,,,,,,,
2-2-4,u_on_y,none,1000,700122,clean,,kl_plugin,none,0,0.0008374926131746799,,,,,,,,,,,,,,,,,,,,
2-2-4,u_on_y,none,1000,700122,clean,,kl_split,none,0,0.0009903912744370913,,,,,,,,,,,,,,,,,,,,
2-2-4,u_on_y,none,1000,700122,clean,,kl_crossfit,none,0,0.0018816429643661679,,,,,,,,,,,,,,,,,,,,
2-2-4,u_on_y,none,1000,700122,clean,,cf1_margin,none,0,0.02889066241021543,,,,,,,,,,,,,,,,,,,,
2-2-4,u_on_y,none,1000,700122,clean,,slack_plugin,none,0,0.05778132482043097,,,,,,,,,,,,,,,,,,,,
2-2-4,u_on_y,none,1000,700122,clean,,gm_battery,none,0,0.0,,,,,,,,,,,,,,,,,,,,
2-2-4,u_on_y,none,1000,700122,clean,,gtest,none,0,0.0,,,,,,,,,,,,,,,,,,,,
2-2-4,u_on_y,none,1000,700123,clean,,kl_plugin,none,0,0.0,,,,,,,,,,,,,,,,,,,,
2-2-4,u_on_y,none,1000,700123,clean,,kl_split,none,0,0.0,,,,,,,,,,,,,,,,,,,,
2-2-4,u_on_y,none,1000,700123,clean,,kl_crossfit,none,0,0.0,,,,,,,,,,,,,,,,,,,,
2-2-4,u_on_y,none,1000,700123,clean,,cf1_margin,none,0,0.0,,,,,,,,,,,,,,,,,,,,
2-2-4,u_on_y,none,1000,700123,clean,,slack_plugin,none,0,0.0,,,,,,,,,,,,,,,,,,,,
2-2-4,u_on_y,none,1000,700123,clean,,gm_battery,none,0,0.0,,,,,,,,,,,,,,,,,,,,
2-2-4,u_on_y,none,1000,700123,clean,,gtest,none,0,0.0,,,,,,,,,,,,,,,,,,,,
2-2-4,u_on_y,none,1000,700124,clean,,kl_plugin,none,0,0.0,,,,,,,,,,,,,,,,,,,,
2-2-4,u_on_y,none,1000,700124,clean,,kl_split,none,0,0.0,,,,,,,,,,,,,,,,,,,,
2-2-4,u_on_y,none,1000,700124,clean,,kl_crossfit,none,0,0.0,,,,,,,,,,,,,,,,,,,,
2-2-4,u_on_y,none,1000,700124,clean,,cf1_margin,none,0,0.0,,,,,,,,,,,,,,,,,,,,
2-2-4,u_on_y,none,1000,700124,clean,,slack_plugin,none,0,0.0,,,,,,,,,,,,,,,,,,,,
2-2-4,u_on_y,none,1000,700124,clean,,gm_battery,none,0,0.0,,,,,,,,,,,,,,,,,,,,
2-2-4,u_on_y,none,1000,700124,clean,,gtest,none,0,1141.9091352843268,,,,,,,,,,,,,,,,,,,,
2-2-4,u_on_y,none,1000,700125,clean,,kl_plugin,none,0,1.122925805227275e-16,,,,,,,,,,,,,,,,,,,,
2-2-4,u_on_y,none,1000,700125,clean,,kl_split,none,0,0.0005150319527240689,,,,,,,,,,,,,,,,,,,,
2-2-4,u_on_y,none,1000,700125,clean,,kl_crossfit,none,0,0.0005149687039888457,,,,,,,,,,,,,,,,,,,,
2-2-4,u_on_y,none,1000,700125,clean,,cf1_margin,none,0,0.0,,,,,,,,,,,,,,,,,,,,
2-2-4,u_on_y,none,1000,700125,clean,,slack_plugin,none,0,0.0,,,,,,,,,,,,,,,,,,,,
2-2-4,u_on_y,none,1000,700125,clean,,gm_battery,none,0,0.0,,,,,,,,,,,,,,,,,,,,
2-2-4,u_on_y,none,1000,700125,clean,,gtest,none,0,1370.376084165437,,,,,,,,,,,,,,,,,,,,
2-2-4,u_on_y,none,1000,700126,clean,,kl_plugin,none,0,0.00010822605035748327,,,,,,,,,,,,,,,,,,,,
2-2-4,u_on_y,none,1000,700126,clean,,kl_split,none,0,0.0021142826849470456,,,,,,,,,,,,,,,,,,,,
2-2-4,u_on_y,none,1000,700126,clean,,kl_crossfit,none,0,0.001539523426443078,,,,,,,,,,,,,,,,,,,,
2-2-4,u_on_y,none,1000,700126,clean,,cf1_margin,none,0,0.01040010598834118,,,,,,,,,,,,,,,,,,,,
2-2-4,u_on_y,none,1000,700126,clean,,slack_plugin,none,0,0.02080021197668247,,,,,,,,,,,,,,,,,,,,
2-2-4,u_on_y,none,1000,700126,clean,,gm_battery,none,0,0.0,,,,,,,,,,,,,,,,,,,,
2-2-4,u_on_y,none,1000,700126,clean,,gtest,none,0,0.0,,,,,,,,,,,,,,,,,,,,
2-2-4,u_on_y,none,1000,700127,clean,,kl_plugin,none,0,0.0,,,,,,,,,,,,,,,,,,,,
2-2-4,u_on_y,none,1000,700127,clean,,kl_split,none,0,0.0,,,,,,,,,,,,,,,,,,,,
2-2-4,u_on_y,none,1000,700127,clean,,kl_crossfit,none,0,0.0,,,,,,,,,,,,,,,,,,,,
2-2-4,u_on_y,none,1000,700127,clean,,cf1_margin,none,0,0.0,,,,,,,,,,,,,,,,,,,,
2-2-4,u_on_y,none,1000,700127,clean,,slack_plugin,none,0,0.0,,,,,,,,,,,,,,,,,,,,
2-2-4,u_on_y,none,1000,700127,clean,,gm_battery,none,0,0.0,,,,,,,,,,,,,,,,,,,,
2-2-4,u_on_y,none,1000,700127,clean,,gtest,none,0,0.0,,,,,,,,,,,,,,,,,,,,
2-2-4,u_on_y,none,1000,700128,clean,,kl_plugin,none,0,1.8344174428974735e-05,,,,,,,,,,,,,,,,,,,,
2-2-4,u_on_y,none,1000,700128,clean,,kl_split,none,0,0.003079241078355617,,,,,,,,,,,,,,,,,,,,
2-2-4,u_on_y,none,1000,700128,clean,,kl_crossfit,none,0,0.0028931687523031067,,,,,,,,,,,,,,,,,,,,
2-2-4,u_on_y,none,1000,700128,clean,,cf1_margin,none,0,0.004280333060848851,,,,,,,,,,,,,,,,,,,,
2-2-4,u_on_y,none,1000,700128,clean,,slack_plugin,none,0,0.008560666121697702,,,,,,,,,,,,,,,,,,,,
2-2-4,u_on_y,none,1000,700128,clean,,gm_battery,none,0,0.0,,,,,,,,,,,,,,,,,,,,
2-2-4,u_on_y,none,1000,700128,clean,,gtest,none,0,0.0,,,,,,,,,,,,,,,,,,,,
2-2-4,u_on_y,none,1000,700129,clean,,kl_plugin,none,0,0.005145180566077635,,,,,,,,,,,,,,,,,,,,
2-2-4,u_on_y,none,1000,700129,clean,,kl_split,none,0,0.03633914641098149,,,,,,,,,,,,,,,,,,,,
2-2-4,u_on_y,none,1000,700129,clean,,kl_crossfit,none,0,0.04426973615680496,,,,,,,,,,,,,,,,,,,,
2-2-4,u_on_y,none,1000,700129,clean,,cf1_margin,none,0,0.07166278823778294,,,,,,,,,,,,,,,,,,,,
2-2-4,u_on_y,none,1000,700129,clean,,slack_plugin,none,0,0.14332557647556587,,,,,,,,,,,,,,,,,,,,
2-2-4,u_on_y,none,1000,700129,clean,,gm_battery,none,0,0.0,,,,,,,,,,,,,,,,,,,,
2-2-4,u_on_y,none,1000,700129,clean,,gtest,none,0,0.0,,,,,,,,,,,,,,,,,,,,
2-2-4,u_on_y,none,1000,700130,clean,,kl_plugin,none,0,0.006050284471897566,,,,,,,,,,,,,,,,,,,,
2-2-4,u_on_y,none,1000,700130,clean,,kl_split,none,0,0.012530434480100147,,,,,,,,,,,,,,,,,,,,
2-2-4,u_on_y,none,1000,700130,clean,,kl_crossfit,none,0,0.00913321152252652,,,,,,,,,,,,,,,,,,,,
2-2-4,u_on_y,none,1000,700130,clean,,cf1_margin,none,0,0.07771937438716625,,,,,,,,,,,,,,,,,,,,
2-2-4,u_on_y,none,1000,700130,clean,,slack_plugin,none,0,0.1554387487743325,,,,,,,,,,,,,,,,,,,,
2-2-4,u_on_y,none,1000,700130,clean,,gm_battery,none,0,0.0,,,,,,,,,,,,,,,,,,,,
2-2-4,u_on_y,none,1000,700130,clean,,gtest,none,0,0.0,,,,,,,,,,,,,,,,,,,,
2-2-4,u_on_y,none,1000,700131,clean,,kl_plugin,none,0,0.0,,,,,,,,,,,,,,,,,,,,
2-2-4,u_on_y,none,1000,700131,clean,,kl_split,none,0,0.0,,,,,,,,,,,,,,,,,,,,
2-2-4,u_on_y,none,1000,700131,clean,,kl_crossfit,none,0,0.0,,,,,,,,,,,,,,,,,,,,
2-2-4,u_on_y,none,1000,700131,clean,,cf1_margin,none,0,0.0,,,,,,,,,,,,,,,,,,,,
2-2-4,u_on_y,none,1000,700131,clean,,slack_plugin,none,0,0.0,,,,,,,,,,,,,,,,,,,,
2-2-4,u_on_y,none,1000,700131,clean,,gm_battery,none,0,0.0,,,,,,,,,,,,,,,,,,,,
2-2-4,u_on_y,none,1000,700131,clean,,gtest,none,0,0.0,,,,,,,,,,,,,,,,,,,,
2-2-4,u_on_y,none,1000,700132,clean,,kl_plugin,none,0,1.303144117557756e-06,,,,,,,,,,,,,,,,,,,,
2-2-4,u_on_y,none,1000,700132,clean,,kl_split,none,0,0.0015066631144133452,,,,,,,,,,,,,,,,,,,,
2-2-4,u_on_y,none,1000,700132,clean,,kl_crossfit,none,0,0.0014675572529937175,,,,,,,,,,,,,,,,,,,,
2-2-4,u_on_y,none,1000,700132,clean,,cf1_margin,none,0,0.0011415525114155667,,,,,,,,,,,,,,,,,,,,
2-2-4,u_on_y,none,1000,700132,clean,,slack_plugin,none,0,0.0022831050228311334,,,,,,,,,,,,,,,,,,,,
2-2-4,u_on_y,none,1000,700132,clean,,gm_battery,none,0,0.0,,,,,,,,,,,,,,,,,,,,
2-2-4,u_on_y,none,1000,700132,clean,,gtest,none,0,0.0,,,,,,,,,,,,,,,,,,,,
2-2-4,u_on_y,none,1000,700133,clean,,kl_plugin,none,0,0.01507909156748001,,,,,,,,,,,,,,,,,,,,
2-2-4,u_on_y,none,1000,700133,clean,,kl_split,none,0,0.023875127471136667,,,,,,,,,,,,,,,,,,,,
2-2-4,u_on_y,none,1000,700133,clean,,kl_crossfit,none,0,0.016158446030080844,,,,,,,,,,,,,,,,,,,,
2-2-4,u_on_y,none,1000,700133,clean,,cf1_margin,none,0,0.12195843149972818,,,,,,,,,,,,,,,,,,,,
2-2-4,u_on_y,none,1000,700133,clean,,slack_plugin,none,0,0.24391686299945636,,,,,,,,,,,,,,,,,,,,
2-2-4,u_on_y,none,1000,700133,clean,,gm_battery,none,0,0.0,,,,,,,,,,,,,,,,,,,,
2-2-4,u_on_y,none,1000,700133,clean,,gtest,none,0,0.0,,,,,,,,,,,,,,,,,,,,
2-2-4,u_on_y,none,1000,700134,clean,,kl_plugin,none,0,1.4350440260960063e-05,,,,,,,,,,,,,,,,,,,,
2-2-4,u_on_y,none,1000,700134,clean,,kl_split,none,0,0.005352164327311414,,,,,,,,,,,,,,,,,,,,
2-2-4,u_on_y,none,1000,700134,clean,,kl_crossfit,none,0,0.005808175876506231,,,,,,,,,,,,,,,,,,,,
2-2-4,u_on_y,none,1000,700134,clean,,cf1_margin,none,0,0.0037878787878788955,,,,,,,,,,,,,,,,,,,,
2-2-4,u_on_y,none,1000,700134,clean,,slack_plugin,none,0,0.00757575757575768,,,,,,,,,,,,,,,,,,,,
2-2-4,u_on_y,none,1000,700134,clean,,gm_battery,none,0,0.0,,,,,,,,,,,,,,,,,,,,
2-2-4,u_on_y,none,1000,700134,clean,,gtest,none,0,0.0,,,,,,,,,,,,,,,,,,,,
2-2-4,u_on_y,none,1000,700135,clean,,kl_plugin,none,0,0.003324028118613237,,,,,,,,,,,,,,,,,,,,
2-2-4,u_on_y,none,1000,700135,clean,,kl_split,none,0,0.008608699781632624,,,,,,,,,,,,,,,,,,,,
2-2-4,u_on_y,none,1000,700135,clean,,kl_crossfit,none,0,0.005350767482820366,,,,,,,,,,,,,,,,,,,,
2-2-4,u_on_y,none,1000,700135,clean,,cf1_margin,none,0,0.05761387087862979,,,,,,,,,,,,,,,,,,,,
2-2-4,u_on_y,none,1000,700135,clean,,slack_plugin,none,0,0.11522774175725964,,,,,,,,,,,,,,,,,,,,
2-2-4,u_on_y,none,1000,700135,clean,,gm_battery,none,0,0.0,,,,,,,,,,,,,,,,,,,,
2-2-4,u_on_y,none,1000,700135,clean,,gtest,none,0,0.0,,,,,,,,,,,,,,,,,,,,
2-2-4,u_on_y,none,1000,700136,clean,,kl_plugin,none,0,6.231052585025891e-17,,,,,,,,,,,,,,,,,,,,
2-2-4,u_on_y,none,1000,700136,clean,,kl_split,none,0,0.004641828188423236,,,,,,,,,,,,,,,,,,,,
2-2-4,u_on_y,none,1000,700136,clean,,kl_crossfit,none,0,0.004645270150480347,,,,,,,,,,,,,,,,,,,,
2-2-4,u_on_y,none,1000,700136,clean,,cf1_margin,none,0,0.0,,,,,,,,,,,,,,,,,,,,
2-2-4,u_on_y,none,1000,700136,clean,,slack_plugin,none,0,0.0,,,,,,,,,,,,,,,,,,,,
2-2-4,u_on_y,none,1000,700136,clean,,gm_battery,none,0,0.0,,,,,,,,,,,,,,,,,,,,
2-2-4,u_on_y,none,1000,700136,clean,,gtest,none,0,1204.3033651853598,,,,,,,,,,,,,,,,,,,,
2-2-4,u_on_y,none,1000,700137,clean,,kl_plugin,none,0,0.0,,,,,,,,,,,,,,,,,,,,
2-2-4,u_on_y,none,1000,700137,clean,,kl_split,none,0,0.0,,,,,,,,,,,,,,,,,,,,
2-2-4,u_on_y,none,1000,700137,clean,,kl_crossfit,none,0,0.0,,,,,,,,,,,,,,,,,,,,
2-2-4,u_on_y,none,1000,700137,clean,,cf1_margin,none,0,0.0,,,,,,,,,,,,,,,,,,,,
2-2-4,u_on_y,none,1000,700137,clean,,slack_plugin,none,0,0.0,,,,,,,,,,,,,,,,,,,,
2-2-4,u_on_y,none,1000,700137,clean,,gm_battery,none,0,0.0,,,,,,,,,,,,,,,,,,,,
2-2-4,u_on_y,none,1000,700137,clean,,gtest,none,0,0.0,,,,,,,,,,,,,,,,,,,,
2-2-4,u_on_y,none,1000,700138,clean,,kl_plugin,none,0,1.2050661975830845e-16,,,,,,,,,,,,,,,,,,,,
2-2-4,u_on_y,none,1000,700138,clean,,kl_split,none,0,0.012296504177126022,,,,,,,,,,,,,,,,,,,,
2-2-4,u_on_y,none,1000,700138,clean,,kl_crossfit,none,0,0.012247096121061396,,,,,,,,,,,,,,,,,,,,
2-2-4,u_on_y,none,1000,700138,clean,,cf1_margin,none,0,1.1102230246251565e-16,,,,,,,,,,,,,,,,,,,,
2-2-4,u_on_y,none,1000,700138,clean,,slack_plugin,none,0,0.0,,,,,,,,,,,,,,,,,,,,
2-2-4,u_on_y,none,1000,700138,clean,,gm_battery,none,0,0.0,,,,,,,,,,,,,,,,,,,,
2-2-4,u_on_y,none,1000,700138,clean,,gtest,none,0,463.01462745846175,,,,,,,,,,,,,,,,,,,,
2-2-4,u_on_y,none,1000,700139,clean,,kl_plugin,none,0,5.462059800294888e-17,,,,,,,,,,,,,,,,,,,,
2-2-4,u_on_y,none,1000,700139,clean,,kl_split,none,0,0.005019928539243788,,,,,,,,,,,,,,,,,,,,
2-2-4,u_on_y,none,1000,700139,clean,,kl_crossfit,none,0,0.0050219740643080955,,,,,,,,,,,,,,,,,,,,
2-2-4,u_on_y,none,1000,700139,clean,,cf1_margin,none,0,0.0,,,,,,,,,,,,,,,,,,,,
2-2-4,u_on_y,none,1000,700139,clean,,slack_plugin,none,0,0.0,,,,,,,,,,,,,,,,,,,,
2-2-4,u_on_y,none,1000,700139,clean,,gm_battery,none,0,0.0,,,,,,,,,,,,,,,,,,,,
2-2-4,u_on_y,none,1000,700139,clean,,gtest,none,0,489.979326496834,,,,,,,,,,,,,,,,,,,,
2-2-4,u_on_y,none,1000,700140,clean,,kl_plugin,none,0,0.0003985871143725589,,,,,,,,,,,,,,,,,,,,
2-2-4,u_on_y,none,1000,700140,clean,,kl_split,none,0,0.003045037198928173,,,,,,,,,,,,,,,,,,,,
2-2-4,u_on_y,none,1000,700140,clean,,kl_crossfit,none,0,0.004283347234422027,,,,,,,,,,,,,,,,,,,,
2-2-4,u_on_y,none,1000,700140,clean,,cf1_margin,none,0,0.019925072556651546,,,,,,,,,,,,,,,,,,,,
2-2-4,u_on_y,none,1000,700140,clean,,slack_plugin,none,0,0.03985014511330304,,,,,,,,,,,,,,,,,,,,
2-2-4,u_on_y,none,1000,700140,clean,,gm_battery,none,0,0.0,,,,,,,,,,,,,,,,,,,,
2-2-4,u_on_y,none,1000,700140,clean,,gtest,none,0,0.0,,,,,,,,,,,,,,,,,,,,
2-2-4,u_on_y,none,1000,700141,clean,,kl_plugin,none,0,0.0,,,,,,,,,,,,,,,,,,,,
2-2-4,u_on_y,none,1000,700141,clean,,kl_split,none,0,0.023013430890387813,,,,,,,,,,,,,,,,,,,,
2-2-4,u_on_y,none,1000,700141,clean,,kl_crossfit,none,0,0.022925450802352594,,,,,,,,,,,,,,,,,,,,
2-2-4,u_on_y,none,1000,700141,clean,,cf1_margin,none,0,0.0,,,,,,,,,,,,,,,,,,,,
2-2-4,u_on_y,none,1000,700141,clean,,slack_plugin,none,0,0.0,,,,,,,,,,,,,,,,,,,,
2-2-4,u_on_y,none,1000,700141,clean,,gm_battery,none,0,0.0,,,,,,,,,,,,,,,,,,,,
2-2-4,u_on_y,none,1000,700141,clean,,gtest,none,0,1382.195560325847,,,,,,,,,,,,,,,,,,,,
2-2-4,u_on_y,none,1000,700142,clean,,kl_plugin,none,0,0.006078889242780827,,,,,,,,,,,,,,,,,,,,
2-2-4,u_on_y,none,1000,700142,clean,,kl_split,none,0,0.00532749000501688,,,,,,,,,,,,,,,,,,,,
2-2-4,u_on_y,none,1000,700142,clean,,kl_crossfit,none,0,0.011177447951789633,,,,,,,,,,,,,,,,,,,,
2-2-4,u_on_y,none,1000,700142,clean,,cf1_margin,none,0,0.07786377939838629,,,,,,,,,,,,,,,,,,,,
2-2-4,u_on_y,none,1000,700142,clean,,slack_plugin,none,0,0.1557275587967727,,,,,,,,,,,,,,,,,,,,
2-2-4,u_on_y,none,1000,700142,clean,,gm_battery,none,0,0.0,,,,,,,,,,,,,,,,,,,,
2-2-4,u_on_y,none,1000,700142,clean,,gtest,none,0,0.0,,,,,,,,,,,,,,,,,,,,
2-2-4,u_on_y,none,1000,700143,clean,,kl_plugin,none,0,0.002638672295512224,,,,,,,,,,,,,,,,,,,,
2-2-4,u_on_y,none,1000,700143,clean,,kl_split,none,0,0.0432428804072327,,,,,,,,,,,,,,,,,,,,
2-2-4,u_on_y,none,1000,700143,clean,,kl_crossfit,none,0,0.03500157367200109,,,,,,,,,,,,,,,,,,,,
2-2-4,u_on_y,none,1000,700143,clean,,cf1_margin,none,0,0.05135232600072126,,,,,,,,,,,,,,,,,,,,
2-2-4,u_on_y,none,1000,700143,clean,,slack_plugin,none,0,0.10270465200144252,,,,,,,,,,,,,,,,,,,,
2-2-4,u_on_y,none,1000,700143,clean,,gm_battery,none,0,0.0,,,,,,,,,,,,,,,,,,,,
2-2-4,u_on_y,none,1000,700143,clean,,gtest,none,0,0.0,,,,,,,,,,,,,,,,,,,,
2-2-4,u_on_y,none,1000,700144,clean,,kl_plugin,none,0,0.0,,,,,,,,,,,,,,,,,,,,
2-2-4,u_on_y,none,1000,700144,clean,,kl_split,none,0,0.004296887217846167,,,,,,,,,,,,,,,,,,,,
2-2-4,u_on_y,none,1000,700144,clean,,kl_crossfit,none,0,0.004294298599238595,,,,,,,,,,,,,,,,,,,,
2-2-4,u_on_y,none,1000,700144,clean,,cf1_margin,none,0,0.0,,,,,,,,,,,,,,,,,,,,
2-2-4,u_on_y,none,1000,700144,clean,,slack_plugin,none,0,0.0,,,,,,,,,,,,,,,,,,,,
2-2-4,u_on_y,none,1000,700144,clean,,gm_battery,none,0,0.0,,,,,,,,,,,,,,,,,,,,
2-2-4,u_on_y,none,1000,700144,clean,,gtest,none,0,567.744295113311,,,,,,,,,,,,,,,,,,,,
2-2-4,u_on_y,none,1000,700145,clean,,kl_plugin,none,0,0.006792118547169199,,,,,,,,,,,,,,,,,,,,
2-2-4,u_on_y,none,1000,700145,clean,,kl_split,none,0,0.004948275710030502,,,,,,,,,,,,,,,,,,,,
2-2-4,u_on_y,none,1000,700145,clean,,kl_crossfit,none,0,0.009707433694961808,,,,,,,,,,,,,,,,,,,,
2-2-4,u_on_y,none,1000,700145,clean,,cf1_margin,none,0,0.08225909150978528,,,,,,,,,,,,,,,,,,,,
2-2-4,u_on_y,none,1000,700145,clean,,slack_plugin,none,0,0.16451818301957055,,,,,,,,,,,,,,,,,,,,
2-2-4,u_on_y,none,1000,700145,clean,,gm_battery,none,0,0.0,,,,,,,,,,,,,,,,,,,,
2-2-4,u_on_y,none,1000,700145,clean,,gtest,none,0,0.0,,,,,,,,,,,,,,,,,,,,
2-2-4,u_on_y,none,1000,700146,clean,,kl_plugin,none,0,0.0033025011200861418,,,,,,,,,,,,,,,,,,,,
2-2-4,u_on_y,none,1000,700146,clean,,kl_split,none,0,0.01922933248902174,,,,,,,,,,,,,,,,,,,,
2-2-4,u_on_y,none,1000,700146,clean,,kl_crossfit,none,0,0.01693842512462628,,,,,,,,,,,,,,,,,,,,
2-2-4,u_on_y,none,1000,700146,clean,,cf1_margin,none,0,0.05724014918112541,,,,,,,,,,,,,,,,,,,,
2-2-4,u_on_y,none,1000,700146,clean,,slack_plugin,none,0,0.11448029836225065,,,,,,,,,,,,,,,,,,,,
2-2-4,u_on_y,none,1000,700146,clean,,gm_battery,none,0,0.0,,,,,,,,,,,,,,,,,,,,
2-2-4,u_on_y,none,1000,700146,clean,,gtest,none,0,0.0,,,,,,,,,,,,,,,,,,,,
2-2-4,u_on_y,none,1000,700147,clean,,kl_plugin,none,0,6.444709264897251e-17,,,,,,,,,,,,,,,,,,,,
2-2-4,u_on_y,none,1000,700147,clean,,kl_split,none,0,0.019220664894948253,,,,,,,,,,,,,,,,,,,,
2-2-4,u_on_y,none,1000,700147,clean,,kl_crossfit,none,0,0.019153066419629966,,,,,,,,,,,,,,,,,,,,
2-2-4,u_on_y,none,1000,700147,clean,,cf1_margin,none,0,0.0,,,,,,,,,,,,,,,,,,,,
2-2-4,u_on_y,none,1000,700147,clean,,slack_plugin,none,0,0.0,,,,,,,,,,,,,,,,,,,,
2-2-4,u_on_y,none,1000,700147,clean,,gm_battery,none,0,0.0,,,,,,,,,,,,,,,,,,,,
2-2-4,u_on_y,none,1000,700147,clean,,gtest,none,0,476.39730881875596,,,,,,,,,,,,,,,,,,,,
2-2-4,u_on_y,none,1000,700148,clean,,kl_plugin,none,0,6.191628406563373e-17,,,,,,,,,,,,,,,,,,,,
2-2-4,u_on_y,none,1000,700148,clean,,kl_split,none,0,0.00822822262474758,,,,,,,,,,,,,,,,,,,,
2-2-4,u_on_y,none,1000,700148,clean,,kl_crossfit,none,0,0.008241838095887761,,,,,,,,,,,,,,,,,,,,
2-2-4,u_on_y,none,1000,700148,clean,,cf1_margin,none,0,0.0,,,,,,,,,,,,,,,,,,,,
2-2-4,u_on_y,none,1000,700148,clean,,slack_plugin,none,0,0.0,,,,,,,,,,,,,,,,,,,,
2-2-4,u_on_y,none,1000,700148,clean,,gm_battery,none,0,0.0,,,,,,,,,,,,,,,,,,,,
2-2-4,u_on_y,none,1000,700148,clean,,gtest,none,0,1241.3831277748764,,,,,,,,,,,,,,,,,,,,
2-2-4,u_on_y,none,1000,700149,clean,,kl_plugin,none,0,0.0,,,,,,,,,,,,,,,,,,,,
2-2-4,u_on_y,none,1000,700149,clean,,kl_split,none,0,0.0,,,,,,,,,,,,,,,,,,,,
2-2-4,u_on_y,none,1000,700149,clean,,kl_crossfit,none,0,0.0,,,,,,,,,,,,,,,,,,,,
2-2-4,u_on_y,none,1000,700149,clean,,cf1_margin,none,0,0.0,,,,,,,,,,,,,,,,,,,,
2-2-4,u_on_y,none,1000,700149,clean,,slack_plugin,none,0,0.0,,,,,,,,,,,,,,,,,,,,
2-2-4,u_on_y,none,1000,700149,clean,,gm_battery,none,0,0.0,,,,,,,,,,,,,,,,,,,,
2-2-4,u_on_y,none,1000,700149,clean,,gtest,none,0,0.0,,,,,,,,,,,,,,,,,,,,
2-2-4,u_on_y,none,1000,700150,clean,,kl_plugin,none,0,6.530723674265627e-17,,,,,,,,,,,,,,,,,,,,
2-2-4,u_on_y,none,1000,700150,clean,,kl_split,none,0,0.027549593522012264,,,,,,,,,,,,,,,,,,,,
2-2-4,u_on_y,none,1000,700150,clean,,kl_crossfit,none,0,0.02761394555569366,,,,,,,,,,,,,,,,,,,,
2-2-4,u_on_y,none,1000,700150,clean,,cf1_margin,none,0,0.0,,,,,,,,,,,,,,,,,,,,
2-2-4,u_on_y,none,1000,700150,clean,,slack_plugin,none,0,0.0,,,,,,,,,,,,,,,,,,,,
2-2-4,u_on_y,none,1000,700150,clean,,gm_battery,none,0,0.0,,,,,,,,,,,,,,,,,,,,
2-2-4,u_on_y,none,1000,700150,clean,,gtest,none,0,474.5623537822585,,,,,,,,,,,,,,,,,,,,
2-2-4,u_on_y,none,1000,700151,clean,,kl_plugin,none,0,0.0,,,,,,,,,,,,,,,,,,,,
2-2-4,u_on_y,none,1000,700151,clean,,kl_split,none,0,0.002395027964523913,,,,,,,,,,,,,,,,,,,,
2-2-4,u_on_y,none,1000,700151,clean,,kl_crossfit,none,0,0.002394628750645179,,,,,,,,,,,,,,,,,,,,
2-2-4,u_on_y,none,1000,700151,clean,,cf1_margin,none,0,0.0,,,,,,,,,,,,,,,,,,,,
2-2-4,u_on_y,none,1000,700151,clean,,slack_plugin,none,0,0.0,,,,,,,,,,,,,,,,,,,,
2-2-4,u_on_y,none,1000,700151,clean,,gm_battery,none,0,0.0,,,,,,,,,,,,,,,,,,,,
2-2-4,u_on_y,none,1000,700151,clean,,gtest,none,0,0.24387931123827133,,,,,,,,,,,,,,,,,,,,
2-2-4,u_on_y,none,1000,700152,clean,,kl_plugin,none,0,0.0050656931917751405,,,,,,,,,,,,,,,,,,,,
2-2-4,u_on_y,none,1000,700152,clean,,kl_split,none,0,0.003944499406002815,,,,,,,,,,,,,,,,,,,,
2-2-4,u_on_y,none,1000,700152,clean,,kl_crossfit,none,0,0.005154828360111304,,,,,,,,,,,,,,,,,,,,
2-2-4,u_on_y,none,1000,700152,clean,,cf1_margin,none,0,0.0711375212224109,,,,,,,,,,,,,,,,,,,,
2-2-4,u_on_y,none,1000,700152,clean,,slack_plugin,none,0,0.1422750424448218,,,,,,,,,,,,,,,,,,,,
2-2-4,u_on_y,none,1000,700152,clean,,gm_battery,none,0,0.0,,,,,,,,,,,,,,,,,,,,
2-2-4,u_on_y,none,1000,700152,clean,,gtest,none,0,0.0,,,,,,,,,,,,,,,,,,,,
2-2-4,u_on_y,none,1000,700153,clean,,kl_plugin,none,0,0.0,,,,,,,,,,,,,,,,,,,,
2-2-4,u_on_y,none,1000,700153,clean,,kl_split,none,0,0.01163740231541141,,,,,,,,,,,,,,,,,,,,
2-2-4,u_on_y,none,1000,700153,clean,,kl_crossfit,none,0,0.011629618446923,,,,,,,,,,,,,,,,,,,,
2-2-4,u_on_y,none,1000,700153,clean,,cf1_margin,none,0,0.0,,,,,,,,,,,,,,,,,,,,
2-2-4,u_on_y,none,1000,700153,clean,,slack_plugin,none,0,0.0,,,,,,,,,,,,,,,,,,,,
2-2-4,u_on_y,none,1000,700153,clean,,gm_battery,none,0,0.0,,,,,,,,,,,,,,,,,,,,
2-2-4,u_on_y,none,1000,700153,clean,,gtest,none,0,383.92739126943997,,,,,,,,,,,,,,,,,,,,
2-2-4,u_on_y,none,1000,700154,clean,,kl_plugin,none,0,5.94426753088955e-17,,,,,,,,,,,,,,,,,,,,
2-2-4,u_on_y,none,1000,700154,clean,,kl_split,none,0,0.003658776285163246,,,,,,,,,,,,,,,,,,,,
2-2-4,u_on_y,none,1000,700154,clean,,kl_crossfit,none,0,0.003658630514386023,,,,,,,,,,,,,,,,,,,,
2-2-4,u_on_y,none,1000,700154,clean,,cf1_margin,none,0,0.0,,,,,,,,,,,,,,,,,,,,
2-2-4,u_on_y,none,1000,700154,clean,,slack_plugin,none,0,0.0,,,,,,,,,,,,,,,,,,,,
2-2-4,u_on_y,none,1000,700154,clean,,gm_battery,none,0,0.0,,,,,,,,,,,,,,,,,,,,
2-2-4,u_on_y,none,1000,700154,clean,,gtest,none,0,463.44436900077864,,,,,,,,,,,,,,,,,,,,
2-2-4,u_on_y,none,1000,700155,clean,,kl_plugin,none,0,6.129802800053953e-17,,,,,,,,,,,,,,,,,,,,
2-2-4,u_on_y,none,1000,700155,clean,,kl_split,none,0,0.00553698576067024,,,,,,,,,,,,,,,,,,,,
2-2-4,u_on_y,none,1000,700155,clean,,kl_crossfit,none,0,0.0055415315821575155,,,,,,,,,,,,,,,,,,,,
2-2-4,u_on_y,none,1000,700155,clean,,cf1_margin,none,0,0.0,,,,,,,,,,,,,,,,,,,,
2-2-4,u_on_y,none,1000,700155,clean,,slack_plugin,none,0,0.0,,,,,,,,,,,,,,,,,,,,
2-2-4,u_on_y,none,1000,700155,clean,,gm_battery,none,0,0.0,,,,,,,,,,,,,,,,,,,,
2-2-4,u_on_y,none,1000,700155,clean,,gtest,none,0,679.3140218195874,,,,,,,,,,,,,,,,,,,,
2-2-4,u_on_y,none,1000,700156,clean,,kl_plugin,none,0,6.454007341947446e-17,,,,,,,,,,,,,,,,,,,,
2-2-4,u_on_y,none,1000,700156,clean,,kl_split,none,0,0.0026251622552544776,,,,,,,,,,,,,,,,,,,,
2-2-4,u_on_y,none,1000,700156,clean,,kl_crossfit,none,0,0.002621723138576986,,,,,,,,,,,,,,,,,,,,
2-2-4,u_on_y,none,1000,700156,clean,,cf1_margin,none,0,0.0,,,,,,,,,,,,,,,,,,,,
2-2-4,u_on_y,none,1000,700156,clean,,slack_plugin,none,0,0.0,,,,,,,,,,,,,,,,,,,,
2-2-4,u_on_y,none,1000,700156,clean,,gm_battery,none,0,0.0,,,,,,,,,,,,,,,,,,,,
2-2-4,u_on_y,none,1000,700156,clean,,gtest,none,0,325.9809663580769,,,,,,,,,,,,,,,,,,,,
2-2-4,u_on_y,none,1000,700157,clean,,kl_plugin,none,0,0.0,,,,,,,,,,,,,,,,,,,,
2-2-4,u_on_y,none,1000,700157,clean,,kl_split,none,0,0.0,,,,,,,,,,,,,,,,,,,,
2-2-4,u_on_y,none,1000,700157,clean,,kl_crossfit,none,0,0.0,,,,,,,,,,,,,,,,,,,,
2-2-4,u_on_y,none,1000,700157,clean,,cf1_margin,none,0,0.0,,,,,,,,,,,,,,,,,,,,
2-2-4,u_on_y,none,1000,700157,clean,,slack_plugin,none,0,0.0,,,,,,,,,,,,,,,,,,,,
2-2-4,u_on_y,none,1000,700157,clean,,gm_battery,none,0,0.0,,,,,,,,,,,,,,,,,,,,
2-2-4,u_on_y,none,1000,700157,clean,,gtest,none,0,0.0,,,,,,,,,,,,,,,,,,,,
2-2-4,u_on_y,none,1000,700158,clean,,kl_plugin,none,0,1.6064217168506364e-05,,,,,,,,,,,,,,,,,,,,
2-2-4,u_on_y,none,1000,700158,clean,,kl_split,none,0,0.0027608188748685022,,,,,,,,,,,,,,,,,,,,
2-2-4,u_on_y,none,1000,700158,clean,,kl_crossfit,none,0,0.0029008221041543457,,,,,,,,,,,,,,,,,,,,
2-2-4,u_on_y,none,1000,700158,clean,,cf1_margin,none,0,0.004007558832771596,,,,,,,,,,,,,,,,,,,,
2-2-4,u_on_y,none,1000,700158,clean,,slack_plugin,none,0,0.008015117665543137,,,,,,,,,,,,,,,,,,,,
2-2-4,u_on_y,none,1000,700158,clean,,gm_battery,none,0,0.0,,,,,,,,,,,,,,,,,,,,
2-2-4,u_on_y,none,1000,700158,clean,,gtest,none,0,0.0,,,,,,,,,,,,,,,,,,,,
2-2-4,u_on_y,none,1000,700159,clean,,kl_plugin,none,0,0.0,,,,,,,,,,,,,,,,,,,,
2-2-4,u_on_y,none,1000,700159,clean,,kl_split,none,0,0.002900703948403246,,,,,,,,,,,,,,,,,,,,
2-2-4,u_on_y,none,1000,700159,clean,,kl_crossfit,none,0,0.0028985923404296603,,,,,,,,,,,,,,,,,,,,
2-2-4,u_on_y,none,1000,700159,clean,,cf1_margin,none,0,0.0,,,,,,,,,,,,,,,,,,,,
2-2-4,u_on_y,none,1000,700159,clean,,slack_plugin,none,0,0.0,,,,,,,,,,,,,,,,,,,,
2-2-4,u_on_y,none,1000,700159,clean,,gm_battery,none,0,0.0,,,,,,,,,,,,,,,,,,,,
2-2-4,u_on_y,none,1000,700159,clean,,gtest,none,0,0.048477612506617085,,,,,,,,,,,,,,,,,,,,
2-2-4,u_on_y,none,1000,700160,clean,,kl_plugin,none,0,0.0,,,,,,,,,,,,,,,,,,,,
2-2-4,u_on_y,none,1000,700160,clean,,kl_split,none,0,1.977808983478024e-05,,,,,,,,,,,,,,,,,,,,
2-2-4,u_on_y,none,1000,700160,clean,,kl_crossfit,none,0,1.9777959444836436e-05,,,,,,,,,,,,,,,,,,,,
2-2-4,u_on_y,none,1000,700160,clean,,cf1_margin,none,0,0.0,,,,,,,,,,,,,,,,,,,,
2-2-4,u_on_y,none,1000,700160,clean,,slack_plugin,none,0,0.0,,,,,,,,,,,,,,,,,,,,
2-2-4,u_on_y,none,1000,700160,clean,,gm_battery,none,0,0.0,,,,,,,,,,,,,,,,,,,,
2-2-4,u_on_y,none,1000,700160,clean,,gtest,none,0,642.7539137154236,,,,,,,,,,,,,,,,,,,,
2-2-4,u_on_y,none,1000,700161,clean,,kl_plugin,none,0,0.0,,,,,,,,,,,,,,,,,,,,
2-2-4,u_on_y,none,1000,700161,clean,,kl_split,none,0,0.0,,,,,,,,,,,,,,,,,,,,
2-2-4,u_on_y,none,1000,700161,clean,,kl_crossfit,none,0,0.0,,,,,,,,,,,,,,,,,,,,
2-2-4,u_on_y,none,1000,700161,clean,,cf1_margin,none,0,0.0,,,,,,,,,,,,,,,,,,,,
2-2-4,u_on_y,none,1000,700161,clean,,slack_plugin,none,0,0.0,,,,,,,,,,,,,,,,,,,,
2-2-4,u_on_y,none,1000,700161,clean,,gm_battery,none,0,0.0,,,,,,,,,,,,,,,,,,,,
2-2-4,u_on_y,none,1000,700161,clean,,gtest,none,0,0.0,,,,,,,,,,,,,,,,,,,,
2-2-4,u_on_y,none,1000,700162,clean,,kl_plugin,none,0,0.0008175387600953959,,,,,,,,,,,,,,,,,,,,
2-2-4,u_on_y,none,1000,700162,clean,,kl_split,none,0,0.0033948184807331555,,,,,,,,,,,,,,,,,,,,
2-2-4,u_on_y,none,1000,700162,clean,,kl_crossfit,none,0,0.0024241941832287214,,,,,,,,,,,,,,,,,,,,
2-2-4,u_on_y,none,1000,700162,clean,,cf1_margin,none,0,0.028584018082267848,,,,,,,,,,,,,,,,,,,,
2-2-4,u_on_y,none,1000,700162,clean,,slack_plugin,none,0,0.057168036164535585,,,,,,,,,,,,,,,,,,,,
2-2-4,u_on_y,none,1000,700162,clean,,gm_battery,none,0,0.0,,,,,,,,,,,,,,,,,,,,
2-2-4,u_on_y,none,1000,700162,clean,,gtest,none,0,0.0,,,,,,,,,,,,,,,,,,,,
2-2-4,u_on_y,none,1000,700163,clean,,kl_plugin,none,0,8.275348485916201e-06,,,,,,,,,,,,,,,,,,,,
2-2-4,u_on_y,none,1000,700163,clean,,kl_split,none,0,0.004645958674994476,,,,,,,,,,,,,,,,,,,,
2-2-4,u_on_y,none,1000,700163,clean,,kl_crossfit,none,0,0.0048388433641573456,,,,,,,,,,,,,,,,,,,,
2-2-4,u_on_y,none,1000,700163,clean,,cf1_margin,none,0,0.002869027501810617,,,,,,,,,,,,,,,,,,,,
2-2-4,u_on_y,none,1000,700163,clean,,slack_plugin,none,0,0.005738055003621012,,,,,,,,,,,,,,,,,,,,
2-2-4,u_on_y,none,1000,700163,clean,,gm_battery,none,0,0.0,,,,,,,,,,,,,,,,,,,,
2-2-4,u_on_y,none,1000,700163,clean,,gtest,none,0,0.0,,,,,,,,,,,,,,,,,,,,
2-2-4,u_on_y,none,1000,700164,clean,,kl_plugin,none,0,9.63589794957683e-17,,,,,,,,,,,,,,,,,,,,
2-2-4,u_on_y,none,1000,700164,clean,,kl_split,none,0,0.051115368707772134,,,,,,,,,,,,,,,,,,,,
2-2-4,u_on_y,none,1000,700164,clean,,kl_crossfit,none,0,0.04979874260965962,,,,,,,,,,,,,,,,,,,,
2-2-4,u_on_y,none,1000,700164,clean,,cf1_margin,none,0,0.0,,,,,,,,,,,,,,,,,,,,
2-2-4,u_on_y,none,1000,700164,clean,,slack_plugin,none,0,0.0,,,,,,,,,,,,,,,,,,,,
2-2-4,u_on_y,none,1000,700164,clean,,gm_battery,none,0,0.0,,,,,,,,,,,,,,,,,,,,
2-2-4,u_on_y,none,1000,700164,clean,,gtest,none,0,398.5461204129238,,,,,,,,,,,,,,,,,,,,
2-2-4,u_on_y,none,1000,700165,clean,,kl_plugin,none,0,0.00048338857896208787,,,,,,,,,,,,,,,,,,,,
2-2-4,u_on_y,none,1000,700165,clean,,kl_split,none,0,0.001164005337205485,,,,,,,,,,,,,,,,,,,,
2-2-4,u_on_y,none,1000,700165,clean,,kl_crossfit,none,0,0.000864267211299459,,,,,,,,,,,,,,,,,,,,
2-2-4,u_on_y,none,1000,700165,clean,,cf1_margin,none,0,0.02198272175177496,,,,,,,,,,,,,,,,,,,,
2-2-4,u_on_y,none,1000,700165,clean,,slack_plugin,none,0,0.043965443503549806,,,,,,,,,,,,,,,,,,,,
2-2-4,u_on_y,none,1000,700165,clean,,gm_battery,none,0,0.0,,,,,,,,,,,,,,,,,,,,
2-2-4,u_on_y,none,1000,700165,clean,,gtest,none,0,0.0,,,,,,,,,,,,,,,,,,,,
2-2-4,u_on_y,none,1000,700166,clean,,kl_plugin,none,0,8.044980913164863e-05,,,,,,,,,,,,,,,,,,,,
2-2-4,u_on_y,none,1000,700166,clean,,kl_split,none,0,0.026132088884425697,,,,,,,,,,,,,,,,,,,,
2-2-4,u_on_y,none,1000,700166,clean,,kl_crossfit,none,0,0.026481969983598308,,,,,,,,,,,,,,,,,,,,
2-2-4,u_on_y,none,1000,700166,clean,,cf1_margin,none,0,0.008963237009022684,,,,,,,,,,,,,,,,,,,,
2-2-4,u_on_y,none,1000,700166,clean,,slack_plugin,none,0,0.01792647401804537,,,,,,,,,,,,,,,,,,,,
2-2-4,u_on_y,none,1000,700166,clean,,gm_battery,none,0,0.0,,,,,,,,,,,,,,,,,,,,
2-2-4,u_on_y,none,1000,700166,clean,,gtest,none,0,0.0,,,,,,,,,,,,,,,,,,,,
2-2-4,u_on_y,none,1000,700167,clean,,kl_plugin,none,0,0.000352721073006804,,,,,,,,,,,,,,,,,,,,
2-2-4,u_on_y,none,1000,700167,clean,,kl_split,none,0,0.014892535666832102,,,,,,,,,,,,,,,,,,,,
2-2-4,u_on_y,none,1000,700167,clean,,kl_crossfit,none,0,0.013113553271339222,,,,,,,,,,,,,,,,,,,,
2-2-4,u_on_y,none,1000,700167,clean,,cf1_margin,none,0,0.018779965824443856,,,,,,,,,,,,,,,,,,,,
2-2-4,u_on_y,none,1000,700167,clean,,slack_plugin,none,0,0.03755993164888771,,,,,,,,,,,,,,,,,,,,
2-2-4,u_on_y,none,1000,700167,clean,,gm_battery,none,0,0.0,,,,,,,,,,,,,,,,,,,,
2-2-4,u_on_y,none,1000,700167,clean,,gtest,none,0,0.0,,,,,,,,,,,,,,,,,,,,
2-2-4,u_on_y,none,1000,700168,clean,,kl_plugin,none,0,0.0025363125555758932,,,,,,,,,,,,,,,,,,,,
2-2-4,u_on_y,none,1000,700168,clean,,kl_split,none,0,0.002068958759843342,,,,,,,,,,,,,,,,,,,,
2-2-4,u_on_y,none,1000,700168,clean,,kl_crossfit,none,0,0.002795809413415811,,,,,,,,,,,,,,,,,,,,
2-2-4,u_on_y,none,1000,700168,clean,,cf1_margin,none,0,0.050287356321839116,,,,,,,,,,,,,,,,,,,,
2-2-4,u_on_y,none,1000,700168,clean,,slack_plugin,none,0,0.10057471264367812,,,,,,,,,,,,,,,,,,,,
2-2-4,u_on_y,none,1000,700168,clean,,gm_battery,none,0,0.0,,,,,,,,,,,,,,,,,,,,
2-2-4,u_on_y,none,1000,700168,clean,,gtest,none,0,0.0,,,,,,,,,,,,,,,,,,,,
2-2-4,u_on_y,none,1000,700169,clean,,kl_plugin,none,0,0.0034254686850793623,,,,,,,,,,,,,,,,,,,,
2-2-4,u_on_y,none,1000,700169,clean,,kl_split,none,0,0.008111075601532666,,,,,,,,,,,,,,,,,,,,
2-2-4,u_on_y,none,1000,700169,clean,,kl_crossfit,none,0,0.008098860441725649,,,,,,,,,,,,,,,,,,,,
2-2-4,u_on_y,none,1000,700169,clean,,cf1_margin,none,0,0.05831584687792679,,,,,,,,,,,,,,,,,,,,
2-2-4,u_on_y,none,1000,700169,clean,,slack_plugin,none,0,0.11663169375585347,,,,,,,,,,,,,,,,,,,,
2-2-4,u_on_y,none,1000,700169,clean,,gm_battery,none,0,0.0,,,,,,,,,,,,,,,,,,,,
2-2-4,u_on_y,none,1000,700169,clean,,gtest,none,0,0.0,,,,,,,,,,,,,,,,,,,,
2-2-4,u_on_y,none,1000,700170,clean,,kl_plugin,none,0,1.6906949613581053e-17,,,,,,,,,,,,,,,,,,,,
2-2-4,u_on_y,none,1000,700170,clean,,kl_split,none,0,0.004450797646328733,,,,,,,,,,,,,,,,,,,,
2-2-4,u_on_y,none,1000,700170,clean,,kl_crossfit,none,0,0.004450253511658144,,,,,,,,,,,,,,,,,,,,
2-2-4,u_on_y,none,1000,700170,clean,,cf1_margin,none,0,0.0,,,,,,,,,,,,,,,,,,,,
2-2-4,u_on_y,none,1000,700170,clean,,slack_plugin,none,0,0.0,,,,,,,,,,,,,,,,,,,,
2-2-4,u_on_y,none,1000,700170,clean,,gm_battery,none,0,0.0,,,,,,,,,,,,,,,,,,,,
2-2-4,u_on_y,none,1000,700170,clean,,gtest,none,0,646.9686725511242,,,,,,,,,,,,,,,,,,,,
2-2-4,u_on_y,none,1000,700171,clean,,kl_plugin,none,0,0.0,,,,,,,,,,,,,,,,,,,,
2-2-4,u_on_y,none,1000,700171,clean,,kl_split,none,0,0.009768277137121917,,,,,,,,,,,,,,,,,,,,
2-2-4,u_on_y,none,1000,700171,clean,,kl_crossfit,none,0,0.009767138494125104,,,,,,,,,,,,,,,,,,,,
2-2-4,u_on_y,none,1000,700171,clean,,cf1_margin,none,0,0.0,,,,,,,,,,,,,,,,,,,,
2-2-4,u_on_y,none,1000,700171,clean,,slack_plugin,none,0,0.0,,,,,,,,,,,,,,,,,,,,
2-2-4,u_on_y,none,1000,700171,clean,,gm_battery,none,0,0.0,,,,,,,,,,,,,,,,,,,,
2-2-4,u_on_y,none,1000,700171,clean,,gtest,none,0,995.234606791349,,,,,,,,,,,,,,,,,,,,
2-2-4,u_on_y,none,1000,700172,clean,,kl_plugin,none,0,0.0004121441705394694,,,,,,,,,,,,,,,,,,,,
2-2-4,u_on_y,none,1000,700172,clean,,kl_split,none,0,0.0037453227829018845,,,,,,,,,,,,,,,,,,,,
2-2-4,u_on_y,none,1000,700172,clean,,kl_crossfit,none,0,0.0026752294964607383,,,,,,,,,,,,,,,,,,,,
2-2-4,u_on_y,none,1000,700172,clean,,cf1_margin,none,0,0.020300500565804458,,,,,,,,,,,,,,,,,,,,
2-2-4,u_on_y,none,1000,700172,clean,,slack_plugin,none,0,0.040601001131608916,,,,,,,,,,,,,,,,,,,,
2-2-4,u_on_y,none,1000,700172,clean,,gm_battery,none,0,0.0,,,,,,,,,,,,,,,,,,,,
2-2-4,u_on_y,none,1000,700172,clean,,gtest,none,0,0.0,,,,,,,,,,,,,,,,,,,,
2-2-4,u_on_y,none,1000,700173,clean,,kl_plugin,none,0,0.0018071504092567053,,,,,,,,,,,,,,,,,,,,
2-2-4,u_on_y,none,1000,700173,clean,,kl_split,none,0,0.006353539313120549,,,,,,,,,,,,,,,,,,,,
2-2-4,u_on_y,none,1000,700173,clean,,kl_crossfit,none,0,0.0062255337913068864,,,,,,,,,,,,,,,,,,,,
2-2-4,u_on_y,none,1000,700173,clean,,cf1_margin,none,0,0.04245918766099632,,,,,,,,,,,,,,,,,,,,
2-2-4,u_on_y,none,1000,700173,clean,,slack_plugin,none,0,0.08491837532199281,,,,,,,,,,,,,,,,,,,,
2-2-4,u_on_y,none,1000,700173,clean,,gm_battery,none,0,0.0,,,,,,,,,,,,,,,,,,,,
2-2-4,u_on_y,none,1000,700173,clean,,gtest,none,0,0.0,,,,,,,,,,,,,,,,,,,,
2-2-4,u_on_y,none,1000,700174,clean,,kl_plugin,none,0,0.0002748759116004834,,,,,,,,,,,,,,,,,,,,
2-2-4,u_on_y,none,1000,700174,clean,,kl_split,none,0,0.0012998383647917638,,,,,,,,,,,,,,,,,,,,
2-2-4,u_on_y,none,1000,700174,clean,,kl_crossfit,none,0,0.002278099646330068,,,,,,,,,,,,,,,,,,,,
2-2-4,u_on_y,none,1000,700174,clean,,cf1_margin,none,0,0.016567991950015237,,,,,,,,,,,,,,,,,,,,
2-2-4,u_on_y,none,1000,700174,clean,,slack_plugin,none,0,0.03313598390003025,,,,,,,,,,,,,,,,,,,,
2-2-4,u_on_y,none,1000,700174,clean,,gm_battery,none,0,0.0,,,,,,,,,,,,,,,,,,,,
2-2-4,u_on_y,none,1000,700174,clean,,gtest,none,0,0.0,,,,,,,,,,,,,,,,,,,,
2-2-4,u_on_y,none,1000,700175,clean,,kl_plugin,none,0,0.0,,,,,,,,,,,,,,,,,,,,
2-2-4,u_on_y,none,1000,700175,clean,,kl_split,none,0,0.0008485461088438111,,,,,,,,,,,,,,,,,,,,
2-2-4,u_on_y,none,1000,700175,clean,,kl_crossfit,none,0,0.0008484019086002197,,,,,,,,,,,,,,,,,,,,
2-2-4,u_on_y,none,1000,700175,clean,,cf1_margin,none,0,0.0,,,,,,,,,,,,,,,,,,,,
2-2-4,u_on_y,none,1000,700175,clean,,slack_plugin,none,0,0.0,,,,,,,,,,,,,,,,,,,,
2-2-4,u_on_y,none,1000,700175,clean,,gm_battery,none,0,0.0,,,,,,,,,,,,,,,,,,,,
2-2-4,u_on_y,none,1000,700175,clean,,gtest,none,0,1168.5018557788526,,,,,,,,,,,,,,,,,,,,
2-2-4,u_on_y,none,1000,700176,clean,,kl_plugin,none,0,0.0,,,,,,,,,,,,,,,,,,,,
2-2-4,u_on_y,none,1000,700176,clean,,kl_split,none,0,0.011236824765927092,,,,,,,,,,,,,,,,,,,,
2-2-4,u_on_y,none,1000,700176,clean,,kl_crossfit,none,0,0.011223547871482737,,,,,,,,,,,,,,,,,,,,
2-2-4,u_on_y,none,1000,700176,clean,,cf1_margin,none,0,0.0,,,,,,,,,,,,,,,,,,,,
2-2-4,u_on_y,none,1000,700176,clean,,slack_plugin,none,0,0.0,,,,,,,,,,,,,,,,,,,,
2-2-4,u_on_y,none,1000,700176,clean,,gm_battery,none,0,0.0,,,,,,,,,,,,,,,,,,,,
2-2-4,u_on_y,none,1000,700176,clean,,gtest,none,0,684.6266323827058,,,,,,,,,,,,,,,,,,,,
2-2-4,u_on_y,none,1000,700177,clean,,kl_plugin,none,0,0.0,,,,,,,,,,,,,,,,,,,,
2-2-4,u_on_y,none,1000,700177,clean,,kl_split,none,0,0.0,,,,,,,,,,,,,,,,,,,,
2-2-4,u_on_y,none,1000,700177,clean,,kl_crossfit,none,0,0.0,,,,,,,,,,,,,,,,,,,,
2-2-4,u_on_y,none,1000,700177,clean,,cf1_margin,none,0,0.0,,,,,,,,,,,,,,,,,,,,
2-2-4,u_on_y,none,1000,700177,clean,,slack_plugin,none,0,0.0,,,,,,,,,,,,,,,,,,,,
2-2-4,u_on_y,none,1000,700177,clean,,gm_battery,none,0,0.0,,,,,,,,,,,,,,,,,,,,
2-2-4,u_on_y,none,1000,700177,clean,,gtest,none,0,0.0,,,,,,,,,,,,,,,,,,,,
2-2-4,u_on_y,none,1000,700178,clean,,kl_plugin,none,0,0.0006350683077455763,,,,,,,,,,,,,,,,,,,,
2-2-4,u_on_y,none,1000,700178,clean,,kl_split,none,0,0.015462038331852057,,,,,,,,,,,,,,,,,,,,
2-2-4,u_on_y,none,1000,700178,clean,,kl_crossfit,none,0,0.011295098631899446,,,,,,,,,,,,,,,,,,,,
2-2-4,u_on_y,none,1000,700178,clean,,cf1_margin,none,0,0.025198681113193455,,,,,,,,,,,,,,,,,,,,
2-2-4,u_on_y,none,1000,700178,clean,,slack_plugin,none,0,0.050397362226386855,,,,,,,,,,,,,,,,,,,,
2-2-4,u_on_y,none,1000,700178,clean,,gm_battery,none,0,0.0,,,,,,,,,,,,,,,,,,,,
2-2-4,u_on_y,none,1000,700178,clean,,gtest,none,0,0.0,,,,,,,,,,,,,,,,,,,,
2-2-4,u_on_y,none,1000,700179,clean,,kl_plugin,none,0,0.0,,,,,,,,,,,,,,,,,,,,
2-2-4,u_on_y,none,1000,700179,clean,,kl_split,none,0,0.0025259255009660517,,,,,,,,,,,,,,,,,,,,
2-2-4,u_on_y,none,1000,700179,clean,,kl_crossfit,none,0,0.0025268382460782203,,,,,,,,,,,,,,,,,,,,
2-2-4,u_on_y,none,1000,700179,clean,,cf1_margin,none,0,0.0,,,,,,,,,,,,,,,,,,,,
2-2-4,u_on_y,none,1000,700179,clean,,slack_plugin,none,0,0.0,,,,,,,,,,,,,,,,,,,,
2-2-4,u_on_y,none,1000,700179,clean,,gm_battery,none,0,0.0,,,,,,,,,,,,,,,,,,,,
2-2-4,u_on_y,none,1000,700179,clean,,gtest,none,0,1033.1889878873235,,,,,,,,,,,,,,,,,,,,
2-2-4,u_on_y,none,1000,700180,clean,,kl_plugin,none,0,0.0,,,,,,,,,,,,,,,,,,,,
2-2-4,u_on_y,none,1000,700180,clean,,kl_split,none,0,0.0,,,,,,,,,,,,,,,,,,,,
2-2-4,u_on_y,none,1000,700180,clean,,kl_crossfit,none,0,0.0,,,,,,,,,,,,,,,,,,,,
2-2-4,u_on_y,none,1000,700180,clean,,cf1_margin,none,0,0.0,,,,,,,,,,,,,,,,,,,,
2-2-4,u_on_y,none,1000,700180,clean,,slack_plugin,none,0,0.0,,,,,,,,,,,,,,,,,,,,
2-2-4,u_on_y,none,1000,700180,clean,,gm_battery,none,0,0.0,,,,,,,,,,,,,,,,,,,,
2-2-4,u_on_y,none,1000,700180,clean,,gtest,none,0,0.0,,,,,,,,,,,,,,,,,,,,
2-2-4,u_on_y,none,1000,700181,clean,,kl_plugin,none,0,0.0002624508660807757,,,,,,,,,,,,,,,,,,,,
2-2-4,u_on_y,none,1000,700181,clean,,kl_split,none,0,0.008599965257532718,,,,,,,,,,,,,,,,,,,,
2-2-4,u_on_y,none,1000,700181,clean,,kl_crossfit,none,0,0.007645268673489976,,,,,,,,,,,,,,,,,,,,
2-2-4,u_on_y,none,1000,700181,clean,,cf1_margin,none,0,0.016182954094318802,,,,,,,,,,,,,,,,,,,,
2-2-4,u_on_y,none,1000,700181,clean,,slack_plugin,none,0,0.03236590818863755,,,,,,,,,,,,,,,,,,,,
2-2-4,u_on_y,none,1000,700181,clean,,gm_battery,none,0,0.0,,,,,,,,,,,,,,,,,,,,
2-2-4,u_on_y,none,1000,700181,clean,,gtest,none,0,0.0,,,,,,,,,,,,,,,,,,,,
2-2-4,u_on_y,none,1000,700182,clean,,kl_plugin,none,0,0.002590545596883341,,,,,,,,,,,,,,,,,,,,
2-2-4,u_on_y,none,1000,700182,clean,,kl_split,none,0,0.006877976892816738,,,,,,,,,,,,,,,,,,,,
2-2-4,u_on_y,none,1000,700182,clean,,kl_crossfit,none,0,0.005068501846905053,,,,,,,,,,,,,,,,,,,,
2-2-4,u_on_y,none,1000,700182,clean,,cf1_margin,none,0,0.050869662650187,,,,,,,,,,,,,,,,,,,,
2-2-4,u_on_y,none,1000,700182,clean,,slack_plugin,none,0,0.101739325300374,,,,,,,,,,,,,,,,,,,,
2-2-4,u_on_y,none,1000,700182,clean,,gm_battery,none,0,0.0,,,,,,,,,,,,,,,,,,,,
2-2-4,u_on_y,none,1000,700182,clean,,gtest,none,0,0.0,,,,,,,,,,,,,,,,,,,,
2-2-4,u_on_y,none,1000,700183,clean,,kl_plugin,none,0,1.2351231148954867e-16,,,,,,,,,,,,,,,,,,,,
2-2-4,u_on_y,none,1000,700183,clean,,kl_split,none,0,0.00032816362768084894,,,,,,,,,,,,,,,,,,,,
2-2-4,u_on_y,none,1000,700183,clean,,kl_crossfit,none,0,0.00032786282710932217,,,,,,,,,,,,,,,,,,,,
2-2-4,u_on_y,none,1000,700183,clean,,cf1_margin,none,0,0.0,,,,,,,,,,,,,,,,,,,,
2-2-4,u_on_y,none,1000,700183,clean,,slack_plugin,none,0,0.0,,,,,,,,,,,,,,,,,,,,
2-2-4,u_on_y,none,1000,700183,clean,,gm_battery,none,0,0.0,,,,,,,,,,,,,,,,,,,,
2-2-4,u_on_y,none,1000,700183,clean,,gtest,none,0,471.9927756171789,,,,,,,,,,,,,,,,,,,,
2-2-4,u_on_y,none,1000,700184,clean,,kl_plugin,none,0,5.710223518374611e-17,,,,,,,,,,,,,,,,,,,,
2-2-4,u_on_y,none,1000,700184,clean,,kl_split,none,0,0.04820742108375786,,,,,,,,,,,,,,,,,,,,
2-2-4,u_on_y,none,1000,700184,clean,,kl_crossfit,none,0,0.04817143051521424,,,,,,,,,,,,,,,,,,,,
2-2-4,u_on_y,none,1000,700184,clean,,cf1_margin,none,0,0.0,,,,,,,,,,,,,,,,,,,,
2-2-4,u_on_y,none,1000,700184,clean,,slack_plugin,none,0,0.0,,,,,,,,,,,,,,,,,,,,
2-2-4,u_on_y,none,1000,700184,clean,,gm_battery,none,0,0.0,,,,,,,,,,,,,,,,,,,,
2-2-4,u_on_y,none,1000,700184,clean,,gtest,none,0,653.2649703951389,,,,,,,,,,,,,,,,,,,,
2-2-4,u_on_y,none,1000,700185,clean,,kl_plugin,none,0,0.001859903658494557,,,,,,,,,,,,,,,,,,,,
2-2-4,u_on_y,none,1000,700185,clean,,kl_split,none,0,0.01110583269474505,,,,,,,,,,,,,,,,,,,,
2-2-4,u_on_y,none,1000,700185,clean,,kl_crossfit,none,0,0.008693089777982409,,,,,,,,,,,,,,,,,,,,
2-2-4,u_on_y,none,1000,700185,clean,,cf1_margin,none,0,0.04307458143074583,,,,,,,,,,,,,,,,,,,,
2-2-4,u_on_y,none,1000,700185,clean,,slack_plugin,none,0,0.08614916286149155,,,,,,,,,,,,,,,,,,,,
2-2-4,u_on_y,none,1000,700185,clean,,gm_battery,none,0,0.0,,,,,,,,,,,,,,,,,,,,
2-2-4,u_on_y,none,1000,700185,clean,,gtest,none,0,0.0,,,,,,,,,,,,,,,,,,,,
2-2-4,u_on_y,none,1000,700186,clean,,kl_plugin,none,0,0.0,,,,,,,,,,,,,,,,,,,,
2-2-4,u_on_y,none,1000,700186,clean,,kl_split,none,0,0.01321814172669239,,,,,,,,,,,,,,,,,,,,
2-2-4,u_on_y,none,1000,700186,clean,,kl_crossfit,none,0,0.013162370068150485,,,,,,,,,,,,,,,,,,,,
2-2-4,u_on_y,none,1000,700186,clean,,cf1_margin,none,0,0.0,,,,,,,,,,,,,,,,,,,,
2-2-4,u_on_y,none,1000,700186,clean,,slack_plugin,none,0,0.0,,,,,,,,,,,,,,,,,,,,
2-2-4,u_on_y,none,1000,700186,clean,,gm_battery,none,0,0.0,,,,,,,,,,,,,,,,,,,,
2-2-4,u_on_y,none,1000,700186,clean,,gtest,none,0,1286.0106709196612,,,,,,,,,,,,,,,,,,,,
2-2-4,u_on_y,none,1000,700187,clean,,kl_plugin,none,0,0.0,,,,,,,,,,,,,,,,,,,,
2-2-4,u_on_y,none,1000,700187,clean,,kl_split,none,0,0.0021973788696175167,,,,,,,,,,,,,,,,,,,,
2-2-4,u_on_y,none,1000,700187,clean,,kl_crossfit,none,0,0.0021972141186375783,,,,,,,,,,,,,,,,,,,,
2-2-4,u_on_y,none,1000,700187,clean,,cf1_margin,none,0,0.0,,,,,,,,,,,,,,,,,,,,
2-2-4,u_on_y,none,1000,700187,clean,,slack_plugin,none,0,0.0,,,,,,,,,,,,,,,,,,,,
2-2-4,u_on_y,none,1000,700187,clean,,gm_battery,none,0,0.0,,,,,,,,,,,,,,,,,,,,
2-2-4,u_on_y,none,1000,700187,clean,,gtest,none,0,753.5403225128734,,,,,,,,,,,,,,,,,,,,
2-2-4,u_on_y,none,1000,700188,clean,,kl_plugin,none,0,0.0,,,,,,,,,,,,,,,,,,,,
2-2-4,u_on_y,none,1000,700188,clean,,kl_split,none,0,0.0,,,,,,,,,,,,,,,,,,,,
2-2-4,u_on_y,none,1000,700188,clean,,kl_crossfit,none,0,0.0,,,,,,,,,,,,,,,,,,,,
2-2-4,u_on_y,none,1000,700188,clean,,cf1_margin,none,0,0.0,,,,,,,,,,,,,,,,,,,,
2-2-4,u_on_y,none,1000,700188,clean,,slack_plugin,none,0,0.0,,,,,,,,,,,,,,,,,,,,
2-2-4,u_on_y,none,1000,700188,clean,,gm_battery,none,0,0.0,,,,,,,,,,,,,,,,,,,,
2-2-4,u_on_y,none,1000,700188,clean,,gtest,none,0,0.0,,,,,,,,,,,,,,,,,,,,
2-2-4,u_on_y,none,1000,700189,clean,,kl_plugin,none,0,0.002022314803221771,,,,,,,,,,,,,,,,,,,,
2-2-4,u_on_y,none,1000,700189,clean,,kl_split,none,0,0.0072747095998648426,,,,,,,,,,,,,,,,,,,,
2-2-4,u_on_y,none,1000,700189,clean,,kl_crossfit,none,0,0.003668752025562846,,,,,,,,,,,,,,,,,,,,
2-2-4,u_on_y,none,1000,700189,clean,,cf1_margin,none,0,0.044940446401761536,,,,,,,,,,,,,,,,,,,,
2-2-4,u_on_y,none,1000,700189,clean,,slack_plugin,none,0,0.08988089280352307,,,,,,,,,,,,,,,,,,,,
2-2-4,u_on_y,none,1000,700189,clean,,gm_battery,none,0,0.0,,,,,,,,,,,,,,,,,,,,
2-2-4,u_on_y,none,1000,700189,clean,,gtest,none,0,0.0,,,,,,,,,,,,,,,,,,,,
2-2-4,u_on_y,none,1000,700190,clean,,kl_plugin,none,0,6.092687330260005e-17,,,,,,,,,,,,,,,,,,,,
2-2-4,u_on_y,none,1000,700190,clean,,kl_split,none,0,0.004886859267931861,,,,,,,,,,,,,,,,,,,,
2-2-4,u_on_y,none,1000,700190,clean,,kl_crossfit,none,0,0.004891917474552608,,,,,,,,,,,,,,,,,,,,
2-2-4,u_on_y,none,1000,700190,clean,,cf1_margin,none,0,0.0,,,,,,,,,,,,,,,,,,,,
2-2-4,u_on_y,none,1000,700190,clean,,slack_plugin,none,0,0.0,,,,,,,,,,,,,,,,,,,,
2-2-4,u_on_y,none,1000,700190,clean,,gm_battery,none,0,0.0,,,,,,,,,,,,,,,,,,,,
2-2-4,u_on_y,none,1000,700190,clean,,gtest,none,0,704.5019414807127,,,,,,,,,,,,,,,,,,,,
2-2-4,u_on_y,none,1000,700191,clean,,kl_plugin,none,0,0.0015907931879320762,,,,,,,,,,,,,,,,,,,,
2-2-4,u_on_y,none,1000,700191,clean,,kl_split,none,0,0.013392554645675375,,,,,,,,,,,,,,,,,,,,
2-2-4,u_on_y,none,1000,700191,clean,,kl_crossfit,none,0,0.018557625955126146,,,,,,,,,,,,,,,,,,,,
2-2-4,u_on_y,none,1000,700191,clean,,cf1_margin,none,0,0.039874551971326166,,,,,,,,,,,,,,,,,,,,
2-2-4,u_on_y,none,1000,700191,clean,,slack_plugin,none,0,0.07974910394265233,,,,,,,,,,,,,,,,,,,,
2-2-4,u_on_y,none,1000,700191,clean,,gm_battery,none,0,0.0,,,,,,,,,,,,,,,,,,,,
2-2-4,u_on_y,none,1000,700191,clean,,gtest,none,0,0.0,,,,,,,,,,,,,,,,,,,,
2-2-4,u_on_y,none,1000,700192,clean,,kl_plugin,none,0,2.7971419927797295e-05,,,,,,,,,,,,,,,,,,,,
2-2-4,u_on_y,none,1000,700192,clean,,kl_split,none,0,0.003100949598125388,,,,,,,,,,,,,,,,,,,,
2-2-4,u_on_y,none,1000,700192,clean,,kl_crossfit,none,0,0.0033073187190749906,,,,,,,,,,,,,,,,,,,,
2-2-4,u_on_y,none,1000,700192,clean,,cf1_margin,none,0,0.005288009878609667,,,,,,,,,,,,,,,,,,,,
2-2-4,u_on_y,none,1000,700192,clean,,slack_plugin,none,0,0.010576019757219224,,,,,,,,,,,,,,,,,,,,
2-2-4,u_on_y,none,1000,700192,clean,,gm_battery,none,0,0.0,,,,,,,,,,,,,,,,,,,,
2-2-4,u_on_y,none,1000,700192,clean,,gtest,none,0,0.0,,,,,,,,,,,,,,,,,,,,
2-2-4,u_on_y,none,1000,700193,clean,,kl_plugin,none,0,0.0,,,,,,,,,,,,,,,,,,,,
2-2-4,u_on_y,none,1000,700193,clean,,kl_split,none,0,0.00036536355297656087,,,,,,,,,,,,,,,,,,,,
2-2-4,u_on_y,none,1000,700193,clean,,kl_crossfit,none,0,0.00036531906263696876,,,,,,,,,,,,,,,,,,,,
2-2-4,u_on_y,none,1000,700193,clean,,cf1_margin,none,0,0.0,,,,,,,,,,,,,,,,,,,,
2-2-4,u_on_y,none,1000,700193,clean,,slack_plugin,none,0,0.0,,,,,,,,,,,,,,,,,,,,
2-2-4,u_on_y,none,1000,700193,clean,,gm_battery,none,0,0.0,,,,,,,,,,,,,,,,,,,,
2-2-4,u_on_y,none,1000,700193,clean,,gtest,none,0,1352.2446879478157,,,,,,,,,,,,,,,,,,,,
2-2-4,u_on_y,none,1000,700194,clean,,kl_plugin,none,0,0.00020507843172849587,,,,,,,,,,,,,,,,,,,,
2-2-4,u_on_y,none,1000,700194,clean,,kl_split,none,0,0.03246488181639501,,,,,,,,,,,,,,,,,,,,
2-2-4,u_on_y,none,1000,700194,clean,,kl_crossfit,none,0,0.03251201591116856,,,,,,,,,,,,,,,,,,,,
2-2-4,u_on_y,none,1000,700194,clean,,cf1_margin,none,0,0.014317402702157755,,,,,,,,,,,,,,,,,,,,
2-2-4,u_on_y,none,1000,700194,clean,,slack_plugin,none,0,0.02863480540431529,,,,,,,,,,,,,,,,,,,,
2-2-4,u_on_y,none,1000,700194,clean,,gm_battery,none,0,0.0,,,,,,,,,,,,,,,,,,,,
2-2-4,u_on_y,none,1000,700194,clean,,gtest,none,0,0.0,,,,,,,,,,,,,,,,,,,,
2-2-4,u_on_y,none,1000,700195,clean,,kl_plugin,none,0,1.1370832590918942e-16,,,,,,,,,,,,,,,,,,,,
2-2-4,u_on_y,none,1000,700195,clean,,kl_split,none,0,0.014380885242419678,,,,,,,,,,,,,,,,,,,,
2-2-4,u_on_y,none,1000,700195,clean,,kl_crossfit,none,0,0.014369913944439445,,,,,,,,,,,,,,,,,,,,
2-2-4,u_on_y,none,1000,700195,clean,,cf1_margin,none,0,0.0,,,,,,,,,,,,,,,,,,,,
2-2-4,u_on_y,none,1000,700195,clean,,slack_plugin,none,0,0.0,,,,,,,,,,,,,,,,,,,,
2-2-4,u_on_y,none,1000,700195,clean,,gm_battery,none,0,0.0,,,,,,,,,,,,,,,,,,,,
2-2-4,u_on_y,none,1000,700195,clean,,gtest,none,0,565.223414535381,,,,,,,,,,,,,,,,,,,,
2-2-4,u_on_y,none,1000,700196,clean,,kl_plugin,none,0,0.00037175046288581183,,,,,,,,,,,,,,,,,,,,
2-2-4,u_on_y,none,1000,700196,clean,,kl_split,none,0,0.004946648927821672,,,,,,,,,,,,,,,,,,,,
2-2-4,u_on_y,none,1000,700196,clean,,kl_crossfit,none,0,0.00435782588913897,,,,,,,,,,,,,,,,,,,,
2-2-4,u_on_y,none,1000,700196,clean,,cf1_margin,none,0,0.019279712578011865,,,,,,,,,,,,,,,,,,,,
2-2-4,u_on_y,none,1000,700196,clean,,slack_plugin,none,0,0.03855942515602373,,,,,,,,,,,,,,,,,,,,
2-2-4,u_on_y,none,1000,700196,clean,,gm_battery,none,0,0.0,,,,,,,,,,,,,,,,,,,,
2-2-4,u_on_y,none,1000,700196,clean,,gtest,none,0,0.0,,,,,,,,,,,,,,,,,,,,
2-2-4,u_on_y,none,1000,700197,clean,,kl_plugin,none,0,7.692112462183865e-05,,,,,,,,,,,,,,,,,,,,
2-2-4,u_on_y,none,1000,700197,clean,,kl_split,none,0,0.014440952519205505,,,,,,,,,,,,,,,,,,,,
2-2-4,u_on_y,none,1000,700197,clean,,kl_crossfit,none,0,0.014033061734342357,,,,,,,,,,,,,,,,,,,,
2-2-4,u_on_y,none,1000,700197,clean,,cf1_margin,none,0,0.00875627977050164,,,,,,,,,,,,,,,,,,,,
2-2-4,u_on_y,none,1000,700197,clean,,slack_plugin,none,0,0.01751255954100328,,,,,,,,,,,,,,,,,,,,
2-2-4,u_on_y,none,1000,700197,clean,,gm_battery,none,0,0.0,,,,,,,,,,,,,,,,,,,,
2-2-4,u_on_y,none,1000,700197,clean,,gtest,none,0,0.0,,,,,,,,,,,,,,,,,,,,
2-2-4,u_on_y,none,1000,700198,clean,,kl_plugin,none,0,0.00018807751397421392,,,,,,,,,,,,,,,,,,,,
2-2-4,u_on_y,none,1000,700198,clean,,kl_split,none,0,0.0016970590234359206,,,,,,,,,,,,,,,,,,,,
2-2-4,u_on_y,none,1000,700198,clean,,kl_crossfit,none,0,0.0024297421556780698,,,,,,,,,,,,,,,,,,,,
2-2-4,u_on_y,none,1000,700198,clean,,cf1_margin,none,0,0.013713900234872178,,,,,,,,,,,,,,,,,,,,
2-2-4,u_on_y,none,1000,700198,clean,,slack_plugin,none,0,0.027427800469744246,,,,,,,,,,,,,,,,,,,,
2-2-4,u_on_y,none,1000,700198,clean,,gm_battery,none,0,0.0,,,,,,,,,,,,,,,,,,,,
2-2-4,u_on_y,none,1000,700198,clean,,gtest,none,0,0.0,,,,,,,,,,,,,,,,,,,,
2-2-4,u_on_y,none,1000,700199,clean,,kl_plugin,none,0,0.002816124668893867,,,,,,,,,,,,,,,,,,,,
2-2-4,u_on_y,none,1000,700199,clean,,kl_split,none,0,0.0267308366880495,,,,,,,,,,,,,,,,,,,,
2-2-4,u_on_y,none,1000,700199,clean,,kl_crossfit,none,0,0.02074107029435516,,,,,,,,,,,,,,,,,,,,
2-2-4,u_on_y,none,1000,700199,clean,,cf1_margin,none,0,0.05303030303030298,,,,,,,,,,,,,,,,,,,,
2-2-4,u_on_y,none,1000,700199,clean,,slack_plugin,none,0,0.10606060606060608,,,,,,,,,,,,,,,,,,,,
2-2-4,u_on_y,none,1000,700199,clean,,gm_battery,none,0,0.0,,,,,,,,,,,,,,,,,,,,
2-2-4,u_on_y,none,1000,700199,clean,,gtest,none,0,0.0,,,,,,,,,,,,,,,,,,,,
