n,d,noise,kind,seed,method,trim,B,stat_obs,cv_0.01,cv_0.02,cv_0.03,cv_0.04,cv_0.05,cv_0.06,cv_0.07,cv_0.08,cv_0.09,cv_0.10,cv_0.11,cv_0.12,cv_0.13,cv_0.14,cv_0.15,cv_0.16,cv_0.17,cv_0.18,cv_0.19,cv_0.20
500,3,t3,null_nonparam,400000,k1,0.05,199,0.007903494578759829,0.016346435608475707,0.014307564872975687,0.012607277448774656,0.012230786876492261,0.01141680553242952,0.010763379505345116,0.010351846240597817,0.009621819848036783,0.009224978420548813,0.008933582669672147,0.008744888915938054,0.008502803760990663,0.008206603678586166,0.008168901789739058,0.00812761928088701,0.007777996079124994,0.0075353742988854,0.007285917602104175,0.00716935790733364,0.007141622082831645
500,3,t3,null_nonparam,400000,k2,0.05,199,0.34222880368589503,0.48218230218114916,0.4102258447494725,0.39330103907641323,0.3430900555746208,0.33124034650813616,0.3254084988352637,0.2752500883189012,0.2555670801813809,0.2455442969420634,0.2369758531975817,0.22861042618880867,0.2189310125235974,0.21420897372811487,0.20914919803636925,0.20162841932718864,0.19836085748859753,0.1943802696470601,0.18938586988635814,0.18608167708186776,0.18299758310324968
500,3,t3,null_nonparam,400000,hsic,0.0,199,0.00022797477085335943,0.006358315507729704,0.005755566126866918,0.005500940082417314,0.005297903218396352,0.005137602491557376,0.004812441174739647,0.004664182921443712,0.004450877594903673,0.004386648426570855,0.004172770004440238,0.004066354208609628,0.003866576885400365,0.003815132539090672,0.0037969138423321076,0.0036492493198937498,0.0036016854510393286,0.0035489700996498147,0.0033112562409584874,0.0030925006351181766,0.00306928050180159
500,3,t3,null_nonparam,400001,k1,0.05,199,0.002072185938344795,0.017104877891813364,0.01441953143290764,0.013812719019567932,0.012334700244474694,0.012156794246296565,0.011530656467682587,0.011310974669073826,0.011032179789343566,0.010844141840026689,0.01046449259646487,0.010378579636577179,0.010330563473018195,0.00972606967548606,0.009389699539823604,0.00937802333810156,0.00909767005032669,0.008282461716255685,0.00815708818826244,0.00812140279571627,0.007781117586717623
500,3,t3,null_nonparam,400001,k2,0.05,199,0.174514560687073,0.5480040587556951,0.32676892500129207,0.29458739239024695,0.2850693529526524,0.25621653131255073,0.25187874800627014,0.23585664403973147,0.2340713649145699,0.22704308562871395,0.22208882478188188,0.20946972924754562,0.1973592696909924,0.19159684385137843,0.1862135293975233,0.18530609879746002,0.18302087214020568,0.17903906288693036,0.17638203747101946,0.17386581630293876,0.1716138978202291
500,3,t3,null_nonparam,400001,hsic,0.0,199,0.006611347486550709,0.018000617359418516,0.016239879016298954,0.015405524191741736,0.014603821651039448,0.014061894054732772,0.013722782349358706,0.013310188914805406,0.013087289057406457,0.012851390278247114,0.012588147425321185,0.01242654653325262,0.012105195781748833,0.011730118386104986,0.011409480313060636,0.0112011552311518,0.011180393272059348,0.010885466082516006,0.010731362584691151,0.010318112952297913,0.01017691838528636
500,3,t3,null_nonparam,400002,k1,0.05,199,0.005007718096945224,0.017317716086336477,0.013416933267880404,0.013181453825755751,0.012399877903237821,0.011851659221123523,0.011518013149288464,0.010448457095158514,0.009977011459213925,0.009709621073852759,0.009584333491417074,0.009001203551665338,0.008880604134680947,0.008768844163594358,0.008454189235522658,0.008350184490478862,0.008207054754958643,0.00796557538839704,0.007819588426597801,0.007769355453690174,0.007602831448192626
500,3,t3,null_nonparam,400002,k2,0.05,199,0.24441614990997165,0.4387906338773079,0.32196506178292966,0.30244278614698894,0.272673295980501,0.25989078630226564,0.2576526599749706,0.2393234586408276,0.22536397464879218,0.20812085492328508,0.19630107746531653,0.1913692646135542,0.18459873400078156,0.18272501432977506,0.17749356501838215,0.1770407259944142,0.1729440240862718,0.1709323243540915,0.1686884859258447,0.16719972694833357,0.16178329098949187
500,3,t3,null_nonparam,400002,hsic,0.0,199,0.0029437153224667165,0.010587044085452506,0.00919268063554873,0.008496671392286452,0.00786055001265495,0.007487851967009517,0.007387172935011372,0.0071042481606481125,0.006990847895099645,0.006577474299011297,0.006386790582371222,0.006245116646381749,0.0061308159968408785,0.006036441387412284,0.005884998768742117,0.005869492502626837,0.005750700986265093,0.005667474494717648,0.005594827884939781,0.005563677473321494,0.0054687389717989155
500,3,t3,null_nonparam,400003,k1,0.05,199,0.0027111775193738863,0.014365718154875529,0.012427151096366384,0.011731722586652893,0.011462902797832575,0.011385073685842517,0.011080284962051268,0.010931038693011152,0.010833570419093497,0.010216391970373828,0.010050650253320859,0.009896319218769656,0.009807634631498918,0.00954655031001217,0.00928381582201876,0.00905040146908942,0.008903000892996227,0.008515623069938694,0.007988943326603937,0.007783792945182499,0.007736198423917484
500,3,t3,null_nonparam,400003,k2,0.05,199,0.15267450113722572,0.45970379354612295,0.41151656279148296,0.38299999059581513,0.32699958679913327,0.3247905329222097,0.29411990948359706,0.2750885429323791,0.2697988631266206,0.2624221913276792,0.2542060855192038,0.24831991619124807,0.23659550635515897,0.23403510519848447,0.22854818429273793,0.2270422166907218,0.21972097133201995,0.2183748765897281,0.21748804525560297,0.21377474598172697,0.20942096669126342
500,3,t3,null_nonparam,400003,hsic,0.0,199,0.000799068942767665,0.0074801262012457416,0.006186645219302985,0.005949551104184569,0.005765387443986959,0.005743828131066349,0.005385162553691923,0.005298167969877528,0.005167174107311368,0.005012484479225297,0.004924422890130943,0.00478786549501013,0.004696872284687191,0.004681984708515191,0.004655597637491532,0.004570786648353468,0.004519381727304004,0.004363689071249755,0.00422781213117329,0.0041617812552319266,0.004120915825760335
500,3,t3,null_nonparam,400004,k1,0.05,199,0.006442027806259576,0.014358342171941318,0.013221233188144388,0.012473378413078495,0.012137924292842883,0.011429802102962738,0.011100531331516339,0.010221645984705763,0.009501556906407083,0.009405313287870865,0.00927838637757783,0.009024017573800669,0.008874291855218042,0.00875901070906182,0.008245644383068074,0.008110304806007274,0.007992340365635786,0.00791469431440217,0.007810989489336229,0.007549593557653833,0.007464758275523953
500,3,t3,null_nonparam,400004,k2,0.05,199,0.3147291931669941,0.3033516936599097,0.29483608386872096,0.2763629764093233,0.264522605152962,0.2610086206375816,0.24790244667450156,0.2416448170997672,0.23193894201501788,0.2287933878680211,0.21770886996309724,0.2068004467089928,0.19871235014266725,0.19706573292524382,0.1941373483586402,0.19267106060039213,0.19116426045974969,0.18687903379309287,0.18124689607904673,0.17954275935602199,0.17810043125539715
500,3,t3,null_nonparam,400004,hsic,0.0,199,0.0012716059967164451,0.0052167897721982865,0.004958571784332771,0.0049078457292093935,0.004587966217955773,0.00425634621892197,0.0041687328942929935,0.004112045837632098,0.004085600823618063,0.0040016172524281095,0.003975468057376774,0.0036104695383270408,0.0035301142603908747,0.0035246517260615943,0.0035010892186567253,0.0034741624240109885,0.0033396003922707973,0.0033009978320951523,0.003267527066089423,0.0032236639738239155,0.0031691083397425166
500,3,t3,null_nonparam,400005,k1,0.05,199,0.0009068431225691675,0.01566365298221306,0.01528509391541133,0.014447029094559194,0.01277763619547867,0.011888649425233822,0.01135887972645433,0.010770292697131034,0.01009604171832934,0.010026435475560258,0.009345655998427405,0.00923011862608425,0.00913933696637037,0.008887285089025365,0.008780060007237966,0.008707997539777357,0.008647144295496734,0.008220875782704806,0.007857528020671523,0.007710166815315778,0.007526435777052254
500,3,t3,null_nonparam,400005,k2,0.05,199,0.06963832705971788,0.36305612303157364,0.31429915874123804,0.30041979742774283,0.2867809102487701,0.2518565394037162,0.24055253368638801,0.23680244352086882,0.2289336997248561,0.22670848774650237,0.22216322358730745,0.21881941665620594,0.20841958731002702,0.2048080328240242,0.20115863536450848,0.19848520440707723,0.19793779859727662,0.1919360316133706,0.1864709725869245,0.1837119858707735,0.1795510533663211
500,3,t3,null_nonparam,400005,hsic,0.0,199,0.0011988247906764018,0.0055395577811445254,0.005438251089443831,0.004746978695173076,0.004499408073892794,0.0043169822478430426,0.00421892624150824,0.003925659660200557,0.003851344144180229,0.003754570378584188,0.0037023470436239048,0.0036352161082875765,0.0035924242678225388,0.0035674198967702146,0.003476069307967714,0.0034465168079835817,0.0032317674293722612,0.003111330843563487,0.0030208287415887654,0.002933119055271862,0.0029149391172402354
500,3,t3,null_nonparam,400006,k1,0.05,199,0.0013911590673280072,0.017410776772235348,0.014575985792752988,0.013588958199602152,0.013410638508532413,0.012498585592537803,0.011426393726635342,0.01132785707680839,0.011244412927890912,0.011075096448104227,0.010749190071626669,0.01048550110459423,0.010030232294758523,0.009642197932593355,0.009524338419409362,0.0092947772438976,0.009204195696589146,0.008978011694695143,0.008898151046133007,0.008778568864062142,0.00862668791834964
500,3,t3,null_nonparam,400006,k2,0.05,199,0.07595237861841396,0.4846318389476722,0.38265235848831153,0.3468776533947755,0.3300203502705187,0.3153941317225266,0.3069979854096523,0.2893028569822762,0.2824119807692555,0.2738303022459467,0.2668058341522452,0.2656042027529758,0.2627507296787081,0.2603918216801989,0.2587413501382845,0.2516480189760701,0.2344176624961347,0.22940737781500206,0.22590856660252187,0.22246937627502672,0.2137227022173456
500,3,t3,null_nonparam,400006,hsic,0.0,199,0.00148037191044134,0.006235282600611147,0.00550831299869809,0.005331450112957164,0.005073915738724615,0.005024009588308224,0.00491314120229404,0.004794032959376109,0.00458548471180068,0.004530091011753086,0.0041840793269674326,0.004088984497978534,0.004043615735175438,0.004018006011459866,0.003894750167297284,0.0038211197636216928,0.003794471742806313,0.0035840320974025917,0.003534004257073749,0.0034022204406982206,0.0033355899528932174
500,3,t3,null_nonparam,400007,k1,0.05,199,0.0009716951722605893,0.01526603771334345,0.012856253861195821,0.012799058449661671,0.011793738225444161,0.011628115200916334,0.011495775362562743,0.011169547429010551,0.010842274577918642,0.010592839599812165,0.010473264695860407,0.009901539473393228,0.00964108237097927,0.009333499213221685,0.00881025667819868,0.00867397406419701,0.008524528325690728,0.007957888597545648,0.0077150049061514014,0.007485541825724917,0.007419308787612322
500,3,t3,null_nonparam,400007,k2,0.05,199,0.09045157196378348,0.4481246825548853,0.35489843709324276,0.34551997484469177,0.31700125000993395,0.30883825892526406,0.2791857411323972,0.2654096475814129,0.2585943139407291,0.23917802963846282,0.23491644146158658,0.22986557799169896,0.21825772266766602,0.207076872391119,0.20307884749781596,0.20284049185886438,0.1933971493759243,0.18993748095437954,0.18737339762542768,0.1845442503474803,0.1839904563321421
500,3,t3,null_nonparam,400007,hsic,0.0,199,0.0017109886882557973,0.005960305669870056,0.004839657197103671,0.00471580649124783,0.004567438447002254,0.00421239446558731,0.004131396104686689,0.003952790107098638,0.003929530824934119,0.0038906886534157675,0.003825802313984913,0.0037609123822273495,0.0036926441319007778,0.003635979395646396,0.0035956019807350686,0.003536318365562767,0.0034274928219960826,0.0033641886552369616,0.003301827110086286,0.0032323230692912867,0.0031397064553665434
500,3,t3,null_nonparam,400008,k1,0.05,199,0.007410519023266615,0.022469566833970056,0.014912917083769739,0.01236010930346676,0.011922037384637041,0.01131908699158668,0.011032435879909541,0.010183896689610061,0.009899978509567142,0.009582618362814599,0.009002001845684338,0.008889134637435014,0.008696673023409929,0.008610671748275789,0.008321555505654166,0.0077651231513000685,0.007720512636411048,0.007495183077727785,0.007085238288402462,0.006930559263263247,0.006807675866244867
500,3,t3,null_nonparam,400008,k2,0.05,199,0.22458046642398824,0.3746789384206272,0.32491236787666744,0.32082028538602575,0.3034972182912252,0.30155001977373386,0.2832612533025951,0.26174652514614966,0.252216964388481,0.249219976513837,0.24157550995112903,0.22637762186680158,0.22158473086782285,0.21586530613663013,0.2071729852910051,0.20613481895175695,0.20343284516666424,0.1929703077381589,0.18834412575263754,0.1846191654594466,0.18204152723774225
500,3,t3,null_nonparam,400008,hsic,0.0,199,0.0008837555069527372,0.008259979963091269,0.0074336203564272195,0.007118239182714613,0.006749548459872992,0.006433539627182581,0.006269414409051801,0.0053116970348515355,0.005281722721887966,0.004962684338875966,0.0047221611838684716,0.004348185183913588,0.004163631345851581,0.004113103451342231,0.004044907993861699,0.0038869698639099146,0.0038322385308959673,0.003781297490707925,0.00370160601775347,0.0035877140781680095,0.003555935626274284
500,3,t3,null_nonparam,400009,k1,0.05,199,0.0005423877259407295,0.013425776859336547,0.012802973685368757,0.012344276633255102,0.012262735594674612,0.012172430921413957,0.011742096055805118,0.011301469806565656,0.010363710754634492,0.01013531359143105,0.009890401660469839,0.009863878113463453,0.009841825457473363,0.008973938527317205,0.00858119012407288,0.008396242919187058,0.008246663213146599,0.008200327698065335,0.008061701144231437,0.007848585217062554,0.007760375652955953
500,3,t3,null_nonparam,400009,k2,0.05,199,0.04936849429244942,0.4378645076551682,0.34819740363397955,0.32090329534172257,0.3153760146099366,0.30201590234401265,0.291997212173612,0.28533249069133415,0.2740862264093768,0.26161299708583713,0.24132101421254062,0.23897079318937928,0.22660939461866622,0.21904007774478845,0.21685050339110712,0.21382104993235462,0.2102339943808944,0.20589676339514387,0.2014887171891341,0.19814023616505064,0.19210855556288534
500,3,t3,null_nonparam,400009,hsic,0.0,199,0.0002084027132482551,0.007123699262336572,0.0062648285258785135,0.005826904846702031,0.005736580846820904,0.005422739145028705,0.0051989711819829506,0.004763625142606188,0.0045047046341132385,0.0044182055249005975,0.004219577573451839,0.004215185439440124,0.004177320606763789,0.004025510944826419,0.003960682721730601,0.0038579504078303244,0.0037866087954245837,0.003763399569030782,0.00374407560608694,0.003682772632434775,0.0034475742968539747
500,3,t3,null_nonparam,400010,k1,0.05,199,0.0023867785059268343,0.016576481385819464,0.012343721052069379,0.011557908109534498,0.011484242694691615,0.011061217861612294,0.009770885143648544,0.009315872608509967,0.008379629460675941,0.008115736587059552,0.00808801100247969,0.007801752817838792,0.007699338636362074,0.0075892347284362005,0.007406896119951933,0.007080168223731476,0.006983275671707756,0.006874957461909803,0.006721582480360255,0.006621080300082349,0.006560045398365633
500,3,t3,null_nonparam,400010,k2,0.05,199,0.12652247953472387,0.3923565881875884,0.3513373211844659,0.3237272174785888,0.30048886543426273,0.2780540382385402,0.2545319714135527,0.248338846221678,0.2423898275300961,0.23496708393821872,0.22699954565945404,0.22441846465868948,0.21662487046498566,0.21485626582374995,0.20709441126639133,0.20596438591759852,0.20191977504429465,0.19834109702362876,0.19677207199217472,0.18450078415226118,0.18010921411740363
500,3,t3,null_nonparam,400010,hsic,0.0,199,0.001067733693856837,0.0067572303992968685,0.00578978196771375,0.005677441334821264,0.005243790153205469,0.004949479217166748,0.004550754506460915,0.004495136696715688,0.004450399714268563,0.004255835779230989,0.004225031450699728,0.004061025185865502,0.003962994799501179,0.0037851164127867152,0.003739148008561806,0.0036317524582855005,0.003599583075587853,0.0035830869265888704,0.0035134940334123174,0.0035076659306430094,0.0033969173592168582
500,3,t3,null_nonparam,400011,k1,0.05,199,0.004210636269632473,0.016529607044797334,0.014875629877934116,0.012455931351044836,0.012170199393064518,0.011773183421937228,0.01096353976398945,0.010624746924496331,0.00995626325267951,0.009574507455914927,0.009102925765847147,0.0085555374666757,0.00842852158364249,0.008273898356719767,0.008026948898163022,0.007356427580660907,0.007278036521396025,0.006868857272858353,0.00677936705615001,0.006734308166274405,0.006520425855261358
500,3,t3,null_nonparam,400011,k2,0.05,199,0.3234055099303911,0.4082442446494401,0.378843432704738,0.3717650177348319,0.33935164534196516,0.30654299913694993,0.3014002644001193,0.28932597201026117,0.28280959141243767,0.271145410334274,0.2660769386154267,0.2560039596644273,0.2512994557101931,0.2442470950181685,0.23305280497784783,0.22418657301561232,0.22307539403427457,0.21612513500687386,0.2136223624532755,0.2066623680470231,0.20539614525983896
500,3,t3,null_nonparam,400011,hsic,0.0,199,0.0028947474562342214,0.007502619536600722,0.007160820811203515,0.006877745518810565,0.0063813755155061715,0.006223946604219756,0.006017207291172529,0.005951279317393486,0.005816180079767056,0.0057156046224699775,0.005653778347836602,0.005631107848040223,0.005471136029857366,0.005374014233076929,0.005290596194792815,0.005242136566242091,0.005219247418558459,0.00495773574428385,0.004887444672942031,0.0047345483948410426,0.0047089911144273825
500,3,t3,null_nonparam,400012,k1,0.05,199,0.002672104521210472,0.01761951040694687,0.013917786450715619,0.013654865579733055,0.012743667864383856,0.012143320111504874,0.011766764636751859,0.011385320129073118,0.01112309635479869,0.010512410316463772,0.010140359631186424,0.009874884845130438,0.009853647932283272,0.00956570592612227,0.009379950846110763,0.009308749764258217,0.009078018089851647,0.009017675810514603,0.008570953052085772,0.008404105813690887,0.008346506242467244
500,3,t3,null_nonparam,400012,k2,0.05,199,0.11970347438087026,0.32959110941141934,0.3012227902549727,0.28650818651648685,0.27995060792757026,0.2614443500561867,0.2404392016153963,0.2347144493896709,0.2332579979389841,0.2255879206372551,0.211917090150513,0.20888051009706582,0.20282793657596204,0.19863947452980255,0.19662352975671982,0.19227356037851515,0.18920456757114099,0.18726145842261824,0.18145472668080084,0.17881670701814484,0.17751167909821644
500,3,t3,null_nonparam,400012,hsic,0.0,199,0.000801219605157391,0.005445011210163204,0.005295351596481122,0.004656083448060257,0.004575398053197467,0.004534130407856932,0.004090524689535238,0.003951982873256793,0.003745825110332833,0.0036383144388672387,0.00353192377177214,0.00344306423152801,0.0034200635075078236,0.0033038174566287545,0.003227774932422775,0.0031536254592097507,0.003142641327344174,0.0031139603479492977,0.002947959985985607,0.0029365573799048513,0.0028723597138663793
500,3,t3,null_nonparam,400013,k1,0.05,199,0.0005052615813990746,0.017406602326187626,0.012916134411262492,0.011871366747543521,0.011722156816839302,0.011119732023147977,0.010927440208467365,0.01014149552174004,0.009956545999172728,0.009471378629614557,0.009271588515682327,0.00886313104557157,0.008822410637176814,0.008725852900023812,0.008700176798570491,0.008569435751163756,0.008265243906857567,0.008158103603734257,0.007969154437098558,0.007589327240066224,0.0075483606108681656
500,3,t3,null_nonparam,400013,k2,0.05,199,0.09442274221396445,0.3840401239299756,0.354217890310864,0.3039124891107538,0.25044178557332186,0.24753966577906455,0.24173301043005757,0.23780451970765368,0.2298769973918917,0.22752933208518478,0.22399995388859423,0.22158569345151366,0.21846193552700016,0.20980351885032916,0.2042925792250344,0.20149759603287218,0.19872213044477216,0.19624555121867257,0.19399882089566425,0.19150475338614747,0.18980941865907644
500,3,t3,null_nonparam,400013,hsic,0.0,199,0.0001037380730705154,0.005969789188333558,0.0046100490431186456,0.0043569501986910715,0.004231100221499748,0.004107357814558928,0.003822067266883743,0.003667876701150147,0.0034402688723712766,0.003314276560708424,0.003154921616844216,0.002951020542212981,0.002921581378165849,0.0028391457643717486,0.002791470689494446,0.0027168542477506224,0.0026623553889564763,0.0026213426127772227,0.002556943270080024,0.0025170356537069323,0.0024479559369738574
500,3,t3,null_nonparam,400014,k1,0.05,199,0.0008829124044166248,0.014905774816297845,0.013366673793085981,0.012439123679050645,0.011502388616419057,0.010857342663418756,0.010012645863203384,0.00985995727033584,0.009424393243826712,0.009162939919389768,0.009010357915441358,0.008415826785819425,0.008103479731121133,0.008084102007732352,0.008072370091281589,0.007703775588500328,0.007692085716903829,0.007529315868572195,0.00722400464127626,0.00718495633052374,0.007023838118497938
500,3,t3,null_nonparam,400014,k2,0.05,199,0.11017470965746957,0.4392602626288172,0.3518296492500243,0.29488229379894176,0.2785718611714114,0.26260912936269987,0.2593226882811923,0.25260447253263435,0.23967385292974058,0.23549790539974452,0.2319000696125971,0.22664654029029563,0.21970482306476383,0.21235069445440868,0.20864200532842733,0.20266115882684152,0.20076012486021194,0.1968583953912213,0.19033321384531202,0.18841067806749107,0.18305913551778696
500,3,t3,null_nonparam,400014,hsic,0.0,199,0.0004462280839707933,0.006309709741850204,0.005458928297183575,0.004999246198161692,0.0044314374613253875,0.004213035931794686,0.004107484550332839,0.004024708811175219,0.003909166033837467,0.003847423787424616,0.0037658005484220813,0.0035807544990989664,0.003484690120742734,0.003405040554103597,0.003310481434651617,0.0031333660634087963,0.003101743914555743,0.0030745779090497537,0.003016651788432951,0.0029827374805883266,0.002876948342207559
500,3,t3,null_nonparam,400015,k1,0.05,199,0.002216701828597123,0.013945372645034815,0.01360789866144907,0.012859379960659556,0.011490557441777183,0.010716582174345901,0.01036365346738799,0.010145699655843221,0.009797214265071297,0.009479287847754758,0.009169566401289075,0.009000654201189118,0.008177584130361626,0.008028052292947563,0.007778369581816658,0.0076003988147358426,0.007265584903814459,0.007181731322265628,0.0070774729013615145,0.006922864981807941,0.006790409395660668
500,3,t3,null_nonparam,400015,k2,0.05,199,0.12650580137613962,0.3618641296892629,0.3150671422889832,0.2765254016029606,0.26408865512197693,0.25653442318867853,0.22810552324804134,0.22705250601449137,0.22416675090591837,0.22236176053117962,0.21890446297672675,0.2139141985779627,0.20029776005297797,0.19660431429280806,0.19571711772251113,0.1909813614166257,0.18874785884578832,0.18653417662214433,0.18219935222906797,0.17602366021656848,0.1732341321784025
500,3,t3,null_nonparam,400015,hsic,0.0,199,0.0006546131843292255,0.005603834639333669,0.005243839082246798,0.004872505943325685,0.0045374117588133775,0.0044106594910723615,0.004404608683284004,0.0043823711965244455,0.0042139261981702985,0.004109404446691098,0.0038572130467984206,0.0037417716182930453,0.0036838532835869386,0.0035665862228904965,0.003304882020667425,0.0030478826717437258,0.002997296728822923,0.0029037574743130514,0.002882694180106496,0.002791662899670576,0.0027509814351165313
500,3,t3,null_nonparam,400016,k1,0.05,199,0.0044840381878683555,0.016085954374001843,0.013815742304337797,0.012706077094195134,0.011900970591226967,0.011209700355611085,0.010791805400563792,0.010717551137102932,0.01027142002161574,0.010159344122566805,0.00937740990029079,0.009318498429516153,0.009127844089252934,0.008922738803444408,0.008445622198702485,0.008276125157821834,0.008121725685157122,0.007976340439012075,0.007878940046070149,0.00764374042384619,0.007486646813389064
500,3,t3,null_nonparam,400016,k2,0.05,199,0.2153068000596647,0.5080377759824402,0.4374251156696612,0.3540783235509938,0.31068505341452146,0.2981226150576331,0.2913850834650807,0.27466547639216893,0.26985348863841213,0.26000752884680384,0.2533037509025573,0.2378893011750125,0.23747773766511263,0.2339789210357899,0.23052800142770966,0.22827978153480363,0.2247461828584369,0.20995940265320479,0.20438674976983356,0.1945110322321595,0.19253339781151332
500,3,t3,null_nonparam,400016,hsic,0.0,199,0.002880535128038807,0.007094411415858501,0.0066279985904578766,0.00610905729329491,0.006006736211524336,0.006002813956577782,0.005762206447288489,0.005636783612480029,0.005516963497240554,0.005424678176411793,0.0053990062121827085,0.005339821787624489,0.005197567990883748,0.0050745947595143325,0.005044651426148128,0.00494031359840466,0.00490166293694509,0.004847896283762194,0.004815894034661099,0.004810471920170815,0.004756332730134381
500,3,t3,null_nonparam,400017,k1,0.05,199,0.0014081283257635357,0.01402395136153367,0.01253125673170663,0.012019352004966843,0.011832828870033896,0.010338949006826081,0.010196323248479966,0.009751222461552134,0.00941715672739718,0.009389150268839352,0.008964593829631884,0.008845217162420815,0.008790150154356247,0.008485812020513905,0.008285761361941368,0.007970778082478591,0.0077878239275186445,0.007766071828663956,0.007561752371561203,0.007399023524597981,0.00721418472889257
500,3,t3,null_nonparam,400017,k2,0.05,199,0.11460771962905801,0.4135856637081895,0.365040918162887,0.3203171941289499,0.27996655469370174,0.2625721714077055,0.25115652463296245,0.24053151247485227,0.2303155119577107,0.21747241860714056,0.2135390190620454,0.2112989772765379,0.21059137685145068,0.2090669026044165,0.20160835794077717,0.19726676710306001,0.19357185672997884,0.18556635834348897,0.18472846951974298,0.18412949426141306,0.17356555993682155
500,3,t3,null_nonparam,400017,hsic,0.0,199,0.004867651261442332,0.009626649846057144,0.00924272298943785,0.008410088741841678,0.008306208382058252,0.008077556211506718,0.007947872024681347,0.00772868115356715,0.007464185709326629,0.007436290172362756,0.007393769097761185,0.0073062990243713336,0.007243011580771606,0.007209261112817991,0.0071574351095253595,0.007019878393940807,0.0069609162040202895,0.0068940310637922685,0.006833204450832403,0.006759427873254367,0.006737208576695775
500,3,t3,null_nonparam,400018,k1,0.05,199,0.002014346041215198,0.015949077385684074,0.015271252832590676,0.013706168045924838,0.012027356619584317,0.011609699629601677,0.0111946748907642,0.010579871962392073,0.010448469274461525,0.009967530692006954,0.009747217468321967,0.009575715825201225,0.00934692662530312,0.00877898332720195,0.008614341421276928,0.008212133401582444,0.008124309120624451,0.007953723941483859,0.007896647457226624,0.007764797780838273,0.007498724508144483
500,3,t3,null_nonparam,400018,k2,0.05,199,0.10781128898925628,0.35602686892928126,0.3461452250967443,0.30998890562075315,0.3044265334629825,0.28923619922715804,0.2776776353953723,0.27525045489646094,0.26293340210430377,0.253303520102163,0.2294546344141225,0.22222251162347728,0.21970899668048516,0.21421555076663376,0.21153973822558067,0.20827134687733873,0.20706483741177337,0.20539839899608078,0.20267065546016821,0.1943937769092967,0.1900258914476945
500,3,t3,null_nonparam,400018,hsic,0.0,199,0.00078522505974242,0.005686230910725181,0.00546812440402427,0.004912387340904238,0.004438184565323869,0.00430093956764534,0.004253185965796784,0.00399079923646326,0.0038729742277287425,0.003833154051741114,0.003789673426676025,0.0036289594851411484,0.0035007219759664227,0.0034440928282432723,0.0033011810196717116,0.003233984243383704,0.00313516852040725,0.003051865213653496,0.0029158125174797607,0.002866930215278141,0.002849645221310387
500,3,t3,null_nonparam,400019,k1,0.05,199,0.0035956724296898335,0.01565500498464223,0.01472530035613906,0.01318142159260205,0.012140405899112361,0.01121424305854024,0.011054268695821046,0.01082996742945841,0.010351071951303692,0.01013590543984888,0.009526359278013485,0.009067788582093783,0.008957597719605359,0.008712144680892986,0.00856793091599617,0.00820474102979818,0.008176534672697522,0.008110274471322398,0.007947236763378052,0.007601378819635296,0.00735079423964613
500,3,t3,null_nonparam,400019,k2,0.05,199,0.16380086512095607,0.5100037467328147,0.4296264155647805,0.3405944076365654,0.3276351248839608,0.2881236912431651,0.26300509076637957,0.2415910929594971,0.23554202941336536,0.2276296708376711,0.21942785295991055,0.2175446896573741,0.21436820529424377,0.2102161464735813,0.20309578138649031,0.19773128703709444,0.186470317035493,0.1827823633932789,0.1796612762277053,0.1774426437935333,0.17591210599964688
500,3,t3,null_nonparam,400019,hsic,0.0,199,0.0034862267545918823,0.008971855376743113,0.008371461728811097,0.0080665541269274,0.0076257451837733175,0.007188170800587559,0.0068174495126176425,0.006685055671684473,0.0064031412495059205,0.006376532228919328,0.006143928287106046,0.005932941971235264,0.005836022431561072,0.005827659061117481,0.005787230850922544,0.005624234366714956,0.005499697208370227,0.005397467271793515,0.005365954348835755,0.00530965402399205,0.005246754728437866
500,3,t3,null_nonparam,400020,k1,0.05,199,0.003329172897325594,0.015272309038132925,0.011509593236380011,0.010999433740872866,0.01037512492661663,0.009855011157008264,0.009396270117455363,0.009314747845389437,0.008685442034788826,0.008414503558636488,0.008328172988149363,0.008227009363368953,0.008044649692702577,0.007777683633095944,0.007749146966681053,0.007489621007250924,0.007466937484327696,0.007349545820116599,0.007130937895678424,0.007041735496890467,0.006819852486764422
500,3,t3,null_nonparam,400020,k2,0.05,199,0.18235094877070354,0.354648277475091,0.318031305717959,0.2944072600462498,0.2901279766620316,0.28291521518125246,0.2482419345701868,0.23094285000558337,0.2188951084703114,0.21457867036497769,0.20428415745536915,0.20026138279713765,0.19360171585173305,0.18921324720061594,0.18816430308617377,0.18020605029033007,0.17616870908716392,0.17181880690198426,0.16976731192053832,0.1640807227747992,0.1626242871878656
500,3,t3,null_nonparam,400020,hsic,0.0,199,0.0019399406396988176,0.006831930613665516,0.00614516095808476,0.006101395315835034,0.005866672672919531,0.005730863701837773,0.005374216373409858,0.005277663377607173,0.004866164566370629,0.004768746764589203,0.004704808833534057,0.004658668390483893,0.004639862998939671,0.004613545946098535,0.004547862633246495,0.004504806224032211,0.004492796003975874,0.004443974202908507,0.00418360067093183,0.004111270655324887,0.004090123464878801
500,3,t3,null_nonparam,400021,k1,0.05,199,0.002685499759640275,0.012667514046683204,0.012344251930829775,0.011604970886105681,0.01143860632027105,0.010848332754143541,0.01076857448069457,0.010569375976671735,0.010349753597235667,0.009907021598987376,0.008704555865688968,0.008477067002407024,0.00836462340438815,0.007876919147487449,0.007835143112915666,0.007588184422009259,0.007448668322548202,0.00734237560601847,0.007204853599032668,0.007129035860708677,0.006958347964678646
500,3,t3,null_nonparam,400021,k2,0.05,199,0.0996422593904653,0.3885266351991095,0.3357242584904129,0.3082057859612521,0.2878452177827415,0.27028768714844215,0.2674634760256396,0.259661416384844,0.23579645547519618,0.2221832781468874,0.22001134359364755,0.21450802906131314,0.20645447341335973,0.19328517952589042,0.18638759623728315,0.18317086401072902,0.17927362077614084,0.17898147733925804,0.1757902168823388,0.17225074268902768,0.16315931771472544
500,3,t3,null_nonparam,400021,hsic,0.0,199,0.0012259257622935682,0.007149179510146062,0.00575385314733791,0.005411297968664546,0.005028259717698325,0.004565176804039675,0.004462624081522965,0.004403624750915904,0.0043039606550241225,0.0041965312943843345,0.00407111349661923,0.004008502141082995,0.003961909223099032,0.003916631317355048,0.0038358654169387304,0.003671674598536161,0.0036362443601599876,0.003585372036072479,0.0035191951957271586,0.0034393109554252768,0.003365722184791452
500,3,t3,null_nonparam,400022,k1,0.05,199,0.0023579323547328057,0.014672543837512486,0.013988502347644483,0.012578343705931916,0.011736846202339613,0.011531781720195644,0.011357154464114338,0.010590712170320704,0.010484448529027635,0.009446066392720387,0.008873821103667745,0.008650167255194297,0.008403406209657294,0.008087251479944046,0.007819410569021912,0.007720304380688492,0.007515307572499963,0.006912465066989504,0.006812158690014725,0.006688182303794532,0.006567834325432953
500,3,t3,null_nonparam,400022,k2,0.05,199,0.08902532026330956,0.3770730955220493,0.3250646322554906,0.30560118090644894,0.28009602906956377,0.27624861462187705,0.2620280151858711,0.2592132512699245,0.24495495067517375,0.2348771975687918,0.21467037778758302,0.21074898924305732,0.19843538739959798,0.19220387793410315,0.19017613131194466,0.1895585135818682,0.18582990074130531,0.18162865145054907,0.17845036607141582,0.17819583472848524,0.1724224103059067
500,3,t3,null_nonparam,400022,hsic,0.0,199,0.0002455478298435368,0.006572033583993842,0.006353517430308143,0.006083825943166024,0.005992804248273135,0.005653016164131441,0.00512598050518488,0.004776375570598793,0.004439594046137037,0.004216319317150845,0.004137232408039828,0.003986255522098547,0.003833974197689177,0.003810111543002977,0.0037345286712727205,0.003632589473299672,0.0035457701420718874,0.0035150372686967558,0.0035086736827212315,0.0033792246400478603,0.0033758254689586604
500,3,t3,null_nonparam,400023,k1,0.05,199,0.005670657258810774,0.01764834652582603,0.013440869618032036,0.011755586619721647,0.011525906670959651,0.010126228956028882,0.009219395445867584,0.009077712377010494,0.00894455707843933,0.008881568511697191,0.008644051079630288,0.008330477276899395,0.008097721939857805,0.00796371820580355,0.007815462286077213,0.007439493348282089,0.007002987042785347,0.006985852924796587,0.006757402002641522,0.006708617452318655,0.006556043014029234
500,3,t3,null_nonparam,400023,k2,0.05,199,0.2971659450761613,0.3619014656067526,0.3327562231235614,0.3122903735269173,0.30867634066086364,0.2656182402865763,0.25800990073826435,0.255745066147047,0.2532608823911586,0.25112341196292937,0.24871167624106577,0.2446707299345758,0.2428650660059052,0.23627842029641521,0.23281409238121156,0.2310421003557329,0.2264826422823324,0.21650839072403796,0.2159606114044865,0.2036297190031824,0.20025230437379896
500,3,t3,null_nonparam,400023,hsic,0.0,199,0.0031870134562024415,0.007648045904598261,0.007432955126528395,0.006868666980160344,0.006607085322389616,0.00653671339188888,0.006472500997281456,0.0060162328400883,0.005877298113758235,0.005686607436278258,0.005661100630298606,0.005617451291611991,0.005516112437488646,0.005459849177723895,0.0054021487395575695,0.005163033813371478,0.005152842960050624,0.005116191011241637,0.005048362816051156,0.005025735969849956,0.004969883322168239
500,3,t3,null_nonparam,400024,k1,0.05,199,0.0015760123473518295,0.018200180612714223,0.014780284015779799,0.013626871209599045,0.012298734588909732,0.011698408138121952,0.01080832202010995,0.009073318010308085,0.008980987090949744,0.008654322941349823,0.008449636465035715,0.008371346914268885,0.008104073132413903,0.007770937283961166,0.00770692070761847,0.007587022218668693,0.007573841781721935,0.007295970002395236,0.007007950435387489,0.006910960722071757,0.00683619044242556
500,3,t3,null_nonparam,400024,k2,0.05,199,0.09435001327454959,0.3969843142630509,0.383094777503101,0.32855027783590035,0.32032105507032166,0.3019767036764733,0.2618039630666718,0.24995341191392723,0.23636158912285887,0.22324079321161797,0.21849804573271925,0.21621013097558428,0.2119061834342164,0.2069762904183906,0.2035327632824015,0.19888400477892978,0.19620925952643728,0.19526008367380457,0.19279768766481098,0.1868737901556408,0.18559508797767138
500,3,t3,null_nonparam,400024,hsic,0.0,199,0.0022053338312564706,0.010174860061963283,0.009575627997949742,0.008472914493213577,0.008401229208459968,0.007891949750815492,0.007213658605568009,0.006543492661751342,0.006467967197343302,0.006192097635142157,0.005943450920265205,0.005665758139818142,0.005464669096594026,0.005339543451020061,0.005260757042391183,0.005253583708802403,0.00513927410313991,0.005129061951223946,0.004977663891507761,0.004866054297012003,0.004864476460268127
500,3,t3,null_nonparam,400025,k1,0.05,199,0.0005660928529722664,0.01680758924921355,0.015581188497045484,0.013526448255673618,0.013255404250465341,0.012516880672515107,0.01189709410435047,0.011431702944921018,0.011063943868947712,0.01089546565279087,0.010836114219845094,0.009824182594263986,0.009344352314281767,0.008453176344714541,0.00836880741545254,0.008270690721961627,0.008222369586299627,0.008070511078661524,0.007779292988458253,0.0076278743346852584,0.007310188728102851
500,3,t3,null_nonparam,400025,k2,0.05,199,0.05551013957375554,0.39965592864183896,0.36362855276489414,0.3201955921837161,0.30829928101985493,0.3048412280830722,0.30014387909924145,0.291608680409918,0.2897855389499593,0.26891616206546193,0.2620432248623333,0.25698518869590437,0.25452548689542515,0.2472987131672175,0.23627741061992663,0.23427625939042784,0.22975503275440526,0.22250965064027142,0.22079410955583292,0.2172536934063193,0.2095183069567382
500,3,t3,null_nonparam,400025,hsic,0.0,199,0.0011010196001428679,0.007394015595059473,0.0063227805433335536,0.00603556404848569,0.005981967893449503,0.005903987933728888,0.005781350654420902,0.005272885621965646,0.005250802467431805,0.00510219261584391,0.004971568642479441,0.004727087564441622,0.004490814846818494,0.004323297777936507,0.004221871205333739,0.004081401399818215,0.003871632369207365,0.0038534548498068335,0.003798585501143493,0.003779849598356018,0.0037102686498267116
500,3,t3,null_nonparam,400026,k1,0.05,199,0.0010826121083297169,0.0186427591723185,0.016834383960238397,0.014425568638239628,0.013858351088099297,0.012011353222331045,0.011866931297173533,0.011776659628414787,0.011732007715478776,0.010992961766382536,0.010679997776498862,0.009723863262029897,0.009426385073230348,0.00902321259705996,0.008727747973924616,0.008418075821034154,0.00829337479149328,0.008086623278162008,0.008019008289123941,0.007677214039495617,0.0075787168188741205
500,3,t3,null_nonparam,400026,k2,0.05,199,0.09210757121850364,0.3857290033171683,0.3512325797452484,0.31199092843253085,0.3002999617635054,0.28585195731178586,0.2790283038049682,0.2767864574802844,0.2681258541638773,0.2449761639190193,0.23132975337355463,0.2240809840539072,0.21480689203859246,0.2117056831003568,0.19657243438692867,0.1961433312385295,0.19226234124574637,0.1901469898793206,0.1824466863076904,0.18076859376264262,0.17607759575488044
500,3,t3,null_nonparam,400026,hsic,0.0,199,0.0018169307050507407,0.009394292755381001,0.006735182137608449,0.006260579889387736,0.006112980503896137,0.005970916158718634,0.005770470902403813,0.005227868344062492,0.005205088851094485,0.005162128666543797,0.005123797556728495,0.005077330073630956,0.005026030990312062,0.004956268720701431,0.00479966644990048,0.004526088756410091,0.004398252413768028,0.0043150714689873405,0.004265518203610565,0.0041838618191958,0.004019083018451891
500,3,t3,null_nonparam,400027,k1,0.05,199,0.007544176726955287,0.017442785682146633,0.013644395187433767,0.01303555586527183,0.01209262805362743,0.010231199715556527,0.009550492937041799,0.008982003202057887,0.00891975163462344,0.008287104924344035,0.008222083883585252,0.007925639972326981,0.007853033958996725,0.007751484487225402,0.007672848223625128,0.00763805991037636,0.007199481047022838,0.0071493122835674106,0.007083554355588939,0.007011754578800211,0.0069626154129057705
500,3,t3,null_nonparam,400027,k2,0.05,199,0.42462631794143435,0.46897137300856956,0.34202518411417254,0.31041083972818784,0.29684116481206413,0.2593798265034895,0.2511401940469517,0.23889400357946985,0.22831542310368086,0.216154802245745,0.20874718400837622,0.19654434470811294,0.1950387686683789,0.19343988157802774,0.1902146937525571,0.18305963943702044,0.1812121538284659,0.17314042172157615,0.1686403175377564,0.1649785803528912,0.16073364301465967
500,3,t3,null_nonparam,400027,hsic,0.0,199,0.003656774848369888,0.009601844056670717,0.00864041222725849,0.008117005076585823,0.007648528688152415,0.007363959835280243,0.007134986061323678,0.007063301748005909,0.0069973335106109,0.0066641472310102505,0.006542545059115431,0.00631131625078296,0.006225270295046346,0.0060971392155622075,0.006052680894394146,0.00590978096612657,0.005872737521159684,0.005742381437831991,0.0056893802740006555,0.005505822688589412,0.005294743137972989
500,3,t3,null_nonparam,400028,k1,0.05,199,0.0004020985278950784,0.012967080645872264,0.011859301087067231,0.011525374459741888,0.011014967636671646,0.010408529317415205,0.00974539811309938,0.009231859669259213,0.009187963085631301,0.009098507284153734,0.008843323613525578,0.0085404562286584,0.007817283337379632,0.007638965375581064,0.007589944770616808,0.007204142568387528,0.0071826202658122895,0.007160312276535907,0.006894622469589717,0.0067937805195017464,0.006594688460105358
500,3,t3,null_nonparam,400028,k2,0.05,199,0.04185066487548869,0.4122614718620951,0.3028845374524958,0.29784206131655344,0.2915472864565579,0.2829354055167297,0.2649883761592915,0.2595417489243317,0.24431008650260888,0.2299925514278006,0.22546359751770703,0.22345052277812488,0.21748104818607816,0.21400294122487185,0.21020633116475387,0.20435046747634156,0.19314468583600516,0.19003963507678223,0.18620282983082517,0.18015510576339738,0.17913280789792776
500,3,t3,null_nonparam,400028,hsic,0.0,199,0.0006045988417453501,0.006039147854712225,0.005279999557360636,0.005040287826645758,0.004838159083018882,0.004393962413793658,0.004276341389478868,0.004237384752743568,0.004052057843000157,0.003964562824615306,0.003945403598547124,0.0038799350954281165,0.0036934238723915365,0.003613522099658793,0.003567525381174381,0.0034898458638181087,0.0033284980963152995,0.003254149078980634,0.0032177370197224928,0.0031182369185296277,0.0029733934493933003
500,3,t3,null_nonparam,400029,k1,0.05,199,0.001099844440774489,0.02195432685787979,0.015753779049455297,0.01516848669604054,0.012220823531246094,0.011497479060194937,0.010858896493135761,0.009873707032490575,0.009660596462755966,0.009137619674498998,0.008616690837975671,0.008471572219256762,0.008374287722691331,0.008118543925282662,0.007918778938249993,0.0077539804282417135,0.00771503000305529,0.007377706177872478,0.006935397323270642,0.006887518104944479,0.00683064436283598
500,3,t3,null_nonparam,400029,k2,0.05,199,0.0846143997141949,0.30181771499695687,0.28592163577544705,0.2375847663927184,0.22005018688853864,0.21065614178986555,0.20047194204573865,0.19863771019987705,0.19588390913554377,0.18912520012644898,0.18528491819968987,0.1844645122252503,0.17849314664174318,0.1742027278038495,0.17122128659260782,0.17020386729835107,0.16573840233711154,0.16148173906466828,0.1582541129802428,0.15148830517137102,0.1503537588649784
500,3,t3,null_nonparam,400029,hsic,0.0,199,0.00030757900418090686,0.004746553011513108,0.004599786214813644,0.004146985451913632,0.003943442248268738,0.0036440659032158616,0.003440805973863646,0.003370061044835192,0.00310512102782233,0.00305840668559077,0.003003509013133466,0.0028653857192855146,0.002763464510854252,0.00267604093844317,0.0026327347791473272,0.00258238878693344,0.002506577642002603,0.002469534831232313,0.0023749538912529594,0.0023561027615183407,0.002319023040812893
500,3,t3,null_nonparam,400030,k1,0.05,199,0.0017582247680508756,0.015720681733679354,0.012942940271681636,0.012645398571447974,0.011185200435908094,0.010598412573179061,0.010426970700775584,0.010131620910296846,0.009999544908671165,0.009931815484946482,0.009490371190285618,0.009461033609938552,0.009315141624170131,0.009046145344242196,0.008922541504920334,0.00864790818199479,0.008169956436260395,0.008089129596659528,0.0074395928707995385,0.007358015016904584,0.007129341652918897
500,3,t3,null_nonparam,400030,k2,0.05,199,0.08060259717062412,0.43959108509669403,0.4052568962236295,0.37568629362698036,0.3685044787723792,0.35114594576609254,0.34902548227961844,0.33524364760785275,0.3331646419657076,0.32494028798783475,0.3224662934138672,0.31815249748753455,0.2882341480977766,0.27578143622178364,0.26869067584479045,0.2643054284372206,0.26045453366994464,0.2554969357601964,0.2514386913581033,0.24912539320416693,0.24573892323022548
500,3,t3,null_nonparam,400030,hsic,0.0,199,0.0009703779837533557,0.008993761705830362,0.007785620871539968,0.007621366477013984,0.006646281189821732,0.005967679523018432,0.005604086335873929,0.005303267998759932,0.005120831977529644,0.004945864431032831,0.004713219746312652,0.004617057805374975,0.00447600404974152,0.004294569279170587,0.004175509915184193,0.004134726730538716,0.0040711916764987555,0.003908336709293868,0.003899446458280104,0.0038389643565806424,0.0037798343010803865
500,3,t3,null_nonparam,400031,k1,0.05,199,0.008756277404819768,0.015512894431377267,0.014700261199957154,0.012667063199575779,0.012466381667876059,0.01206306020521275,0.01032607590638479,0.010115426085957835,0.00972382111073622,0.009273237669288448,0.009138484392715585,0.009034307458605784,0.008902271693815966,0.008865206670710446,0.00874559192932367,0.008606854038576417,0.008358521305581679,0.007981064018174666,0.007687570201066585,0.007382325759293318,0.007319514577999731
500,3,t3,null_nonparam,400031,k2,0.05,199,0.4163021115296848,0.3485050283768287,0.30571292190489635,0.2877334469184261,0.2811419065545279,0.2786472314489187,0.2382180748058392,0.22995630862094804,0.2198361175724586,0.21706509572922836,0.2113632549022403,0.20599470976169298,0.2034589029183945,0.19783079190789,0.19107416138232042,0.18519405919249182,0.18209206381792298,0.17969117757410202,0.17586725765585803,0.17508088663645507,0.16914333657692884
500,3,t3,null_nonparam,400031,hsic,0.0,199,0.00025016330696707716,0.005818041884890506,0.00547950979312921,0.0052573682122704106,0.005106947468496368,0.004893800821868116,0.004623127366831169,0.004514772819659939,0.004445035252051625,0.004237729070331977,0.004178398347848928,0.004138637569264907,0.004020388027716767,0.004003372989407719,0.003967829285057933,0.0038908304485817486,0.0038606731312368545,0.0037427890780403843,0.003635352504891827,0.0035820783891223,0.0034943592804237496
500,3,t3,null_nonparam,400032,k1,0.05,199,0.003591641998140771,0.015144538712699274,0.013790810477935733,0.01321689845085694,0.012328896719054239,0.011557685452559086,0.010906965420671266,0.010689781726449299,0.01045822584282452,0.009805013543465302,0.009438283659715885,0.009170812299212683,0.009044874025043725,0.008915423882632112,0.008468779257701953,0.008450366115288377,0.008020054818223765,0.007902228401330924,0.007601457003653556,0.007485143901235891,0.007364763647672579
500,3,t3,null_nonparam,400032,k2,0.05,199,0.18445300113002855,0.5486906191563331,0.4422179049752907,0.4132562604694125,0.37454689611446296,0.3408567142497211,0.3175972409920096,0.30302544559789973,0.2842984569021478,0.27450472416948835,0.2685851788120995,0.2595507716039917,0.2504945245535104,0.24556518962943175,0.23669545505627898,0.23237546452688881,0.22578268776838684,0.22209603768789699,0.21360060026157776,0.21213704585997287,0.20801548286067678
500,3,t3,null_nonparam,400032,hsic,0.0,199,0.002005967751165564,0.007596527641809597,0.007024084774246274,0.006630261250425646,0.005996863028798968,0.005789837984009731,0.005508235986810905,0.005353748367090056,0.0050749496701783196,0.0049205565466319805,0.004902049665005386,0.0047544317660019675,0.004613683488442144,0.0045651162594598374,0.004396677370724273,0.0043189604137692655,0.004123348281806909,0.004033251364864049,0.003956545250800179,0.003931646206972101,0.0038253208440565947
500,3,t3,null_nonparam,400033,k1,0.05,199,0.0029505588869219723,0.01750392573809001,0.015207184000703533,0.013728567102928246,0.012299460408527696,0.011208337692343973,0.010601807446635747,0.010021048014734135,0.00958132671888079,0.009200672618531525,0.009072817090577945,0.008760041878046798,0.008617176127765136,0.008258297920454183,0.008048369599713667,0.007744926395915175,0.007491017964957547,0.0071515058992388525,0.007048525115102122,0.006848368668294302,0.006797670146964974
500,3,t3,null_nonparam,400033,k2,0.05,199,0.14769315712625347,0.45836156055985816,0.36346383090286505,0.32480166836923025,0.2895728705377737,0.2660812442617398,0.25720362536138397,0.24470753763321165,0.2426156361456081,0.239065950794565,0.23049124291844394,0.22459051285195955,0.222697639015975,0.2174983564043797,0.20489753210866324,0.20136430844551076,0.1936294427978603,0.19164702788045945,0.190457980889623,0.18750258975402842,0.18159845462602325
500,3,t3,null_nonparam,400033,hsic,0.0,199,0.0033790959701626992,0.007620965746736142,0.0072503562647569,0.006693774350307344,0.006510294739066812,0.006103137029998216,0.0057652161211384665,0.0056919687375219154,0.005629598550773047,0.0055137947579195976,0.0054644533377703995,0.005320191022826431,0.005206020542076934,0.00518736253992655,0.005121526831160891,0.005091767951409914,0.004997674285242205,0.0049042288922776294,0.004890656382036323,0.004829448195387381,0.004736133347666866
500,3,t3,null_nonparam,400034,k1,0.05,199,0.0068769375111844555,0.01874284404241744,0.014226948648320636,0.01266646698357421,0.012038999499806802,0.01132925270712859,0.010804905122429043,0.010563860586762841,0.00919712599525302,0.008778072196283238,0.008602032424190775,0.0085375473864302,0.008473543877603795,0.008375154496217063,0.00826918241370389,0.008196802893380095,0.008191592199493392,0.007800003965039548,0.007590045485412866,0.007519470705564579,0.00728297568526215
500,3,t3,null_nonparam,400034,k2,0.05,199,0.3287039179353434,0.430991992546768,0.3432403009690956,0.3065247723480482,0.28974403054067327,0.26629837865009165,0.2479629423064343,0.24093209182106803,0.23195150940212664,0.22419275479817324,0.2233947971700844,0.21849817881659084,0.2129720737834568,0.21060700520832057,0.20852049854301113,0.20369333774481393,0.19437056978906522,0.18600257633632242,0.18361377818417565,0.18047747960330646,0.17595835083055883
500,3,t3,null_nonparam,400034,hsic,0.0,199,0.00215037617194642,0.0067497339530806395,0.006273786258929839,0.006214896089839653,0.0058207225333159335,0.005726988368408675,0.005662947471935777,0.005613202774134964,0.005481046806569766,0.0054012087167812205,0.0051680738736961905,0.004881129361025574,0.004858575766871193,0.004768170280098653,0.004692993664451094,0.0046355559739767955,0.004561992673975405,0.004528194416321775,0.004488142138114068,0.004388172656344895,0.00434238455242482
500,3,t3,null_nonparam,400035,k1,0.05,199,0.00022698906354934323,0.017541120642321495,0.014840806717638322,0.013240690278582545,0.011401011573445752,0.01098833980594427,0.01054645655730635,0.010209060858411223,0.010035855069571498,0.009813635945283283,0.009412904198215055,0.009321846849232651,0.009046779984881903,0.008828977602321153,0.008454663814822405,0.00822712247800228,0.008019438322502404,0.007728042060798135,0.007659379808126365,0.007595082625719174,0.007260224538548021
500,3,t3,null_nonparam,400035,k2,0.05,199,0.033451899012788035,0.3893365137536034,0.3582626952360072,0.3192322928889058,0.3026742069010639,0.29005285994462743,0.28134874673920657,0.27113699482290315,0.26069065843757655,0.2584233957418207,0.2537010991741704,0.24586407345005487,0.2418236111435692,0.24058793747391805,0.23375054447476587,0.2335253871499858,0.2281202016567553,0.22635081141188867,0.2169184308631376,0.21563398650076313,0.2054183161048908
500,3,t3,null_nonparam,400035,hsic,0.0,199,0.0036006237811551213,0.010423261255111326,0.009431319739764406,0.00870287289949579,0.00843516191586488,0.007753547292068022,0.007393884190942966,0.007338646252091115,0.006855495895568291,0.006792702973463563,0.0065973692052547625,0.006477445922812975,0.006361297253521558,0.006292173829239809,0.006072073551795901,0.005628832734280915,0.005418284767022217,0.005371833415994459,0.00528271864559496,0.005245092501804148,0.004865525300636999
500,3,t3,null_nonparam,400036,k1,0.05,199,0.004679149626353629,0.020622415558962826,0.017280238562471073,0.016529264077815076,0.015498023014578699,0.013790258718342607,0.01349338830912361,0.01269381611618392,0.011760326258534515,0.011554280049513421,0.010968128560733592,0.010752888998667554,0.010617909681161719,0.010114552622169537,0.009662807022238984,0.009347713221834919,0.009288649664220938,0.009261422387045748,0.009017960836053773,0.008833134697344924,0.008730395821834214
500,3,t3,null_nonparam,400036,k2,0.05,199,0.2208330404541479,0.5105130310790627,0.3992180044818157,0.3431892769252749,0.3336915512620592,0.3056928803679996,0.2746825092961379,0.26133866990737403,0.2568871136528277,0.2363558423343183,0.2187739398438775,0.2158896631577881,0.20817816553835305,0.20403323167491808,0.19963182132244,0.19943210056581706,0.19592989786420245,0.1913938542060472,0.1886910452044959,0.18813436638562764,0.18556056061475548
500,3,t3,null_nonparam,400036,hsic,0.0,199,0.0013191233523617385,0.007844523384062893,0.0075819202537943655,0.0072951858863089854,0.006902354022800097,0.005826267176761209,0.005557633811732596,0.005421074181773878,0.0053327465990075885,0.005166967610116241,0.004873755640694973,0.0047276956633014395,0.004447311160254014,0.004339594717898069,0.004271596340020013,0.004078776031295728,0.004047132946977395,0.0038986664226436127,0.0038467135871666303,0.003810408223750436,0.0037724150257605815
500,3,t3,null_nonparam,400037,k1,0.05,199,0.004754734796059146,0.018924881956333572,0.012258290525934856,0.011958626317049359,0.010964220362858712,0.010372937175668895,0.010082569723098844,0.010017955670347467,0.009658752291523798,0.009033895466302178,0.008983816482927787,0.008743579619435948,0.008631765767362687,0.008563496367008483,0.008467970269321001,0.008254605353290034,0.008044183061872823,0.0074413622926858825,0.007227660915071654,0.007114149635902511,0.007032308804345133
500,3,t3,null_nonparam,400037,k2,0.05,199,0.24368903474817616,0.49911484918351107,0.3753897652078977,0.3609852304443827,0.34261229400078913,0.3240458789885718,0.29710768089241807,0.29238751320117035,0.2864682970973396,0.2732231847451925,0.2690591292758783,0.2669793148030995,0.253295065410053,0.24643127706648285,0.2382939781296669,0.23638389398541163,0.23269978092158533,0.22900345042054243,0.22570028904418385,0.22283084550400678,0.2186639511472045
500,3,t3,null_nonparam,400037,hsic,0.0,199,0.0008615035237165124,0.007217617488836948,0.006959568388201238,0.005840469009360701,0.005764549645532363,0.005380834459609983,0.005277158098988733,0.005100402524725474,0.005034407659506427,0.004786428488325188,0.0046809641660099455,0.004611345979604358,0.00454193247746919,0.004337983576260155,0.004237286729547768,0.004162397499170384,0.004073343822392693,0.003856852827842483,0.0038246744688361593,0.0037630089806767564,0.0036765136299448764
500,3,t3,null_nonparam,400038,k1,0.05,199,0.0007385099696622932,0.01683513208756915,0.01292265667207837,0.012436860754417522,0.011915094498099132,0.011528059418329462,0.01053203098857114,0.00997876094025374,0.009877473998201824,0.009678806720603839,0.009371504038041989,0.009205958226321198,0.009008294988510301,0.008641909724940722,0.008512031023234723,0.008296783694618393,0.008183582150243951,0.007974458602324153,0.007958701429130355,0.007782562309551322,0.007749547167239967
500,3,t3,null_nonparam,400038,k2,0.05,199,0.06585161502488394,0.32420985392214896,0.29867486393989945,0.2929359144768612,0.2862458986573737,0.27488917199161744,0.27098408522655587,0.26738909834222285,0.2570095546074976,0.23907312427374175,0.23586191231218856,0.22074450441254537,0.21715044452378673,0.21651892896051558,0.20878962753373048,0.20818863749365804,0.20479650314943584,0.20053510639408906,0.19143347672076777,0.18611448172045333,0.18216573072184522
500,3,t3,null_nonparam,400038,hsic,0.0,199,0.0009777763237816708,0.0052634643757645755,0.005204533747432327,0.004967762634835352,0.004730781322251414,0.004568329410986096,0.0044188119438774084,0.004143338507325,0.0038610363108875835,0.0037595491171688567,0.0037109796776702447,0.003641159767632692,0.0034724575704096717,0.003392804887227799,0.003373972324049884,0.0033526546843560805,0.003222335944551291,0.003153619642238499,0.003100661567971524,0.003088445934775061,0.0029535633893498312
500,3,t3,null_nonparam,400039,k1,0.05,199,0.0023388034238146505,0.014469193485702858,0.013937183045620749,0.012428457096820833,0.011894102054165856,0.011025451038400247,0.010820049478733385,0.009789277709110311,0.00958532464396189,0.009058908896273365,0.008579409165173857,0.00836798207229783,0.008086059670408208,0.008032569148131885,0.007917609942864279,0.007641102820826751,0.00754410332844313,0.007374954320978566,0.007202728974826211,0.007142710502869742,0.007094585658995345
500,3,t3,null_nonparam,400039,k2,0.05,199,0.13303222544861978,0.41392553664558357,0.3257891008631325,0.29146666612159494,0.27758498222901123,0.2645833795605004,0.2595417769008661,0.24864432975342982,0.24045380727100157,0.23579991492205365,0.22957890269942707,0.2156624245655225,0.21516837985827394,0.2123814522301367,0.2089146656621193,0.19458214283008174,0.19434334461133926,0.19410368957961083,0.18968384489444096,0.18894316277427553,0.18218326602314902
500,3,t3,null_nonparam,400039,hsic,0.0,199,0.0010275039478930199,0.006442174611010752,0.005481140625007851,0.004744868728261706,0.004610730272369652,0.004397816785930298,0.004290373952394791,0.004129930100659154,0.003949770007115704,0.0038298166553245687,0.0037511761357910747,0.0037331124668034802,0.0036950165776156747,0.0036569788336577825,0.003567138136022319,0.0035102448243048475,0.003340665541686389,0.00330005776843195,0.0031695149334615663,0.0031568181129749797,0.003150555969700609
500,3,t3,null_nonparam,400040,k1,0.05,199,0.0008493954034957119,0.014935329365874495,0.013411742228321755,0.011919611221486437,0.010512909128496561,0.009373266084780507,0.00902333768127317,0.008751593210003406,0.008539353838688868,0.008445899334056373,0.008366609975953065,0.008305788302899075,0.00796995475911877,0.007742475399861282,0.007626937931237365,0.007556822407947084,0.007261644519396482,0.007097191227214084,0.006859398773068626,0.0067767243485179485,0.006705621659787386
500,3,t3,null_nonparam,400040,k2,0.05,199,0.06167135608760051,0.3536765614033043,0.3171380050657599,0.2973269110878809,0.2585429661292325,0.2522077091591068,0.2444062282118035,0.23360363395096334,0.22823336031203703,0.22077727144789885,0.21848499607960736,0.21574251617663445,0.20998996748135315,0.19772330806567776,0.195652338976479,0.1898799645990053,0.1846085369863535,0.1786633590532453,0.1724441127743136,0.169805484735873,0.16154035219185242
500,3,t3,null_nonparam,400040,hsic,0.0,199,0.0033769824618552825,0.007062533852350143,0.006990234983896754,0.006541295061813609,0.006353815759822992,0.00630599747444192,0.006262963287962851,0.005930924187912389,0.005926242099690792,0.005900975525685046,0.005778913780938435,0.00566287005271976,0.005649812269696755,0.00532996132530768,0.005274806184594202,0.005243554792047557,0.005226582805339815,0.0051664026095336905,0.005104177007745587,0.005084962990743407,0.004996061997167951
500,3,t3,null_nonparam,400041,k1,0.05,199,0.0038251786331833237,0.018834302322844665,0.0160497458705805,0.013814004488829412,0.013086025314013261,0.011636255990260858,0.011344604577014028,0.010922590879389071,0.010634995784172374,0.010023062027568752,0.009530214722734298,0.009068557443282721,0.008939533052290338,0.008811866250513112,0.008602305205800187,0.00838415725307029,0.00832904022249048,0.008229656713988343,0.008095722858011856,0.008002009693314882,0.007687789702839121
500,3,t3,null_nonparam,400041,k2,0.05,199,0.22704132311635628,0.36322261441171727,0.31045207970523464,0.2786315154632018,0.27025678087716043,0.2577936000569899,0.24146822982178504,0.22616122121407028,0.22438258741517333,0.19948131993949342,0.19718986830468116,0.19272286019404133,0.18898049596638686,0.18347068338591718,0.18207020152904438,0.1807650798650786,0.17884530435647053,0.17736275564787704,0.17317286699684978,0.17251351025064468,0.1713241467201539
500,3,t3,null_nonparam,400041,hsic,0.0,199,0.0013397958238679617,0.006170652817742869,0.0058911982148667245,0.005828978431311045,0.00505416189640013,0.004944593759950634,0.004860897341258981,0.004793855229573468,0.004691410141864535,0.004655460697326532,0.004637290119046595,0.0045768162963400255,0.004375403369719683,0.004184918469426087,0.004131997481013808,0.004122606141932608,0.00410410720516504,0.004032989045523765,0.0038564971310775906,0.0037362430765194798,0.0036641718967534796
500,3,t3,null_nonparam,400042,k1,0.05,199,0.0019365285371419905,0.015365193234539554,0.013937721589855623,0.013118822244470696,0.012809901730805429,0.012529051900814214,0.011593572137018948,0.011483341872901898,0.010523102571307175,0.00965734795843165,0.009496879412267956,0.009318556654313692,0.009095371651933304,0.008286878842366341,0.00814235051542056,0.008058820929593535,0.007950947506570438,0.007895281629752393,0.007786940157771927,0.007565205139332898,0.0073924928635349385
500,3,t3,null_nonparam,400042,k2,0.05,199,0.17593925151566236,0.41428874469813276,0.3796446598021257,0.29024680524581475,0.27272307533186696,0.2659422247921775,0.2542216455458914,0.24046402224442798,0.23337371831752673,0.22593972259586675,0.2146795857324244,0.20921233729326594,0.1915433241094621,0.18975757641438443,0.1856326925063225,0.17777661837901243,0.17078539741150725,0.16831097662875477,0.16513649179892018,0.15682651628978875,0.15338000088149226
500,3,t3,null_nonparam,400042,hsic,0.0,199,0.0008905153807550098,0.0061361144578328305,0.005049105075809614,0.004575509376131542,0.00440757220994618,0.004308445896842777,0.004210169581903181,0.004192421616279779,0.004183400220136154,0.004157695084577776,0.004135263686658329,0.003987392885993207,0.003783472846959246,0.003628815831872575,0.003550828132101986,0.0035086965108771313,0.0034744284137359764,0.0034119392591205008,0.003367958585618991,0.0031860984015439917,0.0031686682858296767
500,3,t3,null_nonparam,400043,k1,0.05,199,0.0022501854503201857,0.017074018663897683,0.015774691675498498,0.014686531039009632,0.011912728545526496,0.011126680327974259,0.01069845128446012,0.0100925036145606,0.009717858838578008,0.009550503107654373,0.00908270047634896,0.008779156222961992,0.008695791158104482,0.008373507229836097,0.00825780950748356,0.007955904293073024,0.007838519681090506,0.007573973147101398,0.00749063559018226,0.00734437049365777,0.00706108327012156
500,3,t3,null_nonparam,400043,k2,0.05,199,0.14338724775911613,0.48782014201638824,0.35230564600371156,0.3142086443656449,0.30010460675518535,0.2874396151072898,0.26828983773631565,0.25480348761338173,0.24926064247406893,0.24254892637858017,0.2415634874993157,0.24110469630196765,0.23186179952495528,0.230217135483666,0.22733356799538992,0.22531362498592178,0.22120787077005105,0.21918812785021255,0.21150426786983356,0.2110356497167044,0.21018736845894903
500,3,t3,null_nonparam,400043,hsic,0.0,199,0.0011468338715265925,0.006576855053081531,0.005762893098607137,0.005625573026428406,0.005371450076566778,0.005229290335642029,0.00508696523083411,0.004641429754655531,0.004331547547022604,0.004156320958486656,0.004099044009937538,0.003929404321300547,0.003759692953931009,0.003642111343589909,0.0036101263778383227,0.0034157826857558224,0.0033467113779150418,0.0033174174186211876,0.003190450330302315,0.0031592941985391907,0.0031175690780943805
500,3,t3,null_nonparam,400044,k1,0.05,199,0.0006627559310496967,0.01721012569312108,0.014863745783797677,0.012835128448941746,0.011990051819600667,0.01163297369347327,0.011330128917851345,0.010412010094215218,0.010178537963390077,0.009728403432132993,0.009571561763581204,0.009372029578755714,0.009094525977295764,0.008889940673109997,0.008768165035609399,0.008376141329666131,0.007724361826049964,0.007504419000994855,0.007426044606647864,0.007377246450036012,0.007228939885763341
500,3,t3,null_nonparam,400044,k2,0.05,199,0.08325682791440527,0.44220412081129823,0.34884510447080747,0.3283631076291184,0.30885454308771737,0.29446737818718083,0.28714633749223667,0.2704257219661539,0.2562580439563387,0.24848690359448108,0.23729650108660597,0.22372498584012127,0.21180934803789242,0.2085824648789046,0.20700754338053523,0.20283752262821295,0.20188079841744705,0.19740835571592055,0.19363375242273015,0.19070328424194116,0.18995515241621938
500,3,t3,null_nonparam,400044,hsic,0.0,199,0.002430090433108478,0.007163124065389024,0.006346547198325397,0.006156206193640092,0.00587682549782477,0.005715113518786231,0.005379404312913069,0.005054152678661785,0.004929201823377326,0.004878770070149405,0.004731144999780049,0.004663153121954505,0.004623054080120991,0.004519063643736804,0.004404750205854102,0.0043015816583849295,0.004282415611016564,0.004195201787834446,0.004184695091822485,0.004129996858031662,0.004094711004195228
500,3,t3,null_nonparam,400045,k1,0.05,199,0.002257296596185676,0.014130891902438991,0.01248089606393088,0.01163768541208643,0.011131232356864973,0.010777003811395347,0.0105721121435286,0.0096587602439272,0.009294791856415796,0.009055683263178405,0.009012690948211222,0.008597756207113116,0.00819983404894331,0.00809010663812082,0.00802894649957564,0.008017279748956496,0.00794611837438175,0.0077551447309932575,0.00766698968367141,0.007388709757031764,0.007317462485855186
500,3,t3,null_nonparam,400045,k2,0.05,199,0.15755008680176968,0.4623112097045323,0.3943459935716241,0.3240288768154848,0.30900724798486057,0.3019512721657385,0.2862866025201839,0.2795230337430808,0.2697180040237762,0.24517047054279903,0.24151852161804174,0.2301804071672575,0.22873169120216533,0.22732626657345523,0.22650944199466103,0.2149878961940945,0.2142980459355163,0.21269203331549277,0.20618607130332287,0.20358651254574023,0.190250047624337
500,3,t3,null_nonparam,400045,hsic,0.0,199,0.001985405245463355,0.010988206661467659,0.008226774439105675,0.007664470238575235,0.007408468810040636,0.0070885957271229726,0.00681848915916357,0.0067531257287292866,0.006056254506098898,0.0059749901312727855,0.005885372926015722,0.005699907974143061,0.005628489845678064,0.005606105587211539,0.0053368232376145835,0.005193000931975421,0.005123508931796494,0.005100162373539295,0.004997909960561297,0.004927758982674033,0.004749661724220619
500,3,t3,null_nonparam,400046,k1,0.05,199,0.004583903455766314,0.017609764319048482,0.015187816793734932,0.012138420998985433,0.010557294090454805,0.010085633652915926,0.009602340188724967,0.009191838390318119,0.009037065514508336,0.00842112038107301,0.008313625746455888,0.008084522754968182,0.00802415835002579,0.007732169225839747,0.0074923834171994885,0.007417534920846847,0.007241687696133203,0.0071533695251146945,0.006939348339610629,0.006679045441783993,0.006398508509723455
500,3,t3,null_nonparam,400046,k2,0.05,199,0.16323630931917507,0.48695460606325786,0.45320645020957173,0.37525916381406166,0.3559427812678693,0.3422723073690597,0.32514430680939144,0.31877412233435853,0.3139806482055171,0.3064323095942688,0.2989275194162799,0.29591476734512157,0.2935954054538503,0.28930906547226376,0.28427778835160905,0.26884303540051424,0.2618270764996102,0.2591854854550256,0.25439421626394804,0.24901089293242412,0.24582336098732013
500,3,t3,null_nonparam,400046,hsic,0.0,199,0.0006479712277687195,0.0066681235746010575,0.006100674124644262,0.005669726755034719,0.005357047171352469,0.005026668135186915,0.00493596884521527,0.004695524536015872,0.004277029136673812,0.00410329181431514,0.004057323176423937,0.004015813757171223,0.003961148350520679,0.0038619829466398866,0.0037977439307275225,0.003672544423218697,0.003651194544334154,0.003583491421105207,0.003476080123253992,0.0033768699065456066,0.003335174145269525
500,3,t3,null_nonparam,400047,k1,0.05,199,0.0010992821569199007,0.020643772464821186,0.01765858253731556,0.017062207220330583,0.016124247060086083,0.013616473111908278,0.012102783235232839,0.011893514507813396,0.011831486659549584,0.01137109420430693,0.011230265002973638,0.010934479103093753,0.010092283142339564,0.010014961130697553,0.009924152159301425,0.00954471887077657,0.009188714864721947,0.008993932896447343,0.008911154344501515,0.008734032019679594,0.00853722513537214
500,3,t3,null_nonparam,400047,k2,0.05,199,0.05426141937306193,0.3640571047129064,0.33362937994714975,0.3303544408134986,0.31877938505876624,0.30604994485743864,0.28815618911452845,0.2754484113335435,0.26782931388756165,0.2550091769753227,0.24507318070600778,0.22879777955400077,0.22093877327162942,0.2089395179207431,0.19800141972151575,0.1941221303489794,0.19332110110186168,0.1914247535049156,0.1872175793112197,0.18603585749365276,0.18435227378056848
500,3,t3,null_nonparam,400047,hsic,0.0,199,5.2665443043013475e-05,0.005877885000359112,0.005013499951508737,0.004742959205608384,0.00459130664021733,0.004403260724413145,0.004257953272122133,0.004177106842061033,0.0040720320738887395,0.003897962353328452,0.003845283855788944,0.0037764473575167524,0.0037200652591723128,0.003520434413214762,0.003322100551838285,0.0032600631959212446,0.0031435283276066385,0.0029603390599077196,0.0028914400704035063,0.002852672300105328,0.00270476170011488
500,3,t3,null_nonparam,400048,k1,0.05,199,0.0007844815676463224,0.0159718774808586,0.013915602136390315,0.013617173689466244,0.013175564982653709,0.011958713248363506,0.011056120207210696,0.010828183252847068,0.010373323138143986,0.009962475422173656,0.009873999926659383,0.009375648038836615,0.008931642435631493,0.00881570360149908,0.008739081751840017,0.008512587434212793,0.008247214315735163,0.008207168299397827,0.008160548049036986,0.008142694376820803,0.007731024392499619
500,3,t3,null_nonparam,400048,k2,0.05,199,0.057846004234592546,0.3220923909558408,0.26316671818973036,0.2526958556865697,0.24279528357538088,0.22669080252368587,0.22003373597385797,0.21679404519735726,0.20899641110532569,0.20564474263574514,0.2033963842174164,0.20295855390940318,0.1915418924247208,0.1868397922691058,0.18221988015499502,0.18024494236417776,0.17816739130680842,0.17042041512383907,0.16934483719796217,0.16829170176786282,0.15959646192641203
500,3,t3,null_nonparam,400048,hsic,0.0,199,0.00018370724341456858,0.004947452479684114,0.004564683342405147,0.004176220164402237,0.003991575707446544,0.003891708965455864,0.0038563189452440845,0.003737388902524742,0.0036521753227917973,0.003570377168339611,0.0035240644013163733,0.003435443898899512,0.003398682591158886,0.0033431713832675768,0.0032974564620747372,0.0032472618652766676,0.0031213509026181037,0.003051309911387657,0.002980878247668241,0.002854316513020902,0.0028275191013769343
500,3,t3,null_nonparam,400049,k1,0.05,199,0.0048865353274683,0.018056098259299103,0.01360055949767558,0.013058380783306345,0.012254815106005013,0.011913962893324248,0.011787440842985553,0.010584860086021664,0.010345355394334232,0.010115601327512547,0.009795956162971242,0.009718225513307366,0.008479583926469747,0.008146922345372287,0.00790647160971858,0.00753585118150546,0.00727733071077552,0.007081788592902427,0.0068105615685094545,0.006485495455791135,0.006450065757293455
500,3,t3,null_nonparam,400049,k2,0.05,199,0.25722435972425517,0.41328951361709854,0.3986551083221217,0.37725154799278887,0.3552741272700663,0.3447419194739585,0.3277232674411232,0.3250083686227474,0.3146370439487372,0.2805944636156157,0.2778285328322216,0.2722755810966291,0.25761112216835214,0.24892978861457118,0.2345313558590199,0.2292880009094254,0.2290260795666263,0.22116231628268215,0.21682957915319875,0.20819624817428808,0.207308680985142
500,3,t3,null_nonparam,400049,hsic,0.0,199,0.0012978898346659856,0.006695622239764052,0.006406122028986487,0.005958088044240507,0.005853962876289049,0.005733104803090106,0.005267127919406413,0.005089304615060585,0.004951960112760818,0.004892887168289318,0.004717127438435133,0.004640427738488282,0.004383241030246891,0.004366977845351889,0.004171895665276986,0.00413486547822352,0.0039981705655080515,0.0039743995721738526,0.00395372578544751,0.003834666514077173,0.003692156016848946
500,3,t3,null_nonparam,400050,k1,0.05,199,0.0005839422207900569,0.016661241354988143,0.015605506372600164,0.014020978078516322,0.012443885973231539,0.011601459350128573,0.011424430131954821,0.01063984850026578,0.01015696789942977,0.01004802942298999,0.009781345738037683,0.009730385100693906,0.009439381532573288,0.008939723311506387,0.008634073932198838,0.008267960920760986,0.008070548539794054,0.007982193326841136,0.00787947848937709,0.007471335570487625,0.007421923059518609
500,3,t3,null_nonparam,400050,k2,0.05,199,0.04919222107800567,0.3465001132166789,0.3337197353509762,0.2970472573805162,0.24430666472249987,0.241078112534986,0.23760836898206847,0.22847270644856818,0.22047776614093048,0.21516943950221729,0.21235672914647463,0.2055121108580927,0.20191860470102505,0.19578486564482844,0.18941264710761435,0.18886628960841007,0.18835047621842216,0.1845340303209921,0.18307405256147502,0.17720442512513518,0.17432476621513512
500,3,t3,null_nonparam,400050,hsic,0.0,199,0.0027457067535869737,0.008061739728177416,0.007029892225881896,0.0065385764694659105,0.006453144985687913,0.006355572328330937,0.006070601002312435,0.00601113656270163,0.005839548219622372,0.005589333386997786,0.005515642444782182,0.005298350913483423,0.005292964908385091,0.0052367302690233385,0.005140641361903658,0.00510747581796426,0.005062424386561866,0.004991167001761703,0.004950353265703508,0.004762472435250555,0.00467316435507135
500,3,t3,null_nonparam,400051,k1,0.05,199,0.006326860157743308,0.01886486900374429,0.016939919538796366,0.015116032909315513,0.013275110809769619,0.012374197314764301,0.011702873255310497,0.010934427058110652,0.010908748661563106,0.009569472308204485,0.008830305142349726,0.008629517990149327,0.008457672650531767,0.008191851597788458,0.008098638545835923,0.008014370514737523,0.007841061352845125,0.0076422253850304545,0.007440918761615234,0.007320147490662565,0.007108329717355755
500,3,t3,null_nonparam,400051,k2,0.05,199,0.3835358191779415,0.40258586363404175,0.33747089547194,0.3236281052414459,0.3107754356379971,0.29183891078683816,0.27509271094324106,0.272568349185594,0.2682479337361955,0.2670188381091691,0.2587227554115417,0.25794341466957504,0.2557625693227664,0.25331380293695216,0.24691801107414368,0.24324062838317947,0.23683794734275646,0.2279559794742294,0.22358389688685915,0.21673361303738606,0.21494217328484616
500,3,t3,null_nonparam,400051,hsic,0.0,199,0.0033627776208064765,0.010932738692976106,0.009156712840442319,0.008549365360959712,0.008377011175660322,0.008345350785233676,0.008308813372547312,0.008098542868000864,0.007816564454522643,0.007096225388456449,0.006676999618185956,0.006613563431193104,0.006348892056120836,0.006107103105340188,0.006080633413826183,0.005976498397509024,0.00580436799463135,0.005457456321519336,0.005398152503075518,0.005329513181518749,0.005302845812034647
500,3,t3,null_nonparam,400052,k1,0.05,199,0.002322940867064305,0.02673575816734497,0.015353316411848894,0.013164555336762418,0.012301914606223097,0.012180647479225981,0.011358323585355712,0.010452693596654239,0.0095624855915184,0.009044538691389437,0.008805933323510762,0.008644274920085349,0.008490169835137173,0.008341037595070433,0.008168261979930924,0.008074064956481775,0.008065258069561376,0.00784912488991829,0.007681455137802939,0.007497882939261791,0.007299326567384412
500,3,t3,null_nonparam,400052,k2,0.05,199,0.16073051995340046,0.3039576059521041,0.2907353814573574,0.2539881631273025,0.24885231139415714,0.23547005620359907,0.22590677737049786,0.22377930963375317,0.21739296222512947,0.2057534644266878,0.2023737402546783,0.19928923663333928,0.19917716692478638,0.19803260019554747,0.1972831970176243,0.1878502679546841,0.18208007900599807,0.17869165300593698,0.1766253761064227,0.174806062853902,0.1715323445591975
500,3,t3,null_nonparam,400052,hsic,0.0,199,0.0029900773266499105,0.008484732578464238,0.007624041008856155,0.007275352587191879,0.006659483154358333,0.006390923867073523,0.006119357653285051,0.005842567987084797,0.005790866117723373,0.005632823353989813,0.005532272059311621,0.005439502273072292,0.0052688334550848245,0.005007006254604211,0.004685676827384666,0.004619540574088036,0.004515809676598405,0.004441005347614078,0.004396481112160818,0.004332015750304564,0.004308347014642777
500,3,t3,null_nonparam,400053,k1,0.05,199,0.0006347398084283196,0.016079337707481822,0.01475037662935652,0.013069801168951956,0.012214851042768538,0.011726226980978471,0.010588856539829883,0.010230621930346295,0.010171710708218318,0.010107340280410937,0.00981413631563377,0.00904019371880116,0.008710905774590438,0.008570751253160314,0.008403447393743768,0.008192301068437269,0.007813672498095836,0.007639637255857923,0.007003840403940642,0.006705631647463073,0.006549118138158394
500,3,t3,null_nonparam,400053,k2,0.05,199,0.04375598757799626,0.3422424241988316,0.31987697967523654,0.30225478297511915,0.2991492784563403,0.28614024322167364,0.2715976068820921,0.25352814334232343,0.24259910719313654,0.22973983455101446,0.22518127078957867,0.21741693905390896,0.2168426019428236,0.20928481933618653,0.19733255847227446,0.19418473658005944,0.19149930647753283,0.18347186521000788,0.17924039177567702,0.17871882780699586,0.1751858745299407
500,3,t3,null_nonparam,400053,hsic,0.0,199,6.74193505872549e-05,0.005682595521384276,0.00536097723446696,0.0045916319353418444,0.0043974110104908265,0.004265079408372076,0.003999940953189237,0.003970471401030965,0.003866971828567488,0.003759880785426245,0.003756634500779772,0.003662203246722443,0.0035568652264711792,0.0034524994958205608,0.0034347351790990055,0.003365136917050408,0.003294466827149029,0.003213796679486791,0.0031403069177357444,0.0031021005415624524,0.003068387333767823
500,3,t3,null_nonparam,400054,k1,0.05,199,0.0019935575732438204,0.015514253054576876,0.013038673864627315,0.012949956112992322,0.011512046121411434,0.010907647976918344,0.010746685242997045,0.010345242056228998,0.009913709815155825,0.009846438306195804,0.00977020404799478,0.009601719622763127,0.009322432553233617,0.008946704467845512,0.008759513823803466,0.00847391155441135,0.008257133847438314,0.008174069617442825,0.007938170623563279,0.007751157858988389,0.007618019151108046
500,3,t3,null_nonparam,400054,k2,0.05,199,0.11409225191633235,0.2971591157809911,0.280223695873282,0.25495490873342014,0.23377336479832056,0.21362146402165672,0.20977955467465267,0.20297550260743655,0.19773407938556187,0.1953175823186719,0.1819468042269231,0.18098186569286892,0.1795574297729566,0.17555040670517702,0.1695581231780243,0.16726853717564807,0.16591253853105697,0.16373406250536318,0.16251876242361796,0.15944451971606657,0.15673117704914113
500,3,t3,null_nonparam,400054,hsic,0.0,199,0.0015966529407679035,0.0069794093162360285,0.005960792022897862,0.005651539285059756,0.005537133310766102,0.005479405246706571,0.005365065950150931,0.005072740852425872,0.0049811845269345885,0.004861913341370889,0.0047511077030165695,0.004644903976860087,0.004572861794965992,0.004451322894643034,0.004420213823639369,0.004334894891874064,0.004237989802666479,0.004173854208094799,0.0040812725557699,0.003924557253580102,0.0038569061843676286
500,3,t3,null_nonparam,400055,k1,0.05,199,0.003984345273491785,0.020246158076280163,0.01582521949260085,0.014352690993948092,0.012668635354322721,0.012268635076548295,0.012179419045224682,0.01201133797571563,0.01148703488096825,0.010922160888049981,0.010434588834813296,0.009962003075451142,0.00962264563980808,0.009348598126193486,0.009009455657904564,0.008724816385727752,0.008553170173827063,0.008439999771490792,0.00834461351927851,0.00826459643444799,0.007796481452273518
500,3,t3,null_nonparam,400055,k2,0.05,199,0.18082954484926217,0.37337568034489926,0.34836021337882295,0.31180003822707303,0.2883328248155213,0.2713427607766216,0.261600395453302,0.2556012983508724,0.25396071346641674,0.2415436821660754,0.23547878302112746,0.22659385202468932,0.2202968298477127,0.21956650811572498,0.21069736971425668,0.20821674743910057,0.20240157146374083,0.19492912874666526,0.19357893705470303,0.18290431356584316,0.18219099737017302
500,3,t3,null_nonparam,400055,hsic,0.0,199,0.0026669875019139366,0.00774841857653889,0.006743401968082629,0.006267434372097868,0.006001066190004627,0.005862914464251609,0.005697560662396264,0.005205601722432763,0.005084572400216873,0.005070664549205672,0.005034790211646403,0.00498480991599447,0.0048427103580521,0.004799794034303626,0.004730879426969835,0.004435764686369107,0.004354864191011158,0.004301452042377711,0.004253128734693696,0.0041292616416393965,0.004047425119203692
500,3,t3,null_nonparam,400056,k1,0.05,199,0.0005660163495379011,0.019154862060617894,0.014370796392367158,0.013230232020921884,0.012746818852536146,0.0121700957626667,0.011488616673355878,0.010925777054118013,0.010336542065774168,0.009898101809334925,0.00969167635754642,0.009291758598655941,0.009200486036774591,0.008896202719314905,0.008623265868452523,0.008505982056788874,0.008315277724909476,0.007970360646350372,0.007577395903592854,0.0074669694673699105,0.007304148380652631
500,3,t3,null_nonparam,400056,k2,0.05,199,0.07981447242742482,0.4591287449912979,0.4003861511280984,0.3611018134894528,0.3039375395423689,0.29483993932465946,0.2619544245313068,0.25414267224318227,0.2404481463075377,0.23454493806256155,0.23011645665414418,0.2264606414192337,0.22225218618239376,0.21624242487973103,0.2108584113390916,0.20393838426177602,0.19325243247443125,0.1911623725623518,0.18751796638689233,0.18372847883610766,0.17982770653472488
500,3,t3,null_nonparam,400056,hsic,0.0,199,0.0036750877538257705,0.007549135667565313,0.006944332871418171,0.0067967486168664815,0.0063616204910250515,0.0059770263816462015,0.005953056504635907,0.005879806451010325,0.005825770347986636,0.005770622943009752,0.005742507920521768,0.005707523738727072,0.005468024903313136,0.005260389353366326,0.0052047831564769045,0.005069449753939044,0.004901186095486857,0.004864751897365871,0.004815271494499977,0.0046735365130226685,0.004654115453412963
500,3,t3,null_nonparam,400057,k1,0.05,199,0.002596351230055416,0.01382919890465617,0.012850983284267481,0.012269732490328478,0.010766721208350205,0.010730669215066158,0.010230898269787403,0.009922403095766308,0.009422345275766575,0.009009617198254105,0.008974375426420544,0.008686215991217994,0.008148014287232885,0.008016161434995506,0.007874159987838025,0.007769596262369949,0.0072197122115800205,0.007153579788396369,0.007104896793129978,0.0069157783577114,0.006889439554872312
500,3,t3,null_nonparam,400057,k2,0.05,199,0.18239160612455002,0.3552012580448772,0.31978198232682925,0.3022866667223724,0.26391253111694923,0.2531657808030486,0.24640135786107878,0.2389374707299899,0.23833728904519944,0.2348596762562458,0.2196637664701216,0.21553399269290985,0.2136048054568408,0.2119361213261242,0.20689494692533822,0.20547703956312519,0.19681229681902465,0.19160255580655655,0.1877524257273798,0.18385020424378312,0.18207671360067917
500,3,t3,null_nonparam,400057,hsic,0.0,199,0.00022156132934327165,0.009665676156688964,0.006938219130481576,0.006802502525580695,0.005758692640686552,0.005752479120252876,0.005516112888113659,0.005103551999802305,0.004915679852899508,0.004745906084975357,0.004671873070389921,0.0044791532290165996,0.004298489494807667,0.004063007902787628,0.003981400129321017,0.0037831034447784206,0.00375573354012153,0.0036160891172788995,0.00347945798586147,0.0034029516908476534,0.0033694972799621914
500,3,t3,null_nonparam,400058,k1,0.05,199,0.0026937570134210054,0.01538255493433005,0.014743601673154805,0.014489985082787427,0.011929900609805477,0.010946451345075214,0.010875898617326074,0.010331808107058471,0.009593908876510682,0.00899717994353555,0.008766308886221763,0.008665069101454259,0.008521281410403092,0.008306071257164205,0.008074114326694026,0.007917838331443883,0.007829517722305113,0.007744109838966562,0.00757843246967993,0.0075574274255842955,0.007421968496194031
500,3,t3,null_nonparam,400058,k2,0.05,199,0.19873761963199021,0.4862463499978705,0.4594471220783173,0.4136417808579946,0.40635859589833145,0.39195920681261137,0.35480316030993425,0.28997308936343985,0.2741924286326818,0.2641305532046283,0.25703843642054963,0.25244830594270445,0.2457140869942193,0.22722344672310227,0.22392842915718655,0.21481888734063664,0.20734766820703285,0.20039233825742897,0.19746137058301913,0.19227796310426795,0.1907195931191218
500,3,t3,null_nonparam,400058,hsic,0.0,199,0.0012781093469109313,0.005622345568977941,0.0050648382979280055,0.004876141420081602,0.004731704139983671,0.004701045169812507,0.004570966355753741,0.0044242409434707124,0.004204355909255536,0.004082274012395229,0.004065541690231541,0.0038954061485274344,0.0038003431067090794,0.0037442195027755716,0.0036526977418277493,0.0036068600802182235,0.003471649645407318,0.0034658318017732857,0.0034000066756391407,0.0032973226238858363,0.003219542901363963
500,3,t3,null_nonparam,400059,k1,0.05,199,0.0020166156107227495,0.014474445400758595,0.012679303290810462,0.01157443939774172,0.011343671252879606,0.011220310272410994,0.01072770274364565,0.010224686967773344,0.00980992291179883,0.00956251725759727,0.009105898183009775,0.008930967076525076,0.008520591842161362,0.008404551275131733,0.008368991562277217,0.008288180242425836,0.007755960262792905,0.00738544842717459,0.007270346285229157,0.007069501764449537,0.0069994105404161955
500,3,t3,null_nonparam,400059,k2,0.05,199,0.10283652810685755,0.5186119683052375,0.3924546216862937,0.32464533519755373,0.3119655031438311,0.29921594452447386,0.28135392218156313,0.2732791712814153,0.25943319647907637,0.25682067343350207,0.23935702087305358,0.23108220655555087,0.2172413937817729,0.21433062137979775,0.20810579147146643,0.19681965055988834,0.19117996106217908,0.1879474506727943,0.18306103990886066,0.17887842484341096,0.17612759447629983
500,3,t3,null_nonparam,400059,hsic,0.0,199,0.00163865206355043,0.007180807338347736,0.006249594966654853,0.006154606856112691,0.005910252583072944,0.005680862280160636,0.005409137386944437,0.005285895982380626,0.005160964989891011,0.00476930368993328,0.0046491515613303665,0.0044199179250294105,0.004270276924096742,0.004150329650770351,0.00393067670073525,0.003912319717905966,0.003849874112300881,0.0036754261974054794,0.003631212684610362,0.003607690918245425,0.003583847316508304
500,3,t3,null_nonparam,400060,k1,0.05,199,0.0030022050477549467,0.016398328787924576,0.01588135278753855,0.013490378773532985,0.013089217303432044,0.012051876978089071,0.011492689214511298,0.010889802618092137,0.010318974085585908,0.010005222850312356,0.009634870194296319,0.009154109934830568,0.008635167182134973,0.00831358417976602,0.008110453493583747,0.00801392745084395,0.0079778042382872,0.007609760196014004,0.007410832608132467,0.007210542749957138,0.006990710149278989
500,3,t3,null_nonparam,400060,k2,0.05,199,0.1423351284349322,0.3920276344836404,0.37803422385108776,0.31468370125876316,0.2962462546972415,0.2735513100830595,0.25956740085721497,0.2392677795005516,0.2351251254713579,0.22109113204063607,0.2146989319145223,0.2103840768166615,0.20650053267379548,0.20035051542889443,0.190269728755128,0.18800805632701853,0.18078885196896902,0.1796447020582969,0.17766512636456105,0.1754485936716744,0.17146084405610917
500,3,t3,null_nonparam,400060,hsic,0.0,199,0.004309329187345912,0.009663316863590255,0.009423813117587767,0.009275190910103726,0.009003290748133738,0.008758858872712053,0.008701974236633762,0.00837868878149064,0.008171022371653484,0.007848738901536827,0.007799162355723311,0.007640622034234843,0.007540704977259536,0.007402088389783277,0.007202847636024128,0.00716317882433935,0.007003738240165632,0.0069694826858254675,0.0069352199950104025,0.0067337316581482665,0.006456831843662797
500,3,t3,null_nonparam,400061,k1,0.05,199,0.003413146874336803,0.015157904665441757,0.012978371296449853,0.012504694100890834,0.01187953049067103,0.011563134752538007,0.01145316639737648,0.01099807837611122,0.010827927542985005,0.00964961940210185,0.008986874695456004,0.008951715342104594,0.008642150577622743,0.008469064955574201,0.007894631709870814,0.007853671971441045,0.007785465152255644,0.00753931832682142,0.007432695460550809,0.007402149349041931,0.007303388007903422
500,3,t3,null_nonparam,400061,k2,0.05,199,0.18435277778627,0.40826481394482406,0.3069166240788363,0.29317386961011627,0.287606297836976,0.25953551218220633,0.25298956508296294,0.24600891839473327,0.2337716449797891,0.20503098608786774,0.1976224478531775,0.192403427597328,0.19192977352195745,0.18808495124038252,0.1838704764136503,0.18239613436207075,0.18146112851138665,0.1800605247325777,0.1723195208492221,0.16985310652408694,0.16968558031495978
500,3,t3,null_nonparam,400061,hsic,0.0,199,0.00048717504871131456,0.00927378398706209,0.008380467384646643,0.007574532202695944,0.007263299480068484,0.0069898738826110925,0.00644046634419459,0.0057392552915973526,0.005416498582993168,0.005055410244909764,0.004966259330674433,0.004771222427033543,0.004727104277059519,0.004637588688335202,0.004539754447997813,0.004337822164692128,0.004244394472257898,0.0042181062396998105,0.0039104638220612,0.0038681098692266505,0.0037963628357118554
500,3,t3,null_nonparam,400062,k1,0.05,199,0.005408929274648533,0.014423798865784931,0.012743918161432277,0.012559130406374797,0.01186173280480296,0.011591477975969489,0.010851586078870712,0.010682370694087617,0.010288045018100545,0.009984982558777222,0.009520841915472533,0.009400115539898835,0.008939068298667197,0.008562024294777149,0.008023515220127897,0.007943624828057105,0.007868360742669278,0.007657998003124722,0.007570775409714403,0.007438245687593659,0.007037620345629381
500,3,t3,null_nonparam,400062,k2,0.05,199,0.4807295165215122,0.4329684102555522,0.3895827810128362,0.3653184061762469,0.33149232681432445,0.28212485073579613,0.2703119016632608,0.2353164599963949,0.22969821440125612,0.22386530570296992,0.22061748694685807,0.21591910064628014,0.21190971555063862,0.21114542646460752,0.20612157686997182,0.2035676551138511,0.19328846548673478,0.1916195426982771,0.1855994543696166,0.1814270633540832,0.17807346904158033
500,3,t3,null_nonparam,400062,hsic,0.0,199,0.000893239700806778,0.005917472642319313,0.0051670472945550255,0.004616673885555236,0.004449857134177481,0.0042712283049342725,0.004070377443334718,0.003969974560621002,0.0038147495652953306,0.003693083288435388,0.003580710647559478,0.0032513875592512266,0.0031367029214016805,0.002979181532600974,0.002951913591329161,0.002885350329374526,0.002805672277675915,0.0027892061853394354,0.002737597627368288,0.0026410269297790275,0.0025933199154200047
500,3,t3,null_nonparam,400063,k1,0.05,199,0.0003228724447087439,0.0178751356060044,0.016930606076183796,0.011283301713786886,0.011066626506021748,0.01096190496375804,0.010750391896107603,0.010484880477955372,0.01016306850470583,0.009923303580770093,0.009405802316932776,0.008892990851622318,0.008688386889616484,0.008438401061172995,0.008417459612880429,0.008330466695799177,0.008236466956455857,0.007814788831343344,0.007476561499295542,0.00726932053805629,0.007075234408839726
500,3,t3,null_nonparam,400063,k2,0.05,199,0.03400928853646991,0.48075573921384407,0.38938059609866543,0.31429410622432974,0.3037957557884818,0.29092172531030114,0.2853587420884174,0.2702635902457352,0.2608139570364927,0.25600220881361946,0.24885914240273935,0.24467630891770867,0.23562684098782963,0.22994069787478924,0.22762987804099058,0.22371374257639834,0.21433777427112968,0.20446455846015696,0.1990841590186741,0.1964161274843984,0.19271021365175353
500,3,t3,null_nonparam,400063,hsic,0.0,199,0.0017783137452554935,0.009307346087521436,0.006565030004514566,0.006250915471018893,0.0055878954841607825,0.005446739904324246,0.005399260645825236,0.005345963567418741,0.004981552549624732,0.004871090722041353,0.004727153677471959,0.004600151441869102,0.004498968375613597,0.004386394161066722,0.004310182810323053,0.004204672866063457,0.004194711592591561,0.0041294709226154915,0.004110616387566035,0.004085953291528903,0.004048940558913166
500,3,t3,null_nonparam,400064,k1,0.05,199,0.0010122660060223332,0.014043344404429003,0.013861798025510685,0.012548763837621268,0.01168827944723938,0.01122910308320213,0.010308518536816691,0.009947037403170822,0.009432674724545231,0.008866993165154269,0.008513417338401386,0.008313047904055515,0.007959331410157033,0.007634427484059847,0.007397779634472523,0.0073679914984688955,0.007074427949222639,0.006968106935716922,0.006841612910582273,0.00669151399548229,0.006671461383368271
500,3,t3,null_nonparam,400064,k2,0.05,199,0.08246855396047315,0.5552728641204622,0.3525187338389322,0.310381304476565,0.28181002443658953,0.26889067943787553,0.25181678211247255,0.24476021757618457,0.23983634298443857,0.23611794951257165,0.2348459621476438,0.23056236039403494,0.21101471389612994,0.20947825560656474,0.2072135302185884,0.2020685410564197,0.1997534175489794,0.1923389412404331,0.19132352262823002,0.1910815760632032,0.1791499171555039
500,3,t3,null_nonparam,400064,hsic,0.0,199,0.0011675412444592972,0.0063863878436992896,0.00593596795797991,0.005242471119946322,0.004639121102807601,0.004532831211516695,0.004514731362395247,0.0043464380974594175,0.004108735840087544,0.004004585669863808,0.003924136765849733,0.0036031682136222474,0.0035397452551297684,0.0034485927787191437,0.003301412945191159,0.0031835121288144017,0.0031164478387713554,0.002980973166503296,0.0029660713444568166,0.0028349481590050534,0.002777337414274853
500,3,t3,null_nonparam,400065,k1,0.05,199,0.005061491213818159,0.015530501774878247,0.014201758684673771,0.012845056861757409,0.01259383882198517,0.01147889974203331,0.011255203315898021,0.010567646444011536,0.010409125813084286,0.010123096255053254,0.009696404391526192,0.009509585711733881,0.009024653874767918,0.008613191128102105,0.008529404321447331,0.008498016525982588,0.00824267189476613,0.007840999980683216,0.007710691463666874,0.007634656707668386,0.007237704630831399
500,3,t3,null_nonparam,400065,k2,0.05,199,0.26709836217517047,0.5271783310785986,0.34886714221766685,0.3391640584687659,0.31881064374253665,0.29903049576899654,0.2910877910645856,0.2789584510561878,0.27589475994967366,0.27416035861275423,0.26155074167887216,0.25479084836600036,0.2503195678633238,0.2443029009344592,0.23281519421592917,0.2312825982076958,0.22593549680562025,0.2192080078248924,0.21794116055726453,0.21587203854410267,0.21178012503146937
500,3,t3,null_nonparam,400065,hsic,0.0,199,0.0057457798364331115,0.010799625223037379,0.010686284459682442,0.010380243944979287,0.010234202947011788,0.01015411815349591,0.009977421625633066,0.009754560746482533,0.009474099015902201,0.009324181025655411,0.009302878802764359,0.009268074835423164,0.00924972053034802,0.009188866903764805,0.009159865271958188,0.009025186615769176,0.008870932903578505,0.008785803354655694,0.008706913069499783,0.00869635259845317,0.008609941589332386
500,3,t3,null_nonparam,400066,k1,0.05,199,0.0024663333465828607,0.01643714769992155,0.015042525334683754,0.013324567941907173,0.012666200388221527,0.010927049768948316,0.010639988028380842,0.010155863406275611,0.009820789461861823,0.009479066630928346,0.009301674600446175,0.009268538951470395,0.009153468230037598,0.008888036704013724,0.008530233068894444,0.008152246822505815,0.00797196320888427,0.007837462224067338,0.007746598751823264,0.007698293906588938,0.007423050478398641
500,3,t3,null_nonparam,400066,k2,0.05,199,0.11895280706008123,0.48226423426594506,0.4166491765773095,0.31398236851310524,0.2968567441656974,0.2583695423400781,0.2534081445890095,0.2461858069268859,0.24047031618125075,0.22734175046594035,0.22486022861158952,0.22214630392401905,0.22040546510914966,0.21314108482154534,0.2094847740100994,0.2032365338601386,0.19966910267840818,0.19727774413653074,0.19320480419731353,0.18787164473609677,0.18522415767333883
500,3,t3,null_nonparam,400066,hsic,0.0,199,0.0013953804480714089,0.009027189192623197,0.007239749700329023,0.006766854265766261,0.006314424702812709,0.006231907802926413,0.00572208809764223,0.005671334181848476,0.005559697467216213,0.005242494942416511,0.004996623963240557,0.0048665772058102295,0.004656642035702131,0.0046103030276669985,0.0045091490902108445,0.004311317490950031,0.004120693796173608,0.00410858640873709,0.004078250154494112,0.004014685444155591,0.003908401393882957
500,3,t3,null_nonparam,400067,k1,0.05,199,0.00528464987429611,0.012211825084769479,0.011624675335641044,0.011187576858422421,0.010582006866961535,0.00986772487597709,0.009454480668834253,0.009125472929514267,0.008917582823588566,0.008578000901323879,0.008445511336966027,0.008376441763053522,0.007767958057555591,0.0076795992842983996,0.007583246404188504,0.007328431156461979,0.007296330822824992,0.007203392944511888,0.007168887166160376,0.0068370779976559826,0.006769752294559672
500,3,t3,null_nonparam,400067,k2,0.05,199,0.2714222356704964,0.370375974551583,0.34524770796338594,0.3147449330675005,0.30579198345580805,0.29089121625543246,0.28683873566595963,0.2768286295229492,0.25782917645396475,0.25002056159937014,0.24713784350503842,0.24254138973035674,0.23492071721009997,0.2257051689659097,0.2181958777313286,0.2156567995067463,0.20891224298509767,0.20700415718267917,0.19989537855141032,0.19819407451435192,0.19552388458761175
500,3,t3,null_nonparam,400067,hsic,0.0,199,0.0039232185092606085,0.007691566304279732,0.007571918006230118,0.007318288417730038,0.007192612846700685,0.007029354499640412,0.006923367614422453,0.006893078656057315,0.006759212971953773,0.0066560755446293,0.006621379539361617,0.00659928399048211,0.006370331759788905,0.006320403244000097,0.006207601983178759,0.006175989634481185,0.0060906711892903895,0.005886998233386837,0.005767394838352456,0.005670053636627967,0.005663924694530666
500,3,t3,null_nonparam,400068,k1,0.05,199,0.00027529488549005166,0.019981448978302674,0.01411881268985793,0.013853440799749372,0.01333831384758577,0.01272052679555813,0.011950141796130076,0.01132617295262639,0.011045870569206362,0.010856855999672899,0.010624208209343289,0.010155058404230921,0.010091951153861523,0.009728358343727428,0.009604235417046691,0.009349299149614576,0.009121873206096476,0.008999547122274243,0.008774123298731396,0.008570941728997195,0.008347720933265523
500,3,t3,null_nonparam,400068,k2,0.05,199,0.03657756175757976,0.40581262151330955,0.3815091830166415,0.3706965634522165,0.3310180234095907,0.3178632166313617,0.30467212665684723,0.2839220820824972,0.2742214650025767,0.2665631813456951,0.26404086374331337,0.2524213305865077,0.24820478984773436,0.2440348044436493,0.23676516948862195,0.23011055243781,0.22565649877712599,0.22053812578268794,0.21760762648330484,0.2140215890557949,0.21183898256914846
500,3,t3,null_nonparam,400068,hsic,0.0,199,0.0017399492970142237,0.007705472707854196,0.007347118750487135,0.007008242134964935,0.0066054839112163165,0.006487143755776724,0.006352181822141279,0.0061763455391665185,0.006108941668447165,0.006029398112987417,0.005989583403772851,0.005843598905594657,0.005741971261860333,0.005683491959692833,0.005432711559224477,0.00534790616074973,0.005245836031679748,0.005133785335438228,0.005086542702350852,0.00498943247991193,0.004907578836563849
500,3,t3,null_nonparam,400069,k1,0.05,199,0.0014599974402960125,0.02402481747661711,0.017525763073189204,0.014697831280963358,0.014433098050410043,0.013473675483675285,0.012913490017595786,0.011436431088984067,0.010040312300015786,0.00985772503761928,0.009140856116289009,0.009111203731019368,0.008789307396777968,0.008694703999199582,0.008628780610898557,0.008303986126636631,0.008241153198847107,0.008014129349807386,0.007701151161392028,0.0076371929842589115,0.0073796510277072125
500,3,t3,null_nonparam,400069,k2,0.05,199,0.06547022184804921,0.3594990087616401,0.29047523271253056,0.27072446014625234,0.2579341455529882,0.2482466112039164,0.23731503953002023,0.22721853849646811,0.2178006375612901,0.21375318459327955,0.20681279133953462,0.20245724795276862,0.1998294363867592,0.19487207132008283,0.18615954049525396,0.1780607086164662,0.17514298347417395,0.17126064476549344,0.16997135544305414,0.16734341476029452,0.16316645507417626
500,3,t3,null_nonparam,400069,hsic,0.0,199,0.0005813309171319442,0.005871203320479794,0.005224498387653152,0.004794422174803489,0.004369523102931957,0.004262215183529617,0.004020245707509087,0.0039048225259797156,0.0038386848976130587,0.003702783226326982,0.0035519733345160793,0.003395103817965395,0.0032989521309434314,0.0031772773820555804,0.003137037766972665,0.0030777663473207885,0.002835757829654319,0.0027168509872031506,0.0026896418613630312,0.0026463823258981046,0.0025745660109482843
500,3,t3,null_nonparam,400070,k1,0.05,199,0.006131399719269015,0.01523461963561834,0.014757707252387009,0.013773903800539555,0.012747611097835843,0.011913409399665786,0.011247070194777109,0.010549239153804901,0.010414512221977756,0.010194800198077947,0.009631915173384797,0.009200338817482834,0.008794566252998015,0.008369682796739442,0.008070445302418183,0.007890003115717192,0.007822966417575183,0.007611720048960602,0.007525600005510613,0.0073787535137813665,0.007332195218005322
500,3,t3,null_nonparam,400070,k2,0.05,199,0.323484844169608,0.494697841594961,0.42335137344944007,0.38927176352959486,0.35779748741735345,0.3438385053993965,0.32409303018955343,0.30177349750802995,0.288120939845283,0.2787402253916218,0.27287285568307285,0.271579425612891,0.2571403135113936,0.25076216669224,0.2500405696309962,0.24510175926220334,0.23800597331436052,0.23739364972229274,0.23447975048997605,0.22851553265576222,0.2178472780842167
500,3,t3,null_nonparam,400070,hsic,0.0,199,0.0006047365425117178,0.005873273520338297,0.0054917498139464005,0.005060675976398197,0.004856865782003422,0.004747546257666612,0.004359067751075715,0.004131079970210742,0.0037988891609977244,0.0036275529401660123,0.003560831272534615,0.003501229214810665,0.0034378453458136548,0.0033811542068258264,0.0033267239634278203,0.0032942771696467636,0.0031747583274023957,0.0031202987500170893,0.0030695315595214113,0.002974654106606352,0.0029506698117914023
500,3,t3,null_nonparam,400071,k1,0.05,199,0.0026093434255995973,0.017206543073101765,0.014416149427889935,0.012491298592419153,0.012057075346782131,0.011545060510645744,0.011344525972792341,0.011071734286917212,0.010815198786383151,0.010674119580742936,0.010334811591765192,0.010032279694185853,0.009696457032577044,0.009452538672433342,0.009301699319359202,0.008525429887328517,0.008299991605504653,0.007871186561179022,0.0077480892714120175,0.007293269348870868,0.007089942312571096
500,3,t3,null_nonparam,400071,k2,0.05,199,0.13896873476360747,0.3763641569451383,0.317121144521739,0.28531295648034144,0.27478942010217977,0.27252630035462777,0.2520340899518836,0.24691455450288835,0.2178398253527965,0.19712986070312333,0.19292518755129562,0.18177835382279006,0.18030682154482197,0.17831370240928854,0.17545004390252492,0.1699465386385449,0.16974479012925173,0.16899169657286536,0.1655496011431741,0.16245068244512265,0.15929178468838098
500,3,t3,null_nonparam,400071,hsic,0.0,199,0.0016006632277726779,0.006113443460617983,0.005932198219619782,0.0056332859093541614,0.005408063845256816,0.0051832857033740085,0.0050599287290860355,0.0049836097616999106,0.00491533718826505,0.004620108975936356,0.004607678351335752,0.004503331075894635,0.004232379983621314,0.0040648353156366775,0.003948284031392769,0.0038879239395529126,0.0038706284592370274,0.003749692247156103,0.0036459754727682214,0.0035810422688816726,0.0034894261924796706
500,3,t3,null_nonparam,400072,k1,0.05,199,0.001716155728763491,0.014831526733592004,0.012353405804042983,0.012155870919596024,0.011668012602887079,0.01112443890604431,0.010634733581638134,0.010206293948964773,0.009758495598987671,0.009561775796884109,0.009236933155048255,0.00908020575077384,0.008857230532733018,0.00882032706246727,0.008694263051378437,0.008533232684445613,0.008268985234686,0.007953322350693237,0.007757312278592332,0.007706241540130443,0.007643268429303851
500,3,t3,null_nonparam,400072,k2,0.05,199,0.05928595822681758,0.44398553908902855,0.4244212011332882,0.34010955049445996,0.31542235052206796,0.30044661425419955,0.2858105993010553,0.27775282697027376,0.25292833093252975,0.24425500489298468,0.24193223270378558,0.23920037489389728,0.23574288570185434,0.23198403985990898,0.22796722367015262,0.22370052840672872,0.22123234977027068,0.21493225683942294,0.21249501244062938,0.21064449617264963,0.20722613268428566
500,3,t3,null_nonparam,400072,hsic,0.0,199,0.0014904260985377806,0.007047538049287822,0.0064444198938431695,0.005894814607412303,0.005422391341026081,0.005371976458342677,0.005125800833343944,0.004671816272311513,0.00443496653916714,0.004403997768822279,0.004200329441781588,0.003943540241675839,0.00390091023581834,0.003733050915360178,0.0036233543194307436,0.003534155856581688,0.0034958577286780678,0.003443582305051011,0.003338944406322851,0.0033031032027093054,0.0032146388375471654
500,3,t3,null_nonparam,400073,k1,0.05,199,0.0015430836958810756,0.014778287720128791,0.013707469755670498,0.013098232623616868,0.01196127182554596,0.010908449930844277,0.010537384825454743,0.010185535627822762,0.009821220988133539,0.00941715810015653,0.009231777561678922,0.008977481083401573,0.008738989655824647,0.008583298375160142,0.00816077189803699,0.008081089349181947,0.008027770987963256,0.007921169623254842,0.007811904905794975,0.007660859118196139,0.0074699263038658925
500,3,t3,null_nonparam,400073,k2,0.05,199,0.09221909407655116,0.41860227896815844,0.3374060086841132,0.3143170228380007,0.3046786592531198,0.2764440973747418,0.2624324776752351,0.24559726789608075,0.24180602647168412,0.2347259780606077,0.22053535933228036,0.2076558158247046,0.20709692351292955,0.20038544407309725,0.19613723520397336,0.19394614038793448,0.19044839007954362,0.1902274500883608,0.18742136913642313,0.18373813642840955,0.1819642869378189
500,3,t3,null_nonparam,400073,hsic,0.0,199,0.0034884492728520186,0.011361810955875512,0.010264550960019818,0.008881377180652704,0.007899073473365216,0.007752687939688943,0.007642342966939692,0.007627724372807513,0.0073013601721568155,0.007179040880751186,0.007068628331116764,0.006907256559470876,0.006827161467841101,0.006516254564857829,0.006448133154059791,0.006222053255314012,0.006063899965849019,0.006011623049029589,0.005904996196693809,0.005722141199443849,0.005623657052003062
500,3,t3,null_nonparam,400074,k1,0.05,199,0.0017561305568495333,0.018978668968056223,0.014787360372170877,0.014496580504764323,0.013859426026978872,0.013608446616423131,0.012837704136156702,0.011704420502041346,0.01143067658777408,0.011255674358991663,0.01003457357269788,0.00953900185407719,0.009479724760535269,0.00938757048080252,0.008392031770050767,0.008294309095413177,0.008215153991788515,0.007983674181719413,0.0078943554433627,0.007364353261294143,0.007244741034623914
500,3,t3,null_nonparam,400074,k2,0.05,199,0.1541618931432177,0.34003703696041065,0.32292581952855487,0.29436273420671233,0.28205337113375534,0.24781298873535382,0.22198271309241996,0.21711546229426978,0.21451209264617385,0.2120526210810383,0.20669573398447788,0.20065717500837604,0.19249005654755014,0.18117081000421872,0.17962178884245913,0.17659936553391603,0.1762706429711392,0.17555854165340468,0.1743801681021451,0.16964262815133563,0.16641995318785568
500,3,t3,null_nonparam,400074,hsic,0.0,199,0.0014746616975572602,0.005442507104739281,0.005267841601910826,0.00499905953886578,0.004807402900772115,0.004443511275653511,0.004426679695585566,0.0041176283159336255,0.004016892529211475,0.00382309651179142,0.0037415868104914477,0.0036611984581025173,0.0035503853432954217,0.003501748742562103,0.0034545669474089513,0.003404501126495027,0.0033261329905941734,0.0033232514461976333,0.003281829023287986,0.003258484132242689,0.0032035895247924874
500,3,t3,null_nonparam,400075,k1,0.05,199,0.009794073837074646,0.0137826858787794,0.01358233795105912,0.013090094536348684,0.01236756152281171,0.012196790152923853,0.0112095479550538,0.011115469024593483,0.010829721808630177,0.010542458417714506,0.009852900023546995,0.00961981704612469,0.00941750013297682,0.009076195183294722,0.008623590174484996,0.008439801033402028,0.008219174758818726,0.007544510990899811,0.007479116361569393,0.007282606339771958,0.007189142400570225
500,3,t3,null_nonparam,400075,k2,0.05,199,0.39693503174848244,0.4460912984141932,0.4062455797626307,0.33844862235362977,0.32019468088039915,0.2974710284302441,0.29274668004258586,0.29019144240966915,0.27802745011290897,0.2686445547287269,0.2653968646247924,0.2591773121354358,0.25422474213388796,0.2491304268199845,0.2475208763368601,0.24174770857599617,0.23748771802938712,0.23401737683128174,0.22314669608368132,0.21682778205835476,0.21384637482183122
500,3,t3,null_nonparam,400075,hsic,0.0,199,0.004322686658934653,0.007943740607497007,0.007703386756509469,0.007149772299069896,0.006837273036751803,0.00679351766725142,0.00671363897133524,0.00657904310692889,0.006541503498073535,0.006369968941699715,0.006286480413868579,0.006244421201942478,0.006117891629351123,0.006024444382427617,0.005936258682698583,0.005922199573860941,0.005817690867454239,0.005779251145273046,0.0057179251639581305,0.005686496214144825,0.005645691065966583
500,3,t3,null_nonparam,400076,k1,0.05,199,0.004428762081768123,0.014296726814286398,0.013382475518399883,0.013017543246694574,0.012243514241599418,0.011482571999895774,0.011290585852339774,0.011150464405202731,0.009935883024108194,0.009713781062366866,0.009313126830584273,0.00906395783631031,0.008947910953282623,0.00840416077338646,0.008347254776908897,0.008135387330776456,0.007798179871277067,0.007683385828355371,0.007524399497732093,0.0074233012031895695,0.007308413889622556
500,3,t3,null_nonparam,400076,k2,0.05,199,0.17821342994948153,0.49408347498810984,0.36204323981140646,0.3376219192297388,0.32233020896465314,0.31068977409343823,0.2879801596093796,0.274576333649033,0.26284580245314704,0.25672455726019755,0.25302087064411133,0.2448633536082313,0.2329502853252096,0.22760785846789813,0.22295977783666487,0.22212342485954498,0.21924769680212705,0.2138323059124204,0.21211529809813603,0.20341271517391105,0.20071222381238202
500,3,t3,null_nonparam,400076,hsic,0.0,199,0.0003623070239539653,0.0060314383495389395,0.005579996563207839,0.005243078611900907,0.004949095569465011,0.004937330092850759,0.004881640980705773,0.004796839142327901,0.004493431677389744,0.004285402807601782,0.004136255535455296,0.004036122869442816,0.003831932021033683,0.003740079656948647,0.003722004853055666,0.00365653161593878,0.0036095749139319015,0.00346706245467821,0.0034311960277520668,0.0032194047417247033,0.0031887028333892915
500,3,t3,null_nonparam,400077,k1,0.05,199,0.0018040070362430605,0.02258099146396464,0.012919760926689672,0.01241142507958537,0.012020238239386916,0.011024427101612444,0.010891386713219653,0.010744996140297003,0.009641446613186333,0.009324243324170589,0.009310210531449536,0.00896973811614854,0.008840656137465985,0.008271136375054944,0.008021161587140613,0.007871648164717082,0.007764351785542356,0.00764450014193141,0.007607553463111039,0.00740224985459792,0.007306600359748283
500,3,t3,null_nonparam,400077,k2,0.05,199,0.08716509975835277,0.35831131753582857,0.32129848298371655,0.302340491559757,0.29067071469999634,0.27835095606547183,0.2698591366915698,0.26924298386019685,0.26630296336865233,0.2561243077166646,0.23416907565034248,0.2273960937137297,0.2264707744036826,0.22474950333990706,0.21806664922369806,0.2168678368110812,0.21061298120763478,0.20759726251489605,0.20470616419381635,0.19606426220188744,0.1874662334636896
500,3,t3,null_nonparam,400077,hsic,0.0,199,0.005280808317852221,0.00921371495095005,0.008919350563665232,0.008588050899837784,0.008338816669646587,0.008204997241512127,0.008104936257327723,0.008038951928059179,0.007987857803498453,0.007941399990277518,0.007918240875410489,0.00785977798551891,0.007785998681127513,0.007657049154784765,0.007271304098562549,0.007188749385382446,0.007086589672180269,0.0069723546293841724,0.0068292549689843,0.006599148629664637,0.006538171908285826
500,3,t3,null_nonparam,400078,k1,0.05,199,0.006949577288774322,0.019098987744878504,0.018834730519314724,0.01655854722415595,0.014553047084207016,0.012070009259925407,0.011390526075680252,0.011299855589665952,0.010816949788233998,0.01065293646259724,0.010400616320949907,0.009022408774628898,0.008817524021720313,0.008610717568950044,0.008312773281448749,0.008224937052803916,0.008099787766451594,0.007898860690720988,0.007548211690966311,0.007225288991906997,0.007150215504236779
500,3,t3,null_nonparam,400078,k2,0.05,199,0.19039559845732043,0.28744777482701994,0.2719354829411831,0.26580093348602785,0.2451304569138899,0.24364434934428245,0.23263990838239704,0.2210364434642873,0.21742782767523322,0.20492630243277807,0.20455325277670747,0.2024739345961696,0.19644643188561828,0.19423281105660664,0.19312016227210596,0.19192210377716262,0.18886585836846193,0.17989087038909057,0.17657559446693324,0.17146783165822618,0.16917991686289624
500,3,t3,null_nonparam,400078,hsic,0.0,199,0.003920934911325261,0.007079687419886235,0.0067767979494287416,0.006730918858837707,0.006561221280682456,0.0063853394423036645,0.00631074185998448,0.006228038652655434,0.006134282748557064,0.006080677035562487,0.006076699827913356,0.006039435635640703,0.00591797067499162,0.0058858126006441054,0.0058666760175498335,0.0058484029066091115,0.005821641189395192,0.005663149399896968,0.005605775249751512,0.0055682324915689915,0.005536648691264961
500,3,t3,null_nonparam,400079,k1,0.05,199,0.003985444170967689,0.01851156089868311,0.014691949479366473,0.01322897525443989,0.012835782902977155,0.012225552547111218,0.011905198571236064,0.0113707588992904,0.011002201278826562,0.010109793159328362,0.009945828171757709,0.00938122984504175,0.00895832381483519,0.008842250882816982,0.008669550600030496,0.008605733209926747,0.008107507619340315,0.007924281630624641,0.0077366481348774,0.0075422337046709975,0.007411325144867975
500,3,t3,null_nonparam,400079,k2,0.05,199,0.08099203906285067,0.39933440577759904,0.36365989997529435,0.325707133874183,0.2898264758565367,0.2753594585445632,0.2699057288059633,0.26415913526625157,0.24600461682610655,0.24347556537608384,0.23906330566491013,0.2369930389355425,0.22964711734150395,0.22264095167290995,0.21720497213705964,0.21452798693740552,0.21191396527680992,0.20898118366887966,0.20260147312170232,0.19924325770399146,0.195254889639954
500,3,t3,null_nonparam,400079,hsic,0.0,199,0.0008661480528284218,0.006257207067573716,0.00539949094798565,0.005077940202873462,0.004913204258871405,0.004460201357549324,0.0043501611060901835,0.004250525407831204,0.00414942903900851,0.004003078869485658,0.0039424836710444475,0.003870862784547561,0.0037755067756796456,0.0035991365452754612,0.0035556397442942154,0.003514700882853056,0.0035061195231939992,0.003437061991708243,0.0033112048160951445,0.0032568738302790777,0.003177899468891662
500,3,t3,null_nonparam,400080,k1,0.05,199,0.0010595293082430457,0.015182573949366396,0.012983329318216108,0.012598009420777156,0.012133710550903398,0.011322855832873513,0.011110469000273238,0.010699730955817666,0.010479267047846408,0.0102005759766296,0.009863535992079897,0.009578098131483359,0.008722129297734638,0.008587081297292465,0.00826178176775294,0.008156330368897402,0.008109454306192032,0.007889478109568415,0.007761934706284612,0.007400423289384395,0.007271953905561568
500,3,t3,null_nonparam,400080,k2,0.05,199,0.06589847387273373,0.34687717054095507,0.3181967203701985,0.2927746341552467,0.2810400948853956,0.26982355344698233,0.25074266179584914,0.23546234092558824,0.22244841511694283,0.2120459618806031,0.20056791619907502,0.19991934997428906,0.19893303152889058,0.19500174969210501,0.18809107107645423,0.18666717772079633,0.18331506269143713,0.1820625669245643,0.1798315478450663,0.17722601054570875,0.17341330187459694
500,3,t3,null_nonparam,400080,hsic,0.0,199,0.0021562172177939255,0.007041219107690079,0.006435856148436741,0.006185612345711947,0.005935043019287701,0.0056341139791844085,0.005367920264002085,0.005353121459926761,0.005311659909312937,0.005247975222667263,0.005114631335586493,0.005067895007672502,0.00502519213326737,0.00494431774288645,0.0047825683503893495,0.004700912939810681,0.004593284405193095,0.0045619665008375795,0.004453237970546332,0.004427909764079968,0.0043086848630031205
500,3,t3,null_nonparam,400081,k1,0.05,199,0.0008873919781881012,0.02108229156628172,0.014649975636599422,0.013350916365487686,0.012868859920229125,0.012439848168288914,0.011191978888369203,0.010920259391980491,0.010544673933305937,0.010079500307036304,0.009621901003841749,0.009434419044864084,0.008976709090478874,0.008825892092256371,0.008741629324518385,0.008486982345627392,0.008398505829630643,0.008332027077552762,0.008269962691066945,0.008003324451228644,0.007898171800490794
500,3,t3,null_nonparam,400081,k2,0.05,199,0.05092744578584508,0.28487251475633935,0.266537232740128,0.25793123720684724,0.24046410149848035,0.22376686223172826,0.2213067761628496,0.21637079410107413,0.21468144685795518,0.2111546409568183,0.2038955358043566,0.20115823081448087,0.1940365807715865,0.19179154140637983,0.18860032557665526,0.18455932924223453,0.18241241341426775,0.18134392973102512,0.17671722182391486,0.17598596459768392,0.17556971332893556
500,3,t3,null_nonparam,400081,hsic,0.0,199,0.0022178054178275913,0.006127456137718493,0.005798073711336262,0.005623532004443292,0.005530426469236231,0.005504617318018044,0.005146869130838685,0.005001886312923113,0.0049568225153823475,0.004906107271886602,0.004854733484135379,0.004756371239365783,0.004650463199287252,0.004598545214673925,0.004537566693872663,0.004474371866095274,0.004430168939899783,0.004286221987342077,0.004271188640566599,0.004215815415359053,0.0038594779984568364
500,3,t3,null_nonparam,400082,k1,0.05,199,0.002799481513024449,0.013082632544684447,0.01021260688725989,0.009636419676267716,0.009206905747673133,0.009044160922270117,0.00880920023394316,0.008323657433306986,0.008107212767348937,0.007709359192928922,0.007373088575995279,0.007265181953696409,0.007202160033802141,0.007118500095076086,0.007048296264410725,0.0069538249630203275,0.0067969964957838025,0.006725331952048164,0.006627317419320433,0.006548565167732057,0.006280207398248416
500,3,t3,null_nonparam,400082,k2,0.05,199,0.13936653922795705,0.4674448240952601,0.4021602815645495,0.37782657418484145,0.34155137818345177,0.33273269590817567,0.3247959684056786,0.29958161744556383,0.2962620051800574,0.2812318175513762,0.2776443888520392,0.26259989434189124,0.25343665246361335,0.2432935787266933,0.24209213076495112,0.24182068140003374,0.2337013417976567,0.22858624547197967,0.22832329775266375,0.22111694463942874,0.2184269271998543
500,3,t3,null_nonparam,400082,hsic,0.0,199,0.0017443946446153605,0.006977470258251274,0.005705951081352218,0.0053669834878897725,0.005102413566248375,0.00491499110013328,0.004808537174964718,0.004732230692808634,0.004613737438334181,0.004385713912253934,0.00425927946285353,0.0041597573878274586,0.00390818838989155,0.0038530428206792608,0.003839244688367337,0.003815255876978114,0.0037436971673049835,0.0036652382468223554,0.003608821833625517,0.0035383183770167316,0.0034780852841752937
500,3,t3,null_nonparam,400083,k1,0.05,199,0.003288418034039897,0.0183575025899696,0.017035075106072384,0.013054038236761545,0.01183642056738754,0.011378896037002706,0.011103442764630378,0.010334828011896446,0.010023729452050767,0.009969398144374586,0.009790033189059133,0.00965265157927997,0.009437746865310404,0.008861204237609943,0.008718279501147452,0.008678560787108491,0.008424771372450013,0.00823824459650857,0.008138146516308509,0.007786719791017638,0.007594880827315631
500,3,t3,null_nonparam,400083,k2,0.05,199,0.142458460953398,0.36685107179995147,0.34215552249365205,0.33846941298335687,0.2769404688276263,0.2731020801484313,0.257633392204978,0.2523781013093272,0.24935176816810753,0.2434040226699571,0.2325065779336815,0.22164636051087053,0.21781965348318563,0.21371791542433047,0.2078992912215576,0.20540236753491267,0.20369891331103138,0.20332210778087842,0.19912420375631923,0.18714521869603049,0.1830511712572006
500,3,t3,null_nonparam,400083,hsic,0.0,199,0.002796134491522278,0.0072530163802647,0.006682832938976908,0.006418607184203123,0.005891398256812795,0.005547219773716466,0.00523468845444282,0.0051387352772713606,0.004978561195681044,0.004884622023422228,0.00484994780084094,0.004723326050271074,0.00464307294238235,0.004616169086077197,0.004577780639336009,0.004428024682894579,0.0043632498901070346,0.004322533686959294,0.004291128789067902,0.004197093616518354,0.004150122296685527
500,3,t3,null_nonparam,400084,k1,0.05,199,0.0022505426962057262,0.015012917898044487,0.013720356211428641,0.012686747556481692,0.011311717562422219,0.01102515597323106,0.010487037478967731,0.010322536423911122,0.010188457792925099,0.009844243185267554,0.00977745174627731,0.009549817280748552,0.009132504476137893,0.008841086934293862,0.008551368673949455,0.008144185815075033,0.008127938029504511,0.007895575644440433,0.007855799513571182,0.007667271260970221,0.0076340756600546955
500,3,t3,null_nonparam,400084,k2,0.05,199,0.1535081772310397,0.3352364325631936,0.31995140094307706,0.30906840720102496,0.28914521389620396,0.28382446924313187,0.2659035345032178,0.2514072378033229,0.23634566088378342,0.22719326894358485,0.21880478621359012,0.21310048486571737,0.207494451986331,0.19677437115324312,0.19365620064080966,0.19085674802063268,0.18661855747707415,0.18511339756786277,0.17360504913893332,0.17283844184579164,0.1702979780933182
500,3,t3,null_nonparam,400084,hsic,0.0,199,9.899037422231202e-05,0.0061483486079318425,0.005994618034312627,0.005948868414619439,0.005677105995989881,0.005629477602226375,0.0052178493177010435,0.005192332249297037,0.005158559454207194,0.005079680274312997,0.005014357489579941,0.00501089562114736,0.0048846252390312124,0.004651048234075006,0.00457894107499665,0.004502756603944363,0.004391288146325698,0.00432190956952516,0.004157496663569062,0.004089333952497826,0.004031636775476474
500,3,t3,null_nonparam,400085,k1,0.05,199,0.0009355805495266933,0.01665743653393903,0.015042094639666326,0.014688263862870587,0.012750704258501222,0.01175669067427998,0.01140330179085225,0.010365721614208234,0.009978245042891798,0.00965985244318257,0.00946983644443078,0.009274155478404045,0.009209721130883475,0.009137782621297608,0.008987854936578943,0.008800046722413302,0.008243243544681644,0.008135504292639983,0.007949035215259137,0.007851577888330241,0.007820676621186462
500,3,t3,null_nonparam,400085,k2,0.05,199,0.11392340022310388,0.45851843430589706,0.4015104464171356,0.38430192293954085,0.37806332872946097,0.3456389788844872,0.3073386814789417,0.2987123681601092,0.2633714513578061,0.2612486405549085,0.2441175315243545,0.24183581674509044,0.22786227833341866,0.22509054946763915,0.21161001407602872,0.20784224009150967,0.19817855357048064,0.18921083474499825,0.18648501557041694,0.18181432323746385,0.17978548424927182
500,3,t3,null_nonparam,400085,hsic,0.0,199,0.003915707033313181,0.008614059098422775,0.007694871631960236,0.007459666320063082,0.00717120746023222,0.007029880535090042,0.006838695104763053,0.006651228423787334,0.006548683776605361,0.006420590875932194,0.0062757992475337985,0.0061939775143798285,0.006022292850511621,0.005976408565138559,0.005926063062374327,0.005813124096865167,0.005780948197125897,0.005723229211449515,0.005634526853594867,0.005589575582491396,0.005511440087400361
500,3,t3,null_nonparam,400086,k1,0.05,199,0.0002030502486658481,0.015251441368243857,0.013886812303911755,0.013257923956419226,0.013090966425911232,0.011084665758984702,0.011073697765236368,0.010848295026329446,0.010675279330625287,0.010130423874213368,0.009703643093191161,0.00920584816471759,0.008552993191625391,0.00816493894858561,0.008015827380777552,0.007778260997247766,0.007663919078470971,0.007642016009878905,0.007363880525196098,0.007047249410257916,0.00688687275544253
500,3,t3,null_nonparam,400086,k2,0.05,199,0.03321304375008172,0.41566737917637636,0.3224020278801387,0.26695158098840926,0.2600924360887771,0.25595176964864846,0.2265012167531628,0.22354822422701887,0.20817501966285376,0.19925423635610828,0.19139620432678883,0.18487441050701564,0.18248236180514232,0.17418670784515874,0.1726771821861999,0.16558970951415325,0.16253843923067934,0.15973451954672485,0.15221425383138454,0.14970405106102952,0.14837733577722134
500,3,t3,null_nonparam,400086,hsic,0.0,199,0.0010576908540093982,0.006093411324652838,0.0054216820616611846,0.0053330683162210474,0.005166299568395096,0.004875830671110148,0.004610266829170146,0.0042358610682098905,0.004165323028814688,0.004073902097623599,0.003971682379881492,0.0038969709442874686,0.0038178915998674607,0.0038134216986603505,0.0037128369832485643,0.003682590716230258,0.0036097533501291755,0.0034727164633350984,0.0034187397398791467,0.0032993128245670817,0.003242632461736556
500,3,t3,null_nonparam,400087,k1,0.05,199,0.002280659772577631,0.016429905654935406,0.014555315392070445,0.013237007171419846,0.012745705115822292,0.011935481848491691,0.011235007142217701,0.010173970946456223,0.009748492039470813,0.009467756254359028,0.009294680214044337,0.009226456983273401,0.00908421974065654,0.008872651021288203,0.008743810321457657,0.00839552548703304,0.00836299387126982,0.008333332685320771,0.008258794257486435,0.007924299718120698,0.007453675380295954
500,3,t3,null_nonparam,400087,k2,0.05,199,0.11837597822408882,0.4837030055202903,0.4153292527200268,0.346137074895163,0.33064010950655304,0.327528489961513,0.31127483782264453,0.2806402616593458,0.26403475473397764,0.2501066910940109,0.24672375584182307,0.23957079011194654,0.22888324093576584,0.22229428196166698,0.21521438876704707,0.2117231125249523,0.20688048346951407,0.20128156442706643,0.19986410610579997,0.19558040123481232,0.19019009890101035
500,3,t3,null_nonparam,400087,hsic,0.0,199,0.0018822398808760795,0.0077354436461028785,0.006988247742201579,0.006448077802550267,0.006220770560432251,0.006210095789203268,0.005530864067960285,0.0053227816585876015,0.005167855503884212,0.004949507792917173,0.004943565190643044,0.004804157555132023,0.004674064987758712,0.0045921342771181525,0.004439634783912787,0.004424832084211493,0.004307081076217183,0.004140708922273901,0.004042556886143072,0.004035742913474474,0.003974180066934762
500,3,t3,null_nonparam,400088,k1,0.05,199,0.001325829278557067,0.015181146576080051,0.013277733896394639,0.011512406259588603,0.010652225495262235,0.010595337460435506,0.009747610701709819,0.009674320690783333,0.009480636474261006,0.008874333729134598,0.008828403239559024,0.008686458190365287,0.008388524065920278,0.00790098297521813,0.007571307125825544,0.007383243930095373,0.007332278144262294,0.007209910001948594,0.007116163251012719,0.0069972113775428335,0.006964959188052844
500,3,t3,null_nonparam,400088,k2,0.05,199,0.08960101544912963,0.4015028091581994,0.35601999965910813,0.3208539726839362,0.2848622760040495,0.25971112542839303,0.25348556725374094,0.24600433453104112,0.23626896684282495,0.23071124362656406,0.22758352222699704,0.22533382946802621,0.22289039155536267,0.21791274851274808,0.21566591399939236,0.21384121811553983,0.20758639590728065,0.20511641896101082,0.2021216070136806,0.1918223411711832,0.19025230733032336
500,3,t3,null_nonparam,400088,hsic,0.0,199,0.0015259034912984725,0.0064986347985964196,0.005749614978180779,0.00549822786164666,0.0052924773390925425,0.005190225084694128,0.005008657472809557,0.0049269717338766466,0.004870072127823976,0.00475548546767212,0.004473560247677925,0.004354445147128367,0.00415194822672086,0.004135801019819265,0.003971758509457745,0.003956363258318493,0.003950308913106891,0.003930394804857353,0.003754672819137327,0.00364962064098777,0.003594982832948451
500,3,t3,null_nonparam,400089,k1,0.05,199,0.0017942486173117,0.014301879175535381,0.013448247085342757,0.012435071458683056,0.011563673089822424,0.011326639613083667,0.010773610399416489,0.01056848568992097,0.010165581403277613,0.008932187402074798,0.008787212413850165,0.00869448048028576,0.008535072911538655,0.008284410955926247,0.008214875827514678,0.008174863133386778,0.008020976680229275,0.007916876160775077,0.007798039549563929,0.007694881111005802,0.007472378882391939
500,3,t3,null_nonparam,400089,k2,0.05,199,0.1704895567116263,0.37804943278624503,0.3273719233768493,0.31694788016421127,0.30360725420209966,0.28180128121623116,0.2530703247681791,0.2413572975475707,0.23701230214098742,0.2313447730512559,0.21844835342609642,0.21660839010273958,0.2108262815640724,0.20592189852486825,0.20309830928848205,0.20021317966334537,0.19927236306400206,0.1884721570313341,0.18124793882304743,0.178751427756711,0.17557338964871577
500,3,t3,null_nonparam,400089,hsic,0.0,199,0.0007949496980052838,0.007532251230923603,0.0067380650430917425,0.005951896382828753,0.005894706731483585,0.005762577154795138,0.005358278356855918,0.005206352630717439,0.004985190274938598,0.004668506098926251,0.0044319225771979566,0.0043083138384900615,0.004188520656649796,0.003978537013702543,0.003861284285887105,0.0037452720699370293,0.0034761942339623466,0.003426284426640848,0.003338837511496459,0.0033002570924775877,0.0032366115794512994
500,3,t3,null_nonparam,400090,k1,0.05,199,0.005534870452897245,0.015134004985970284,0.013848208399540152,0.011287505591013325,0.011005915917376319,0.010802673781374117,0.010014771511255516,0.009853927708618038,0.009604449757460554,0.009494985099301134,0.009198283583911393,0.009143204605901123,0.008846206866850004,0.008821242122468376,0.008791576727718797,0.008637688176697855,0.008466110152785644,0.008239383404711531,0.00805449711977102,0.007607009545850252,0.0075760024628614975
500,3,t3,null_nonparam,400090,k2,0.05,199,0.12949450416574868,0.39472065556663966,0.3651923231620554,0.3254309618319232,0.3165710341532239,0.3154308645101092,0.2846889893154426,0.27836775048874873,0.27076968598443624,0.2485662287843101,0.24259868713232943,0.2306272913916885,0.22702406714251405,0.21862599886088704,0.20870565219919868,0.20674954265756146,0.20474299553671366,0.2002483284227478,0.19754542045107765,0.19441588635747378,0.18950531090834247
500,3,t3,null_nonparam,400090,hsic,0.0,199,0.0008967168523056738,0.00639167715893635,0.00579592511825777,0.005594097544501464,0.005454711850667108,0.005176828832302185,0.005154869423812229,0.004984746797040638,0.004811212920400137,0.004669084510365017,0.0043241632332956335,0.004119026141072005,0.0040782587095044565,0.003944980195052057,0.003821518747378386,0.003760246054243727,0.0036864953609143155,0.003647905376083412,0.003605387253243546,0.0035140809627218707,0.0034861872416924616
500,3,t3,null_nonparam,400091,k1,0.05,199,0.00130061353292521,0.01695273626187943,0.014768029927477166,0.014101854304453654,0.01290226237793346,0.012067867597709503,0.011872539490990541,0.011792056443953425,0.010886794746624795,0.009935670253014783,0.00970693980141868,0.00901431870687075,0.008478018764095152,0.008375805763828348,0.008064458895733595,0.007982617741475462,0.007779159314623585,0.007622394946869893,0.0075112476840127895,0.0074601780090771674,0.007317824210589907
500,3,t3,null_nonparam,400091,k2,0.05,199,0.09338475099592089,0.30683139959410766,0.2819408929507428,0.2621720581438131,0.2567046184899526,0.25307717605348434,0.24032139715128187,0.22297768825734962,0.2152154895930665,0.21052107515578447,0.20265006035835795,0.19603177519964413,0.18525041561598993,0.1794544063521516,0.17761496112927672,0.17747763724837834,0.1722301985743754,0.17031613690522787,0.17007682985309253,0.1620679586589028,0.1598460505281725
500,3,t3,null_nonparam,400091,hsic,0.0,199,0.00030028989086076853,0.0057493317069153855,0.005405084342651074,0.004987751285843182,0.0045638009136371475,0.004154545766386818,0.004106826713287764,0.0038554192643957285,0.0037138619579070446,0.003642487454440963,0.003537540457649464,0.003426050688164696,0.0033356366717044272,0.00327917345435508,0.003201268768764537,0.003138083229693563,0.0031230690349059215,0.0030855440434939996,0.0029715951971282435,0.002926323163831361,0.0028528645698763116
500,3,t3,null_nonparam,400092,k1,0.05,199,0.005127500084345815,0.01504505409928003,0.013778967297256473,0.012400141949500454,0.01209165124809497,0.011940529771311215,0.010699362620370967,0.01032775119709517,0.009605923454924836,0.00913792872158481,0.007961516938521873,0.007735892483764717,0.007635001606655423,0.0076088903766485805,0.007387368308299558,0.007348323430147907,0.007166290200593672,0.006839567934705193,0.006774817303674796,0.006673908188551847,0.006624305260469421
500,3,t3,null_nonparam,400092,k2,0.05,199,0.23367119631933378,0.4301000734600786,0.39173414831635617,0.37146979483345466,0.3405332674076827,0.3344152339771727,0.31387294579906927,0.3094557399906903,0.2959764380621469,0.29544950532088854,0.2850722435001686,0.2712036942438754,0.2620281189588257,0.2605450205033222,0.25146558911470346,0.24452031579722106,0.24022735657774427,0.23972212467058437,0.23716979006110755,0.23613010622193817,0.23375363822468453
500,3,t3,null_nonparam,400092,hsic,0.0,199,0.0017608210631794385,0.007325606170306755,0.007311251481526124,0.005876088897312395,0.005525456955110658,0.005249779043686796,0.004960891658611912,0.00488407366947071,0.0047968747246247825,0.004746489930671812,0.004671524927475364,0.004623764378331901,0.004486400318788339,0.004449493546204851,0.004369130982191488,0.0040753299704735756,0.0040465614594218085,0.0038649024967593736,0.0037656482076219746,0.0037214696996126584,0.003575257383457605
500,3,t3,null_nonparam,400093,k1,0.05,199,0.0005179280895690752,0.015686570718906667,0.013071705409059664,0.011872129854745284,0.010955213924691676,0.010672082690921236,0.01037087282774396,0.009824275089028278,0.009610780611311931,0.009212000740131954,0.009069805517262663,0.009023231424390765,0.008387292893553888,0.008105655471733697,0.00793005626816179,0.00789666088640606,0.007730600596281945,0.007707277349015107,0.007677519375623998,0.0075542830059037724,0.007275885867504939
500,3,t3,null_nonparam,400093,k2,0.05,199,0.07465497068328339,0.33188172095769575,0.31539956149484016,0.30319240458355107,0.2804112440374295,0.27294505700826704,0.2516840169627413,0.23789477622955987,0.22072785669656966,0.21972453131121816,0.21001609595489137,0.20249967075003109,0.19924786736106126,0.196908137404837,0.1947415533148884,0.19357824855333744,0.18896111387636844,0.18832377694244942,0.1845517087118078,0.1813011030369643,0.1771167274122897
500,3,t3,null_nonparam,400093,hsic,0.0,199,0.001275280595770649,0.005299712488701544,0.005096070129221026,0.004825074840830892,0.004791286835152014,0.004425539845549304,0.004319277664208233,0.004059273650521417,0.004018010479793314,0.003912664548153446,0.003903943003879314,0.003827892444286623,0.003779304823092021,0.003596261649655468,0.0035879065075677613,0.0035148862408134226,0.003441432653580477,0.0034353536909712207,0.0034077155385466612,0.003345858634935536,0.003171608758475406
500,3,t3,null_nonparam,400094,k1,0.05,199,0.0012441209745096549,0.016179348315221498,0.014169835190030344,0.013057506647521144,0.012755368765205333,0.010854960432075567,0.010181082432527466,0.009712141933174934,0.009560846473588458,0.00934254801704626,0.008911975225026958,0.008670358151155688,0.008463121622421688,0.008426067479955446,0.00833571443471226,0.008065371909765418,0.00800622607248791,0.0077914455183625275,0.007665778936921219,0.007221786799977203,0.00711583222996004
500,3,t3,null_nonparam,400094,k2,0.05,199,0.05651550348048321,0.5508941478589492,0.38239927712006294,0.36664847837834685,0.3631016823936354,0.3551876953920976,0.35217864876183885,0.34477563813915363,0.30960711299411436,0.2964813807872321,0.2931330110789584,0.28622965212779605,0.2663246110265164,0.25799118550655753,0.25160812929750803,0.2446523034408148,0.23537971102473026,0.23211959022929093,0.23011639009201804,0.2280429065180736,0.22185178441387793
500,3,t3,null_nonparam,400094,hsic,0.0,199,0.0009403073502628805,0.00671075606926335,0.006085196323235765,0.005446331578982464,0.004654897179614357,0.004388731961016018,0.0042716345356732304,0.0041293464504751805,0.004029213606147121,0.003900996151408279,0.003752209443440565,0.003656708742876279,0.0035870292210667966,0.0033872337162929875,0.003319315874356809,0.0032085062345831245,0.0031644627030800268,0.00315638304006875,0.0030923488173160898,0.0030807164483341626,0.0030280825087930425
500,3,t3,null_nonparam,400095,k1,0.05,199,0.0018799286026049966,0.01607570015512738,0.012612825341698719,0.011384920651181907,0.010842010566603166,0.010461151005474845,0.010170000061119344,0.009798728723100503,0.009760811679521253,0.009321029260596858,0.009114786394812335,0.008877227282099609,0.008594090811642197,0.008329874503965162,0.00794188291371456,0.007801865849208611,0.0076477775622769695,0.00744794793786363,0.007338456780022207,0.007104378791018107,0.007059370722257707
500,3,t3,null_nonparam,400095,k2,0.05,199,0.1194179461376214,0.5051760564913197,0.3898404100285515,0.36707677400602073,0.3540990610721041,0.3273069236275733,0.27804623692297326,0.26195379274791797,0.23647450268430992,0.2346426470519503,0.22838770193181387,0.22758022558441718,0.22315950901483592,0.21006071668269458,0.20699375735073963,0.20337608097498003,0.20240948189932337,0.19430625277946453,0.1918393418480944,0.18866091735584056,0.1879854921226218
500,3,t3,null_nonparam,400095,hsic,0.0,199,0.0013806311703809277,0.005557447415132824,0.005258388181780916,0.0050177217821027855,0.00477518211297134,0.004678125696593568,0.0043831551188643954,0.004168979801928503,0.003938831805581058,0.0038860791551967202,0.0038666000340869824,0.0038035726107950685,0.003732577808277489,0.003673249706509593,0.0036670033020484126,0.0035911965703533874,0.003539962816108193,0.0034514313637226297,0.0034377705813752445,0.0033783621086488375,0.0033035086685580628
500,3,t3,null_nonparam,400096,k1,0.05,199,0.0019816137004639023,0.015844640356414974,0.014331134665214629,0.012728996221957334,0.012519233769329507,0.011480230328374086,0.011415188155403877,0.010725850149029159,0.010489638650406752,0.010255932397737144,0.009678917423701083,0.008970867176378183,0.008091730880805836,0.008055069908982526,0.007960190093749708,0.007826083467666223,0.007678260601021503,0.007450542360474821,0.007298529326303593,0.00717229622558635,0.007113876270093744
500,3,t3,null_nonparam,400096,k2,0.05,199,0.15388074860838125,0.3367792347148,0.30288511763105447,0.2836941766231158,0.2749063825600455,0.23790085226049984,0.2223721798067094,0.21400579121987445,0.21222755917477285,0.2060314977442264,0.2056201909953707,0.2007841655348904,0.19428917479249333,0.18360242147836173,0.18296048208401514,0.18034672975219684,0.17318639653649914,0.1706979054427018,0.16973228961652878,0.16766591844533976,0.16367561699444313
500,3,t3,null_nonparam,400096,hsic,0.0,199,0.00027380160864927736,0.00615423703282996,0.00567979287607159,0.005323281561334677,0.005294933979413162,0.004892353821105875,0.0046555432179130616,0.0041397781174076715,0.0038280308969698583,0.003807126149298298,0.003702823464777393,0.0035591095677976713,0.0035249463723894922,0.0034578202070452203,0.003318579030509703,0.003271713246439946,0.0030844926740312487,0.0030372526306122983,0.002980306623034865,0.002903558078054965,0.0028839820681845004
500,3,t3,null_nonparam,400097,k1,0.05,199,0.0015842054081397494,0.016284453910161534,0.014272416601464721,0.012646367711825368,0.012072770159240909,0.011863171742653167,0.010580144856034424,0.010412222967390972,0.010267367379802717,0.009967301310650711,0.009878972468820413,0.009650672938746219,0.0093394191172681,0.008671881883100752,0.008602061895141455,0.00838000052069332,0.00805040419559433,0.007928380325712858,0.007746755129830252,0.007670306934792759,0.007476801528129684
500,3,t3,null_nonparam,400097,k2,0.05,199,0.10681019906894758,0.5984138184548992,0.3955665343366332,0.37258124481615745,0.35333078519384464,0.34336581475183553,0.3324835794359348,0.3137489732187557,0.2987595492456496,0.2938390043854506,0.28343627224869766,0.27735456183904594,0.2697182986242964,0.2677907551673238,0.25793454997456433,0.2535369817679262,0.2492195550088087,0.24761128072950794,0.24416132856856593,0.23652747927919138,0.23485426123815348
500,3,t3,null_nonparam,400097,hsic,0.0,199,0.00010075161798918245,0.006642634864208359,0.005480048410075187,0.004948738095401077,0.00458248012730839,0.00450644320692868,0.004441046113428556,0.004035473843609256,0.0038485740612445684,0.0037848032788379248,0.0037306966263870663,0.0034905624835723965,0.0034747547236975763,0.0033369350158085126,0.0032831868407479188,0.0031514955823576966,0.00313249870745643,0.003107798890648841,0.0030248058487045643,0.0029704079331003995,0.00287567629854097
500,3,t3,null_nonparam,400098,k1,0.05,199,0.004663585820766203,0.015216296439913735,0.01446534186509052,0.012970424295083216,0.011056923509680128,0.010717047256386447,0.010394522757386282,0.009987018322378027,0.00958943717517935,0.009470607316845236,0.00931128460417363,0.008799194486449502,0.00860946490197212,0.0082683465162382,0.007999669799467646,0.00765280571543725,0.00734519179795623,0.007221136859882904,0.007154211382781384,0.007104455138643773,0.006798021475570848
500,3,t3,null_nonparam,400098,k2,0.05,199,0.2091238280617072,0.38886568667764104,0.32083939153749175,0.3084001627094335,0.27764553097823363,0.23951819988989503,0.22348923852406682,0.213701660832283,0.20884695721669105,0.20724517745731333,0.20559929100329397,0.20274185127994607,0.19518242974607547,0.18824765568084711,0.18322144869469825,0.1783646231016458,0.17158262114656836,0.1672244504065136,0.1648713583907657,0.16349187442066704,0.16024484024286453
500,3,t3,null_nonparam,400098,hsic,0.0,199,0.0018325089154782785,0.005991276510421442,0.005602133781948167,0.004990717772866404,0.00491177741619546,0.00484738360295407,0.004738266398319365,0.004666597296387085,0.0046121511623098055,0.0044707723460290704,0.004361291938322863,0.0042725686670767446,0.0041181257666299854,0.004068986379088239,0.003949086856703766,0.0038731928703358842,0.003855597806593866,0.003812063133435966,0.0037642659624609973,0.0037299002043450274,0.0037169419739866805
500,3,t3,null_nonparam,400099,k1,0.05,199,0.0035999498801084773,0.01834483476118931,0.016034141142034497,0.015603589025005138,0.014058468372662225,0.012114849563536922,0.011676359004400116,0.010724004885087512,0.010448380757378972,0.010270276407115975,0.009966504096833528,0.009517215005779955,0.009268807130346612,0.008928597831278529,0.00870430273661138,0.008487743761107724,0.008366526369226635,0.007882934207886105,0.007733920873360556,0.007514678667417729,0.007445290428644835
500,3,t3,null_nonparam,400099,k2,0.05,199,0.18980454954284873,0.3956097412098764,0.3384424610290671,0.31179787792337915,0.299160952282563,0.2869583938088055,0.28323461858240684,0.2692100300173919,0.2555813479880884,0.2505660599561656,0.24568180873748924,0.23192077517844228,0.22574689287209193,0.21950111221869212,0.20919944571511934,0.2081575494319372,0.1961290851649488,0.18983635398899856,0.1891929201240067,0.18639359930082605,0.18576925037791914
500,3,t3,null_nonparam,400099,hsic,0.0,199,0.0010663278929189583,0.007975226181496858,0.007265959587810175,0.006247677445990528,0.0059446664251293245,0.005350678376933844,0.005324876914445061,0.005211546834095065,0.0049165538067487274,0.0047599285991848485,0.004727401017108131,0.0045666320526253105,0.004477456997898075,0.004425309791219093,0.0043603377253786865,0.004221246006473564,0.004175215087456401,0.00413949159548047,0.004052654858968884,0.003788854711785389,0.0037054728277077682
500,3,lognorm,null_gauss,400000,k1,0.05,199,0.00325787253022769,0.016736375091661593,0.01526260278178293,0.014505081875011205,0.013319799055189763,0.012599603991540476,0.012093057737534108,0.011659610079077676,0.01161125598549917,0.011287032848477652,0.010821639835398411,0.010809932798501287,0.010710317798840796,0.010512660645398353,0.010363323420537696,0.009615948106833194,0.009556715415952155,0.009356807097142261,0.009278003418269787,0.008975818111379485,0.008890185330353906
500,3,lognorm,null_gauss,400000,k2,0.05,199,0.07297592247058365,0.8303205206420857,0.7985230748228801,0.73201306777126,0.6772787214073773,0.6448959452897632,0.6134434423331393,0.5755689982904374,0.5622459590092685,0.5427112542868727,0.5259969156369694,0.49634695450890565,0.4746667076885912,0.4720492968690181,0.4647808270971398,0.4590958123500244,0.4523397053303059,0.4271333337300996,0.41885766103129274,0.4038770269858682,0.39566790877244173
500,3,lognorm,null_gauss,400000,hsic,0.0,199,0.003028515829212085,0.013141624123377963,0.012440057672276357,0.01137321647184801,0.010523783997359676,0.009864580254654426,0.009710500487378948,0.009528408768622447,0.00905230088950765,0.008710665262761763,0.008377217014594233,0.0077502745981050695,0.007480100664596024,0.007410754819013837,0.007348128826372492,0.007293630372675139,0.007203508845941718,0.007104724596586202,0.0070455757753967035,0.006971285298481427,0.0067360726612291
500,3,lognorm,null_gauss,400001,k1,0.05,199,0.009567580639607498,0.019768002547277397,0.017990173871514803,0.016859006631008144,0.015778192074108688,0.014707192079057574,0.014312688429627629,0.01417674681769665,0.013448828955744008,0.013144600969410225,0.012991153717120119,0.0127648121250028,0.012542012620697318,0.012055745585530908,0.01178346497632854,0.011560706469431303,0.011385785067967502,0.011281012809942204,0.011064410410596692,0.010811332358151016,0.010706713835677006
500,3,lognorm,null_gauss,400001,k2,0.05,199,0.1360980214622115,0.8359041165430533,0.7319900172231819,0.6554062282279876,0.5769611514195182,0.5426612350866168,0.5170055344441739,0.4808900142771102,0.46937929778444987,0.4625251319806747,0.447699663108503,0.42735263803604207,0.422397360882885,0.3886358690765385,0.3866949437798152,0.38281864788290304,0.37758598556964,0.375348074469797,0.37352073213052317,0.36832543813391966,0.3591801309999422
500,3,lognorm,null_gauss,400001,hsic,0.0,199,0.0026504476505283927,0.010878120613971634,0.010231863505565491,0.009971624336094057,0.009793361879761613,0.009660308563657741,0.00878031666286773,0.008514271191812809,0.008468230440114253,0.00824100380895466,0.00811327584603632,0.007782818511181062,0.007609762365835946,0.007570898145570516,0.007565113892451175,0.0074162549732721275,0.007362375118774454,0.007296220731611792,0.007224486823976915,0.007192883883336072,0.007092391371052955
500,3,lognorm,null_gauss,400002,k1,0.05,199,0.0037430549264850788,0.018880399515366464,0.016238581971969535,0.013861143267557607,0.013736186571269404,0.013559165410963914,0.012978826079369288,0.012779154182838925,0.011927827114662337,0.011841172452657922,0.011407377279927133,0.011263930113579845,0.011165364295902536,0.010897661015749627,0.010452619569570887,0.010366679471245144,0.009999439785402076,0.009693740768458192,0.009028351404447243,0.00899922604826875,0.008858738164311486
500,3,lognorm,null_gauss,400002,k2,0.05,199,0.09519280623068375,0.8234034303031851,0.6953464261416757,0.6326245474861109,0.5908270152504983,0.5790980314795032,0.5471601291188779,0.5099705432309058,0.5010970205725654,0.4602618979087735,0.44407235336183565,0.43311137261051785,0.42178648921166695,0.39887972202892413,0.38428614397582767,0.3768575169634371,0.3677363255503374,0.3603037982254302,0.35804960363696,0.3524440966475503,0.35219491659044866
500,3,lognorm,null_gauss,400002,hsic,0.0,199,0.0024556475728142136,0.014121073777489425,0.011310614867463169,0.011063789901381474,0.010624023345898475,0.009927715800203938,0.009433850956355898,0.009101298444990082,0.008711676014312287,0.008446563807926046,0.008076807690803222,0.007899271302216591,0.007768241627893089,0.0076043106456509775,0.007235265743296821,0.0070846290741821034,0.007040499452357737,0.006943012996521302,0.006821986366533524,0.006384352278467877,0.006194609014487205
500,3,lognorm,null_gauss,400003,k1,0.05,199,0.005972821072041112,0.01832059078238335,0.015567165275476191,0.015220148479696993,0.014713282829991625,0.013631906492744927,0.013481290142020042,0.013417395727950865,0.012995996243493235,0.012854005009076741,0.012594035350601218,0.012528880313375845,0.012378356337625407,0.01192067903963212,0.011843221563465345,0.011675402346777664,0.011315750183329198,0.010860097227297305,0.010758685034013116,0.01035275321574125,0.00998681829441117
500,3,lognorm,null_gauss,400003,k2,0.05,199,0.14905046221642182,0.9967992112896881,0.8094693588223894,0.6571983626080681,0.6391872764509682,0.5890349121656202,0.5827350495153122,0.5783004478969899,0.5492075826706132,0.5170711260995854,0.5036473252796588,0.48961882559166503,0.4729561778460405,0.460861958574928,0.43097065603096035,0.42774831050206824,0.41422266006890135,0.40567038787789733,0.3993485712136289,0.3943975936889442,0.3859595646918157
500,3,lognorm,null_gauss,400003,hsic,0.0,199,0.00811951750459928,0.01388696049370968,0.012946131488854137,0.012680433676867199,0.012509720414580207,0.012083460361629241,0.01181261761595221,0.011527794066713299,0.01117536221071114,0.010997767970229244,0.010939800520599353,0.010771572999771092,0.01064705157379061,0.010572351929427027,0.010468869204403116,0.010428141332409787,0.010294719589440537,0.010163608332947398,0.00995652767595435,0.009841344582407305,0.009766545972174337
500,3,lognorm,null_gauss,400004,k1,0.05,199,0.006208941655100775,0.01598280897505766,0.014020423163359497,0.01276899361248851,0.012565675237887985,0.011721026066787377,0.011210461731690824,0.010850946742129275,0.010689207353361097,0.010504136407840647,0.010397414151416595,0.010044780009622278,0.009507587586571331,0.008633114315660051,0.008462949965728717,0.008176908424079254,0.007967526141031134,0.00788753358552663,0.007689654564811632,0.007354567450691629,0.007270516582721487
500,3,lognorm,null_gauss,400004,k2,0.05,199,0.08968389907515965,0.6091709991566552,0.48666983307198014,0.4179519409240474,0.38763623399253794,0.37064343477542994,0.35746182401047133,0.3376001633204617,0.32578919775737514,0.31392083409501237,0.2944173826810942,0.2901541000729814,0.2876265230970693,0.28278125282168426,0.28095141708072807,0.27823532457420513,0.26498214181695834,0.2561179960860863,0.2479983432794406,0.2433989834408766,0.2405050048410035
500,3,lognorm,null_gauss,400004,hsic,0.0,199,0.0006028011422089983,0.004287420412870014,0.004091070690339201,0.004058899721579984,0.0040043391929775575,0.003759741157327079,0.0035474642539513814,0.0035321128376314087,0.003309440645077068,0.0032216671183908116,0.0031256337255135386,0.002986112731094353,0.0029525736765184034,0.002880877484737188,0.0027916700037653747,0.0027841234527231215,0.0026579499952176203,0.002558229720716923,0.0024454843108067366,0.002378468728137501,0.0023463948345298405
500,3,lognorm,null_gauss,400005,k1,0.05,199,0.01058847909865368,0.015818209607247113,0.015392998567599347,0.01481083744414291,0.013575581755649768,0.013426373991508478,0.012886671721859977,0.012796277358161245,0.011936709574016935,0.011367555915654526,0.010940325012422702,0.01010240177849675,0.009941210049435822,0.00972838556933675,0.009661708441033867,0.009415325407823527,0.009344743387781573,0.009240663670130655,0.008954368382105504,0.008668652021277423,0.00853241320995568
500,3,lognorm,null_gauss,400005,k2,0.05,199,0.34839746524105886,0.8795465896858193,0.6885752581619082,0.5396201227131924,0.5088647167398987,0.49167050164817555,0.391686235310881,0.37957536271985526,0.36894915022526875,0.3570650354845743,0.3531166539812622,0.3463920741133011,0.3443059814372868,0.34013697683954713,0.33092507058236115,0.3229736845869412,0.31844964467091486,0.30076532820419505,0.29127553362682307,0.28694411301870026,0.2792241673125407
500,3,lognorm,null_gauss,400005,hsic,0.0,199,0.0033845207789387644,0.014551970654150972,0.011213951281839519,0.010571967851400757,0.010095734374313872,0.009804635340932708,0.009353650378202292,0.00916324265136355,0.009000803808782655,0.008922370564293706,0.008503763890879756,0.008486611172133595,0.008069233616037005,0.008061299501766388,0.007947299661238338,0.007892078392228842,0.007816915187775372,0.007684068424151095,0.007624701665148724,0.0074050631543769,0.007246055217036294
500,3,lognorm,null_gauss,400006,k1,0.05,199,0.011282472860402626,0.018358902827142587,0.017764411045754047,0.017544186185605715,0.017231422555502363,0.01683272104067368,0.016642868208939565,0.016114094969709836,0.01574404850844119,0.015258550171383223,0.014975748532078503,0.014620107879889654,0.014554524876453923,0.014425774521512058,0.014380832103205177,0.014005036996604714,0.013875904224298519,0.013833482933205521,0.013623159657128348,0.01359159882076777,0.013552039100724333
500,3,lognorm,null_gauss,400006,k2,0.05,199,0.10192379042762324,0.8115864742171887,0.7811884212640197,0.7713776148416055,0.7645887464377741,0.7349573301222098,0.6800107378661632,0.6538883744197473,0.6053526966890358,0.5912558369703196,0.5813000888677218,0.5769721052265272,0.569978460656853,0.54267863036609,0.5303444904033561,0.530045499313223,0.4744125506236061,0.4622501442739287,0.45173723553094797,0.43925898851748985,0.43875567242292607
500,3,lognorm,null_gauss,400006,hsic,0.0,199,0.0029771849962554465,0.017804518255946478,0.015959321942887954,0.014898190848106436,0.013873379425035496,0.013658491665046025,0.013205675400946445,0.012738520102567765,0.012678675035062908,0.01183609671983623,0.011657988015058816,0.011179796204536133,0.010940699731439093,0.010632861864248142,0.01024189070960983,0.0100068716779205,0.009932942717694272,0.00930090549962035,0.009270151342896996,0.00922036140316039,0.00878610252375495
500,3,lognorm,null_gauss,400007,k1,0.05,199,0.005984252473176577,0.017875494638684764,0.017221646650566136,0.016224678100609458,0.01546551104407018,0.01508311113243388,0.01371821373066573,0.013569251813791872,0.013469887682261095,0.012834453305938576,0.012753813530533398,0.012216227110673494,0.012202453118162482,0.012154653064496812,0.01148849946780972,0.011486535526278319,0.011456996778992368,0.011350372055752178,0.011078707139115962,0.010787760400846391,0.01066075600926586
500,3,lognorm,null_gauss,400007,k2,0.05,199,0.10862356294208825,1.1294136849326544,0.8147852057990086,0.7601119933981958,0.7086798183356527,0.6353620955451119,0.6063156589174116,0.5750906489195375,0.5446270035936528,0.5219940039587849,0.49831197415671413,0.49210598587997056,0.48178520993566437,0.4505886585471653,0.4085183448699322,0.39448364359089955,0.3853403175660882,0.38182739438293206,0.3800432125018994,0.37169020305151723,0.35071533481745193
500,3,lognorm,null_gauss,400007,hsic,0.0,199,0.004828933135807173,0.014771765568069129,0.014476873581755922,0.013386467398237697,0.012600332797806249,0.012262825190236155,0.012143741957161712,0.011921950403674683,0.011554016135279647,0.011307605319649758,0.011208637797300618,0.01105326328097497,0.010877891260545837,0.010774376931939555,0.010661811010111872,0.010392893212575355,0.010108729064756497,0.0099729630120285,0.009703979787755451,0.009649415361899918,0.009559776331829336
500,3,lognorm,null_gauss,400008,k1,0.05,199,0.01710669219647709,0.021958228078123976,0.019398428599123108,0.01735462599206855,0.017050577926447597,0.016493043813340935,0.01629088797282585,0.016121174792821824,0.01547227746452684,0.015340438878796325,0.014881207715364053,0.014672071112056817,0.014549183352614237,0.014226241413559548,0.014046375506080289,0.013842080616027874,0.013593126560315194,0.013244603654296139,0.012990247155521883,0.012858920593523782,0.0128003789409048
500,3,lognorm,null_gauss,400008,k2,0.05,199,0.44674369521966967,1.0637477703671534,1.0264384744204462,0.9146045767843313,0.8278541511609112,0.7190874327726976,0.6630776976167398,0.6426983739920197,0.6072166843474956,0.5979687485074874,0.584717035485956,0.5659412230600304,0.5406258534176248,0.5216726802869117,0.4969068592487771,0.4722142275445896,0.44623327990240824,0.42709550781917793,0.42136730756219565,0.41843358266811614,0.41079619305505694
500,3,lognorm,null_gauss,400008,hsic,0.0,199,0.010895297686291305,0.023240916551804092,0.02203959959840169,0.021545782252017694,0.021156774616932467,0.020973507438669506,0.020127411173140614,0.019950278734015562,0.019758239173751333,0.0191882330379423,0.018756623307001802,0.01853105677788758,0.01832205586419094,0.01816017965948264,0.01792615975170362,0.01780950141217415,0.01740498452272582,0.017377544052974994,0.017088858408494854,0.016964722425242128,0.01673348188544206
500,3,lognorm,null_gauss,400009,k1,0.05,199,0.0055807957189005775,0.015308476399464976,0.014421191260541422,0.01306781416897762,0.012294459372550692,0.011649711551766861,0.011284601338081512,0.010748056858942645,0.009865123537770693,0.009583356606695737,0.009532558817784142,0.009365222003499651,0.009284345447747366,0.009104135949393188,0.008799331237266617,0.008574819753528473,0.008401639796837501,0.00826812758212736,0.008169405233948268,0.008141267489279014,0.008022664784451128
500,3,lognorm,null_gauss,400009,k2,0.05,199,0.17835997677972718,0.647628972318501,0.5606688276750702,0.5056630303337875,0.4783105212768046,0.45986711256047186,0.4428829918357783,0.4252356982262225,0.39821775844788804,0.37737537406028976,0.36491438019036343,0.3403752703022224,0.33762206078780865,0.3358045377547762,0.33176002875310756,0.3037366942341791,0.29666638548795365,0.29452893211521186,0.2892587138882268,0.28160267418700696,0.26848286857768133
500,3,lognorm,null_gauss,400009,hsic,0.0,199,0.004464597961383982,0.01550163338889719,0.012985408558232771,0.012854712319917985,0.012597594206001074,0.011761993945948108,0.011657213005553906,0.01076571395673376,0.010378853977496579,0.01011087692028697,0.009871373558796541,0.009428699550581865,0.009177927530040795,0.009040737290885377,0.008607522917782244,0.00833419809710214,0.008154991023942923,0.00813067217831721,0.007990366703385187,0.007725075422702048,0.007587725489801201
500,3,lognorm,null_gauss,400010,k1,0.05,199,0.004519538102567555,0.015672405431076397,0.014078501659282594,0.013987057379605483,0.013519686728088065,0.013240259842810631,0.012262005375188734,0.011632323588323112,0.011529482935317414,0.011284062254148908,0.01080111273616291,0.01059653794496962,0.010185838810210512,0.01012870348936823,0.009716310877180612,0.009357447167398614,0.00923161310753362,0.009096037873884466,0.00885419278536903,0.008831855908138064,0.008520105333629902
500,3,lognorm,null_gauss,400010,k2,0.05,199,0.19111944799609282,0.6161394921423364,0.506262063160376,0.4928599415430768,0.49073814969603474,0.47469371026435575,0.43804499171116984,0.41533989399165966,0.38881658341319314,0.3790612952351877,0.371469978280348,0.36301661154075204,0.3524836455665682,0.33153206986218625,0.3225120927089331,0.3149231756134326,0.3109528650792129,0.3078968345499615,0.3018520631081158,0.28960988198286813,0.28412954749429237
500,3,lognorm,null_gauss,400010,hsic,0.0,199,0.0028975386095676323,0.01401477240256012,0.012414722625228573,0.012038259596580754,0.011751355237080645,0.010897115943822885,0.010445080018936207,0.010047516305596802,0.009584052191704854,0.00947414120444906,0.008888570906999333,0.008704824600623802,0.008674730530179468,0.008645720061141742,0.0085894855008812,0.00814326240964542,0.007967815955217944,0.007917404500008694,0.007603548759053766,0.007522866223944754,0.007368610531447752
500,3,lognorm,null_gauss,400011,k1,0.05,199,0.00574867171312865,0.016894048888968005,0.01564541067399916,0.014479908065554992,0.0134124571886306,0.01287494285035451,0.012498401316113683,0.011979092345083375,0.0113450415650449,0.010940880529894281,0.009809140198397293,0.009776804315830945,0.009681579247710181,0.009619465151749163,0.009490649770957704,0.009208235500495321,0.008720400084188396,0.008641776721665217,0.008464848453451856,0.008401175719610299,0.00829926824517424
500,3,lognorm,null_gauss,400011,k2,0.05,199,0.16998128949661587,0.6063598706085687,0.5185138607243703,0.4888368468518882,0.47791983802835925,0.43467309308036206,0.4304578737580425,0.4108206726768998,0.4041656021004974,0.39819106112953856,0.3836099650960841,0.3763529180737694,0.3591832643734969,0.3526179672151278,0.3372631662440805,0.33244509958051033,0.3272814689823799,0.32335593473615304,0.3132659681460417,0.29745445546226423,0.2920868814920209
500,3,lognorm,null_gauss,400011,hsic,0.0,199,0.005620583519550666,0.01402131889528318,0.013172765737835431,0.013088016001521516,0.01245944406124052,0.012331833123141043,0.012053843327264904,0.010909872904385706,0.01081501766097761,0.010600725604636898,0.010335728564668228,0.010063372193081054,0.009820241663425697,0.009590095422986944,0.009358182546660637,0.00917596815648028,0.009082517423845476,0.008724026027189517,0.00843870417049152,0.008385657953590161,0.008352706949145701
500,3,lognorm,null_gauss,400012,k1,0.05,199,0.0021625727069056744,0.018644640370471977,0.012654509213487763,0.012200822410036172,0.012060550813168924,0.011405738997764536,0.01127992916297016,0.010626143658075016,0.010286164256653296,0.009838682771210916,0.009650021612770288,0.009531227531093478,0.00932831840153947,0.009208373615275822,0.009024634360399353,0.008737180440620884,0.008406442140786785,0.008167985333418781,0.008068360754085901,0.007619446003571229,0.007397335699966701
500,3,lognorm,null_gauss,400012,k2,0.05,199,0.09006727849359764,0.5205750506780727,0.5001409741931193,0.4686592866797906,0.44990536426370026,0.43259894151493067,0.4248714616107991,0.39644350192351846,0.38610449463439206,0.36637628050138576,0.3485587287171675,0.3383540459719191,0.33429181316394924,0.3288400878680401,0.31976347211443634,0.31230745847569813,0.3065169460423994,0.3031754058566199,0.2961900666412817,0.2914794097438723,0.28845187664331273
500,3,lognorm,null_gauss,400012,hsic,0.0,199,0.00411043150636747,0.013463629783206137,0.012489710795294,0.011649656811094575,0.011113087207770897,0.010594203572031835,0.009712093595945687,0.00919525372454775,0.009077217637611193,0.008791353461591928,0.00873533590655254,0.008602008148938838,0.008275940093408986,0.008006296865913493,0.007872264005671488,0.007623248945840159,0.007600885425795765,0.0074617387038945085,0.00741766334136568,0.007134099489678227,0.007006197011123864
500,3,lognorm,null_gauss,400013,k1,0.05,199,0.013331528059918996,0.017813091183050522,0.01665728079030726,0.01508028655636251,0.014647269353927683,0.013137113059317751,0.012980230891222466,0.012438615822650267,0.011866570012134758,0.011616985516300637,0.011327370882394439,0.0112292522386358,0.010943835415012315,0.010652221747127544,0.01036149242500517,0.01030303590459658,0.010114506550029212,0.010013968263918205,0.009768638540619712,0.009297501473225833,0.009260774007899042
500,3,lognorm,null_gauss,400013,k2,0.05,199,0.30795032382434123,0.6685369248721261,0.6331519136937427,0.5214580001832493,0.4859636538139303,0.4701059023067734,0.4305663770218212,0.4177998422759907,0.3983874154005731,0.39085615741842683,0.38565179803582,0.3835339539711461,0.37163041895919835,0.3687806826117577,0.36407181429106755,0.351553092776737,0.33763396279549984,0.3335944330745322,0.32689811036677624,0.3227186576924521,0.31739209308407107
500,3,lognorm,null_gauss,400013,hsic,0.0,199,0.007519988041096459,0.01836741396459562,0.01770905270593551,0.017336900847630014,0.015884920732132997,0.015632628979880773,0.015481399731768816,0.015018493152655452,0.014745953790241474,0.014495363221758196,0.01415167386909058,0.013900856118845268,0.0136347789893557,0.013461532893410916,0.013009027296077304,0.01246795434825317,0.012263580485825067,0.012032061387536425,0.011907712404355451,0.011810824197500307,0.011551328394406493
500,3,lognorm,null_gauss,400014,k1,0.05,199,0.007050061558996346,0.014068710602421097,0.012382904545745976,0.012043003093520022,0.011710096809803727,0.011545194261503466,0.011441254106956178,0.011380001341132262,0.011067373950751858,0.010953886519946998,0.010908540261235666,0.010484920319253188,0.010377539334701202,0.010318448775660016,0.010032691944241834,0.009935627944059777,0.009764675840869153,0.009565032059120182,0.009488526222552529,0.009294840940302196,0.009229685051338365
500,3,lognorm,null_gauss,400014,k2,0.05,199,0.1246998024950437,0.9451432223420971,0.7108138381690766,0.698940556201605,0.6841053757542126,0.6427961377752137,0.6196362515158549,0.5185295968402508,0.4736188529160918,0.46841211553508294,0.4540976238651598,0.4478455267760341,0.43853451357776463,0.41825546167126293,0.412779341574118,0.39949131770922974,0.3883961826190526,0.38521251394433115,0.36823742110444213,0.35699364608767237,0.322424937330101
500,3,lognorm,null_gauss,400014,hsic,0.0,199,0.016628769986860747,0.0270241512060689,0.026167710891469652,0.023425781179605837,0.022581122539549917,0.02237513572749739,0.02193683378720248,0.021477088748097888,0.02145952093523043,0.021273066212381116,0.02108651702926993,0.021043142475815544,0.020665346523749337,0.020449175540624472,0.020377759552577517,0.02034551183832647,0.01987766564499844,0.019833776638972064,0.0197265828920624,0.019573398295697205,0.019514884257866245
500,3,lognorm,null_gauss,400015,k1,0.05,199,0.012171714518646959,0.019839467747276907,0.018888533768450788,0.018092518641645572,0.01742203505624651,0.016845873995741667,0.01596207365497182,0.015860359901803456,0.015727474150199927,0.015169120005232573,0.014777312434274381,0.01443589390079325,0.014296816885065233,0.013943202055080706,0.013819045446219591,0.013739062639069766,0.013548607535674995,0.013338063408043666,0.013061259432458283,0.01291081040352382,0.012573405875463184
500,3,lognorm,null_gauss,400015,k2,0.05,199,0.19825595814664218,1.11899642051565,0.9588825870118303,0.9094406815931495,0.9010203456739551,0.8801532123277598,0.7180004450674039,0.6779333620607851,0.6641319224292433,0.6539991073747469,0.568686234126518,0.5572335411917043,0.5321015591491596,0.5098615895200044,0.5065405811457189,0.4809954858519742,0.4803673800726664,0.47979242823025703,0.4681002587865436,0.4425193539182999,0.4229449508846898
500,3,lognorm,null_gauss,400015,hsic,0.0,199,0.0020702553378451507,0.011321834982493298,0.010425894177729348,0.00945004057405276,0.009271216350905822,0.008571255512118662,0.008188150174745503,0.00809095336411864,0.007624445813644698,0.006875076603343313,0.006788005427984739,0.006758372054413611,0.006635396084140259,0.006450276289316138,0.006223944078518734,0.005895807766601183,0.005765115158234388,0.005532712238605916,0.005437867374541047,0.005336150932822355,0.005245096236997643
500,3,lognorm,null_gauss,400016,k1,0.05,199,0.011653595384884752,0.020200754820580258,0.01639058426227913,0.015018547881055944,0.014501490328776068,0.014022983290182589,0.013184971222677144,0.012866035010376864,0.012346917269080326,0.011670929594679635,0.011470162963747255,0.011413666582712423,0.011245171918111252,0.010960368570945733,0.010946718319318038,0.010699075468163843,0.010465286380142325,0.01020981681265165,0.010162670737441148,0.010082218758891925,0.009968646710312501
500,3,lognorm,null_gauss,400016,k2,0.05,199,0.41014222331711153,0.6872526018619088,0.6699969510707817,0.6501667453941626,0.5633087870263682,0.5361221768728721,0.5271170403012494,0.4605217860131873,0.45602125784618086,0.44368426117716203,0.42855558752649514,0.40802585920558476,0.40480101003651386,0.39422145265382874,0.39093356294007986,0.38197947685353384,0.366312858153654,0.3650634160984012,0.3523133893486426,0.3460333133456896,0.34440840670280903
500,3,lognorm,null_gauss,400016,hsic,0.0,199,0.0063948230372949276,0.017292381052194595,0.016675801795749613,0.016376535548411158,0.016098068153486016,0.015760146891917588,0.01536087723829515,0.014063819299961337,0.013955760872134012,0.012967958305578103,0.012109526586809409,0.01144816976962622,0.011320086968426268,0.010912431337889494,0.010686739516642438,0.01040559969655762,0.010318797569650782,0.010242901715502248,0.010181854554991137,0.01011959397471647,0.010035264925582049
500,3,lognorm,null_gauss,400017,k1,0.05,199,0.006414509562420179,0.01929558844968926,0.016006460225466146,0.014370787982256994,0.013623787311608071,0.01280928996188968,0.01227861661789209,0.01177959017051311,0.01115412362791346,0.010935912437862294,0.01075597771632042,0.010586115597121803,0.010376990048838963,0.01035955412219347,0.010252778456934397,0.0102087389084623,0.010167794316354506,0.010115765951578981,0.009962050426856273,0.009794162144866614,0.009484235997820112
500,3,lognorm,null_gauss,400017,k2,0.05,199,0.15474437245432257,0.7762766792168628,0.7376020777719323,0.6954370471659206,0.5835432269276787,0.5589475180539855,0.522041702621218,0.4984207217563379,0.4955765206854868,0.4791158220983135,0.4635721441290341,0.45001039070274623,0.4434309300431429,0.4169944651506502,0.41305206709545217,0.4107986404141608,0.39757090803721057,0.39346527303760687,0.39022977368749884,0.3757003085064566,0.3437166729362147
500,3,lognorm,null_gauss,400017,hsic,0.0,199,0.005401780238710844,0.012552412944272784,0.01184270953812081,0.010877828386129112,0.010499101192817745,0.010311395276418361,0.010139281620710107,0.0101139963398316,0.010003804989020383,0.009988281599684332,0.009677206385452693,0.009183447868556198,0.009163687514504295,0.008534516951592136,0.008497786400055999,0.008375126618080646,0.008310982581622208,0.008114347941262715,0.008090512297069067,0.00808385300020814,0.008066048126065517
500,3,lognorm,null_gauss,400018,k1,0.05,199,0.005546898331152739,0.017742210426750393,0.01440868885006863,0.01317979396654001,0.012637594808320496,0.012414760553048132,0.012115732131125156,0.011473835799550858,0.010790172887720662,0.01039770491515335,0.010229902608240082,0.010121615805855355,0.009659969274198321,0.00937701729034146,0.009095531040679172,0.009033540534412632,0.008868772383282653,0.008612641260198783,0.008291402943490844,0.008207880280512558,0.008121252735014406
500,3,lognorm,null_gauss,400018,k2,0.05,199,0.18004230293079315,0.8521455127620556,0.6738894881452431,0.6350902588151532,0.5509546230857496,0.5402939278781341,0.4831542883159252,0.46628180016187887,0.46024863859642273,0.4490207429188134,0.4172036249171992,0.41230253704112724,0.4001495092559695,0.36401836201507143,0.34513716494069674,0.3309569371225835,0.3292928101417836,0.3167859038582966,0.30956330362042167,0.2986416084855565,0.29526072819113075
500,3,lognorm,null_gauss,400018,hsic,0.0,199,0.0012432116738149116,0.009670402641423333,0.008807644098493649,0.007172626373797091,0.006723454388018233,0.006521193972054921,0.006404676816938027,0.00603355779290479,0.005861592009540521,0.0057233025100588055,0.005542217796419658,0.005437719776367336,0.005403464524939627,0.005354799832999702,0.005281732654788698,0.0052092407887841825,0.0050568092739482415,0.00491832293448259,0.004721990174073176,0.0045089225164333824,0.004340814886454699
500,3,lognorm,null_gauss,400019,k1,0.05,199,0.006699015893321558,0.020659117130780946,0.017904133062684513,0.016902078696748424,0.01660087015652678,0.016375967350263754,0.015498289215904015,0.014691795560418441,0.013769430678520322,0.013558209864907023,0.013389648342818972,0.013157060386905672,0.012578606850313312,0.012471635933559821,0.012356944304337869,0.011889301495266236,0.011639761028767959,0.011324743743152843,0.011174248012526589,0.01091059915590975,0.010644352598245366
500,3,lognorm,null_gauss,400019,k2,0.05,199,0.1652982801161046,0.8716090336605806,0.6961568706726404,0.6188633864840718,0.5924839091749627,0.5877976317314978,0.5285820814457203,0.4936997888500305,0.4785376606597223,0.44853809180213133,0.4299640426817218,0.4283527878348549,0.4130722495543682,0.40781924401650516,0.40114715782734356,0.38628255226222213,0.38102004640913834,0.35231634081244045,0.34853594637572627,0.33127590981824406,0.328150168456813
500,3,lognorm,null_gauss,400019,hsic,0.0,199,0.011569641694551741,0.021305326023304687,0.020338562851184953,0.019490550916179492,0.01924717053183425,0.019050126182670782,0.018785778235552882,0.018503637367983772,0.018179400919732108,0.01784986953423488,0.017556547106512013,0.01665261368774743,0.01644652138807359,0.016353062371631255,0.015963606958216435,0.01538611910163855,0.015335321219953995,0.014934962430142239,0.014757998106754582,0.014420299972902723,0.014230531072370368
500,3,lognorm,null_gauss,400020,k1,0.05,199,0.003443516232204513,0.017021551475202845,0.01531962879595189,0.01512403513747218,0.014624420805299465,0.014246516445639235,0.013919483456714898,0.012649426043622014,0.012272857568913054,0.011436084476227792,0.01095120859254084,0.010722532186412614,0.010496049012040154,0.009988736662766895,0.009783457137588991,0.009532694354675297,0.009463500278883319,0.00918645973125043,0.009117678230483484,0.009103471865743118,0.009032502883463134
500,3,lognorm,null_gauss,400020,k2,0.05,199,0.08021096627192724,0.791059500629004,0.716099107763072,0.6294961202929695,0.538552344589521,0.48373976460898904,0.468669259043519,0.4535761791866812,0.4492504132572227,0.44627157858257654,0.4295063826790876,0.40383248470248556,0.3849609440379769,0.3718981702930839,0.3670258243350615,0.3627629025816395,0.3606155612388281,0.33841443555231254,0.3322001836143307,0.3155207811082967,0.3028304611536567
500,3,lognorm,null_gauss,400020,hsic,0.0,199,0.007473115251038478,0.018611281716733766,0.01672836850803492,0.015605977221373975,0.014934528394405412,0.013668255606883927,0.013065282691257483,0.01288060293968532,0.012514842018353307,0.01224279300001897,0.01211311485196249,0.012105434204482195,0.01190692799039558,0.011757531470955353,0.011753277955577473,0.011584842607336094,0.011430739417742636,0.011304262060713803,0.01120314778673878,0.011116715638799683,0.010702714541891279
500,3,lognorm,null_gauss,400021,k1,0.05,199,0.00572306809693135,0.01766885671032259,0.01636520546249942,0.015395553567617903,0.014360405923104835,0.01348837523901203,0.012985252319155371,0.012250376530877904,0.011825336567924394,0.011777354551686492,0.011599816030199994,0.011287830939040622,0.01106652853497958,0.010565798271165439,0.01039014436394281,0.01033083107102184,0.01020439702856224,0.009867851119691573,0.00980775781422305,0.009708359533246114,0.009613758928809446
500,3,lognorm,null_gauss,400021,k2,0.05,199,0.16740496806562816,0.8165676235846083,0.6210761737772561,0.6062690030766378,0.5863890703931635,0.5623914059973627,0.5203719046104973,0.48121261656915115,0.47011865916909973,0.45960902005736803,0.4473907628200959,0.42375888017907687,0.4041071748900112,0.3983545257075642,0.38257870781588854,0.374558981592515,0.3693286875073038,0.34525929483079115,0.32470333848240374,0.3238669089887178,0.3188889987863935
500,3,lognorm,null_gauss,400021,hsic,0.0,199,0.011703735796523663,0.01963023989562874,0.018761529297766234,0.018494883834327822,0.0184029825248843,0.018067196495206966,0.017085403252771365,0.01702096463433757,0.01691447907051703,0.01645455661006974,0.016286222997547728,0.01622232958195479,0.016130979674922302,0.016036195728445994,0.01597050279865234,0.015825571202608663,0.01538604786937197,0.015196822487987838,0.015066805422935573,0.014887737906361975,0.01444240315755212
500,3,lognorm,null_gauss,400022,k1,0.05,199,0.006735514980595547,0.01970822351159529,0.017921543131380613,0.016951676348137434,0.01629578846942148,0.016010861875859983,0.015580453781184889,0.015459027572308437,0.01532670143569237,0.015164651471769708,0.014773901669928091,0.01466781527952088,0.014583338098303256,0.014241830820566292,0.014124908456503493,0.013982201935319294,0.013829573267475914,0.013813018784410547,0.013478352820634476,0.013423923234998636,0.013327859345722448
500,3,lognorm,null_gauss,400022,k2,0.05,199,0.056846166767247006,1.109174864892971,1.0075828518464889,0.920099974308874,0.8877671896860446,0.8043199696302221,0.7800140208015813,0.728580216316838,0.7068020181893556,0.6778263799771342,0.6532834006791912,0.6224630458715984,0.6119381890127825,0.5884158169233595,0.5716516023866014,0.5311981800500964,0.5077296045113335,0.49999972312148544,0.47553715097539845,0.4589504603254774,0.43507763167568914
500,3,lognorm,null_gauss,400022,hsic,0.0,199,5.9396414780351143e-05,0.007866454064340873,0.005849654762052768,0.00553749381854725,0.005463182703844133,0.005332226761498644,0.005140487989050412,0.004712423025376084,0.0046516055370142305,0.0045416893044454235,0.004449269107406977,0.004214201486920038,0.0041796178938673266,0.0040864889356643005,0.004056962081793463,0.003945805495678567,0.0038775992854621967,0.003758569750223094,0.0036780633642615533,0.0035672761554308933,0.0035567676891845425
500,3,lognorm,null_gauss,400023,k1,0.05,199,0.01457446574890131,0.01967797895360024,0.016006723657624677,0.014512243821299231,0.01347950772344192,0.01341318444239259,0.012282197312583287,0.011764095990725143,0.011435630880250458,0.011327906233125407,0.01102369709523543,0.010762117407848604,0.010446912463988323,0.010357034671241161,0.009793561779321114,0.00919364765737285,0.009088816300641733,0.00900294343126351,0.008653946093704845,0.008565489980011831,0.008508817552321801
500,3,lognorm,null_gauss,400023,k2,0.05,199,0.43526919975290135,0.6438111951910725,0.6280570997405679,0.5155314427410953,0.4951967062722806,0.4723160648880993,0.44895751490577057,0.4410809376452914,0.4321446506178487,0.42856776962603677,0.4075961163881027,0.39262057210206636,0.37478457342201027,0.3627610711329923,0.35507878998154563,0.34811731773495735,0.3463595811348787,0.3222900268108758,0.31219770839959415,0.31092562129772827,0.3047113119880533
500,3,lognorm,null_gauss,400023,hsic,0.0,199,0.006594225852530841,0.01661145714823623,0.015402577422077617,0.014749804262143744,0.014017632235415727,0.013849250213567803,0.01304182715285177,0.012845013836248495,0.01261640254533843,0.01244816964966668,0.012358019107019932,0.012047724679683623,0.011858026568042732,0.011795767084822068,0.01149263181152987,0.011254363462383432,0.011125548562401142,0.011035187039785342,0.010973246951281384,0.010914243161363187,0.010637019042510963
500,3,lognorm,null_gauss,400024,k1,0.05,199,0.006212333288752925,0.019054328594914405,0.013973879787960719,0.013638799023212411,0.012312721893821044,0.012206016674966791,0.012125539243831418,0.01180604943359731,0.011141118626977975,0.011104611788742225,0.01094861536675229,0.010925713307818885,0.010498574300718988,0.010260029785626124,0.010066640433760488,0.009896732631846095,0.009763362718735014,0.009742475350454027,0.009573120113241407,0.009392204755149791,0.009005812072075847
500,3,lognorm,null_gauss,400024,k2,0.05,199,0.2224241914513173,0.8547454792121641,0.6946701054984058,0.6405977680984108,0.5750931238310022,0.5517222806445388,0.5232149028512486,0.5004546805691061,0.497513333493427,0.48408252693193604,0.4215733240852518,0.3960559875958711,0.3775759602070656,0.3232455723675577,0.3178554778885016,0.31420145727067295,0.3100036625050741,0.2984288097860564,0.28969342619438415,0.2865292294035112,0.27899868478210377
500,3,lognorm,null_gauss,400024,hsic,0.0,199,0.007690328625770686,0.016550150860272467,0.01594483366360374,0.014026115210290898,0.013905480361652957,0.013491846056530442,0.01306253931479898,0.012604591639861605,0.012240999943696804,0.011880570974033517,0.011828354129757771,0.0116385768523348,0.011207211890335078,0.011047730115313148,0.010879308667257247,0.010797610701769496,0.010743668322242512,0.01053069954485694,0.010452661792540199,0.010189372242759606,0.010144569427377766
500,3,lognorm,null_gauss,400025,k1,0.05,199,0.011680793467199746,0.017844315523013188,0.016047604832984397,0.01582871076204373,0.013951651343291738,0.013885218611143335,0.013073877381194032,0.012967673006862301,0.012626021259052878,0.012001852952250203,0.011883918756225631,0.011654402396920727,0.011543076706811428,0.011436816499864277,0.01129729469980767,0.011201414517214625,0.01098581758607986,0.010758382815006406,0.01061657552839379,0.010513464523907112,0.0104851555670461
500,3,lognorm,null_gauss,400025,k2,0.05,199,0.28462050060375893,0.8015468552445587,0.724120858843163,0.6196594377221508,0.5512461317799192,0.5158980657646434,0.4915598492456385,0.4876152870175351,0.46156787627744594,0.45654642319742694,0.4542081135479302,0.4157864535661574,0.3894133765604487,0.3815346083954724,0.3727046962937807,0.3572207764930901,0.3439811487129888,0.3405933148056984,0.3398237285807395,0.3365716745366474,0.32933036476455047
500,3,lognorm,null_gauss,400025,hsic,0.0,199,0.00821146627853459,0.018253154827300517,0.017137276777002507,0.016654003915898278,0.01604371362296867,0.015622499656983377,0.015455890831587002,0.01533325985458006,0.014516832226059316,0.014403673587793797,0.014002229359285728,0.013597488425815896,0.013069196188005679,0.01302621519569818,0.01298075504191817,0.012819951811017178,0.012592671883777422,0.012183903291708542,0.012165916918987276,0.011936229306041931,0.011921306209645384
500,3,lognorm,null_gauss,400026,k1,0.05,199,0.014390068895713204,0.022533966833589714,0.01908571087954225,0.018490832481426467,0.017728972969646595,0.017607110411264726,0.01544090715979618,0.014879022395249408,0.014732707077173779,0.014490025583048238,0.014084506951998255,0.013640706062902463,0.013453411476839539,0.013429617980724062,0.013387339294023914,0.013306549023336722,0.013070853214431022,0.013017061327273538,0.012853295369409545,0.01273333098563234,0.012452412477431785
500,3,lognorm,null_gauss,400026,k2,0.05,199,0.2236382269919773,0.8557658650549453,0.7537386316092375,0.695348144978271,0.6762106812257267,0.6000164975166513,0.5817869288392473,0.5400368302730063,0.525916178482997,0.4977779278717423,0.490224448668321,0.4773504259556728,0.4616991447088726,0.4589668238773444,0.4330883927023505,0.42216996540048685,0.4185244007179937,0.403034729615021,0.39026458900354244,0.3852476724565388,0.38034358717743866
500,3,lognorm,null_gauss,400026,hsic,0.0,199,0.004887496050014085,0.017966940242475044,0.016647017964977133,0.014542120875133995,0.013938559066003846,0.013088208896770771,0.01273332627987108,0.011855664246867834,0.011358655196702955,0.011097061788747713,0.01074149840581292,0.010353864615972824,0.010131040248516326,0.00982692201698381,0.009712062861027748,0.009696826837953875,0.009673199633728296,0.009487593275757529,0.009428655047137404,0.009275315736015229,0.009073375347679533
500,3,lognorm,null_gauss,400027,k1,0.05,199,0.006659949701880108,0.018967721541308047,0.0182074142617622,0.01778854332406221,0.017373609494050535,0.016658498529214305,0.016437245772290776,0.015340174082279279,0.015251194863977136,0.014925138528180448,0.014871751647350162,0.014653165217763997,0.014433574558952444,0.01429376565109508,0.014038622917767696,0.013351222496632176,0.013156413010577128,0.013029839287607647,0.012993998233788329,0.012802672269889959,0.012667051279435904
500,3,lognorm,null_gauss,400027,k2,0.05,199,0.060091116313745696,0.9485395752608196,0.8577672907684063,0.7944208508590617,0.7587195009196509,0.7224352631279426,0.6800986327489059,0.6627425380325995,0.6224260113507094,0.6092321980916896,0.6050439637994435,0.5855948009908494,0.5662347970184444,0.5532726005675365,0.5385599938205532,0.48425782055121247,0.4564195182622798,0.43839499112425095,0.4372401588731219,0.42487418635774504,0.41939540866470526
500,3,lognorm,null_gauss,400027,hsic,0.0,199,0.012653014365071527,0.021842635438026767,0.02025856639701298,0.019658137015429646,0.01911341765238986,0.019045184519316236,0.018546469215561644,0.018358856945967696,0.018313007455875687,0.01790869516817105,0.017736938464350812,0.017576970715135014,0.01714860246329462,0.017062799196940478,0.016896448891606877,0.016618600482824826,0.016508738468331285,0.016346713042149234,0.01619450258772259,0.01570183032624369,0.015643068936883046
500,3,lognorm,null_gauss,400028,k1,0.05,199,0.0038478751572518233,0.016451139284147653,0.013023788344492693,0.012240317803829837,0.011751762851255676,0.011603515943648612,0.011481774222825147,0.011302818149202976,0.011063252123488465,0.010596953430541345,0.010587427692740792,0.01038227819994697,0.01030798424236501,0.010039217103114506,0.009671599027989086,0.00960980397961897,0.00947133757115648,0.009248193832628981,0.008968681624407893,0.008934318144716125,0.008814201772035957
500,3,lognorm,null_gauss,400028,k2,0.05,199,0.10629679696376361,0.8935580792077511,0.7012431971145541,0.6611581795156364,0.6305633087053114,0.6135976387116189,0.5838219501465393,0.5390190360733333,0.5341933586925358,0.5204243874802186,0.5009278214393357,0.48893192971002924,0.4482302027894783,0.44229050432927186,0.44100140135762195,0.42828446404104836,0.4086952614439189,0.3973358357622044,0.3928641391556063,0.39152752534281837,0.38269681094464786
500,3,lognorm,null_gauss,400028,hsic,0.0,199,0.003013598839569383,0.008990181698298636,0.008787270545862544,0.008099458646451571,0.007262039058218804,0.007084341493284536,0.0069490511339503494,0.006632851345878252,0.006483548846658928,0.006413871668786423,0.006182442489427619,0.006118537722180704,0.005980916780922898,0.0059124348830567625,0.005761015226728698,0.005658994872991659,0.005526745086036798,0.005358221359635724,0.0053407965570407764,0.005303358882778325,0.005087116056839258
500,3,lognorm,null_gauss,400029,k1,0.05,199,0.003919303122568052,0.017902895905814842,0.016235007063464812,0.015845200174949614,0.014784042359593297,0.014388692735224251,0.01407164215531631,0.013538543188426844,0.01308091827675295,0.012703909374569333,0.012103406890828339,0.01177290349932969,0.011583980435150298,0.011558478631568891,0.01152122756073759,0.011443756207307643,0.011335909050724347,0.011169591935372258,0.011117263053603166,0.010915073181114843,0.01065013031399098
500,3,lognorm,null_gauss,400029,k2,0.05,199,0.08349504925463493,1.0363682692889107,0.7391555874311752,0.6568521131079367,0.6369892754408101,0.604625952582939,0.5735608950062817,0.5506125609409868,0.5265919501529066,0.5210820103786288,0.5133455274880037,0.48703079133132837,0.47633068816862983,0.4392365237647317,0.41804372387584887,0.4050343910851399,0.3946027863114503,0.39420614643666696,0.38883886712382876,0.3771790150604739,0.3635262480010239
500,3,lognorm,null_gauss,400029,hsic,0.0,199,0.0040858356299693,0.023368882879031706,0.01865793556147975,0.01801267234578551,0.017071923870351342,0.0166464384845319,0.015971517437532338,0.01475734912889051,0.014143702143159279,0.014142077205747276,0.01337062815289601,0.013281514076010671,0.013154608566949909,0.0129966250344262,0.01281416874021975,0.012662018736519997,0.011501879356154057,0.01114571235817234,0.010681709776276513,0.010515219467792434,0.010398392667489034
500,3,lognorm,null_gauss,400030,k1,0.05,199,0.00563571307155919,0.016804287725319056,0.016241821609199514,0.01303796018586656,0.012940006921461578,0.012532524586151061,0.012232598579332954,0.012190378739817764,0.011780246298506158,0.01101097860605893,0.01081354415017216,0.010694257927777562,0.010358867785550285,0.010183128913583861,0.009644429118130349,0.009623556568736147,0.009518880490500203,0.009257171737894754,0.008843332177099095,0.008781894370136767,0.008699724166263634
500,3,lognorm,null_gauss,400030,k2,0.05,199,0.18180534761709202,1.410743135027718,1.0745922131005317,0.8255049881963605,0.7691922398139123,0.7551538069244915,0.6648527710582135,0.6279026487481992,0.5911672481161925,0.557719103280869,0.5356636089210678,0.5077961140418555,0.48553292426321615,0.47946942779215945,0.4756956096533119,0.4698770774361628,0.40276485180449423,0.39725875866773747,0.3852525118936773,0.38171970035895036,0.3741798857489847
500,3,lognorm,null_gauss,400030,hsic,0.0,199,0.00046078360548128803,0.010577205855389417,0.009920221537728417,0.008941770259947301,0.008669624944182924,0.008331173774694115,0.007984810103354851,0.0075731795359298484,0.007255280178426679,0.007015441668467628,0.0067058111474607275,0.006667038952384204,0.006465037237700249,0.0060840739119138775,0.005954321457061076,0.005559181107494175,0.005259019305071701,0.005212538039903047,0.005186731229228081,0.005087053841991337,0.005020867989099136
500,3,lognorm,null_gauss,400031,k1,0.05,199,0.005132659600003087,0.021300939409169217,0.017474420024286397,0.015324154853499916,0.013709778588871568,0.013148185934249601,0.012849069540555647,0.012494368755021634,0.012305589376827242,0.012182375431048165,0.01202257062084866,0.011832621058622261,0.011436220715403622,0.011162985173884254,0.01095074546523378,0.010857112632379984,0.010764589578938777,0.0105352017903933,0.010461759494405087,0.010443282855189029,0.01014937144827155
500,3,lognorm,null_gauss,400031,k2,0.05,199,0.09743708652123313,1.0670670933095108,0.8582262343314305,0.8027597471184739,0.7243878997017483,0.6941121146589276,0.675766312964485,0.650773660220375,0.6127508547213145,0.5599747790794802,0.5471694812623137,0.5270631318468364,0.518869029513126,0.4922635071468386,0.47884106599836634,0.4573333047746081,0.44114996581750027,0.4392075288080429,0.4363278954310216,0.42168508446863157,0.41407991309618325
500,3,lognorm,null_gauss,400031,hsic,0.0,199,0.0029445503476526725,0.015683069724950757,0.01359108837210295,0.012572577165252872,0.012315075867257433,0.010686660730630626,0.010422341123177494,0.009606259038383776,0.009271883321269403,0.00906743331825852,0.00889040003897647,0.008694608472452535,0.008284219314172843,0.008236509189856122,0.008088891680369848,0.007990000552672386,0.007862795867240245,0.007655435751926124,0.007466965547375804,0.007416481329502624,0.007321066898797678
500,3,lognorm,null_gauss,400032,k1,0.05,199,0.014085884993482956,0.021847395519023427,0.01765530583078323,0.017435222344664547,0.01654686416737461,0.016157593657018743,0.015936349754052337,0.01589518214315,0.015403980803925021,0.015138172092819091,0.014732403940690975,0.014630995329278806,0.014464215862227126,0.014144098611468703,0.014074499288828979,0.013932450184167944,0.013642873497480223,0.013437188139115874,0.013340987156157946,0.013320766398516093,0.013027442999909211
500,3,lognorm,null_gauss,400032,k2,0.05,199,0.27132104144821223,1.1703219759990544,0.8982894886140902,0.7532661515345307,0.7297888066817929,0.6622111015104774,0.6465902740922184,0.6234702972856825,0.620008764450984,0.6036244232808503,0.5715109352031169,0.5566456326377021,0.5057050600318144,0.5004176285750601,0.46714619088516834,0.4163619961374305,0.41184201012100774,0.40537579293794507,0.3834978721943478,0.36855320493792765,0.3627564078533875
500,3,lognorm,null_gauss,400032,hsic,0.0,199,0.0032322893845316927,0.00840311517894581,0.006694402577895826,0.005994186501556002,0.0055689226149319895,0.005203563378412201,0.004913192618902552,0.004617130852039424,0.004484334322329929,0.004410792398656194,0.0043486494550880935,0.004186579910337331,0.0041070524106212635,0.004051824825707374,0.003945589735020301,0.003883592772612293,0.0037500666481738525,0.0037308326588025888,0.0036552690758095974,0.0034969132806998396,0.0034108071305369884
500,3,lognorm,null_gauss,400033,k1,0.05,199,0.007490860783026965,0.02046396280331919,0.017351354493540194,0.0167387980155555,0.016479981407614308,0.015020720624554396,0.014734849512109627,0.013919540442971168,0.013090102156730454,0.012439138015559847,0.011729163144848176,0.011301570320134902,0.011164162532432353,0.010222736579905023,0.010088874313791907,0.009895381900331901,0.009822167430683204,0.00965576947443525,0.00952853834378009,0.009468000734530024,0.009407487930569225
500,3,lognorm,null_gauss,400033,k2,0.05,199,0.18245546914834565,0.9771621852015585,0.6758656966348713,0.6121992433932597,0.5996466372390149,0.559490703239246,0.5271109595334759,0.5030969688933578,0.4865981880166499,0.46977091493630235,0.4289998810472948,0.4136602065256923,0.4065007454373382,0.4055393436061014,0.37564971611917325,0.36974680597604076,0.36312379148894536,0.3506759553575554,0.3486577107370738,0.34273682119149523,0.3301218338213308
500,3,lognorm,null_gauss,400033,hsic,0.0,199,0.003467444742134938,0.009490397409932799,0.008513989501434428,0.008251133306524034,0.00809037054782638,0.008054008950999995,0.007995590593386817,0.007482770560438429,0.007295770906379787,0.007074281663823013,0.006856133213208968,0.006839486788175407,0.006715103516792751,0.006480028937721019,0.006452192454338086,0.0063105405541440205,0.006221218902728198,0.006039383067303826,0.005920178768321728,0.005813326081626233,0.0057695964594916965
500,3,lognorm,null_gauss,400034,k1,0.05,199,0.004494783503196209,0.016387496515581246,0.014347029849351767,0.01311831110788253,0.012919475216356169,0.012101887566323466,0.011769343037247082,0.01133085753225882,0.011233262016441259,0.011024597245428147,0.010681408879254839,0.01048562796476371,0.01039830245808615,0.010351113857874017,0.010217529123479951,0.01018777533121673,0.010140450616555108,0.009992244814383433,0.00997732242968219,0.009793688921569177,0.009613479452209694
500,3,lognorm,null_gauss,400034,k2,0.05,199,0.13333519668305532,0.8649084080412581,0.7471991681762256,0.6704070841207713,0.6170324212165428,0.568504284679742,0.5504829360756684,0.49356633057558563,0.4729929121429092,0.4550175923940155,0.42412301360006455,0.4057193628557236,0.3956717319219837,0.3779219116723403,0.374000083360687,0.36144892774887255,0.3420864287268756,0.33637706767512054,0.32044391363161706,0.3176349247552691,0.31453403235689337
500,3,lognorm,null_gauss,400034,hsic,0.0,199,0.0018380031823849678,0.014613757150368797,0.012091466598945227,0.011580827894994646,0.010252209300906312,0.009903200309422088,0.009005855208855981,0.008924176929638386,0.008574507873036779,0.008390637317489142,0.008020534947081652,0.007544434997896339,0.007411679339759562,0.007214223489506552,0.00694943625662494,0.006867062185847816,0.006726663229612203,0.006567067093276787,0.00651200212054752,0.006442052843745695,0.00635766408209037
500,3,lognorm,null_gauss,400035,k1,0.05,199,0.007013417632712904,0.021331919489401552,0.01862850165514407,0.015338160770557496,0.013649032279693996,0.013246687031657545,0.012595246042283903,0.011862416586641666,0.010890634090057083,0.010681043137143298,0.010386676741116707,0.010125065899271757,0.009986221960643027,0.009966804843308807,0.009498204515890452,0.0093272087152928,0.00919339417647902,0.009089594119233824,0.008925644929273946,0.008794892016164346,0.00874444042552347
500,3,lognorm,null_gauss,400035,k2,0.05,199,0.223369479048713,0.7968219472809788,0.7348491953722539,0.6014742932005664,0.5832361518903225,0.523733991307878,0.4982321858242614,0.4729455138555609,0.4681213331530772,0.4574365912924139,0.43454149943526027,0.4084327242066491,0.37770696983987956,0.3625565547285911,0.35597566839322,0.35025120028889833,0.34079091137345746,0.3346934010464412,0.32327251553084124,0.3133923740151173,0.31073511785503083
500,3,lognorm,null_gauss,400035,hsic,0.0,199,0.006071011710520852,0.014815071160916862,0.014069918441917963,0.013120226151095368,0.012853672192629435,0.011789728223185102,0.011445405678969288,0.011095213922152625,0.010838533685631374,0.010584415910378045,0.01041314584850563,0.010303212182994917,0.010251354775357439,0.01023265239979893,0.010072856762386371,0.0100348962632992,0.00988560048276682,0.009515537904774085,0.009408900534236354,0.009331108870409333,0.009270182415800788
500,3,lognorm,null_gauss,400036,k1,0.05,199,0.005740098232657753,0.020501109468957,0.01792395947847919,0.01736592952029159,0.01576233451079523,0.015416548166703237,0.015189469740771344,0.0144826452773964,0.01431198437465242,0.013750922879430694,0.01350498364174435,0.01271931035185181,0.012505047574641992,0.01233865254015476,0.012217217665836166,0.012119604164047948,0.011985915694993632,0.01195758151893822,0.011505043311145657,0.011387694429353612,0.011261132757512837
500,3,lognorm,null_gauss,400036,k2,0.05,199,0.08596643153959958,0.9534827340409691,0.9364518832994075,0.7337211223620173,0.6860055722070869,0.621086786579144,0.549420327432886,0.5398548538049882,0.5343958652506627,0.4697522590772599,0.4466888236589553,0.4397291271208698,0.42912101241300676,0.4070168568780022,0.3893170522078027,0.38045064378737226,0.37535306310885924,0.37273868909156443,0.360212887529595,0.35725529439554593,0.3527240167102062
500,3,lognorm,null_gauss,400036,hsic,0.0,199,0.0051730609697246055,0.01672311532433961,0.01608481018439742,0.015877098918147124,0.015649091707224182,0.014826167673979925,0.014496601397607707,0.014086182236990727,0.013810551428692475,0.013573396090110783,0.013261893169539072,0.01315937479019346,0.01292891844765247,0.012640419323856626,0.012350870865177799,0.012094424349596592,0.011904422975367823,0.011544963386007669,0.011443649888910971,0.011104924943022088,0.010813930818441854
500,3,lognorm,null_gauss,400037,k1,0.05,199,0.01182402170645791,0.01869861697978137,0.018302741088272456,0.015350817181379095,0.015122582022754072,0.014158845727886282,0.013994594509013858,0.013443392464087323,0.013325085319653929,0.012878219537643343,0.01274291326579291,0.012517070381888429,0.012296100945324073,0.011627192467585146,0.01146126410926418,0.011301357160791281,0.010940948190587219,0.01088674519333499,0.010738301053866195,0.010609224929507666,0.01033974226835499
500,3,lognorm,null_gauss,400037,k2,0.05,199,0.3303877717609755,0.8306726107210991,0.781850489831217,0.7080572249280482,0.6331360567313783,0.6135362047964403,0.5413784358004546,0.5047208335657677,0.49683718834060236,0.4951399421616787,0.4900683548421222,0.4740221461118192,0.4638550056324452,0.4514757729927712,0.43283659850431855,0.4270940236818046,0.4238481727851129,0.4041906066432434,0.3973242763054546,0.38697138205198267,0.3813217943027762
500,3,lognorm,null_gauss,400037,hsic,0.0,199,0.013411116708818007,0.027491815067426113,0.026651311066711394,0.026147284707329993,0.025398592736993974,0.025195351213332107,0.024641915818605243,0.023905286025566443,0.023388833719675147,0.0232150024960509,0.023020780012612346,0.02270693159989886,0.022660327775626474,0.02207242226110601,0.021852977026822373,0.021673955495542057,0.021415908114309358,0.02093508771239496,0.02056888031607096,0.020158508382085154,0.01954703299732916
500,3,lognorm,null_gauss,400038,k1,0.05,199,0.005522603746430654,0.019490042230869475,0.015443388274534953,0.012828124260519047,0.012522189681863582,0.011610830151043472,0.011334035254431774,0.01120357621368595,0.010200574575581989,0.009767270924397997,0.009602167655606397,0.009421971737033186,0.009278135794881126,0.009112698128132424,0.009063972073483528,0.00888199674672785,0.008752265843670948,0.008597379632636626,0.008227985830058127,0.008177021592748912,0.008000537227081495
500,3,lognorm,null_gauss,400038,k2,0.05,199,0.22285553842359251,0.7039103838869959,0.5309287641295766,0.5178699956854975,0.4619139276780854,0.4379355923948943,0.43528762950598876,0.41218161283615323,0.3866753859631092,0.38620445674723447,0.3797918896616342,0.37030334751402955,0.364866264107616,0.3522306823037615,0.3433567439354654,0.32755803109222803,0.31095199858416567,0.30187661000321453,0.28382444069821094,0.282786442129717,0.27680306762235074
500,3,lognorm,null_gauss,400038,hsic,0.0,199,0.0017755244004683663,0.005680526642986732,0.0053416240507647966,0.004787855891226431,0.00454935383485891,0.004434601178407571,0.004243165725468859,0.004074075604402365,0.0040066153054569955,0.003941241801600315,0.003853054044589295,0.0037658006248404204,0.003682760923509264,0.003638977618718047,0.0035934557541934045,0.0033911072391124043,0.00326827287110924,0.003221004237104096,0.003184053198741775,0.0030998658115569933,0.003061748572983352
500,3,lognorm,null_gauss,400039,k1,0.05,199,0.008437079174652085,0.01635437870174722,0.014965051677500951,0.014296296192736202,0.013507716118512092,0.012749382883049054,0.012519974193023642,0.012217189504896697,0.011730693785105606,0.011383162856102969,0.010995251990011778,0.010846635836524787,0.01079992370233962,0.010703272391699326,0.010570412788238781,0.010487632745955211,0.01032917947459211,0.010271780124684438,0.009939986246804589,0.00986101896719671,0.009849176940028626
500,3,lognorm,null_gauss,400039,k2,0.05,199,0.13856781877011995,0.8068073551080208,0.7432458953599796,0.6199178441548454,0.5602617493887505,0.46001410123259057,0.45020600177538805,0.42020610586661267,0.4138845031573756,0.39787176856684586,0.39468304373567525,0.38824212333626235,0.3670537903884838,0.36323643513956766,0.359736670635563,0.3557268622199827,0.33412796409029116,0.3303364337014925,0.32610602693820606,0.3244190717388544,0.31752113956690176
500,3,lognorm,null_gauss,400039,hsic,0.0,199,0.0003050328141762691,0.009294394141845415,0.007750240110220633,0.007178324337314472,0.006972792182395624,0.006712704038365934,0.006503175083063491,0.006406747894187138,0.006224009059253619,0.00578877273759149,0.005670278699094062,0.0053186735662080495,0.004997341755031509,0.004830019228397919,0.004503344857567942,0.004399014751677748,0.004334077654615129,0.004305927966897347,0.0041251693623760195,0.003929607902438889,0.003662386222201825
500,3,lognorm,null_gauss,400040,k1,0.05,199,0.006128497560403345,0.02429169424139266,0.016025970404714707,0.015317949550966548,0.014915676217583163,0.014405640959330723,0.013726618347034925,0.012233819467487916,0.01203470940073903,0.01165023165165957,0.011259998760682954,0.011020903008588046,0.0107808335846582,0.01072580040158333,0.010560064027269722,0.010384671860479533,0.010215634867650092,0.010194434715875111,0.00999736158161324,0.009973017133816153,0.009815537648386274
500,3,lognorm,null_gauss,400040,k2,0.05,199,0.13081217025595834,0.8777505602420883,0.835732446248286,0.7457535509991742,0.6707880167479632,0.6519423371430002,0.6382545388568949,0.6215675109436368,0.5706443719137081,0.5543821406906531,0.5365028572685215,0.5243815016913024,0.5168089386836051,0.5125583778975943,0.4921857765238312,0.48449539458756435,0.4605125883677614,0.43954266753335175,0.4328530883755945,0.4178645705575045,0.41659573147999934
500,3,lognorm,null_gauss,400040,hsic,0.0,199,0.008150324031003258,0.018828960280619353,0.01686454290401545,0.016313362712726764,0.016120498988778008,0.016055707673165522,0.015934058366619354,0.01566895181258151,0.015335304083754874,0.015023677563328017,0.014370473175167512,0.014171400423820252,0.013891078432621546,0.013823112300223175,0.013742348266248278,0.0134701776746606,0.013446732403350736,0.013379588506402518,0.013206005484060014,0.012884306015406716,0.01284137731760733
500,3,lognorm,null_gauss,400041,k1,0.05,199,0.0020350949270767638,0.01638145079428166,0.014676498310738806,0.01388098037699359,0.01307022314851114,0.012847884072186733,0.012741986112204562,0.012301989000834568,0.012088130053460655,0.011384109681853882,0.01126114779005749,0.01096279449376214,0.010745278321608542,0.010340015859602536,0.010237901749661105,0.010124520562758033,0.010085779039225806,0.010044232207690018,0.009743675797212137,0.009560401413861497,0.009542391136943218
500,3,lognorm,null_gauss,400041,k2,0.05,199,0.04731625814688497,0.7132271187239606,0.6686156119052659,0.6245832668283988,0.6110486614674756,0.5675859693173362,0.5590965871617808,0.5128433950362183,0.49556794229315637,0.48249838874562784,0.473947128119405,0.4092810937089044,0.3948185996943752,0.37809484028229484,0.372469080183896,0.3450403832343853,0.3406175845758327,0.33681767314733807,0.31343748481529443,0.29882359025988825,0.28451549711329494
500,3,lognorm,null_gauss,400041,hsic,0.0,199,0.0025224174629679746,0.009842021764094643,0.009138144843437435,0.008452706763029671,0.008072376907171415,0.00779191539548068,0.0074007861919302,0.0073525137556532975,0.007038414902363917,0.006924525264975672,0.006620068921959626,0.006509425860952056,0.006330331267154906,0.006310907894454997,0.006163352195408763,0.006059387468969267,0.005835092597061436,0.00569079630559023,0.00564800608215262,0.005523480583352899,0.005466005740171903
500,3,lognorm,null_gauss,400042,k1,0.05,199,0.007883770585993655,0.019202328068276264,0.015797408121298595,0.014046799644310326,0.013862197878116156,0.012852317212362796,0.012714367101071211,0.011995485588791599,0.011789760721376163,0.011277691161693637,0.010472380650591806,0.010386444453605148,0.010219022444273196,0.010025080382411122,0.009811022542718595,0.009695488524851803,0.009604766065038794,0.009381933927734565,0.00928926175057998,0.009111732383397797,0.009024031044249758
500,3,lognorm,null_gauss,400042,k2,0.05,199,0.21727232048941467,0.6348029511936819,0.5792103960329682,0.5655604539498559,0.5081821285120068,0.5038227373987083,0.4696965436308152,0.45183773118111953,0.4401697180746733,0.43456173058313013,0.43050781319760456,0.4170060412736806,0.4041590429513406,0.3923497547559871,0.38521834331892435,0.37024083629250404,0.3549951207202529,0.3453965277054909,0.3443851671295218,0.33725320350681937,0.3306621482333658
500,3,lognorm,null_gauss,400042,hsic,0.0,199,0.0014290860144797867,0.008849381850685775,0.00828473178247479,0.008064221642285884,0.0073383995867878915,0.007212169933070443,0.0067214410456863894,0.006346338790460939,0.005983932025063049,0.005782727698560828,0.00555052888876311,0.005410202425609205,0.005323040137612117,0.005262502450126221,0.005038567323557629,0.004970317620680739,0.004839718060448806,0.004769364001193995,0.0046222446848796905,0.004490745202393177,0.004449400094429635
500,3,lognorm,null_gauss,400043,k1,0.05,199,0.008784545517112607,0.02489828679899364,0.01810515226053222,0.017621720092559023,0.0160912053874831,0.015536105019135882,0.014653653986773763,0.014535652019328493,0.014027450375888817,0.013889871805097154,0.01354284211362966,0.013480573852432398,0.013327088257902964,0.013100809823197501,0.012899185890759002,0.012824486830614212,0.01275888872971076,0.012426173442634303,0.012383428000919072,0.01226480696164911,0.01216026190528463
500,3,lognorm,null_gauss,400043,k2,0.05,199,0.0853192633247373,0.9477938276991111,0.849560022099407,0.7693911405377494,0.7365364463510219,0.7119667389245932,0.676542166002032,0.6684954562766637,0.6424693875349781,0.6176443059218651,0.599362994258842,0.5754766259806839,0.5399385331954284,0.5235230151490521,0.48023329216621546,0.4740167078618825,0.47106949110259805,0.4436322650590397,0.43256952104767715,0.42072686466648973,0.4103956369610969
500,3,lognorm,null_gauss,400043,hsic,0.0,199,0.010162710662339309,0.021108969798123756,0.018384417053018107,0.01786300736788563,0.017491933026451075,0.016963326492772914,0.01605050800160354,0.0159733503824898,0.015939578667188054,0.015430346195749916,0.015000629126614434,0.014855720735394897,0.014757179230348387,0.014741161570455236,0.014693582904205041,0.014537858940212556,0.014149955094971547,0.013965204373639434,0.013842551836975883,0.013677640121522516,0.01357013919408382
500,3,lognorm,null_gauss,400044,k1,0.05,199,0.009024930570548428,0.017066869089795378,0.01670618438429461,0.014755032769753984,0.014290643791380009,0.013770567331350514,0.013328207481256071,0.013137488180599233,0.012620024687227005,0.012398035452172107,0.012348335810452915,0.012020349775582195,0.011953946151070705,0.011757979805999241,0.01140077486879676,0.011131478828507402,0.01071425455692221,0.010066100958602053,0.009997501117996022,0.009812068707049315,0.00979344606878918
500,3,lognorm,null_gauss,400044,k2,0.05,199,0.1785328018359685,0.7394622475334133,0.6520126971765567,0.5427736269165959,0.5330972967003083,0.523580265291276,0.5130106415838945,0.5007646429348065,0.47937626411526085,0.4568778803817083,0.4548973915744902,0.44431778988482773,0.43647477835204007,0.43082679005600666,0.4256957099677916,0.402680821374591,0.398606563790474,0.3783222690511648,0.3502764694274866,0.33923574808530044,0.33790855616204224
500,3,lognorm,null_gauss,400044,hsic,0.0,199,0.0009879940387550034,0.009879590777281467,0.007360397184735617,0.007264310887662655,0.006950221079511986,0.006668167564939796,0.006480889508530823,0.005887183515816515,0.00560763590988042,0.00542726292621297,0.0053441810020756885,0.005066835272060537,0.00500616703542005,0.004970324160964695,0.0049431511565146274,0.004847687121590209,0.004553407562410741,0.00449700833598823,0.004315535814070152,0.004240340125877456,0.004205808759925492
500,3,lognorm,null_gauss,400045,k1,0.05,199,0.013483713044951218,0.020872822252988532,0.01849324941417463,0.017132903598983396,0.016152660767785543,0.015903985657001685,0.014500977856935049,0.013457561365829318,0.01341181202170627,0.012962327856880895,0.012725028525316984,0.012341975988436449,0.012133138725192172,0.011965109692823939,0.011624762997925253,0.011295494621364921,0.011096344037465622,0.010958497439989112,0.010845008372070697,0.010703506616151381,0.010496374825204158
500,3,lognorm,null_gauss,400045,k2,0.05,199,0.34442511261193964,0.735181345473318,0.7264611023481746,0.6410690321053467,0.5266155758615215,0.5071806982141314,0.47659133734287523,0.4641431073238286,0.4592460816022842,0.421752672593316,0.4148150751851499,0.39069032891330513,0.3870699615299631,0.3646587002338696,0.35695838569266425,0.34969314142818436,0.3477764970251068,0.3437924949583448,0.3319809606292157,0.31688112430056853,0.31386197253761894
500,3,lognorm,null_gauss,400045,hsic,0.0,199,0.00892805317278115,0.02095554257005334,0.019049539078887946,0.018960393676749746,0.0182498813774348,0.01814078069631547,0.016236954686642702,0.015866683015552736,0.015766617803545466,0.01561428899258371,0.015465995141546885,0.01519334233024046,0.014676116503392596,0.014385044347400974,0.014184483101586256,0.013940468472150505,0.013816712109765485,0.01378056201485297,0.01368846038434877,0.01350674864018717,0.013402260124116402
500,3,lognorm,null_gauss,400046,k1,0.05,199,0.003998204818851603,0.019235921753260388,0.017237401516382644,0.015060972921250304,0.01449193668551213,0.013168083036239175,0.012720063393079517,0.012650772665118715,0.011976715267065008,0.011686302247621905,0.011602567199601288,0.011331980428883504,0.011051285672491806,0.010961558932917614,0.010859663877426873,0.01052265338640701,0.010324103024202946,0.01021382412745675,0.009981676060927924,0.009712389041664826,0.00961627240956403
500,3,lognorm,null_gauss,400046,k2,0.05,199,0.09067710882817512,0.7410827082888114,0.6420263781917829,0.6225150601319043,0.5514566959706939,0.5401979848908753,0.5262835806322768,0.5079849706474601,0.5019978505335935,0.4285703080200406,0.42436303543742226,0.4229907615323685,0.41481022882351054,0.39990133761338914,0.3609366913686968,0.3480875090451312,0.34021874367282745,0.33527454456325934,0.3269047317585673,0.3260428764200179,0.3141238852645711
500,3,lognorm,null_gauss,400046,hsic,0.0,199,0.001332436031377096,0.00839750748502077,0.007406435454929896,0.007034131950414202,0.006129082914793485,0.005857950809270281,0.0055714204254798975,0.0050407640039369876,0.004901932083626128,0.004822921574631128,0.004527675110003945,0.004255253690270839,0.004191367618001132,0.004039892578686686,0.003953770058635028,0.003869862162137385,0.003612605649667377,0.0035469350932551204,0.0034373473632746706,0.0033276270460072845,0.003306872131798839
500,3,lognorm,null_gauss,400047,k1,0.05,199,0.0062515980373160085,0.016972642180111797,0.015281547701703868,0.013337773968593036,0.012728487177675607,0.01244055648735487,0.012101054811164969,0.01171602791994869,0.011645786714007844,0.011503242045635353,0.01134341145193396,0.01080841096856,0.010483278013133535,0.010335930450407926,0.009896196303453286,0.009391876301520163,0.009349063653824152,0.009120368599384254,0.009097248374118627,0.009034495749402405,0.008989454797432517
500,3,lognorm,null_gauss,400047,k2,0.05,199,0.14538555067868486,0.7053629801267111,0.6744380691835623,0.6570679636125384,0.5644903557904593,0.5557485250263993,0.5247923180231009,0.5005372629581869,0.4868593927404394,0.43903663474597193,0.4089863551139573,0.4003056264841532,0.3914967749511016,0.387636011329791,0.3739937560376199,0.34212754036156034,0.33631461692059134,0.33562931653984235,0.335381604995584,0.3337371697296776,0.2971439861243479
500,3,lognorm,null_gauss,400047,hsic,0.0,199,0.0034456208943957826,0.016399823343865718,0.012928039015952884,0.01228238098531633,0.011181947994409904,0.010946937412701727,0.010716214697605489,0.010158474539238316,0.010125925892296595,0.009895607544507723,0.009692477595605395,0.009528060740441189,0.009461650875914818,0.009398015757125493,0.00926849071630382,0.009229299200773358,0.00914070917298888,0.00904393436481981,0.008743663702102155,0.008722902656290527,0.008709183934530877
500,3,lognorm,null_gauss,400048,k1,0.05,199,0.013310899521898345,0.01609073685949025,0.015745607167008457,0.015344352831887509,0.014983087881764279,0.014708090703151933,0.014142124274270418,0.013889285742704316,0.01378274297789528,0.013649589812136098,0.013444996623910632,0.013078310528366055,0.012852550697436571,0.012690941559423075,0.012530079547692474,0.01249597345256137,0.01241085166028133,0.01220511743334296,0.01213989393856596,0.012069614256042693,0.011929207329285485
500,3,lognorm,null_gauss,400048,k2,0.05,199,0.2932821608924593,0.8853845995874771,0.8088589696289423,0.7706288568582764,0.7092502994434341,0.6513684502675504,0.6349571105693538,0.5817496230836727,0.5416025059000321,0.5308044530836002,0.49259083022122413,0.4778567553945228,0.4597879468262534,0.45444420902115806,0.45213267269247204,0.44752712299351705,0.4330867696048806,0.4228945093762507,0.4142423813984977,0.40526913766855566,0.3994785815000991
500,3,lognorm,null_gauss,400048,hsic,0.0,199,0.002683743936728552,0.010176814422896825,0.009937184786813087,0.009408314078952465,0.008915966417529078,0.008556022787653075,0.008059738137081137,0.007836768395006095,0.007709270377560905,0.007267233539065722,0.007211025133809409,0.007183580894839345,0.0068663197839468415,0.006678453256872729,0.006587875498958957,0.006412495714375972,0.006384123318720787,0.00632295939623368,0.0062844758108268894,0.006237079144633538,0.006173022635034425
500,3,lognorm,null_gauss,400049,k1,0.05,199,0.008709292388763945,0.018144215893668436,0.015377804217120095,0.013959281880103425,0.013042850177084397,0.012899098549133514,0.012789821929384382,0.012254672492131968,0.011767311822313054,0.011441379554656073,0.010832304300155027,0.010698012485411912,0.010288257417384372,0.010143397688314515,0.009895683175976777,0.009790607493521675,0.009681711447144248,0.009646263872029714,0.009327876963905801,0.008991052223116802,0.008940704777546049
500,3,lognorm,null_gauss,400049,k2,0.05,199,0.13731207054164532,0.8832409290644562,0.6633866698944676,0.5935531816976407,0.4753940603441725,0.4495242763914597,0.43552733343044586,0.43210635461442704,0.4253687469981469,0.42460236707369026,0.40700625167236854,0.4056803254199985,0.38848287917359325,0.36919732450855985,0.36381768618609156,0.3572144148570376,0.35083949698860206,0.33284656935036955,0.3214468578481877,0.31349296817080735,0.3067251739464461
500,3,lognorm,null_gauss,400049,hsic,0.0,199,0.0036107799957022877,0.012609142325239912,0.01142900581455198,0.010957670865247604,0.010901865833096347,0.010793104162324528,0.010147298308264606,0.009876568922127585,0.00853342453261406,0.008293371741887573,0.008203261373856508,0.008053847101566243,0.00800065451993633,0.007933247706463809,0.00787761720981342,0.007778747421189179,0.007600309088916074,0.007579443819583093,0.007536598948424584,0.007505015708345372,0.007298684351419543
500,3,lognorm,null_gauss,400050,k1,0.05,199,0.009518872337264339,0.01859642848200671,0.018213316396801627,0.01726051450385091,0.016106967584816334,0.015944687591212536,0.015636722642591083,0.015463494207388628,0.014842244259817061,0.014624067194512758,0.014443311357891675,0.014088698356297003,0.013974846719322587,0.013649625873771387,0.013498460215304209,0.013351862134717896,0.013189615463596649,0.013041508942023772,0.012939576545473064,0.01280496249446661,0.01261451621433518
500,3,lognorm,null_gauss,400050,k2,0.05,199,0.17882558268484927,1.0113797528041024,0.8205939604586551,0.7030308028311052,0.6673747669069382,0.6231308510988601,0.5942382550077513,0.5402475195803025,0.4930133408803074,0.4798403321609119,0.4680939837328581,0.45364301714207467,0.448864067117545,0.4452591093776964,0.4376861358525294,0.43291968375587647,0.42674813772504727,0.4040355328632896,0.4028963616825149,0.40129696152595573,0.39541527531434795
500,3,lognorm,null_gauss,400050,hsic,0.0,199,0.00015532037051793428,0.009880550560857584,0.008934079506422042,0.007580327614645915,0.006899348758972819,0.006516153056402462,0.006306199927253394,0.006112774697030569,0.005938762230306124,0.005905183485125926,0.005514210783193599,0.005154229615020243,0.005033433656730089,0.004982544073842647,0.004941772435895912,0.004816210585745933,0.004650569629273515,0.004630760628941852,0.004614105813243787,0.004568682280057097,0.00442169911927762
500,3,lognorm,null_gauss,400051,k1,0.05,199,0.006213838532440952,0.019318307423527525,0.01745153511153985,0.0171435857620289,0.015836987717513407,0.014247520510468847,0.01382541048501007,0.012044531472290454,0.011673746277212071,0.011480994881259421,0.011405405112595246,0.011240601074359424,0.010752756801887808,0.010539264695278772,0.010475411349115782,0.010252018015037945,0.010139400344808314,0.009934228043534055,0.00980027332384592,0.009714121200847248,0.009382901115787212
500,3,lognorm,null_gauss,400051,k2,0.05,199,0.22521840147872685,0.894229788350875,0.6495875042668287,0.6226892517637245,0.6037195498676627,0.5398500266403904,0.5277080466265794,0.5184957522123395,0.4462791123422845,0.4338105310717433,0.417355682277925,0.3832999844908383,0.37726363695635673,0.357106288503183,0.35561358392634895,0.35306431370522495,0.3413109166899624,0.3382708100569129,0.33577190688817554,0.31881517657964314,0.31845560765677944
500,3,lognorm,null_gauss,400051,hsic,0.0,199,0.005645877122833384,0.017575750859679096,0.017172501721649535,0.016153250730938404,0.015125948759267697,0.014857571773098918,0.013833206666394619,0.013735958126482999,0.013468916061096388,0.012629023072683014,0.012603396515789865,0.012552274244255321,0.012431763849373612,0.012213048745575305,0.012030236594509162,0.011981750923932706,0.011695792586531301,0.011541533154722537,0.011351194210200213,0.011118150661909252,0.010839640776993292
500,3,lognorm,null_gauss,400052,k1,0.05,199,0.003070613219247287,0.016044516727610758,0.014216922789660469,0.01404232916814474,0.01304302457101758,0.012616253192656801,0.011482493494042567,0.011229924093419275,0.010999632432559747,0.010835279590899694,0.010597474212015956,0.010273992093006168,0.010233639733827848,0.010016143234122477,0.009585918267703053,0.009486582211613415,0.00933169520672461,0.009030766546326285,0.008985407468535933,0.008877901139491384,0.008612687190014179
500,3,lognorm,null_gauss,400052,k2,0.05,199,0.05276056735391804,1.0547251498016026,0.7560440891306025,0.6410730516801751,0.594284033097487,0.5453681136620908,0.5152763916125466,0.5034645993144196,0.4917923000293053,0.4688970835451633,0.46207079730926287,0.4530093116280664,0.44736597764597363,0.43294306997647464,0.41765285119334794,0.4049774545312063,0.40261908049720635,0.3890894055322342,0.3825876570104835,0.3602213581852387,0.351074910230247
500,3,lognorm,null_gauss,400052,hsic,0.0,199,0.0013444930772017719,0.00504855901091929,0.0046995634290070195,0.004078266739864039,0.003896147799555065,0.003743466958730635,0.0036810622395496576,0.003640780092845694,0.0033332130745434663,0.003183982400954131,0.002924062748056002,0.002782846793694547,0.002777085841115955,0.0026966405944769266,0.0026026695808403074,0.0024869416435895682,0.0024724380651090254,0.0023846184161520462,0.002264875782340378,0.002225144893202145,0.0021461637260978797
500,3,lognorm,null_gauss,400053,k1,0.05,199,0.008825479679078985,0.018752072691144872,0.0174730075505114,0.016519567155137693,0.015132174619571281,0.014690382858877804,0.01345570691922704,0.012806306564207559,0.012118833733875456,0.011839238664507756,0.01144262657215489,0.011167844761341694,0.010988934689834529,0.010778968591131921,0.01063793232303678,0.009791844201759048,0.009595026077565127,0.009438432290145737,0.009367808708643621,0.009217675864015673,0.009086613031068946
500,3,lognorm,null_gauss,400053,k2,0.05,199,0.25000665865141847,0.6390780006797089,0.5994109378665442,0.5693361390978435,0.48228765790698486,0.47362499791998114,0.4431444542481127,0.42761746663160594,0.39143679162947725,0.3733189831249893,0.3727204698140372,0.3625917697440862,0.34825871026211214,0.3340199711748189,0.3274957355068821,0.3260982311708604,0.3223270447830847,0.3156517806107416,0.31369562377531457,0.30973648343509674,0.2992935445792824
500,3,lognorm,null_gauss,400053,hsic,0.0,199,0.009805996276455616,0.019952371427385967,0.018545342080869793,0.017054513368240983,0.016967884619664142,0.016583736284037212,0.01617865379824729,0.015702960444150812,0.015486593149886194,0.015230223322371795,0.015092502256912572,0.014410759356245095,0.014069708799340098,0.013985955761693626,0.013944336293739128,0.013743198407272965,0.013389656787146084,0.013155181643991288,0.012825499701124078,0.012737308324285835,0.0124496816487549
500,3,lognorm,null_gauss,400054,k1,0.05,199,0.009921091134491355,0.025834554953182043,0.02218767593435933,0.018913537077003106,0.01869142166926052,0.01832644216703916,0.01711678204129058,0.01668614240811339,0.015886051258591438,0.015546984511094597,0.015170798874657887,0.014975625805738413,0.014549848699428325,0.014286821955928564,0.014075085528999387,0.013929912411181689,0.013814063050652803,0.013633665239505821,0.013527379519313487,0.013350081395568258,0.013274533418923595
500,3,lognorm,null_gauss,400054,k2,0.05,199,0.1385122381709469,1.148978798223297,1.1256236256860173,1.0560249117216165,0.9523581470159116,0.902968640677496,0.8317112096280276,0.8034474402279099,0.7505873944520487,0.7147716078477585,0.6855005275300431,0.6604821846799341,0.64910156929699,0.613396098197813,0.5701716397875777,0.5557780753742285,0.5470670950241182,0.5376576694242788,0.5294792175145829,0.46245427224270774,0.43573257605057075
500,3,lognorm,null_gauss,400054,hsic,0.0,199,0.001969033279867675,0.011671352109107129,0.009517538098305429,0.008402813218638212,0.007648659681896751,0.007362121928991464,0.007263192213869816,0.0071088001526435265,0.006862039579399535,0.006791925501764158,0.006649661069571929,0.006588529317676624,0.006477608828535383,0.00644532260280282,0.006262084947358419,0.006151314857684749,0.0059784541122231685,0.0059348631716188175,0.005893393545938705,0.005870483956706992,0.005754512910407381
500,3,lognorm,null_gauss,400055,k1,0.05,199,0.010033444718459461,0.030591164086319234,0.023670102263669113,0.020411799454096324,0.018534775376280566,0.018224526752763315,0.01796377031262497,0.01698583486595584,0.016316423804808133,0.015922790896539918,0.015453412039505565,0.015149526685385606,0.014948205369186396,0.0147654169717224,0.014698995328503106,0.014509681658686213,0.014236926008576845,0.014167343125414567,0.013839012852322363,0.013636041609974447,0.013616532266853443
500,3,lognorm,null_gauss,400055,k2,0.05,199,0.1476677966883895,1.1093573903780174,0.8725490612808015,0.8031609973017583,0.722586326675876,0.6995087846781793,0.6777064540919636,0.6613459712523863,0.6277900670141225,0.6038202876970243,0.5898214644538907,0.5575318952476784,0.5348527110144371,0.5228303484638325,0.520976763982509,0.49904281600215433,0.4782054397864237,0.4676992900043265,0.4546489011841779,0.44305925752896597,0.4386996927958844
500,3,lognorm,null_gauss,400055,hsic,0.0,199,0.0020386435805008923,0.012031525256971579,0.009713996234200375,0.009212741751273207,0.008822970470091878,0.008565351004354996,0.008084036261091459,0.007971874814492791,0.007474855010714204,0.007270852973318987,0.007164126339736305,0.007057876056403367,0.006930006772702898,0.006866392737676911,0.006659438196000919,0.006486315869382282,0.006376793179889459,0.0061721267628328715,0.005946207928996325,0.005883297830953937,0.005701710653379371
500,3,lognorm,null_gauss,400056,k1,0.05,199,0.004047240892437465,0.018413803592986056,0.01790035386298061,0.0158038308540559,0.0151321987724925,0.014748253304514236,0.014153053336062538,0.01385549511502615,0.013790710151292296,0.01246920400490037,0.012302302644800589,0.011553592681866176,0.011178410080550871,0.011127477222101279,0.010968839453715296,0.010792131536347449,0.010774615246668562,0.01069210586439473,0.010571662722515196,0.010522641046204706,0.010492044941885603
500,3,lognorm,null_gauss,400056,k2,0.05,199,0.055352747512524655,0.838193045826261,0.767450356054282,0.6648011006189817,0.6375238053399126,0.5785639949928898,0.5331624012311633,0.5246201697836018,0.5035850059978694,0.49439378080340324,0.4780202207439019,0.4665171806708199,0.45969810384481297,0.44325569928236547,0.4389841430350824,0.42569658011746525,0.39466425090932333,0.37979445099423315,0.36851039763766363,0.36456135921481575,0.35883562600427793
500,3,lognorm,null_gauss,400056,hsic,0.0,199,0.0025503236941073737,0.010709903224341765,0.009817543054618206,0.009447971263085126,0.008953049493635339,0.008607046666083015,0.0083783568746355,0.008244725002716781,0.00790447845400954,0.007826577878706265,0.007777616462869649,0.0074704986329924205,0.007282553001148591,0.007157039579955759,0.007084727992799042,0.006911290309044151,0.006521832016680778,0.006473899526273629,0.006387023367208985,0.006249256013973741,0.006228665151283132
500,3,lognorm,null_gauss,400057,k1,0.05,199,0.0070408492177429505,0.01875694611363199,0.0173041933747628,0.015324828531112833,0.015120435114669317,0.013592111238661109,0.01314989740836503,0.012729560632418258,0.012605981782994102,0.011890531034136842,0.011592733959561285,0.011410605440575372,0.011155441844404701,0.01104744687321313,0.010942147920562584,0.010743974028678327,0.010521100640428105,0.010475581419508773,0.010424834100819624,0.010357950519501835,0.010277652159801254
500,3,lognorm,null_gauss,400057,k2,0.05,199,0.09460443652187579,0.7942665109398526,0.7438298774661125,0.6683990145481599,0.6396932482492257,0.5920313394125304,0.5789762241347531,0.5650413092935221,0.5164897094479715,0.514145839857618,0.49945286124215865,0.48460921462773043,0.4833874709364535,0.4346806451562832,0.4273521551348024,0.41048636623438245,0.3859258075657229,0.38155124803474155,0.37694761338450855,0.37302475332366103,0.35103370343534884
500,3,lognorm,null_gauss,400057,hsic,0.0,199,0.00485621739814424,0.015620528116874111,0.012893789776904967,0.012660089807108955,0.011408459779315717,0.011282621142747001,0.011212866577993396,0.010987954992690747,0.010726399733583573,0.010223735053698106,0.010194986529866057,0.010101901131042063,0.009743460081960897,0.009667900932769384,0.009482561332645354,0.009288163983909683,0.009036899790216832,0.008897781876435987,0.008688169974745755,0.008601639081311431,0.008570202072853429
500,3,lognorm,null_gauss,400058,k1,0.05,199,0.006513012385090389,0.018697025845058945,0.015598968466184138,0.014895351140088664,0.014175719066492176,0.01333885882144814,0.012843358228501911,0.011785480681102967,0.010926102896833545,0.010704957049589181,0.010614460886450905,0.010506794541334963,0.010072342552650992,0.009624544784551325,0.009422131325906413,0.008949036267500987,0.008801147738450865,0.008438508584839077,0.008211438980190167,0.008012211451060125,0.00782859149854398
500,3,lognorm,null_gauss,400058,k2,0.05,199,0.22623574066922347,0.6599459854317968,0.5874397854516561,0.5690810376255344,0.5613011989054792,0.546096341070013,0.5117408963566642,0.47988520468797796,0.46494370936454815,0.44656128361356034,0.4393703380597094,0.4226993501258397,0.39877068560472395,0.37019836630916103,0.35809127419852665,0.3532030023487728,0.3432223675719361,0.332331272156988,0.3200913697854677,0.3193877608428389,0.3162602167755928
500,3,lognorm,null_gauss,400058,hsic,0.0,199,0.00021715367518663584,0.008221798482045848,0.0073863445664914045,0.007276198040940988,0.006600272507210845,0.006237502033600491,0.006024615265486537,0.005801590616215496,0.005588103014518542,0.005452278593029655,0.005300814127164804,0.005130539618533766,0.004901171342656469,0.004868807080032264,0.004788102580015064,0.004720381103112125,0.004626291626769491,0.004323623868928909,0.004194243745362336,0.004084439286644352,0.004068964758947913
500,3,lognorm,null_gauss,400059,k1,0.05,199,0.008633997939945792,0.0217186026445223,0.01770072770565495,0.01647196769492487,0.016136162525823727,0.015590415503415667,0.015282926521279272,0.014996994763666005,0.014838918234457155,0.014497133321535682,0.014183546439817118,0.01356867322031563,0.013426893683367913,0.013280059501387775,0.01297027867929812,0.012688536643313264,0.01257480347630946,0.012465015315412886,0.012427707019945444,0.012221090577285487,0.012103577727938353
500,3,lognorm,null_gauss,400059,k2,0.05,199,0.1266857634796294,0.9781121352694483,0.8172339210905611,0.7408917603731598,0.693180336090079,0.6696038640273609,0.634058351585932,0.6108545102121884,0.60803105920503,0.595007309853364,0.5727023792689813,0.5300385963862732,0.5243065918818675,0.5085547877317688,0.5019525190919805,0.492224367043267,0.4771301315271618,0.46381851045168976,0.4555006767134359,0.4523781371981915,0.4501097355874973
500,3,lognorm,null_gauss,400059,hsic,0.0,199,0.0021013339820629908,0.008906491478386843,0.008285060917047402,0.008064379739492247,0.007679663685758923,0.007257618614895359,0.006722382731824217,0.006566915586735716,0.0059727774378485685,0.0057849308045824326,0.005553397345938324,0.005297452296074753,0.005151930269719319,0.0050596537978341415,0.004950021280358226,0.004824085744696577,0.004803526457066741,0.004697149512485427,0.004685130535292986,0.004635378960536104,0.0045965258434914665
500,3,lognorm,null_gauss,400060,k1,0.05,199,0.004214130758638079,0.01943489249614294,0.015601906812903632,0.015063782938979808,0.013419349866260033,0.012857784931289529,0.012390204631577695,0.012294684251536403,0.011915145781662084,0.011464394836480096,0.01106383988328119,0.010865538295869559,0.010796762633142332,0.010460828291557145,0.010291120230406903,0.010123059458611694,0.010037408094991429,0.00993202325295528,0.009856315605194454,0.009694915474433574,0.00964183439742905
500,3,lognorm,null_gauss,400060,k2,0.05,199,0.09338392158770673,0.8457219013822128,0.8069417503097583,0.7016592221514582,0.6123458141307149,0.5637028233686976,0.5538557973017278,0.5037077430794523,0.4983399069578852,0.47232066622737356,0.4700667930647534,0.457746952432834,0.43111476422154316,0.42740834042816367,0.418970524581152,0.39094639439554607,0.37070965897255614,0.36648373065327655,0.3561398242827642,0.34236610863255407,0.3254084464023719
500,3,lognorm,null_gauss,400060,hsic,0.0,199,0.011294016212471406,0.021782377363092627,0.020359021260354063,0.018035276609095742,0.017613517029955773,0.016745037130265657,0.016575871169473077,0.01633941737681826,0.01628989786159027,0.016206816488311186,0.016109499147624082,0.015633313223998184,0.015344178998859509,0.015206533267177552,0.015145872704336358,0.015056842784223898,0.014903957878764664,0.014737705500320965,0.014406379996158016,0.014252572439187514,0.014177585028330233
500,3,lognorm,null_gauss,400061,k1,0.05,199,0.004772679075832786,0.018338674832336532,0.016085643020770646,0.014479202207724806,0.013558578624383255,0.013432619473170093,0.013105451838733129,0.012724430677051313,0.011911469341834624,0.011549164239534782,0.011313344639739431,0.011002371790991894,0.010652353915605817,0.010308416411343058,0.010011138797764385,0.009996722588779039,0.00997650429992536,0.009879840533259077,0.009647077569941764,0.009456274223262229,0.009412845112910184
500,3,lognorm,null_gauss,400061,k2,0.05,199,0.12667627277287527,0.8262160551993375,0.790499055165837,0.7449525949174242,0.6837782829506276,0.5842113604116849,0.548436250266511,0.5285616620555136,0.4997167490305724,0.4901709971367186,0.47164144819800985,0.45133077576617947,0.447333330796229,0.41571467898326425,0.41097003146136235,0.39295745549038363,0.3890867437791769,0.37897721909482796,0.36714298943951174,0.3617912976527457,0.3592749772814089
500,3,lognorm,null_gauss,400061,hsic,0.0,199,0.004180888827488995,0.014146107833997168,0.012726349050515466,0.012628338474839747,0.012107424004324747,0.011763551485102124,0.010847889187389997,0.010766510950807478,0.010260915954956077,0.0099983196329335,0.009884191822136441,0.009705979342384822,0.009566069489279466,0.009532198714353417,0.009424521297399756,0.009333801130678356,0.009219552405864286,0.009083039527646998,0.00895259422357595,0.008785775469490449,0.008478909383752243
500,3,lognorm,null_gauss,400062,k1,0.05,199,0.0057884541927955,0.01864367599250938,0.018071372789010942,0.01680958257220544,0.01578499417990381,0.014679613408941194,0.014209538041643155,0.013651537715599349,0.0135756862519395,0.01321411030151226,0.013119490486198093,0.012862156071263564,0.01265100739648195,0.012411791891384083,0.012204045678788633,0.012159119599729928,0.011846224958080187,0.011611918222574347,0.011317525471871481,0.01105893547688408,0.011013481220754961
500,3,lognorm,null_gauss,400062,k2,0.05,199,0.1300013612217196,1.074816562063056,0.900130735784902,0.7729873731391764,0.6306603261480049,0.6265026721478102,0.5700095978456605,0.5095614866064162,0.49571133869811823,0.4931484514107155,0.48805091114468724,0.4817751897264731,0.46025775772025124,0.450707313642682,0.43657248255715003,0.43080156495420685,0.42232307085678794,0.40392219070347657,0.3942715846946335,0.3764202781208011,0.3699071660713974
500,3,lognorm,null_gauss,400062,hsic,0.0,199,0.007520129814222049,0.01815472930795338,0.01717838845402047,0.015242982673005948,0.014184926911041623,0.013989843831012804,0.013764582235407108,0.013226083333016753,0.0131312185769987,0.012863548872635923,0.012720694176222137,0.012576411007245528,0.01245182080462412,0.012332810178042703,0.012019357978023023,0.011845816843712553,0.011756042152248711,0.011716727457793053,0.011492436448778618,0.01130485079611133,0.011142571943796295
500,3,lognorm,null_gauss,400063,k1,0.05,199,0.0064293308089281576,0.022716544296845886,0.017483928023043105,0.015755880353017226,0.015287447821472622,0.01474482309766556,0.014389418298064505,0.013927531720452246,0.013192641714563913,0.01308652250924025,0.012917736776546174,0.01267794629807728,0.012591010725642171,0.012525588563432666,0.01222112307715767,0.012060220867978977,0.011852223313561228,0.011693172839694177,0.011519601185419504,0.011474593431962665,0.011347907649815192
500,3,lognorm,null_gauss,400063,k2,0.05,199,0.07600459301423933,0.9726370403389376,0.7429778541111267,0.7104549157042297,0.6891815266845649,0.6081089328998958,0.5802101494306036,0.5644088065649077,0.5302017618012062,0.5127261565836342,0.49882389396354754,0.4870951598458438,0.46040528515408075,0.43591518987173317,0.4170512793182411,0.4030387172787101,0.39027449127171854,0.3856568550468737,0.3834328250659787,0.3817602599064207,0.370346754864199
500,3,lognorm,null_gauss,400063,hsic,0.0,199,0.0045876318769240655,0.013615329521490579,0.011506736204742478,0.011287291884620696,0.010947712259180956,0.010482781196516163,0.010131346065166956,0.009892636196087982,0.00973998219118904,0.009314227477544079,0.009195820083053205,0.009107060346851893,0.008810255334559532,0.008707353486731052,0.008672996066957225,0.008217106402206553,0.008208785241697374,0.008041725949836223,0.007921810837085649,0.007866143040447362,0.007769913773796797
500,3,lognorm,null_gauss,400064,k1,0.05,199,0.005637300013458413,0.01814595164375221,0.01701516022582783,0.014127899281816791,0.013558565984528093,0.013277451291944242,0.012377394858060664,0.01203415595092705,0.011724986486248978,0.011595582668707305,0.011322633500857937,0.011009555959149542,0.010796860802774089,0.010635613042140224,0.010493874162892936,0.010432511866954042,0.010340988929081751,0.010234059733061796,0.010088554022745222,0.009846351524730124,0.009423663714187014
500,3,lognorm,null_gauss,400064,k2,0.05,199,0.09200057365715796,0.7426931109860022,0.5661026389534458,0.5479963560876188,0.5288712791418417,0.5102544233805192,0.49508596777807473,0.4863105500752193,0.47777914225259244,0.466038123055554,0.4471693692001529,0.4203031754743842,0.41603093522784784,0.41066698900743803,0.39142538256059595,0.38700665732590395,0.3851548014426939,0.3756361701750966,0.3723255660273886,0.3679371749615868,0.3633991384611006
500,3,lognorm,null_gauss,400064,hsic,0.0,199,0.0012646628055813264,0.012899873167714264,0.012388178394987903,0.011914120800186131,0.01060342094744521,0.010015809298458238,0.009123672923013271,0.008701981215292864,0.00797036131985413,0.007808203939458131,0.007654179206612216,0.0074981751954742585,0.0072239120145462625,0.006926439924967392,0.006815328771824545,0.006761222087292985,0.006341263115374031,0.006241909539326906,0.006041303749180737,0.005969349267805167,0.005898617439753267
500,3,lognorm,null_gauss,400065,k1,0.05,199,0.005675413776834892,0.022001612239514523,0.016490422512621672,0.015441369137851213,0.0148507927338547,0.014146231051315517,0.014031317655869402,0.01272359413119506,0.0125903055063743,0.012234469509615153,0.01210741701265261,0.011629459253638674,0.011365012203670033,0.011102863674282037,0.010913847344586669,0.010340839568311666,0.010047556185416529,0.009962797344736374,0.009797470059987878,0.009605938476793585,0.009516085512993544
500,3,lognorm,null_gauss,400065,k2,0.05,199,0.261493737462702,0.916175168371121,0.8034344428819296,0.7357880036448671,0.6913959443095775,0.6222347081545756,0.5725913174423023,0.564503419728828,0.5374739765116037,0.5234931092416815,0.49162241789076566,0.47612962357095073,0.47139369247227764,0.46352292247783206,0.45046602519816775,0.4394666169906038,0.42533660199430073,0.4048040426953627,0.39679812637156103,0.39389320717030946,0.37113864941862595
500,3,lognorm,null_gauss,400065,hsic,0.0,199,0.0024474790817627604,0.013214125722881366,0.012397158388519597,0.01161662094577421,0.010570599286668583,0.010200780677184922,0.00936534495457946,0.009180585562812054,0.008631053482019415,0.008409724740863328,0.008312283238149754,0.008045027644586422,0.007857894593980013,0.007772315103792966,0.007381077339071296,0.0072276526104393,0.007028615792775781,0.006852535352915107,0.00669829716953543,0.006481965002082668,0.0061843170600757
500,3,lognorm,null_gauss,400066,k1,0.05,199,0.002961419921295616,0.020509926357626385,0.01945199323259894,0.01672347418439324,0.014740695285700767,0.01429130945552548,0.01403824394512998,0.013316744155537852,0.013190524039681906,0.012915083977985131,0.012345370125996125,0.012208323479930172,0.011783850295114862,0.011692088392816657,0.011648930922362855,0.011485488116090015,0.011283546712630821,0.01111383175097369,0.010969628835346912,0.01087792880184757,0.010587359684348097
500,3,lognorm,null_gauss,400066,k2,0.05,199,0.08530002855634161,0.7855776793114736,0.7414314725406022,0.6599040324382036,0.6146301708165894,0.5779407904792097,0.5384192286503436,0.5237353472367083,0.5178233314030218,0.47605395675147955,0.4460318270178439,0.4381761294377139,0.4100499069687365,0.39188798962676363,0.3869836207880352,0.38158641773995594,0.37194179952614276,0.3669751258198137,0.3653025860846218,0.3627344173100854,0.3576768506361853
500,3,lognorm,null_gauss,400066,hsic,0.0,199,0.002935964877173964,0.01221220329088977,0.010517759931121676,0.009994152957539523,0.009171096434765828,0.008898088385955063,0.008624483316504537,0.00791379763821218,0.007715533157058903,0.00724094453057021,0.007104425713395672,0.007060542920755434,0.006968871295437523,0.0067973357993643254,0.006387558101919701,0.0062453185428752705,0.005978023745483497,0.005912299665407704,0.005677132842812742,0.0056129327920275305,0.005547884382989788
500,3,lognorm,null_gauss,400067,k1,0.05,199,0.006426250027295355,0.018247415343410567,0.017229074551506185,0.01680872834681102,0.016340055333571635,0.016056764081551322,0.014908845314822283,0.014730364109037497,0.013973427050137932,0.013837914306144117,0.013312990170490924,0.013219280643697817,0.013174267376431903,0.012969300627678537,0.012583897438261105,0.01232024144860655,0.012156082175014071,0.012122792095266455,0.01205017573825029,0.011977187058447969,0.011890212274153766
500,3,lognorm,null_gauss,400067,k2,0.05,199,0.07225122422617754,0.8564514582539858,0.6881674711350614,0.6161869977878225,0.5854074961851702,0.5830133544981079,0.5572121406329471,0.5508787128162875,0.5185853787006715,0.4933242729047501,0.4842684174876873,0.45893783573651675,0.45370451118445004,0.45254753022046135,0.4480668928176482,0.4371871396506617,0.43168884204733016,0.4211265007486434,0.4133696510220962,0.39310098829734486,0.3873095700432351
500,3,lognorm,null_gauss,400067,hsic,0.0,199,0.004740531724284936,0.016810798168036184,0.015032970639237106,0.013211067739470114,0.012962964196848833,0.01236647546415938,0.01200311942415531,0.011632684097021532,0.011006859948763685,0.010726583990724941,0.010616016052825078,0.010448518680383259,0.010365951645276665,0.010334494025097996,0.010187279588162958,0.01012868772915161,0.010005034070072884,0.00990556820388787,0.009788278914852141,0.009714003724219286,0.00959682056663451
500,3,lognorm,null_gauss,400068,k1,0.05,199,0.0018471925665519695,0.014795273788885843,0.013321379987926818,0.013003189960834882,0.012313383690728208,0.012055122262640494,0.01185440668957749,0.011696513183765467,0.010905781010216886,0.010500657164024818,0.010494372740955882,0.010423879990646645,0.010131414575478503,0.01005080361707511,0.010026630864922725,0.009735504036909703,0.009416063905243188,0.009331444299251923,0.00927335564179732,0.009026923933466602,0.008899136642793515
500,3,lognorm,null_gauss,400068,k2,0.05,199,0.04065639953095154,0.6133719880589066,0.582321672286628,0.5352817961559015,0.5258228433464874,0.484851140067302,0.4596561207898976,0.4349017887239897,0.43230661964929074,0.42014461731354763,0.4072267544173193,0.3770263611108233,0.3677271889578283,0.3571142111670465,0.3518301865482057,0.34488559099145755,0.33791024351133936,0.3102586576836924,0.29393084886772286,0.28536698008134587,0.28215685389338485
500,3,lognorm,null_gauss,400068,hsic,0.0,199,0.0031964724370083723,0.011969060884960624,0.011258410346951239,0.01066944683453606,0.010298925069425306,0.010222079822346023,0.010171865956642875,0.009867355519369818,0.009441164221485807,0.009407131465595854,0.008908659771029323,0.00885877932142135,0.008824803991328473,0.00845495533169471,0.008273391618734204,0.00806337521243299,0.007991269404980059,0.007865178168441848,0.0077799109121985295,0.007615313406649992,0.007298335681437812
500,3,lognorm,null_gauss,400069,k1,0.05,199,0.004794791994892744,0.015890575042588007,0.015326192800037552,0.014508212742390003,0.013665011523038229,0.013145903011969828,0.012873455334052819,0.012787972606771336,0.012526577841241893,0.012274680277615357,0.012141773731708438,0.011877788584028492,0.011821214356088516,0.011500694097991038,0.0113720699994182,0.011323937609772017,0.010668171487385192,0.010567312268495277,0.01054713559683973,0.010351627736287394,0.010038543891747631
500,3,lognorm,null_gauss,400069,k2,0.05,199,0.12857612537562083,0.8160610061054744,0.7606617776245126,0.5769989049582102,0.5712698232074713,0.552787421491123,0.532582225961623,0.504444769952956,0.476706954374993,0.46124412967006523,0.44018467298836067,0.43327523637049264,0.41334162173474137,0.37071203024404664,0.36690572542945693,0.36258316293630355,0.3580990352622255,0.35644394065982987,0.3445977353825073,0.3306942074589302,0.3215080499404335
500,3,lognorm,null_gauss,400069,hsic,0.0,199,0.0024607225640658056,0.01114905162199414,0.009407894699237808,0.008359792642972671,0.008196719514846537,0.007439470869866754,0.007170873071818355,0.006797914214555322,0.0062079767822853646,0.0060450187456809875,0.005977064791651035,0.005915544353145843,0.005821558046077112,0.005797643216841684,0.005744078721063735,0.005528119750022517,0.005499024721226928,0.005376429012747569,0.005160703736934032,0.005116777471595821,0.005033063606051136
500,3,lognorm,null_gauss,400070,k1,0.05,199,0.010424333164331556,0.02451950709978451,0.017598324516309494,0.016025242910288395,0.015301730281404913,0.014856759907176997,0.013947665034108603,0.013466610637309473,0.013160891151196563,0.012877486807473137,0.012628758274287832,0.012539884761885944,0.012165032444628854,0.012060481000799927,0.011915884764068463,0.011658661532383374,0.011602488056916216,0.011406961978728591,0.01118738583668244,0.01111295052303407,0.010767892600463957
500,3,lognorm,null_gauss,400070,k2,0.05,199,0.33963804245513746,0.7988889550872658,0.6411935713659075,0.6166643766803837,0.5711796490150944,0.5603662716664709,0.4895067435212232,0.47719984771754165,0.46775926338506535,0.4478404652265754,0.4363503502789015,0.4338416202185375,0.4189378021491483,0.402379830643133,0.397215008969064,0.39406134056211983,0.3926257541748848,0.364876933910317,0.3547057987427241,0.3405221409497128,0.33758636311242957
500,3,lognorm,null_gauss,400070,hsic,0.0,199,0.008034527369616845,0.02219643623698354,0.018724448048828158,0.017537794141400886,0.017132936283271304,0.01694965298321281,0.015660796611227684,0.015466423302897915,0.015421132404520874,0.015148756418783339,0.014661126426122944,0.01453967296729002,0.014392656951856441,0.013954586156674217,0.013720408903034208,0.01345625257726939,0.01318674385563891,0.013039747381083343,0.01294772198459624,0.012883825359719164,0.01278991443294042
500,3,lognorm,null_gauss,400071,k1,0.05,199,0.006343523291863495,0.017403020935533642,0.01639705527132085,0.01499443525931704,0.012963170778687694,0.012565245191671792,0.012162499183028586,0.011571784431779752,0.011516008795986243,0.011110761715718898,0.010960159845567419,0.01024481985843162,0.010187479370781571,0.009828678086220344,0.009685770272431116,0.009540579604541355,0.009169743753085435,0.008717816323573713,0.008549190935943418,0.008403216614362274,0.008392669082416315
500,3,lognorm,null_gauss,400071,k2,0.05,199,0.2088013094796353,0.75971843806449,0.6411695733110896,0.6190777358058881,0.5847230066556357,0.5460691011633599,0.5288437501452933,0.5158687925897806,0.5023832028330388,0.463393019327952,0.4260540272784489,0.4038381686935163,0.39713633530166365,0.3898991710058748,0.3817931253653133,0.37533567110142174,0.3638522434383683,0.35264744325121516,0.3492070760074565,0.3460691941757288,0.32981049511281846
500,3,lognorm,null_gauss,400071,hsic,0.0,199,0.011161931071369754,0.021291467249009228,0.020795676706992585,0.019376974855723674,0.019167166754794067,0.018805830319289656,0.018203273155616238,0.017431343777933386,0.017397424104498353,0.016906593815915236,0.016400262004505235,0.016204961505784873,0.015654674597369234,0.015539830479681627,0.0153827178528729,0.015277513331717703,0.015106969684334563,0.014857386660007126,0.01453964851582607,0.014420054060376967,0.014338202936348797
500,3,lognorm,null_gauss,400072,k1,0.05,199,0.0037586659360542285,0.019589281144391624,0.016678899920620438,0.015407874247611253,0.01469807627763603,0.014363344152046542,0.013637055471405812,0.012994157986434218,0.012896894332364739,0.012613487608039153,0.012149287264422104,0.01182174543561898,0.011676281138986222,0.011631019202274717,0.011621839551428814,0.011521446744841013,0.011177684828895584,0.011015243031680222,0.010969342870844112,0.010952427522840535,0.010736037811277521
500,3,lognorm,null_gauss,400072,k2,0.05,199,0.08095571976734381,1.195928999965281,0.7713497622750206,0.6251122136805711,0.5180099165064587,0.5107881349745896,0.4869646918118845,0.4442352033352867,0.4336467645912144,0.42302994838087216,0.41199050251971564,0.38698498629951883,0.38248470979105026,0.3678151438163384,0.35478574595455376,0.3460760042122646,0.3375126445057674,0.33095830673402515,0.32062869184547366,0.3183550498861134,0.3132321275138415
500,3,lognorm,null_gauss,400072,hsic,0.0,199,0.0055229991376410555,0.017195985138487836,0.016627348005668004,0.015800994084965325,0.014353473552585467,0.013535270698576024,0.012809660926319367,0.01273749074636505,0.012353916213496649,0.01182545393387768,0.011310827338914132,0.011118494505129185,0.010946425942088993,0.010636402414551858,0.010532331311355631,0.010333745330818309,0.010174493033901801,0.009758139097192323,0.009629103759450901,0.00943255211831697,0.009232388096291125
500,3,lognorm,null_gauss,400073,k1,0.05,199,0.02040589936327486,0.018145490703152634,0.017339205150910864,0.017166628373542436,0.016670803528697653,0.016351496830888768,0.015795933393214834,0.015198688024103846,0.014526376344911385,0.01413403164144722,0.013801190296151455,0.013452003208197505,0.01337413478088778,0.013297589689935108,0.013179461367793688,0.012997007124422089,0.01284545611070731,0.012665281336252776,0.012586997390833465,0.012383998246006445,0.012278301044179485
500,3,lognorm,null_gauss,400073,k2,0.05,199,0.6474936877997844,0.9500210265000997,0.8723302130801418,0.7644844111194076,0.7368743871407776,0.6557591201818491,0.6353556318394002,0.6062537494119931,0.5567144098519522,0.5221621528920155,0.4754081738688547,0.4671956503452997,0.4270544074177427,0.4203566333557445,0.4118930839373192,0.4104054730870189,0.39147615281721865,0.37661876920709686,0.36575699915866566,0.3614372098596914,0.35922612546479915
500,3,lognorm,null_gauss,400073,hsic,0.0,199,0.006704808741533264,0.014824603018087686,0.014159980971010282,0.014051611588627723,0.01389372950534099,0.01353978484974056,0.012658112748336878,0.012364990523766474,0.012313234464828031,0.012149004765992065,0.012032086692769462,0.01184167195087413,0.011700608698886221,0.011499229390108898,0.011310732958704196,0.010780640661488152,0.01068282435839349,0.010548277000498398,0.010495582216816632,0.01039079046157537,0.010115683354808827
500,3,lognorm,null_gauss,400074,k1,0.05,199,0.0048507850212083925,0.01733613607550255,0.016899256813510455,0.015048832213651608,0.014483583947528356,0.013832503287993458,0.013100157404071777,0.012346719833345121,0.011921822350384137,0.011476659684670265,0.011310512455068311,0.011181352586322246,0.01102893427336138,0.010847224844374725,0.010653267432420455,0.010521134808324062,0.0104080840021048,0.010361369018601962,0.010265701110210745,0.010108273552724811,0.010035395683109516
500,3,lognorm,null_gauss,400074,k2,0.05,199,0.08839645586208833,1.0928387803111368,0.9307065300155818,0.712573534665758,0.6383619766532012,0.6079217805786435,0.6019287933812839,0.5994270631846401,0.5508573838877517,0.4992104354275935,0.49833190637009567,0.49003362710349485,0.472490514923936,0.463933163988836,0.4621899133814392,0.44125091754870377,0.43029938796243145,0.4167464557190068,0.3915901401807644,0.3761857560787755,0.3710794959797845
500,3,lognorm,null_gauss,400074,hsic,0.0,199,0.002225668823086196,0.00985998920999302,0.009350069987763948,0.008600634947042503,0.008144322030471003,0.0079581640785226,0.007233657243741885,0.007134294055063253,0.007023783018131872,0.0068230009520867585,0.006748548045681316,0.006603739818162723,0.006531623174064631,0.006425327530912878,0.0063099042530218264,0.006157897227974024,0.006005242484512416,0.0058299350019298205,0.005789869053342276,0.005773376795794414,0.005749518376185846
500,3,lognorm,null_gauss,400075,k1,0.05,199,0.012965572777256185,0.02302318900581002,0.015716842387422658,0.01434414322202826,0.013773283291012128,0.013150548916358695,0.012837924256784594,0.012664170140378461,0.012383292183741457,0.011897069636476076,0.011614134961194456,0.011133384964567283,0.010960129921487594,0.010763116345776091,0.01048183133193581,0.0101576167921259,0.01000939890517527,0.009907387445919236,0.009758103777168015,0.00965534203355467,0.009493674310761535
500,3,lognorm,null_gauss,400075,k2,0.05,199,0.3346257604079184,0.6884813870487103,0.5367798406668339,0.4908403163538449,0.458461674629781,0.4402366978852197,0.42745349879990563,0.41753256594200944,0.4011430260064603,0.39980317872870935,0.39735546783022,0.3798060190044232,0.36964717072347925,0.36593679040943256,0.362128104987177,0.35548026907592023,0.3322710287392334,0.32204000275069783,0.3173522393266056,0.29374339339459743,0.28491049533681234
500,3,lognorm,null_gauss,400075,hsic,0.0,199,0.004716370691855316,0.015981152962989655,0.014713934902869222,0.01392978942908071,0.01294773840058569,0.012600737598695354,0.012433742932847205,0.01203076388993881,0.010826754575460153,0.010430548039591554,0.010343066710153363,0.010078563522829612,0.009739753550836644,0.00941627623055604,0.009287352294084969,0.009121821064459653,0.008641952601146667,0.008492908765600111,0.008281868636687438,0.008118595799011067,0.007980229997337895
500,3,lognorm,null_gauss,400076,k1,0.05,199,0.009908372310785452,0.020235283245962632,0.01959745741144764,0.015463229658212785,0.015093554871814574,0.014565477292270312,0.014455279555560197,0.014106101106024282,0.013745650111843144,0.013647609228512825,0.013361242236133553,0.012849477037769508,0.01193254516443365,0.01172262917482314,0.01142125738507982,0.01133417867395492,0.01097481605575612,0.010857999124559758,0.010535625194015075,0.010469157483603886,0.010224698094575158
500,3,lognorm,null_gauss,400076,k2,0.05,199,0.11386002717460596,0.9664617912511531,0.7865148724855068,0.7788688464070631,0.7244618561413675,0.6382428875690458,0.6163410218294033,0.6064637945444818,0.5719406653926251,0.5622809942979554,0.5585809168603508,0.553324878646165,0.5421261049782742,0.5224513586562555,0.5103550922641544,0.4735425944168031,0.4592182075833434,0.4466040138386768,0.44106888554515433,0.43468693554740356,0.4290286173867674
500,3,lognorm,null_gauss,400076,hsic,0.0,199,0.013245732413281383,0.029398129980353366,0.024409420080001652,0.023566306703515304,0.022638571941242677,0.021743596321210635,0.021150019364059084,0.021118956080283642,0.020784744185892497,0.020505271603023657,0.019987691767597755,0.019641903295883167,0.019063570305384744,0.019026253621924165,0.018830137236067208,0.018704700580699497,0.018076328455731032,0.017982953448710627,0.017916054052233205,0.017846949064659876,0.017405110323547985
500,3,lognorm,null_gauss,400077,k1,0.05,199,0.008941680776090255,0.017191675038004006,0.015502052410658496,0.015320735074140113,0.014951642650661956,0.014876244501038083,0.01469444784595142,0.014688551276006545,0.013715589482137303,0.013613167408244364,0.012941024195021744,0.0126406653822273,0.012427311166015476,0.012143828855339711,0.011594820416793383,0.011351769794200717,0.01105349849242454,0.010941910586941828,0.010902939764690145,0.01071195455225249,0.010581649143561522
500,3,lognorm,null_gauss,400077,k2,0.05,199,0.1916849022314005,1.2407374980345605,0.8936286840010889,0.7270167322035818,0.6733840505924894,0.6496485783812992,0.6127319377836926,0.5983496171798807,0.5846131508745434,0.5293014054102914,0.5169669744147173,0.5126187104557608,0.47215611145633485,0.44936946369357506,0.41847798473915354,0.40866319366969794,0.4022092406736891,0.4003479013685718,0.3900752819025865,0.38803795419776355,0.3801806095397169
500,3,lognorm,null_gauss,400077,hsic,0.0,199,0.0003781754180194558,0.005810140203682331,0.005197445325629553,0.004565300475177271,0.004393697817844798,0.004134490450583688,0.003992994945928871,0.003849114988903276,0.0037546538976220294,0.0037039504760187103,0.0036229742760706136,0.003392420918267237,0.003189650451539565,0.0031307247684332325,0.003081441517000786,0.0030714305979694084,0.002905477566929767,0.002778500518869876,0.0026724398066619343,0.002636058929455433,0.002573963855164875
500,3,lognorm,null_gauss,400078,k1,0.05,199,0.008532844820176133,0.022769600490499253,0.02162076168013416,0.017892024212244007,0.01697715061202887,0.01673222408435182,0.016310166143454263,0.015617456147487163,0.015398133988085316,0.014920839263011687,0.013558406940599177,0.012750089229280226,0.012536466882793085,0.01232058214543652,0.012247194926779947,0.011979921097539314,0.011848921666076984,0.011830635036337078,0.011779026750495136,0.011633384810505909,0.011480199542286518
500,3,lognorm,null_gauss,400078,k2,0.05,199,0.14254598263604035,0.9251691662429874,0.8703410522379085,0.8110475120427739,0.7308441844824525,0.7004430822767784,0.6459534714791088,0.6135929022458443,0.6041478131492976,0.5625472300605368,0.5547190270491493,0.5263305537323304,0.5208922382448228,0.49259860679127015,0.4868048659377554,0.4510043343598504,0.43408769775795547,0.42630030150935366,0.41519465185176485,0.4087388308410061,0.405780417865618
500,3,lognorm,null_gauss,400078,hsic,0.0,199,0.012605733886402614,0.026703994918086164,0.02232980847500419,0.020812232402065804,0.019684105972723697,0.01951394611984855,0.018997110295135046,0.01841033136890289,0.018194949410042165,0.018039789146643708,0.01777494497056279,0.017619392849247087,0.017403816868446,0.016965134345133675,0.0169166368011651,0.016809561942919524,0.016673710611065505,0.01657714873123656,0.016568563167117595,0.016252873954750825,0.01585009229105478
500,3,lognorm,null_gauss,400079,k1,0.05,199,0.00951577576323226,0.02586481568433996,0.02389910407559198,0.021964782695826746,0.02149632721176631,0.02020403119275538,0.019624048857978416,0.018498991627454053,0.01741376085571239,0.017204586317717374,0.01702352313907174,0.016891337898190972,0.016839595789278183,0.01659690312585471,0.0165570040999371,0.016389507188292796,0.016227285561721205,0.015978844384202384,0.01592761571812884,0.015688347331856756,0.015665866687979757
500,3,lognorm,null_gauss,400079,k2,0.05,199,0.09740222658505876,1.149433396780012,0.8872982397374033,0.8271389964829253,0.795119589553869,0.7254208707879141,0.7015192932898883,0.6319551166690508,0.6216641550195459,0.5757500679466524,0.5490374742841698,0.5364091055485438,0.527663929064549,0.5241858043428116,0.5120679888430549,0.49505812106256275,0.47032516459248813,0.4683083869033084,0.4552804904684959,0.4414157614610176,0.4284823505212144
500,3,lognorm,null_gauss,400079,hsic,0.0,199,0.0010536776390643893,0.008991798171484119,0.008562338520805408,0.007872477645664556,0.006856015369288978,0.00655462971581431,0.006260258656794198,0.006137705168705679,0.006011810211049881,0.0058501258762358715,0.005708544799463664,0.005502595979623403,0.0051174815235804924,0.005103306312227589,0.005007417106807213,0.0049602770256185836,0.004879928485763078,0.004628549595043608,0.004599012359950536,0.004481342089138411,0.004332506435160537
500,3,lognorm,null_gauss,400080,k1,0.05,199,0.005723573661280956,0.018146377331522467,0.015994836609141472,0.014869676198116633,0.014479947440143914,0.013921617495306682,0.01301660347073974,0.01282855205609934,0.012297866036958705,0.011882636026842919,0.011490422610984541,0.011442507305714056,0.011366002058177838,0.011278755576834443,0.011191697876750006,0.011004553921800775,0.010413428561284688,0.010252791270357609,0.010129859729494095,0.009881029825884458,0.009510432193759355
500,3,lognorm,null_gauss,400080,k2,0.05,199,0.1805501103316983,0.6874449782063029,0.5966845033865912,0.5712424960059665,0.5582638412217212,0.5296630553023971,0.476952684194125,0.43609340096431015,0.4289655672535909,0.42163852686674985,0.39840341639033955,0.3886355715424136,0.3841862944215132,0.37726069502248305,0.3648983073013614,0.356370753184617,0.346424290315707,0.3350070878407557,0.32191067047304295,0.30644891222573606,0.2963986352337172
500,3,lognorm,null_gauss,400080,hsic,0.0,199,0.002786451052973882,0.01145593777971379,0.010443314980183345,0.009419848356550457,0.008531230361158541,0.008153661185732233,0.007536231151153124,0.0074349331498965,0.007315976806662222,0.007045991069396923,0.006904374969941609,0.006861810475388427,0.00683630667226206,0.006830488196694417,0.0063170978108175214,0.006175347558032174,0.006078106433248918,0.005906932887528644,0.005867451405008593,0.0056566965883822155,0.005621272892634658
500,3,lognorm,null_gauss,400081,k1,0.05,199,0.024671595174696914,0.01932311535728448,0.01627773106642988,0.014998683456841522,0.014374655848904294,0.013830201530088737,0.012935310478341178,0.012757488363100533,0.012370939784310586,0.011943224168783906,0.011900412407692018,0.011842543455938825,0.011815408057056942,0.011707128015181478,0.011624462642306821,0.011427691560808806,0.010878522337843477,0.010759776785315367,0.010700025875922337,0.010673643014568523,0.01050678026482399
500,3,lognorm,null_gauss,400081,k2,0.05,199,0.6080760931985496,0.9309843886640482,0.699354510797362,0.6691012817452027,0.6061463735889043,0.5893003252608137,0.5590294490409858,0.5480063782818099,0.5275266839735461,0.5117979244276702,0.48694490595304213,0.4829783995884433,0.44779840543803134,0.43303418964722007,0.4154996147827165,0.4086608687899086,0.37111193297710016,0.3609136820527063,0.35115398265528985,0.34571542756164353,0.3385452494068379
500,3,lognorm,null_gauss,400081,hsic,0.0,199,0.006495545053596794,0.017597296296927294,0.01745591285481227,0.016402099664183746,0.015617304670795779,0.014431666290863069,0.013860491955952787,0.013292518525417652,0.012900497159002402,0.0123064539816542,0.011881707011528792,0.011756994156009842,0.011363390578586962,0.011114287396782779,0.010876372827816613,0.010553254658576733,0.010414588097216107,0.01027752125678123,0.010147976535379282,0.010041959084902333,0.009788452605597018
500,3,lognorm,null_gauss,400082,k1,0.05,199,0.009759540527294108,0.01695923027851154,0.015374578630084068,0.015031163032616535,0.014786515647878251,0.01427286126157501,0.013128404034925545,0.012935069058992554,0.01281323747571772,0.012634155769300714,0.012416801711706338,0.012397128115613554,0.011864544639376362,0.011825579668594322,0.011762737619394392,0.01148024803955594,0.011404654284531413,0.0113288134346059,0.011238989798217802,0.011163932552614053,0.011095288961816219
500,3,lognorm,null_gauss,400082,k2,0.05,199,0.19014109460900852,0.9917214625222488,0.9458223038556466,0.8567603522724205,0.8455227886929279,0.779295118790785,0.6966596744960626,0.6380274042007864,0.6335474041399277,0.6287067053820499,0.5937993596921323,0.5788345745156346,0.5608274835546506,0.5380938658506045,0.5188057230436771,0.4675363664097608,0.4571834601811397,0.44624879414332014,0.4395153020552519,0.41818832585852367,0.40797489435403295
500,3,lognorm,null_gauss,400082,hsic,0.0,199,0.0012491338401818216,0.010153928275350376,0.00962946705942184,0.009180999172947412,0.007678753694910748,0.007548875206248075,0.007346078596763488,0.007015167177201506,0.006822318032119565,0.006577311977079558,0.006479384853462269,0.006372393775207703,0.006285101016732639,0.005772903898404294,0.005633652558333219,0.005553283048369431,0.005502057524935997,0.005492397019614529,0.005436064857174413,0.005348982705284336,0.00523726707166708
500,3,lognorm,null_gauss,400083,k1,0.05,199,0.0033246419836239216,0.022826515885245313,0.02111409383823515,0.017284398639716203,0.016202627658619795,0.01502133406107714,0.013930779170969965,0.013707733864050109,0.012969829996427484,0.012471863105759762,0.012228982543815548,0.01177325722126521,0.011339824189894432,0.010773204288104465,0.010688814035723304,0.010530765558129873,0.01043283664285044,0.010310055419253783,0.010114795143056687,0.009989187573444802,0.009865600527091845
500,3,lognorm,null_gauss,400083,k2,0.05,199,0.03293347186959619,0.8533846129171881,0.7960357438800293,0.7410586049553878,0.6255615143709765,0.5707326140885541,0.561060876908873,0.546706062757332,0.5221890912481584,0.5192281882140461,0.48088094906077183,0.4653264851260535,0.4512709347953582,0.4250015610984547,0.40689776367642744,0.4005171174104744,0.39356993781434724,0.39045954213160644,0.3841474608936601,0.3761499956048142,0.36003260467764336
500,3,lognorm,null_gauss,400083,hsic,0.0,199,0.004043030903424248,0.013470128312082011,0.01309396522009777,0.012601324144537959,0.011950422172691981,0.01111213772610259,0.010533341724043672,0.010341867410795636,0.010062118382465575,0.009953473069389684,0.00989477391298215,0.009273047305028467,0.009115485562985904,0.008947162482647772,0.008711554150933984,0.008594194110323961,0.008484147138302322,0.008460232155268272,0.008437792127666408,0.00819416639732048,0.008152398346775344
500,3,lognorm,null_gauss,400084,k1,0.05,199,0.01228195563638601,0.020569353897403053,0.01728579964958943,0.015543635224329888,0.014876717828451236,0.014844869968665853,0.014332450692301824,0.013688226061239872,0.013517070913067863,0.013115897797838116,0.012897080363618252,0.012479341097023866,0.011968118549486095,0.01182494285983271,0.011602226048419317,0.011342964971874259,0.011255382997954366,0.01113400633318229,0.011072214050284024,0.010955157958238981,0.010669708540050449
500,3,lognorm,null_gauss,400084,k2,0.05,199,0.2249145788536482,1.0421231769231358,0.7670877279807279,0.6582022026786982,0.6422081512707332,0.5967229062073542,0.5502172426014893,0.5391532319141109,0.5123287906567184,0.4988218128548054,0.49345503102370003,0.49114948339684406,0.4443238026957804,0.4306458245818926,0.4116896680290297,0.37638728038585995,0.3637252990785091,0.35712047081493603,0.3433726630437656,0.335874791974245,0.32302194226226366
500,3,lognorm,null_gauss,400084,hsic,0.0,199,0.004341195044458611,0.011378262741903804,0.01091233782136543,0.009610597281093538,0.009409804074300547,0.009114683595374845,0.008885563889161369,0.008548306991528861,0.008288920955131967,0.008157748607234882,0.007983153459691623,0.00792188384837622,0.007646086680985707,0.007552581289856965,0.007298779876961859,0.0072384536143909025,0.007149182082905665,0.007099459391587101,0.007033861028615174,0.0070150049380769105,0.006833292354078505
500,3,lognorm,null_gauss,400085,k1,0.05,199,0.007389467869890698,0.016562727868492944,0.016125385541070014,0.015318539682906196,0.014250232745239455,0.013239583710147329,0.012742861225173319,0.012077860771222748,0.011589601627642998,0.011254715502686419,0.011009448756466922,0.010842462211728243,0.010775620768395666,0.010360541594880535,0.010277604102161275,0.010162309224678978,0.010062697487355221,0.009817430076538347,0.009724781190163179,0.009406657482711411,0.009378226944372958
500,3,lognorm,null_gauss,400085,k2,0.05,199,0.13749170107379766,0.9757520571236596,0.7520643025442029,0.6834817157931824,0.6485012377521158,0.6082116229634154,0.5795578655637689,0.5685502780997912,0.5555610266952704,0.5498091482449148,0.5127180367380183,0.47934238269476953,0.46103495939673006,0.44907195926693105,0.43010833908306334,0.4294604346231451,0.42723088747010535,0.4209237340704632,0.400694162349897,0.3991362549158235,0.3961432285277764
500,3,lognorm,null_gauss,400085,hsic,0.0,199,0.0020130450041270327,0.009231086153118722,0.006020379044974532,0.0056937543391925634,0.00546644436463365,0.00521075530049663,0.005005340075097384,0.004809388015895782,0.004518695812278171,0.004176474047878803,0.003934195329514462,0.0037779262487202376,0.003680676127382226,0.0034705810280131854,0.003244744487555235,0.0031592938333994494,0.003043832334245701,0.003007024972902044,0.002883441479298516,0.002838163672426193,0.002802945688087256
500,3,lognorm,null_gauss,400086,k1,0.05,199,0.0030400966157978493,0.019227421921139687,0.017438181643359085,0.01393706502472758,0.013653086245312251,0.012870949622413974,0.012794180761580232,0.012046611315121636,0.011589161038004225,0.011147296485818359,0.010399250670266369,0.010279203820876326,0.010180694622615838,0.010091450485181008,0.009935228532431895,0.00972206117494867,0.009496344338098539,0.009305525038441287,0.009229353384010763,0.00914634315525098,0.009028286947238562
500,3,lognorm,null_gauss,400086,k2,0.05,199,0.09293301801849249,0.727297233925829,0.6070531480764337,0.5315177134092018,0.5149642503672072,0.4987530244242556,0.47900761693362864,0.4722372075484427,0.4424238929950805,0.4164629585850163,0.409745805114238,0.40289373907135734,0.3937264510374037,0.3867008409627342,0.3575188765793084,0.34843792216285296,0.34547963505374985,0.3388062688689642,0.3293677285143075,0.3225723426613332,0.3148706803208653
500,3,lognorm,null_gauss,400086,hsic,0.0,199,0.00214614158775092,0.005141945840380626,0.004923035591768302,0.0048061554876400675,0.00446594828721283,0.004198024671034354,0.00400260471186578,0.003876728494834084,0.0038486914590517606,0.0038073432696201217,0.003759226840888638,0.0035311409859434886,0.0034864841893666567,0.0032682416593361905,0.003260661781827011,0.0032169223690416146,0.0031279633535953406,0.002980368825620423,0.002973853025736956,0.002936879623371986,0.0029083445349104894
500,3,lognorm,null_gauss,400087,k1,0.05,199,0.008745932854693161,0.017209140651932797,0.0161258831235378,0.015266046100888109,0.01508264962835959,0.013681924354301267,0.012850091060751523,0.01203497870187864,0.011774868853994869,0.011707234656913146,0.01145830359679223,0.011174741584471848,0.011093291225954482,0.010768200134195438,0.010683723280490609,0.010595328301166274,0.010523191940506549,0.01043032581051384,0.010291649976584605,0.009799666699627618,0.009714560072747402
500,3,lognorm,null_gauss,400087,k2,0.05,199,0.23309669138850644,0.9051321016468677,0.8490478588616406,0.806060496915767,0.7462691552510369,0.595956289454942,0.5480733794459856,0.489526574116151,0.4560895479298874,0.43778404716384434,0.4254066717359698,0.41796690793223823,0.4136738172080713,0.4076224850790795,0.40382002887362806,0.3966846262587222,0.39456194141630013,0.38273187066916553,0.3782412028094753,0.37338800269028855,0.36900749049016734
500,3,lognorm,null_gauss,400087,hsic,0.0,199,0.007078336484683648,0.017627026006826304,0.01581169315651867,0.015226616034595596,0.014966331668077433,0.014797299842861832,0.014490347997138218,0.014113949896575786,0.013884410644037079,0.013583138587510354,0.013047213016990584,0.012947155334060914,0.012586378998359345,0.01242318580784354,0.01213402494256103,0.011822664555610898,0.011759548839512819,0.011663584001420608,0.011614348144835347,0.011578318040079373,0.011162828247333879
500,3,lognorm,null_gauss,400088,k1,0.05,199,0.0039012446893851305,0.01596445205834124,0.015479251166130692,0.01496975920117849,0.01375899607227632,0.01275475221743827,0.012316683057320088,0.011929499200118321,0.011330878252348464,0.011126462986963515,0.010950219095916314,0.010843957171417062,0.010348357474831649,0.010148934042733648,0.009875350280933781,0.009593503923338076,0.009434417137109796,0.009052712025310883,0.008909014662972115,0.008735351730618901,0.008634143426779484
500,3,lognorm,null_gauss,400088,k2,0.05,199,0.08538015497865563,0.7582588709695061,0.6556140500699871,0.5922703293207913,0.5545907532856057,0.5319743304418059,0.48347209318738044,0.466520001654905,0.4508496722904746,0.44591551676486624,0.4234113234736582,0.41261827198369855,0.3868414746595884,0.3744404941033059,0.3727838868343061,0.3583075419198725,0.35026922259265814,0.3457844920135445,0.3317552246919614,0.31560126349675527,0.30922583108136625
500,3,lognorm,null_gauss,400088,hsic,0.0,199,0.007051023609056986,0.017229828682324984,0.01595180041590454,0.01536905498916616,0.014806805738914124,0.014567893657370191,0.01442272025130855,0.01360046695508893,0.0125426152503679,0.01244046463432756,0.012138963456039091,0.01160620500581254,0.01151790479235382,0.011225811088104241,0.011143367153069017,0.011075071168269337,0.010947587434607118,0.010777193218938122,0.010562689806271012,0.010451159280011847,0.010237691154163592
500,3,lognorm,null_gauss,400089,k1,0.05,199,0.012514165202092808,0.021303137019779594,0.02104954654672958,0.01843116125806521,0.0176339454322324,0.01691576099695591,0.01682366333435803,0.01643099125781311,0.01592238758863318,0.015670696372870774,0.015086434453328301,0.015019585263178703,0.014280267348330433,0.01418292145491773,0.014126796765845828,0.01392724492773123,0.013805467123405468,0.01368668349745028,0.013511953350843875,0.013356218876078962,0.01322860200624898
500,3,lognorm,null_gauss,400089,k2,0.05,199,0.2641827683853495,0.8586922980436669,0.7325466878443627,0.6568437149977672,0.6301861518994976,0.6199861529965354,0.5852036291124152,0.5801426083694191,0.5607100461739402,0.5436971727050617,0.5026953973287918,0.49133925353205754,0.4871778067296393,0.46758409601098416,0.4547916238574888,0.4382557438048087,0.4263352050713468,0.4247761954875086,0.3956918874432137,0.3866225829745669,0.36913325815166065
500,3,lognorm,null_gauss,400089,hsic,0.0,199,0.00403934878404283,0.017318765893169868,0.015017242162373129,0.014919485337924627,0.014607210678603884,0.014198634766496012,0.014130644712049552,0.013648755047039034,0.012801108889926185,0.01241661613596335,0.01213505381134207,0.011829331002839174,0.011351153854635152,0.010652039869188246,0.010615492594544284,0.010571556402351275,0.010433795933168424,0.010164821218871785,0.010101452215527312,0.009826492828097272,0.00954730336031269
500,3,lognorm,null_gauss,400090,k1,0.05,199,0.0041492752819766165,0.016551604684023835,0.01594014439867797,0.014174598696042429,0.013440759557242554,0.013097874928946873,0.012186199431346911,0.012037604836215965,0.011960227767285558,0.011389537255222293,0.010996014316387193,0.010651419237204585,0.010440579469157218,0.010235977258387652,0.009835739029401491,0.009830507647076825,0.009462505947050004,0.009297947678552632,0.008934542478112761,0.008777136734849145,0.008695581302712863
500,3,lognorm,null_gauss,400090,k2,0.05,199,0.10173948365468155,1.0762964184088364,0.6327385318652639,0.526777008720982,0.5033607926238147,0.4897672630941755,0.48133038797637834,0.4601018749120112,0.44389703755188825,0.41666393277785235,0.39603316181166115,0.38343263166301367,0.3729228560020926,0.36364706859651524,0.3543430680262932,0.34673859687807745,0.3273019673375842,0.3242556326423738,0.3195104145567525,0.3159635199264649,0.31078136358861735
500,3,lognorm,null_gauss,400090,hsic,0.0,199,0.005021059899034341,0.016417144544384532,0.014952563181558859,0.01401475647612277,0.013185968389594713,0.013105893031706183,0.012508492495065762,0.012224943116689582,0.01167690339756344,0.0115506886669661,0.011265495341804972,0.011190771058611926,0.01082068794592852,0.010600934514119986,0.010073419369816596,0.010005254000567777,0.00990083744944714,0.009809698442393799,0.009438717783379319,0.009349200712528646,0.009272228207071983
500,3,lognorm,null_gauss,400091,k1,0.05,199,0.009079064100764533,0.016990233673688793,0.016041865017081824,0.014351380458178409,0.014049427222842192,0.013940653425157268,0.013850843649154787,0.013045555623694471,0.012498125510899072,0.012416990814053341,0.012281113340212257,0.012099062677019767,0.01183212685761581,0.011729716168621396,0.011415881189897448,0.011295022454183679,0.010835536364116494,0.010763532909835671,0.010736950366282916,0.010679864728122435,0.010598125409541415
500,3,lognorm,null_gauss,400091,k2,0.05,199,0.2689857382684459,0.7281555188713392,0.6823673553314191,0.5779494576563051,0.5719302676337494,0.5504385240849995,0.48817239096438664,0.4647749685442658,0.4532209508408926,0.4489192870312683,0.44159612992665614,0.4241606442051494,0.41935468008759724,0.39970519098683727,0.3951936817713418,0.3751709677612408,0.36192691154294376,0.3499072832995092,0.34468360184184665,0.3374887536605164,0.3275203312054879
500,3,lognorm,null_gauss,400091,hsic,0.0,199,0.0028518068098727315,0.012474770560712336,0.010371499307267412,0.010314282936298685,0.009505021644833812,0.009412803981592355,0.008898797431074197,0.00859687503607579,0.00837556153097422,0.008336675512913306,0.007842070341457183,0.0076215696545730936,0.007499351040642939,0.007372330939083631,0.007106898600996837,0.007035423290835125,0.006855653394705333,0.006706308106465835,0.006565766284947687,0.0064405440048118205,0.006382995890918967
500,3,lognorm,null_gauss,400092,k1,0.05,199,0.001379099484557389,0.015546138573774182,0.013270566900709158,0.012336682399013199,0.011875996355402707,0.011766939256834474,0.011355299511303985,0.010965770985844059,0.010668134898276505,0.010521815056759531,0.010404128241124577,0.01014075142901183,0.009721766786763508,0.009426589093251447,0.009298267681042804,0.008602481989564592,0.008317380509471728,0.008174561667020352,0.008128080804774007,0.007953103625444657,0.007928022335128682
500,3,lognorm,null_gauss,400092,k2,0.05,199,0.05205427600120783,0.7379748081121713,0.5896270308527226,0.47450477490645193,0.4579875971319746,0.43567351196779824,0.4298778180676177,0.41492432357510106,0.4001642993151334,0.38857607835039115,0.376012371429673,0.37301791517210686,0.36534385882341824,0.35590312099416627,0.35065406219266,0.3489750316552519,0.3431249479569775,0.33045820598964115,0.3158065325789436,0.31205061837464876,0.30265984168706317
500,3,lognorm,null_gauss,400092,hsic,0.0,199,0.008502668442950093,0.017239734634119076,0.014554911899108918,0.014361908781541591,0.013881281875894958,0.013576955186377035,0.013489355498727767,0.013125972302681381,0.012932707538775009,0.012339195052819404,0.011976423942951727,0.011797730436507153,0.011627398207908281,0.011506141462548296,0.011429728086111696,0.011088775434605826,0.011000840147675621,0.010877153380364428,0.010635937399657975,0.010613297651092984,0.010586013102218354
500,3,lognorm,null_gauss,400093,k1,0.05,199,0.014582526300383813,0.01760221445320581,0.01645473095810801,0.015746140677927234,0.015665838070448634,0.014100861436089906,0.01361538547479757,0.013485862972851037,0.013317013650494092,0.013129772957953034,0.012810079544786857,0.012489302652655465,0.012245112734224795,0.012220573064164686,0.011849537082925354,0.01169858085325981,0.01151259021830564,0.011232372413480851,0.010931480870383758,0.010870407790442349,0.010642591860033024
500,3,lognorm,null_gauss,400093,k2,0.05,199,0.3651422092918117,0.8543219693979308,0.6171112127394361,0.6008964958835155,0.5432371283502125,0.534358878955281,0.5185138286029306,0.492007241238572,0.4692740983221206,0.4518724859526206,0.4248043685447857,0.4104247119100755,0.40123824397649466,0.39508564943175667,0.37673310034423113,0.3734415362091235,0.3604291840436362,0.3450315722942805,0.33852596576184946,0.3280528621447571,0.3258540635947062
500,3,lognorm,null_gauss,400093,hsic,0.0,199,0.00460982237227739,0.013323810599613663,0.011069308715109194,0.010638169577120517,0.010614030245675716,0.010304306558780169,0.009977525531575724,0.009828426117515063,0.009553130406959365,0.009338190483999198,0.009079578289643835,0.009047993160944727,0.008883534979555827,0.008555602844256497,0.008466891474149306,0.008334974889126231,0.008231045168430713,0.008041408053916411,0.007880385535342814,0.007859656086289456,0.007767881018827443
500,3,lognorm,null_gauss,400094,k1,0.05,199,0.012458774166152708,0.018955302199861412,0.017925098865169797,0.01643674144705165,0.015934379203249638,0.015074249326772704,0.014335743932393119,0.013620859986407274,0.01316849036974066,0.012744244200103227,0.012680552124613442,0.012549045694315863,0.012247605270076622,0.012197343914148728,0.012182962837989142,0.01208329981931533,0.011907118719825638,0.011598502713608405,0.011569224751747154,0.011476065212244979,0.011409424961159709
500,3,lognorm,null_gauss,400094,k2,0.05,199,0.28274463994385146,0.9392504141009181,0.7874170835108761,0.6967281680784134,0.6322091872531399,0.5691120167015807,0.5440341868690952,0.5222137540061835,0.48627336491689244,0.4671707390634398,0.45273630977105855,0.43168162807028176,0.42823770820529117,0.41246047594864693,0.3938548395779306,0.3909516453587846,0.38721265677411815,0.38237950875590876,0.3708809084352061,0.3654466398827315,0.3594371968042963
500,3,lognorm,null_gauss,400094,hsic,0.0,199,0.010066409702116131,0.024537045676254268,0.02188684784920314,0.021403212109231594,0.020638815282015603,0.01964816942889611,0.019420170603002475,0.019155054671141317,0.018092902581338485,0.0176514397121875,0.017559955469376467,0.017354964556213742,0.01721023400417866,0.016930998406866127,0.016741829483899406,0.01658798616351684,0.016556465923247145,0.016464519903623166,0.016356566317958086,0.0162578192059907,0.016108514666500016
500,3,lognorm,null_gauss,400095,k1,0.05,199,0.0025144416010876025,0.016961434597378533,0.015267330806773116,0.014643854893862218,0.013511926005935315,0.012681585054619249,0.01247722180654659,0.012382232188486053,0.012341736859776908,0.01187761378325658,0.011485558127488082,0.01139498575242287,0.010949708689679594,0.010741054715771803,0.010675234254878041,0.01047517159262168,0.010466992089743665,0.01038042710440984,0.01022942171734148,0.010109397978695367,0.009993917565328636
500,3,lognorm,null_gauss,400095,k2,0.05,199,0.038121773938165494,1.1391469422737768,1.048225688632969,0.8385546107843411,0.8071039358554875,0.7294727982184613,0.6803770853251049,0.6594690081454552,0.6242914298721678,0.6057628907012915,0.5855166134349858,0.5372563908016293,0.5180388372673307,0.5053135491466344,0.5050666123764715,0.489478621365036,0.4425936486636137,0.4345223299956613,0.4281450299246011,0.4131344467427147,0.40012198755729683
500,3,lognorm,null_gauss,400095,hsic,0.0,199,0.008420478578631868,0.018400782382602274,0.01732531448219667,0.017057613981524854,0.01665924373669626,0.016052292764500684,0.015263490606358333,0.014628318379936863,0.014202060677074434,0.014168737627053143,0.013850229048175497,0.013611978023806011,0.013605134966593034,0.013581111446061254,0.01354215008353511,0.013387773489519115,0.013239896471844865,0.013157066201428301,0.013121147350747672,0.012950448714301574,0.012895274886291703
500,3,lognorm,null_gauss,400096,k1,0.05,199,0.0033733685706953676,0.016421435260385864,0.015075510775250711,0.012979565899923662,0.01248551025670841,0.01227514502158844,0.01200944480962124,0.011198665833051735,0.010851707962080903,0.010462191610831284,0.010094660874192862,0.009636972814854872,0.009494977468204602,0.00911305405396523,0.008955469151364803,0.00884850264174708,0.008591137617060984,0.008377040654433898,0.008252348703759793,0.00807564863647281,0.00795076571398412
500,3,lognorm,null_gauss,400096,k2,0.05,199,0.12212124085988141,0.6571956500208118,0.5950829643689369,0.5648073786190867,0.4417066101141528,0.4309094816911821,0.42185093073445834,0.3898603097174895,0.3880953824212375,0.3809380981533023,0.3578273935047171,0.35339946840719255,0.35004934969296536,0.34762905599924904,0.32216825322764736,0.3170159735569007,0.2920578384714586,0.2872434634355957,0.2802706868414339,0.27585357930667476,0.2720285614846452
500,3,lognorm,null_gauss,400096,hsic,0.0,199,0.005325673046522551,0.013206917463274421,0.013116082461674733,0.012431238156043144,0.0123275221941819,0.012197844540412561,0.011669111359838046,0.010471540004123488,0.01009084864145991,0.009959274351279291,0.009585381803937454,0.009445395274960718,0.009065672749840931,0.008947138472000255,0.008850508643830877,0.008711722137855111,0.008429924803949258,0.00816939342791001,0.008101262476575357,0.008018505480238762,0.007922328199152512
500,3,lognorm,null_gauss,400097,k1,0.05,199,0.007980733256672812,0.021395137728324243,0.021061496262184454,0.019521479967398114,0.017131405426741853,0.0157379181251891,0.013595891947700611,0.013341791332748487,0.012662303360586824,0.012454215732127905,0.01166977465980601,0.011476220233719858,0.011269020131487117,0.010602273541846396,0.010250539836363148,0.010006713074214302,0.00997388325943005,0.009780839991637924,0.009632760599911028,0.009526312306261109,0.009424817893132875
500,3,lognorm,null_gauss,400097,k2,0.05,199,0.24651193200942315,0.8273615052969235,0.6316570534436087,0.568242873325046,0.48056798843445536,0.42323300570887556,0.4126053160840301,0.4086666840601757,0.38984506218595383,0.3866718808365504,0.37701364581768365,0.36444561707786155,0.3489674940145947,0.3454868212487517,0.3293978874047857,0.32619350148891735,0.32276755125818096,0.3097008067958433,0.2866641718702189,0.274498698547864,0.27217892153512246
500,3,lognorm,null_gauss,400097,hsic,0.0,199,0.003083266151609212,0.012139769318410723,0.009749813952415403,0.009386109418395664,0.009091399344053433,0.008946880583366137,0.008770805155756201,0.00808817981932174,0.007922664474291873,0.007813296210896508,0.007395338757021353,0.006909201443895463,0.0067015648906899716,0.006578111618400939,0.006239887725382382,0.0062274468535103555,0.006219327602233338,0.006180419040048992,0.006126395458252505,0.006047310118755227,0.005988271100765882
500,3,lognorm,null_gauss,400098,k1,0.05,199,0.009330080825537324,0.019466849801594188,0.015570263711973231,0.015228688555320447,0.014156229229853656,0.012852923157544938,0.012498164034155601,0.012428238841385997,0.011518860646016926,0.011386687489775338,0.011058317983342003,0.010921124638334723,0.01087540819514421,0.010726737019944643,0.010623820411940876,0.010335443507980546,0.010231546349373177,0.010171833938330321,0.009928127992298807,0.009832675440029526,0.009687790614972047
500,3,lognorm,null_gauss,400098,k2,0.05,199,0.3235333331015085,0.7529499402677361,0.5462849626279661,0.5207803237350146,0.4923382057503672,0.46473055467246654,0.43709799264612825,0.42696958710532384,0.4135277766585963,0.4024152987334588,0.38263845963323156,0.3759000791716042,0.35748062360312716,0.3490164841748349,0.3429300018316501,0.3391115692170648,0.33651723035062536,0.3224935987224579,0.31923796271399313,0.3124960372356875,0.29693437962473274
500,3,lognorm,null_gauss,400098,hsic,0.0,199,0.00497644157329677,0.014635657856023727,0.013515434772224073,0.013131829598344755,0.012705077408928352,0.012543669242265892,0.012480592671275879,0.011697122833316219,0.01104473066732656,0.010884693548996583,0.0107444243332924,0.01063997013354093,0.01042793601357887,0.01033475520395477,0.010207474470492322,0.009859995261069036,0.009383538182355287,0.009253362573864575,0.009148296900266788,0.008813443716795271,0.00858723381570203
500,3,lognorm,null_gauss,400099,k1,0.05,199,0.0064923695305640905,0.018509070655645332,0.017368764554697824,0.016494634025624233,0.015590061976797798,0.015244664403319397,0.015077920565098046,0.01501590680803444,0.0149567567981993,0.014831936978773608,0.014639292464768305,0.01446318379540168,0.014298791284526713,0.014060596839547967,0.014043953822588384,0.013810727220664343,0.01372522233269502,0.013600110331672577,0.01356563553250173,0.013397884303261609,0.013320001607052823
500,3,lognorm,null_gauss,400099,k2,0.05,199,0.08439942562791623,0.8529146942454805,0.7851047988886545,0.7680484567241904,0.7046749814519063,0.6935937667881834,0.6629603701901893,0.6347376036336614,0.6006566389663447,0.5880832586673487,0.575530747966196,0.5549420541305962,0.5431980128329802,0.539078727365056,0.520035221140117,0.5008546954665728,0.4740988280124927,0.46224366234931025,0.454289297599592,0.44065028608454687,0.412391974436968
500,3,lognorm,null_gauss,400099,hsic,0.0,199,0.005680633333303571,0.016380632063049454,0.016008022546701552,0.015597540935656804,0.014615896261032681,0.014088067438703394,0.013835995405487533,0.013159886921361955,0.013065871202924339,0.012836700883784448,0.01239718184929018,0.012268445546333029,0.012183062456213705,0.012069674954142627,0.01171076287770118,0.011567735622444435,0.011245052284189708,0.011119220833613181,0.011041356585306448,0.010917147865488386,0.010776287840441028
500,3,lognorm,null_nonparam,400000,k1,0.05,199,0.0032051787139939503,0.016532419174883017,0.015016038537087995,0.013991464248709895,0.012829604526516714,0.012191713024729878,0.012002425913804293,0.01140874771079392,0.011398122713157322,0.011086734216442018,0.01098929450565389,0.010500907260467485,0.009843676089989373,0.009311734339760291,0.009147190850520848,0.00904216964243476,0.008888385441315316,0.008829653225947975,0.008737014366248075,0.008490691219601887,0.008374334905834613
500,3,lognorm,null_nonparam,400000,k2,0.05,199,0.11196297541605399,0.7692687721653513,0.6631110465433045,0.6556049550868362,0.5883003185233122,0.5686974954175769,0.5351576345882747,0.520976348266242,0.5187873589720083,0.46927062633048505,0.45073261757012895,0.43366386076669816,0.42494204863858753,0.4182555936972235,0.41134015955964615,0.409943236056929,0.3937674332578851,0.38294740037393055,0.3744616875064208,0.3408007626320955,0.3329353799995398
500,3,lognorm,null_nonparam,400000,hsic,0.0,199,0.0027663021602115125,0.01299788658050764,0.011301961248669262,0.010576703764730687,0.009565962878080675,0.009237690381301655,0.00904210363534474,0.008856863324757018,0.00864026455509008,0.008264768088802313,0.008171107261201587,0.007986930514875616,0.007360549389847153,0.007210525812561557,0.007185824854860239,0.006998310481564194,0.00697842945762818,0.006664677515758598,0.006552233993250883,0.006516981249390736,0.006295818805947635
500,3,lognorm,null_nonparam,400001,k1,0.05,199,0.013972972079770551,0.019955236852621017,0.01564631745534717,0.015128994583745725,0.013883841265157515,0.013565874546591972,0.012964866098199579,0.012356099973380608,0.012071031998056703,0.011769439773241741,0.011746809755791565,0.011501304093408438,0.01122957208356301,0.011034905253059168,0.010775805079985101,0.010654382469014956,0.010372765878113643,0.009929912995771839,0.009716785796728855,0.00949013634149598,0.009421910082364926
500,3,lognorm,null_nonparam,400001,k2,0.05,199,0.26968778805425214,0.6769297428386082,0.575619867630834,0.5564704193932986,0.5342201650024848,0.5303083461550212,0.5086085700637506,0.47015911613846006,0.44975754908531473,0.4339561099481277,0.42161914553171714,0.3949161580209242,0.38644732173649177,0.3802253161637364,0.3720510647065779,0.35402284170172754,0.3444957112360703,0.34190720245994227,0.33670930615628014,0.3283976479552047,0.322490117552602
500,3,lognorm,null_nonparam,400001,hsic,0.0,199,0.003944466588881848,0.01316988686901723,0.01147706441555502,0.010998469992817322,0.010792946016470035,0.010307122428801782,0.010201394060729792,0.01003543115196567,0.009736324279987699,0.009579425389508161,0.009371525422029663,0.00924362326519771,0.009236686234429114,0.009052609316111113,0.008829190173389173,0.008668731113507185,0.008644325250037397,0.008580824596103948,0.00853296695885884,0.008513697919165524,0.008429521582362163
500,3,lognorm,null_nonparam,400002,k1,0.05,199,0.0019277536578188315,0.01779407332885863,0.016819555885356885,0.014057410986370145,0.013043480805181362,0.011571183963798082,0.011462340272230809,0.011448714414509897,0.011208778275595188,0.011032432134950976,0.010555044466969532,0.010425145366371291,0.010077488045993399,0.009970270987850638,0.009869809738025315,0.009612138799776848,0.00942270186795846,0.00937722586300238,0.009161170805864316,0.009125381901281648,0.008866592084358804
500,3,lognorm,null_nonparam,400002,k2,0.05,199,0.06533769839182389,0.7845616513917316,0.622089508214105,0.5932677787406565,0.5662541456148406,0.5516370122706982,0.5156697299943457,0.4922315104535677,0.472183430193916,0.45944450882462085,0.43456673663276163,0.42538963897580306,0.4060051652492701,0.3817631851161767,0.37406477227535323,0.3709571870895021,0.3693269275585805,0.36534833441254094,0.3603360401535618,0.3455030667410368,0.3388141933056935
500,3,lognorm,null_nonparam,400002,hsic,0.0,199,0.003143155574023986,0.01217632531951241,0.01082622975906142,0.010372134474849663,0.009978996212091201,0.009599522563626868,0.009397720539462308,0.009087190918088836,0.008851472054774264,0.008513153280241588,0.008248252323595363,0.00802535546723763,0.007855048751396178,0.00775937028202329,0.007467977976615582,0.007126284037685458,0.007054068751307408,0.006795416422928502,0.006531271833034033,0.006438035677719261,0.006322909237038956
500,3,lognorm,null_nonparam,400003,k1,0.05,199,0.01191630985025327,0.017859074549222753,0.013958998477814788,0.01384714178249824,0.012619414567914822,0.0112772598055223,0.011031462611258758,0.010275220082492376,0.009796169511815278,0.00960900623299843,0.009326011075779461,0.008979317209071636,0.008951029810783884,0.00868434316405442,0.008455015323777237,0.008343077790605613,0.008160548099332088,0.007830391490281752,0.0077866609440440104,0.00772235598120552,0.00762129354719332
500,3,lognorm,null_nonparam,400003,k2,0.05,199,0.3562325542354127,0.6557571604024081,0.5095553364500881,0.45641350088710575,0.4420113433702051,0.4061917873119227,0.4022409886079542,0.38831874003774525,0.379123143292161,0.36109493791989705,0.34296613971717615,0.29729898283428535,0.29511170303368833,0.2931548021881951,0.2829119162993024,0.27388433107536503,0.26167928169175314,0.25674942830042297,0.24858673206422197,0.24548744548699783,0.2409249752480039
500,3,lognorm,null_nonparam,400003,hsic,0.0,199,0.005380786154329737,0.011649671362109036,0.010790023683068254,0.010334485500777792,0.009977122720717048,0.009629012556404934,0.009520904373574623,0.009478846154130792,0.00879698159438093,0.008535725902510359,0.008355919900833694,0.00832253473106248,0.008097956047642508,0.007991240552235783,0.007884715454647327,0.007741233764750218,0.007670875078021358,0.007563568064739328,0.007529959188456091,0.007474242180405067,0.0073991775209194055
500,3,lognorm,null_nonparam,400004,k1,0.05,199,0.008751031887336502,0.017764555263077075,0.012799974878505815,0.012253221944033443,0.01186522204899787,0.011525027572267255,0.011463037172256718,0.01109635778025364,0.010480554073338477,0.010269292777382644,0.00994808097056965,0.009780202565400353,0.009147575777815997,0.00885138761502724,0.00823777247684998,0.008154435463093024,0.0081316890193599,0.007955325881916275,0.007563428597002986,0.0073722031183295345,0.007336167996392695
500,3,lognorm,null_nonparam,400004,k2,0.05,199,0.20978621555993376,0.6249022269678293,0.5346572589057343,0.4545774615347355,0.4121489694162088,0.3859229047394835,0.3664715975573089,0.34372644477640707,0.3371873750769228,0.3258638337996153,0.3233155547046377,0.31969053451586404,0.3095119107604388,0.28984018212585105,0.28932160511130756,0.27993813723313477,0.2745801952906265,0.2687178538404607,0.26297758607704835,0.25834481236909534,0.2579175181222531
500,3,lognorm,null_nonparam,400004,hsic,0.0,199,0.0006624597857243768,0.004085732296831765,0.00391906987602008,0.0035308753731323216,0.003347138714444035,0.0032081297127436793,0.003193511983878717,0.0031336809751528784,0.003075721775648984,0.0029510214916827187,0.0028840451953826176,0.00283377137735405,0.002763653772706607,0.0026496761071692384,0.002592458832453504,0.0025751841345320885,0.0024972741614722764,0.0023898753852951166,0.0022346552583244667,0.002188718804926896,0.002173414203944964
500,3,lognorm,null_nonparam,400005,k1,0.05,199,0.015462361532731395,0.015481496535815542,0.014455275165596415,0.013862330118855626,0.013287715658633958,0.013088296451737258,0.012380242474187897,0.011867230501374948,0.011219473997128082,0.010013360966980467,0.009826346948492215,0.009286227440629458,0.0091776595121138,0.009107257888785303,0.008810090887997335,0.008689331012333934,0.008527669398429305,0.008411194763750851,0.008297984471790754,0.008198395886278576,0.008165876995473442
500,3,lognorm,null_nonparam,400005,k2,0.05,199,0.6553586686002163,0.611177046688604,0.5976391712736611,0.4603229429005389,0.40731128828715507,0.39362171220129233,0.3513572833027787,0.34660389795552304,0.3365477735710961,0.3144163379568934,0.30608167161183747,0.28854996680306433,0.27860883720915675,0.27294632305025157,0.25839620769512356,0.2520646717933141,0.24475095445195566,0.24019685570956828,0.2398024147149278,0.23928133712763264,0.23617505117333729
500,3,lognorm,null_nonparam,400005,hsic,0.0,199,0.008339980061077721,0.01917774920751553,0.017252526222677263,0.01612435921664747,0.015951208512454268,0.015610299703060737,0.015169188454215407,0.014645566831764887,0.014391605411670649,0.014162859986943516,0.013729601670442433,0.013495487310625998,0.013350748830668445,0.013294585098514966,0.01290024103623644,0.012666618717613373,0.012559561893632096,0.012529956086573625,0.012460947735489497,0.012384633981861334,0.01222001851764386
500,3,lognorm,null_nonparam,400006,k1,0.05,199,0.02732577341765674,0.01583720178531267,0.015693493354004717,0.014404176122946089,0.013171341688565041,0.013023278036844332,0.012626004964780502,0.012331971723972268,0.012048475175151174,0.011704759570919987,0.011550164941321217,0.011441491922559943,0.011339102286168856,0.011207965204316661,0.010787861801581422,0.010573944389627443,0.010364614595175792,0.010089177931296822,0.010029123834173537,0.00999599060420131,0.00955537373123394
500,3,lognorm,null_nonparam,400006,k2,0.05,199,0.6499634267269724,0.8213276530479913,0.6646891163765423,0.6317972328182542,0.5620987739898741,0.5462406849316089,0.5130940317751724,0.4955165102727742,0.48176208458638814,0.46639723594831634,0.46505232771038324,0.4507659183549764,0.441753628340021,0.425738259638033,0.4161598281738062,0.4054152043618095,0.3909952433118506,0.38177361310210894,0.37711802801071853,0.368465812635073,0.3675681642074807
500,3,lognorm,null_nonparam,400006,hsic,0.0,199,0.008468052597139822,0.02249349139933555,0.020909735261201722,0.019324579423082112,0.019249319606506898,0.01821843154817123,0.017988434862492256,0.01755591738592069,0.017469008019287843,0.017132121071795004,0.016998931698700048,0.016219183929104822,0.01613053711598801,0.01600248229345399,0.015797692642043653,0.015604096966061885,0.015498135872800039,0.015192236644658269,0.015125642653652911,0.014988370381161851,0.014775847575143544
500,3,lognorm,null_nonparam,400007,k1,0.05,199,0.01414789128403382,0.015926065914692922,0.014458121046394545,0.014216621188447909,0.013738996012286897,0.01301385135347699,0.012834814753418744,0.012751976282983857,0.012529160621996382,0.012255480260193186,0.011335897694488062,0.010551611645116199,0.010490465582006725,0.010241595011476812,0.009868538074136235,0.009757343606228375,0.009679893658269156,0.009413914727270045,0.00937342522566409,0.009310399370466627,0.008922591069956631
500,3,lognorm,null_nonparam,400007,k2,0.05,199,0.3168840598928685,0.8733430328325462,0.6027303315284811,0.553383120016589,0.520161499812792,0.5012705233474125,0.46730720857578906,0.4452556818676535,0.4435087069465533,0.4245188670219634,0.4070664274012025,0.3996142362508124,0.373660919886541,0.3570578531603479,0.3514001656267699,0.34929751657555913,0.3370881392679427,0.3214006579167736,0.3026990096543811,0.30267311216683784,0.2998625157373423
500,3,lognorm,null_nonparam,400007,hsic,0.0,199,0.008439928328991896,0.01741716748202892,0.016248438395714073,0.016065070579520047,0.01575463741611912,0.015515963147746493,0.015288109772732079,0.015193260345586523,0.01468310951611694,0.01444580129000193,0.014161745856124201,0.014098740488310382,0.013910437105344571,0.013809165778382638,0.013607574835524446,0.013522169325569478,0.013217936327851279,0.013075945258568753,0.0129586356521541,0.012937234708222278,0.012709359609344596
500,3,lognorm,null_nonparam,400008,k1,0.05,199,0.01277793484091394,0.018991627553843482,0.017922617001437935,0.01629092070631477,0.01591645862491453,0.01583309577180325,0.014800940748166735,0.014609291266544311,0.01442480036107674,0.014290291153026602,0.013991266540703706,0.013641252097973289,0.013541826928559764,0.01345683200597092,0.013248623393800396,0.012778594009301703,0.012370214660768708,0.012276767716484005,0.012184327044811316,0.012162728485792695,0.01200618896380845
500,3,lognorm,null_nonparam,400008,k2,0.05,199,0.36050951499821227,1.065266733804345,0.964954473861499,0.9393035828181925,0.734613292464264,0.7159218345574766,0.6454058257679854,0.6046822653429458,0.5920963970200765,0.5738038722632725,0.5430895191889253,0.522425944795126,0.5010444876655589,0.48572804498072847,0.48253433321248224,0.4610913424890401,0.42614240273236353,0.41442288022457135,0.407951095191277,0.39820690408074383,0.3900883086013255
500,3,lognorm,null_nonparam,400008,hsic,0.0,199,0.0016854059815758632,0.016388961266786732,0.014723979289917111,0.013953393095715094,0.012917128405264815,0.012218873000232377,0.011286750718639924,0.010232630367000428,0.009659640749844411,0.009405499859408814,0.00920811200903834,0.009092780471616706,0.009032197248573808,0.008865688842499678,0.008762324727114714,0.008437279123164578,0.008320084700346583,0.008097491186545848,0.007795169939887865,0.007776679199646078,0.007687168830826945
500,3,lognorm,null_nonparam,400009,k1,0.05,199,0.0041198667922232035,0.016504986039702962,0.014855889385324672,0.013707820047290431,0.013027634231975393,0.012192317872793401,0.011387358059934072,0.011216258425521874,0.010600179102682072,0.010266889575163973,0.009708755804434532,0.009368345147898305,0.008989131434499087,0.008928352821708896,0.008866666531313405,0.008714172190556813,0.008538456015827811,0.008283438298239854,0.008146219350761097,0.007930940346957294,0.007713485838705791
500,3,lognorm,null_nonparam,400009,k2,0.05,199,0.2225502165129796,0.7077523033325951,0.5788613853565345,0.5488693448262097,0.48712940023056134,0.47581144923602814,0.4229816221403058,0.4040087671203681,0.39594638657422776,0.37341292785931035,0.33599319956817497,0.3093709809240444,0.3075794800912438,0.29957895085138125,0.28494112023592416,0.2831075493885744,0.2779904842290296,0.2775848580981526,0.26697952969585026,0.26533722531175336,0.2573183315323177
500,3,lognorm,null_nonparam,400009,hsic,0.0,199,0.0015788010136041715,0.011732733775079442,0.010294512888542379,0.009349654176864468,0.00877678500062999,0.008707601893062323,0.008379907157646175,0.007879600416604715,0.0077130023127135365,0.007660399301769696,0.007006175473975766,0.006787706319929763,0.0065682583873625825,0.0065281181844530295,0.006350695154393981,0.005970640304990214,0.005716372355133526,0.0053864430460583805,0.005262237253279269,0.005146934755151085,0.0051311544319094
500,3,lognorm,null_nonparam,400010,k1,0.05,199,0.0014494031388484485,0.015599544402463139,0.014838488854436616,0.013512605478633533,0.012984817313413721,0.012305892631439441,0.011737985958793717,0.01079173702042302,0.01048472840505843,0.010211340409005842,0.010117728600324338,0.00985636675215018,0.009845655491856231,0.00974233629211907,0.009560536494169769,0.009308883757453978,0.009171648889284567,0.00904469415690834,0.008756254093393534,0.008640359360273964,0.008467012015106912
500,3,lognorm,null_nonparam,400010,k2,0.05,199,0.07904923149980256,0.6066330191764329,0.5588552736475637,0.5357196677951582,0.45203272074333684,0.44232188717627136,0.43084655351146744,0.41868905582544497,0.40697884205163204,0.4059600229861586,0.3863199143600074,0.37622708416386585,0.36521132285914915,0.3539854622736088,0.3491131831460862,0.3453381385168326,0.3327413900849724,0.3319576481197408,0.3179656077208955,0.30711429813788116,0.3011547140106389
500,3,lognorm,null_nonparam,400010,hsic,0.0,199,0.0038944887883499185,0.014053888803605192,0.012890669453405269,0.012655454995476104,0.011999962750035528,0.011354787869352827,0.010827152881081279,0.0105303247765623,0.009931406555673835,0.009873556901139662,0.009592051191966164,0.009584296307402176,0.00952375337767154,0.008950951261358368,0.00880053170668127,0.008769672204099717,0.008706783093795729,0.008425140885916728,0.008257969773050414,0.008122017425807662,0.007687811903901776
500,3,lognorm,null_nonparam,400011,k1,0.05,199,0.0060299946672705,0.01701224987014005,0.01512191441342281,0.013509766923710642,0.013058431193638809,0.012515672496102859,0.011477664656481035,0.011203114417943083,0.011074207278676251,0.01091188649619923,0.010372475472984588,0.010147641813206265,0.0098923735138432,0.009649429284394273,0.009364952332860943,0.008987374287724448,0.008619822344503647,0.00847362595126211,0.008129973479387487,0.007810811060041667,0.007782824929979948
500,3,lognorm,null_nonparam,400011,k2,0.05,199,0.2463984181808679,0.5917701577906599,0.5503375910532293,0.49560164789787386,0.44544623598512256,0.43196807095181433,0.41799862255757536,0.39126611436163594,0.3878454548766117,0.3835114710233574,0.37943139362683104,0.3392736709792825,0.3340048353904949,0.32313970076259524,0.3139548438622445,0.3084027378302473,0.2991753442685647,0.2977484256745107,0.28808930985803083,0.2857921233410935,0.28422543288508856
500,3,lognorm,null_nonparam,400011,hsic,0.0,199,0.006856783041021636,0.01569037754433999,0.014727549725254323,0.014574179928154426,0.014237219837980469,0.012972795282570747,0.012778180754763653,0.012220177616333715,0.011545964266305098,0.01134789797644188,0.011184803041689674,0.011106352708365535,0.011053066329421539,0.010847502770964537,0.01035476528691707,0.010116373009537435,0.010027156205182823,0.009781858394949881,0.009710474602982458,0.009646016699949507,0.009481248758113028
500,3,lognorm,null_nonparam,400012,k1,0.05,199,0.002412925433073476,0.016980388552631842,0.015752411172348046,0.014393791274041834,0.01210773805582921,0.012032906706661017,0.011933649104282962,0.010877345708340203,0.010445144172684051,0.010305745393268562,0.009716454163645527,0.00912799416699106,0.008960888677373213,0.008915737187694117,0.008788311992083853,0.008678726655654168,0.008462955885571444,0.008333309931326638,0.007951923057264665,0.007870075393503484,0.007710760475498568
500,3,lognorm,null_nonparam,400012,k2,0.05,199,0.07948994376248932,0.5955538240854391,0.564735403980078,0.5227962799153036,0.489152494195224,0.4567760245855681,0.445577416650287,0.4216682583469523,0.41699528614749143,0.3933420176152789,0.38746876053730833,0.3749235035454304,0.3577362801481602,0.3505246222595524,0.3486934710393754,0.3445109627300617,0.34017809282071837,0.3292921148058119,0.32622648531753334,0.3164967433478484,0.2982084195024494
500,3,lognorm,null_nonparam,400012,hsic,0.0,199,0.004500160836121299,0.015280460824160732,0.012698288865916679,0.012048927587460628,0.011322298691273481,0.01071838452521358,0.010134099976440781,0.009821835661529225,0.009705365457973895,0.009506812437232089,0.009411829676299648,0.009263211867173568,0.009081654631041375,0.009017302121223104,0.00887959512111805,0.008515054050728115,0.008429592055444288,0.0081190917692215,0.007764799306212063,0.0077272017786326605,0.007506242952939922
500,3,lognorm,null_nonparam,400013,k1,0.05,199,0.015048814479200479,0.017418216263051622,0.015124291039476767,0.013992021029684998,0.013295850952836585,0.012389645452018927,0.012097421562454413,0.011644537440857916,0.011492027510033531,0.01092862919632498,0.010847797655320957,0.010827357019388306,0.010808909178354531,0.010638928249743551,0.010440031743478073,0.01025388347152989,0.010183989354893175,0.00994531085206607,0.009784706922192354,0.00941639744827183,0.009318624154772914
500,3,lognorm,null_nonparam,400013,k2,0.05,199,0.38627971776797615,0.6192999657649577,0.5571468015479305,0.48563285742203866,0.46877175276539174,0.43008773645385046,0.4109558143071296,0.3941298678275233,0.37703818695071173,0.3654194611733216,0.3572608551668356,0.3451378614982258,0.32106617309392693,0.3152301383297402,0.30194664006270683,0.2965448716024414,0.287321708454891,0.27763601885649475,0.2696210665328602,0.26702908360046296,0.26480721771227683
500,3,lognorm,null_nonparam,400013,hsic,0.0,199,0.007871212845430514,0.01839763588222888,0.01798082401204534,0.017626753191384376,0.01658800408083863,0.016036876880678543,0.01594164911646981,0.015525533580516532,0.015311580133605443,0.014993716847878678,0.014746016475713436,0.014145565952590679,0.013953358153287151,0.013541860665654203,0.013084066305063487,0.012863995394917239,0.012488271560090905,0.012349590263324219,0.011873605956695132,0.011839508508921034,0.011815144629272403
500,3,lognorm,null_nonparam,400014,k1,0.05,199,0.005612687179788134,0.013753708970167589,0.013312662946249665,0.012768543650383712,0.012431028195475924,0.012293846857853064,0.011790679823280026,0.011584361317389935,0.01119948410803806,0.011020894149528004,0.01095034749668744,0.010856409807322831,0.010783706392746506,0.010758461814665499,0.010555136801370324,0.010390504015881041,0.010293150723302502,0.010095388118585569,0.009967527979976909,0.009914161996424697,0.009694229301182578
500,3,lognorm,null_nonparam,400014,k2,0.05,199,0.0982093572098447,0.9916935871456081,0.8495436918149821,0.6639030750741315,0.6345846699802148,0.5651612747498646,0.5122826230890731,0.4869290712012358,0.47858503230527083,0.47781438080907346,0.4726943829409875,0.4601617098866158,0.4394404586464136,0.425084068005576,0.42049564334073414,0.40929116409293465,0.38123074872735646,0.37140338846338355,0.36687110566179193,0.34967614874104475,0.33046252462787135
500,3,lognorm,null_nonparam,400014,hsic,0.0,199,0.007881776714481864,0.016963535397321615,0.01633747448351897,0.015804639739964172,0.014900435724612603,0.014598881280583913,0.014347860897728127,0.013930583229481257,0.013219986010021724,0.013040824077955144,0.012674282273140935,0.012435459201562896,0.012368366689966272,0.012190494240469469,0.012158281676926319,0.012129687798462765,0.012061804760878163,0.012021194640481432,0.01182334379611681,0.011693280628691634,0.011572390756172425
500,3,lognorm,null_nonparam,400015,k1,0.05,199,0.006652082525556047,0.02020825742236687,0.01706025017312851,0.016265038137094567,0.015202011088064515,0.015052453932459464,0.014433007030661804,0.01426345533725748,0.013831031726581289,0.013537944903247112,0.013148142419666997,0.012944511603151021,0.01247166932289101,0.012402784560954339,0.012259293437406504,0.012123240758054044,0.01199155084678194,0.011680969271570807,0.011639842484411744,0.011495701671008107,0.011311739822619571
500,3,lognorm,null_nonparam,400015,k2,0.05,199,0.08504273524246497,1.0909033750435502,0.8865203758080175,0.8559090521326528,0.8016960367741812,0.7696897449625907,0.6487472024224434,0.6091183199844808,0.5526047699248754,0.5371856745338258,0.5226497596653294,0.5173092154595363,0.5155095853649324,0.5015205024081286,0.4711879339028301,0.45736743809960295,0.45564748836275465,0.4364268354417108,0.4142627690966482,0.4007799051559513,0.39220593579132584
500,3,lognorm,null_nonparam,400015,hsic,0.0,199,0.0028280581037726927,0.009314163337238366,0.009096206553171376,0.008706747600055877,0.008289831725572317,0.008209294937969082,0.007872127833662623,0.007709828269443352,0.007589684931879885,0.0075046613323308115,0.006935493169965395,0.006834984568908842,0.006825252211511619,0.0067844139544733255,0.006597024881102399,0.006473175558817139,0.006319635046012794,0.006088962087428792,0.005957042878519896,0.005839227167157421,0.0057631107667625485
500,3,lognorm,null_nonparam,400016,k1,0.05,199,0.01084078192859017,0.01993292516266698,0.016565480249795095,0.01468710107129656,0.013579403509291876,0.01323177727067526,0.012499387004815121,0.011995853000667744,0.011374208811954056,0.010858657004871652,0.010790729418070577,0.010545316060016408,0.00995698297036346,0.009896564500171623,0.009575941761330031,0.009363745844975235,0.009268929283519856,0.009117499240459903,0.00897655230894523,0.008814008223653524,0.0087142850573102
500,3,lognorm,null_nonparam,400016,k2,0.05,199,0.3357960701808052,0.6144794297414133,0.5775838345416469,0.5632507813537463,0.5288116051791943,0.4946002561631302,0.47715870737042315,0.46899763923526555,0.4558983559226048,0.4306973864100845,0.4073948405388628,0.38871334831968346,0.3833250367142939,0.36592861530406684,0.36047147094958976,0.35097492544007314,0.3484921530244698,0.3343831479493669,0.32956930884350877,0.32437332389323736,0.32098653009419964
500,3,lognorm,null_nonparam,400016,hsic,0.0,199,5.5793328933247494e-05,0.007306289623367901,0.0065158551585320825,0.006490021470055133,0.006008301248096118,0.005826966342030762,0.005311179423203679,0.005255444632806414,0.005075474515032434,0.00475960285214821,0.0046399281790704535,0.0045062196529997356,0.004428997163999051,0.004359601676369664,0.00406581840517156,0.003974681254659047,0.0038187131016115226,0.003732220034308558,0.003635286911923116,0.0035999597107175063,0.00349111440726173
500,3,lognorm,null_nonparam,400017,k1,0.05,199,0.013900130248008846,0.016143351311387222,0.014590872297859714,0.01396059715591702,0.013757741499593856,0.013532216829962751,0.012449543201426994,0.01239131658439363,0.012070966240413483,0.011850323429504317,0.011756522583432183,0.011514201460783968,0.01146289617902052,0.011139716658104759,0.010713828268963055,0.010103461929047763,0.009724272943866241,0.009564346405738666,0.009451489513230382,0.009361321087957286,0.009257063833203238
500,3,lognorm,null_nonparam,400017,k2,0.05,199,0.4168627993908702,0.831311087559162,0.7227721998361568,0.6394256409165445,0.5821509055120404,0.5332427167299552,0.5040246982498351,0.4953679996223476,0.4870948375538475,0.44312217373344454,0.408529194041511,0.39400593705858716,0.38640214946624246,0.36812622714076787,0.36432240783479775,0.35868472166886245,0.34572720877972096,0.3292996585418294,0.32085231468628966,0.3188564629458448,0.31105717846653763
500,3,lognorm,null_nonparam,400017,hsic,0.0,199,0.003968144404035275,0.010186196811944628,0.009694517463945817,0.009464032371438174,0.00925530232598992,0.008887853237159644,0.008717501872963128,0.008432214544902379,0.008134615325542037,0.008094844117607592,0.007825986457365262,0.007690705460846972,0.007587045867237421,0.007530469118742113,0.007490821520346511,0.00742381592401868,0.007209780940729865,0.007162624239665892,0.0070403564858191455,0.006995648813809067,0.006869203661190975
500,3,lognorm,null_nonparam,400018,k1,0.05,199,0.006311419450951261,0.014715297936990557,0.013854088178951174,0.013515715417604268,0.013202881224960161,0.013037251950955175,0.011413308478808726,0.01096461611255306,0.010882638940638123,0.010403114623735776,0.010165374907497915,0.00948581729527187,0.009312532887314928,0.009234094258706027,0.008929697583834328,0.008507205194615897,0.008270364787273277,0.008003820352604052,0.007931772561030948,0.007861898715820326,0.0077427518431008036
500,3,lognorm,null_nonparam,400018,k2,0.05,199,0.2936088879740905,0.6994707310256102,0.6570114057048837,0.5804372053364839,0.5285791842982233,0.5033495264655039,0.478901952259928,0.45823358202107833,0.43317481569046873,0.4106259830464557,0.4003127227372563,0.3953375334171743,0.38868322119757814,0.37077754852066624,0.3579582698571639,0.32499154003050873,0.31428043585838356,0.3053903142900145,0.29359347121714935,0.2834508991688347,0.27559604195855425
500,3,lognorm,null_nonparam,400018,hsic,0.0,199,0.0004973753681843557,0.008420410985756056,0.007160556170246729,0.006542805332609624,0.006266758321098231,0.005842895321916354,0.0054240558451687645,0.00479821867832551,0.0044547595628028945,0.004367768029982441,0.004305335360899589,0.0042841128050476315,0.004125675382489749,0.003914798580429043,0.00379804535463556,0.00374951960709198,0.003552999728615568,0.0034538517415211674,0.003390322355483727,0.003361335865500968,0.0033197791581070627
500,3,lognorm,null_nonparam,400019,k1,0.05,199,0.005142089133701955,0.018787416176300642,0.01723355271018634,0.016920236140477662,0.01568869428034464,0.014536146211014844,0.014483858389859217,0.013594741990919035,0.012764267601324097,0.01266966394449276,0.012348577769735802,0.012074351199051425,0.011608172184757626,0.011474449521378882,0.010988098742624186,0.010867270935720708,0.010450324228849672,0.010305930242996864,0.010115699752714535,0.009908736288600672,0.009496496524190823
500,3,lognorm,null_nonparam,400019,k2,0.05,199,0.15608453802171396,0.7348332368270037,0.6208548338849789,0.5753886952387837,0.5134047615045362,0.48973585826100224,0.47881221285647546,0.45683307230642245,0.44338169721013343,0.42513402914516735,0.39620267453946684,0.37639535898741694,0.3676827376398285,0.36642570764408366,0.3619361614007832,0.345419870157812,0.3417218476697983,0.33762032239569456,0.3289815403660668,0.32357146369717055,0.31603953526362516
500,3,lognorm,null_nonparam,400019,hsic,0.0,199,0.009837447906082698,0.020345805802219452,0.018954771511759432,0.018540566643412068,0.017774487576082416,0.017177217862307942,0.01684406502773874,0.016454652569675644,0.01578804930644003,0.015527375343798172,0.015342792303411061,0.015166079641384337,0.01502019063957265,0.014699032192551142,0.01437462097496398,0.014156956815230722,0.014031357093564404,0.013816812204533601,0.01363806918796779,0.01317357757619538,0.01301537657814534
500,3,lognorm,null_nonparam,400020,k1,0.05,199,0.004765212507545691,0.01724064528528302,0.015018376932094124,0.014665005285782406,0.01345424360937858,0.013253246513196704,0.011424329047161619,0.011054556372686486,0.010951294419005886,0.010899288991924938,0.010643270072681288,0.010432173925187027,0.010129998527852901,0.009815828119273562,0.009644047631321762,0.009573528440562917,0.009226420824469117,0.009144722358035096,0.009004485163410902,0.00861446208503125,0.008413268826933384
500,3,lognorm,null_nonparam,400020,k2,0.05,199,0.09332222034914571,0.7400805152099071,0.7171564338270034,0.5883413427471755,0.5579762557891329,0.5096991875575643,0.473041773445555,0.4536017140820459,0.4383137857515853,0.43511528976060426,0.41669838775032897,0.412434881866037,0.39988662465715025,0.3856218214777655,0.38028655532325756,0.36867970517335025,0.3651457582054276,0.3497601183983759,0.3319225252304417,0.3251414728153988,0.32087210442138375
500,3,lognorm,null_nonparam,400020,hsic,0.0,199,0.007862459781625655,0.017161673880094302,0.015125262645804041,0.014048956298624706,0.013817672712218813,0.013436534084612529,0.012898356112257993,0.01245890783492053,0.012347152959432738,0.012217590764181937,0.012042204744658423,0.011877878979343314,0.011814476972295991,0.011745820593093908,0.011532104514337895,0.011488299397911642,0.011220953391526494,0.010876340881571465,0.010829206513177116,0.010732441347101303,0.010676379407825412
500,3,lognorm,null_nonparam,400021,k1,0.05,199,0.014535354485567198,0.01467623562089826,0.013326339309624124,0.01302411864179076,0.012180154586708625,0.011686029179263535,0.010924432259978967,0.010881858491724794,0.010558202740664768,0.010542042451383793,0.010057839757388831,0.009827940707287652,0.009803328545923917,0.009567393305319971,0.009426949833054143,0.009051385416696367,0.00897787092381308,0.008872519981145022,0.008656025773664311,0.00844854923466587,0.008364832577517745
500,3,lognorm,null_nonparam,400021,k2,0.05,199,0.48761275036185453,0.6911499702946874,0.5496165470618877,0.5280660092801871,0.483692322810019,0.4506113722693322,0.41161301568936964,0.38924042921911467,0.3754378935460411,0.3576801742116983,0.3514775146584384,0.3431594652406589,0.3391200536210305,0.3309607008539123,0.32677119588056525,0.3214617525924878,0.3096161455764054,0.2946431556477647,0.2874191116659008,0.28549212778813116,0.28194538822640347
500,3,lognorm,null_nonparam,400021,hsic,0.0,199,0.004506765410102776,0.013091649938571865,0.011205106256555736,0.010508707961553065,0.010332074330983073,0.010118369049402092,0.010046094789058237,0.009674679531785909,0.009355909662308669,0.008916489411167502,0.008892451467733055,0.008854789908885339,0.008649347704096895,0.00856777716386396,0.008504263868278631,0.008456907878653228,0.008383734453116838,0.008312153840705152,0.008297808445179486,0.008191413055211707,0.008150363048325096
500,3,lognorm,null_nonparam,400022,k1,0.05,199,0.0074756151430932505,0.01682027598365554,0.015888726114860585,0.015200157829214578,0.01471857964404083,0.014580003919536122,0.014347363746755881,0.013666870562405897,0.013214722178052973,0.012847641491077644,0.01264436778780531,0.012161592369952734,0.01196774747318885,0.01175124655486881,0.011562163831217998,0.011320909034401194,0.011093529024261861,0.011022618453329414,0.010993575579948733,0.010650477266078706,0.010639740165360068
500,3,lognorm,null_nonparam,400022,k2,0.05,199,0.18721078749599576,0.9686900230371435,0.8726348875841203,0.8199346208838221,0.7377514770128637,0.7121265056320132,0.6839577791430026,0.6782035517797897,0.6361635055866265,0.615690293446835,0.6118508148183306,0.5830168340314889,0.5501707675763565,0.4914893638631619,0.4829522040702412,0.4752443913916245,0.4648568032010577,0.4489419910721475,0.4371974502217688,0.39139017997357745,0.38819734896437924
500,3,lognorm,null_nonparam,400022,hsic,0.0,199,0.0008560946527719785,0.0071430692315342555,0.0066204516030911875,0.006278832802141985,0.005992399941963573,0.0058361240603478455,0.005379681379572931,0.005277456890689457,0.005055296363731529,0.004940409559760856,0.0048512418153510446,0.004790653760510501,0.0047415469013356885,0.004532842029520602,0.004430928917650321,0.004309732980944686,0.00415670527039636,0.0040989358555810615,0.003995550924962185,0.003847792996148962,0.0038130580728892556
500,3,lognorm,null_nonparam,400023,k1,0.05,199,0.015281274583768378,0.018122792388143516,0.014895730891572923,0.013321738624611112,0.012486585048739451,0.01197467020264642,0.011854624587428586,0.011259283390297359,0.010779228023792664,0.010675486334451145,0.010459007918376395,0.009900955889826646,0.009797828590018431,0.009275729184544779,0.00907517722116924,0.008758097816552679,0.00843716605380851,0.008298601063725375,0.008280748232529667,0.008009290752861498,0.007889021569987387
500,3,lognorm,null_nonparam,400023,k2,0.05,199,0.555852852249724,0.6136766827404455,0.574643820327084,0.5161054234501894,0.48408499780599473,0.4617723183008173,0.45007821558105915,0.41155869217455415,0.4063540269507979,0.3939287523736083,0.38327226243376067,0.37509534813304957,0.367777744484189,0.34710746267603165,0.3393598259528978,0.32960149987987747,0.3234712363906556,0.31282197982132975,0.31264403748695374,0.30580691716675756,0.29962619806596313
500,3,lognorm,null_nonparam,400023,hsic,0.0,199,0.004751607350280346,0.015641693211826364,0.013674379561371235,0.013121843849263345,0.0127407670489908,0.01253392793454544,0.011854258520239186,0.011628282590265248,0.011032707802114367,0.010621086879304641,0.010559565528851947,0.010302252475152663,0.010024454636149763,0.009838684292429366,0.009784532663781756,0.009710246463902351,0.00950292809698919,0.009281530310091985,0.009246793180286081,0.009218220492651355,0.009168894872698848
500,3,lognorm,null_nonparam,400024,k1,0.05,199,0.007482583022075828,0.021950822960080663,0.015315206826896688,0.013450801945376956,0.012885158739657676,0.012692171260634155,0.012324277157583885,0.011853607334629368,0.011237282354175315,0.010822609422183493,0.010677740917041656,0.01027055913576802,0.010199372065978207,0.009883597197319793,0.009554265673821116,0.00923406298544649,0.008936211450060072,0.008575496991014897,0.008447705018779228,0.008419701944003988,0.008406802298511873
500,3,lognorm,null_nonparam,400024,k2,0.05,199,0.2906738119863718,0.7377494969119837,0.6700502104955083,0.6075309776299008,0.5511281913438729,0.5089145420635242,0.4600452193125664,0.43648630950068645,0.4239753507293803,0.41757042150298407,0.3761404872095523,0.3450301164928445,0.34371923427947665,0.3243838221500318,0.3197198473073186,0.3116818894799549,0.30172284104833175,0.2992963631720715,0.2938699489312092,0.29198824530985545,0.28698115868698604
500,3,lognorm,null_nonparam,400024,hsic,0.0,199,0.007556943936176167,0.015641587831699943,0.014347750624705497,0.013750673205529912,0.013587498771293267,0.013300154009433724,0.012909983647216867,0.01204479680394751,0.012011216370318325,0.01155504964456085,0.011513710786308503,0.011242224855343649,0.011034188756991165,0.010941356702856063,0.010775948966005928,0.010640239327521074,0.010414788798583622,0.010308006771025703,0.010232807083223869,0.010210170089376445,0.010091083354348596
500,3,lognorm,null_nonparam,400025,k1,0.05,199,0.022281682191737207,0.017039895322160215,0.016389821603465915,0.015071752663992966,0.013766498240946556,0.012974662107502533,0.012599999658951866,0.01235188409253496,0.011782457507277577,0.011164567195963926,0.010759797181829733,0.010356267277605191,0.010132117575298638,0.010033210077533439,0.00990595511951442,0.00980270166612729,0.009603703221227278,0.009291281236161741,0.009226558998207346,0.009007754030060267,0.00883429028746141
500,3,lognorm,null_nonparam,400025,k2,0.05,199,0.770925421947575,0.7223680259271457,0.5772058228419613,0.5667009523575315,0.5466989187026189,0.5059371967816658,0.4747612108147314,0.4587843601152576,0.41068107817116356,0.4059471360779064,0.39745465249644457,0.3694279902996287,0.35385459930229296,0.3429042200294556,0.3424016169128708,0.32267036566867724,0.31525769146696414,0.3146805046436482,0.30950728721545,0.3065669563741256,0.3035040035833643
500,3,lognorm,null_nonparam,400025,hsic,0.0,199,0.006638337640803682,0.01694565216204728,0.015540925703511762,0.01496765944879321,0.01480948292029324,0.014164191126575229,0.014035139306791629,0.013486527119490624,0.01320385802788695,0.012503539344513688,0.012207848306982006,0.01205841114162713,0.011858523987111404,0.01162167033220869,0.011327808238882084,0.010899728936788932,0.010870746464439291,0.010630009021182064,0.010492742079911554,0.0104073137687522,0.010193709944131674
500,3,lognorm,null_nonparam,400026,k1,0.05,199,0.013162750291430103,0.022038499239057874,0.01755710772461816,0.01579927363730027,0.014928989577939977,0.013429186793086245,0.013173482817708582,0.012596004143823447,0.012393247310681255,0.011835466291431063,0.011677961175385554,0.011281833215557313,0.01098568396026467,0.01086598564775565,0.010837186640261676,0.010551528108776465,0.01029549589674783,0.010264393010043782,0.010171440600958093,0.010034856531060843,0.01001654817709341
500,3,lognorm,null_nonparam,400026,k2,0.05,199,0.30501378839772536,0.7261635590077608,0.6473459924318362,0.5938642430448955,0.5537796357569377,0.5479121571953993,0.5393854223842016,0.46965103138322806,0.4592667275022743,0.43792516480298704,0.4317606527913261,0.4206527255651087,0.3912675510753818,0.3883097729463033,0.38211563076071725,0.37768045138441325,0.3585620583284919,0.35737514439090756,0.3456171924904045,0.33859759727661565,0.33455619014199905
500,3,lognorm,null_nonparam,400026,hsic,0.0,199,0.003408102338026226,0.01629819143741502,0.015031922644371788,0.012763661473315707,0.012428375868135156,0.011582755090212987,0.010836085001879001,0.010544163617229901,0.010210186433403445,0.009915807543288305,0.009409067647482857,0.009254924841259417,0.008967958690064752,0.00865189646093547,0.008530251140696138,0.008457362027841952,0.00835970741341082,0.007561580455664867,0.007527341245371164,0.007462637753884742,0.007370955568898518
500,3,lognorm,null_nonparam,400027,k1,0.05,199,0.007004005264339974,0.020657303580603137,0.019745852178980505,0.018937785634323134,0.01624018601852517,0.015418583561567889,0.015194702929837434,0.014047578896547508,0.013804829076751957,0.01371379910366688,0.013275249658375454,0.01310159937754074,0.013054073909594788,0.01294772385813392,0.012869550944418107,0.012610566495893982,0.012487435353990661,0.01216190401355921,0.012069411362430338,0.011836151443325504,0.011696129550870182
500,3,lognorm,null_nonparam,400027,k2,0.05,199,0.073851901024436,0.9761640913192264,0.7908603811710156,0.7535170497440091,0.7354844320397367,0.6842882136232081,0.6496710059197314,0.6343014817040661,0.6124920768731208,0.6019663497208103,0.5768533369534775,0.5544206469382948,0.5327685374399544,0.5143123221604585,0.4951958306994517,0.485958165507887,0.47201951490709354,0.4650907114717503,0.44112371892949126,0.42240058740405334,0.416259310498743
500,3,lognorm,null_nonparam,400027,hsic,0.0,199,0.005569024761523628,0.015139378998852275,0.014055677299767541,0.013014684405283798,0.012219597054223182,0.012184128414803659,0.012169314090196663,0.011792306240897872,0.01112654322453601,0.010517790943960102,0.010399624612037882,0.01035126790457248,0.010206123905141326,0.010163270373668584,0.010056517981440074,0.010002110990546919,0.009800996509319846,0.00960977774461901,0.009415311382742628,0.009254429083510473,0.009146771269083155
500,3,lognorm,null_nonparam,400028,k1,0.05,199,0.004827313566380331,0.01481242937445204,0.013284022852423472,0.01291716867502013,0.012210391475897198,0.01184647129733618,0.011287609016287004,0.01088483433520604,0.010728033926649672,0.010557209018457692,0.010290056061034059,0.010040137793681625,0.009859383662974675,0.0095205829347621,0.00941720968562687,0.009151086113205809,0.00913657813970914,0.008991399884118678,0.008934017839411945,0.0088334450302342,0.00865936226507269
500,3,lognorm,null_nonparam,400028,k2,0.05,199,0.14050910860816773,0.9447806583830256,0.766063456463994,0.6621928004264236,0.6351704153208816,0.6160467453745181,0.6018690731143762,0.5772967605253649,0.5326120653779988,0.525886171011474,0.5202626328400627,0.5062247799266505,0.4866139886031164,0.47143648427420937,0.4291942138509429,0.41287653986981926,0.4100494396509872,0.4037583408951235,0.39327500341031013,0.38533568697369147,0.3795172578345131
500,3,lognorm,null_nonparam,400028,hsic,0.0,199,0.0008024790539441512,0.004945506322223051,0.0043472675152908405,0.0040341824356359595,0.0037023952716647305,0.003557563711910536,0.003439575989946597,0.0032570813996812965,0.003080446167142036,0.0030513470234144204,0.002860337595915793,0.002752177704051245,0.002641829628174586,0.0025990558853487755,0.002536656784262552,0.002444631430418984,0.0023872581843264844,0.002336684665805892,0.002288730625162074,0.0022366334132346314,0.0021892476311375832
500,3,lognorm,null_nonparam,400029,k1,0.05,199,0.0038788912890315164,0.017356085017337874,0.015649555442419194,0.014821720532496863,0.014175040285287932,0.013977464538267426,0.013523060207712434,0.01272858097480234,0.012558066982629845,0.012323368526285572,0.011937414860543116,0.011546718501696307,0.011327897658112818,0.011147056487130769,0.01107795762288677,0.011019044196237893,0.01087338797331494,0.010629912252418827,0.010422044050082846,0.010148260520276398,0.010079504293108665
500,3,lognorm,null_nonparam,400029,k2,0.05,199,0.09547200918613488,1.1261944875737802,0.8100910718360167,0.7067202202729924,0.6756367490203437,0.6076386478725041,0.593614019927767,0.5601972572396579,0.5266982501332743,0.510750660403976,0.49454679904003623,0.4592253553829191,0.45525148093251294,0.44746377219806494,0.4287666963843152,0.4218667422229562,0.40684983057313445,0.38621441808403423,0.38005635347504024,0.37354655946703846,0.3717610398879451
500,3,lognorm,null_nonparam,400029,hsic,0.0,199,0.007195625575696793,0.026789264048595628,0.02288803026437157,0.02213104669600715,0.020002777696870415,0.018785156480370806,0.018146080288837654,0.017222994070324755,0.016752707388229843,0.016527217124067895,0.016281653524547298,0.015891079302746493,0.015621312218096475,0.015540802452165787,0.015518339500111666,0.015175989560625654,0.014857251901371495,0.01422605495750738,0.013752690050099735,0.013097649067991646,0.012903275851781078
500,3,lognorm,null_nonparam,400030,k1,0.05,199,0.01208151894574161,0.016017299599424217,0.012913305107571826,0.01269506245189056,0.012028189812034906,0.011944845789467196,0.011791644913240806,0.011322947007228357,0.010874074986268245,0.010536162794814619,0.01038358807158557,0.009952581249459747,0.009715887302349957,0.009276842885939218,0.00910446942766785,0.00873175738714016,0.008571964653688813,0.008484363870947309,0.008396175738328515,0.008346433947242216,0.008045733256269005
500,3,lognorm,null_nonparam,400030,k2,0.05,199,0.3600360237275187,0.8438475572435662,0.7893344124081282,0.6499845158227806,0.644513920285112,0.5838828565123383,0.5192190522504735,0.4599363243416411,0.4465788497441071,0.434626016122141,0.41319558651286376,0.40665430469419095,0.39440340273208996,0.36627260184174837,0.35578877933170916,0.33885679331631763,0.3299230746895895,0.313499886670126,0.30848003333358853,0.29477067968563037,0.2906338275556363
500,3,lognorm,null_nonparam,400030,hsic,0.0,199,7.233994870151906e-05,0.009728749519292727,0.00932797972517815,0.008280799512838614,0.008062755913233693,0.007839756890900624,0.007655898285465037,0.007129851662679213,0.007015161089976711,0.006979147002057522,0.006462132158556076,0.006351586694391539,0.006000578487706959,0.005788103240965602,0.005447901253182364,0.005255219044011022,0.004856291267747279,0.004844470824016888,0.004518901093649085,0.004486033075917839,0.004475501699686967
500,3,lognorm,null_nonparam,400031,k1,0.05,199,0.003121490778833169,0.019098929801731612,0.014327716047590644,0.013701208501161855,0.013240939488614378,0.012804095281414796,0.012350374668573139,0.012271373506858585,0.011700522568498073,0.011446992948841106,0.01106696295263987,0.010805112334566935,0.010399868341297691,0.009944000230114214,0.009735760694574935,0.009683781340470432,0.009621446525589272,0.009433604774529258,0.009157727132592108,0.009012031201408144,0.008966721026962055
500,3,lognorm,null_nonparam,400031,k2,0.05,199,0.07998818425377857,1.0733566908065102,0.8290183749646524,0.7441152157542348,0.7002867172630513,0.6727222715955886,0.6250431256137075,0.5654279632167659,0.542430845491535,0.5143687996159638,0.4929828310949781,0.48006377626866703,0.4761210418656177,0.469917227828501,0.4569706509935855,0.4452563182766364,0.4434027754473114,0.42228539744112475,0.41167209191836845,0.39901705269842574,0.3825158018789214
500,3,lognorm,null_nonparam,400031,hsic,0.0,199,0.0025596477444818386,0.01309251864462029,0.011974071385140084,0.011457142454256043,0.010324074731446056,0.009904420435026198,0.009758812972978896,0.009543221817151785,0.009336375233726631,0.00852135886913247,0.008390435905967943,0.008094387403083067,0.008071580133406765,0.007939508420185233,0.0076601082025125515,0.0075130931616954715,0.007198453062504712,0.007160753705991659,0.006966821262393822,0.006820740086256315,0.006757805040925544
500,3,lognorm,null_nonparam,400032,k1,0.05,199,0.011105498720215379,0.020428088778492226,0.019581800007427763,0.018114601231738747,0.01741042243593849,0.01647213772653,0.016291002895490125,0.016033791212074044,0.01531982988983105,0.015219863730303373,0.014728008222325117,0.014141764454680406,0.013759870773504712,0.013510481857318624,0.01339672064307551,0.013175961322529628,0.013056594993370307,0.012928006812177095,0.01251033548160807,0.012479135451663348,0.012232078158315507
500,3,lognorm,null_nonparam,400032,k2,0.05,199,0.20998495440082487,1.0135671497345329,0.7699635864041813,0.6931375594619417,0.6827805006039923,0.6368912153743704,0.6297722280009836,0.58288344003003,0.5577188597832431,0.5527409584870342,0.5311223419211287,0.5232474275003466,0.4866689281877949,0.46706519694434145,0.46013572984584555,0.4510317562448571,0.42031977563717976,0.40193830149347803,0.38122018423473286,0.3712929179534775,0.3699882001764423
500,3,lognorm,null_nonparam,400032,hsic,0.0,199,0.0009180617025573015,0.01575818805850672,0.01128664525455888,0.010905884126408544,0.010886282983041989,0.009874096053265233,0.009342566997204057,0.00859807275305719,0.008309554517447111,0.007799724392011551,0.007462610038712503,0.007342713570579881,0.007267451983935647,0.0072034947276205874,0.007015337195166699,0.006917456492968422,0.006867220066409226,0.006679684086453916,0.00656436801625233,0.006224491932202274,0.005962436422212703
500,3,lognorm,null_nonparam,400033,k1,0.05,199,0.011701643478871815,0.020736808368596815,0.017073915657618344,0.015420159587845372,0.015192571105215547,0.013859229417183316,0.013044128871150251,0.012465706251473585,0.012116360227510392,0.011304329899454957,0.010412809411729063,0.01031952676304504,0.010021551963165565,0.009870120548869266,0.009653066087110806,0.009287204948442485,0.009085244853493046,0.008819742032789235,0.00830982118760526,0.008243320530501808,0.008159254431522323
500,3,lognorm,null_nonparam,400033,k2,0.05,199,0.4257276092272473,0.7675598883404581,0.5794804719129797,0.5731488847599996,0.5309010558474477,0.4807386586990477,0.45130664362648903,0.40948508332232736,0.3920612376816858,0.3857554417054055,0.377544491827597,0.3556563492101949,0.3512736093986118,0.34720288708007546,0.3274779098144102,0.3181875214973722,0.3052405470445318,0.30027357931592313,0.2900142419036127,0.28865186025320627,0.27721076731443806
500,3,lognorm,null_nonparam,400033,hsic,0.0,199,0.0010141606308755112,0.006613157650886602,0.005781859856444071,0.0056393731136299575,0.005588647471451373,0.0052396126171803505,0.005164962561473512,0.005070601116377663,0.0046763908937087146,0.0044474167670384025,0.00442387130175225,0.004204111565385167,0.004074158260682805,0.0039426512365279736,0.003912459061058045,0.0038377960953668772,0.003767557059467551,0.003682711120892636,0.0036200309878152022,0.0035218328916159754,0.003365377861525339
500,3,lognorm,null_nonparam,400034,k1,0.05,199,0.0029499727203994297,0.015514234240178504,0.014598113459656892,0.013914777898685338,0.013461273354848369,0.012918689327306332,0.01233413699008723,0.012090811155109571,0.011289533381873884,0.01084219628550942,0.010661490120685513,0.010541858208792165,0.010408368870288176,0.01031224754186122,0.01019447221247416,0.00992682775757081,0.009770216484668137,0.009694242274643328,0.009443568049059659,0.009174944448144928,0.009070576645906825
500,3,lognorm,null_nonparam,400034,k2,0.05,199,0.14757587828058025,0.8624907641927114,0.6897774797423352,0.6154170104268994,0.5868431707682423,0.5196444050621327,0.4910045584770638,0.4399460169607428,0.42763442776904464,0.4219374755069706,0.39982321829654527,0.39150938178716005,0.387646402852741,0.38089213248223863,0.3713935854197672,0.3596582233387727,0.3505742279919053,0.3439231092746355,0.33150899919611715,0.3218927263530802,0.31286260060374366
500,3,lognorm,null_nonparam,400034,hsic,0.0,199,0.0023683894885039515,0.015382171502455647,0.013727856649389929,0.012301900428272209,0.010803675091802786,0.010496828861502133,0.009996944523187699,0.009364452965378429,0.00891762579005124,0.008814667728488764,0.008479562793108126,0.008403045933161407,0.008082811935700004,0.00787845274826784,0.007702039346002191,0.007491822937349773,0.007465312078108697,0.007319826498681001,0.00711157344348772,0.00706666004970826,0.006900889656076838
500,3,lognorm,null_nonparam,400035,k1,0.05,199,0.014212815236672172,0.01805238133744369,0.017029465438034963,0.016141526659097072,0.014772144979982804,0.013503044429735489,0.012508472638327328,0.01201186933406917,0.011495444909396246,0.010552098444747693,0.00976703636873233,0.009457790329868487,0.00910968408088264,0.009073952485987524,0.008945922789659,0.008921009978572148,0.00879355722336106,0.008570834872788868,0.008337033654404746,0.008294432027201593,0.00818437979155573
500,3,lognorm,null_nonparam,400035,k2,0.05,199,0.41103466984264914,0.6827069545492711,0.6318774802908607,0.5158785621247709,0.5120117990317833,0.46163164346749436,0.4445284015243266,0.4297869373761838,0.39445969284495846,0.3795697693560103,0.3770676146964055,0.37276524635060154,0.3661131795847086,0.34716303620000755,0.3400690663136303,0.3341922141379092,0.3124708925169325,0.29464533969043966,0.2862711648048601,0.27838935302222784,0.26487390878943806
500,3,lognorm,null_nonparam,400035,hsic,0.0,199,0.005629535009425709,0.014457670876599611,0.013482405853313747,0.013253415319106902,0.011963356155601046,0.01124904510456271,0.01101106811686929,0.010515924107621054,0.010256695580513345,0.010149267463286735,0.009883353910992116,0.009854776985451938,0.009780621786191698,0.009651151106834694,0.009591347682184415,0.009470048442416772,0.009412225634827852,0.009351024950102744,0.009123840716263727,0.008924521720642896,0.008800464810562748
500,3,lognorm,null_nonparam,400036,k1,0.05,199,0.012111197128989115,0.016361438002903794,0.015783162428387065,0.014399852128228141,0.0135077635262012,0.013283760537373679,0.012939586805053804,0.012335140613065398,0.01163757707973545,0.011344936204979339,0.011091795377319413,0.010827032063112418,0.010738625797313772,0.010485600736565792,0.010208490074313237,0.010189381756702587,0.010146997182594042,0.010064267910717906,0.009970924436435102,0.00982107047048697,0.009645656966132066
500,3,lognorm,null_nonparam,400036,k2,0.05,199,0.2469839591219199,0.7958013186227393,0.7666224599761045,0.6740394805569765,0.5868800160847576,0.571743291789119,0.5450661606128917,0.507260572904897,0.4904899551511708,0.46513519144508797,0.42519701902133267,0.4142394705569504,0.40635602278223404,0.390748433829664,0.38512085682986985,0.37693214981742706,0.37497140633728004,0.3609019393451408,0.3464984373518717,0.34553589549662267,0.3389996823184048
500,3,lognorm,null_nonparam,400036,hsic,0.0,199,0.0037090824597437433,0.017510735778007956,0.014788621854234841,0.014453580298855719,0.013912570382428043,0.013069020827417207,0.012455146909796844,0.01229746797595107,0.012038214311733285,0.01200440090196626,0.011795065018091211,0.011364126999671157,0.011222612466331591,0.01107794912764453,0.010921015948459149,0.010789138000052873,0.010386746020791919,0.010289645795176777,0.010139705296541355,0.01004229214560435,0.010012869037797389
500,3,lognorm,null_nonparam,400037,k1,0.05,199,0.010814919660809386,0.017809859711538367,0.015468235168303313,0.015247846018952904,0.01403128407147547,0.013581666158030026,0.013243170687811223,0.013140812403902635,0.012908105347807286,0.012246337947106167,0.012000551296241557,0.011791219325082869,0.011658350143961216,0.011393978151673756,0.011157579027676334,0.011151274803541167,0.010708019915635969,0.010609196602708204,0.010331909858889987,0.010177031931718483,0.010041894381227823
500,3,lognorm,null_nonparam,400037,k2,0.05,199,0.38833574908797247,0.8035699961614271,0.7549416043620226,0.6992065766019296,0.6720402654604014,0.6317442962809067,0.5755571875517238,0.5592590417587466,0.5516394505328318,0.5283129751652565,0.5135829007977897,0.4988695595032183,0.47843716373236067,0.4548833977341676,0.43595838536730275,0.42202526475695173,0.4202820148277139,0.41428409011450923,0.39931857178761554,0.3852080716265524,0.3830037059771319
500,3,lognorm,null_nonparam,400037,hsic,0.0,199,0.00821491326680868,0.024365459332762636,0.023458801740701328,0.02134267866926149,0.020787414162348056,0.020488690594940177,0.020475976408341447,0.020110448567740614,0.01981242102239949,0.019541028835667655,0.019007570612243282,0.018679651436414764,0.018134324857529086,0.017761320362610744,0.017505859978772086,0.01715770906567236,0.016837535287930756,0.016511038105301492,0.016036442505450676,0.015697124601035006,0.01544189087943131
500,3,lognorm,null_nonparam,400038,k1,0.05,199,0.003575647368250001,0.016305555577969533,0.0134698622825139,0.012011572405865478,0.011595463346443013,0.011220343474703243,0.010897855990573135,0.010705047448285043,0.01044180476935852,0.009889599202222765,0.009530549300920121,0.009474272831172081,0.009079353330018747,0.00871515752156471,0.008347017747669105,0.008178196305015595,0.007901060900815327,0.0078105347529736635,0.00770336205672939,0.00756019694366028,0.007381582218789262
500,3,lognorm,null_nonparam,400038,k2,0.05,199,0.24992319681213443,0.6379300092381835,0.4706691109040829,0.4081920396626298,0.3805652949728325,0.37875384351292557,0.35978385759502396,0.3580981030259188,0.34587947962427074,0.334748818378294,0.3242644190098412,0.31171779178884296,0.3109047982150251,0.30800706491583174,0.30673903999001767,0.2985649237522546,0.28592376979519535,0.28199753515523757,0.27602130155896015,0.26782576526422847,0.2636692788628027
500,3,lognorm,null_nonparam,400038,hsic,0.0,199,0.0018703854769274802,0.005824607550087361,0.0052219573191336415,0.004782815485106969,0.004624369999963534,0.004481754119798258,0.004237267051832867,0.0040734310766382086,0.004036762526140126,0.004010032874863944,0.003942030927460131,0.003877528093824442,0.0038112254069375983,0.003722783798392389,0.00354955095159769,0.0034619240564638235,0.0033836472451822014,0.0033273954706617742,0.0032893289753665156,0.003254840021004309,0.003190787308873949
500,3,lognorm,null_nonparam,400039,k1,0.05,199,0.016365492287513272,0.016129643292957407,0.013941830798726351,0.012971361648097535,0.012211084980490061,0.01214022530755221,0.011751123014316911,0.011493801442483798,0.010353801701385112,0.010292040759201093,0.009941843229812397,0.009857801100053187,0.009717715079906597,0.009585199823625268,0.009349081290367156,0.00919627266065337,0.00890425985600174,0.008883070480467437,0.008783087988605942,0.0085489636753876,0.008380074778404634
500,3,lognorm,null_nonparam,400039,k2,0.05,199,0.2765733000391266,0.6586433584434895,0.6267262622856459,0.5296107086594267,0.4609618221034918,0.441412994769332,0.412068936464575,0.4003462253027989,0.38356074790783395,0.35813792240330744,0.34799324802259,0.3470619309325141,0.34086512773762445,0.33284893687425254,0.3239655323719062,0.32070422660934017,0.31416595613399634,0.2973954974819925,0.294448203224404,0.2823032785835367,0.2769943855271278
500,3,lognorm,null_nonparam,400039,hsic,0.0,199,0.00046293819334874883,0.009130616939863329,0.007793131212039525,0.007416094065291605,0.007150551428377143,0.0064810371139793045,0.005930728751531175,0.005555085592789124,0.005388497238497788,0.005182436820512406,0.005071570791469803,0.004972641129350234,0.004901796633074636,0.004885655184054102,0.004677659014540364,0.004619829482953319,0.004555616122487081,0.004161334447279629,0.004084476695209221,0.003983099049216709,0.003916508059444837
500,3,lognorm,null_nonparam,400040,k1,0.05,199,0.00601471442560797,0.023146912338403713,0.017673883086842812,0.016259441571641053,0.014999854458512207,0.014144328808128326,0.012111018604730128,0.01172252195762713,0.011693243430938138,0.011434780151302837,0.011263823470449852,0.010603671786483027,0.010245200481679317,0.010079200472603689,0.009840566938635886,0.009688019482263388,0.009566945473926003,0.009533201550665282,0.009342073743318191,0.009229977214899932,0.008971620516234902
500,3,lognorm,null_nonparam,400040,k2,0.05,199,0.10636803171890524,0.8259255446243203,0.7924101860918337,0.6745365759337414,0.6128044804853188,0.5890721459241338,0.5634992713601464,0.5376959960077103,0.5343696891164231,0.5148414528366314,0.4805408212205109,0.473456339706025,0.4372037778695964,0.42698923359510205,0.4127513782112038,0.40262492271377204,0.3902143205868752,0.36839664422100726,0.36227230459600146,0.3556091011796253,0.3394338800266005
500,3,lognorm,null_nonparam,400040,hsic,0.0,199,0.006924101202613865,0.016508614962608473,0.016311975497545532,0.01575342069271995,0.015299389883992145,0.01458599771758588,0.014158398109988948,0.013793365770013005,0.013518206205012118,0.013444132481153965,0.013354824021877565,0.013135924444242691,0.012821711100134083,0.012363690827711589,0.012289220557939868,0.012032064768614506,0.011833337589784854,0.011590082198198747,0.011561077148095688,0.011356639255319073,0.011126877638846521
500,3,lognorm,null_nonparam,400041,k1,0.05,199,0.002029014406805363,0.017352295031733744,0.0156886640320828,0.01485228367710445,0.012437183335085367,0.01212855816988978,0.011940148001486572,0.011807893531484592,0.011481938823658666,0.010696817452686358,0.010552406638421497,0.01025862129105004,0.010229617646017486,0.009910200928772372,0.00977083334526807,0.009652060950774977,0.00962466743377044,0.009443407632360068,0.009201714789419002,0.008971787389494557,0.008739246320028982
500,3,lognorm,null_nonparam,400041,k2,0.05,199,0.06397396599118958,0.6725537398066165,0.63140654865671,0.5872029523242815,0.5789874009443449,0.5504705086827604,0.5351376249981262,0.5316758597214791,0.49990038504561746,0.424608617308647,0.41337436592075855,0.40830787947174096,0.40733223153058096,0.3473841444903212,0.33838048924998915,0.3319213015628255,0.32714505447993425,0.3202234985338411,0.30752544457482145,0.29832941314265277,0.29620622247205575
500,3,lognorm,null_nonparam,400041,hsic,0.0,199,0.001374251642409869,0.010415374456089565,0.008390693103281313,0.0080611520019968,0.007652047683551112,0.0072995720086157,0.006678247857828875,0.006174705960390829,0.0060543132366499665,0.005845576979620163,0.005757222748926528,0.005568565625339254,0.005458466072882457,0.005415366496373928,0.005404170750111348,0.005248192211839002,0.005236459115096299,0.005124227772246654,0.0050506619631918714,0.0050147422743200614,0.004910876618751473
500,3,lognorm,null_nonparam,400042,k1,0.05,199,0.00966282136067198,0.018169074855002187,0.014353701423002962,0.013451499227948749,0.013343890899696564,0.013007235658311522,0.012801400182508638,0.012355178959994273,0.011019219618400466,0.010734465420738526,0.01032626399584391,0.010160217488566659,0.009967820942965333,0.009738373434427627,0.009534308158898552,0.009327587619690325,0.009130670701378962,0.0090986055490766,0.008984253079828863,0.008645214412266178,0.008404172321484382
500,3,lognorm,null_nonparam,400042,k2,0.05,199,0.19652179420469693,0.7052234926721819,0.5267490377313507,0.5201876862365357,0.501484032360608,0.48140305371994146,0.46376355560305427,0.4367113322555163,0.41087466902579345,0.4088263869398667,0.39875479386070956,0.38049752474412607,0.3697797625827254,0.3603325484796333,0.35443983060830964,0.34348857162501945,0.33018015564773695,0.32584834651040934,0.31866868363110734,0.308296165336066,0.30237108013819997
500,3,lognorm,null_nonparam,400042,hsic,0.0,199,0.0005922900142696099,0.008410280204733733,0.007660652217616992,0.007206920723309093,0.006742689481753625,0.006547850160708677,0.006294718193145534,0.005484450652471402,0.005286423217560897,0.005172176080713007,0.005034131729953096,0.004850353459735117,0.004789889898721617,0.004738505381566208,0.0045084913571163555,0.004431894205453031,0.004351621765153485,0.004308148997331072,0.004142185650124897,0.004079221331166125,0.003995280530772641
500,3,lognorm,null_nonparam,400043,k1,0.05,199,0.00999579822079888,0.02451414646983685,0.020391341247171013,0.015346146386261306,0.015018079894427161,0.014506382376551552,0.013560168254911908,0.013248269294983572,0.01292699391065999,0.012553199177049557,0.012178924998873297,0.011882943032999194,0.011644379097737745,0.011537849626600427,0.011494436848096479,0.01129234792504108,0.011024881086815541,0.010865441363273942,0.01072049544605519,0.010698278638466507,0.010572292360340296
500,3,lognorm,null_nonparam,400043,k2,0.05,199,0.1710033989839664,0.8649627375546411,0.853146758295227,0.7915996601498371,0.7444702072967041,0.6700163772898521,0.6294154509390183,0.6137249244937572,0.5982762208929333,0.579716589147707,0.5570845905128662,0.5382592244160627,0.5367028172351964,0.5215899862180176,0.5143405824153665,0.49621616162863375,0.48893859757484337,0.4425780456995402,0.43549426689592885,0.41867680398093693,0.40108307043606783
500,3,lognorm,null_nonparam,400043,hsic,0.0,199,0.0049274569832908725,0.016485755078006696,0.014728371079439381,0.013840786524798475,0.013452922571814083,0.013310741442098989,0.01234634774706485,0.012043627506837646,0.011266267233159342,0.011091679114354767,0.010993133559339877,0.010865316750053361,0.010736829822211972,0.010553417106416562,0.01011994663044115,0.009696887667140865,0.00953335233183954,0.009303605177968709,0.009140326131171092,0.00906519304986165,0.008838203756050357
500,3,lognorm,null_nonparam,400044,k1,0.05,199,0.006785296426900178,0.017962781026617525,0.014750317769693377,0.013887985193153485,0.012352346630541855,0.011951255807988947,0.01161356864487384,0.011405281183982985,0.011347501095702595,0.01115839303157351,0.010926163422190549,0.010711245189187313,0.010681209958068094,0.01050650316673829,0.010374541438907703,0.010068314102306575,0.009986632306087206,0.009552181628850631,0.00912751022778513,0.008715098525827303,0.008686392894826533
500,3,lognorm,null_nonparam,400044,k2,0.05,199,0.20051541599875092,0.7301628205700235,0.6233254486089961,0.5693945425652073,0.5223563221131028,0.4808478512754973,0.47166919635507065,0.4687280770951644,0.44133187052272294,0.4347598367362725,0.4300685616526963,0.41309561925565136,0.3840493462743722,0.37510429188940736,0.36174871208641135,0.355016010932662,0.35197555656083424,0.34284759474111004,0.3324628275953725,0.3209865212407409,0.3140555205850941
500,3,lognorm,null_nonparam,400044,hsic,0.0,199,0.0016326619976405358,0.010593119393565806,0.008739843440611976,0.008074919726356473,0.007639334259808907,0.007270249308092179,0.006780153220663106,0.0063884449711231195,0.0062695308546765185,0.006077995235496562,0.005862580368946133,0.005722689721793702,0.0056609173075263365,0.005516194433416084,0.005434982122574824,0.005256102973950878,0.005238303417428652,0.005001279573952489,0.004845219524540518,0.004601983306309863,0.004549077212483991
500,3,lognorm,null_nonparam,400045,k1,0.05,199,0.00973590995265583,0.0235029043783076,0.01810315432712839,0.016682016300435087,0.01583439110220064,0.014690884643538515,0.013782058691938381,0.013263155152455575,0.012626039292256697,0.012352773144081786,0.01186693870834954,0.011342984655848265,0.010907982276066264,0.010411164439848686,0.01014912826443759,0.009965598207409831,0.009504304452563339,0.009422873114386054,0.00930776199575789,0.009267958956201361,0.009025336296773712
500,3,lognorm,null_nonparam,400045,k2,0.05,199,0.2868050081994906,0.6817430325290961,0.5335847988217878,0.5085169663748573,0.43861191458134324,0.4141007003329281,0.3949406185856717,0.3891009319609056,0.3788589366165433,0.35046202799374593,0.33963785356284976,0.3275159132020583,0.3214316522252171,0.3070960973895847,0.30336651457937314,0.29590493932185935,0.29218732628153626,0.28795625742872155,0.2852691660451516,0.27994572242610577,0.26679491168949776
500,3,lognorm,null_nonparam,400045,hsic,0.0,199,0.008268345844213676,0.020566079580973756,0.01851135380820801,0.018103413416448513,0.01804820985876394,0.017362229281833175,0.01645072293848349,0.01636619746195453,0.016013416230635645,0.015278958445397086,0.014878581037855908,0.014672517557579045,0.014314629951367324,0.014018825199254948,0.013831415867403465,0.013640639373307594,0.01359541447047783,0.013242259677022512,0.01302929237069961,0.012945484311194222,0.012862006381609052
500,3,lognorm,null_nonparam,400046,k1,0.05,199,0.00975596745288887,0.01633664901236387,0.01522154010768495,0.013492181877878928,0.01299245548499317,0.012933553792707442,0.012867875651055849,0.012654451550966339,0.01186332854389116,0.011532174615602298,0.011354164458237448,0.010425103131479263,0.010023614044906703,0.009518270138882956,0.00933533838864875,0.00921151855543545,0.00894844408835116,0.008793340854699627,0.008638499615251649,0.008388292097031624,0.00836852948534983
500,3,lognorm,null_nonparam,400046,k2,0.05,199,0.3829213477418878,0.5879696842971628,0.5515301934339915,0.532538943692056,0.5021932348007804,0.4792888313655081,0.45846430769432023,0.4421967945075016,0.438703424361888,0.4092943364002412,0.3998681883906381,0.38853079343521646,0.3788191717741459,0.3717034579363739,0.34459563149588973,0.33708756102074583,0.3288230033310328,0.3120909713420765,0.2966195772268851,0.29239539572372086,0.2832573668472105
500,3,lognorm,null_nonparam,400046,hsic,0.0,199,0.0026936079293535865,0.013162043100967104,0.012171507688688714,0.011526715535972176,0.011286517658555041,0.01093993452895366,0.010406305055205373,0.009737286137330457,0.009321713174827296,0.009184399507605412,0.008956158935543024,0.008899636553021312,0.008641546058586769,0.008343978614024819,0.008220603752180955,0.008113538946532743,0.008076550945836244,0.007869227222212888,0.007640769029203395,0.007555328156047029,0.00754676008031744
500,3,lognorm,null_nonparam,400047,k1,0.05,199,0.01278926821750892,0.016026045394072708,0.01453127686464828,0.014111206285045808,0.012743204568745115,0.012274796662692267,0.011076480253593868,0.010976793031369225,0.010785388307223753,0.010615771887495296,0.01046895621622368,0.010240930128722625,0.010104334215045196,0.010012718868064652,0.00968400028466887,0.009414769017635716,0.009036087743869214,0.008693580594105299,0.00841453334409259,0.008206663606227016,0.008163672036002656
500,3,lognorm,null_nonparam,400047,k2,0.05,199,0.3731316845998108,0.7035294204663973,0.6186588054363832,0.5865460197867205,0.557207372947817,0.5309656018102611,0.5181999026551735,0.4674628389096044,0.428016585835852,0.41623323510105475,0.39041137562612843,0.3593230431011295,0.35367443708332497,0.3375475388198378,0.3306515239676443,0.32893424464239596,0.3101786963018403,0.30840391121480626,0.30101478756425276,0.293805030245104,0.2766151838814865
500,3,lognorm,null_nonparam,400047,hsic,0.0,199,0.005814206734308276,0.019871043217028456,0.014522339011533082,0.014358345283754601,0.013640261805491218,0.01342578308300836,0.01309840986156708,0.013013663674317172,0.012804427882573341,0.012223337462391435,0.012039332308826839,0.011476055423195231,0.011134802885186885,0.010880399001710856,0.010792464189614352,0.010639959912225463,0.010426886285099269,0.010366466010151863,0.010135473129541198,0.009956113124633282,0.009783307425292811
500,3,lognorm,null_nonparam,400048,k1,0.05,199,0.009957499856236285,0.01589807306269142,0.01556263288140497,0.01479133959357315,0.014522466266679523,0.01420023428665429,0.013664239899843222,0.013481486089398143,0.013350190161975362,0.012263691096076779,0.011959333926165439,0.0119079213701625,0.011814202947352803,0.01178153240751978,0.011749694136643174,0.011600691693898435,0.011290493051178796,0.010897698091858143,0.010770623483314035,0.010710266059566598,0.010671676472251534
500,3,lognorm,null_nonparam,400048,k2,0.05,199,0.28361069463708133,0.7713978089708288,0.7261735020397712,0.6948495437635762,0.6620344318147953,0.6320479006245284,0.6261554590773694,0.5912384787960372,0.5205256407415852,0.4917110542289306,0.47492506051403804,0.46089134996829717,0.4328338259583127,0.42298022625391757,0.41577940759041415,0.40722752419846703,0.3822565402017892,0.37000636625762073,0.3565259284699259,0.3528061706480241,0.34285726725894083
500,3,lognorm,null_nonparam,400048,hsic,0.0,199,0.0032060617258063188,0.013353491206188525,0.012161291882498003,0.010344489842580082,0.00983867868706718,0.009648704868005415,0.00931673794684266,0.008970728012429248,0.00850360831350232,0.008357435122315779,0.008050766101519651,0.007751400982439469,0.007628844388434695,0.00736581188711798,0.00732664051410216,0.0070841173268970156,0.006807164648865841,0.006759139245079577,0.0066101243710807445,0.006546944319995982,0.006473052614944352
500,3,lognorm,null_nonparam,400049,k1,0.05,199,0.004657932117552721,0.016490756445592947,0.013701098469419248,0.013015990650663833,0.012936266201915236,0.01242702157865283,0.011499194615360753,0.010683498140595993,0.010631751371118936,0.01040573182256821,0.009876874103332156,0.009691353405250958,0.00945048919517455,0.009279158303283741,0.00910394900352296,0.009002330805504055,0.008925950224068169,0.008623875729116381,0.008552173059752866,0.008370671501783278,0.008102002059063973
500,3,lognorm,null_nonparam,400049,k2,0.05,199,0.12954716531274496,0.766152966394408,0.5891295072590634,0.5223208753297668,0.4912441467754737,0.43342875646871176,0.4191579198252189,0.40016433231052057,0.39722405466109173,0.3799786944651004,0.37587197893138324,0.3637790430616809,0.35290928914572867,0.3304994087989923,0.3273906172119237,0.3126690437172454,0.3073530835331367,0.2983776637104076,0.29277605816170055,0.28616314387028097,0.28079493465282107
500,3,lognorm,null_nonparam,400049,hsic,0.0,199,0.0027440358695026285,0.011918062590077466,0.011409378356709321,0.010890824281501494,0.01006468809573771,0.00938371630720737,0.009239661515997238,0.009082038047750492,0.00886374724529042,0.00857290066547557,0.00838368293645764,0.008060314121875117,0.007864962912879513,0.007784510458517091,0.007552642336909592,0.007443582680111777,0.007359063995214301,0.007277361416623244,0.007238309489418574,0.007129214982927721,0.006961075298824153
500,3,lognorm,null_nonparam,400050,k1,0.05,199,0.013473284377215844,0.01771121881370097,0.016615222152818854,0.015895650899451552,0.014995762221930886,0.014845650110502207,0.014239676820798408,0.014122946476536113,0.014078861495414707,0.01380014931833573,0.013512829553908756,0.013335987998454812,0.013302474354434879,0.01276698717884539,0.012667085957693947,0.012415423961935623,0.012171225753555892,0.012028951235573015,0.011854142719329386,0.01159464179589409,0.011539264614223166
500,3,lognorm,null_nonparam,400050,k2,0.05,199,0.2784197821843483,0.8800596901678404,0.736507936510213,0.7046452110071986,0.6534309492317322,0.5814730285452,0.5200400788499118,0.5120876053730307,0.4765953280431367,0.46031018308114097,0.45439170142733865,0.4510050830590126,0.4413767516291979,0.44019935515312575,0.43058919823478115,0.3985598637239683,0.3919785257295584,0.39101146247160223,0.3852863438230054,0.3824529071237403,0.375988582631169
500,3,lognorm,null_nonparam,400050,hsic,0.0,199,0.0020774384289711486,0.011160540960732799,0.010080423689428708,0.00976388602178937,0.009382762956415039,0.009164766695210125,0.009115656254387492,0.008978968550976366,0.008722996906190194,0.00846754870816759,0.008221608732349572,0.008084438986598176,0.007819619208684098,0.0076916637313839496,0.00726036166554738,0.007195636740145587,0.0069235341415842915,0.006874527805941663,0.00683046240068859,0.006424167297219511,0.006202099161098192
500,3,lognorm,null_nonparam,400051,k1,0.05,199,0.004638099671581797,0.018989160719109055,0.016307141376811995,0.014110748003133944,0.012627217000891422,0.012383079021813126,0.01218388892443234,0.01136295682324917,0.011208822604780178,0.011087546573009588,0.010912545334762491,0.010775571228211378,0.010538088354875463,0.01036809098495417,0.01021792414382261,0.009944831887095384,0.009925696206171675,0.009318735448498372,0.00920061947158235,0.009065644321386346,0.00891630073851224
500,3,lognorm,null_nonparam,400051,k2,0.05,199,0.19210742787183907,0.7302870647934911,0.5838431706583384,0.5636785831346692,0.5339550710431431,0.49793641084243595,0.44410195509002887,0.4279273347010732,0.4087626871437564,0.39918860099740106,0.3728088842314639,0.36502573705525004,0.35615378443599294,0.340862348194582,0.3400198717818905,0.3381772978371654,0.33196636738861784,0.31691830285879363,0.3081750748534337,0.2998271447786189,0.2900437110645923
500,3,lognorm,null_nonparam,400051,hsic,0.0,199,0.005569410930475586,0.01839651593396914,0.01615750350986089,0.01576759034514401,0.015181581354177328,0.01494603089007755,0.014696552466668457,0.013725572877791681,0.013358774012622449,0.013212097342011188,0.013082639322772186,0.012556614220754152,0.012185611609129383,0.012158194213720223,0.011956776300762237,0.011495933479729303,0.011451316713257376,0.011403503756230629,0.011147386347962057,0.011044160326439968,0.010847797865592158
500,3,lognorm,null_nonparam,400052,k1,0.05,199,0.008333562999284894,0.016249375547771394,0.013906533643382457,0.01232101454900525,0.011517381273851823,0.011372808981140237,0.010987459261432297,0.0109381779705513,0.010507856512805613,0.010489746562007074,0.010418700471960696,0.009927434585719652,0.009873558057832632,0.009752589578258641,0.009639180540269021,0.009521094363568405,0.009233355667010001,0.009068505326412013,0.008852513141998641,0.008702799827291052,0.008624024732772129
500,3,lognorm,null_nonparam,400052,k2,0.05,199,0.13844725847660244,1.1573483745836233,0.6959483125912441,0.6704869872012071,0.6390451556956613,0.6032813374397163,0.5724475354666271,0.5569085211725285,0.5363764570223137,0.5145245057598461,0.5108371160585108,0.5037345686362287,0.48289792638330414,0.46004068351695243,0.43524429665557435,0.42811991161134344,0.4142592526704841,0.4052958039813976,0.39165315626812025,0.3841428872795302,0.3769832853489634
500,3,lognorm,null_nonparam,400052,hsic,0.0,199,0.0006470722589423617,0.007398259824917571,0.0063371535313345995,0.00598903177814211,0.005599662419301995,0.005559973531521389,0.005509793946526223,0.005366207136577083,0.005217709970490723,0.004981998419363998,0.004815901053805142,0.004779266342529274,0.004591301822693277,0.004451115822024746,0.0042433972281846755,0.004151591238497513,0.004116831951229326,0.003926503880437187,0.003701194260940673,0.003592193813690922,0.003555068545952718
500,3,lognorm,null_nonparam,400053,k1,0.05,199,0.008536614853880131,0.021272871813204697,0.018998453642940505,0.015971683173923612,0.014670149480440542,0.014287095119450699,0.013220629755923308,0.012599139436076379,0.012054729395326813,0.011275252113930878,0.011185019274189134,0.010775316221880438,0.010465592207703156,0.010161889460477247,0.009759057762960266,0.00936660376357945,0.009055377206778292,0.008561341160331026,0.008400186390758235,0.008145831469574483,0.008071771101028968
500,3,lognorm,null_nonparam,400053,k2,0.05,199,0.2967828659397149,0.5567851138061304,0.5508257226094051,0.4988683968043285,0.4623259246723011,0.4549229469972361,0.3995083624191164,0.394664932824646,0.38150672938190033,0.3762836680008745,0.36700878063255643,0.35502970750443036,0.3496690436111389,0.34345479722080036,0.3254721858386133,0.3155040739293396,0.3135304723726482,0.3113043713789719,0.3050759818859664,0.2912184867661303,0.2831249840017911
500,3,lognorm,null_nonparam,400053,hsic,0.0,199,0.008770682686758662,0.017355759197017175,0.01673598345487281,0.015875413305087724,0.01525546708935939,0.014946629769868878,0.014759648537578,0.014685577550510249,0.014199352199965105,0.0140185831353124,0.013419154150538837,0.013371820142757625,0.013249385895356937,0.013129486213084046,0.012795858621112599,0.01256562031103047,0.012292510822761683,0.011764456460582797,0.011668668774059449,0.011456555732058006,0.011449683955788414
500,3,lognorm,null_nonparam,400054,k1,0.05,199,0.011162662091894537,0.02259549725905985,0.022271778946732157,0.02000440373456025,0.0198759491824686,0.019288832080229912,0.018050259563161863,0.01734193314493493,0.016840457147177856,0.016427647880970953,0.016256920260805607,0.01584842458180513,0.015460532614514078,0.015239002644024557,0.015025523784169992,0.015007314903866198,0.014901898896244492,0.01469806163557763,0.014480230573098773,0.014353243610133903,0.014222271156373978
500,3,lognorm,null_nonparam,400054,k2,0.05,199,0.14316734537574738,1.301669216472302,1.1638047375951444,1.1402339804106434,1.044064049037865,1.0167475376241621,0.9838380221713323,0.8377885279385063,0.7951312598511399,0.762732585215174,0.7561193842564538,0.7307806333868113,0.7201652686631698,0.6842081943353961,0.6337609716200817,0.6116783851675148,0.5921701235847393,0.5628048322379374,0.558395152366988,0.535190629907896,0.4735457706235207
500,3,lognorm,null_nonparam,400054,hsic,0.0,199,0.004617843115246345,0.013769739956870117,0.01267719133583063,0.011706551051814677,0.010946367113745106,0.010878096361796699,0.010586777947623138,0.010145904838425446,0.009963844674950565,0.009736192968087734,0.009496236667430238,0.009168690703774084,0.009114031939312877,0.008834736388012387,0.008696129877874303,0.008531643309567342,0.008397229705087451,0.008151097634366836,0.008041411589706182,0.007954768010476381,0.007766821531279347
500,3,lognorm,null_nonparam,400055,k1,0.05,199,0.008954779753198028,0.025372983954547457,0.022365373146932876,0.019513106067851893,0.01778536831948785,0.016985978889061615,0.016575975587359237,0.016277747561315115,0.015947463235435055,0.015649496631680804,0.015369288181766971,0.015288127947554853,0.014948170471092093,0.01455461134666336,0.013890238435808278,0.01376903343468494,0.01371551339256416,0.013438765089644256,0.013285629973721347,0.013186484765396078,0.013170415419086146
500,3,lognorm,null_nonparam,400055,k2,0.05,199,0.11107539759321888,1.011041466005809,0.930014371017001,0.866742962943519,0.7546938712660765,0.7388255669423933,0.6988947002938047,0.6885342372063755,0.6866606342795485,0.6766033971743199,0.6643655601516395,0.6459787813728401,0.6175546511646067,0.5925791081591836,0.5831562220269815,0.5584242214639135,0.5266990924917924,0.509223854862325,0.4903065821319172,0.4776465426561437,0.47244337262872954
500,3,lognorm,null_nonparam,400055,hsic,0.0,199,0.0007190001042844033,0.010092613969229967,0.008150909797315394,0.0073171539689357145,0.006973048906893749,0.006962310879355714,0.006438114955756434,0.0064124793167935,0.0059839727838681914,0.0058228274138938906,0.005743035378919728,0.005554513109332758,0.005276382054289548,0.005142662689224557,0.005110620266465224,0.005004494241736479,0.00495510382948478,0.004708800594365628,0.004631689106451687,0.004457040439106752,0.004299642159917236
500,3,lognorm,null_nonparam,400056,k1,0.05,199,0.0037650958983362903,0.018636327773492445,0.016884147853623466,0.01497383895997012,0.01395584052829324,0.013718790166481254,0.013243975387286944,0.013031427929782069,0.012719206909129088,0.012272910368010037,0.011497396622528133,0.01107696698542715,0.010800604871109565,0.010728601843088548,0.01062752283844226,0.010578279432873816,0.010272590530903347,0.010110591187603157,0.009995089057119433,0.00986161036453681,0.009729628219612207
500,3,lognorm,null_nonparam,400056,k2,0.05,199,0.07170147273731525,0.8696212998684318,0.7365989440044068,0.7136206327406133,0.6163411937462198,0.5694027826104002,0.5184647913267415,0.5081456759832907,0.4905242767659662,0.4787184454011631,0.4729701547256557,0.45949641428852606,0.44349948404107353,0.409987627502923,0.4038500464792282,0.39408792160557576,0.3569171231288832,0.3500228791531867,0.34499625949481394,0.3374541139133307,0.3354565458579379
500,3,lognorm,null_nonparam,400056,hsic,0.0,199,0.0008789386617129737,0.007741391951438291,0.007441690326808048,0.006928297190873745,0.0067189547963994066,0.006400606486050527,0.0058991290104000605,0.005817159360837284,0.005627722117737786,0.0051042975448741925,0.004718871605266996,0.004652147096391587,0.004606633648312822,0.004544214249001649,0.00448794172656253,0.0044022294315929624,0.004372785792239112,0.004278499528127641,0.004256890669049358,0.00422733874195711,0.004086148725721831
500,3,lognorm,null_nonparam,400057,k1,0.05,199,0.007179317686352826,0.01775438383483241,0.01594999633723171,0.014813017072494383,0.013412653236442362,0.013349183478070459,0.012832481318763467,0.01203180372479462,0.011256219293511949,0.01093776414794545,0.010730905968094007,0.010613179014680174,0.010472474572972179,0.010417948929555387,0.010098384810443894,0.010021120733983757,0.009923739589130176,0.00976567824507113,0.00960812877970696,0.0095306135230242,0.009458380756803941
500,3,lognorm,null_nonparam,400057,k2,0.05,199,0.14051223000276708,0.7174758764502478,0.6639696559647096,0.6289142250730388,0.5774088931574176,0.5480803841934924,0.5361727678983548,0.5291673401349251,0.5184151699883478,0.5130403546452059,0.4984393805348484,0.4795821213721548,0.4566357220545678,0.4424108027226379,0.43906134161126,0.42007886355484814,0.4177863405357429,0.410655876034854,0.39859921188645403,0.3877731243136878,0.33907197472141964
500,3,lognorm,null_nonparam,400057,hsic,0.0,199,0.004440328442038029,0.014434952691754389,0.012361137762637052,0.010835314459085437,0.010544515483399356,0.010355579897140473,0.009944342919574006,0.009915026511398025,0.009709441959570188,0.00929987378112075,0.009212258656637124,0.008992611078009178,0.008884542872099156,0.008813528311061686,0.008743939384734395,0.008552138912004317,0.00848752408292311,0.008098896151102179,0.008048270979068487,0.007942849559860708,0.007716618531684998
500,3,lognorm,null_nonparam,400058,k1,0.05,199,0.005712201630074354,0.01687852139979884,0.016391223981729985,0.015309146190393252,0.012802417480411,0.012640950257637229,0.011901469496683248,0.011497007941530635,0.010709537658062485,0.010586418561146727,0.010446504120094957,0.010066810600995568,0.009938526197764253,0.00984182310856141,0.009677573530220362,0.009220740221983159,0.00892501378809174,0.008798379942557166,0.00819636484483055,0.007963484555665645,0.00760309194799913
500,3,lognorm,null_nonparam,400058,k2,0.05,199,0.1784900220194157,0.6929825710566949,0.5588947058540537,0.5174835133531174,0.5061491570590946,0.49216956924677957,0.46578190326586794,0.45213606487439173,0.4211712574586947,0.400098137522894,0.37603896832056893,0.3602131820400284,0.3442208732892528,0.32869824455393387,0.31872164387161844,0.3132257420082602,0.307593492573317,0.2972483373679807,0.28820430599758257,0.27294699310141396,0.27001171330270063
500,3,lognorm,null_nonparam,400058,hsic,0.0,199,0.00017105597918611965,0.009420844327416014,0.008912638255627228,0.008180363363127403,0.007972935756003607,0.007288393678546471,0.0068841648436665055,0.0062992131264483255,0.006218890215453184,0.0058322326344800324,0.005649661004230685,0.00546384559019574,0.005447853056303613,0.005161936654230696,0.005106354597046199,0.004917233675515935,0.004398478326217267,0.0042538836778863685,0.004080552081189109,0.004043741085925554,0.004020673359703748
500,3,lognorm,null_nonparam,400059,k1,0.05,199,0.012249737157167151,0.017925781172126842,0.015606668460673712,0.014716247367492552,0.014274594547226904,0.013263731957811165,0.01266686739556111,0.012172292210312463,0.011911283587523025,0.011736697804815122,0.011437328704197669,0.01137012442612162,0.01133187075821851,0.01108179104301743,0.010954043923582124,0.010765241037556494,0.010478662114621784,0.010288473738179316,0.010175916043858813,0.010113329908276403,0.009827849103865804
500,3,lognorm,null_nonparam,400059,k2,0.05,199,0.37744411799991984,0.8547890739334342,0.8312858548771941,0.6975007691533387,0.631092222458933,0.5622306576403928,0.5432663007249082,0.5339145817493423,0.5196551828591606,0.5061744550875751,0.4893112793598189,0.48212879264402403,0.46895549591847685,0.4664002554196824,0.455359042290748,0.4446198707629842,0.4152984187742164,0.40567177884838956,0.4018392265027605,0.3993004435472176,0.384420059374059
500,3,lognorm,null_nonparam,400059,hsic,0.0,199,0.0026285261661706497,0.009191348379794448,0.008547039877586792,0.008444775513671485,0.008168621683420715,0.007704644147924729,0.0075509366632555645,0.007400705890265643,0.006280581165391126,0.006057832061628679,0.005986105124843031,0.005781104000335104,0.00565661672012532,0.005428173099035853,0.00536675049553488,0.005321218050068921,0.005211382884324553,0.005166219600701769,0.0051206077126850595,0.004971152263154381,0.004944519763428865
500,3,lognorm,null_nonparam,400060,k1,0.05,199,0.005290424088949086,0.018756299141361565,0.016293426888020324,0.015328776108185616,0.014501541733942913,0.013587080339300561,0.01314563523193224,0.012815352643166134,0.012307372416251239,0.011796386825077332,0.011721034383151863,0.011530915518163987,0.01132712891273624,0.010912950316383063,0.010827408432149799,0.010680283307893168,0.010416397069332839,0.010255473684624983,0.010167101836684345,0.009974379891445784,0.009858950842935754
500,3,lognorm,null_nonparam,400060,k2,0.05,199,0.11366176715289666,0.859425814747154,0.8044961404836086,0.7652571485977325,0.6381294777792847,0.6284555448894976,0.5935199161797485,0.5837584549265747,0.5462505762174302,0.5404344451665947,0.5003198572442338,0.47822569960190076,0.46034964011195595,0.4537762096350493,0.438975459485874,0.41427544075095135,0.40022678763458447,0.3956648268249157,0.3799184121729169,0.36955204981151435,0.34304342671533455
500,3,lognorm,null_nonparam,400060,hsic,0.0,199,0.009384938516214298,0.02018388935380223,0.01922906531691646,0.01786832776385225,0.016807381512219954,0.016360312470390184,0.016021260177167637,0.015495817150335319,0.015296822188418291,0.015117633404791816,0.014716023436125507,0.014519625667306054,0.014282964541082943,0.01421895837022417,0.014067843250549012,0.013826919750501165,0.013239751467407041,0.01321746238722522,0.013067974855318529,0.012867794072754847,0.012713297517841383
500,3,lognorm,null_nonparam,400061,k1,0.05,199,0.012456428889738191,0.01621245627259915,0.014240263914942819,0.013290668766672287,0.012653990848155439,0.012023287885675082,0.01165273897439234,0.011325310203035677,0.010437222162319237,0.010301154883215258,0.009441386051927791,0.009425750074378847,0.009408738934715832,0.008701036558998676,0.008595715976149165,0.008454825691827095,0.008295957190710301,0.00819568240604307,0.007846478558728665,0.0077088606079516175,0.0073930166973819045
500,3,lognorm,null_nonparam,400061,k2,0.05,199,0.5295529227646135,0.6241965650484556,0.5780246609366684,0.5349889255551966,0.5094158038960857,0.48437081216684763,0.42606889846965923,0.4077980001626544,0.40156011072695574,0.3889509978047901,0.37825449754919566,0.3773666919623197,0.36832902370584286,0.347879551463935,0.3435027880413338,0.33895522461910454,0.33414293515171545,0.3265840357385102,0.3240781170630176,0.31784974434427254,0.3082010262737306
500,3,lognorm,null_nonparam,400061,hsic,0.0,199,0.0025540292163344137,0.012761548814531036,0.010686620350310497,0.01025822813108764,0.009860119928196812,0.009140493192610363,0.008844107026882169,0.008680489398932281,0.00863479323814346,0.008356101080282766,0.008151247148104758,0.008082137490488486,0.00800542582882311,0.007840005936784385,0.007810160446476132,0.0073582896080844696,0.007197083702223709,0.006965388477494434,0.006927177077772776,0.006859977340368802,0.006822646214261622
500,3,lognorm,null_nonparam,400062,k1,0.05,199,0.004809774925238597,0.020305368785391797,0.016794143141491302,0.01566133803001063,0.0150725052166375,0.014600274359019005,0.014164775198112434,0.012726513880993662,0.011962773609523913,0.01187298978144613,0.011661585450399248,0.011585140290580775,0.011443785194292067,0.011062322707904637,0.010202146315735017,0.010129317834763674,0.009947666369441333,0.009753541947417066,0.009632368351184528,0.009589481419111978,0.009511822871162146
500,3,lognorm,null_nonparam,400062,k2,0.05,199,0.12131536255845557,1.0096784184973666,0.8176327659815281,0.6957457993090223,0.5838260973026206,0.5442060387158358,0.5411413574891868,0.5082620169612582,0.4923012720953719,0.4769562699782801,0.4590875125166912,0.4543886631395478,0.44312267481272727,0.4231644476936984,0.41589601577464974,0.38759091716206817,0.38565802487105916,0.3814578261126871,0.3790413311239078,0.3677012969379079,0.3586479431308219
500,3,lognorm,null_nonparam,400062,hsic,0.0,199,0.003299449434310604,0.011221133734322864,0.010642925957791758,0.01004039486098176,0.009007219959428785,0.00870934023457221,0.00854620572608089,0.008240833609715859,0.007777793292623604,0.007707939293938858,0.007609756343560862,0.007429824750642821,0.007293285656401755,0.0072328279551468685,0.007162178500992323,0.007143545270996021,0.007089925038717145,0.00706744815100012,0.007003412450180278,0.006932317183736563,0.006873190392471372
500,3,lognorm,null_nonparam,400063,k1,0.05,199,0.010999877862114649,0.016692447980404812,0.014045838772936525,0.01296713364315999,0.012917830355457793,0.012195128995905802,0.011683584546490433,0.011121110350244545,0.01080966612159262,0.010526115996898233,0.010468711966039268,0.01030386238822567,0.009631508240251385,0.009448484096210352,0.009352523454346784,0.009254435397997085,0.00922192382167586,0.009009673683901154,0.008782170625363017,0.008753436515007262,0.008679698127160851
500,3,lognorm,null_nonparam,400063,k2,0.05,199,0.31821873986880583,0.7833703134070397,0.6241306483094788,0.5305929169129249,0.5086560530231446,0.48596897155162705,0.43078088998516056,0.4115092842407289,0.37123935423431215,0.3660462075944504,0.3606570362813096,0.35566908669342495,0.3434716248284083,0.3421832416321959,0.3390331834054042,0.32846240479173694,0.321729827417042,0.3135642450088333,0.3104848978795987,0.3060248061345236,0.29420793026113
500,3,lognorm,null_nonparam,400063,hsic,0.0,199,0.0037571025302554724,0.014421194684454939,0.013101024035437546,0.012427855562590696,0.012283060797923823,0.01044468978390874,0.010051961119687754,0.009798406360630731,0.009647533671706865,0.009470776967836603,0.00922359218593931,0.009155572577053238,0.008949907018740095,0.008824485985011555,0.008750358956795644,0.008396372228419782,0.008265860350311943,0.007969648586060035,0.00792092967780277,0.007800113188859158,0.007783605131540285
500,3,lognorm,null_nonparam,400064,k1,0.05,199,0.00485208993413877,0.018929921351340973,0.015077004239664515,0.014375895933235572,0.013389345596651947,0.012987476577228207,0.012104135510510483,0.011833769799951543,0.011236734765303735,0.011073881542566388,0.010684677721850444,0.010323844407162941,0.010138094034878309,0.009673166721984261,0.009583588363767603,0.009513808575711047,0.009135385771537718,0.008914629420659459,0.008867365919005943,0.008780396737295804,0.008728140192456268
500,3,lognorm,null_nonparam,400064,k2,0.05,199,0.15491108786257907,0.6517202127076608,0.5729800074213058,0.5513419210798682,0.5123908897552146,0.5105826927082165,0.4849677796495111,0.44321397385579636,0.43500610721994754,0.4215443856829985,0.40989994252980694,0.39018485562578487,0.3821513025211517,0.37704210020986756,0.37348805677807684,0.3646217653358792,0.36283327621138717,0.34842908234177505,0.3447015964963493,0.335840773854658,0.327915082796526
500,3,lognorm,null_nonparam,400064,hsic,0.0,199,0.001966209813315797,0.014667023255106652,0.013660423729902801,0.012381689302290057,0.011874829770513873,0.011387764016740215,0.010438954181069063,0.010081994731358382,0.009854407272928585,0.009665084844458108,0.009517755219711635,0.009375946767550903,0.009178024574643945,0.009115155792577087,0.008746518642997343,0.008559385972570433,0.007776431925008333,0.007616410970153814,0.007387036789187274,0.007267668711414391,0.007139251041210994
500,3,lognorm,null_nonparam,400065,k1,0.05,199,0.0071131398741169916,0.02027193554554041,0.018268851928319285,0.015463839881448393,0.014900962604726287,0.014767805858788008,0.013946396472915734,0.013521421972499281,0.012803706560205685,0.012457012435111325,0.011857611295419401,0.011252811866341528,0.011006746141219326,0.010907196805714281,0.010552441963110226,0.010471424891951964,0.010245071382621207,0.010188960555847837,0.009806625254589085,0.009533172758322883,0.009480710172345641
500,3,lognorm,null_nonparam,400065,k2,0.05,199,0.3206557007063962,0.8884921467523533,0.8426742454150212,0.8209358357032153,0.6946210331998427,0.5874495508305198,0.5825728313240953,0.5685542329824477,0.5243003486430098,0.497995420218369,0.49214566200194754,0.4756451744646363,0.45938051863139584,0.4547947809850053,0.4395539992233544,0.42520031276080195,0.4011253897394174,0.3949878406965822,0.3944981275474462,0.3715291863523935,0.3572440715305351
500,3,lognorm,null_nonparam,400065,hsic,0.0,199,0.002211241339990966,0.012722863266598916,0.012463344301695805,0.011924316714513472,0.01073505533355146,0.010239015522464227,0.009557473831962955,0.009430876962099636,0.00912318620746386,0.008496404746846974,0.008252950175515557,0.008031950054188863,0.007579360057796998,0.007416185181045507,0.0073064843358757025,0.0070655325403115865,0.006857462281707164,0.006721221885362718,0.0064611490169315675,0.006303285425357846,0.006143783755557151
500,3,lognorm,null_nonparam,400066,k1,0.05,199,0.007561958941652347,0.01943064997138766,0.01799859721913588,0.016423732664378132,0.013926842553082741,0.013578444371275755,0.013320934479003288,0.013016436570121859,0.01262304738968889,0.012224969305433153,0.011854599396200372,0.011382142965887465,0.011260825560831411,0.01092503628481789,0.010643234747091945,0.010439565360076952,0.01014108292838356,0.009875469806678083,0.009727454498497323,0.00925997392134581,0.009092139820176648
500,3,lognorm,null_nonparam,400066,k2,0.05,199,0.23269796275889137,0.7073679491117499,0.5995402573734328,0.5681369980982146,0.5118522709136978,0.49413922809520117,0.4854005515881172,0.46738070796300824,0.45646450365206076,0.43886510395592415,0.4229994073707647,0.37082995199266255,0.3565808105357873,0.349255846067558,0.34808666472930544,0.34205656252714967,0.3397781804673753,0.32425638627761827,0.31842210519893077,0.3166206010091689,0.30510108052497764
500,3,lognorm,null_nonparam,400066,hsic,0.0,199,0.00205787187132437,0.011881950715522133,0.009598000235962929,0.008719256774873866,0.008420160054739102,0.008100988181592357,0.007278381340504546,0.007092429411051892,0.006787254506967207,0.006495881055183443,0.0064274950242891385,0.006206548560923919,0.006005750207746437,0.005797124033514445,0.005722158326885119,0.005379455873544871,0.005256509230287081,0.005199915647440342,0.005155559535993682,0.005102904140310782,0.005018304348915558
500,3,lognorm,null_nonparam,400067,k1,0.05,199,0.01017339459052713,0.01827321341645305,0.01662652382306834,0.01594246064812921,0.015306962745147423,0.015014510219283905,0.01464416337140828,0.014087196771178201,0.013871462137175605,0.013121044608255805,0.012775223735526864,0.012749981940584632,0.012691299854115101,0.012405847925349378,0.012359436344955288,0.012168894136860398,0.012027694374148856,0.011751686268479777,0.011635033388425309,0.011495038374769395,0.011387038759917756
500,3,lognorm,null_nonparam,400067,k2,0.05,199,0.18500642874323062,0.7745328004762385,0.667820629662838,0.6350636722866791,0.6254838475611407,0.6123483146671452,0.594298994218326,0.5421224815493124,0.5398410256078394,0.5357075727405866,0.5239377057151662,0.5166973107212799,0.5156442252758575,0.4923802143267801,0.46419108856670555,0.45516246135277005,0.44303209349660716,0.43256833136066947,0.41834319890766836,0.4105749150801746,0.3947613076038043
500,3,lognorm,null_nonparam,400067,hsic,0.0,199,0.0036800275077821334,0.011038517134748418,0.009830230882674148,0.009578879460306588,0.009507724277872028,0.009299047375842742,0.00919426295976803,0.008925884556294433,0.008791767994546174,0.008621868290726632,0.008489363760500081,0.008294681944568697,0.008235071832970599,0.007870996315293668,0.007581502830451921,0.007547274344737352,0.007322073650012285,0.007295385240423443,0.0072421621242791615,0.0071915303770546625,0.007120480649789951
500,3,lognorm,null_nonparam,400068,k1,0.05,199,0.004319208629295801,0.012861785954695282,0.012717017323165991,0.011566347188317727,0.01151397296029788,0.011487878184835876,0.010968316280861479,0.010898114319525698,0.01044249696388222,0.010352802059430233,0.010031832761181025,0.0098888865030613,0.009728948838207963,0.009585877027340262,0.00940331673804884,0.009259123966827931,0.009164318945402261,0.00913698468212143,0.009068794553793058,0.008930727407174599,0.008840339791115648
500,3,lognorm,null_nonparam,400068,k2,0.05,199,0.12654424861678204,0.5893504643735208,0.5309759469262972,0.5049612548006895,0.48679127700905056,0.4766416948393724,0.42369620629997584,0.4089707262063714,0.3787252207711206,0.3729389294978779,0.3687021083733188,0.3567914885725129,0.3439216497745392,0.3335886172657396,0.32376035484886595,0.3178913428104088,0.3062530201617361,0.29861059482915525,0.2968947792895364,0.2915764945761313,0.2848956553838291
500,3,lognorm,null_nonparam,400068,hsic,0.0,199,0.002038464045032754,0.01054971566220808,0.010105855790960079,0.00960393292733182,0.00938528201151419,0.009158229949515147,0.009090408829845959,0.008485834263969025,0.008164118728213177,0.007702064115903019,0.00724251337724709,0.007208075505003073,0.007113707707561879,0.007046310409204152,0.0069467153357142385,0.006641205133351542,0.006594905009994045,0.006525172246776093,0.006491648014078402,0.006467524439587915,0.006112702342121598
500,3,lognorm,null_nonparam,400069,k1,0.05,199,0.00471872559762776,0.016331756260909547,0.015723081093629854,0.01541564443667498,0.014134095432142613,0.01390655911225619,0.013640131147179213,0.013161309284603906,0.012490548366251297,0.012281208057029369,0.012075191507289862,0.011937464060195802,0.01164590557267553,0.011470360658892287,0.011390985588652813,0.01085664130473385,0.01083647155852585,0.010814388563013089,0.010743111154687401,0.010561515823874768,0.01031024067958275
500,3,lognorm,null_nonparam,400069,k2,0.05,199,0.10317419444221837,0.7736949277792139,0.7083435448026155,0.604708727018941,0.5692537068384682,0.5272899296863494,0.5130315605204553,0.4830843177396409,0.45865274960354185,0.4518603340170997,0.4434673404553391,0.4096803068382803,0.38881932451582263,0.3855722389970125,0.3718062212755089,0.3640109078355436,0.3550479160400268,0.34845729077178744,0.3452270998318967,0.3377565874582742,0.33069364484794883
500,3,lognorm,null_nonparam,400069,hsic,0.0,199,0.0008784751309359596,0.008141740211760357,0.006400996077008847,0.006107631591267616,0.005131394521161236,0.005025712393825791,0.004665017852745731,0.004488429507965106,0.004144508994680865,0.004063800239090147,0.003991578597419124,0.003869876676608146,0.003817367723068451,0.003792682995607052,0.003711285456964482,0.0035833089708957105,0.003535694465453354,0.003504264966092868,0.003434238279572031,0.0033720402558756243,0.0033144627161415864
500,3,lognorm,null_nonparam,400070,k1,0.05,199,0.007979678420081626,0.023675961809215607,0.01573024291417291,0.015014349132490667,0.013360383484482985,0.013021631022468783,0.012967781093742303,0.01243387006053931,0.012384995117657893,0.01235780420783883,0.012353771095704902,0.01212956895081363,0.012013150613702228,0.011966130064508196,0.011879696043835875,0.011562469984656099,0.011281968120255614,0.010683725861441395,0.010337848773733782,0.010266888401456287,0.010242965809305282
500,3,lognorm,null_nonparam,400070,k2,0.05,199,0.3255492182801939,0.7676050483095124,0.6742259934266372,0.6102201600670785,0.5877866033949881,0.5231990672675797,0.4687388914540397,0.4508834281559321,0.43857459815124733,0.4249980537906703,0.4036789084428314,0.397828485066771,0.39457928046584756,0.3793184213008878,0.3675797348939068,0.36539400058731686,0.35660137206159487,0.3454925760542397,0.33821877073084317,0.33099508136365136,0.325267925465282
500,3,lognorm,null_nonparam,400070,hsic,0.0,199,0.006935419695557395,0.022291966236868188,0.018819172524372374,0.017557614401767292,0.017085580267090082,0.016469611109467205,0.015617047922694078,0.01516278287926103,0.014475323601820935,0.014202511909511937,0.013555430033624869,0.013041074345552883,0.012850070210989056,0.012747073869482732,0.012582791433511212,0.012252101863272793,0.012166934772906974,0.012065689324947025,0.011906697213278793,0.01183825648183654,0.011786038114140718
500,3,lognorm,null_nonparam,400071,k1,0.05,199,0.008439132500762891,0.0161122877867243,0.01546297041648137,0.014013902814733303,0.012921812777864194,0.012639278220047845,0.012427926503368436,0.012078693814317698,0.011812679530046333,0.011745042256572802,0.011424614358186813,0.010783572197089697,0.010323434219915772,0.010001317228475415,0.009776196524955427,0.009360377142004883,0.009248790646691263,0.008947375680615766,0.008726402935024913,0.008467857711938476,0.008276821656804934
500,3,lognorm,null_nonparam,400071,k2,0.05,199,0.3223933189084929,0.7972166618987938,0.7045685789666121,0.6101491294704697,0.5773364664172733,0.5641382219241088,0.49257978595998714,0.45400582983967597,0.44511987919832896,0.4201573453181753,0.4002972198481584,0.3859468049316343,0.3810418294830893,0.377816724796769,0.3664311115650253,0.35891039969491,0.348191745548055,0.3448103166683945,0.32990253278016135,0.3196353195027896,0.3135296399469881
500,3,lognorm,null_nonparam,400071,hsic,0.0,199,0.005066312148397053,0.013554514454948352,0.01290575381098163,0.012671556155467651,0.012233436329254298,0.011859925508487853,0.011716129437493315,0.011376567589167885,0.010972481977709992,0.010853418914196208,0.010697405763277169,0.010300136335244795,0.010267727809055747,0.010218827507591099,0.010153490671044464,0.009961067484194706,0.009683725905461397,0.009576734965463999,0.009534634052305488,0.009474053708991825,0.00937494406041206
500,3,lognorm,null_nonparam,400072,k1,0.05,199,0.007728155993776964,0.01914111090832571,0.015357051031189783,0.013759788200879752,0.013405155039484251,0.013092567238146113,0.012974999287285516,0.01282545818295111,0.012515535733666039,0.012273937606601781,0.012213280595693043,0.012031269462168925,0.011945012919190034,0.011715646635150345,0.011378684273756878,0.011252635635254027,0.010811819406799872,0.01056891342662647,0.010514914661257868,0.010390195712675632,0.010067743647711347
500,3,lognorm,null_nonparam,400072,k2,0.05,199,0.23598813817830694,1.1012533594244567,0.7499552659107664,0.5209828137862393,0.4840352466276566,0.46869730072033133,0.449870939877377,0.4461351129283897,0.42100456903308325,0.4126983935034275,0.40769965527045504,0.4013357218317679,0.3934361670419375,0.3737957744180581,0.36214417176099933,0.36058860050311475,0.35215432959283566,0.33959536688602177,0.3345796542572591,0.3091429995325246,0.30234557948550733
500,3,lognorm,null_nonparam,400072,hsic,0.0,199,0.0029678745530685147,0.012018259966495552,0.011031993243087674,0.010929857085659127,0.010559432325660473,0.009584712349872343,0.009507086843178778,0.009130345248341654,0.008876357247730591,0.008429660839162523,0.007904693006141068,0.007218260776423069,0.007078822402465927,0.006874395113569649,0.006712438430023291,0.006606445958128612,0.006557924126017713,0.006496927629281302,0.0064199794574133755,0.006324169565718127,0.006230246739232065
500,3,lognorm,null_nonparam,400073,k1,0.05,199,0.020036438353989716,0.019014396319799176,0.01691661349826512,0.0168993924089178,0.015482423848618088,0.015281405810238957,0.014896531989845474,0.014796041663191706,0.01438665795900873,0.014028620043668671,0.013957667102275972,0.013457037629255209,0.013192250251867321,0.013173515415556336,0.012961869234190626,0.012841615382326532,0.012589871004842768,0.012534585858738567,0.012441340619703811,0.012308882118283515,0.01223276933348616
500,3,lognorm,null_nonparam,400073,k2,0.05,199,0.593291230550687,1.0109950065498485,0.9023998141902024,0.8273851869527086,0.801903238307849,0.7649258618685295,0.6888832640977695,0.6161586600693146,0.5794583896655099,0.5277094627230048,0.5141628729646037,0.49066675058953063,0.4494946617396397,0.43857254604866847,0.42844436289999527,0.42051685532223904,0.41615335598883074,0.40536914878879016,0.3965971087244657,0.38618343131996546,0.3654136578135625
500,3,lognorm,null_nonparam,400073,hsic,0.0,199,0.004043442285619612,0.01326697908899416,0.01260534644137398,0.011706838298516459,0.011380697262448173,0.011113712130055358,0.01102139396931977,0.01007775533174977,0.009839654331330123,0.009661206370380176,0.009166457963320345,0.009006586382430988,0.008835598207948095,0.008708149784308792,0.008642772540535507,0.008542859983078702,0.008279535665346336,0.00826726251776654,0.008149379567344867,0.008008490929410183,0.007744786667742184
500,3,lognorm,null_nonparam,400074,k1,0.05,199,0.004050329438617828,0.016195594303733518,0.01601948742126119,0.014730968737436734,0.013739952467687222,0.013061870795890274,0.012782761204097381,0.012227666756004618,0.011954407166850478,0.011530627889500988,0.011100923541046415,0.010993249233730573,0.01055837484103228,0.010432224697316639,0.01037784569922151,0.01021001527549692,0.009863367801740686,0.00982283494659808,0.009711306093350358,0.009691929397985466,0.009533590284513171
500,3,lognorm,null_nonparam,400074,k2,0.05,199,0.07030178585727392,0.9928153558010218,0.9132086383275901,0.6613467869607953,0.6442015228276285,0.6130615973506643,0.5901928369269016,0.5406042016983942,0.5144722048038121,0.48752113859287255,0.48631010146540676,0.4519551541957275,0.44585664588010854,0.43929474859201895,0.4284657536666469,0.41080115502472636,0.4020930904976186,0.39341042671504856,0.38406430172986733,0.36695958811246965,0.3598147680025664
500,3,lognorm,null_nonparam,400074,hsic,0.0,199,0.0014856694346705918,0.011040384207246349,0.009859261358559891,0.009200736502209404,0.0081926047343106,0.007432779279751807,0.007123053788400994,0.006793443228333916,0.006555889903309797,0.006434324525030016,0.006128399257111497,0.005854287022544745,0.005752629925814579,0.005707616722610516,0.005636437620396462,0.005492406137378839,0.005401536228338936,0.0051557379461191185,0.005026483825913357,0.0049027641334438675,0.004735150272156798
500,3,lognorm,null_nonparam,400075,k1,0.05,199,0.00876550423363065,0.01767088262607075,0.014382783763621898,0.013927988453569684,0.012945471831554367,0.012344770413413753,0.012013361609352402,0.011722875147726852,0.01132256324381975,0.011197704104605077,0.011109629698622503,0.010544381975589046,0.010200040485578987,0.009943621873955366,0.009776015749979106,0.009587284274183983,0.009310511140956268,0.009100452870343667,0.009006263099721523,0.008965992685906699,0.008595804527457895
500,3,lognorm,null_nonparam,400075,k2,0.05,199,0.22327655559598675,0.5924450278591203,0.4664576728671156,0.43876888715206597,0.42376246911956644,0.42005829878696005,0.40617134684627654,0.3748116678302586,0.3613832343270867,0.3457055574628934,0.3446325250834789,0.3382412774659142,0.3199751414595679,0.3066515201051161,0.2985604559773174,0.28975955889279426,0.28631775760287287,0.2828486387817822,0.28063359442113345,0.27281097742341237,0.26357784924188143
500,3,lognorm,null_nonparam,400075,hsic,0.0,199,0.003718489222801153,0.011955620080383086,0.011695439828117157,0.011191044436037202,0.010690255716781281,0.010160800871828057,0.010140815958854516,0.010111299008569552,0.009993313500148262,0.009530312812578516,0.00922049069273179,0.00906774393252153,0.008671113349227134,0.008508205925065482,0.008394553121480162,0.00809778973724373,0.007639216230168849,0.007588186803869731,0.007271022905920245,0.007200421998111404,0.00707294322845874
500,3,lognorm,null_nonparam,400076,k1,0.05,199,0.011494529785867735,0.018638067693962423,0.017093702626580387,0.015655075630998327,0.0152807320214281,0.014960785417860167,0.014236009781009973,0.013909820545139673,0.013168355980430313,0.012956367814655145,0.012320717026758521,0.011864072780177426,0.011238739956821786,0.01078443089845682,0.010368577496154496,0.009987172744488126,0.00961586163075323,0.009415317555363512,0.009383191760371057,0.009302698948192911,0.009243548745057728
500,3,lognorm,null_nonparam,400076,k2,0.05,199,0.25906298400891076,0.7579915718978703,0.6952422565010512,0.6705198919694246,0.6071922712388593,0.569836749030265,0.5610428112264125,0.5591269857298299,0.5318884918396786,0.5198581209536497,0.502518955026379,0.4960328011770819,0.4934450470259031,0.47454180379382616,0.44408854059530695,0.4355219948544917,0.424693952015592,0.4152432356219865,0.40679346883955897,0.3906781960814383,0.38563631569400975
500,3,lognorm,null_nonparam,400076,hsic,0.0,199,0.007819432715678051,0.02111214116131971,0.016098553724824754,0.01599813257391263,0.015818169806804925,0.015462981696845114,0.015147018305446763,0.014372608649818212,0.014104647415489458,0.013627605822184318,0.013386941983144196,0.013367577255215013,0.013046636598658975,0.012727938900751948,0.012398173695339798,0.01194452453553752,0.011895152454509639,0.011666137038972504,0.01135039243506684,0.011304851478214641,0.011167886132161436
500,3,lognorm,null_nonparam,400077,k1,0.05,199,0.010559194681213468,0.016015205768358687,0.015479947129939386,0.013979353535969463,0.013389561298298047,0.012984624508007858,0.012914630978385744,0.012856695512582728,0.012156723158319838,0.011201460119119266,0.011021323907097869,0.010762216409412884,0.010742492024629846,0.01048703809828111,0.010088920565217818,0.009977165980407099,0.00981182327316843,0.00973985809941147,0.009655908761321275,0.009534042199231929,0.009267518644400674
500,3,lognorm,null_nonparam,400077,k2,0.05,199,0.17211188621252882,0.9745337958828953,0.8468578420299901,0.6918619101979335,0.575068699558787,0.521369442318899,0.5152261246415218,0.49363588027957817,0.45700552696728297,0.44644040168828647,0.42402671352274207,0.4136744369861019,0.4018331672613826,0.38443193946890164,0.3618241783910116,0.3560339467161196,0.33539600327736735,0.3336135873005226,0.31470008593937876,0.30296643482996016,0.30112049788831136
500,3,lognorm,null_nonparam,400077,hsic,0.0,199,0.0005819933395918819,0.005213735567070711,0.004366644085505001,0.004115654946651437,0.003821676304243794,0.003463431090687029,0.0034293585237299587,0.0033979567210563047,0.0032001849967975525,0.0031623880961118398,0.003084709944986188,0.0029621529048253397,0.0029323519690233712,0.0028942895236392903,0.002710512268152991,0.0025675418387441896,0.002549065661994861,0.0025340928465493644,0.0025197854804243024,0.0024910394340630433,0.002469162145034062
500,3,lognorm,null_nonparam,400078,k1,0.05,199,0.009764822926386585,0.022784952233792177,0.022258294774579968,0.017832850461124483,0.015814682162925753,0.014549526892091658,0.01399882872643421,0.013440043472702001,0.013252171229424015,0.013041654428959326,0.012509926243031266,0.01234792453069744,0.011893430994149745,0.011695940917718972,0.011493448778691184,0.01106956551289262,0.010998720543549778,0.010508082283701037,0.010486364138614368,0.010370942549019935,0.010079858350332982
500,3,lognorm,null_nonparam,400078,k2,0.05,199,0.14868901977453217,0.8573849618742777,0.7981862587510861,0.7710762766248953,0.7078439953886166,0.5443217817128438,0.5289029248008267,0.4939485852999225,0.484280652990096,0.4739532222761165,0.4731554825720777,0.44083857098769286,0.4301761126435478,0.4181497531869749,0.3879839952670749,0.38621245972249557,0.35478401697722756,0.34415790728545215,0.33478420484515137,0.316489475427596,0.30688345182519444
500,3,lognorm,null_nonparam,400078,hsic,0.0,199,0.00759455843832196,0.02040989896275025,0.01602694333661037,0.015350058859163558,0.014967592893704688,0.014251304212620471,0.01362629406654693,0.013458237801242586,0.013201247919528822,0.012933887650429438,0.012801739686420066,0.012683273599749984,0.012397438086923434,0.012311270898898071,0.0120092311162815,0.01196473717880353,0.011862839665487328,0.011760361761752177,0.011560992877060845,0.011269178744085603,0.011211172016599207
500,3,lognorm,null_nonparam,400079,k1,0.05,199,0.014649538667326656,0.02139272152969407,0.0183531785106964,0.0174315587724303,0.017051219985574628,0.016695083103701047,0.016397365114403983,0.015580940408602473,0.015241304353380558,0.014970833481578905,0.014682403603247685,0.014602920074637593,0.014513134154963803,0.01424066715679062,0.014213527991413843,0.013601302630592116,0.013468693425285339,0.013358366797335375,0.013230795569733611,0.012881018178454218,0.012786488122834783
500,3,lognorm,null_nonparam,400079,k2,0.05,199,0.21068209436264992,1.258709232205652,0.9224107570605391,0.8101642485796767,0.7340294600461464,0.7150790759545885,0.6432530973762512,0.6403712410766162,0.6338358590815881,0.5906910771155097,0.5743037204133734,0.5654424897308007,0.532608461266541,0.5061657624226422,0.49027152723166906,0.47671688193897943,0.47306666757054894,0.45354575987830326,0.4397565141254521,0.43587844261323666,0.42852989970503097
500,3,lognorm,null_nonparam,400079,hsic,0.0,199,0.0014648016500853971,0.009922715750416361,0.009196884166705012,0.008699899580596127,0.008477389441359515,0.007556324185621725,0.00732152669905968,0.007038259175119198,0.006548458509296611,0.00651232547031693,0.006015036503217736,0.005783872968871534,0.00564360634630249,0.005546544052979586,0.005500418293237238,0.00549339285565028,0.005463587660504513,0.005372661963389478,0.005260396171504956,0.005065054157356674,0.005022780715146609
500,3,lognorm,null_nonparam,400080,k1,0.05,199,0.007347309665386104,0.01971588863823237,0.016723927566287378,0.015304987978171147,0.013593300290761778,0.013488279662301594,0.012435497655962746,0.012371178583356124,0.012086910701622489,0.011800433254398057,0.011575823824164666,0.010931990298861938,0.010891678572588437,0.010702955335790132,0.010664322935327708,0.01028133506059048,0.010261463842727414,0.010086318307361064,0.009820469413592492,0.00973496260071649,0.009684847205011393
500,3,lognorm,null_nonparam,400080,k2,0.05,199,0.22728684771947893,0.6656199178990758,0.638494530269584,0.6110723184794248,0.5639519869799253,0.5463074506860426,0.5261488159616129,0.49273840972431154,0.48310260931906035,0.478341335128617,0.46751731365115856,0.44648389555401025,0.4303858333595425,0.41047171271619964,0.39627517323933614,0.3921135568136527,0.37554324312397475,0.3528171222566272,0.3508284896861651,0.34489523339288103,0.3419897836460798
500,3,lognorm,null_nonparam,400080,hsic,0.0,199,0.002424309204593134,0.012404427759321855,0.011056258511443972,0.010360279417666417,0.008827526443469786,0.008754731354363512,0.008169303523787644,0.007871704487365955,0.007759268900394613,0.007507616333171357,0.007073841962156843,0.006846400388470516,0.006543666427195887,0.006538297726952243,0.006425647530986767,0.006180764023725924,0.00607522108344329,0.006014503548466945,0.005925706951081565,0.005841713772258676,0.005594500374675881
500,3,lognorm,null_nonparam,400081,k1,0.05,199,0.019791189468833126,0.016292453191627754,0.014613195374995946,0.013761582160921715,0.013454431137057132,0.012850254034067032,0.012625643781733698,0.012428071635652238,0.012002364143987476,0.011981739691376392,0.011684896362684438,0.011538639153192642,0.011118963471145382,0.01090251751926452,0.010874412919111287,0.010703099381233705,0.010561639307244186,0.010538326203707205,0.010472344921387267,0.010440729272901739,0.01032501175980527
500,3,lognorm,null_nonparam,400081,k2,0.05,199,0.5531455290489372,0.7794146717794965,0.6240965240363996,0.5925250899460753,0.5250070730586516,0.506695758174055,0.4913409100046603,0.4791918612207735,0.47454736188058066,0.46083647086313356,0.45221997311274464,0.4510254729350986,0.4391263311386095,0.42623753261551167,0.41467367942035366,0.40925817674558057,0.38894692015156057,0.37793409283365226,0.36353123958062733,0.34026224695704116,0.33050651009056997
500,3,lognorm,null_nonparam,400081,hsic,0.0,199,0.004991145504159886,0.016633307579477948,0.015704955779927574,0.015121503548798362,0.013590413313091371,0.0123380634359665,0.011721818833339503,0.011115085628580343,0.010651371040697053,0.010513292960450742,0.010441780253403194,0.010267122110071003,0.00977969541675699,0.00958748703426965,0.00950226455676259,0.009261619087005726,0.009175200707533413,0.008928978013164862,0.00870062011015707,0.00862428854604782,0.008605044742347391
500,3,lognorm,null_nonparam,400082,k1,0.05,199,0.008397153019580217,0.015886732158062522,0.014649084945565993,0.01398427153102988,0.01351571442100774,0.012880010333620295,0.012666696555857504,0.012471390811474414,0.012023885552420177,0.011716802105271817,0.0113416969692679,0.011243114923476405,0.011187715018199484,0.011025544525441355,0.01085457178051663,0.010705245888942061,0.010418627369722655,0.010378981823438549,0.010324217633968513,0.010238329798970658,0.010057734095132553
500,3,lognorm,null_nonparam,400082,k2,0.05,199,0.19025682917496567,1.0076108676045494,0.9871179866595714,0.7158771637610032,0.7068873594162932,0.7040572072847759,0.6733256582390978,0.634517202718191,0.5967731545828246,0.5660840219263962,0.5465983737894217,0.5161224216898767,0.4975662992610292,0.4912940860021598,0.4682873556527417,0.46698198356532583,0.46050444067709423,0.4265688614497922,0.42423502876941255,0.41410905299516887,0.40433467153482344
500,3,lognorm,null_nonparam,400082,hsic,0.0,199,0.0013132073223328033,0.00981688826341569,0.00897811786447477,0.008525723789638319,0.008138209547967864,0.0078059057350692365,0.007124780295460635,0.0068835708651995,0.006838984731062801,0.0065039222285886355,0.0063556714233507965,0.006263409441433203,0.006122580966111593,0.00610754094235,0.006069098828904748,0.005782828384969447,0.005650438959550289,0.005499259331048633,0.00525427005119551,0.005219814800556933,0.00516601233740272
500,3,lognorm,null_nonparam,400083,k1,0.05,199,0.0050603642042768016,0.022075320047094837,0.019065600646366754,0.018358167348161314,0.014982929627070707,0.014830302009437135,0.014816235811037748,0.014216010755841946,0.012889879407145588,0.0118206011138684,0.011509018024318585,0.011247853174185196,0.010939747387735399,0.01062937825715593,0.010328590668265969,0.010221947321331082,0.009647415902411138,0.009343995390944992,0.00926070140724522,0.009142914205102493,0.008987338725919947
500,3,lognorm,null_nonparam,400083,k2,0.05,199,0.0793366770768069,0.7419675349660294,0.6815360699329649,0.6271688909574841,0.6055490281142674,0.5690140935784057,0.5187636489365387,0.4876124370033114,0.46709074871811146,0.4542993165130023,0.4460052071053352,0.4267741747496755,0.42592612541370195,0.3875100389062898,0.38151092897435745,0.36103598539716747,0.3524483781983378,0.340782996495997,0.339742582590113,0.32155437639432877,0.3197051125041053
500,3,lognorm,null_nonparam,400083,hsic,0.0,199,0.005608529385779665,0.013079614828433585,0.012821106449158192,0.012674099091363914,0.012172085010304612,0.012096543948166167,0.012019424724291029,0.011781896740702926,0.011467996280285706,0.0111370654197982,0.011061100967349814,0.010641671146665872,0.01055866162380691,0.010041130696435594,0.010021526213441295,0.009782522025016461,0.009516602943414167,0.009383179103027654,0.009293409418753602,0.00920848653963293,0.008993813996216439
500,3,lognorm,null_nonparam,400084,k1,0.05,199,0.01251784463693939,0.01871084138281509,0.017122595608276447,0.014373339309714184,0.013891668079647257,0.013436184010481078,0.012894687526963322,0.012729203809803358,0.01207690544428719,0.01173086052509742,0.011499438123699246,0.0110912325639827,0.010801974189060481,0.010618839110682732,0.01055394829581724,0.010312735552346242,0.010219140560445816,0.010191168224421676,0.010070805093655433,0.010029200637940994,0.009787343003445415
500,3,lognorm,null_nonparam,400084,k2,0.05,199,0.2551046895556378,1.1061265321234883,0.7374928675612289,0.687098736883794,0.6017845160128332,0.5747488564208134,0.5619913643881395,0.5339073158845585,0.4967309226672593,0.4830322211838993,0.46002515934068616,0.45144247747313304,0.4348273291198723,0.4248577043738011,0.40040190368338263,0.36992424739477464,0.3571722140552669,0.34723213888133175,0.3364241546623338,0.32442016486984687,0.3132387620710767
500,3,lognorm,null_nonparam,400084,hsic,0.0,199,0.0033765979713577497,0.00936228289856251,0.009154690143932196,0.008549404356398067,0.008129376180824086,0.00793580293548028,0.007529708876645119,0.00704386788994464,0.006902565394256546,0.006848557676514517,0.006709067008732688,0.006315827318490793,0.006264819267023278,0.006203287406561709,0.006073435929336294,0.006011900744110017,0.005846532984789428,0.0058326906018734154,0.0056218358774178506,0.005543979594050273,0.005521074016295082
500,3,lognorm,null_nonparam,400085,k1,0.05,199,0.014535432358932732,0.01659528168906632,0.013975373973522554,0.013121056109685059,0.012605523032658716,0.011919721982343479,0.011496967222395182,0.010900229237186698,0.0106507505282471,0.010474380632863767,0.0101647606179609,0.009996723087397075,0.009884450452044224,0.009734727882794614,0.009567505390003506,0.009277067267532524,0.009114576335314983,0.008770053034844905,0.00864962941174896,0.00851774475297018,0.008484049849459274
500,3,lognorm,null_nonparam,400085,k2,0.05,199,0.2810642342319269,0.9156243714692556,0.6877445039903289,0.6577118745885557,0.6095411948696219,0.5863112803276912,0.5493574553085496,0.5406816616999383,0.5337727376543242,0.5169126187843534,0.5013005668808268,0.47320339140861956,0.44922374445796104,0.4364162444422777,0.42795365907247956,0.40785976856258227,0.4055906893875264,0.3855085195800726,0.3799659381962354,0.36996065087549396,0.3686009633961596
500,3,lognorm,null_nonparam,400085,hsic,0.0,199,3.4131640226316334e-05,0.01225017776247876,0.009328566964073276,0.008352192314404816,0.007865670913443902,0.0071798151919816935,0.006987875748044696,0.006197393795264779,0.00594049871434144,0.005491894104987762,0.005176592671227513,0.005117697775136761,0.004740561070813922,0.004567330523444451,0.004482285025731058,0.004307636542092428,0.004153535069914256,0.00410478528837213,0.004096443171629644,0.004073848760221526,0.0039762993787989575
500,3,lognorm,null_nonparam,400086,k1,0.05,199,0.0047732284757017185,0.017493793363925314,0.016977119238136718,0.013968373694234537,0.013358985187252426,0.01306264031707205,0.01191933499929243,0.011751948582269578,0.01105680262876374,0.010684425005539011,0.010490406216627335,0.009761072799800985,0.009548666529108352,0.009491953320621027,0.009406139860346552,0.009252802324505427,0.009090126052301417,0.008937202298719527,0.008865553286989125,0.008763577781211507,0.008635201327846675
500,3,lognorm,null_nonparam,400086,k2,0.05,199,0.16900076349344378,0.7693580291323759,0.5721806159859141,0.4917217179920893,0.4812833040422992,0.45641766434661074,0.4463976981236967,0.43692270804958594,0.4225499811398741,0.41195768948844014,0.4069482144507362,0.39793032919648363,0.3805897912738606,0.3678415475157184,0.3535678017289052,0.34244532203215505,0.33788034050201443,0.3204769958081561,0.31514841205431726,0.3064463318013955,0.29039580955694694
500,3,lognorm,null_nonparam,400086,hsic,0.0,199,0.002535820934100976,0.005255362863633413,0.004748498368295522,0.0045272576568767785,0.004298819054408727,0.00420982632651383,0.004057537891863533,0.003969895733243203,0.003954686155645525,0.003894248914568794,0.0038262877397953663,0.0038036167369070004,0.003778198458272124,0.003748407996689492,0.0035855147823495377,0.0033827132185746496,0.0033127522212098464,0.0032400079318546664,0.0031768496392356573,0.003133437991367753,0.0031077545346719507
500,3,lognorm,null_nonparam,400087,k1,0.05,199,0.009441579545095391,0.01774992475115178,0.01623736446311652,0.015962099575254296,0.01543309092261913,0.01482284429117331,0.013007977333739373,0.012722914311436684,0.0122067756398343,0.011649320783267414,0.011490459595105862,0.010805649801117867,0.0106453371575016,0.010392700492734885,0.009816610077727383,0.009718324658531396,0.009673207456784794,0.009414022971321656,0.009392989293759868,0.009143259356924505,0.00904174823703563
500,3,lognorm,null_nonparam,400087,k2,0.05,199,0.284716524399272,0.8706030200816237,0.8245736094423279,0.7787740392573043,0.5760463576736372,0.5547393975747698,0.5039388752762402,0.48196897561236574,0.4749014278963418,0.3933276218504471,0.38177116583848536,0.37723323046905194,0.367858836885053,0.3676058688990863,0.3657897920111111,0.34795711495417203,0.3317643170870817,0.3237832242864306,0.31622023206403294,0.31506123519054974,0.30848076794849727
500,3,lognorm,null_nonparam,400087,hsic,0.0,199,0.005740477668433179,0.01615723523621863,0.014066024803299805,0.013632427999901402,0.013403989404984832,0.013064602923445544,0.01266056282626885,0.012127033032532368,0.012036610739748562,0.01185457588718693,0.011616068190743583,0.01141353916037623,0.011214857283844483,0.011010210263818578,0.010915954713233193,0.010516710567798238,0.010445018980416682,0.010301277657884996,0.010147526285101493,0.009987555834193923,0.009604497642738604
500,3,lognorm,null_nonparam,400088,k1,0.05,199,0.005562061862275369,0.01854221042482851,0.01745756174207963,0.01486821542217931,0.013776847157920158,0.013001268274090538,0.01261734081840099,0.012501436582214143,0.012354457384332163,0.01169058545602275,0.011223305425159591,0.010992911202698852,0.010519802100452558,0.010455582104482386,0.010331120291582452,0.009919632662307998,0.009500106811436426,0.009288605294605179,0.009151264054613306,0.008987846808456879,0.008929324557042206
500,3,lognorm,null_nonparam,400088,k2,0.05,199,0.12204126173545428,0.6523990545673615,0.6463759444409993,0.589533914331621,0.47331896293219167,0.44984967842451234,0.4463571843532778,0.4335466904724581,0.429707691038301,0.4116088788513913,0.409626711299103,0.368181699899431,0.3653179068139032,0.3526307590104937,0.34630859338758263,0.3407260565216457,0.32738549250787585,0.31498541493492616,0.3091718159136192,0.30272249087661957,0.2993614881910097
500,3,lognorm,null_nonparam,400088,hsic,0.0,199,0.00561791893021505,0.016360873528086985,0.015647660010675076,0.014610999761119785,0.014055847656111072,0.013573374394161465,0.013509070665768959,0.013329098915705788,0.012922912214188094,0.012635012102924387,0.012609461609720974,0.01184156565995323,0.011470067688385276,0.011125214762000932,0.010872755343195269,0.010489549503639051,0.010422222992005677,0.009898729394695419,0.009720833151759355,0.009546534008890878,0.009240103158584468
500,3,lognorm,null_nonparam,400089,k1,0.05,199,0.01806051220466498,0.02010714314932155,0.01743778380367489,0.016310601315902007,0.015637722840369184,0.015454500857244646,0.014641128933023717,0.01428628179302871,0.013644013530247023,0.013545627066133825,0.01330862494727264,0.012704117834359319,0.012536928668329228,0.01248330046152657,0.011913359401725665,0.011833946445787724,0.011578389570424674,0.011399153271069551,0.011240819631484378,0.011184932007999748,0.011161313938834239
500,3,lognorm,null_nonparam,400089,k2,0.05,199,0.34523028501741027,0.7796923708822191,0.6584369559071407,0.6383781110722527,0.6182931231677202,0.5495631399593685,0.5363349822246644,0.5224542389423795,0.5121320381862312,0.49458075304526516,0.491601699082411,0.490673704306378,0.47661623279203086,0.4512555578383442,0.4394474141029293,0.4273750650967837,0.4258172345055366,0.41292173609203775,0.40916765526507737,0.40326330882804884,0.36757338256386124
500,3,lognorm,null_nonparam,400089,hsic,0.0,199,0.004913005402206603,0.015133795366888582,0.01434049553837159,0.013946391096613565,0.013859501962069034,0.013536077688636305,0.013238173779308375,0.013064326763525902,0.012914125941119523,0.012698619825253998,0.012591537665032052,0.012376501433747324,0.012200034149927508,0.011997618889828749,0.011462125482419858,0.011410445055140842,0.011040485616671116,0.01073622889086105,0.010509487202121161,0.010306800342298968,0.010086686624609814
500,3,lognorm,null_nonparam,400090,k1,0.05,199,0.004098905377536655,0.017802096442161852,0.01631382279325866,0.013763578525497588,0.013551688534937378,0.012538155828457409,0.012101247377004354,0.011461409129189803,0.01100889480974121,0.010673297178823593,0.010141726036313692,0.010066961155888121,0.009461637701377534,0.009362150689126936,0.009158513554170855,0.0090992611646874,0.009021504149058002,0.00877385578903378,0.008584168428296124,0.008480078697695292,0.008289079621289108
500,3,lognorm,null_nonparam,400090,k2,0.05,199,0.14152002769942595,1.0335887625528883,0.577937394346038,0.510374549439987,0.46552554079114944,0.4334499646106837,0.42302907164221953,0.3952653111358588,0.3782277474753422,0.3756315131332779,0.3616848130074269,0.34790317076885374,0.3380965379255486,0.33310612269391626,0.3322396123523738,0.31977314323043077,0.31754543858800427,0.31492411812931415,0.3068837641490077,0.29197580718910515,0.28452147301364544
500,3,lognorm,null_nonparam,400090,hsic,0.0,199,0.0030097041056147385,0.013918883732495894,0.011761444874201082,0.010719000671865634,0.009568524562648685,0.009502131154049857,0.009033775680239633,0.008450565681962953,0.008154434169779281,0.007917560728157969,0.00786624991491564,0.0077301228297298845,0.007600345282646922,0.007520954749301448,0.007314883554090984,0.007215185495821778,0.007011683612990924,0.006930034366786641,0.006849225164795298,0.006737174478481796,0.006680614149473603
500,3,lognorm,null_nonparam,400091,k1,0.05,199,0.008024280639450598,0.0171291081968874,0.01451562491501035,0.014307641939925841,0.013837422317278913,0.013156974409362032,0.012864707299242606,0.012400582580463282,0.012300896874312572,0.011548638323958582,0.011166486788470875,0.010428904472229772,0.010383326605764909,0.010316233744824932,0.01012480064657173,0.009846217888134001,0.009818459560909876,0.009673965151626107,0.00947686677753512,0.009374481370407528,0.00923682720702701
500,3,lognorm,null_nonparam,400091,k2,0.05,199,0.20079325687464405,0.6483917305172253,0.5910231106561715,0.5523034115935626,0.5461876439052548,0.5347635432193927,0.5287892915037015,0.4815014435535904,0.47213662198330236,0.4588397083360432,0.43407745779412626,0.4160934816693156,0.38588181029206436,0.3816729865382121,0.3559604635819289,0.3477239967597522,0.3427633786195319,0.33919515214382423,0.32729617375738995,0.31888886159349894,0.3137915662312309
500,3,lognorm,null_nonparam,400091,hsic,0.0,199,0.0017393891191828789,0.011754626071130515,0.010084479082005816,0.009019072799718522,0.008726724649868374,0.008640930191470686,0.008210670820037957,0.008100127606538122,0.007766486069602347,0.007495875366940898,0.007216244793764059,0.007185604694013241,0.007130002101372926,0.007043562976548816,0.006843346019624554,0.006721095250454718,0.006518402503477074,0.006348378079015619,0.006070325525028549,0.0059335915914287,0.005750957004888945
500,3,lognorm,null_nonparam,400092,k1,0.05,199,0.0015331610472677504,0.015134881082509377,0.013540933958524848,0.01296420015868438,0.010900394341050723,0.010519087860237475,0.009940351115172885,0.009722321866026506,0.00945933291537171,0.009349812519531042,0.009230307451585928,0.009207724127870964,0.009200047325715555,0.008810768400336011,0.008634590764572736,0.008604489378035374,0.008552579275481809,0.00845818760212702,0.008453257849078688,0.008215085615410511,0.008177411051854766
500,3,lognorm,null_nonparam,400092,k2,0.05,199,0.03873743077531714,0.6734208926184776,0.607657588592522,0.5387687076546054,0.47461562326302026,0.455172509767184,0.4487536455960156,0.426698050185718,0.39970034654224446,0.3986345176640545,0.39110065635373237,0.37985782150403385,0.37130187168424056,0.35978285008137595,0.34286705888092445,0.3386330594985221,0.3350020127855521,0.33408668747648795,0.3307380478411648,0.3277921904215545,0.3237365436973154
500,3,lognorm,null_nonparam,400092,hsic,0.0,199,0.006210536410906015,0.015003639647096483,0.014661863830129516,0.01365913158722612,0.012909290609408618,0.012059623967300623,0.011874387183748756,0.01179728296595266,0.011563702430239105,0.011010496620549095,0.010627892306992733,0.010531174503579384,0.010235692887111989,0.009995376732078754,0.009759134068669795,0.00936172973387387,0.009127357105904744,0.008924038804528455,0.00887881733948307,0.008762083022993647,0.008687657625259533
500,3,lognorm,null_nonparam,400093,k1,0.05,199,0.013589981137728024,0.017974414399248517,0.016898213300919285,0.016185392576767266,0.014597460830079956,0.014420300644971795,0.014045147244976519,0.013633219298712529,0.012621028519076205,0.012335229245712953,0.011842677672978863,0.011602513981727514,0.011469052633006793,0.011330094219220266,0.011184604234588003,0.011093364200366884,0.011047632302559451,0.010970417338453609,0.010825247011451378,0.010595455964273692,0.010377021652130836
500,3,lognorm,null_nonparam,400093,k2,0.05,199,0.41889754358752285,0.8759194537422261,0.5825660674727102,0.5665162440302758,0.554858983152322,0.5355459456565544,0.48433120827805126,0.47883965246714727,0.46377377661011066,0.4582241313308439,0.4369758416923222,0.4204124707398207,0.40038066443693726,0.38640766622751477,0.38228412548168683,0.37418221375964794,0.364983146441021,0.36028277499640204,0.35011731974203175,0.3445923332856813,0.3135593736831866
500,3,lognorm,null_nonparam,400093,hsic,0.0,199,0.004937521138647018,0.01171783684908677,0.01106099290520749,0.0105159841487021,0.009839728040951252,0.009668452781473822,0.009640995953522403,0.009614791118737469,0.009471564050197048,0.009250289566033803,0.00912301041971106,0.009080598411521546,0.00884757661429745,0.00867716720308851,0.008637137047293141,0.00838457840141893,0.008271404167439158,0.008108371008709361,0.00801767159800568,0.00789035594931564,0.007856356292159479
500,3,lognorm,null_nonparam,400094,k1,0.05,199,0.009191336185029542,0.017741669146137173,0.015615099626538509,0.014888699983383158,0.014404439377577183,0.013457273632502265,0.013209987430128578,0.013040145617926213,0.012774539100155247,0.012341666280021202,0.011994980817911616,0.011616080603354173,0.011442194577724774,0.011229595165254014,0.011159922598084404,0.010826835566478676,0.010707543247283291,0.010658096086885949,0.01060962421417766,0.010576204702282932,0.01051440651774982
500,3,lognorm,null_nonparam,400094,k2,0.05,199,0.20746780095012265,0.8196455603967575,0.6921390512298441,0.6720049260857841,0.6446816026741579,0.5522034661770291,0.4978502947676563,0.4826521782957525,0.4766600644794341,0.4575393419012031,0.44926766135821,0.4217592142516092,0.4168015639514806,0.41273479457287904,0.40481812804631256,0.3972730935013545,0.37714137833469946,0.3663681424051672,0.35228465675529735,0.34039092474952437,0.3320035566655409
500,3,lognorm,null_nonparam,400094,hsic,0.0,199,0.0077723037109483,0.020676800999488494,0.018642828315644813,0.018565210172913477,0.01725764487765483,0.017204437297005794,0.016525977468985858,0.016366373169996368,0.016113326272709276,0.01602359476093244,0.015402542062712143,0.015133577160286757,0.014894534622795384,0.014725095704367159,0.014589123412800976,0.014204571791640835,0.013879230784431042,0.013738989216288662,0.013513698226932713,0.0132872799206795,0.013120577936609574
500,3,lognorm,null_nonparam,400095,k1,0.05,199,0.003214542848413715,0.017358622597617057,0.016622686925764296,0.014885957805085559,0.014371517371269849,0.013610942818485627,0.012660057153884519,0.011984414200930216,0.011588526321154924,0.011425554355154022,0.011288061025390705,0.010933653428539247,0.010853200082769743,0.01064237520216782,0.010019874606063572,0.00972108559269469,0.00963204396072781,0.00942097284543808,0.009109860894000121,0.008987223137422617,0.008948261679734615
500,3,lognorm,null_nonparam,400095,k2,0.05,199,0.08306461848298462,1.002316848571697,0.9499934976882664,0.8361112139053918,0.7076550832547189,0.7004120456697263,0.6488716868352988,0.6179241280245114,0.5730747431868174,0.5443319239614941,0.49983981949113737,0.48899290374051874,0.4648077500683265,0.46121950676511875,0.4570295402468655,0.4431947981105645,0.40648502352552546,0.39190313304345914,0.3634155945092249,0.36048600133476716,0.35701437686721016
500,3,lognorm,null_nonparam,400095,hsic,0.0,199,0.003831977502184135,0.0138201574184845,0.013125184324187892,0.012457271712294774,0.011674115849349482,0.011463773893015549,0.011361098828331017,0.011189034617800776,0.011130303436274509,0.011109828134098934,0.010794579516063172,0.010640054672016817,0.010508608462241607,0.010239562874666756,0.010050425534582864,0.00990524030265643,0.009623154478949236,0.009376133832894628,0.009222579067212475,0.009154970236452203,0.00895551726886197
500,3,lognorm,null_nonparam,400096,k1,0.05,199,0.006496110318999104,0.016378518352735183,0.013050669192901765,0.012581283232844354,0.011678902124332646,0.011085810379178107,0.010851832606208256,0.010499510142445434,0.010111659225697789,0.009809822509486699,0.009442450394245183,0.009337380717654109,0.00891087172905658,0.008879730907052186,0.008742424580231778,0.008509663697312542,0.008383687740117884,0.00823312303172452,0.008028171737493706,0.007712001745818209,0.007587797191941803
500,3,lognorm,null_nonparam,400096,k2,0.05,199,0.28088628930745224,0.6201098063209295,0.5375769024155167,0.5021198351629482,0.4087088319899569,0.37797287206354646,0.3499003177812131,0.3447304966971816,0.3423357742638391,0.332695794886504,0.327335457311735,0.32129194825721585,0.3053427432000551,0.297325267879414,0.2730434270352059,0.26908297528623437,0.2657350350647776,0.26182379355794855,0.2609418559061056,0.2547122233988579,0.24871947567828284
500,3,lognorm,null_nonparam,400096,hsic,0.0,199,0.0060594715810207275,0.014384793611130191,0.013747267210804753,0.013574070176768134,0.013329011243336571,0.013286942787269522,0.0127662398149584,0.011540239607882143,0.011313422662719067,0.010839526364878654,0.010594048667329006,0.010232099394307833,0.009572597391777361,0.009439889978980702,0.009386829469560026,0.009335021895759037,0.009301283827065687,0.009191290295387497,0.009170874074740123,0.00913865538555309,0.009127959474602503
500,3,lognorm,null_nonparam,400097,k1,0.05,199,0.010083126325750147,0.02124673454492665,0.019897622804452675,0.01783834691949593,0.01668853031387496,0.015897630347146585,0.013767880355479378,0.013159455786686869,0.01214325782133785,0.011935943344846267,0.01156516439730626,0.011363925483811266,0.011092175086969358,0.010609830666140518,0.010491608751912906,0.01041088971148918,0.01021079245745471,0.010040037433094562,0.0094893772629705,0.009119353273752573,0.008958056140288773
500,3,lognorm,null_nonparam,400097,k2,0.05,199,0.3720053154626573,0.6829026026153144,0.623909542472855,0.530298889586714,0.4998942050662186,0.45477665817915386,0.44068631455237994,0.4137952624627195,0.40362853232411816,0.3649134452955304,0.333911656260093,0.3293036520612606,0.3214309881557986,0.31389064786386395,0.3125878252232272,0.3004029167639566,0.29965155900574564,0.293426540977144,0.2790071923149674,0.27729444088872013,0.2620161488360039
500,3,lognorm,null_nonparam,400097,hsic,0.0,199,0.0018909941117430725,0.009424743065774139,0.00893437289457197,0.007792201927951661,0.006488177837900229,0.006059897995401512,0.005657581126156308,0.005435449408914341,0.005204280542946868,0.004999157060691273,0.004943069035582254,0.004911101038230336,0.004883583142453238,0.004825641237887702,0.004746027520741912,0.004566864565235848,0.0045071376289716435,0.004453689026887544,0.004408291645824288,0.004397065440674359,0.0043804767139356045
500,3,lognorm,null_nonparam,400098,k1,0.05,199,0.009566141769728698,0.017367183467980607,0.016464720805611732,0.015435864137861022,0.015189917085601246,0.014598368660793337,0.0133081260749367,0.01304986345205239,0.01246355472885674,0.011880228520467218,0.011802374305451724,0.011520740198073365,0.011337204744936824,0.01126633240657604,0.010930518555527069,0.010574115833691722,0.010329266273566673,0.010192182373198522,0.009901626756283921,0.009755396146522766,0.009512588431851987
500,3,lognorm,null_nonparam,400098,k2,0.05,199,0.3387822200564063,0.7618899647299661,0.5821186326424838,0.5264192222558205,0.5017843051558561,0.494316829813593,0.47110063218751547,0.4661218970169719,0.4401458867894227,0.4225260183359927,0.4148839352875085,0.4019757173694713,0.3871947373758533,0.35541410336405505,0.35358063318850325,0.347012390506894,0.34264931316962766,0.3109736927584002,0.2955223413601051,0.2837449966334638,0.281515880981334
500,3,lognorm,null_nonparam,400098,hsic,0.0,199,0.004771893643932972,0.01382002196280769,0.013752410616565477,0.013139638880809528,0.012815055225194206,0.0122577980272016,0.011991989207909703,0.011535351277914403,0.011224256164045467,0.010850355804275319,0.010754459489166882,0.010474482243612809,0.010297024754149375,0.010236602583661289,0.009910360328462958,0.009548710297286345,0.009442713014878883,0.009319676596722103,0.00927545013820023,0.00916228461765934,0.008990916023335427
500,3,lognorm,null_nonparam,400099,k1,0.05,199,0.0042819859173579555,0.017384726594335542,0.016340583952363152,0.0150359493822525,0.014534257995705846,0.014421603724325549,0.013766204105044366,0.013637805605267173,0.013484296091136327,0.013285698741554386,0.01280875057145714,0.012691045835555026,0.012534686666344608,0.012350334589804723,0.012234472467209656,0.012083009531841826,0.01202764776988774,0.011896681289539024,0.011446994180079773,0.011383646438605122,0.01131333964416803
500,3,lognorm,null_nonparam,400099,k2,0.05,199,0.05236583388776648,0.7682368547168622,0.7478322087537186,0.6691860748485965,0.6052677294768979,0.579795373430398,0.5705344622056049,0.5290816725850982,0.5133998568415551,0.4994144539811804,0.4986663453353769,0.4892517163091037,0.48527611833008877,0.4826949663848527,0.459184340219897,0.44373244606638634,0.4367602591483076,0.4257690681946999,0.4090302010848557,0.4021301128601805,0.3895998642229992
500,3,lognorm,null_nonparam,400099,hsic,0.0,199,0.006043015530394098,0.01889416540146711,0.01834296594186289,0.01711256587977026,0.01625241891965182,0.015882664033101127,0.015703784769953915,0.01566008789903467,0.015570685151849511,0.015365730683482433,0.014910426888317906,0.014298518960491238,0.013594305696115685,0.01335712974303229,0.01293998221572364,0.012564890660704708,0.012206943722685715,0.01169326464256963,0.011617625052719936,0.01149481641658133,0.011321165866298215
